
build/debug/interrupt.elf:     file format elf32-littlearm

Sections:
Idx Name          Size      VMA       LMA       File off  Algn
  0 .isr_vector   0000010c  08000000  08000000  00001000  2**0
                  CONTENTS, ALLOC, LOAD, READONLY, DATA
  1 .text         0000122c  0800010c  0800010c  0000110c  2**2
                  CONTENTS, ALLOC, LOAD, READONLY, CODE
  2 .rodata       00000024  08001338  08001338  00002338  2**2
                  CONTENTS, ALLOC, LOAD, READONLY, DATA
  3 .init_array   00000004  0800135c  0800135c  0000235c  2**2
                  CONTENTS, ALLOC, LOAD, DATA
  4 .fini_array   00000004  08001360  08001360  00002360  2**2
                  CONTENTS, ALLOC, LOAD, DATA
  5 .data         0000000c  20000000  08001364  00003000  2**2
                  CONTENTS, ALLOC, LOAD, DATA
  6 .bss          000000b0  2000000c  08001370  0000300c  2**2
                  ALLOC
  7 ._user_heap_stack 00000604  200000bc  08001370  000030bc  2**0
                  ALLOC
  8 .ARM.attributes 00000029  00000000  00000000  0000300c  2**0
                  CONTENTS, READONLY
  9 .comment      0000001e  00000000  00000000  00003035  2**0
                  CONTENTS, READONLY
 10 .debug_info   00009db8  00000000  00000000  00003053  2**0
                  CONTENTS, READONLY, DEBUGGING, OCTETS
 11 .debug_abbrev 000017fc  00000000  00000000  0000ce0b  2**0
                  CONTENTS, READONLY, DEBUGGING, OCTETS
 12 .debug_loclists 00005af6  00000000  00000000  0000e607  2**0
                  CONTENTS, READONLY, DEBUGGING, OCTETS
 13 .debug_aranges 00000940  00000000  00000000  00014100  2**3
                  CONTENTS, READONLY, DEBUGGING, OCTETS
 14 .debug_rnglists 00000701  00000000  00000000  00014a40  2**0
                  CONTENTS, READONLY, DEBUGGING, OCTETS
 15 .debug_line   0000881a  00000000  00000000  00015141  2**0
                  CONTENTS, READONLY, DEBUGGING, OCTETS
 16 .debug_str    00002d70  00000000  00000000  0001d95b  2**0
                  CONTENTS, READONLY, DEBUGGING, OCTETS
 17 .debug_frame  00001788  00000000  00000000  000206cc  2**2
                  CONTENTS, READONLY, DEBUGGING, OCTETS
 18 .debug_line_str 00000044  00000000  00000000  00021e54  2**0
                  CONTENTS, READONLY, DEBUGGING, OCTETS

Disassembly of section .text:

0800010c <__do_global_dtors_aux>:
 800010c:	b510      	push	{r4, lr}
 800010e:	4c05      	ldr	r4, [pc, #20]	@ (8000124 <__do_global_dtors_aux+0x18>)
 8000110:	7823      	ldrb	r3, [r4, #0]
 8000112:	b933      	cbnz	r3, 8000122 <__do_global_dtors_aux+0x16>
 8000114:	4b04      	ldr	r3, [pc, #16]	@ (8000128 <__do_global_dtors_aux+0x1c>)
 8000116:	b113      	cbz	r3, 800011e <__do_global_dtors_aux+0x12>
 8000118:	4804      	ldr	r0, [pc, #16]	@ (800012c <__do_global_dtors_aux+0x20>)
 800011a:	f3af 8000 	nop.w
 800011e:	2301      	movs	r3, #1
 8000120:	7023      	strb	r3, [r4, #0]
 8000122:	bd10      	pop	{r4, pc}
 8000124:	2000000c 	.word	0x2000000c
 8000128:	00000000 	.word	0x00000000
 800012c:	08001320 	.word	0x08001320

08000130 <frame_dummy>:
 8000130:	b508      	push	{r3, lr}
 8000132:	4b03      	ldr	r3, [pc, #12]	@ (8000140 <frame_dummy+0x10>)
 8000134:	b11b      	cbz	r3, 800013e <frame_dummy+0xe>
 8000136:	4903      	ldr	r1, [pc, #12]	@ (8000144 <frame_dummy+0x14>)
 8000138:	4803      	ldr	r0, [pc, #12]	@ (8000148 <frame_dummy+0x18>)
 800013a:	f3af 8000 	nop.w
 800013e:	bd08      	pop	{r3, pc}
 8000140:	00000000 	.word	0x00000000
 8000144:	20000010 	.word	0x20000010
 8000148:	08001320 	.word	0x08001320

0800014c <MX_GPIO_Init>:
  * @brief GPIO Initialization Function
  * @param None
  * @retval None
  */
static void MX_GPIO_Init(void)
{
 800014c:	b570      	push	{r4, r5, r6, lr}
 800014e:	b086      	sub	sp, #24
  GPIO_InitTypeDef GPIO_InitStruct = {0};
 8000150:	ad02      	add	r5, sp, #8
 8000152:	2400      	movs	r4, #0
 8000154:	9402      	str	r4, [sp, #8]
 8000156:	9403      	str	r4, [sp, #12]
 8000158:	9404      	str	r4, [sp, #16]
 800015a:	9405      	str	r4, [sp, #20]
/* USER CODE BEGIN MX_GPIO_Init_1 */
/* USER CODE END MX_GPIO_Init_1 */

  /* GPIO Ports Clock Enable */
  __HAL_RCC_GPIOD_CLK_ENABLE();
 800015c:	4b12      	ldr	r3, [pc, #72]	@ (80001a8 <MX_GPIO_Init+0x5c>)
 800015e:	699a      	ldr	r2, [r3, #24]
 8000160:	f042 0220 	orr.w	r2, r2, #32
 8000164:	619a      	str	r2, [r3, #24]
 8000166:	699a      	ldr	r2, [r3, #24]
 8000168:	f002 0220 	and.w	r2, r2, #32
 800016c:	9200      	str	r2, [sp, #0]
 800016e:	9a00      	ldr	r2, [sp, #0]
  __HAL_RCC_GPIOA_CLK_ENABLE();
 8000170:	699a      	ldr	r2, [r3, #24]
 8000172:	f042 0204 	orr.w	r2, r2, #4
 8000176:	619a      	str	r2, [r3, #24]
 8000178:	699b      	ldr	r3, [r3, #24]
 800017a:	f003 0304 	and.w	r3, r3, #4
 800017e:	9301      	str	r3, [sp, #4]
 8000180:	9b01      	ldr	r3, [sp, #4]

  /*Configure GPIO pin Output Level */
  HAL_GPIO_WritePin(GPIOA, led_red_Pin|led_green_Pin, GPIO_PIN_RESET);
 8000182:	4e0a      	ldr	r6, [pc, #40]	@ (80001ac <MX_GPIO_Init+0x60>)
 8000184:	4622      	mov	r2, r4
 8000186:	2148      	movs	r1, #72	@ 0x48
 8000188:	4630      	mov	r0, r6
 800018a:	f000 faab 	bl	80006e4 <HAL_GPIO_WritePin>

  /*Configure GPIO pins : led_red_Pin led_green_Pin */
  GPIO_InitStruct.Pin = led_red_Pin|led_green_Pin;
 800018e:	2348      	movs	r3, #72	@ 0x48
 8000190:	9302      	str	r3, [sp, #8]
  GPIO_InitStruct.Mode = GPIO_MODE_OUTPUT_PP;
 8000192:	2301      	movs	r3, #1
 8000194:	9303      	str	r3, [sp, #12]
  GPIO_InitStruct.Pull = GPIO_NOPULL;
 8000196:	9404      	str	r4, [sp, #16]
  GPIO_InitStruct.Speed = GPIO_SPEED_FREQ_LOW;
 8000198:	2302      	movs	r3, #2
 800019a:	9305      	str	r3, [sp, #20]
  HAL_GPIO_Init(GPIOA, &GPIO_InitStruct);
 800019c:	4629      	mov	r1, r5
 800019e:	4630      	mov	r0, r6
 80001a0:	f000 f996 	bl	80004d0 <HAL_GPIO_Init>

/* USER CODE BEGIN MX_GPIO_Init_2 */
/* USER CODE END MX_GPIO_Init_2 */
}
 80001a4:	b006      	add	sp, #24
 80001a6:	bd70      	pop	{r4, r5, r6, pc}
 80001a8:	40021000 	.word	0x40021000
 80001ac:	40010800 	.word	0x40010800

080001b0 <HAL_TIM_PeriodElapsedCallback>:

/* USER CODE BEGIN 4 */
void HAL_TIM_PeriodElapsedCallback(TIM_HandleTypeDef *htim)
{
 80001b0:	b510      	push	{r4, lr}
 80001b2:	4604      	mov	r4, r0
  if(htim==&htim2)
 80001b4:	4b08      	ldr	r3, [pc, #32]	@ (80001d8 <HAL_TIM_PeriodElapsedCallback+0x28>)
 80001b6:	4298      	cmp	r0, r3
 80001b8:	d003      	beq.n	80001c2 <HAL_TIM_PeriodElapsedCallback+0x12>
    HAL_GPIO_TogglePin(GPIOA, led_red_Pin);
  if(htim==&htim3)
 80001ba:	4b08      	ldr	r3, [pc, #32]	@ (80001dc <HAL_TIM_PeriodElapsedCallback+0x2c>)
 80001bc:	429c      	cmp	r4, r3
 80001be:	d005      	beq.n	80001cc <HAL_TIM_PeriodElapsedCallback+0x1c>
    HAL_GPIO_TogglePin(GPIOA, led_green_Pin);
}
 80001c0:	bd10      	pop	{r4, pc}
    HAL_GPIO_TogglePin(GPIOA, led_red_Pin);
 80001c2:	2108      	movs	r1, #8
 80001c4:	4806      	ldr	r0, [pc, #24]	@ (80001e0 <HAL_TIM_PeriodElapsedCallback+0x30>)
 80001c6:	f000 fa93 	bl	80006f0 <HAL_GPIO_TogglePin>
 80001ca:	e7f6      	b.n	80001ba <HAL_TIM_PeriodElapsedCallback+0xa>
    HAL_GPIO_TogglePin(GPIOA, led_green_Pin);
 80001cc:	2140      	movs	r1, #64	@ 0x40
 80001ce:	4804      	ldr	r0, [pc, #16]	@ (80001e0 <HAL_TIM_PeriodElapsedCallback+0x30>)
 80001d0:	f000 fa8e 	bl	80006f0 <HAL_GPIO_TogglePin>
}
 80001d4:	e7f4      	b.n	80001c0 <HAL_TIM_PeriodElapsedCallback+0x10>
 80001d6:	bf00      	nop
 80001d8:	20000070 	.word	0x20000070
 80001dc:	20000028 	.word	0x20000028
 80001e0:	40010800 	.word	0x40010800

080001e4 <Error_Handler>:
  \details Disables IRQ interrupts by setting the I-bit in the CPSR.
           Can only be executed in Privileged modes.
 */
__STATIC_FORCEINLINE void __disable_irq(void)
{
  __ASM volatile ("cpsid i" : : : "memory");
 80001e4:	b672      	cpsid	i
void Error_Handler(void)
{
  /* USER CODE BEGIN Error_Handler_Debug */
  /* User can add his own implementation to report the HAL error return state */
  __disable_irq();
  while (1)
 80001e6:	e7fe      	b.n	80001e6 <Error_Handler+0x2>

080001e8 <MX_TIM2_Init>:
{
 80001e8:	b500      	push	{lr}
 80001ea:	b087      	sub	sp, #28
  TIM_ClockConfigTypeDef sClockSourceConfig = {0};
 80001ec:	2300      	movs	r3, #0
 80001ee:	9302      	str	r3, [sp, #8]
 80001f0:	9303      	str	r3, [sp, #12]
 80001f2:	9304      	str	r3, [sp, #16]
 80001f4:	9305      	str	r3, [sp, #20]
  TIM_MasterConfigTypeDef sMasterConfig = {0};
 80001f6:	9300      	str	r3, [sp, #0]
 80001f8:	9301      	str	r3, [sp, #4]
  htim2.Instance = TIM2;
 80001fa:	4814      	ldr	r0, [pc, #80]	@ (800024c <MX_TIM2_Init+0x64>)
 80001fc:	f04f 4280 	mov.w	r2, #1073741824	@ 0x40000000
 8000200:	6002      	str	r2, [r0, #0]
  htim2.Init.Prescaler = 7200;
 8000202:	f44f 52e1 	mov.w	r2, #7200	@ 0x1c20
 8000206:	6042      	str	r2, [r0, #4]
  htim2.Init.CounterMode = TIM_COUNTERMODE_UP;
 8000208:	6083      	str	r3, [r0, #8]
  htim2.Init.Period = 30000;
 800020a:	f247 5230 	movw	r2, #30000	@ 0x7530
 800020e:	60c2      	str	r2, [r0, #12]
  htim2.Init.ClockDivision = TIM_CLOCKDIVISION_DIV1;
 8000210:	6103      	str	r3, [r0, #16]
  htim2.Init.AutoReloadPreload = TIM_AUTORELOAD_PRELOAD_DISABLE;
 8000212:	6183      	str	r3, [r0, #24]
  if (HAL_TIM_Base_Init(&htim2) != HAL_OK)
 8000214:	f000 ff24 	bl	8001060 <HAL_TIM_Base_Init>
 8000218:	b990      	cbnz	r0, 8000240 <MX_TIM2_Init+0x58>
  sClockSourceConfig.ClockSource = TIM_CLOCKSOURCE_INTERNAL;
 800021a:	f44f 5380 	mov.w	r3, #4096	@ 0x1000
 800021e:	9302      	str	r3, [sp, #8]
  if (HAL_TIM_ConfigClockSource(&htim2, &sClockSourceConfig) != HAL_OK)
 8000220:	a902      	add	r1, sp, #8
 8000222:	480a      	ldr	r0, [pc, #40]	@ (800024c <MX_TIM2_Init+0x64>)
 8000224:	f000 ff54 	bl	80010d0 <HAL_TIM_ConfigClockSource>
 8000228:	b960      	cbnz	r0, 8000244 <MX_TIM2_Init+0x5c>
  sMasterConfig.MasterOutputTrigger = TIM_TRGO_RESET;
 800022a:	2300      	movs	r3, #0
 800022c:	9300      	str	r3, [sp, #0]
  sMasterConfig.MasterSlaveMode = TIM_MASTERSLAVEMODE_DISABLE;
 800022e:	9301      	str	r3, [sp, #4]
  if (HAL_TIMEx_MasterConfigSynchronization(&htim2, &sMasterConfig) != HAL_OK)
 8000230:	4669      	mov	r1, sp
 8000232:	4806      	ldr	r0, [pc, #24]	@ (800024c <MX_TIM2_Init+0x64>)
 8000234:	f000 ffcc 	bl	80011d0 <HAL_TIMEx_MasterConfigSynchronization>
 8000238:	b930      	cbnz	r0, 8000248 <MX_TIM2_Init+0x60>
}
 800023a:	b007      	add	sp, #28
 800023c:	f85d fb04 	ldr.w	pc, [sp], #4
    Error_Handler();
 8000240:	f7ff ffd0 	bl	80001e4 <Error_Handler>
    Error_Handler();
 8000244:	f7ff ffce 	bl	80001e4 <Error_Handler>
    Error_Handler();
 8000248:	f7ff ffcc 	bl	80001e4 <Error_Handler>
 800024c:	20000070 	.word	0x20000070

08000250 <MX_TIM3_Init>:
{
 8000250:	b500      	push	{lr}
 8000252:	b087      	sub	sp, #28
  TIM_ClockConfigTypeDef sClockSourceConfig = {0};
 8000254:	2300      	movs	r3, #0
 8000256:	9302      	str	r3, [sp, #8]
 8000258:	9303      	str	r3, [sp, #12]
 800025a:	9304      	str	r3, [sp, #16]
 800025c:	9305      	str	r3, [sp, #20]
  TIM_MasterConfigTypeDef sMasterConfig = {0};
 800025e:	9300      	str	r3, [sp, #0]
 8000260:	9301      	str	r3, [sp, #4]
  htim3.Instance = TIM3;
 8000262:	4814      	ldr	r0, [pc, #80]	@ (80002b4 <MX_TIM3_Init+0x64>)
 8000264:	4a14      	ldr	r2, [pc, #80]	@ (80002b8 <MX_TIM3_Init+0x68>)
 8000266:	6002      	str	r2, [r0, #0]
  htim3.Init.Prescaler = 7200;
 8000268:	f44f 52e1 	mov.w	r2, #7200	@ 0x1c20
 800026c:	6042      	str	r2, [r0, #4]
  htim3.Init.CounterMode = TIM_COUNTERMODE_UP;
 800026e:	6083      	str	r3, [r0, #8]
  htim3.Init.Period = 20000;
 8000270:	f644 6220 	movw	r2, #20000	@ 0x4e20
 8000274:	60c2      	str	r2, [r0, #12]
  htim3.Init.ClockDivision = TIM_CLOCKDIVISION_DIV1;
 8000276:	6103      	str	r3, [r0, #16]
  htim3.Init.AutoReloadPreload = TIM_AUTORELOAD_PRELOAD_DISABLE;
 8000278:	6183      	str	r3, [r0, #24]
  if (HAL_TIM_Base_Init(&htim3) != HAL_OK)
 800027a:	f000 fef1 	bl	8001060 <HAL_TIM_Base_Init>
 800027e:	b990      	cbnz	r0, 80002a6 <MX_TIM3_Init+0x56>
  sClockSourceConfig.ClockSource = TIM_CLOCKSOURCE_INTERNAL;
 8000280:	f44f 5380 	mov.w	r3, #4096	@ 0x1000
 8000284:	9302      	str	r3, [sp, #8]
  if (HAL_TIM_ConfigClockSource(&htim3, &sClockSourceConfig) != HAL_OK)
 8000286:	a902      	add	r1, sp, #8
 8000288:	480a      	ldr	r0, [pc, #40]	@ (80002b4 <MX_TIM3_Init+0x64>)
 800028a:	f000 ff21 	bl	80010d0 <HAL_TIM_ConfigClockSource>
 800028e:	b960      	cbnz	r0, 80002aa <MX_TIM3_Init+0x5a>
  sMasterConfig.MasterOutputTrigger = TIM_TRGO_RESET;
 8000290:	2300      	movs	r3, #0
 8000292:	9300      	str	r3, [sp, #0]
  sMasterConfig.MasterSlaveMode = TIM_MASTERSLAVEMODE_DISABLE;
 8000294:	9301      	str	r3, [sp, #4]
  if (HAL_TIMEx_MasterConfigSynchronization(&htim3, &sMasterConfig) != HAL_OK)
 8000296:	4669      	mov	r1, sp
 8000298:	4806      	ldr	r0, [pc, #24]	@ (80002b4 <MX_TIM3_Init+0x64>)
 800029a:	f000 ff99 	bl	80011d0 <HAL_TIMEx_MasterConfigSynchronization>
 800029e:	b930      	cbnz	r0, 80002ae <MX_TIM3_Init+0x5e>
}
 80002a0:	b007      	add	sp, #28
 80002a2:	f85d fb04 	ldr.w	pc, [sp], #4
    Error_Handler();
 80002a6:	f7ff ff9d 	bl	80001e4 <Error_Handler>
    Error_Handler();
 80002aa:	f7ff ff9b 	bl	80001e4 <Error_Handler>
    Error_Handler();
 80002ae:	f7ff ff99 	bl	80001e4 <Error_Handler>
 80002b2:	bf00      	nop
 80002b4:	20000028 	.word	0x20000028
 80002b8:	40000400 	.word	0x40000400

080002bc <SystemClock_Config>:
{
 80002bc:	b510      	push	{r4, lr}
 80002be:	b090      	sub	sp, #64	@ 0x40
  RCC_OscInitTypeDef RCC_OscInitStruct = {0};
 80002c0:	ac06      	add	r4, sp, #24
 80002c2:	2228      	movs	r2, #40	@ 0x28
 80002c4:	2100      	movs	r1, #0
 80002c6:	4620      	mov	r0, r4
 80002c8:	f000 fffd 	bl	80012c6 <memset>
  RCC_ClkInitTypeDef RCC_ClkInitStruct = {0};
 80002cc:	2300      	movs	r3, #0
 80002ce:	9301      	str	r3, [sp, #4]
 80002d0:	9302      	str	r3, [sp, #8]
 80002d2:	9303      	str	r3, [sp, #12]
 80002d4:	9304      	str	r3, [sp, #16]
 80002d6:	9305      	str	r3, [sp, #20]
  RCC_OscInitStruct.OscillatorType = RCC_OSCILLATORTYPE_HSE;
 80002d8:	2201      	movs	r2, #1
 80002da:	9206      	str	r2, [sp, #24]
  RCC_OscInitStruct.HSEState = RCC_HSE_ON;
 80002dc:	f44f 3380 	mov.w	r3, #65536	@ 0x10000
 80002e0:	9307      	str	r3, [sp, #28]
  RCC_OscInitStruct.HSIState = RCC_HSI_ON;
 80002e2:	920a      	str	r2, [sp, #40]	@ 0x28
  RCC_OscInitStruct.PLL.PLLState = RCC_PLL_ON;
 80002e4:	2202      	movs	r2, #2
 80002e6:	920d      	str	r2, [sp, #52]	@ 0x34
  RCC_OscInitStruct.PLL.PLLSource = RCC_PLLSOURCE_HSE;
 80002e8:	930e      	str	r3, [sp, #56]	@ 0x38
  RCC_OscInitStruct.PLL.PLLMUL = RCC_PLL_MUL9;
 80002ea:	f44f 13e0 	mov.w	r3, #1835008	@ 0x1c0000
 80002ee:	930f      	str	r3, [sp, #60]	@ 0x3c
  if (HAL_RCC_OscConfig(&RCC_OscInitStruct) != HAL_OK)
 80002f0:	4620      	mov	r0, r4
 80002f2:	f000 fa77 	bl	80007e4 <HAL_RCC_OscConfig>
 80002f6:	b978      	cbnz	r0, 8000318 <SystemClock_Config+0x5c>
  RCC_ClkInitStruct.ClockType = RCC_CLOCKTYPE_HCLK|RCC_CLOCKTYPE_SYSCLK
 80002f8:	230f      	movs	r3, #15
 80002fa:	9301      	str	r3, [sp, #4]
  RCC_ClkInitStruct.SYSCLKSource = RCC_SYSCLKSOURCE_PLLCLK;
 80002fc:	2102      	movs	r1, #2
 80002fe:	9102      	str	r1, [sp, #8]
  RCC_ClkInitStruct.AHBCLKDivider = RCC_SYSCLK_DIV1;
 8000300:	2300      	movs	r3, #0
 8000302:	9303      	str	r3, [sp, #12]
  RCC_ClkInitStruct.APB1CLKDivider = RCC_HCLK_DIV2;
 8000304:	f44f 6280 	mov.w	r2, #1024	@ 0x400
 8000308:	9204      	str	r2, [sp, #16]
  RCC_ClkInitStruct.APB2CLKDivider = RCC_HCLK_DIV1;
 800030a:	9305      	str	r3, [sp, #20]
  if (HAL_RCC_ClockConfig(&RCC_ClkInitStruct, FLASH_LATENCY_2) != HAL_OK)
 800030c:	a801      	add	r0, sp, #4
 800030e:	f000 fc9b 	bl	8000c48 <HAL_RCC_ClockConfig>
 8000312:	b918      	cbnz	r0, 800031c <SystemClock_Config+0x60>
}
 8000314:	b010      	add	sp, #64	@ 0x40
 8000316:	bd10      	pop	{r4, pc}
    Error_Handler();
 8000318:	f7ff ff64 	bl	80001e4 <Error_Handler>
    Error_Handler();
 800031c:	f7ff ff62 	bl	80001e4 <Error_Handler>

08000320 <main>:
{
 8000320:	b508      	push	{r3, lr}
  HAL_Init();
 8000322:	f000 f839 	bl	8000398 <HAL_Init>
  SystemClock_Config();
 8000326:	f7ff ffc9 	bl	80002bc <SystemClock_Config>
  MX_GPIO_Init();
 800032a:	f7ff ff0f 	bl	800014c <MX_GPIO_Init>
  MX_TIM2_Init();
 800032e:	f7ff ff5b 	bl	80001e8 <MX_TIM2_Init>
  MX_TIM3_Init();
 8000332:	f7ff ff8d 	bl	8000250 <MX_TIM3_Init>
  HAL_TIM_Base_Start_IT(&htim2);
 8000336:	4803      	ldr	r0, [pc, #12]	@ (8000344 <main+0x24>)
 8000338:	f000 fd6a 	bl	8000e10 <HAL_TIM_Base_Start_IT>
  HAL_TIM_Base_Start_IT(&htim3);
 800033c:	4802      	ldr	r0, [pc, #8]	@ (8000348 <main+0x28>)
 800033e:	f000 fd67 	bl	8000e10 <HAL_TIM_Base_Start_IT>
  while (1)
 8000342:	e7fe      	b.n	8000342 <main+0x22>
 8000344:	20000070 	.word	0x20000070
 8000348:	20000028 	.word	0x20000028

0800034c <HAL_InitTick>:
  *       implementation  in user file.
  * @param TickPriority Tick interrupt priority.
  * @retval HAL status
  */
__weak HAL_StatusTypeDef HAL_InitTick(uint32_t TickPriority)
{
 800034c:	b510      	push	{r4, lr}
 800034e:	4604      	mov	r4, r0
  /* Configure the SysTick to have interrupt in 1ms time basis*/
  if (HAL_SYSTICK_Config(SystemCoreClock / (1000U / uwTickFreq)) > 0U)
 8000350:	4b0e      	ldr	r3, [pc, #56]	@ (800038c <HAL_InitTick+0x40>)
 8000352:	781a      	ldrb	r2, [r3, #0]
 8000354:	f44f 737a 	mov.w	r3, #1000	@ 0x3e8
 8000358:	fbb3 f3f2 	udiv	r3, r3, r2
 800035c:	4a0c      	ldr	r2, [pc, #48]	@ (8000390 <HAL_InitTick+0x44>)
 800035e:	6810      	ldr	r0, [r2, #0]
 8000360:	fbb0 f0f3 	udiv	r0, r0, r3
 8000364:	f000 f8a0 	bl	80004a8 <HAL_SYSTICK_Config>
 8000368:	b968      	cbnz	r0, 8000386 <HAL_InitTick+0x3a>
  {
    return HAL_ERROR;
  }

  /* Configure the SysTick IRQ priority */
  if (TickPriority < (1UL << __NVIC_PRIO_BITS))
 800036a:	2c0f      	cmp	r4, #15
 800036c:	d901      	bls.n	8000372 <HAL_InitTick+0x26>
    HAL_NVIC_SetPriority(SysTick_IRQn, TickPriority, 0U);
    uwTickPrio = TickPriority;
  }
  else
  {
    return HAL_ERROR;
 800036e:	2001      	movs	r0, #1
 8000370:	e00a      	b.n	8000388 <HAL_InitTick+0x3c>
    HAL_NVIC_SetPriority(SysTick_IRQn, TickPriority, 0U);
 8000372:	2200      	movs	r2, #0
 8000374:	4621      	mov	r1, r4
 8000376:	f04f 30ff 	mov.w	r0, #4294967295	@ 0xffffffff
 800037a:	f000 f877 	bl	800046c <HAL_NVIC_SetPriority>
    uwTickPrio = TickPriority;
 800037e:	4b05      	ldr	r3, [pc, #20]	@ (8000394 <HAL_InitTick+0x48>)
 8000380:	601c      	str	r4, [r3, #0]
  }

  /* Return function status */
  return HAL_OK;
 8000382:	2000      	movs	r0, #0
 8000384:	e000      	b.n	8000388 <HAL_InitTick+0x3c>
    return HAL_ERROR;
 8000386:	2001      	movs	r0, #1
}
 8000388:	bd10      	pop	{r4, pc}
 800038a:	bf00      	nop
 800038c:	20000000 	.word	0x20000000
 8000390:	20000008 	.word	0x20000008
 8000394:	20000004 	.word	0x20000004

08000398 <HAL_Init>:
{
 8000398:	b508      	push	{r3, lr}
  __HAL_FLASH_PREFETCH_BUFFER_ENABLE();
 800039a:	4a07      	ldr	r2, [pc, #28]	@ (80003b8 <HAL_Init+0x20>)
 800039c:	6813      	ldr	r3, [r2, #0]
 800039e:	f043 0310 	orr.w	r3, r3, #16
 80003a2:	6013      	str	r3, [r2, #0]
  HAL_NVIC_SetPriorityGrouping(NVIC_PRIORITYGROUP_4);
 80003a4:	2003      	movs	r0, #3
 80003a6:	f000 f84f 	bl	8000448 <HAL_NVIC_SetPriorityGrouping>
  HAL_InitTick(TICK_INT_PRIORITY);
 80003aa:	200f      	movs	r0, #15
 80003ac:	f7ff ffce 	bl	800034c <HAL_InitTick>
  HAL_MspInit();
 80003b0:	f000 f9a8 	bl	8000704 <HAL_MspInit>
}
 80003b4:	2000      	movs	r0, #0
 80003b6:	bd08      	pop	{r3, pc}
 80003b8:	40022000 	.word	0x40022000

080003bc <HAL_IncTick>:
  *      implementations in user file.
  * @retval None
  */
__weak void HAL_IncTick(void)
{
  uwTick += uwTickFreq;
 80003bc:	4a03      	ldr	r2, [pc, #12]	@ (80003cc <HAL_IncTick+0x10>)
 80003be:	6811      	ldr	r1, [r2, #0]
 80003c0:	4b03      	ldr	r3, [pc, #12]	@ (80003d0 <HAL_IncTick+0x14>)
 80003c2:	781b      	ldrb	r3, [r3, #0]
 80003c4:	440b      	add	r3, r1
 80003c6:	6013      	str	r3, [r2, #0]
}
 80003c8:	4770      	bx	lr
 80003ca:	bf00      	nop
 80003cc:	200000b8 	.word	0x200000b8
 80003d0:	20000000 	.word	0x20000000

080003d4 <HAL_GetTick>:
  *       implementations in user file.
  * @retval tick value
  */
__weak uint32_t HAL_GetTick(void)
{
  return uwTick;
 80003d4:	4b01      	ldr	r3, [pc, #4]	@ (80003dc <HAL_GetTick+0x8>)
 80003d6:	6818      	ldr	r0, [r3, #0]
}
 80003d8:	4770      	bx	lr
 80003da:	bf00      	nop
 80003dc:	200000b8 	.word	0x200000b8

080003e0 <__NVIC_SetPriority>:
  \param [in]  priority  Priority to set.
  \note    The priority cannot be set for every processor exception.
 */
__STATIC_INLINE void __NVIC_SetPriority(IRQn_Type IRQn, uint32_t priority)
{
  if ((int32_t)(IRQn) >= 0)
 80003e0:	2800      	cmp	r0, #0
 80003e2:	db08      	blt.n	80003f6 <__NVIC_SetPriority+0x16>
  {
    NVIC->IP[((uint32_t)IRQn)]               = (uint8_t)((priority << (8U - __NVIC_PRIO_BITS)) & (uint32_t)0xFFUL);
 80003e4:	0109      	lsls	r1, r1, #4
 80003e6:	b2c9      	uxtb	r1, r1
 80003e8:	f100 4060 	add.w	r0, r0, #3758096384	@ 0xe0000000
 80003ec:	f500 4061 	add.w	r0, r0, #57600	@ 0xe100
 80003f0:	f880 1300 	strb.w	r1, [r0, #768]	@ 0x300
 80003f4:	4770      	bx	lr
  }
  else
  {
    SCB->SHP[(((uint32_t)IRQn) & 0xFUL)-4UL] = (uint8_t)((priority << (8U - __NVIC_PRIO_BITS)) & (uint32_t)0xFFUL);
 80003f6:	f000 000f 	and.w	r0, r0, #15
 80003fa:	0109      	lsls	r1, r1, #4
 80003fc:	b2c9      	uxtb	r1, r1
 80003fe:	4b01      	ldr	r3, [pc, #4]	@ (8000404 <__NVIC_SetPriority+0x24>)
 8000400:	5419      	strb	r1, [r3, r0]
  }
}
 8000402:	4770      	bx	lr
 8000404:	e000ed14 	.word	0xe000ed14

08000408 <NVIC_EncodePriority>:
  \param [in]   PreemptPriority  Preemptive priority value (starting from 0).
  \param [in]       SubPriority  Subpriority value (starting from 0).
  \return                        Encoded priority. Value can be used in the function \ref NVIC_SetPriority().
 */
__STATIC_INLINE uint32_t NVIC_EncodePriority (uint32_t PriorityGroup, uint32_t PreemptPriority, uint32_t SubPriority)
{
 8000408:	b500      	push	{lr}
  uint32_t PriorityGroupTmp = (PriorityGroup & (uint32_t)0x07UL);   /* only values 0..7 are used          */
 800040a:	f000 0007 	and.w	r0, r0, #7
  uint32_t PreemptPriorityBits;
  uint32_t SubPriorityBits;

  PreemptPriorityBits = ((7UL - PriorityGroupTmp) > (uint32_t)(__NVIC_PRIO_BITS)) ? (uint32_t)(__NVIC_PRIO_BITS) : (uint32_t)(7UL - PriorityGroupTmp);
 800040e:	f1c0 0c07 	rsb	ip, r0, #7
 8000412:	f1bc 0f04 	cmp.w	ip, #4
 8000416:	bf28      	it	cs
 8000418:	f04f 0c04 	movcs.w	ip, #4
  SubPriorityBits     = ((PriorityGroupTmp + (uint32_t)(__NVIC_PRIO_BITS)) < (uint32_t)7UL) ? (uint32_t)0UL : (uint32_t)((PriorityGroupTmp - 7UL) + (uint32_t)(__NVIC_PRIO_BITS));
 800041c:	1d03      	adds	r3, r0, #4
 800041e:	2b06      	cmp	r3, #6
 8000420:	d90f      	bls.n	8000442 <NVIC_EncodePriority+0x3a>
 8000422:	1ec3      	subs	r3, r0, #3

  return (
           ((PreemptPriority & (uint32_t)((1UL << (PreemptPriorityBits)) - 1UL)) << SubPriorityBits) |
 8000424:	f04f 3eff 	mov.w	lr, #4294967295	@ 0xffffffff
 8000428:	fa0e f00c 	lsl.w	r0, lr, ip
 800042c:	ea21 0100 	bic.w	r1, r1, r0
 8000430:	4099      	lsls	r1, r3
           ((SubPriority     & (uint32_t)((1UL << (SubPriorityBits    )) - 1UL)))
 8000432:	fa0e fe03 	lsl.w	lr, lr, r3
 8000436:	ea22 020e 	bic.w	r2, r2, lr
         );
}
 800043a:	ea41 0002 	orr.w	r0, r1, r2
 800043e:	f85d fb04 	ldr.w	pc, [sp], #4
  SubPriorityBits     = ((PriorityGroupTmp + (uint32_t)(__NVIC_PRIO_BITS)) < (uint32_t)7UL) ? (uint32_t)0UL : (uint32_t)((PriorityGroupTmp - 7UL) + (uint32_t)(__NVIC_PRIO_BITS));
 8000442:	2300      	movs	r3, #0
 8000444:	e7ee      	b.n	8000424 <NVIC_EncodePriority+0x1c>
	...

08000448 <HAL_NVIC_SetPriorityGrouping>:
  reg_value  =  SCB->AIRCR;                                                   /* read old register configuration    */
 8000448:	4a07      	ldr	r2, [pc, #28]	@ (8000468 <HAL_NVIC_SetPriorityGrouping+0x20>)
 800044a:	68d3      	ldr	r3, [r2, #12]
  reg_value &= ~((uint32_t)(SCB_AIRCR_VECTKEY_Msk | SCB_AIRCR_PRIGROUP_Msk)); /* clear bits to change               */
 800044c:	f423 63e0 	bic.w	r3, r3, #1792	@ 0x700
 8000450:	041b      	lsls	r3, r3, #16
 8000452:	0c1b      	lsrs	r3, r3, #16
                (PriorityGroupTmp << SCB_AIRCR_PRIGROUP_Pos) );               /* Insert write key and priority group */
 8000454:	0200      	lsls	r0, r0, #8
 8000456:	f400 60e0 	and.w	r0, r0, #1792	@ 0x700
                ((uint32_t)0x5FAUL << SCB_AIRCR_VECTKEY_Pos) |
 800045a:	4303      	orrs	r3, r0
  reg_value  =  (reg_value                                   |
 800045c:	f043 63bf 	orr.w	r3, r3, #100139008	@ 0x5f80000
 8000460:	f443 3300 	orr.w	r3, r3, #131072	@ 0x20000
  SCB->AIRCR =  reg_value;
 8000464:	60d3      	str	r3, [r2, #12]
  /* Check the parameters */
  assert_param(IS_NVIC_PRIORITY_GROUP(PriorityGroup));
  
  /* Set the PRIGROUP[10:8] bits according to the PriorityGroup parameter value */
  NVIC_SetPriorityGrouping(PriorityGroup);
}
 8000466:	4770      	bx	lr
 8000468:	e000ed00 	.word	0xe000ed00

0800046c <HAL_NVIC_SetPriority>:
  *         This parameter can be a value between 0 and 15
  *         A lower priority value indicates a higher priority.          
  * @retval None
  */
void HAL_NVIC_SetPriority(IRQn_Type IRQn, uint32_t PreemptPriority, uint32_t SubPriority)
{ 
 800046c:	b510      	push	{r4, lr}
 800046e:	4604      	mov	r4, r0
  return ((uint32_t)((SCB->AIRCR & SCB_AIRCR_PRIGROUP_Msk) >> SCB_AIRCR_PRIGROUP_Pos));
 8000470:	4b05      	ldr	r3, [pc, #20]	@ (8000488 <HAL_NVIC_SetPriority+0x1c>)
 8000472:	68d8      	ldr	r0, [r3, #12]
  assert_param(IS_NVIC_SUB_PRIORITY(SubPriority));
  assert_param(IS_NVIC_PREEMPTION_PRIORITY(PreemptPriority));
  
  prioritygroup = NVIC_GetPriorityGrouping();
  
  NVIC_SetPriority(IRQn, NVIC_EncodePriority(prioritygroup, PreemptPriority, SubPriority));
 8000474:	f3c0 2002 	ubfx	r0, r0, #8, #3
 8000478:	f7ff ffc6 	bl	8000408 <NVIC_EncodePriority>
 800047c:	4601      	mov	r1, r0
 800047e:	4620      	mov	r0, r4
 8000480:	f7ff ffae 	bl	80003e0 <__NVIC_SetPriority>
}
 8000484:	bd10      	pop	{r4, pc}
 8000486:	bf00      	nop
 8000488:	e000ed00 	.word	0xe000ed00

0800048c <HAL_NVIC_EnableIRQ>:
  if ((int32_t)(IRQn) >= 0)
 800048c:	2800      	cmp	r0, #0
 800048e:	db07      	blt.n	80004a0 <HAL_NVIC_EnableIRQ+0x14>
    NVIC->ISER[(((uint32_t)IRQn) >> 5UL)] = (uint32_t)(1UL << (((uint32_t)IRQn) & 0x1FUL));
 8000490:	f000 021f 	and.w	r2, r0, #31
 8000494:	0940      	lsrs	r0, r0, #5
 8000496:	2301      	movs	r3, #1
 8000498:	4093      	lsls	r3, r2
 800049a:	4a02      	ldr	r2, [pc, #8]	@ (80004a4 <HAL_NVIC_EnableIRQ+0x18>)
 800049c:	f842 3020 	str.w	r3, [r2, r0, lsl #2]
  /* Check the parameters */
  assert_param(IS_NVIC_DEVICE_IRQ(IRQn));

  /* Enable interrupt */
  NVIC_EnableIRQ(IRQn);
}
 80004a0:	4770      	bx	lr
 80004a2:	bf00      	nop
 80004a4:	e000e100 	.word	0xe000e100

080004a8 <HAL_SYSTICK_Config>:
           function <b>SysTick_Config</b> is not included. In this case, the file <b><i>device</i>.h</b>
           must contain a vendor-specific implementation of this function.
 */
__STATIC_INLINE uint32_t SysTick_Config(uint32_t ticks)
{
  if ((ticks - 1UL) > SysTick_LOAD_RELOAD_Msk)
 80004a8:	3801      	subs	r0, #1
 80004aa:	f1b0 7f80 	cmp.w	r0, #16777216	@ 0x1000000
 80004ae:	d20b      	bcs.n	80004c8 <HAL_SYSTICK_Config+0x20>
  {
    return (1UL);                                                   /* Reload value impossible */
  }

  SysTick->LOAD  = (uint32_t)(ticks - 1UL);                         /* set reload register */
 80004b0:	f04f 23e0 	mov.w	r3, #3758153728	@ 0xe000e000
 80004b4:	6158      	str	r0, [r3, #20]
    SCB->SHP[(((uint32_t)IRQn) & 0xFUL)-4UL] = (uint8_t)((priority << (8U - __NVIC_PRIO_BITS)) & (uint32_t)0xFFUL);
 80004b6:	4a05      	ldr	r2, [pc, #20]	@ (80004cc <HAL_SYSTICK_Config+0x24>)
 80004b8:	21f0      	movs	r1, #240	@ 0xf0
 80004ba:	f882 1023 	strb.w	r1, [r2, #35]	@ 0x23
  NVIC_SetPriority (SysTick_IRQn, (1UL << __NVIC_PRIO_BITS) - 1UL); /* set Priority for Systick Interrupt */
  SysTick->VAL   = 0UL;                                             /* Load the SysTick Counter Value */
 80004be:	2000      	movs	r0, #0
 80004c0:	6198      	str	r0, [r3, #24]
  SysTick->CTRL  = SysTick_CTRL_CLKSOURCE_Msk |
 80004c2:	2207      	movs	r2, #7
 80004c4:	611a      	str	r2, [r3, #16]
                   SysTick_CTRL_TICKINT_Msk   |
                   SysTick_CTRL_ENABLE_Msk;                         /* Enable SysTick IRQ and SysTick Timer */
  return (0UL);                                                     /* Function successful */
 80004c6:	4770      	bx	lr
    return (1UL);                                                   /* Reload value impossible */
 80004c8:	2001      	movs	r0, #1
  *                  - 1  Function failed.
  */
uint32_t HAL_SYSTICK_Config(uint32_t TicksNumb)
{
   return SysTick_Config(TicksNumb);
}
 80004ca:	4770      	bx	lr
 80004cc:	e000ed00 	.word	0xe000ed00

080004d0 <HAL_GPIO_Init>:
  * @param  GPIO_Init: pointer to a GPIO_InitTypeDef structure that contains
  *         the configuration information for the specified GPIO peripheral.
  * @retval None
  */
void HAL_GPIO_Init(GPIO_TypeDef  *GPIOx, GPIO_InitTypeDef *GPIO_Init)
{
 80004d0:	b570      	push	{r4, r5, r6, lr}
 80004d2:	b082      	sub	sp, #8
  uint32_t position = 0x00u;
  uint32_t ioposition;
  uint32_t iocurrent;
  uint32_t temp;
  uint32_t config = 0x00u;
 80004d4:	2400      	movs	r4, #0
  uint32_t position = 0x00u;
 80004d6:	46a4      	mov	ip, r4
  assert_param(IS_GPIO_ALL_INSTANCE(GPIOx));
  assert_param(IS_GPIO_PIN(GPIO_Init->Pin));
  assert_param(IS_GPIO_MODE(GPIO_Init->Mode));

  /* Configure the port pins */
  while (((GPIO_Init->Pin) >> position) != 0x00u)
 80004d8:	e09e      	b.n	8000618 <HAL_GPIO_Init+0x148>
    {
      /* Check the Alternate function parameters */
      assert_param(IS_GPIO_AF_INSTANCE(GPIOx));

      /* Based on the required mode, filling config variable with MODEy[1:0] and CNFy[3:2] corresponding bits */
      switch (GPIO_Init->Mode)
 80004da:	4d7c      	ldr	r5, [pc, #496]	@ (80006cc <HAL_GPIO_Init+0x1fc>)
 80004dc:	42ab      	cmp	r3, r5
 80004de:	d014      	beq.n	800050a <HAL_GPIO_Init+0x3a>
 80004e0:	d80c      	bhi.n	80004fc <HAL_GPIO_Init+0x2c>
 80004e2:	f5a5 1580 	sub.w	r5, r5, #1048576	@ 0x100000
 80004e6:	42ab      	cmp	r3, r5
 80004e8:	d00f      	beq.n	800050a <HAL_GPIO_Init+0x3a>
 80004ea:	f505 2570 	add.w	r5, r5, #983040	@ 0xf0000
 80004ee:	42ab      	cmp	r3, r5
 80004f0:	d00b      	beq.n	800050a <HAL_GPIO_Init+0x3a>
 80004f2:	f5a5 1580 	sub.w	r5, r5, #1048576	@ 0x100000
 80004f6:	42ab      	cmp	r3, r5
 80004f8:	d11f      	bne.n	800053a <HAL_GPIO_Init+0x6a>
 80004fa:	e006      	b.n	800050a <HAL_GPIO_Init+0x3a>
 80004fc:	4d74      	ldr	r5, [pc, #464]	@ (80006d0 <HAL_GPIO_Init+0x200>)
 80004fe:	42ab      	cmp	r3, r5
 8000500:	d003      	beq.n	800050a <HAL_GPIO_Init+0x3a>
 8000502:	f505 3580 	add.w	r5, r5, #65536	@ 0x10000
 8000506:	42ab      	cmp	r3, r5
 8000508:	d117      	bne.n	800053a <HAL_GPIO_Init+0x6a>
        case GPIO_MODE_EVT_RISING:
        case GPIO_MODE_EVT_FALLING:
        case GPIO_MODE_EVT_RISING_FALLING:
          /* Check the GPIO pull parameter */
          assert_param(IS_GPIO_PULL(GPIO_Init->Pull));
          if (GPIO_Init->Pull == GPIO_NOPULL)
 800050a:	688b      	ldr	r3, [r1, #8]
 800050c:	b1a3      	cbz	r3, 8000538 <HAL_GPIO_Init+0x68>
          {
            config = GPIO_CR_MODE_INPUT + GPIO_CR_CNF_INPUT_FLOATING;
          }
          else if (GPIO_Init->Pull == GPIO_PULLUP)
 800050e:	2b01      	cmp	r3, #1
 8000510:	d00d      	beq.n	800052e <HAL_GPIO_Init+0x5e>
          else /* GPIO_PULLDOWN */
          {
            config = GPIO_CR_MODE_INPUT + GPIO_CR_CNF_INPUT_PU_PD;

            /* Reset the corresponding ODR bit */
            GPIOx->BRR = ioposition;
 8000512:	6142      	str	r2, [r0, #20]
            config = GPIO_CR_MODE_INPUT + GPIO_CR_CNF_INPUT_PU_PD;
 8000514:	2408      	movs	r4, #8
 8000516:	e010      	b.n	800053a <HAL_GPIO_Init+0x6a>
          config = GPIO_Init->Speed + GPIO_CR_CNF_GP_OUTPUT_PP;
 8000518:	68cc      	ldr	r4, [r1, #12]
          break;
 800051a:	e00e      	b.n	800053a <HAL_GPIO_Init+0x6a>
          config = GPIO_Init->Speed + GPIO_CR_CNF_GP_OUTPUT_OD;
 800051c:	68cc      	ldr	r4, [r1, #12]
 800051e:	3404      	adds	r4, #4
          break;
 8000520:	e00b      	b.n	800053a <HAL_GPIO_Init+0x6a>
          config = GPIO_Init->Speed + GPIO_CR_CNF_AF_OUTPUT_PP;
 8000522:	68cc      	ldr	r4, [r1, #12]
 8000524:	3408      	adds	r4, #8
          break;
 8000526:	e008      	b.n	800053a <HAL_GPIO_Init+0x6a>
          config = GPIO_Init->Speed + GPIO_CR_CNF_AF_OUTPUT_OD;
 8000528:	68cc      	ldr	r4, [r1, #12]
 800052a:	340c      	adds	r4, #12
          break;
 800052c:	e005      	b.n	800053a <HAL_GPIO_Init+0x6a>
            GPIOx->BSRR = ioposition;
 800052e:	6102      	str	r2, [r0, #16]
            config = GPIO_CR_MODE_INPUT + GPIO_CR_CNF_INPUT_PU_PD;
 8000530:	2408      	movs	r4, #8
 8000532:	e002      	b.n	800053a <HAL_GPIO_Init+0x6a>
          }
          break;

        /* If we are configuring the pin in INPUT analog mode */
        case GPIO_MODE_ANALOG:
          config = GPIO_CR_MODE_INPUT + GPIO_CR_CNF_ANALOG;
 8000534:	2400      	movs	r4, #0
 8000536:	e000      	b.n	800053a <HAL_GPIO_Init+0x6a>
            config = GPIO_CR_MODE_INPUT + GPIO_CR_CNF_INPUT_FLOATING;
 8000538:	2404      	movs	r4, #4
          break;
      }

      /* Check if the current bit belongs to first half or last half of the pin count number
       in order to address CRH or CRL register*/
      configregister = (iocurrent < GPIO_PIN_8) ? &GPIOx->CRL     : &GPIOx->CRH;
 800053a:	f1be 0fff 	cmp.w	lr, #255	@ 0xff
 800053e:	d837      	bhi.n	80005b0 <HAL_GPIO_Init+0xe0>
 8000540:	4606      	mov	r6, r0
      registeroffset = (iocurrent < GPIO_PIN_8) ? (position << 2u) : ((position - 8u) << 2u);
 8000542:	ea4f 028c 	mov.w	r2, ip, lsl #2

      /* Apply the new configuration of the pin to the register */
      MODIFY_REG((*configregister), ((GPIO_CRL_MODE0 | GPIO_CRL_CNF0) << registeroffset), (config << registeroffset));
 8000546:	6833      	ldr	r3, [r6, #0]
 8000548:	250f      	movs	r5, #15
 800054a:	4095      	lsls	r5, r2
 800054c:	ea23 0305 	bic.w	r3, r3, r5
 8000550:	fa04 f202 	lsl.w	r2, r4, r2
 8000554:	4313      	orrs	r3, r2
 8000556:	6033      	str	r3, [r6, #0]

      /*--------------------- EXTI Mode Configuration ------------------------*/
      /* Configure the External Interrupt or event for the current IO */
      if ((GPIO_Init->Mode & EXTI_MODE) == EXTI_MODE)
 8000558:	684b      	ldr	r3, [r1, #4]
 800055a:	f013 5f80 	tst.w	r3, #268435456	@ 0x10000000
 800055e:	d059      	beq.n	8000614 <HAL_GPIO_Init+0x144>
      {
        /* Enable AFIO Clock */
        __HAL_RCC_AFIO_CLK_ENABLE();
 8000560:	4b5c      	ldr	r3, [pc, #368]	@ (80006d4 <HAL_GPIO_Init+0x204>)
 8000562:	699a      	ldr	r2, [r3, #24]
 8000564:	f042 0201 	orr.w	r2, r2, #1
 8000568:	619a      	str	r2, [r3, #24]
 800056a:	699b      	ldr	r3, [r3, #24]
 800056c:	f003 0301 	and.w	r3, r3, #1
 8000570:	9301      	str	r3, [sp, #4]
 8000572:	9b01      	ldr	r3, [sp, #4]
        temp = AFIO->EXTICR[position >> 2u];
 8000574:	ea4f 029c 	mov.w	r2, ip, lsr #2
 8000578:	1c95      	adds	r5, r2, #2
 800057a:	4b57      	ldr	r3, [pc, #348]	@ (80006d8 <HAL_GPIO_Init+0x208>)
 800057c:	f853 6025 	ldr.w	r6, [r3, r5, lsl #2]
        CLEAR_BIT(temp, (0x0Fu) << (4u * (position & 0x03u)));
 8000580:	f00c 0503 	and.w	r5, ip, #3
 8000584:	00ad      	lsls	r5, r5, #2
 8000586:	230f      	movs	r3, #15
 8000588:	40ab      	lsls	r3, r5
 800058a:	ea26 0603 	bic.w	r6, r6, r3
        SET_BIT(temp, (GPIO_GET_INDEX(GPIOx)) << (4u * (position & 0x03u)));
 800058e:	4b53      	ldr	r3, [pc, #332]	@ (80006dc <HAL_GPIO_Init+0x20c>)
 8000590:	4298      	cmp	r0, r3
 8000592:	d014      	beq.n	80005be <HAL_GPIO_Init+0xee>
 8000594:	f503 6380 	add.w	r3, r3, #1024	@ 0x400
 8000598:	4298      	cmp	r0, r3
 800059a:	d079      	beq.n	8000690 <HAL_GPIO_Init+0x1c0>
 800059c:	f503 6380 	add.w	r3, r3, #1024	@ 0x400
 80005a0:	4298      	cmp	r0, r3
 80005a2:	d077      	beq.n	8000694 <HAL_GPIO_Init+0x1c4>
 80005a4:	f503 6380 	add.w	r3, r3, #1024	@ 0x400
 80005a8:	4298      	cmp	r0, r3
 80005aa:	d006      	beq.n	80005ba <HAL_GPIO_Init+0xea>
 80005ac:	2304      	movs	r3, #4
 80005ae:	e007      	b.n	80005c0 <HAL_GPIO_Init+0xf0>
      configregister = (iocurrent < GPIO_PIN_8) ? &GPIOx->CRL     : &GPIOx->CRH;
 80005b0:	1d06      	adds	r6, r0, #4
      registeroffset = (iocurrent < GPIO_PIN_8) ? (position << 2u) : ((position - 8u) << 2u);
 80005b2:	f1ac 0208 	sub.w	r2, ip, #8
 80005b6:	0092      	lsls	r2, r2, #2
 80005b8:	e7c5      	b.n	8000546 <HAL_GPIO_Init+0x76>
        SET_BIT(temp, (GPIO_GET_INDEX(GPIOx)) << (4u * (position & 0x03u)));
 80005ba:	2303      	movs	r3, #3
 80005bc:	e000      	b.n	80005c0 <HAL_GPIO_Init+0xf0>
 80005be:	2300      	movs	r3, #0
 80005c0:	40ab      	lsls	r3, r5
 80005c2:	4333      	orrs	r3, r6
        AFIO->EXTICR[position >> 2u] = temp;
 80005c4:	3202      	adds	r2, #2
 80005c6:	4d44      	ldr	r5, [pc, #272]	@ (80006d8 <HAL_GPIO_Init+0x208>)
 80005c8:	f845 3022 	str.w	r3, [r5, r2, lsl #2]


        /* Enable or disable the rising trigger */
        if ((GPIO_Init->Mode & RISING_EDGE) == RISING_EDGE)
 80005cc:	684b      	ldr	r3, [r1, #4]
 80005ce:	f413 1f80 	tst.w	r3, #1048576	@ 0x100000
 80005d2:	d061      	beq.n	8000698 <HAL_GPIO_Init+0x1c8>
        {
          SET_BIT(EXTI->RTSR, iocurrent);
 80005d4:	4a42      	ldr	r2, [pc, #264]	@ (80006e0 <HAL_GPIO_Init+0x210>)
 80005d6:	6893      	ldr	r3, [r2, #8]
 80005d8:	ea43 030e 	orr.w	r3, r3, lr
 80005dc:	6093      	str	r3, [r2, #8]
        {
          CLEAR_BIT(EXTI->RTSR, iocurrent);
        }

        /* Enable or disable the falling trigger */
        if ((GPIO_Init->Mode & FALLING_EDGE) == FALLING_EDGE)
 80005de:	684b      	ldr	r3, [r1, #4]
 80005e0:	f413 1f00 	tst.w	r3, #2097152	@ 0x200000
 80005e4:	d05e      	beq.n	80006a4 <HAL_GPIO_Init+0x1d4>
        {
          SET_BIT(EXTI->FTSR, iocurrent);
 80005e6:	4a3e      	ldr	r2, [pc, #248]	@ (80006e0 <HAL_GPIO_Init+0x210>)
 80005e8:	68d3      	ldr	r3, [r2, #12]
 80005ea:	ea43 030e 	orr.w	r3, r3, lr
 80005ee:	60d3      	str	r3, [r2, #12]
        {
          CLEAR_BIT(EXTI->FTSR, iocurrent);
        }

        /* Configure the event mask */
        if ((GPIO_Init->Mode & GPIO_MODE_EVT) == GPIO_MODE_EVT)
 80005f0:	684b      	ldr	r3, [r1, #4]
 80005f2:	f413 3f00 	tst.w	r3, #131072	@ 0x20000
 80005f6:	d05b      	beq.n	80006b0 <HAL_GPIO_Init+0x1e0>
        {
          SET_BIT(EXTI->EMR, iocurrent);
 80005f8:	4a39      	ldr	r2, [pc, #228]	@ (80006e0 <HAL_GPIO_Init+0x210>)
 80005fa:	6853      	ldr	r3, [r2, #4]
 80005fc:	ea43 030e 	orr.w	r3, r3, lr
 8000600:	6053      	str	r3, [r2, #4]
        {
          CLEAR_BIT(EXTI->EMR, iocurrent);
        }

        /* Configure the interrupt mask */
        if ((GPIO_Init->Mode & GPIO_MODE_IT) == GPIO_MODE_IT)
 8000602:	684b      	ldr	r3, [r1, #4]
 8000604:	f413 3f80 	tst.w	r3, #65536	@ 0x10000
 8000608:	d058      	beq.n	80006bc <HAL_GPIO_Init+0x1ec>
        {
          SET_BIT(EXTI->IMR, iocurrent);
 800060a:	4a35      	ldr	r2, [pc, #212]	@ (80006e0 <HAL_GPIO_Init+0x210>)
 800060c:	6813      	ldr	r3, [r2, #0]
 800060e:	ea43 030e 	orr.w	r3, r3, lr
 8000612:	6013      	str	r3, [r2, #0]
          CLEAR_BIT(EXTI->IMR, iocurrent);
        }
      }
    }

	position++;
 8000614:	f10c 0c01 	add.w	ip, ip, #1
  while (((GPIO_Init->Pin) >> position) != 0x00u)
 8000618:	680b      	ldr	r3, [r1, #0]
 800061a:	fa33 f20c 	lsrs.w	r2, r3, ip
 800061e:	d053      	beq.n	80006c8 <HAL_GPIO_Init+0x1f8>
    ioposition = (0x01uL << position);
 8000620:	2201      	movs	r2, #1
 8000622:	fa02 f20c 	lsl.w	r2, r2, ip
    iocurrent = (uint32_t)(GPIO_Init->Pin) & ioposition;
 8000626:	ea03 0e02 	and.w	lr, r3, r2
    if (iocurrent == ioposition)
 800062a:	ea32 0303 	bics.w	r3, r2, r3
 800062e:	d1f1      	bne.n	8000614 <HAL_GPIO_Init+0x144>
      switch (GPIO_Init->Mode)
 8000630:	684b      	ldr	r3, [r1, #4]
 8000632:	2b12      	cmp	r3, #18
 8000634:	f63f af51 	bhi.w	80004da <HAL_GPIO_Init+0xa>
 8000638:	2b12      	cmp	r3, #18
 800063a:	f63f af7e 	bhi.w	800053a <HAL_GPIO_Init+0x6a>
 800063e:	a501      	add	r5, pc, #4	@ (adr r5, 8000644 <HAL_GPIO_Init+0x174>)
 8000640:	f855 f023 	ldr.w	pc, [r5, r3, lsl #2]
 8000644:	0800050b 	.word	0x0800050b
 8000648:	08000519 	.word	0x08000519
 800064c:	08000523 	.word	0x08000523
 8000650:	08000535 	.word	0x08000535
 8000654:	0800053b 	.word	0x0800053b
 8000658:	0800053b 	.word	0x0800053b
 800065c:	0800053b 	.word	0x0800053b
 8000660:	0800053b 	.word	0x0800053b
 8000664:	0800053b 	.word	0x0800053b
 8000668:	0800053b 	.word	0x0800053b
 800066c:	0800053b 	.word	0x0800053b
 8000670:	0800053b 	.word	0x0800053b
 8000674:	0800053b 	.word	0x0800053b
 8000678:	0800053b 	.word	0x0800053b
 800067c:	0800053b 	.word	0x0800053b
 8000680:	0800053b 	.word	0x0800053b
 8000684:	0800053b 	.word	0x0800053b
 8000688:	0800051d 	.word	0x0800051d
 800068c:	08000529 	.word	0x08000529
        SET_BIT(temp, (GPIO_GET_INDEX(GPIOx)) << (4u * (position & 0x03u)));
 8000690:	2301      	movs	r3, #1
 8000692:	e795      	b.n	80005c0 <HAL_GPIO_Init+0xf0>
 8000694:	2302      	movs	r3, #2
 8000696:	e793      	b.n	80005c0 <HAL_GPIO_Init+0xf0>
          CLEAR_BIT(EXTI->RTSR, iocurrent);
 8000698:	4a11      	ldr	r2, [pc, #68]	@ (80006e0 <HAL_GPIO_Init+0x210>)
 800069a:	6893      	ldr	r3, [r2, #8]
 800069c:	ea23 030e 	bic.w	r3, r3, lr
 80006a0:	6093      	str	r3, [r2, #8]
 80006a2:	e79c      	b.n	80005de <HAL_GPIO_Init+0x10e>
          CLEAR_BIT(EXTI->FTSR, iocurrent);
 80006a4:	4a0e      	ldr	r2, [pc, #56]	@ (80006e0 <HAL_GPIO_Init+0x210>)
 80006a6:	68d3      	ldr	r3, [r2, #12]
 80006a8:	ea23 030e 	bic.w	r3, r3, lr
 80006ac:	60d3      	str	r3, [r2, #12]
 80006ae:	e79f      	b.n	80005f0 <HAL_GPIO_Init+0x120>
          CLEAR_BIT(EXTI->EMR, iocurrent);
 80006b0:	4a0b      	ldr	r2, [pc, #44]	@ (80006e0 <HAL_GPIO_Init+0x210>)
 80006b2:	6853      	ldr	r3, [r2, #4]
 80006b4:	ea23 030e 	bic.w	r3, r3, lr
 80006b8:	6053      	str	r3, [r2, #4]
 80006ba:	e7a2      	b.n	8000602 <HAL_GPIO_Init+0x132>
          CLEAR_BIT(EXTI->IMR, iocurrent);
 80006bc:	4a08      	ldr	r2, [pc, #32]	@ (80006e0 <HAL_GPIO_Init+0x210>)
 80006be:	6813      	ldr	r3, [r2, #0]
 80006c0:	ea23 030e 	bic.w	r3, r3, lr
 80006c4:	6013      	str	r3, [r2, #0]
 80006c6:	e7a5      	b.n	8000614 <HAL_GPIO_Init+0x144>
  }
}
 80006c8:	b002      	add	sp, #8
 80006ca:	bd70      	pop	{r4, r5, r6, pc}
 80006cc:	10220000 	.word	0x10220000
 80006d0:	10310000 	.word	0x10310000
 80006d4:	40021000 	.word	0x40021000
 80006d8:	40010000 	.word	0x40010000
 80006dc:	40010800 	.word	0x40010800
 80006e0:	40010400 	.word	0x40010400

080006e4 <HAL_GPIO_WritePin>:
{
  /* Check the parameters */
  assert_param(IS_GPIO_PIN(GPIO_Pin));
  assert_param(IS_GPIO_PIN_ACTION(PinState));

  if (PinState != GPIO_PIN_RESET)
 80006e4:	b10a      	cbz	r2, 80006ea <HAL_GPIO_WritePin+0x6>
  {
    GPIOx->BSRR = GPIO_Pin;
 80006e6:	6101      	str	r1, [r0, #16]
 80006e8:	4770      	bx	lr
  }
  else
  {
    GPIOx->BSRR = (uint32_t)GPIO_Pin << 16u;
 80006ea:	0409      	lsls	r1, r1, #16
 80006ec:	6101      	str	r1, [r0, #16]
  }
}
 80006ee:	4770      	bx	lr

080006f0 <HAL_GPIO_TogglePin>:

  /* Check the parameters */
  assert_param(IS_GPIO_PIN(GPIO_Pin));

  /* get current Output Data Register value */
  odr = GPIOx->ODR;
 80006f0:	68c3      	ldr	r3, [r0, #12]

  /* Set selected pins that were at low level, and reset ones that were high */
  GPIOx->BSRR = ((odr & GPIO_Pin) << GPIO_NUMBER) | (~odr & GPIO_Pin);
 80006f2:	ea01 0203 	and.w	r2, r1, r3
 80006f6:	ea21 0103 	bic.w	r1, r1, r3
 80006fa:	ea41 4102 	orr.w	r1, r1, r2, lsl #16
 80006fe:	6101      	str	r1, [r0, #16]
}
 8000700:	4770      	bx	lr
	...

08000704 <HAL_MspInit>:
/* USER CODE END 0 */
/**
  * Initializes the Global MSP.
  */
void HAL_MspInit(void)
{
 8000704:	b082      	sub	sp, #8

  /* USER CODE BEGIN MspInit 0 */

  /* USER CODE END MspInit 0 */

  __HAL_RCC_AFIO_CLK_ENABLE();
 8000706:	4b0e      	ldr	r3, [pc, #56]	@ (8000740 <HAL_MspInit+0x3c>)
 8000708:	699a      	ldr	r2, [r3, #24]
 800070a:	f042 0201 	orr.w	r2, r2, #1
 800070e:	619a      	str	r2, [r3, #24]
 8000710:	699a      	ldr	r2, [r3, #24]
 8000712:	f002 0201 	and.w	r2, r2, #1
 8000716:	9200      	str	r2, [sp, #0]
 8000718:	9a00      	ldr	r2, [sp, #0]
  __HAL_RCC_PWR_CLK_ENABLE();
 800071a:	69da      	ldr	r2, [r3, #28]
 800071c:	f042 5280 	orr.w	r2, r2, #268435456	@ 0x10000000
 8000720:	61da      	str	r2, [r3, #28]
 8000722:	69db      	ldr	r3, [r3, #28]
 8000724:	f003 5380 	and.w	r3, r3, #268435456	@ 0x10000000
 8000728:	9301      	str	r3, [sp, #4]
 800072a:	9b01      	ldr	r3, [sp, #4]

  /* System interrupt init*/

  /** NOJTAG: JTAG-DP Disabled and SW-DP Enabled
  */
  __HAL_AFIO_REMAP_SWJ_NOJTAG();
 800072c:	4a05      	ldr	r2, [pc, #20]	@ (8000744 <HAL_MspInit+0x40>)
 800072e:	6853      	ldr	r3, [r2, #4]
 8000730:	f023 63e0 	bic.w	r3, r3, #117440512	@ 0x7000000
 8000734:	f043 7300 	orr.w	r3, r3, #33554432	@ 0x2000000
 8000738:	6053      	str	r3, [r2, #4]

  /* USER CODE BEGIN MspInit 1 */

  /* USER CODE END MspInit 1 */
}
 800073a:	b002      	add	sp, #8
 800073c:	4770      	bx	lr
 800073e:	bf00      	nop
 8000740:	40021000 	.word	0x40021000
 8000744:	40010000 	.word	0x40010000

08000748 <HAL_TIM_Base_MspInit>:
* This function configures the hardware resources used in this example
* @param htim_base: TIM_Base handle pointer
* @retval None
*/
void HAL_TIM_Base_MspInit(TIM_HandleTypeDef* htim_base)
{
 8000748:	b500      	push	{lr}
 800074a:	b083      	sub	sp, #12
  if(htim_base->Instance==TIM2)
 800074c:	6803      	ldr	r3, [r0, #0]
 800074e:	f1b3 4f80 	cmp.w	r3, #1073741824	@ 0x40000000
 8000752:	d005      	beq.n	8000760 <HAL_TIM_Base_MspInit+0x18>
    HAL_NVIC_EnableIRQ(TIM2_IRQn);
  /* USER CODE BEGIN TIM2_MspInit 1 */

  /* USER CODE END TIM2_MspInit 1 */
  }
  else if(htim_base->Instance==TIM3)
 8000754:	4a16      	ldr	r2, [pc, #88]	@ (80007b0 <HAL_TIM_Base_MspInit+0x68>)
 8000756:	4293      	cmp	r3, r2
 8000758:	d016      	beq.n	8000788 <HAL_TIM_Base_MspInit+0x40>
  /* USER CODE BEGIN TIM3_MspInit 1 */

  /* USER CODE END TIM3_MspInit 1 */
  }

}
 800075a:	b003      	add	sp, #12
 800075c:	f85d fb04 	ldr.w	pc, [sp], #4
    __HAL_RCC_TIM2_CLK_ENABLE();
 8000760:	f503 3304 	add.w	r3, r3, #135168	@ 0x21000
 8000764:	69da      	ldr	r2, [r3, #28]
 8000766:	f042 0201 	orr.w	r2, r2, #1
 800076a:	61da      	str	r2, [r3, #28]
 800076c:	69db      	ldr	r3, [r3, #28]
 800076e:	f003 0301 	and.w	r3, r3, #1
 8000772:	9300      	str	r3, [sp, #0]
 8000774:	9b00      	ldr	r3, [sp, #0]
    HAL_NVIC_SetPriority(TIM2_IRQn, 0, 0);
 8000776:	2200      	movs	r2, #0
 8000778:	4611      	mov	r1, r2
 800077a:	201c      	movs	r0, #28
 800077c:	f7ff fe76 	bl	800046c <HAL_NVIC_SetPriority>
    HAL_NVIC_EnableIRQ(TIM2_IRQn);
 8000780:	201c      	movs	r0, #28
 8000782:	f7ff fe83 	bl	800048c <HAL_NVIC_EnableIRQ>
 8000786:	e7e8      	b.n	800075a <HAL_TIM_Base_MspInit+0x12>
    __HAL_RCC_TIM3_CLK_ENABLE();
 8000788:	4b0a      	ldr	r3, [pc, #40]	@ (80007b4 <HAL_TIM_Base_MspInit+0x6c>)
 800078a:	69da      	ldr	r2, [r3, #28]
 800078c:	f042 0202 	orr.w	r2, r2, #2
 8000790:	61da      	str	r2, [r3, #28]
 8000792:	69db      	ldr	r3, [r3, #28]
 8000794:	f003 0302 	and.w	r3, r3, #2
 8000798:	9301      	str	r3, [sp, #4]
 800079a:	9b01      	ldr	r3, [sp, #4]
    HAL_NVIC_SetPriority(TIM3_IRQn, 0, 0);
 800079c:	2200      	movs	r2, #0
 800079e:	4611      	mov	r1, r2
 80007a0:	201d      	movs	r0, #29
 80007a2:	f7ff fe63 	bl	800046c <HAL_NVIC_SetPriority>
    HAL_NVIC_EnableIRQ(TIM3_IRQn);
 80007a6:	201d      	movs	r0, #29
 80007a8:	f7ff fe70 	bl	800048c <HAL_NVIC_EnableIRQ>
}
 80007ac:	e7d5      	b.n	800075a <HAL_TIM_Base_MspInit+0x12>
 80007ae:	bf00      	nop
 80007b0:	40000400 	.word	0x40000400
 80007b4:	40021000 	.word	0x40021000

080007b8 <RCC_Delay>:
  * @brief  This function provides delay (in milliseconds) based on CPU cycles method.
  * @param  mdelay: specifies the delay time length, in milliseconds.
  * @retval None
  */
static void RCC_Delay(uint32_t mdelay)
{
 80007b8:	b082      	sub	sp, #8
  __IO uint32_t Delay = mdelay * (SystemCoreClock / 8U / 1000U);
 80007ba:	4b08      	ldr	r3, [pc, #32]	@ (80007dc <RCC_Delay+0x24>)
 80007bc:	681b      	ldr	r3, [r3, #0]
 80007be:	4a08      	ldr	r2, [pc, #32]	@ (80007e0 <RCC_Delay+0x28>)
 80007c0:	fba2 2303 	umull	r2, r3, r2, r3
 80007c4:	0a5b      	lsrs	r3, r3, #9
 80007c6:	fb00 f303 	mul.w	r3, r0, r3
 80007ca:	9301      	str	r3, [sp, #4]
  do
  {
    __NOP();
 80007cc:	bf00      	nop
  }
  while (Delay --);
 80007ce:	9b01      	ldr	r3, [sp, #4]
 80007d0:	1e5a      	subs	r2, r3, #1
 80007d2:	9201      	str	r2, [sp, #4]
 80007d4:	2b00      	cmp	r3, #0
 80007d6:	d1f9      	bne.n	80007cc <RCC_Delay+0x14>
}
 80007d8:	b002      	add	sp, #8
 80007da:	4770      	bx	lr
 80007dc:	20000008 	.word	0x20000008
 80007e0:	10624dd3 	.word	0x10624dd3

080007e4 <HAL_RCC_OscConfig>:
  if (RCC_OscInitStruct == NULL)
 80007e4:	2800      	cmp	r0, #0
 80007e6:	f000 81f1 	beq.w	8000bcc <HAL_RCC_OscConfig+0x3e8>
{
 80007ea:	b570      	push	{r4, r5, r6, lr}
 80007ec:	b082      	sub	sp, #8
 80007ee:	4604      	mov	r4, r0
  if (((RCC_OscInitStruct->OscillatorType) & RCC_OSCILLATORTYPE_HSE) == RCC_OSCILLATORTYPE_HSE)
 80007f0:	6803      	ldr	r3, [r0, #0]
 80007f2:	f013 0f01 	tst.w	r3, #1
 80007f6:	d02c      	beq.n	8000852 <HAL_RCC_OscConfig+0x6e>
    if ((__HAL_RCC_GET_SYSCLK_SOURCE() == RCC_SYSCLKSOURCE_STATUS_HSE)
 80007f8:	4b99      	ldr	r3, [pc, #612]	@ (8000a60 <HAL_RCC_OscConfig+0x27c>)
 80007fa:	685b      	ldr	r3, [r3, #4]
 80007fc:	f003 030c 	and.w	r3, r3, #12
 8000800:	2b04      	cmp	r3, #4
 8000802:	d01d      	beq.n	8000840 <HAL_RCC_OscConfig+0x5c>
        || ((__HAL_RCC_GET_SYSCLK_SOURCE() == RCC_SYSCLKSOURCE_STATUS_PLLCLK) && (__HAL_RCC_GET_PLL_OSCSOURCE() == RCC_PLLSOURCE_HSE)))
 8000804:	4b96      	ldr	r3, [pc, #600]	@ (8000a60 <HAL_RCC_OscConfig+0x27c>)
 8000806:	685b      	ldr	r3, [r3, #4]
 8000808:	f003 030c 	and.w	r3, r3, #12
 800080c:	2b08      	cmp	r3, #8
 800080e:	d012      	beq.n	8000836 <HAL_RCC_OscConfig+0x52>
      __HAL_RCC_HSE_CONFIG(RCC_OscInitStruct->HSEState);
 8000810:	6863      	ldr	r3, [r4, #4]
 8000812:	f5b3 3f80 	cmp.w	r3, #65536	@ 0x10000
 8000816:	d041      	beq.n	800089c <HAL_RCC_OscConfig+0xb8>
 8000818:	2b00      	cmp	r3, #0
 800081a:	d155      	bne.n	80008c8 <HAL_RCC_OscConfig+0xe4>
 800081c:	f103 4380 	add.w	r3, r3, #1073741824	@ 0x40000000
 8000820:	f503 3304 	add.w	r3, r3, #135168	@ 0x21000
 8000824:	681a      	ldr	r2, [r3, #0]
 8000826:	f422 3280 	bic.w	r2, r2, #65536	@ 0x10000
 800082a:	601a      	str	r2, [r3, #0]
 800082c:	681a      	ldr	r2, [r3, #0]
 800082e:	f422 2280 	bic.w	r2, r2, #262144	@ 0x40000
 8000832:	601a      	str	r2, [r3, #0]
 8000834:	e037      	b.n	80008a6 <HAL_RCC_OscConfig+0xc2>
        || ((__HAL_RCC_GET_SYSCLK_SOURCE() == RCC_SYSCLKSOURCE_STATUS_PLLCLK) && (__HAL_RCC_GET_PLL_OSCSOURCE() == RCC_PLLSOURCE_HSE)))
 8000836:	4b8a      	ldr	r3, [pc, #552]	@ (8000a60 <HAL_RCC_OscConfig+0x27c>)
 8000838:	685b      	ldr	r3, [r3, #4]
 800083a:	f413 3f80 	tst.w	r3, #65536	@ 0x10000
 800083e:	d0e7      	beq.n	8000810 <HAL_RCC_OscConfig+0x2c>
      if ((__HAL_RCC_GET_FLAG(RCC_FLAG_HSERDY) != RESET) && (RCC_OscInitStruct->HSEState == RCC_HSE_OFF))
 8000840:	4b87      	ldr	r3, [pc, #540]	@ (8000a60 <HAL_RCC_OscConfig+0x27c>)
 8000842:	681b      	ldr	r3, [r3, #0]
 8000844:	f413 3f00 	tst.w	r3, #131072	@ 0x20000
 8000848:	d003      	beq.n	8000852 <HAL_RCC_OscConfig+0x6e>
 800084a:	6863      	ldr	r3, [r4, #4]
 800084c:	2b00      	cmp	r3, #0
 800084e:	f000 81bf 	beq.w	8000bd0 <HAL_RCC_OscConfig+0x3ec>
  if (((RCC_OscInitStruct->OscillatorType) & RCC_OSCILLATORTYPE_HSI) == RCC_OSCILLATORTYPE_HSI)
 8000852:	6823      	ldr	r3, [r4, #0]
 8000854:	f013 0f02 	tst.w	r3, #2
 8000858:	d075      	beq.n	8000946 <HAL_RCC_OscConfig+0x162>
    if ((__HAL_RCC_GET_SYSCLK_SOURCE() == RCC_SYSCLKSOURCE_STATUS_HSI)
 800085a:	4b81      	ldr	r3, [pc, #516]	@ (8000a60 <HAL_RCC_OscConfig+0x27c>)
 800085c:	685b      	ldr	r3, [r3, #4]
 800085e:	f013 0f0c 	tst.w	r3, #12
 8000862:	d05f      	beq.n	8000924 <HAL_RCC_OscConfig+0x140>
        || ((__HAL_RCC_GET_SYSCLK_SOURCE() == RCC_SYSCLKSOURCE_STATUS_PLLCLK) && (__HAL_RCC_GET_PLL_OSCSOURCE() == RCC_PLLSOURCE_HSI_DIV2)))
 8000864:	4b7e      	ldr	r3, [pc, #504]	@ (8000a60 <HAL_RCC_OscConfig+0x27c>)
 8000866:	685b      	ldr	r3, [r3, #4]
 8000868:	f003 030c 	and.w	r3, r3, #12
 800086c:	2b08      	cmp	r3, #8
 800086e:	d054      	beq.n	800091a <HAL_RCC_OscConfig+0x136>
      if (RCC_OscInitStruct->HSIState != RCC_HSI_OFF)
 8000870:	6923      	ldr	r3, [r4, #16]
 8000872:	2b00      	cmp	r3, #0
 8000874:	f000 808a 	beq.w	800098c <HAL_RCC_OscConfig+0x1a8>
        __HAL_RCC_HSI_ENABLE();
 8000878:	4b7a      	ldr	r3, [pc, #488]	@ (8000a64 <HAL_RCC_OscConfig+0x280>)
 800087a:	2201      	movs	r2, #1
 800087c:	601a      	str	r2, [r3, #0]
        tickstart = HAL_GetTick();
 800087e:	f7ff fda9 	bl	80003d4 <HAL_GetTick>
 8000882:	4605      	mov	r5, r0
        while (__HAL_RCC_GET_FLAG(RCC_FLAG_HSIRDY) == RESET)
 8000884:	4b76      	ldr	r3, [pc, #472]	@ (8000a60 <HAL_RCC_OscConfig+0x27c>)
 8000886:	681b      	ldr	r3, [r3, #0]
 8000888:	f013 0f02 	tst.w	r3, #2
 800088c:	d175      	bne.n	800097a <HAL_RCC_OscConfig+0x196>
          if ((HAL_GetTick() - tickstart) > HSI_TIMEOUT_VALUE)
 800088e:	f7ff fda1 	bl	80003d4 <HAL_GetTick>
 8000892:	1b40      	subs	r0, r0, r5
 8000894:	2802      	cmp	r0, #2
 8000896:	d9f5      	bls.n	8000884 <HAL_RCC_OscConfig+0xa0>
            return HAL_TIMEOUT;
 8000898:	2003      	movs	r0, #3
 800089a:	e19e      	b.n	8000bda <HAL_RCC_OscConfig+0x3f6>
      __HAL_RCC_HSE_CONFIG(RCC_OscInitStruct->HSEState);
 800089c:	4a70      	ldr	r2, [pc, #448]	@ (8000a60 <HAL_RCC_OscConfig+0x27c>)
 800089e:	6813      	ldr	r3, [r2, #0]
 80008a0:	f443 3380 	orr.w	r3, r3, #65536	@ 0x10000
 80008a4:	6013      	str	r3, [r2, #0]
      if (RCC_OscInitStruct->HSEState != RCC_HSE_OFF)
 80008a6:	6863      	ldr	r3, [r4, #4]
 80008a8:	b343      	cbz	r3, 80008fc <HAL_RCC_OscConfig+0x118>
        tickstart = HAL_GetTick();
 80008aa:	f7ff fd93 	bl	80003d4 <HAL_GetTick>
 80008ae:	4605      	mov	r5, r0
        while (__HAL_RCC_GET_FLAG(RCC_FLAG_HSERDY) == RESET)
 80008b0:	4b6b      	ldr	r3, [pc, #428]	@ (8000a60 <HAL_RCC_OscConfig+0x27c>)
 80008b2:	681b      	ldr	r3, [r3, #0]
 80008b4:	f413 3f00 	tst.w	r3, #131072	@ 0x20000
 80008b8:	d1cb      	bne.n	8000852 <HAL_RCC_OscConfig+0x6e>
          if ((HAL_GetTick() - tickstart) > HSE_TIMEOUT_VALUE)
 80008ba:	f7ff fd8b 	bl	80003d4 <HAL_GetTick>
 80008be:	1b40      	subs	r0, r0, r5
 80008c0:	2864      	cmp	r0, #100	@ 0x64
 80008c2:	d9f5      	bls.n	80008b0 <HAL_RCC_OscConfig+0xcc>
            return HAL_TIMEOUT;
 80008c4:	2003      	movs	r0, #3
 80008c6:	e188      	b.n	8000bda <HAL_RCC_OscConfig+0x3f6>
      __HAL_RCC_HSE_CONFIG(RCC_OscInitStruct->HSEState);
 80008c8:	f5b3 2fa0 	cmp.w	r3, #327680	@ 0x50000
 80008cc:	d009      	beq.n	80008e2 <HAL_RCC_OscConfig+0xfe>
 80008ce:	4b64      	ldr	r3, [pc, #400]	@ (8000a60 <HAL_RCC_OscConfig+0x27c>)
 80008d0:	681a      	ldr	r2, [r3, #0]
 80008d2:	f422 3280 	bic.w	r2, r2, #65536	@ 0x10000
 80008d6:	601a      	str	r2, [r3, #0]
 80008d8:	681a      	ldr	r2, [r3, #0]
 80008da:	f422 2280 	bic.w	r2, r2, #262144	@ 0x40000
 80008de:	601a      	str	r2, [r3, #0]
 80008e0:	e7e1      	b.n	80008a6 <HAL_RCC_OscConfig+0xc2>
 80008e2:	f103 4380 	add.w	r3, r3, #1073741824	@ 0x40000000
 80008e6:	f5a3 333c 	sub.w	r3, r3, #192512	@ 0x2f000
 80008ea:	681a      	ldr	r2, [r3, #0]
 80008ec:	f442 2280 	orr.w	r2, r2, #262144	@ 0x40000
 80008f0:	601a      	str	r2, [r3, #0]
 80008f2:	681a      	ldr	r2, [r3, #0]
 80008f4:	f442 3280 	orr.w	r2, r2, #65536	@ 0x10000
 80008f8:	601a      	str	r2, [r3, #0]
 80008fa:	e7d4      	b.n	80008a6 <HAL_RCC_OscConfig+0xc2>
        tickstart = HAL_GetTick();
 80008fc:	f7ff fd6a 	bl	80003d4 <HAL_GetTick>
 8000900:	4605      	mov	r5, r0
        while (__HAL_RCC_GET_FLAG(RCC_FLAG_HSERDY) != RESET)
 8000902:	4b57      	ldr	r3, [pc, #348]	@ (8000a60 <HAL_RCC_OscConfig+0x27c>)
 8000904:	681b      	ldr	r3, [r3, #0]
 8000906:	f413 3f00 	tst.w	r3, #131072	@ 0x20000
 800090a:	d0a2      	beq.n	8000852 <HAL_RCC_OscConfig+0x6e>
          if ((HAL_GetTick() - tickstart) > HSE_TIMEOUT_VALUE)
 800090c:	f7ff fd62 	bl	80003d4 <HAL_GetTick>
 8000910:	1b40      	subs	r0, r0, r5
 8000912:	2864      	cmp	r0, #100	@ 0x64
 8000914:	d9f5      	bls.n	8000902 <HAL_RCC_OscConfig+0x11e>
            return HAL_TIMEOUT;
 8000916:	2003      	movs	r0, #3
 8000918:	e15f      	b.n	8000bda <HAL_RCC_OscConfig+0x3f6>
        || ((__HAL_RCC_GET_SYSCLK_SOURCE() == RCC_SYSCLKSOURCE_STATUS_PLLCLK) && (__HAL_RCC_GET_PLL_OSCSOURCE() == RCC_PLLSOURCE_HSI_DIV2)))
 800091a:	4b51      	ldr	r3, [pc, #324]	@ (8000a60 <HAL_RCC_OscConfig+0x27c>)
 800091c:	685b      	ldr	r3, [r3, #4]
 800091e:	f413 3f80 	tst.w	r3, #65536	@ 0x10000
 8000922:	d1a5      	bne.n	8000870 <HAL_RCC_OscConfig+0x8c>
      if ((__HAL_RCC_GET_FLAG(RCC_FLAG_HSIRDY) != RESET) && (RCC_OscInitStruct->HSIState != RCC_HSI_ON))
 8000924:	4b4e      	ldr	r3, [pc, #312]	@ (8000a60 <HAL_RCC_OscConfig+0x27c>)
 8000926:	681b      	ldr	r3, [r3, #0]
 8000928:	f013 0f02 	tst.w	r3, #2
 800092c:	d003      	beq.n	8000936 <HAL_RCC_OscConfig+0x152>
 800092e:	6923      	ldr	r3, [r4, #16]
 8000930:	2b01      	cmp	r3, #1
 8000932:	f040 814f 	bne.w	8000bd4 <HAL_RCC_OscConfig+0x3f0>
        __HAL_RCC_HSI_CALIBRATIONVALUE_ADJUST(RCC_OscInitStruct->HSICalibrationValue);
 8000936:	4a4a      	ldr	r2, [pc, #296]	@ (8000a60 <HAL_RCC_OscConfig+0x27c>)
 8000938:	6813      	ldr	r3, [r2, #0]
 800093a:	f023 03f8 	bic.w	r3, r3, #248	@ 0xf8
 800093e:	6961      	ldr	r1, [r4, #20]
 8000940:	ea43 03c1 	orr.w	r3, r3, r1, lsl #3
 8000944:	6013      	str	r3, [r2, #0]
  if (((RCC_OscInitStruct->OscillatorType) & RCC_OSCILLATORTYPE_LSI) == RCC_OSCILLATORTYPE_LSI)
 8000946:	6823      	ldr	r3, [r4, #0]
 8000948:	f013 0f08 	tst.w	r3, #8
 800094c:	d033      	beq.n	80009b6 <HAL_RCC_OscConfig+0x1d2>
    if (RCC_OscInitStruct->LSIState != RCC_LSI_OFF)
 800094e:	69a3      	ldr	r3, [r4, #24]
 8000950:	2b00      	cmp	r3, #0
 8000952:	d05c      	beq.n	8000a0e <HAL_RCC_OscConfig+0x22a>
      __HAL_RCC_LSI_ENABLE();
 8000954:	4b43      	ldr	r3, [pc, #268]	@ (8000a64 <HAL_RCC_OscConfig+0x280>)
 8000956:	2201      	movs	r2, #1
 8000958:	f8c3 2480 	str.w	r2, [r3, #1152]	@ 0x480
      tickstart = HAL_GetTick();
 800095c:	f7ff fd3a 	bl	80003d4 <HAL_GetTick>
 8000960:	4605      	mov	r5, r0
      while (__HAL_RCC_GET_FLAG(RCC_FLAG_LSIRDY) == RESET)
 8000962:	4b3f      	ldr	r3, [pc, #252]	@ (8000a60 <HAL_RCC_OscConfig+0x27c>)
 8000964:	6a5b      	ldr	r3, [r3, #36]	@ 0x24
 8000966:	f013 0f02 	tst.w	r3, #2
 800096a:	d121      	bne.n	80009b0 <HAL_RCC_OscConfig+0x1cc>
        if ((HAL_GetTick() - tickstart) > LSI_TIMEOUT_VALUE)
 800096c:	f7ff fd32 	bl	80003d4 <HAL_GetTick>
 8000970:	1b40      	subs	r0, r0, r5
 8000972:	2802      	cmp	r0, #2
 8000974:	d9f5      	bls.n	8000962 <HAL_RCC_OscConfig+0x17e>
          return HAL_TIMEOUT;
 8000976:	2003      	movs	r0, #3
 8000978:	e12f      	b.n	8000bda <HAL_RCC_OscConfig+0x3f6>
        __HAL_RCC_HSI_CALIBRATIONVALUE_ADJUST(RCC_OscInitStruct->HSICalibrationValue);
 800097a:	4a39      	ldr	r2, [pc, #228]	@ (8000a60 <HAL_RCC_OscConfig+0x27c>)
 800097c:	6813      	ldr	r3, [r2, #0]
 800097e:	f023 03f8 	bic.w	r3, r3, #248	@ 0xf8
 8000982:	6961      	ldr	r1, [r4, #20]
 8000984:	ea43 03c1 	orr.w	r3, r3, r1, lsl #3
 8000988:	6013      	str	r3, [r2, #0]
 800098a:	e7dc      	b.n	8000946 <HAL_RCC_OscConfig+0x162>
        __HAL_RCC_HSI_DISABLE();
 800098c:	4b35      	ldr	r3, [pc, #212]	@ (8000a64 <HAL_RCC_OscConfig+0x280>)
 800098e:	2200      	movs	r2, #0
 8000990:	601a      	str	r2, [r3, #0]
        tickstart = HAL_GetTick();
 8000992:	f7ff fd1f 	bl	80003d4 <HAL_GetTick>
 8000996:	4605      	mov	r5, r0
        while (__HAL_RCC_GET_FLAG(RCC_FLAG_HSIRDY) != RESET)
 8000998:	4b31      	ldr	r3, [pc, #196]	@ (8000a60 <HAL_RCC_OscConfig+0x27c>)
 800099a:	681b      	ldr	r3, [r3, #0]
 800099c:	f013 0f02 	tst.w	r3, #2
 80009a0:	d0d1      	beq.n	8000946 <HAL_RCC_OscConfig+0x162>
          if ((HAL_GetTick() - tickstart) > HSI_TIMEOUT_VALUE)
 80009a2:	f7ff fd17 	bl	80003d4 <HAL_GetTick>
 80009a6:	1b40      	subs	r0, r0, r5
 80009a8:	2802      	cmp	r0, #2
 80009aa:	d9f5      	bls.n	8000998 <HAL_RCC_OscConfig+0x1b4>
            return HAL_TIMEOUT;
 80009ac:	2003      	movs	r0, #3
 80009ae:	e114      	b.n	8000bda <HAL_RCC_OscConfig+0x3f6>
      RCC_Delay(1);
 80009b0:	2001      	movs	r0, #1
 80009b2:	f7ff ff01 	bl	80007b8 <RCC_Delay>
  if (((RCC_OscInitStruct->OscillatorType) & RCC_OSCILLATORTYPE_LSE) == RCC_OSCILLATORTYPE_LSE)
 80009b6:	6823      	ldr	r3, [r4, #0]
 80009b8:	f013 0f04 	tst.w	r3, #4
 80009bc:	f000 8096 	beq.w	8000aec <HAL_RCC_OscConfig+0x308>
    if (__HAL_RCC_PWR_IS_CLK_DISABLED())
 80009c0:	4b27      	ldr	r3, [pc, #156]	@ (8000a60 <HAL_RCC_OscConfig+0x27c>)
 80009c2:	69db      	ldr	r3, [r3, #28]
 80009c4:	f013 5f80 	tst.w	r3, #268435456	@ 0x10000000
 80009c8:	d134      	bne.n	8000a34 <HAL_RCC_OscConfig+0x250>
      __HAL_RCC_PWR_CLK_ENABLE();
 80009ca:	4b25      	ldr	r3, [pc, #148]	@ (8000a60 <HAL_RCC_OscConfig+0x27c>)
 80009cc:	69da      	ldr	r2, [r3, #28]
 80009ce:	f042 5280 	orr.w	r2, r2, #268435456	@ 0x10000000
 80009d2:	61da      	str	r2, [r3, #28]
 80009d4:	69db      	ldr	r3, [r3, #28]
 80009d6:	f003 5380 	and.w	r3, r3, #268435456	@ 0x10000000
 80009da:	9301      	str	r3, [sp, #4]
 80009dc:	9b01      	ldr	r3, [sp, #4]
      pwrclkchanged = SET;
 80009de:	2501      	movs	r5, #1
    if (HAL_IS_BIT_CLR(PWR->CR, PWR_CR_DBP))
 80009e0:	4b21      	ldr	r3, [pc, #132]	@ (8000a68 <HAL_RCC_OscConfig+0x284>)
 80009e2:	681b      	ldr	r3, [r3, #0]
 80009e4:	f413 7f80 	tst.w	r3, #256	@ 0x100
 80009e8:	d026      	beq.n	8000a38 <HAL_RCC_OscConfig+0x254>
    __HAL_RCC_LSE_CONFIG(RCC_OscInitStruct->LSEState);
 80009ea:	68e3      	ldr	r3, [r4, #12]
 80009ec:	2b01      	cmp	r3, #1
 80009ee:	d03d      	beq.n	8000a6c <HAL_RCC_OscConfig+0x288>
 80009f0:	2b00      	cmp	r3, #0
 80009f2:	d153      	bne.n	8000a9c <HAL_RCC_OscConfig+0x2b8>
 80009f4:	f103 4380 	add.w	r3, r3, #1073741824	@ 0x40000000
 80009f8:	f503 3304 	add.w	r3, r3, #135168	@ 0x21000
 80009fc:	6a1a      	ldr	r2, [r3, #32]
 80009fe:	f022 0201 	bic.w	r2, r2, #1
 8000a02:	621a      	str	r2, [r3, #32]
 8000a04:	6a1a      	ldr	r2, [r3, #32]
 8000a06:	f022 0204 	bic.w	r2, r2, #4
 8000a0a:	621a      	str	r2, [r3, #32]
 8000a0c:	e033      	b.n	8000a76 <HAL_RCC_OscConfig+0x292>
      __HAL_RCC_LSI_DISABLE();
 8000a0e:	4b15      	ldr	r3, [pc, #84]	@ (8000a64 <HAL_RCC_OscConfig+0x280>)
 8000a10:	2200      	movs	r2, #0
 8000a12:	f8c3 2480 	str.w	r2, [r3, #1152]	@ 0x480
      tickstart = HAL_GetTick();
 8000a16:	f7ff fcdd 	bl	80003d4 <HAL_GetTick>
 8000a1a:	4605      	mov	r5, r0
      while (__HAL_RCC_GET_FLAG(RCC_FLAG_LSIRDY) != RESET)
 8000a1c:	4b10      	ldr	r3, [pc, #64]	@ (8000a60 <HAL_RCC_OscConfig+0x27c>)
 8000a1e:	6a5b      	ldr	r3, [r3, #36]	@ 0x24
 8000a20:	f013 0f02 	tst.w	r3, #2
 8000a24:	d0c7      	beq.n	80009b6 <HAL_RCC_OscConfig+0x1d2>
        if ((HAL_GetTick() - tickstart) > LSI_TIMEOUT_VALUE)
 8000a26:	f7ff fcd5 	bl	80003d4 <HAL_GetTick>
 8000a2a:	1b40      	subs	r0, r0, r5
 8000a2c:	2802      	cmp	r0, #2
 8000a2e:	d9f5      	bls.n	8000a1c <HAL_RCC_OscConfig+0x238>
          return HAL_TIMEOUT;
 8000a30:	2003      	movs	r0, #3
 8000a32:	e0d2      	b.n	8000bda <HAL_RCC_OscConfig+0x3f6>
    FlagStatus       pwrclkchanged = RESET;
 8000a34:	2500      	movs	r5, #0
 8000a36:	e7d3      	b.n	80009e0 <HAL_RCC_OscConfig+0x1fc>
      SET_BIT(PWR->CR, PWR_CR_DBP);
 8000a38:	4a0b      	ldr	r2, [pc, #44]	@ (8000a68 <HAL_RCC_OscConfig+0x284>)
 8000a3a:	6813      	ldr	r3, [r2, #0]
 8000a3c:	f443 7380 	orr.w	r3, r3, #256	@ 0x100
 8000a40:	6013      	str	r3, [r2, #0]
      tickstart = HAL_GetTick();
 8000a42:	f7ff fcc7 	bl	80003d4 <HAL_GetTick>
 8000a46:	4606      	mov	r6, r0
      while (HAL_IS_BIT_CLR(PWR->CR, PWR_CR_DBP))
 8000a48:	4b07      	ldr	r3, [pc, #28]	@ (8000a68 <HAL_RCC_OscConfig+0x284>)
 8000a4a:	681b      	ldr	r3, [r3, #0]
 8000a4c:	f413 7f80 	tst.w	r3, #256	@ 0x100
 8000a50:	d1cb      	bne.n	80009ea <HAL_RCC_OscConfig+0x206>
        if ((HAL_GetTick() - tickstart) > RCC_DBP_TIMEOUT_VALUE)
 8000a52:	f7ff fcbf 	bl	80003d4 <HAL_GetTick>
 8000a56:	1b80      	subs	r0, r0, r6
 8000a58:	2864      	cmp	r0, #100	@ 0x64
 8000a5a:	d9f5      	bls.n	8000a48 <HAL_RCC_OscConfig+0x264>
          return HAL_TIMEOUT;
 8000a5c:	2003      	movs	r0, #3
 8000a5e:	e0bc      	b.n	8000bda <HAL_RCC_OscConfig+0x3f6>
 8000a60:	40021000 	.word	0x40021000
 8000a64:	42420000 	.word	0x42420000
 8000a68:	40007000 	.word	0x40007000
    __HAL_RCC_LSE_CONFIG(RCC_OscInitStruct->LSEState);
 8000a6c:	4a5f      	ldr	r2, [pc, #380]	@ (8000bec <HAL_RCC_OscConfig+0x408>)
 8000a6e:	6a13      	ldr	r3, [r2, #32]
 8000a70:	f043 0301 	orr.w	r3, r3, #1
 8000a74:	6213      	str	r3, [r2, #32]
    if (RCC_OscInitStruct->LSEState != RCC_LSE_OFF)
 8000a76:	68e3      	ldr	r3, [r4, #12]
 8000a78:	b333      	cbz	r3, 8000ac8 <HAL_RCC_OscConfig+0x2e4>
      tickstart = HAL_GetTick();
 8000a7a:	f7ff fcab 	bl	80003d4 <HAL_GetTick>
 8000a7e:	4606      	mov	r6, r0
      while (__HAL_RCC_GET_FLAG(RCC_FLAG_LSERDY) == RESET)
 8000a80:	4b5a      	ldr	r3, [pc, #360]	@ (8000bec <HAL_RCC_OscConfig+0x408>)
 8000a82:	6a1b      	ldr	r3, [r3, #32]
 8000a84:	f013 0f02 	tst.w	r3, #2
 8000a88:	d12f      	bne.n	8000aea <HAL_RCC_OscConfig+0x306>
        if ((HAL_GetTick() - tickstart) > RCC_LSE_TIMEOUT_VALUE)
 8000a8a:	f7ff fca3 	bl	80003d4 <HAL_GetTick>
 8000a8e:	1b80      	subs	r0, r0, r6
 8000a90:	f241 3388 	movw	r3, #5000	@ 0x1388
 8000a94:	4298      	cmp	r0, r3
 8000a96:	d9f3      	bls.n	8000a80 <HAL_RCC_OscConfig+0x29c>
          return HAL_TIMEOUT;
 8000a98:	2003      	movs	r0, #3
 8000a9a:	e09e      	b.n	8000bda <HAL_RCC_OscConfig+0x3f6>
    __HAL_RCC_LSE_CONFIG(RCC_OscInitStruct->LSEState);
 8000a9c:	2b05      	cmp	r3, #5
 8000a9e:	d009      	beq.n	8000ab4 <HAL_RCC_OscConfig+0x2d0>
 8000aa0:	4b52      	ldr	r3, [pc, #328]	@ (8000bec <HAL_RCC_OscConfig+0x408>)
 8000aa2:	6a1a      	ldr	r2, [r3, #32]
 8000aa4:	f022 0201 	bic.w	r2, r2, #1
 8000aa8:	621a      	str	r2, [r3, #32]
 8000aaa:	6a1a      	ldr	r2, [r3, #32]
 8000aac:	f022 0204 	bic.w	r2, r2, #4
 8000ab0:	621a      	str	r2, [r3, #32]
 8000ab2:	e7e0      	b.n	8000a76 <HAL_RCC_OscConfig+0x292>
 8000ab4:	4b4d      	ldr	r3, [pc, #308]	@ (8000bec <HAL_RCC_OscConfig+0x408>)
 8000ab6:	6a1a      	ldr	r2, [r3, #32]
 8000ab8:	f042 0204 	orr.w	r2, r2, #4
 8000abc:	621a      	str	r2, [r3, #32]
 8000abe:	6a1a      	ldr	r2, [r3, #32]
 8000ac0:	f042 0201 	orr.w	r2, r2, #1
 8000ac4:	621a      	str	r2, [r3, #32]
 8000ac6:	e7d6      	b.n	8000a76 <HAL_RCC_OscConfig+0x292>
      tickstart = HAL_GetTick();
 8000ac8:	f7ff fc84 	bl	80003d4 <HAL_GetTick>
 8000acc:	4606      	mov	r6, r0
      while (__HAL_RCC_GET_FLAG(RCC_FLAG_LSERDY) != RESET)
 8000ace:	4b47      	ldr	r3, [pc, #284]	@ (8000bec <HAL_RCC_OscConfig+0x408>)
 8000ad0:	6a1b      	ldr	r3, [r3, #32]
 8000ad2:	f013 0f02 	tst.w	r3, #2
 8000ad6:	d008      	beq.n	8000aea <HAL_RCC_OscConfig+0x306>
        if ((HAL_GetTick() - tickstart) > RCC_LSE_TIMEOUT_VALUE)
 8000ad8:	f7ff fc7c 	bl	80003d4 <HAL_GetTick>
 8000adc:	1b80      	subs	r0, r0, r6
 8000ade:	f241 3388 	movw	r3, #5000	@ 0x1388
 8000ae2:	4298      	cmp	r0, r3
 8000ae4:	d9f3      	bls.n	8000ace <HAL_RCC_OscConfig+0x2ea>
          return HAL_TIMEOUT;
 8000ae6:	2003      	movs	r0, #3
 8000ae8:	e077      	b.n	8000bda <HAL_RCC_OscConfig+0x3f6>
    if (pwrclkchanged == SET)
 8000aea:	b9e5      	cbnz	r5, 8000b26 <HAL_RCC_OscConfig+0x342>
  if ((RCC_OscInitStruct->PLL.PLLState) != RCC_PLL_NONE)
 8000aec:	69e3      	ldr	r3, [r4, #28]
 8000aee:	2b00      	cmp	r3, #0
 8000af0:	d072      	beq.n	8000bd8 <HAL_RCC_OscConfig+0x3f4>
    if (__HAL_RCC_GET_SYSCLK_SOURCE() != RCC_SYSCLKSOURCE_STATUS_PLLCLK)
 8000af2:	4a3e      	ldr	r2, [pc, #248]	@ (8000bec <HAL_RCC_OscConfig+0x408>)
 8000af4:	6852      	ldr	r2, [r2, #4]
 8000af6:	f002 020c 	and.w	r2, r2, #12
 8000afa:	2a08      	cmp	r2, #8
 8000afc:	d056      	beq.n	8000bac <HAL_RCC_OscConfig+0x3c8>
      if ((RCC_OscInitStruct->PLL.PLLState) == RCC_PLL_ON)
 8000afe:	2b02      	cmp	r3, #2
 8000b00:	d017      	beq.n	8000b32 <HAL_RCC_OscConfig+0x34e>
        __HAL_RCC_PLL_DISABLE();
 8000b02:	4b3b      	ldr	r3, [pc, #236]	@ (8000bf0 <HAL_RCC_OscConfig+0x40c>)
 8000b04:	2200      	movs	r2, #0
 8000b06:	661a      	str	r2, [r3, #96]	@ 0x60
        tickstart = HAL_GetTick();
 8000b08:	f7ff fc64 	bl	80003d4 <HAL_GetTick>
 8000b0c:	4604      	mov	r4, r0
        while (__HAL_RCC_GET_FLAG(RCC_FLAG_PLLRDY)  != RESET)
 8000b0e:	4b37      	ldr	r3, [pc, #220]	@ (8000bec <HAL_RCC_OscConfig+0x408>)
 8000b10:	681b      	ldr	r3, [r3, #0]
 8000b12:	f013 7f00 	tst.w	r3, #33554432	@ 0x2000000
 8000b16:	d047      	beq.n	8000ba8 <HAL_RCC_OscConfig+0x3c4>
          if ((HAL_GetTick() - tickstart) > PLL_TIMEOUT_VALUE)
 8000b18:	f7ff fc5c 	bl	80003d4 <HAL_GetTick>
 8000b1c:	1b00      	subs	r0, r0, r4
 8000b1e:	2802      	cmp	r0, #2
 8000b20:	d9f5      	bls.n	8000b0e <HAL_RCC_OscConfig+0x32a>
            return HAL_TIMEOUT;
 8000b22:	2003      	movs	r0, #3
 8000b24:	e059      	b.n	8000bda <HAL_RCC_OscConfig+0x3f6>
      __HAL_RCC_PWR_CLK_DISABLE();
 8000b26:	4a31      	ldr	r2, [pc, #196]	@ (8000bec <HAL_RCC_OscConfig+0x408>)
 8000b28:	69d3      	ldr	r3, [r2, #28]
 8000b2a:	f023 5380 	bic.w	r3, r3, #268435456	@ 0x10000000
 8000b2e:	61d3      	str	r3, [r2, #28]
 8000b30:	e7dc      	b.n	8000aec <HAL_RCC_OscConfig+0x308>
        __HAL_RCC_PLL_DISABLE();
 8000b32:	4b2f      	ldr	r3, [pc, #188]	@ (8000bf0 <HAL_RCC_OscConfig+0x40c>)
 8000b34:	2200      	movs	r2, #0
 8000b36:	661a      	str	r2, [r3, #96]	@ 0x60
        tickstart = HAL_GetTick();
 8000b38:	f7ff fc4c 	bl	80003d4 <HAL_GetTick>
 8000b3c:	4605      	mov	r5, r0
        while (__HAL_RCC_GET_FLAG(RCC_FLAG_PLLRDY)  != RESET)
 8000b3e:	4b2b      	ldr	r3, [pc, #172]	@ (8000bec <HAL_RCC_OscConfig+0x408>)
 8000b40:	681b      	ldr	r3, [r3, #0]
 8000b42:	f013 7f00 	tst.w	r3, #33554432	@ 0x2000000
 8000b46:	d006      	beq.n	8000b56 <HAL_RCC_OscConfig+0x372>
          if ((HAL_GetTick() - tickstart) > PLL_TIMEOUT_VALUE)
 8000b48:	f7ff fc44 	bl	80003d4 <HAL_GetTick>
 8000b4c:	1b40      	subs	r0, r0, r5
 8000b4e:	2802      	cmp	r0, #2
 8000b50:	d9f5      	bls.n	8000b3e <HAL_RCC_OscConfig+0x35a>
            return HAL_TIMEOUT;
 8000b52:	2003      	movs	r0, #3
 8000b54:	e041      	b.n	8000bda <HAL_RCC_OscConfig+0x3f6>
        if (RCC_OscInitStruct->PLL.PLLSource == RCC_PLLSOURCE_HSE)
 8000b56:	6a23      	ldr	r3, [r4, #32]
 8000b58:	f5b3 3f80 	cmp.w	r3, #65536	@ 0x10000
 8000b5c:	d01a      	beq.n	8000b94 <HAL_RCC_OscConfig+0x3b0>
        __HAL_RCC_PLL_CONFIG(RCC_OscInitStruct->PLL.PLLSource,
 8000b5e:	4923      	ldr	r1, [pc, #140]	@ (8000bec <HAL_RCC_OscConfig+0x408>)
 8000b60:	684b      	ldr	r3, [r1, #4]
 8000b62:	f423 1374 	bic.w	r3, r3, #3997696	@ 0x3d0000
 8000b66:	6a22      	ldr	r2, [r4, #32]
 8000b68:	6a60      	ldr	r0, [r4, #36]	@ 0x24
 8000b6a:	4302      	orrs	r2, r0
 8000b6c:	4313      	orrs	r3, r2
 8000b6e:	604b      	str	r3, [r1, #4]
        __HAL_RCC_PLL_ENABLE();
 8000b70:	4b1f      	ldr	r3, [pc, #124]	@ (8000bf0 <HAL_RCC_OscConfig+0x40c>)
 8000b72:	2201      	movs	r2, #1
 8000b74:	661a      	str	r2, [r3, #96]	@ 0x60
        tickstart = HAL_GetTick();
 8000b76:	f7ff fc2d 	bl	80003d4 <HAL_GetTick>
 8000b7a:	4604      	mov	r4, r0
        while (__HAL_RCC_GET_FLAG(RCC_FLAG_PLLRDY)  == RESET)
 8000b7c:	4b1b      	ldr	r3, [pc, #108]	@ (8000bec <HAL_RCC_OscConfig+0x408>)
 8000b7e:	681b      	ldr	r3, [r3, #0]
 8000b80:	f013 7f00 	tst.w	r3, #33554432	@ 0x2000000
 8000b84:	d10e      	bne.n	8000ba4 <HAL_RCC_OscConfig+0x3c0>
          if ((HAL_GetTick() - tickstart) > PLL_TIMEOUT_VALUE)
 8000b86:	f7ff fc25 	bl	80003d4 <HAL_GetTick>
 8000b8a:	1b00      	subs	r0, r0, r4
 8000b8c:	2802      	cmp	r0, #2
 8000b8e:	d9f5      	bls.n	8000b7c <HAL_RCC_OscConfig+0x398>
            return HAL_TIMEOUT;
 8000b90:	2003      	movs	r0, #3
 8000b92:	e022      	b.n	8000bda <HAL_RCC_OscConfig+0x3f6>
          __HAL_RCC_HSE_PREDIV_CONFIG(RCC_OscInitStruct->HSEPredivValue);
 8000b94:	4a15      	ldr	r2, [pc, #84]	@ (8000bec <HAL_RCC_OscConfig+0x408>)
 8000b96:	6853      	ldr	r3, [r2, #4]
 8000b98:	f423 3300 	bic.w	r3, r3, #131072	@ 0x20000
 8000b9c:	68a1      	ldr	r1, [r4, #8]
 8000b9e:	430b      	orrs	r3, r1
 8000ba0:	6053      	str	r3, [r2, #4]
 8000ba2:	e7dc      	b.n	8000b5e <HAL_RCC_OscConfig+0x37a>
  return HAL_OK;
 8000ba4:	2000      	movs	r0, #0
 8000ba6:	e018      	b.n	8000bda <HAL_RCC_OscConfig+0x3f6>
 8000ba8:	2000      	movs	r0, #0
 8000baa:	e016      	b.n	8000bda <HAL_RCC_OscConfig+0x3f6>
      if ((RCC_OscInitStruct->PLL.PLLState) == RCC_PLL_OFF)
 8000bac:	2b01      	cmp	r3, #1
 8000bae:	d016      	beq.n	8000bde <HAL_RCC_OscConfig+0x3fa>
        pll_config = RCC->CFGR;
 8000bb0:	4b0e      	ldr	r3, [pc, #56]	@ (8000bec <HAL_RCC_OscConfig+0x408>)
 8000bb2:	685b      	ldr	r3, [r3, #4]
        if ((READ_BIT(pll_config, RCC_CFGR_PLLSRC) != RCC_OscInitStruct->PLL.PLLSource) ||
 8000bb4:	f403 3180 	and.w	r1, r3, #65536	@ 0x10000
 8000bb8:	6a22      	ldr	r2, [r4, #32]
 8000bba:	4291      	cmp	r1, r2
 8000bbc:	d111      	bne.n	8000be2 <HAL_RCC_OscConfig+0x3fe>
            (READ_BIT(pll_config, RCC_CFGR_PLLMULL) != RCC_OscInitStruct->PLL.PLLMUL))
 8000bbe:	f403 1370 	and.w	r3, r3, #3932160	@ 0x3c0000
 8000bc2:	6a62      	ldr	r2, [r4, #36]	@ 0x24
        if ((READ_BIT(pll_config, RCC_CFGR_PLLSRC) != RCC_OscInitStruct->PLL.PLLSource) ||
 8000bc4:	4293      	cmp	r3, r2
 8000bc6:	d10e      	bne.n	8000be6 <HAL_RCC_OscConfig+0x402>
  return HAL_OK;
 8000bc8:	2000      	movs	r0, #0
 8000bca:	e006      	b.n	8000bda <HAL_RCC_OscConfig+0x3f6>
    return HAL_ERROR;
 8000bcc:	2001      	movs	r0, #1
}
 8000bce:	4770      	bx	lr
        return HAL_ERROR;
 8000bd0:	2001      	movs	r0, #1
 8000bd2:	e002      	b.n	8000bda <HAL_RCC_OscConfig+0x3f6>
        return HAL_ERROR;
 8000bd4:	2001      	movs	r0, #1
 8000bd6:	e000      	b.n	8000bda <HAL_RCC_OscConfig+0x3f6>
  return HAL_OK;
 8000bd8:	2000      	movs	r0, #0
}
 8000bda:	b002      	add	sp, #8
 8000bdc:	bd70      	pop	{r4, r5, r6, pc}
        return HAL_ERROR;
 8000bde:	2001      	movs	r0, #1
 8000be0:	e7fb      	b.n	8000bda <HAL_RCC_OscConfig+0x3f6>
          return HAL_ERROR;
 8000be2:	2001      	movs	r0, #1
 8000be4:	e7f9      	b.n	8000bda <HAL_RCC_OscConfig+0x3f6>
 8000be6:	2001      	movs	r0, #1
 8000be8:	e7f7      	b.n	8000bda <HAL_RCC_OscConfig+0x3f6>
 8000bea:	bf00      	nop
 8000bec:	40021000 	.word	0x40021000
 8000bf0:	42420000 	.word	0x42420000

08000bf4 <HAL_RCC_GetSysClockFreq>:
  tmpreg = RCC->CFGR;
 8000bf4:	4b0f      	ldr	r3, [pc, #60]	@ (8000c34 <HAL_RCC_GetSysClockFreq+0x40>)
 8000bf6:	685b      	ldr	r3, [r3, #4]
  switch (tmpreg & RCC_CFGR_SWS)
 8000bf8:	f003 020c 	and.w	r2, r3, #12
 8000bfc:	2a08      	cmp	r2, #8
 8000bfe:	d001      	beq.n	8000c04 <HAL_RCC_GetSysClockFreq+0x10>
      sysclockfreq = HSE_VALUE;
 8000c00:	480d      	ldr	r0, [pc, #52]	@ (8000c38 <HAL_RCC_GetSysClockFreq+0x44>)
}
 8000c02:	4770      	bx	lr
      pllmul = aPLLMULFactorTable[(uint32_t)(tmpreg & RCC_CFGR_PLLMULL) >> RCC_CFGR_PLLMULL_Pos];
 8000c04:	f3c3 4283 	ubfx	r2, r3, #18, #4
 8000c08:	490c      	ldr	r1, [pc, #48]	@ (8000c3c <HAL_RCC_GetSysClockFreq+0x48>)
 8000c0a:	5c88      	ldrb	r0, [r1, r2]
      if ((tmpreg & RCC_CFGR_PLLSRC) != RCC_PLLSOURCE_HSI_DIV2)
 8000c0c:	f413 3f80 	tst.w	r3, #65536	@ 0x10000
 8000c10:	d00b      	beq.n	8000c2a <HAL_RCC_GetSysClockFreq+0x36>
        prediv = aPredivFactorTable[(uint32_t)(RCC->CFGR & RCC_CFGR_PLLXTPRE) >> RCC_CFGR_PLLXTPRE_Pos];
 8000c12:	4b08      	ldr	r3, [pc, #32]	@ (8000c34 <HAL_RCC_GetSysClockFreq+0x40>)
 8000c14:	685b      	ldr	r3, [r3, #4]
 8000c16:	f3c3 4340 	ubfx	r3, r3, #17, #1
 8000c1a:	4a09      	ldr	r2, [pc, #36]	@ (8000c40 <HAL_RCC_GetSysClockFreq+0x4c>)
 8000c1c:	5cd3      	ldrb	r3, [r2, r3]
        pllclk = (uint32_t)((HSE_VALUE  * pllmul) / prediv);
 8000c1e:	4a06      	ldr	r2, [pc, #24]	@ (8000c38 <HAL_RCC_GetSysClockFreq+0x44>)
 8000c20:	fb02 f000 	mul.w	r0, r2, r0
 8000c24:	fbb0 f0f3 	udiv	r0, r0, r3
 8000c28:	4770      	bx	lr
        pllclk = (uint32_t)((HSI_VALUE >> 1) * pllmul);
 8000c2a:	4b06      	ldr	r3, [pc, #24]	@ (8000c44 <HAL_RCC_GetSysClockFreq+0x50>)
 8000c2c:	fb03 f000 	mul.w	r0, r3, r0
 8000c30:	4770      	bx	lr
 8000c32:	bf00      	nop
 8000c34:	40021000 	.word	0x40021000
 8000c38:	007a1200 	.word	0x007a1200
 8000c3c:	0800133c 	.word	0x0800133c
 8000c40:	08001338 	.word	0x08001338
 8000c44:	003d0900 	.word	0x003d0900

08000c48 <HAL_RCC_ClockConfig>:
  if (RCC_ClkInitStruct == NULL)
 8000c48:	2800      	cmp	r0, #0
 8000c4a:	f000 80a0 	beq.w	8000d8e <HAL_RCC_ClockConfig+0x146>
{
 8000c4e:	b570      	push	{r4, r5, r6, lr}
 8000c50:	460d      	mov	r5, r1
 8000c52:	4604      	mov	r4, r0
  if (FLatency > __HAL_FLASH_GET_LATENCY())
 8000c54:	4b52      	ldr	r3, [pc, #328]	@ (8000da0 <HAL_RCC_ClockConfig+0x158>)
 8000c56:	681b      	ldr	r3, [r3, #0]
 8000c58:	f003 0307 	and.w	r3, r3, #7
 8000c5c:	428b      	cmp	r3, r1
 8000c5e:	d20b      	bcs.n	8000c78 <HAL_RCC_ClockConfig+0x30>
    __HAL_FLASH_SET_LATENCY(FLatency);
 8000c60:	4a4f      	ldr	r2, [pc, #316]	@ (8000da0 <HAL_RCC_ClockConfig+0x158>)
 8000c62:	6813      	ldr	r3, [r2, #0]
 8000c64:	f023 0307 	bic.w	r3, r3, #7
 8000c68:	430b      	orrs	r3, r1
 8000c6a:	6013      	str	r3, [r2, #0]
    if (__HAL_FLASH_GET_LATENCY() != FLatency)
 8000c6c:	6813      	ldr	r3, [r2, #0]
 8000c6e:	f003 0307 	and.w	r3, r3, #7
 8000c72:	428b      	cmp	r3, r1
 8000c74:	f040 808d 	bne.w	8000d92 <HAL_RCC_ClockConfig+0x14a>
if (((RCC_ClkInitStruct->ClockType) & RCC_CLOCKTYPE_HCLK) == RCC_CLOCKTYPE_HCLK)
 8000c78:	6823      	ldr	r3, [r4, #0]
 8000c7a:	f013 0f02 	tst.w	r3, #2
 8000c7e:	d017      	beq.n	8000cb0 <HAL_RCC_ClockConfig+0x68>
    if (((RCC_ClkInitStruct->ClockType) & RCC_CLOCKTYPE_PCLK1) == RCC_CLOCKTYPE_PCLK1)
 8000c80:	f013 0f04 	tst.w	r3, #4
 8000c84:	d004      	beq.n	8000c90 <HAL_RCC_ClockConfig+0x48>
      MODIFY_REG(RCC->CFGR, RCC_CFGR_PPRE1, RCC_HCLK_DIV16);
 8000c86:	4a47      	ldr	r2, [pc, #284]	@ (8000da4 <HAL_RCC_ClockConfig+0x15c>)
 8000c88:	6853      	ldr	r3, [r2, #4]
 8000c8a:	f443 63e0 	orr.w	r3, r3, #1792	@ 0x700
 8000c8e:	6053      	str	r3, [r2, #4]
    if (((RCC_ClkInitStruct->ClockType) & RCC_CLOCKTYPE_PCLK2) == RCC_CLOCKTYPE_PCLK2)
 8000c90:	6823      	ldr	r3, [r4, #0]
 8000c92:	f013 0f08 	tst.w	r3, #8
 8000c96:	d004      	beq.n	8000ca2 <HAL_RCC_ClockConfig+0x5a>
      MODIFY_REG(RCC->CFGR, RCC_CFGR_PPRE2, (RCC_HCLK_DIV16 << 3));
 8000c98:	4a42      	ldr	r2, [pc, #264]	@ (8000da4 <HAL_RCC_ClockConfig+0x15c>)
 8000c9a:	6853      	ldr	r3, [r2, #4]
 8000c9c:	f443 5360 	orr.w	r3, r3, #14336	@ 0x3800
 8000ca0:	6053      	str	r3, [r2, #4]
    MODIFY_REG(RCC->CFGR, RCC_CFGR_HPRE, RCC_ClkInitStruct->AHBCLKDivider);
 8000ca2:	4a40      	ldr	r2, [pc, #256]	@ (8000da4 <HAL_RCC_ClockConfig+0x15c>)
 8000ca4:	6853      	ldr	r3, [r2, #4]
 8000ca6:	f023 03f0 	bic.w	r3, r3, #240	@ 0xf0
 8000caa:	68a1      	ldr	r1, [r4, #8]
 8000cac:	430b      	orrs	r3, r1
 8000cae:	6053      	str	r3, [r2, #4]
  if (((RCC_ClkInitStruct->ClockType) & RCC_CLOCKTYPE_SYSCLK) == RCC_CLOCKTYPE_SYSCLK)
 8000cb0:	6823      	ldr	r3, [r4, #0]
 8000cb2:	f013 0f01 	tst.w	r3, #1
 8000cb6:	d031      	beq.n	8000d1c <HAL_RCC_ClockConfig+0xd4>
    if (RCC_ClkInitStruct->SYSCLKSource == RCC_SYSCLKSOURCE_HSE)
 8000cb8:	6863      	ldr	r3, [r4, #4]
 8000cba:	2b01      	cmp	r3, #1
 8000cbc:	d020      	beq.n	8000d00 <HAL_RCC_ClockConfig+0xb8>
    else if (RCC_ClkInitStruct->SYSCLKSource == RCC_SYSCLKSOURCE_PLLCLK)
 8000cbe:	2b02      	cmp	r3, #2
 8000cc0:	d025      	beq.n	8000d0e <HAL_RCC_ClockConfig+0xc6>
      if (__HAL_RCC_GET_FLAG(RCC_FLAG_HSIRDY) == RESET)
 8000cc2:	4a38      	ldr	r2, [pc, #224]	@ (8000da4 <HAL_RCC_ClockConfig+0x15c>)
 8000cc4:	6812      	ldr	r2, [r2, #0]
 8000cc6:	f012 0f02 	tst.w	r2, #2
 8000cca:	d064      	beq.n	8000d96 <HAL_RCC_ClockConfig+0x14e>
    __HAL_RCC_SYSCLK_CONFIG(RCC_ClkInitStruct->SYSCLKSource);
 8000ccc:	4935      	ldr	r1, [pc, #212]	@ (8000da4 <HAL_RCC_ClockConfig+0x15c>)
 8000cce:	684a      	ldr	r2, [r1, #4]
 8000cd0:	f022 0203 	bic.w	r2, r2, #3
 8000cd4:	4313      	orrs	r3, r2
 8000cd6:	604b      	str	r3, [r1, #4]
    tickstart = HAL_GetTick();
 8000cd8:	f7ff fb7c 	bl	80003d4 <HAL_GetTick>
 8000cdc:	4606      	mov	r6, r0
    while (__HAL_RCC_GET_SYSCLK_SOURCE() != (RCC_ClkInitStruct->SYSCLKSource << RCC_CFGR_SWS_Pos))
 8000cde:	4b31      	ldr	r3, [pc, #196]	@ (8000da4 <HAL_RCC_ClockConfig+0x15c>)
 8000ce0:	685b      	ldr	r3, [r3, #4]
 8000ce2:	f003 030c 	and.w	r3, r3, #12
 8000ce6:	6862      	ldr	r2, [r4, #4]
 8000ce8:	ebb3 0f82 	cmp.w	r3, r2, lsl #2
 8000cec:	d016      	beq.n	8000d1c <HAL_RCC_ClockConfig+0xd4>
      if ((HAL_GetTick() - tickstart) > CLOCKSWITCH_TIMEOUT_VALUE)
 8000cee:	f7ff fb71 	bl	80003d4 <HAL_GetTick>
 8000cf2:	1b80      	subs	r0, r0, r6
 8000cf4:	f241 3388 	movw	r3, #5000	@ 0x1388
 8000cf8:	4298      	cmp	r0, r3
 8000cfa:	d9f0      	bls.n	8000cde <HAL_RCC_ClockConfig+0x96>
        return HAL_TIMEOUT;
 8000cfc:	2003      	movs	r0, #3
 8000cfe:	e045      	b.n	8000d8c <HAL_RCC_ClockConfig+0x144>
      if (__HAL_RCC_GET_FLAG(RCC_FLAG_HSERDY) == RESET)
 8000d00:	4a28      	ldr	r2, [pc, #160]	@ (8000da4 <HAL_RCC_ClockConfig+0x15c>)
 8000d02:	6812      	ldr	r2, [r2, #0]
 8000d04:	f412 3f00 	tst.w	r2, #131072	@ 0x20000
 8000d08:	d1e0      	bne.n	8000ccc <HAL_RCC_ClockConfig+0x84>
        return HAL_ERROR;
 8000d0a:	2001      	movs	r0, #1
 8000d0c:	e03e      	b.n	8000d8c <HAL_RCC_ClockConfig+0x144>
      if (__HAL_RCC_GET_FLAG(RCC_FLAG_PLLRDY) == RESET)
 8000d0e:	4a25      	ldr	r2, [pc, #148]	@ (8000da4 <HAL_RCC_ClockConfig+0x15c>)
 8000d10:	6812      	ldr	r2, [r2, #0]
 8000d12:	f012 7f00 	tst.w	r2, #33554432	@ 0x2000000
 8000d16:	d1d9      	bne.n	8000ccc <HAL_RCC_ClockConfig+0x84>
        return HAL_ERROR;
 8000d18:	2001      	movs	r0, #1
 8000d1a:	e037      	b.n	8000d8c <HAL_RCC_ClockConfig+0x144>
  if (FLatency < __HAL_FLASH_GET_LATENCY())
 8000d1c:	4b20      	ldr	r3, [pc, #128]	@ (8000da0 <HAL_RCC_ClockConfig+0x158>)
 8000d1e:	681b      	ldr	r3, [r3, #0]
 8000d20:	f003 0307 	and.w	r3, r3, #7
 8000d24:	42ab      	cmp	r3, r5
 8000d26:	d90a      	bls.n	8000d3e <HAL_RCC_ClockConfig+0xf6>
    __HAL_FLASH_SET_LATENCY(FLatency);
 8000d28:	4a1d      	ldr	r2, [pc, #116]	@ (8000da0 <HAL_RCC_ClockConfig+0x158>)
 8000d2a:	6813      	ldr	r3, [r2, #0]
 8000d2c:	f023 0307 	bic.w	r3, r3, #7
 8000d30:	432b      	orrs	r3, r5
 8000d32:	6013      	str	r3, [r2, #0]
    if (__HAL_FLASH_GET_LATENCY() != FLatency)
 8000d34:	6813      	ldr	r3, [r2, #0]
 8000d36:	f003 0307 	and.w	r3, r3, #7
 8000d3a:	42ab      	cmp	r3, r5
 8000d3c:	d12d      	bne.n	8000d9a <HAL_RCC_ClockConfig+0x152>
if (((RCC_ClkInitStruct->ClockType) & RCC_CLOCKTYPE_PCLK1) == RCC_CLOCKTYPE_PCLK1)
 8000d3e:	6823      	ldr	r3, [r4, #0]
 8000d40:	f013 0f04 	tst.w	r3, #4
 8000d44:	d006      	beq.n	8000d54 <HAL_RCC_ClockConfig+0x10c>
    MODIFY_REG(RCC->CFGR, RCC_CFGR_PPRE1, RCC_ClkInitStruct->APB1CLKDivider);
 8000d46:	4a17      	ldr	r2, [pc, #92]	@ (8000da4 <HAL_RCC_ClockConfig+0x15c>)
 8000d48:	6853      	ldr	r3, [r2, #4]
 8000d4a:	f423 63e0 	bic.w	r3, r3, #1792	@ 0x700
 8000d4e:	68e1      	ldr	r1, [r4, #12]
 8000d50:	430b      	orrs	r3, r1
 8000d52:	6053      	str	r3, [r2, #4]
  if (((RCC_ClkInitStruct->ClockType) & RCC_CLOCKTYPE_PCLK2) == RCC_CLOCKTYPE_PCLK2)
 8000d54:	6823      	ldr	r3, [r4, #0]
 8000d56:	f013 0f08 	tst.w	r3, #8
 8000d5a:	d007      	beq.n	8000d6c <HAL_RCC_ClockConfig+0x124>
    MODIFY_REG(RCC->CFGR, RCC_CFGR_PPRE2, ((RCC_ClkInitStruct->APB2CLKDivider) << 3));
 8000d5c:	4a11      	ldr	r2, [pc, #68]	@ (8000da4 <HAL_RCC_ClockConfig+0x15c>)
 8000d5e:	6853      	ldr	r3, [r2, #4]
 8000d60:	f423 5360 	bic.w	r3, r3, #14336	@ 0x3800
 8000d64:	6921      	ldr	r1, [r4, #16]
 8000d66:	ea43 03c1 	orr.w	r3, r3, r1, lsl #3
 8000d6a:	6053      	str	r3, [r2, #4]
  SystemCoreClock = HAL_RCC_GetSysClockFreq() >> AHBPrescTable[(RCC->CFGR & RCC_CFGR_HPRE) >> RCC_CFGR_HPRE_Pos];
 8000d6c:	f7ff ff42 	bl	8000bf4 <HAL_RCC_GetSysClockFreq>
 8000d70:	4b0c      	ldr	r3, [pc, #48]	@ (8000da4 <HAL_RCC_ClockConfig+0x15c>)
 8000d72:	685b      	ldr	r3, [r3, #4]
 8000d74:	f3c3 1303 	ubfx	r3, r3, #4, #4
 8000d78:	4a0b      	ldr	r2, [pc, #44]	@ (8000da8 <HAL_RCC_ClockConfig+0x160>)
 8000d7a:	5cd3      	ldrb	r3, [r2, r3]
 8000d7c:	40d8      	lsrs	r0, r3
 8000d7e:	4b0b      	ldr	r3, [pc, #44]	@ (8000dac <HAL_RCC_ClockConfig+0x164>)
 8000d80:	6018      	str	r0, [r3, #0]
  HAL_InitTick(uwTickPrio);
 8000d82:	4b0b      	ldr	r3, [pc, #44]	@ (8000db0 <HAL_RCC_ClockConfig+0x168>)
 8000d84:	6818      	ldr	r0, [r3, #0]
 8000d86:	f7ff fae1 	bl	800034c <HAL_InitTick>
  return HAL_OK;
 8000d8a:	2000      	movs	r0, #0
}
 8000d8c:	bd70      	pop	{r4, r5, r6, pc}
    return HAL_ERROR;
 8000d8e:	2001      	movs	r0, #1
}
 8000d90:	4770      	bx	lr
    return HAL_ERROR;
 8000d92:	2001      	movs	r0, #1
 8000d94:	e7fa      	b.n	8000d8c <HAL_RCC_ClockConfig+0x144>
        return HAL_ERROR;
 8000d96:	2001      	movs	r0, #1
 8000d98:	e7f8      	b.n	8000d8c <HAL_RCC_ClockConfig+0x144>
    return HAL_ERROR;
 8000d9a:	2001      	movs	r0, #1
 8000d9c:	e7f6      	b.n	8000d8c <HAL_RCC_ClockConfig+0x144>
 8000d9e:	bf00      	nop
 8000da0:	40022000 	.word	0x40022000
 8000da4:	40021000 	.word	0x40021000
 8000da8:	0800134c 	.word	0x0800134c
 8000dac:	20000008 	.word	0x20000008
 8000db0:	20000004 	.word	0x20000004

08000db4 <TIM_TI1_ConfigInputStage>:
  * @param  TIM_ICFilter Specifies the Input Capture Filter.
  *          This parameter must be a value between 0x00 and 0x0F.
  * @retval None
  */
static void TIM_TI1_ConfigInputStage(TIM_TypeDef *TIMx, uint32_t TIM_ICPolarity, uint32_t TIM_ICFilter)
{
 8000db4:	b410      	push	{r4}
  uint32_t tmpccmr1;
  uint32_t tmpccer;

  /* Disable the Channel 1: Reset the CC1E Bit */
  tmpccer = TIMx->CCER;
 8000db6:	6a03      	ldr	r3, [r0, #32]
  TIMx->CCER &= ~TIM_CCER_CC1E;
 8000db8:	6a04      	ldr	r4, [r0, #32]
 8000dba:	f024 0401 	bic.w	r4, r4, #1
 8000dbe:	6204      	str	r4, [r0, #32]
  tmpccmr1 = TIMx->CCMR1;
 8000dc0:	6984      	ldr	r4, [r0, #24]

  /* Set the filter */
  tmpccmr1 &= ~TIM_CCMR1_IC1F;
 8000dc2:	f024 0cf0 	bic.w	ip, r4, #240	@ 0xf0
  tmpccmr1 |= (TIM_ICFilter << 4U);
 8000dc6:	ea4c 1202 	orr.w	r2, ip, r2, lsl #4

  /* Select the Polarity and set the CC1E Bit */
  tmpccer &= ~(TIM_CCER_CC1P | TIM_CCER_CC1NP);
 8000dca:	f023 030a 	bic.w	r3, r3, #10
  tmpccer |= TIM_ICPolarity;
 8000dce:	430b      	orrs	r3, r1

  /* Write to TIMx CCMR1 and CCER registers */
  TIMx->CCMR1 = tmpccmr1;
 8000dd0:	6182      	str	r2, [r0, #24]
  TIMx->CCER = tmpccer;
 8000dd2:	6203      	str	r3, [r0, #32]
}
 8000dd4:	bc10      	pop	{r4}
 8000dd6:	4770      	bx	lr

08000dd8 <TIM_TI2_ConfigInputStage>:
  * @param  TIM_ICFilter Specifies the Input Capture Filter.
  *          This parameter must be a value between 0x00 and 0x0F.
  * @retval None
  */
static void TIM_TI2_ConfigInputStage(TIM_TypeDef *TIMx, uint32_t TIM_ICPolarity, uint32_t TIM_ICFilter)
{
 8000dd8:	b410      	push	{r4}
  uint32_t tmpccmr1;
  uint32_t tmpccer;

  /* Disable the Channel 2: Reset the CC2E Bit */
  tmpccer = TIMx->CCER;
 8000dda:	6a03      	ldr	r3, [r0, #32]
  TIMx->CCER &= ~TIM_CCER_CC2E;
 8000ddc:	6a04      	ldr	r4, [r0, #32]
 8000dde:	f024 0410 	bic.w	r4, r4, #16
 8000de2:	6204      	str	r4, [r0, #32]
  tmpccmr1 = TIMx->CCMR1;
 8000de4:	6984      	ldr	r4, [r0, #24]

  /* Set the filter */
  tmpccmr1 &= ~TIM_CCMR1_IC2F;
 8000de6:	f424 4c70 	bic.w	ip, r4, #61440	@ 0xf000
  tmpccmr1 |= (TIM_ICFilter << 12U);
 8000dea:	ea4c 3202 	orr.w	r2, ip, r2, lsl #12

  /* Select the Polarity and set the CC2E Bit */
  tmpccer &= ~(TIM_CCER_CC2P | TIM_CCER_CC2NP);
 8000dee:	f023 03a0 	bic.w	r3, r3, #160	@ 0xa0
  tmpccer |= (TIM_ICPolarity << 4U);
 8000df2:	ea43 1301 	orr.w	r3, r3, r1, lsl #4

  /* Write to TIMx CCMR1 and CCER registers */
  TIMx->CCMR1 = tmpccmr1 ;
 8000df6:	6182      	str	r2, [r0, #24]
  TIMx->CCER = tmpccer;
 8000df8:	6203      	str	r3, [r0, #32]
}
 8000dfa:	bc10      	pop	{r4}
 8000dfc:	4770      	bx	lr

08000dfe <TIM_ITRx_SetConfig>:
static void TIM_ITRx_SetConfig(TIM_TypeDef *TIMx, uint32_t InputTriggerSource)
{
  uint32_t tmpsmcr;

  /* Get the TIMx SMCR register value */
  tmpsmcr = TIMx->SMCR;
 8000dfe:	6883      	ldr	r3, [r0, #8]
  /* Reset the TS Bits */
  tmpsmcr &= ~TIM_SMCR_TS;
 8000e00:	f023 0370 	bic.w	r3, r3, #112	@ 0x70
  /* Set the Input Trigger source and the slave mode*/
  tmpsmcr |= (InputTriggerSource | TIM_SLAVEMODE_EXTERNAL1);
 8000e04:	430b      	orrs	r3, r1
 8000e06:	f043 0307 	orr.w	r3, r3, #7
  /* Write to TIMx SMCR */
  TIMx->SMCR = tmpsmcr;
 8000e0a:	6083      	str	r3, [r0, #8]
}
 8000e0c:	4770      	bx	lr
	...

08000e10 <HAL_TIM_Base_Start_IT>:
  if (htim->State != HAL_TIM_STATE_READY)
 8000e10:	f890 303d 	ldrb.w	r3, [r0, #61]	@ 0x3d
 8000e14:	2b01      	cmp	r3, #1
 8000e16:	d127      	bne.n	8000e68 <HAL_TIM_Base_Start_IT+0x58>
  htim->State = HAL_TIM_STATE_BUSY;
 8000e18:	2302      	movs	r3, #2
 8000e1a:	f880 303d 	strb.w	r3, [r0, #61]	@ 0x3d
  __HAL_TIM_ENABLE_IT(htim, TIM_IT_UPDATE);
 8000e1e:	6802      	ldr	r2, [r0, #0]
 8000e20:	68d3      	ldr	r3, [r2, #12]
 8000e22:	f043 0301 	orr.w	r3, r3, #1
 8000e26:	60d3      	str	r3, [r2, #12]
  if (IS_TIM_SLAVE_INSTANCE(htim->Instance))
 8000e28:	6803      	ldr	r3, [r0, #0]
 8000e2a:	4a11      	ldr	r2, [pc, #68]	@ (8000e70 <HAL_TIM_Base_Start_IT+0x60>)
 8000e2c:	4293      	cmp	r3, r2
 8000e2e:	d010      	beq.n	8000e52 <HAL_TIM_Base_Start_IT+0x42>
 8000e30:	f1b3 4f80 	cmp.w	r3, #1073741824	@ 0x40000000
 8000e34:	d00d      	beq.n	8000e52 <HAL_TIM_Base_Start_IT+0x42>
 8000e36:	f5a2 3294 	sub.w	r2, r2, #75776	@ 0x12800
 8000e3a:	4293      	cmp	r3, r2
 8000e3c:	d009      	beq.n	8000e52 <HAL_TIM_Base_Start_IT+0x42>
 8000e3e:	f502 6280 	add.w	r2, r2, #1024	@ 0x400
 8000e42:	4293      	cmp	r3, r2
 8000e44:	d005      	beq.n	8000e52 <HAL_TIM_Base_Start_IT+0x42>
    __HAL_TIM_ENABLE(htim);
 8000e46:	681a      	ldr	r2, [r3, #0]
 8000e48:	f042 0201 	orr.w	r2, r2, #1
 8000e4c:	601a      	str	r2, [r3, #0]
  return HAL_OK;
 8000e4e:	2000      	movs	r0, #0
 8000e50:	4770      	bx	lr
    tmpsmcr = htim->Instance->SMCR & TIM_SMCR_SMS;
 8000e52:	689a      	ldr	r2, [r3, #8]
 8000e54:	f002 0207 	and.w	r2, r2, #7
    if (!IS_TIM_SLAVEMODE_TRIGGER_ENABLED(tmpsmcr))
 8000e58:	2a06      	cmp	r2, #6
 8000e5a:	d007      	beq.n	8000e6c <HAL_TIM_Base_Start_IT+0x5c>
      __HAL_TIM_ENABLE(htim);
 8000e5c:	681a      	ldr	r2, [r3, #0]
 8000e5e:	f042 0201 	orr.w	r2, r2, #1
 8000e62:	601a      	str	r2, [r3, #0]
  return HAL_OK;
 8000e64:	2000      	movs	r0, #0
 8000e66:	4770      	bx	lr
    return HAL_ERROR;
 8000e68:	2001      	movs	r0, #1
 8000e6a:	4770      	bx	lr
  return HAL_OK;
 8000e6c:	2000      	movs	r0, #0
}
 8000e6e:	4770      	bx	lr
 8000e70:	40012c00 	.word	0x40012c00

08000e74 <HAL_TIM_OC_DelayElapsedCallback>:
}
 8000e74:	4770      	bx	lr

08000e76 <HAL_TIM_IC_CaptureCallback>:
}
 8000e76:	4770      	bx	lr

08000e78 <HAL_TIM_PWM_PulseFinishedCallback>:
}
 8000e78:	4770      	bx	lr

08000e7a <HAL_TIM_TriggerCallback>:
}
 8000e7a:	4770      	bx	lr

08000e7c <HAL_TIM_IRQHandler>:
{
 8000e7c:	b570      	push	{r4, r5, r6, lr}
 8000e7e:	4604      	mov	r4, r0
  uint32_t itsource = htim->Instance->DIER;
 8000e80:	6803      	ldr	r3, [r0, #0]
 8000e82:	68de      	ldr	r6, [r3, #12]
  uint32_t itflag   = htim->Instance->SR;
 8000e84:	691d      	ldr	r5, [r3, #16]
  if ((itflag & (TIM_FLAG_CC1)) == (TIM_FLAG_CC1))
 8000e86:	f015 0f02 	tst.w	r5, #2
 8000e8a:	d010      	beq.n	8000eae <HAL_TIM_IRQHandler+0x32>
    if ((itsource & (TIM_IT_CC1)) == (TIM_IT_CC1))
 8000e8c:	f016 0f02 	tst.w	r6, #2
 8000e90:	d00d      	beq.n	8000eae <HAL_TIM_IRQHandler+0x32>
        __HAL_TIM_CLEAR_FLAG(htim, TIM_FLAG_CC1);
 8000e92:	f06f 0202 	mvn.w	r2, #2
 8000e96:	611a      	str	r2, [r3, #16]
        htim->Channel = HAL_TIM_ACTIVE_CHANNEL_1;
 8000e98:	2301      	movs	r3, #1
 8000e9a:	7703      	strb	r3, [r0, #28]
        if ((htim->Instance->CCMR1 & TIM_CCMR1_CC1S) != 0x00U)
 8000e9c:	6803      	ldr	r3, [r0, #0]
 8000e9e:	699b      	ldr	r3, [r3, #24]
 8000ea0:	f013 0f03 	tst.w	r3, #3
 8000ea4:	d05e      	beq.n	8000f64 <HAL_TIM_IRQHandler+0xe8>
          HAL_TIM_IC_CaptureCallback(htim);
 8000ea6:	f7ff ffe6 	bl	8000e76 <HAL_TIM_IC_CaptureCallback>
        htim->Channel = HAL_TIM_ACTIVE_CHANNEL_CLEARED;
 8000eaa:	2300      	movs	r3, #0
 8000eac:	7723      	strb	r3, [r4, #28]
  if ((itflag & (TIM_FLAG_CC2)) == (TIM_FLAG_CC2))
 8000eae:	f015 0f04 	tst.w	r5, #4
 8000eb2:	d012      	beq.n	8000eda <HAL_TIM_IRQHandler+0x5e>
    if ((itsource & (TIM_IT_CC2)) == (TIM_IT_CC2))
 8000eb4:	f016 0f04 	tst.w	r6, #4
 8000eb8:	d00f      	beq.n	8000eda <HAL_TIM_IRQHandler+0x5e>
      __HAL_TIM_CLEAR_FLAG(htim, TIM_FLAG_CC2);
 8000eba:	6823      	ldr	r3, [r4, #0]
 8000ebc:	f06f 0204 	mvn.w	r2, #4
 8000ec0:	611a      	str	r2, [r3, #16]
      htim->Channel = HAL_TIM_ACTIVE_CHANNEL_2;
 8000ec2:	2302      	movs	r3, #2
 8000ec4:	7723      	strb	r3, [r4, #28]
      if ((htim->Instance->CCMR1 & TIM_CCMR1_CC2S) != 0x00U)
 8000ec6:	6823      	ldr	r3, [r4, #0]
 8000ec8:	699b      	ldr	r3, [r3, #24]
 8000eca:	f413 7f40 	tst.w	r3, #768	@ 0x300
 8000ece:	d04f      	beq.n	8000f70 <HAL_TIM_IRQHandler+0xf4>
        HAL_TIM_IC_CaptureCallback(htim);
 8000ed0:	4620      	mov	r0, r4
 8000ed2:	f7ff ffd0 	bl	8000e76 <HAL_TIM_IC_CaptureCallback>
      htim->Channel = HAL_TIM_ACTIVE_CHANNEL_CLEARED;
 8000ed6:	2300      	movs	r3, #0
 8000ed8:	7723      	strb	r3, [r4, #28]
  if ((itflag & (TIM_FLAG_CC3)) == (TIM_FLAG_CC3))
 8000eda:	f015 0f08 	tst.w	r5, #8
 8000ede:	d012      	beq.n	8000f06 <HAL_TIM_IRQHandler+0x8a>
    if ((itsource & (TIM_IT_CC3)) == (TIM_IT_CC3))
 8000ee0:	f016 0f08 	tst.w	r6, #8
 8000ee4:	d00f      	beq.n	8000f06 <HAL_TIM_IRQHandler+0x8a>
      __HAL_TIM_CLEAR_FLAG(htim, TIM_FLAG_CC3);
 8000ee6:	6823      	ldr	r3, [r4, #0]
 8000ee8:	f06f 0208 	mvn.w	r2, #8
 8000eec:	611a      	str	r2, [r3, #16]
      htim->Channel = HAL_TIM_ACTIVE_CHANNEL_3;
 8000eee:	2304      	movs	r3, #4
 8000ef0:	7723      	strb	r3, [r4, #28]
      if ((htim->Instance->CCMR2 & TIM_CCMR2_CC3S) != 0x00U)
 8000ef2:	6823      	ldr	r3, [r4, #0]
 8000ef4:	69db      	ldr	r3, [r3, #28]
 8000ef6:	f013 0f03 	tst.w	r3, #3
 8000efa:	d040      	beq.n	8000f7e <HAL_TIM_IRQHandler+0x102>
        HAL_TIM_IC_CaptureCallback(htim);
 8000efc:	4620      	mov	r0, r4
 8000efe:	f7ff ffba 	bl	8000e76 <HAL_TIM_IC_CaptureCallback>
      htim->Channel = HAL_TIM_ACTIVE_CHANNEL_CLEARED;
 8000f02:	2300      	movs	r3, #0
 8000f04:	7723      	strb	r3, [r4, #28]
  if ((itflag & (TIM_FLAG_CC4)) == (TIM_FLAG_CC4))
 8000f06:	f015 0f10 	tst.w	r5, #16
 8000f0a:	d012      	beq.n	8000f32 <HAL_TIM_IRQHandler+0xb6>
    if ((itsource & (TIM_IT_CC4)) == (TIM_IT_CC4))
 8000f0c:	f016 0f10 	tst.w	r6, #16
 8000f10:	d00f      	beq.n	8000f32 <HAL_TIM_IRQHandler+0xb6>
      __HAL_TIM_CLEAR_FLAG(htim, TIM_FLAG_CC4);
 8000f12:	6823      	ldr	r3, [r4, #0]
 8000f14:	f06f 0210 	mvn.w	r2, #16
 8000f18:	611a      	str	r2, [r3, #16]
      htim->Channel = HAL_TIM_ACTIVE_CHANNEL_4;
 8000f1a:	2308      	movs	r3, #8
 8000f1c:	7723      	strb	r3, [r4, #28]
      if ((htim->Instance->CCMR2 & TIM_CCMR2_CC4S) != 0x00U)
 8000f1e:	6823      	ldr	r3, [r4, #0]
 8000f20:	69db      	ldr	r3, [r3, #28]
 8000f22:	f413 7f40 	tst.w	r3, #768	@ 0x300
 8000f26:	d031      	beq.n	8000f8c <HAL_TIM_IRQHandler+0x110>
        HAL_TIM_IC_CaptureCallback(htim);
 8000f28:	4620      	mov	r0, r4
 8000f2a:	f7ff ffa4 	bl	8000e76 <HAL_TIM_IC_CaptureCallback>
      htim->Channel = HAL_TIM_ACTIVE_CHANNEL_CLEARED;
 8000f2e:	2300      	movs	r3, #0
 8000f30:	7723      	strb	r3, [r4, #28]
  if ((itflag & (TIM_FLAG_UPDATE)) == (TIM_FLAG_UPDATE))
 8000f32:	f015 0f01 	tst.w	r5, #1
 8000f36:	d002      	beq.n	8000f3e <HAL_TIM_IRQHandler+0xc2>
    if ((itsource & (TIM_IT_UPDATE)) == (TIM_IT_UPDATE))
 8000f38:	f016 0f01 	tst.w	r6, #1
 8000f3c:	d12d      	bne.n	8000f9a <HAL_TIM_IRQHandler+0x11e>
  if ((itflag & (TIM_FLAG_BREAK)) == (TIM_FLAG_BREAK))
 8000f3e:	f015 0f80 	tst.w	r5, #128	@ 0x80
 8000f42:	d002      	beq.n	8000f4a <HAL_TIM_IRQHandler+0xce>
    if ((itsource & (TIM_IT_BREAK)) == (TIM_IT_BREAK))
 8000f44:	f016 0f80 	tst.w	r6, #128	@ 0x80
 8000f48:	d12f      	bne.n	8000faa <HAL_TIM_IRQHandler+0x12e>
  if ((itflag & (TIM_FLAG_TRIGGER)) == (TIM_FLAG_TRIGGER))
 8000f4a:	f015 0f40 	tst.w	r5, #64	@ 0x40
 8000f4e:	d002      	beq.n	8000f56 <HAL_TIM_IRQHandler+0xda>
    if ((itsource & (TIM_IT_TRIGGER)) == (TIM_IT_TRIGGER))
 8000f50:	f016 0f40 	tst.w	r6, #64	@ 0x40
 8000f54:	d131      	bne.n	8000fba <HAL_TIM_IRQHandler+0x13e>
  if ((itflag & (TIM_FLAG_COM)) == (TIM_FLAG_COM))
 8000f56:	f015 0f20 	tst.w	r5, #32
 8000f5a:	d002      	beq.n	8000f62 <HAL_TIM_IRQHandler+0xe6>
    if ((itsource & (TIM_IT_COM)) == (TIM_IT_COM))
 8000f5c:	f016 0f20 	tst.w	r6, #32
 8000f60:	d133      	bne.n	8000fca <HAL_TIM_IRQHandler+0x14e>
}
 8000f62:	bd70      	pop	{r4, r5, r6, pc}
          HAL_TIM_OC_DelayElapsedCallback(htim);
 8000f64:	f7ff ff86 	bl	8000e74 <HAL_TIM_OC_DelayElapsedCallback>
          HAL_TIM_PWM_PulseFinishedCallback(htim);
 8000f68:	4620      	mov	r0, r4
 8000f6a:	f7ff ff85 	bl	8000e78 <HAL_TIM_PWM_PulseFinishedCallback>
 8000f6e:	e79c      	b.n	8000eaa <HAL_TIM_IRQHandler+0x2e>
        HAL_TIM_OC_DelayElapsedCallback(htim);
 8000f70:	4620      	mov	r0, r4
 8000f72:	f7ff ff7f 	bl	8000e74 <HAL_TIM_OC_DelayElapsedCallback>
        HAL_TIM_PWM_PulseFinishedCallback(htim);
 8000f76:	4620      	mov	r0, r4
 8000f78:	f7ff ff7e 	bl	8000e78 <HAL_TIM_PWM_PulseFinishedCallback>
 8000f7c:	e7ab      	b.n	8000ed6 <HAL_TIM_IRQHandler+0x5a>
        HAL_TIM_OC_DelayElapsedCallback(htim);
 8000f7e:	4620      	mov	r0, r4
 8000f80:	f7ff ff78 	bl	8000e74 <HAL_TIM_OC_DelayElapsedCallback>
        HAL_TIM_PWM_PulseFinishedCallback(htim);
 8000f84:	4620      	mov	r0, r4
 8000f86:	f7ff ff77 	bl	8000e78 <HAL_TIM_PWM_PulseFinishedCallback>
 8000f8a:	e7ba      	b.n	8000f02 <HAL_TIM_IRQHandler+0x86>
        HAL_TIM_OC_DelayElapsedCallback(htim);
 8000f8c:	4620      	mov	r0, r4
 8000f8e:	f7ff ff71 	bl	8000e74 <HAL_TIM_OC_DelayElapsedCallback>
        HAL_TIM_PWM_PulseFinishedCallback(htim);
 8000f92:	4620      	mov	r0, r4
 8000f94:	f7ff ff70 	bl	8000e78 <HAL_TIM_PWM_PulseFinishedCallback>
 8000f98:	e7c9      	b.n	8000f2e <HAL_TIM_IRQHandler+0xb2>
      __HAL_TIM_CLEAR_FLAG(htim, TIM_FLAG_UPDATE);
 8000f9a:	6823      	ldr	r3, [r4, #0]
 8000f9c:	f06f 0201 	mvn.w	r2, #1
 8000fa0:	611a      	str	r2, [r3, #16]
      HAL_TIM_PeriodElapsedCallback(htim);
 8000fa2:	4620      	mov	r0, r4
 8000fa4:	f7ff f904 	bl	80001b0 <HAL_TIM_PeriodElapsedCallback>
 8000fa8:	e7c9      	b.n	8000f3e <HAL_TIM_IRQHandler+0xc2>
      __HAL_TIM_CLEAR_FLAG(htim, TIM_FLAG_BREAK);
 8000faa:	6823      	ldr	r3, [r4, #0]
 8000fac:	f06f 0280 	mvn.w	r2, #128	@ 0x80
 8000fb0:	611a      	str	r2, [r3, #16]
      HAL_TIMEx_BreakCallback(htim);
 8000fb2:	4620      	mov	r0, r4
 8000fb4:	f000 f943 	bl	800123e <HAL_TIMEx_BreakCallback>
 8000fb8:	e7c7      	b.n	8000f4a <HAL_TIM_IRQHandler+0xce>
      __HAL_TIM_CLEAR_FLAG(htim, TIM_FLAG_TRIGGER);
 8000fba:	6823      	ldr	r3, [r4, #0]
 8000fbc:	f06f 0240 	mvn.w	r2, #64	@ 0x40
 8000fc0:	611a      	str	r2, [r3, #16]
      HAL_TIM_TriggerCallback(htim);
 8000fc2:	4620      	mov	r0, r4
 8000fc4:	f7ff ff59 	bl	8000e7a <HAL_TIM_TriggerCallback>
 8000fc8:	e7c5      	b.n	8000f56 <HAL_TIM_IRQHandler+0xda>
      __HAL_TIM_CLEAR_FLAG(htim, TIM_FLAG_COM);
 8000fca:	6823      	ldr	r3, [r4, #0]
 8000fcc:	f06f 0220 	mvn.w	r2, #32
 8000fd0:	611a      	str	r2, [r3, #16]
      HAL_TIMEx_CommutCallback(htim);
 8000fd2:	4620      	mov	r0, r4
 8000fd4:	f000 f932 	bl	800123c <HAL_TIMEx_CommutCallback>
}
 8000fd8:	e7c3      	b.n	8000f62 <HAL_TIM_IRQHandler+0xe6>
	...

08000fdc <TIM_Base_SetConfig>:
  tmpcr1 = TIMx->CR1;
 8000fdc:	6803      	ldr	r3, [r0, #0]
  if (IS_TIM_COUNTER_MODE_SELECT_INSTANCE(TIMx))
 8000fde:	4a1f      	ldr	r2, [pc, #124]	@ (800105c <TIM_Base_SetConfig+0x80>)
 8000fe0:	4290      	cmp	r0, r2
 8000fe2:	d00a      	beq.n	8000ffa <TIM_Base_SetConfig+0x1e>
 8000fe4:	f1b0 4f80 	cmp.w	r0, #1073741824	@ 0x40000000
 8000fe8:	d007      	beq.n	8000ffa <TIM_Base_SetConfig+0x1e>
 8000fea:	f5a2 3294 	sub.w	r2, r2, #75776	@ 0x12800
 8000fee:	4290      	cmp	r0, r2
 8000ff0:	d003      	beq.n	8000ffa <TIM_Base_SetConfig+0x1e>
 8000ff2:	f502 6280 	add.w	r2, r2, #1024	@ 0x400
 8000ff6:	4290      	cmp	r0, r2
 8000ff8:	d103      	bne.n	8001002 <TIM_Base_SetConfig+0x26>
    tmpcr1 &= ~(TIM_CR1_DIR | TIM_CR1_CMS);
 8000ffa:	f023 0370 	bic.w	r3, r3, #112	@ 0x70
    tmpcr1 |= Structure->CounterMode;
 8000ffe:	684a      	ldr	r2, [r1, #4]
 8001000:	4313      	orrs	r3, r2
  if (IS_TIM_CLOCK_DIVISION_INSTANCE(TIMx))
 8001002:	4a16      	ldr	r2, [pc, #88]	@ (800105c <TIM_Base_SetConfig+0x80>)
 8001004:	4290      	cmp	r0, r2
 8001006:	d00a      	beq.n	800101e <TIM_Base_SetConfig+0x42>
 8001008:	f1b0 4f80 	cmp.w	r0, #1073741824	@ 0x40000000
 800100c:	d007      	beq.n	800101e <TIM_Base_SetConfig+0x42>
 800100e:	f5a2 3294 	sub.w	r2, r2, #75776	@ 0x12800
 8001012:	4290      	cmp	r0, r2
 8001014:	d003      	beq.n	800101e <TIM_Base_SetConfig+0x42>
 8001016:	f502 6280 	add.w	r2, r2, #1024	@ 0x400
 800101a:	4290      	cmp	r0, r2
 800101c:	d103      	bne.n	8001026 <TIM_Base_SetConfig+0x4a>
    tmpcr1 &= ~TIM_CR1_CKD;
 800101e:	f423 7340 	bic.w	r3, r3, #768	@ 0x300
    tmpcr1 |= (uint32_t)Structure->ClockDivision;
 8001022:	68ca      	ldr	r2, [r1, #12]
 8001024:	4313      	orrs	r3, r2
  MODIFY_REG(tmpcr1, TIM_CR1_ARPE, Structure->AutoReloadPreload);
 8001026:	f023 0380 	bic.w	r3, r3, #128	@ 0x80
 800102a:	694a      	ldr	r2, [r1, #20]
 800102c:	4313      	orrs	r3, r2
  TIMx->CR1 = tmpcr1;
 800102e:	6003      	str	r3, [r0, #0]
  TIMx->ARR = (uint32_t)Structure->Period ;
 8001030:	688b      	ldr	r3, [r1, #8]
 8001032:	62c3      	str	r3, [r0, #44]	@ 0x2c
  TIMx->PSC = Structure->Prescaler;
 8001034:	680b      	ldr	r3, [r1, #0]
 8001036:	6283      	str	r3, [r0, #40]	@ 0x28
  if (IS_TIM_REPETITION_COUNTER_INSTANCE(TIMx))
 8001038:	4b08      	ldr	r3, [pc, #32]	@ (800105c <TIM_Base_SetConfig+0x80>)
 800103a:	4298      	cmp	r0, r3
 800103c:	d00a      	beq.n	8001054 <TIM_Base_SetConfig+0x78>
  TIMx->EGR = TIM_EGR_UG;
 800103e:	2301      	movs	r3, #1
 8001040:	6143      	str	r3, [r0, #20]
  if (HAL_IS_BIT_SET(TIMx->SR, TIM_FLAG_UPDATE))
 8001042:	6903      	ldr	r3, [r0, #16]
 8001044:	f013 0f01 	tst.w	r3, #1
 8001048:	d003      	beq.n	8001052 <TIM_Base_SetConfig+0x76>
    CLEAR_BIT(TIMx->SR, TIM_FLAG_UPDATE);
 800104a:	6903      	ldr	r3, [r0, #16]
 800104c:	f023 0301 	bic.w	r3, r3, #1
 8001050:	6103      	str	r3, [r0, #16]
}
 8001052:	4770      	bx	lr
    TIMx->RCR = Structure->RepetitionCounter;
 8001054:	690b      	ldr	r3, [r1, #16]
 8001056:	6303      	str	r3, [r0, #48]	@ 0x30
 8001058:	e7f1      	b.n	800103e <TIM_Base_SetConfig+0x62>
 800105a:	bf00      	nop
 800105c:	40012c00 	.word	0x40012c00

08001060 <HAL_TIM_Base_Init>:
  if (htim == NULL)
 8001060:	b340      	cbz	r0, 80010b4 <HAL_TIM_Base_Init+0x54>
{
 8001062:	b510      	push	{r4, lr}
 8001064:	4604      	mov	r4, r0
  if (htim->State == HAL_TIM_STATE_RESET)
 8001066:	f890 303d 	ldrb.w	r3, [r0, #61]	@ 0x3d
 800106a:	b1f3      	cbz	r3, 80010aa <HAL_TIM_Base_Init+0x4a>
  htim->State = HAL_TIM_STATE_BUSY;
 800106c:	2302      	movs	r3, #2
 800106e:	f884 303d 	strb.w	r3, [r4, #61]	@ 0x3d
  TIM_Base_SetConfig(htim->Instance, &htim->Init);
 8001072:	4621      	mov	r1, r4
 8001074:	f851 0b04 	ldr.w	r0, [r1], #4
 8001078:	f7ff ffb0 	bl	8000fdc <TIM_Base_SetConfig>
  htim->DMABurstState = HAL_DMA_BURST_STATE_READY;
 800107c:	2301      	movs	r3, #1
 800107e:	f884 3046 	strb.w	r3, [r4, #70]	@ 0x46
  TIM_CHANNEL_STATE_SET_ALL(htim, HAL_TIM_CHANNEL_STATE_READY);
 8001082:	f884 303e 	strb.w	r3, [r4, #62]	@ 0x3e
 8001086:	f884 303f 	strb.w	r3, [r4, #63]	@ 0x3f
 800108a:	f884 3040 	strb.w	r3, [r4, #64]	@ 0x40
 800108e:	f884 3041 	strb.w	r3, [r4, #65]	@ 0x41
  TIM_CHANNEL_N_STATE_SET_ALL(htim, HAL_TIM_CHANNEL_STATE_READY);
 8001092:	f884 3042 	strb.w	r3, [r4, #66]	@ 0x42
 8001096:	f884 3043 	strb.w	r3, [r4, #67]	@ 0x43
 800109a:	f884 3044 	strb.w	r3, [r4, #68]	@ 0x44
 800109e:	f884 3045 	strb.w	r3, [r4, #69]	@ 0x45
  htim->State = HAL_TIM_STATE_READY;
 80010a2:	f884 303d 	strb.w	r3, [r4, #61]	@ 0x3d
  return HAL_OK;
 80010a6:	2000      	movs	r0, #0
}
 80010a8:	bd10      	pop	{r4, pc}
    htim->Lock = HAL_UNLOCKED;
 80010aa:	f880 303c 	strb.w	r3, [r0, #60]	@ 0x3c
    HAL_TIM_Base_MspInit(htim);
 80010ae:	f7ff fb4b 	bl	8000748 <HAL_TIM_Base_MspInit>
 80010b2:	e7db      	b.n	800106c <HAL_TIM_Base_Init+0xc>
    return HAL_ERROR;
 80010b4:	2001      	movs	r0, #1
}
 80010b6:	4770      	bx	lr

080010b8 <TIM_ETR_SetConfig>:
  *          This parameter must be a value between 0x00 and 0x0F
  * @retval None
  */
void TIM_ETR_SetConfig(TIM_TypeDef *TIMx, uint32_t TIM_ExtTRGPrescaler,
                       uint32_t TIM_ExtTRGPolarity, uint32_t ExtTRGFilter)
{
 80010b8:	b410      	push	{r4}
  uint32_t tmpsmcr;

  tmpsmcr = TIMx->SMCR;
 80010ba:	6884      	ldr	r4, [r0, #8]

  /* Reset the ETR Bits */
  tmpsmcr &= ~(TIM_SMCR_ETF | TIM_SMCR_ETPS | TIM_SMCR_ECE | TIM_SMCR_ETP);
 80010bc:	f424 4c7f 	bic.w	ip, r4, #65280	@ 0xff00

  /* Set the Prescaler, the Filter value and the Polarity */
  tmpsmcr |= (uint32_t)(TIM_ExtTRGPrescaler | (TIM_ExtTRGPolarity | (ExtTRGFilter << 8U)));
 80010c0:	ea42 2203 	orr.w	r2, r2, r3, lsl #8
 80010c4:	430a      	orrs	r2, r1
 80010c6:	ea42 020c 	orr.w	r2, r2, ip

  /* Write to TIMx SMCR */
  TIMx->SMCR = tmpsmcr;
 80010ca:	6082      	str	r2, [r0, #8]
}
 80010cc:	bc10      	pop	{r4}
 80010ce:	4770      	bx	lr

080010d0 <HAL_TIM_ConfigClockSource>:
  __HAL_LOCK(htim);
 80010d0:	f890 303c 	ldrb.w	r3, [r0, #60]	@ 0x3c
 80010d4:	2b01      	cmp	r3, #1
 80010d6:	d078      	beq.n	80011ca <HAL_TIM_ConfigClockSource+0xfa>
{
 80010d8:	b510      	push	{r4, lr}
 80010da:	4604      	mov	r4, r0
  __HAL_LOCK(htim);
 80010dc:	2301      	movs	r3, #1
 80010de:	f880 303c 	strb.w	r3, [r0, #60]	@ 0x3c
  htim->State = HAL_TIM_STATE_BUSY;
 80010e2:	2302      	movs	r3, #2
 80010e4:	f880 303d 	strb.w	r3, [r0, #61]	@ 0x3d
  tmpsmcr = htim->Instance->SMCR;
 80010e8:	6802      	ldr	r2, [r0, #0]
 80010ea:	6893      	ldr	r3, [r2, #8]
  tmpsmcr &= ~(TIM_SMCR_ETF | TIM_SMCR_ETPS | TIM_SMCR_ECE | TIM_SMCR_ETP);
 80010ec:	f423 437f 	bic.w	r3, r3, #65280	@ 0xff00
 80010f0:	f023 0377 	bic.w	r3, r3, #119	@ 0x77
  htim->Instance->SMCR = tmpsmcr;
 80010f4:	6093      	str	r3, [r2, #8]
  switch (sClockSourceConfig->ClockSource)
 80010f6:	680b      	ldr	r3, [r1, #0]
 80010f8:	2b60      	cmp	r3, #96	@ 0x60
 80010fa:	d04c      	beq.n	8001196 <HAL_TIM_ConfigClockSource+0xc6>
 80010fc:	d823      	bhi.n	8001146 <HAL_TIM_ConfigClockSource+0x76>
 80010fe:	2b40      	cmp	r3, #64	@ 0x40
 8001100:	d054      	beq.n	80011ac <HAL_TIM_ConfigClockSource+0xdc>
 8001102:	d811      	bhi.n	8001128 <HAL_TIM_ConfigClockSource+0x58>
 8001104:	2b20      	cmp	r3, #32
 8001106:	d003      	beq.n	8001110 <HAL_TIM_ConfigClockSource+0x40>
 8001108:	d80a      	bhi.n	8001120 <HAL_TIM_ConfigClockSource+0x50>
 800110a:	b10b      	cbz	r3, 8001110 <HAL_TIM_ConfigClockSource+0x40>
 800110c:	2b10      	cmp	r3, #16
 800110e:	d105      	bne.n	800111c <HAL_TIM_ConfigClockSource+0x4c>
      TIM_ITRx_SetConfig(htim->Instance, sClockSourceConfig->ClockSource);
 8001110:	4619      	mov	r1, r3
 8001112:	6820      	ldr	r0, [r4, #0]
 8001114:	f7ff fe73 	bl	8000dfe <TIM_ITRx_SetConfig>
  HAL_StatusTypeDef status = HAL_OK;
 8001118:	2000      	movs	r0, #0
      break;
 800111a:	e028      	b.n	800116e <HAL_TIM_ConfigClockSource+0x9e>
      status = HAL_ERROR;
 800111c:	2001      	movs	r0, #1
 800111e:	e026      	b.n	800116e <HAL_TIM_ConfigClockSource+0x9e>
  switch (sClockSourceConfig->ClockSource)
 8001120:	2b30      	cmp	r3, #48	@ 0x30
 8001122:	d0f5      	beq.n	8001110 <HAL_TIM_ConfigClockSource+0x40>
      status = HAL_ERROR;
 8001124:	2001      	movs	r0, #1
 8001126:	e022      	b.n	800116e <HAL_TIM_ConfigClockSource+0x9e>
  switch (sClockSourceConfig->ClockSource)
 8001128:	2b50      	cmp	r3, #80	@ 0x50
 800112a:	d10a      	bne.n	8001142 <HAL_TIM_ConfigClockSource+0x72>
      TIM_TI1_ConfigInputStage(htim->Instance,
 800112c:	68ca      	ldr	r2, [r1, #12]
 800112e:	6849      	ldr	r1, [r1, #4]
 8001130:	6800      	ldr	r0, [r0, #0]
 8001132:	f7ff fe3f 	bl	8000db4 <TIM_TI1_ConfigInputStage>
      TIM_ITRx_SetConfig(htim->Instance, TIM_CLOCKSOURCE_TI1);
 8001136:	2150      	movs	r1, #80	@ 0x50
 8001138:	6820      	ldr	r0, [r4, #0]
 800113a:	f7ff fe60 	bl	8000dfe <TIM_ITRx_SetConfig>
  HAL_StatusTypeDef status = HAL_OK;
 800113e:	2000      	movs	r0, #0
      break;
 8001140:	e015      	b.n	800116e <HAL_TIM_ConfigClockSource+0x9e>
      status = HAL_ERROR;
 8001142:	2001      	movs	r0, #1
 8001144:	e013      	b.n	800116e <HAL_TIM_ConfigClockSource+0x9e>
  switch (sClockSourceConfig->ClockSource)
 8001146:	f5b3 5f80 	cmp.w	r3, #4096	@ 0x1000
 800114a:	d03a      	beq.n	80011c2 <HAL_TIM_ConfigClockSource+0xf2>
 800114c:	f5b3 5f00 	cmp.w	r3, #8192	@ 0x2000
 8001150:	d014      	beq.n	800117c <HAL_TIM_ConfigClockSource+0xac>
 8001152:	2b70      	cmp	r3, #112	@ 0x70
 8001154:	d137      	bne.n	80011c6 <HAL_TIM_ConfigClockSource+0xf6>
      TIM_ETR_SetConfig(htim->Instance,
 8001156:	68cb      	ldr	r3, [r1, #12]
 8001158:	684a      	ldr	r2, [r1, #4]
 800115a:	6889      	ldr	r1, [r1, #8]
 800115c:	6800      	ldr	r0, [r0, #0]
 800115e:	f7ff ffab 	bl	80010b8 <TIM_ETR_SetConfig>
      tmpsmcr = htim->Instance->SMCR;
 8001162:	6822      	ldr	r2, [r4, #0]
 8001164:	6893      	ldr	r3, [r2, #8]
      tmpsmcr |= (TIM_SLAVEMODE_EXTERNAL1 | TIM_CLOCKSOURCE_ETRMODE1);
 8001166:	f043 0377 	orr.w	r3, r3, #119	@ 0x77
      htim->Instance->SMCR = tmpsmcr;
 800116a:	6093      	str	r3, [r2, #8]
  HAL_StatusTypeDef status = HAL_OK;
 800116c:	2000      	movs	r0, #0
  htim->State = HAL_TIM_STATE_READY;
 800116e:	2301      	movs	r3, #1
 8001170:	f884 303d 	strb.w	r3, [r4, #61]	@ 0x3d
  __HAL_UNLOCK(htim);
 8001174:	2300      	movs	r3, #0
 8001176:	f884 303c 	strb.w	r3, [r4, #60]	@ 0x3c
}
 800117a:	bd10      	pop	{r4, pc}
      TIM_ETR_SetConfig(htim->Instance,
 800117c:	68cb      	ldr	r3, [r1, #12]
 800117e:	684a      	ldr	r2, [r1, #4]
 8001180:	6889      	ldr	r1, [r1, #8]
 8001182:	6800      	ldr	r0, [r0, #0]
 8001184:	f7ff ff98 	bl	80010b8 <TIM_ETR_SetConfig>
      htim->Instance->SMCR |= TIM_SMCR_ECE;
 8001188:	6822      	ldr	r2, [r4, #0]
 800118a:	6893      	ldr	r3, [r2, #8]
 800118c:	f443 4380 	orr.w	r3, r3, #16384	@ 0x4000
 8001190:	6093      	str	r3, [r2, #8]
  HAL_StatusTypeDef status = HAL_OK;
 8001192:	2000      	movs	r0, #0
      break;
 8001194:	e7eb      	b.n	800116e <HAL_TIM_ConfigClockSource+0x9e>
      TIM_TI2_ConfigInputStage(htim->Instance,
 8001196:	68ca      	ldr	r2, [r1, #12]
 8001198:	6849      	ldr	r1, [r1, #4]
 800119a:	6800      	ldr	r0, [r0, #0]
 800119c:	f7ff fe1c 	bl	8000dd8 <TIM_TI2_ConfigInputStage>
      TIM_ITRx_SetConfig(htim->Instance, TIM_CLOCKSOURCE_TI2);
 80011a0:	2160      	movs	r1, #96	@ 0x60
 80011a2:	6820      	ldr	r0, [r4, #0]
 80011a4:	f7ff fe2b 	bl	8000dfe <TIM_ITRx_SetConfig>
  HAL_StatusTypeDef status = HAL_OK;
 80011a8:	2000      	movs	r0, #0
      break;
 80011aa:	e7e0      	b.n	800116e <HAL_TIM_ConfigClockSource+0x9e>
      TIM_TI1_ConfigInputStage(htim->Instance,
 80011ac:	68ca      	ldr	r2, [r1, #12]
 80011ae:	6849      	ldr	r1, [r1, #4]
 80011b0:	6800      	ldr	r0, [r0, #0]
 80011b2:	f7ff fdff 	bl	8000db4 <TIM_TI1_ConfigInputStage>
      TIM_ITRx_SetConfig(htim->Instance, TIM_CLOCKSOURCE_TI1ED);
 80011b6:	2140      	movs	r1, #64	@ 0x40
 80011b8:	6820      	ldr	r0, [r4, #0]
 80011ba:	f7ff fe20 	bl	8000dfe <TIM_ITRx_SetConfig>
  HAL_StatusTypeDef status = HAL_OK;
 80011be:	2000      	movs	r0, #0
      break;
 80011c0:	e7d5      	b.n	800116e <HAL_TIM_ConfigClockSource+0x9e>
  switch (sClockSourceConfig->ClockSource)
 80011c2:	2000      	movs	r0, #0
 80011c4:	e7d3      	b.n	800116e <HAL_TIM_ConfigClockSource+0x9e>
      status = HAL_ERROR;
 80011c6:	2001      	movs	r0, #1
 80011c8:	e7d1      	b.n	800116e <HAL_TIM_ConfigClockSource+0x9e>
  __HAL_LOCK(htim);
 80011ca:	2002      	movs	r0, #2
}
 80011cc:	4770      	bx	lr
	...

080011d0 <HAL_TIMEx_MasterConfigSynchronization>:
  assert_param(IS_TIM_MASTER_INSTANCE(htim->Instance));
  assert_param(IS_TIM_TRGO_SOURCE(sMasterConfig->MasterOutputTrigger));
  assert_param(IS_TIM_MSM_STATE(sMasterConfig->MasterSlaveMode));

  /* Check input state */
  __HAL_LOCK(htim);
 80011d0:	f890 203c 	ldrb.w	r2, [r0, #60]	@ 0x3c
 80011d4:	2a01      	cmp	r2, #1
 80011d6:	d02c      	beq.n	8001232 <HAL_TIMEx_MasterConfigSynchronization+0x62>
{
 80011d8:	b410      	push	{r4}
 80011da:	4603      	mov	r3, r0
  __HAL_LOCK(htim);
 80011dc:	2201      	movs	r2, #1
 80011de:	f880 203c 	strb.w	r2, [r0, #60]	@ 0x3c

  /* Change the handler state */
  htim->State = HAL_TIM_STATE_BUSY;
 80011e2:	2202      	movs	r2, #2
 80011e4:	f880 203d 	strb.w	r2, [r0, #61]	@ 0x3d

  /* Get the TIMx CR2 register value */
  tmpcr2 = htim->Instance->CR2;
 80011e8:	6802      	ldr	r2, [r0, #0]
 80011ea:	6850      	ldr	r0, [r2, #4]

  /* Get the TIMx SMCR register value */
  tmpsmcr = htim->Instance->SMCR;
 80011ec:	6894      	ldr	r4, [r2, #8]

  /* Reset the MMS Bits */
  tmpcr2 &= ~TIM_CR2_MMS;
 80011ee:	f020 0c70 	bic.w	ip, r0, #112	@ 0x70
  /* Select the TRGO source */
  tmpcr2 |=  sMasterConfig->MasterOutputTrigger;
 80011f2:	6808      	ldr	r0, [r1, #0]
 80011f4:	ea40 000c 	orr.w	r0, r0, ip

  /* Update TIMx CR2 */
  htim->Instance->CR2 = tmpcr2;
 80011f8:	6050      	str	r0, [r2, #4]

  if (IS_TIM_SLAVE_INSTANCE(htim->Instance))
 80011fa:	681a      	ldr	r2, [r3, #0]
 80011fc:	480e      	ldr	r0, [pc, #56]	@ (8001238 <HAL_TIMEx_MasterConfigSynchronization+0x68>)
 80011fe:	4282      	cmp	r2, r0
 8001200:	d00a      	beq.n	8001218 <HAL_TIMEx_MasterConfigSynchronization+0x48>
 8001202:	f1b2 4f80 	cmp.w	r2, #1073741824	@ 0x40000000
 8001206:	d007      	beq.n	8001218 <HAL_TIMEx_MasterConfigSynchronization+0x48>
 8001208:	f5a0 3094 	sub.w	r0, r0, #75776	@ 0x12800
 800120c:	4282      	cmp	r2, r0
 800120e:	d003      	beq.n	8001218 <HAL_TIMEx_MasterConfigSynchronization+0x48>
 8001210:	f500 6080 	add.w	r0, r0, #1024	@ 0x400
 8001214:	4282      	cmp	r2, r0
 8001216:	d104      	bne.n	8001222 <HAL_TIMEx_MasterConfigSynchronization+0x52>
  {
    /* Reset the MSM Bit */
    tmpsmcr &= ~TIM_SMCR_MSM;
 8001218:	f024 0480 	bic.w	r4, r4, #128	@ 0x80
    /* Set master mode */
    tmpsmcr |= sMasterConfig->MasterSlaveMode;
 800121c:	6849      	ldr	r1, [r1, #4]
 800121e:	4321      	orrs	r1, r4

    /* Update TIMx SMCR */
    htim->Instance->SMCR = tmpsmcr;
 8001220:	6091      	str	r1, [r2, #8]
  }

  /* Change the htim state */
  htim->State = HAL_TIM_STATE_READY;
 8001222:	2201      	movs	r2, #1
 8001224:	f883 203d 	strb.w	r2, [r3, #61]	@ 0x3d

  __HAL_UNLOCK(htim);
 8001228:	2000      	movs	r0, #0
 800122a:	f883 003c 	strb.w	r0, [r3, #60]	@ 0x3c

  return HAL_OK;
}
 800122e:	bc10      	pop	{r4}
 8001230:	4770      	bx	lr
  __HAL_LOCK(htim);
 8001232:	2002      	movs	r0, #2
}
 8001234:	4770      	bx	lr
 8001236:	bf00      	nop
 8001238:	40012c00 	.word	0x40012c00

0800123c <HAL_TIMEx_CommutCallback>:
  UNUSED(htim);

  /* NOTE : This function should not be modified, when the callback is needed,
            the HAL_TIMEx_CommutCallback could be implemented in the user file
   */
}
 800123c:	4770      	bx	lr

0800123e <HAL_TIMEx_BreakCallback>:
  UNUSED(htim);

  /* NOTE : This function should not be modified, when the callback is needed,
            the HAL_TIMEx_BreakCallback could be implemented in the user file
   */
}
 800123e:	4770      	bx	lr

08001240 <NMI_Handler>:
{
  /* USER CODE BEGIN NonMaskableInt_IRQn 0 */

  /* USER CODE END NonMaskableInt_IRQn 0 */
  /* USER CODE BEGIN NonMaskableInt_IRQn 1 */
   while (1)
 8001240:	e7fe      	b.n	8001240 <NMI_Handler>

08001242 <HardFault_Handler>:
void HardFault_Handler(void)
{
  /* USER CODE BEGIN HardFault_IRQn 0 */

  /* USER CODE END HardFault_IRQn 0 */
  while (1)
 8001242:	e7fe      	b.n	8001242 <HardFault_Handler>

08001244 <MemManage_Handler>:
void MemManage_Handler(void)
{
  /* USER CODE BEGIN MemoryManagement_IRQn 0 */

  /* USER CODE END MemoryManagement_IRQn 0 */
  while (1)
 8001244:	e7fe      	b.n	8001244 <MemManage_Handler>

08001246 <BusFault_Handler>:
void BusFault_Handler(void)
{
  /* USER CODE BEGIN BusFault_IRQn 0 */

  /* USER CODE END BusFault_IRQn 0 */
  while (1)
 8001246:	e7fe      	b.n	8001246 <BusFault_Handler>

08001248 <UsageFault_Handler>:
void UsageFault_Handler(void)
{
  /* USER CODE BEGIN UsageFault_IRQn 0 */

  /* USER CODE END UsageFault_IRQn 0 */
  while (1)
 8001248:	e7fe      	b.n	8001248 <UsageFault_Handler>

0800124a <SVC_Handler>:

  /* USER CODE END SVCall_IRQn 0 */
  /* USER CODE BEGIN SVCall_IRQn 1 */

  /* USER CODE END SVCall_IRQn 1 */
}
 800124a:	4770      	bx	lr

0800124c <DebugMon_Handler>:

  /* USER CODE END DebugMonitor_IRQn 0 */
  /* USER CODE BEGIN DebugMonitor_IRQn 1 */

  /* USER CODE END DebugMonitor_IRQn 1 */
}
 800124c:	4770      	bx	lr

0800124e <PendSV_Handler>:

  /* USER CODE END PendSV_IRQn 0 */
  /* USER CODE BEGIN PendSV_IRQn 1 */

  /* USER CODE END PendSV_IRQn 1 */
}
 800124e:	4770      	bx	lr

08001250 <SysTick_Handler>:

/**
  * @brief This function handles System tick timer.
  */
void SysTick_Handler(void)
{
 8001250:	b508      	push	{r3, lr}
  /* USER CODE BEGIN SysTick_IRQn 0 */

  /* USER CODE END SysTick_IRQn 0 */
  HAL_IncTick();
 8001252:	f7ff f8b3 	bl	80003bc <HAL_IncTick>
  /* USER CODE BEGIN SysTick_IRQn 1 */

  /* USER CODE END SysTick_IRQn 1 */
}
 8001256:	bd08      	pop	{r3, pc}

08001258 <TIM2_IRQHandler>:

/**
  * @brief This function handles TIM2 global interrupt.
  */
void TIM2_IRQHandler(void)
{
 8001258:	b508      	push	{r3, lr}
  /* USER CODE BEGIN TIM2_IRQn 0 */

  /* USER CODE END TIM2_IRQn 0 */
  HAL_TIM_IRQHandler(&htim2);
 800125a:	4802      	ldr	r0, [pc, #8]	@ (8001264 <TIM2_IRQHandler+0xc>)
 800125c:	f7ff fe0e 	bl	8000e7c <HAL_TIM_IRQHandler>
  /* USER CODE BEGIN TIM2_IRQn 1 */

  /* USER CODE END TIM2_IRQn 1 */
}
 8001260:	bd08      	pop	{r3, pc}
 8001262:	bf00      	nop
 8001264:	20000070 	.word	0x20000070

08001268 <TIM3_IRQHandler>:

/**
  * @brief This function handles TIM3 global interrupt.
  */
void TIM3_IRQHandler(void)
{
 8001268:	b508      	push	{r3, lr}
  /* USER CODE BEGIN TIM3_IRQn 0 */

  /* USER CODE END TIM3_IRQn 0 */
  HAL_TIM_IRQHandler(&htim3);
 800126a:	4802      	ldr	r0, [pc, #8]	@ (8001274 <TIM3_IRQHandler+0xc>)
 800126c:	f7ff fe06 	bl	8000e7c <HAL_TIM_IRQHandler>
  /* USER CODE BEGIN TIM3_IRQn 1 */

  /* USER CODE END TIM3_IRQn 1 */
}
 8001270:	bd08      	pop	{r3, pc}
 8001272:	bf00      	nop
 8001274:	20000028 	.word	0x20000028

08001278 <SystemInit>:

  /* Configure the Vector Table location -------------------------------------*/
#if defined(USER_VECT_TAB_ADDRESS)
  SCB->VTOR = VECT_TAB_BASE_ADDRESS | VECT_TAB_OFFSET; /* Vector Table Relocation in Internal SRAM. */
#endif /* USER_VECT_TAB_ADDRESS */
}
 8001278:	4770      	bx	lr
	...

0800127c <Reset_Handler>:
  .weak Reset_Handler
  .type Reset_Handler, %function
Reset_Handler:

/* Call the clock system initialization function.*/
    bl  SystemInit
 800127c:	f7ff fffc 	bl	8001278 <SystemInit>

/* Copy the data segment initializers from flash to SRAM */
  ldr r0, =_sdata
 8001280:	480b      	ldr	r0, [pc, #44]	@ (80012b0 <LoopFillZerobss+0xe>)
  ldr r1, =_edata
 8001282:	490c      	ldr	r1, [pc, #48]	@ (80012b4 <LoopFillZerobss+0x12>)
  ldr r2, =_sidata
 8001284:	4a0c      	ldr	r2, [pc, #48]	@ (80012b8 <LoopFillZerobss+0x16>)
  movs r3, #0
 8001286:	2300      	movs	r3, #0
  b LoopCopyDataInit
 8001288:	e002      	b.n	8001290 <LoopCopyDataInit>

0800128a <CopyDataInit>:

CopyDataInit:
  ldr r4, [r2, r3]
 800128a:	58d4      	ldr	r4, [r2, r3]
  str r4, [r0, r3]
 800128c:	50c4      	str	r4, [r0, r3]
  adds r3, r3, #4
 800128e:	3304      	adds	r3, #4

08001290 <LoopCopyDataInit>:

LoopCopyDataInit:
  adds r4, r0, r3
 8001290:	18c4      	adds	r4, r0, r3
  cmp r4, r1
 8001292:	428c      	cmp	r4, r1
  bcc CopyDataInit
 8001294:	d3f9      	bcc.n	800128a <CopyDataInit>
  
/* Zero fill the bss segment. */
  ldr r2, =_sbss
 8001296:	4a09      	ldr	r2, [pc, #36]	@ (80012bc <LoopFillZerobss+0x1a>)
  ldr r4, =_ebss
 8001298:	4c09      	ldr	r4, [pc, #36]	@ (80012c0 <LoopFillZerobss+0x1e>)
  movs r3, #0
 800129a:	2300      	movs	r3, #0
  b LoopFillZerobss
 800129c:	e001      	b.n	80012a2 <LoopFillZerobss>

0800129e <FillZerobss>:

FillZerobss:
  str  r3, [r2]
 800129e:	6013      	str	r3, [r2, #0]
  adds r2, r2, #4
 80012a0:	3204      	adds	r2, #4

080012a2 <LoopFillZerobss>:

LoopFillZerobss:
  cmp r2, r4
 80012a2:	42a2      	cmp	r2, r4
  bcc FillZerobss
 80012a4:	d3fb      	bcc.n	800129e <FillZerobss>

/* Call static constructors */
    bl __libc_init_array
 80012a6:	f000 f817 	bl	80012d8 <__libc_init_array>
/* Call the application's entry point.*/
  bl main
 80012aa:	f7ff f839 	bl	8000320 <main>
  bx lr
 80012ae:	4770      	bx	lr
  ldr r0, =_sdata
 80012b0:	20000000 	.word	0x20000000
  ldr r1, =_edata
 80012b4:	2000000c 	.word	0x2000000c
  ldr r2, =_sidata
 80012b8:	08001364 	.word	0x08001364
  ldr r2, =_sbss
 80012bc:	2000000c 	.word	0x2000000c
  ldr r4, =_ebss
 80012c0:	200000bc 	.word	0x200000bc

080012c4 <ADC1_2_IRQHandler>:
 * @retval : None
*/
    .section .text.Default_Handler,"ax",%progbits
Default_Handler:
Infinite_Loop:
  b Infinite_Loop
 80012c4:	e7fe      	b.n	80012c4 <ADC1_2_IRQHandler>

080012c6 <memset>:
 80012c6:	4603      	mov	r3, r0
 80012c8:	4402      	add	r2, r0
 80012ca:	4293      	cmp	r3, r2
 80012cc:	d100      	bne.n	80012d0 <memset+0xa>
 80012ce:	4770      	bx	lr
 80012d0:	f803 1b01 	strb.w	r1, [r3], #1
 80012d4:	e7f9      	b.n	80012ca <memset+0x4>
	...

080012d8 <__libc_init_array>:
 80012d8:	b570      	push	{r4, r5, r6, lr}
 80012da:	2600      	movs	r6, #0
 80012dc:	4d0c      	ldr	r5, [pc, #48]	@ (8001310 <__libc_init_array+0x38>)
 80012de:	4b0d      	ldr	r3, [pc, #52]	@ (8001314 <__libc_init_array+0x3c>)
 80012e0:	1b5b      	subs	r3, r3, r5
 80012e2:	109c      	asrs	r4, r3, #2
 80012e4:	42a6      	cmp	r6, r4
 80012e6:	d109      	bne.n	80012fc <__libc_init_array+0x24>
 80012e8:	2600      	movs	r6, #0
 80012ea:	f000 f819 	bl	8001320 <_init>
 80012ee:	4d0a      	ldr	r5, [pc, #40]	@ (8001318 <__libc_init_array+0x40>)
 80012f0:	4b0a      	ldr	r3, [pc, #40]	@ (800131c <__libc_init_array+0x44>)
 80012f2:	1b5b      	subs	r3, r3, r5
 80012f4:	109c      	asrs	r4, r3, #2
 80012f6:	42a6      	cmp	r6, r4
 80012f8:	d105      	bne.n	8001306 <__libc_init_array+0x2e>
 80012fa:	bd70      	pop	{r4, r5, r6, pc}
 80012fc:	f855 3b04 	ldr.w	r3, [r5], #4
 8001300:	4798      	blx	r3
 8001302:	3601      	adds	r6, #1
 8001304:	e7ee      	b.n	80012e4 <__libc_init_array+0xc>
 8001306:	f855 3b04 	ldr.w	r3, [r5], #4
 800130a:	4798      	blx	r3
 800130c:	3601      	adds	r6, #1
 800130e:	e7f2      	b.n	80012f6 <__libc_init_array+0x1e>
 8001310:	0800135c 	.word	0x0800135c
 8001314:	0800135c 	.word	0x0800135c
 8001318:	0800135c 	.word	0x0800135c
 800131c:	08001360 	.word	0x08001360

08001320 <_init>:
 8001320:	b5f8      	push	{r3, r4, r5, r6, r7, lr}
 8001322:	bf00      	nop
 8001324:	bcf8      	pop	{r3, r4, r5, r6, r7}
 8001326:	bc08      	pop	{r3}
 8001328:	469e      	mov	lr, r3
 800132a:	4770      	bx	lr

0800132c <_fini>:
 800132c:	b5f8      	push	{r3, r4, r5, r6, r7, lr}
 800132e:	bf00      	nop
 8001330:	bcf8      	pop	{r3, r4, r5, r6, r7}
 8001332:	bc08      	pop	{r3}
 8001334:	469e      	mov	lr, r3
 8001336:	4770      	bx	lr
