
build/debug/spi-stm.elf:     file format elf32-littlearm

Sections:
Idx Name          Size      VMA       LMA       File off  Algn
  0 .isr_vector   0000010c  08000000  08000000  00001000  2**0
                  CONTENTS, ALLOC, LOAD, READONLY, DATA
  1 .text         00001684  0800010c  0800010c  0000110c  2**2
                  CONTENTS, ALLOC, LOAD, READONLY, CODE
  2 .rodata       00000024  08001790  08001790  00002790  2**2
                  CONTENTS, ALLOC, LOAD, READONLY, DATA
  3 .init_array   00000004  080017b4  080017b4  000027b4  2**2
                  CONTENTS, ALLOC, LOAD, DATA
  4 .fini_array   00000004  080017b8  080017b8  000027b8  2**2
                  CONTENTS, ALLOC, LOAD, DATA
  5 .data         00000010  20000000  080017bc  00003000  2**2
                  CONTENTS, ALLOC, LOAD, DATA
  6 .bss          00000080  20000010  080017cc  00003010  2**2
                  ALLOC
  7 ._user_heap_stack 00000600  20000090  080017cc  00003090  2**0
                  ALLOC
  8 .ARM.attributes 00000029  00000000  00000000  00003010  2**0
                  CONTENTS, READONLY
  9 .comment      0000001e  00000000  00000000  00003039  2**0
                  CONTENTS, READONLY
 10 .debug_info   00006584  00000000  00000000  00003057  2**0
                  CONTENTS, READONLY, DEBUGGING, OCTETS
 11 .debug_abbrev 000016e2  00000000  00000000  000095db  2**0
                  CONTENTS, READONLY, DEBUGGING, OCTETS
 12 .debug_loclists 00002523  00000000  00000000  0000acbd  2**0
                  CONTENTS, READONLY, DEBUGGING, OCTETS
 13 .debug_aranges 00000618  00000000  00000000  0000d1e0  2**3
                  CONTENTS, READONLY, DEBUGGING, OCTETS
 14 .debug_rnglists 000004a0  00000000  00000000  0000d7f8  2**0
                  CONTENTS, READONLY, DEBUGGING, OCTETS
 15 .debug_line   00004f24  00000000  00000000  0000dc98  2**0
                  CONTENTS, READONLY, DEBUGGING, OCTETS
 16 .debug_str    00001d65  00000000  00000000  00012bbc  2**0
                  CONTENTS, READONLY, DEBUGGING, OCTETS
 17 .debug_frame  00000eac  00000000  00000000  00014924  2**2
                  CONTENTS, READONLY, DEBUGGING, OCTETS
 18 .debug_line_str 00000042  00000000  00000000  000157d0  2**0
                  CONTENTS, READONLY, DEBUGGING, OCTETS

Disassembly of section .text:

0800010c <__do_global_dtors_aux>:
 800010c:	b510      	push	{r4, lr}
 800010e:	4c05      	ldr	r4, [pc, #20]	@ (8000124 <__do_global_dtors_aux+0x18>)
 8000110:	7823      	ldrb	r3, [r4, #0]
 8000112:	b933      	cbnz	r3, 8000122 <__do_global_dtors_aux+0x16>
 8000114:	4b04      	ldr	r3, [pc, #16]	@ (8000128 <__do_global_dtors_aux+0x1c>)
 8000116:	b113      	cbz	r3, 800011e <__do_global_dtors_aux+0x12>
 8000118:	4804      	ldr	r0, [pc, #16]	@ (800012c <__do_global_dtors_aux+0x20>)
 800011a:	f3af 8000 	nop.w
 800011e:	2301      	movs	r3, #1
 8000120:	7023      	strb	r3, [r4, #0]
 8000122:	bd10      	pop	{r4, pc}
 8000124:	20000010 	.word	0x20000010
 8000128:	00000000 	.word	0x00000000
 800012c:	08001778 	.word	0x08001778

08000130 <frame_dummy>:
 8000130:	b508      	push	{r3, lr}
 8000132:	4b03      	ldr	r3, [pc, #12]	@ (8000140 <frame_dummy+0x10>)
 8000134:	b11b      	cbz	r3, 800013e <frame_dummy+0xe>
 8000136:	4903      	ldr	r1, [pc, #12]	@ (8000144 <frame_dummy+0x14>)
 8000138:	4803      	ldr	r0, [pc, #12]	@ (8000148 <frame_dummy+0x18>)
 800013a:	f3af 8000 	nop.w
 800013e:	bd08      	pop	{r3, pc}
 8000140:	00000000 	.word	0x00000000
 8000144:	20000014 	.word	0x20000014
 8000148:	08001778 	.word	0x08001778

0800014c <MX_GPIO_Init>:
  * @brief GPIO Initialization Function
  * @param None
  * @retval None
  */
static void MX_GPIO_Init(void)
{
 800014c:	e92d 43f0 	stmdb	sp!, {r4, r5, r6, r7, r8, r9, lr}
 8000150:	b089      	sub	sp, #36	@ 0x24
  GPIO_InitTypeDef GPIO_InitStruct = {0};
 8000152:	ad04      	add	r5, sp, #16
 8000154:	2400      	movs	r4, #0
 8000156:	9404      	str	r4, [sp, #16]
 8000158:	9405      	str	r4, [sp, #20]
 800015a:	9406      	str	r4, [sp, #24]
 800015c:	9407      	str	r4, [sp, #28]
/* USER CODE BEGIN MX_GPIO_Init_1 */
/* USER CODE END MX_GPIO_Init_1 */

  /* GPIO Ports Clock Enable */
  __HAL_RCC_GPIOC_CLK_ENABLE();
 800015e:	4b26      	ldr	r3, [pc, #152]	@ (80001f8 <MX_GPIO_Init+0xac>)
 8000160:	699a      	ldr	r2, [r3, #24]
 8000162:	f042 0210 	orr.w	r2, r2, #16
 8000166:	619a      	str	r2, [r3, #24]
 8000168:	699a      	ldr	r2, [r3, #24]
 800016a:	f002 0210 	and.w	r2, r2, #16
 800016e:	9200      	str	r2, [sp, #0]
 8000170:	9a00      	ldr	r2, [sp, #0]
  __HAL_RCC_GPIOD_CLK_ENABLE();
 8000172:	699a      	ldr	r2, [r3, #24]
 8000174:	f042 0220 	orr.w	r2, r2, #32
 8000178:	619a      	str	r2, [r3, #24]
 800017a:	699a      	ldr	r2, [r3, #24]
 800017c:	f002 0220 	and.w	r2, r2, #32
 8000180:	9201      	str	r2, [sp, #4]
 8000182:	9a01      	ldr	r2, [sp, #4]
  __HAL_RCC_GPIOA_CLK_ENABLE();
 8000184:	699a      	ldr	r2, [r3, #24]
 8000186:	f042 0204 	orr.w	r2, r2, #4
 800018a:	619a      	str	r2, [r3, #24]
 800018c:	699a      	ldr	r2, [r3, #24]
 800018e:	f002 0204 	and.w	r2, r2, #4
 8000192:	9202      	str	r2, [sp, #8]
 8000194:	9a02      	ldr	r2, [sp, #8]
  __HAL_RCC_GPIOB_CLK_ENABLE();
 8000196:	699a      	ldr	r2, [r3, #24]
 8000198:	f042 0208 	orr.w	r2, r2, #8
 800019c:	619a      	str	r2, [r3, #24]
 800019e:	699b      	ldr	r3, [r3, #24]
 80001a0:	f003 0308 	and.w	r3, r3, #8
 80001a4:	9303      	str	r3, [sp, #12]
 80001a6:	9b03      	ldr	r3, [sp, #12]

  /*Configure GPIO pin Output Level */
  HAL_GPIO_WritePin(led_GPIO_Port, led_Pin, GPIO_PIN_RESET);
 80001a8:	f8df 9050 	ldr.w	r9, [pc, #80]	@ 80001fc <MX_GPIO_Init+0xb0>
 80001ac:	4622      	mov	r2, r4
 80001ae:	f44f 5100 	mov.w	r1, #8192	@ 0x2000
 80001b2:	4648      	mov	r0, r9
 80001b4:	f000 fb3e 	bl	8000834 <HAL_GPIO_WritePin>

  /*Configure GPIO pin Output Level */
  HAL_GPIO_WritePin(cs_GPIO_Port, cs_Pin, GPIO_PIN_RESET);
 80001b8:	4f11      	ldr	r7, [pc, #68]	@ (8000200 <MX_GPIO_Init+0xb4>)
 80001ba:	4622      	mov	r2, r4
 80001bc:	2101      	movs	r1, #1
 80001be:	4638      	mov	r0, r7
 80001c0:	f000 fb38 	bl	8000834 <HAL_GPIO_WritePin>

  /*Configure GPIO pin : led_Pin */
  GPIO_InitStruct.Pin = led_Pin;
 80001c4:	f44f 5300 	mov.w	r3, #8192	@ 0x2000
 80001c8:	9304      	str	r3, [sp, #16]
  GPIO_InitStruct.Mode = GPIO_MODE_OUTPUT_PP;
 80001ca:	2601      	movs	r6, #1
 80001cc:	9605      	str	r6, [sp, #20]
  GPIO_InitStruct.Pull = GPIO_NOPULL;
 80001ce:	9406      	str	r4, [sp, #24]
  GPIO_InitStruct.Speed = GPIO_SPEED_FREQ_LOW;
 80001d0:	f04f 0802 	mov.w	r8, #2
 80001d4:	f8cd 801c 	str.w	r8, [sp, #28]
  HAL_GPIO_Init(led_GPIO_Port, &GPIO_InitStruct);
 80001d8:	4629      	mov	r1, r5
 80001da:	4648      	mov	r0, r9
 80001dc:	f000 fa20 	bl	8000620 <HAL_GPIO_Init>

  /*Configure GPIO pin : cs_Pin */
  GPIO_InitStruct.Pin = cs_Pin;
 80001e0:	9604      	str	r6, [sp, #16]
  GPIO_InitStruct.Mode = GPIO_MODE_OUTPUT_PP;
 80001e2:	9605      	str	r6, [sp, #20]
  GPIO_InitStruct.Pull = GPIO_NOPULL;
 80001e4:	9406      	str	r4, [sp, #24]
  GPIO_InitStruct.Speed = GPIO_SPEED_FREQ_LOW;
 80001e6:	f8cd 801c 	str.w	r8, [sp, #28]
  HAL_GPIO_Init(cs_GPIO_Port, &GPIO_InitStruct);
 80001ea:	4629      	mov	r1, r5
 80001ec:	4638      	mov	r0, r7
 80001ee:	f000 fa17 	bl	8000620 <HAL_GPIO_Init>

/* USER CODE BEGIN MX_GPIO_Init_2 */
/* USER CODE END MX_GPIO_Init_2 */
}
 80001f2:	b009      	add	sp, #36	@ 0x24
 80001f4:	e8bd 83f0 	ldmia.w	sp!, {r4, r5, r6, r7, r8, r9, pc}
 80001f8:	40021000 	.word	0x40021000
 80001fc:	40011000 	.word	0x40011000
 8000200:	40010c00 	.word	0x40010c00

08000204 <same>:
void same(uint8_t* uid) {
 8000204:	b510      	push	{r4, lr}
 8000206:	4604      	mov	r4, r0
      if(uid_oku(uid)){
 8000208:	f000 f91b 	bl	8000442 <uid_oku>
 800020c:	b990      	cbnz	r0, 8000234 <same+0x30>
}
 800020e:	bd10      	pop	{r4, pc}
        for (int j = 0; j <UID_UZUNLUK; j++) {
 8000210:	2300      	movs	r3, #0
 8000212:	2b03      	cmp	r3, #3
 8000214:	dc08      	bgt.n	8000228 <same+0x24>
            if (uid[j] != dogru_uid[i][j]) {
 8000216:	5ce0      	ldrb	r0, [r4, r3]
 8000218:	4a10      	ldr	r2, [pc, #64]	@ (800025c <same+0x58>)
 800021a:	eb02 0281 	add.w	r2, r2, r1, lsl #2
 800021e:	5cd2      	ldrb	r2, [r2, r3]
 8000220:	4290      	cmp	r0, r2
 8000222:	d105      	bne.n	8000230 <same+0x2c>
        for (int j = 0; j <UID_UZUNLUK; j++) {
 8000224:	3301      	adds	r3, #1
 8000226:	e7f4      	b.n	8000212 <same+0xe>
        int eslesti = 1;
 8000228:	2301      	movs	r3, #1
        if (eslesti) {
 800022a:	b93b      	cbnz	r3, 800023c <same+0x38>
        for (int i = 0; i < UID_ADET; i++) {
 800022c:	3101      	adds	r1, #1
 800022e:	e002      	b.n	8000236 <same+0x32>
                eslesti = 0;
 8000230:	2300      	movs	r3, #0
 8000232:	e7fa      	b.n	800022a <same+0x26>
        for (int i = 0; i < UID_ADET; i++) {
 8000234:	2100      	movs	r1, #0
 8000236:	2900      	cmp	r1, #0
 8000238:	ddea      	ble.n	8000210 <same+0xc>
    int match = 0;
 800023a:	2300      	movs	r3, #0
    if (match) {
 800023c:	b133      	cbz	r3, 800024c <same+0x48>
        HAL_GPIO_WritePin(GPIOC, led_Pin, GPIO_PIN_RESET);  // LED ON
 800023e:	2200      	movs	r2, #0
 8000240:	f44f 5100 	mov.w	r1, #8192	@ 0x2000
 8000244:	4806      	ldr	r0, [pc, #24]	@ (8000260 <same+0x5c>)
 8000246:	f000 faf5 	bl	8000834 <HAL_GPIO_WritePin>
 800024a:	e7e0      	b.n	800020e <same+0xa>
        HAL_GPIO_WritePin(GPIOC, led_Pin, GPIO_PIN_SET);    // LED OFF
 800024c:	2201      	movs	r2, #1
 800024e:	f44f 5100 	mov.w	r1, #8192	@ 0x2000
 8000252:	4803      	ldr	r0, [pc, #12]	@ (8000260 <same+0x5c>)
 8000254:	f000 faee 	bl	8000834 <HAL_GPIO_WritePin>
}
 8000258:	e7d9      	b.n	800020e <same+0xa>
 800025a:	bf00      	nop
 800025c:	20000000 	.word	0x20000000
 8000260:	40011000 	.word	0x40011000

08000264 <Error_Handler>:
  \details Disables IRQ interrupts by setting the I-bit in the CPSR.
           Can only be executed in Privileged modes.
 */
__STATIC_FORCEINLINE void __disable_irq(void)
{
  __ASM volatile ("cpsid i" : : : "memory");
 8000264:	b672      	cpsid	i
void Error_Handler(void)
{
  /* USER CODE BEGIN Error_Handler_Debug */
  /* User can add his own implementation to report the HAL error return state */
  __disable_irq();
  while (1)
 8000266:	e7fe      	b.n	8000266 <Error_Handler+0x2>

08000268 <MX_SPI1_Init>:
{
 8000268:	b508      	push	{r3, lr}
  hspi1.Instance = SPI1;
 800026a:	480d      	ldr	r0, [pc, #52]	@ (80002a0 <MX_SPI1_Init+0x38>)
 800026c:	4b0d      	ldr	r3, [pc, #52]	@ (80002a4 <MX_SPI1_Init+0x3c>)
 800026e:	6003      	str	r3, [r0, #0]
  hspi1.Init.Mode = SPI_MODE_MASTER;
 8000270:	f44f 7382 	mov.w	r3, #260	@ 0x104
 8000274:	6043      	str	r3, [r0, #4]
  hspi1.Init.Direction = SPI_DIRECTION_2LINES;
 8000276:	2300      	movs	r3, #0
 8000278:	6083      	str	r3, [r0, #8]
  hspi1.Init.DataSize = SPI_DATASIZE_8BIT;
 800027a:	60c3      	str	r3, [r0, #12]
  hspi1.Init.CLKPolarity = SPI_POLARITY_LOW;
 800027c:	6103      	str	r3, [r0, #16]
  hspi1.Init.CLKPhase = SPI_PHASE_1EDGE;
 800027e:	6143      	str	r3, [r0, #20]
  hspi1.Init.NSS = SPI_NSS_SOFT;
 8000280:	f44f 7200 	mov.w	r2, #512	@ 0x200
 8000284:	6182      	str	r2, [r0, #24]
  hspi1.Init.BaudRatePrescaler = SPI_BAUDRATEPRESCALER_8;
 8000286:	2210      	movs	r2, #16
 8000288:	61c2      	str	r2, [r0, #28]
  hspi1.Init.FirstBit = SPI_FIRSTBIT_MSB;
 800028a:	6203      	str	r3, [r0, #32]
  hspi1.Init.TIMode = SPI_TIMODE_DISABLE;
 800028c:	6243      	str	r3, [r0, #36]	@ 0x24
  hspi1.Init.CRCCalculation = SPI_CRCCALCULATION_DISABLE;
 800028e:	6283      	str	r3, [r0, #40]	@ 0x28
  hspi1.Init.CRCPolynomial = 10;
 8000290:	230a      	movs	r3, #10
 8000292:	62c3      	str	r3, [r0, #44]	@ 0x2c
  if (HAL_SPI_Init(&hspi1) != HAL_OK)
 8000294:	f000 fee6 	bl	8001064 <HAL_SPI_Init>
 8000298:	b900      	cbnz	r0, 800029c <MX_SPI1_Init+0x34>
}
 800029a:	bd08      	pop	{r3, pc}
    Error_Handler();
 800029c:	f7ff ffe2 	bl	8000264 <Error_Handler>
 80002a0:	20000034 	.word	0x20000034
 80002a4:	40013000 	.word	0x40013000

080002a8 <SystemClock_Config>:
{
 80002a8:	b510      	push	{r4, lr}
 80002aa:	b090      	sub	sp, #64	@ 0x40
  RCC_OscInitTypeDef RCC_OscInitStruct = {0};
 80002ac:	ac06      	add	r4, sp, #24
 80002ae:	2228      	movs	r2, #40	@ 0x28
 80002b0:	2100      	movs	r1, #0
 80002b2:	4620      	mov	r0, r4
 80002b4:	f001 fa33 	bl	800171e <memset>
  RCC_ClkInitTypeDef RCC_ClkInitStruct = {0};
 80002b8:	2300      	movs	r3, #0
 80002ba:	9301      	str	r3, [sp, #4]
 80002bc:	9302      	str	r3, [sp, #8]
 80002be:	9303      	str	r3, [sp, #12]
 80002c0:	9304      	str	r3, [sp, #16]
 80002c2:	9305      	str	r3, [sp, #20]
  RCC_OscInitStruct.OscillatorType = RCC_OSCILLATORTYPE_HSE;
 80002c4:	2201      	movs	r2, #1
 80002c6:	9206      	str	r2, [sp, #24]
  RCC_OscInitStruct.HSEState = RCC_HSE_ON;
 80002c8:	f44f 3380 	mov.w	r3, #65536	@ 0x10000
 80002cc:	9307      	str	r3, [sp, #28]
  RCC_OscInitStruct.HSIState = RCC_HSI_ON;
 80002ce:	920a      	str	r2, [sp, #40]	@ 0x28
  RCC_OscInitStruct.PLL.PLLState = RCC_PLL_ON;
 80002d0:	2202      	movs	r2, #2
 80002d2:	920d      	str	r2, [sp, #52]	@ 0x34
  RCC_OscInitStruct.PLL.PLLSource = RCC_PLLSOURCE_HSE;
 80002d4:	930e      	str	r3, [sp, #56]	@ 0x38
  if (HAL_RCC_OscConfig(&RCC_OscInitStruct) != HAL_OK)
 80002d6:	4620      	mov	r0, r4
 80002d8:	f000 fb1c 	bl	8000914 <HAL_RCC_OscConfig>
 80002dc:	b980      	cbnz	r0, 8000300 <SystemClock_Config+0x58>
  RCC_ClkInitStruct.ClockType = RCC_CLOCKTYPE_HCLK|RCC_CLOCKTYPE_SYSCLK
 80002de:	230f      	movs	r3, #15
 80002e0:	9301      	str	r3, [sp, #4]
  RCC_ClkInitStruct.SYSCLKSource = RCC_SYSCLKSOURCE_PLLCLK;
 80002e2:	2302      	movs	r3, #2
 80002e4:	9302      	str	r3, [sp, #8]
  RCC_ClkInitStruct.AHBCLKDivider = RCC_SYSCLK_DIV2;
 80002e6:	2380      	movs	r3, #128	@ 0x80
 80002e8:	9303      	str	r3, [sp, #12]
  RCC_ClkInitStruct.APB1CLKDivider = RCC_HCLK_DIV2;
 80002ea:	f44f 6380 	mov.w	r3, #1024	@ 0x400
 80002ee:	9304      	str	r3, [sp, #16]
  RCC_ClkInitStruct.APB2CLKDivider = RCC_HCLK_DIV1;
 80002f0:	2100      	movs	r1, #0
 80002f2:	9105      	str	r1, [sp, #20]
  if (HAL_RCC_ClockConfig(&RCC_ClkInitStruct, FLASH_LATENCY_0) != HAL_OK)
 80002f4:	a801      	add	r0, sp, #4
 80002f6:	f000 fd3f 	bl	8000d78 <HAL_RCC_ClockConfig>
 80002fa:	b918      	cbnz	r0, 8000304 <SystemClock_Config+0x5c>
}
 80002fc:	b010      	add	sp, #64	@ 0x40
 80002fe:	bd10      	pop	{r4, pc}
    Error_Handler();
 8000300:	f7ff ffb0 	bl	8000264 <Error_Handler>
    Error_Handler();
 8000304:	f7ff ffae 	bl	8000264 <Error_Handler>

08000308 <main>:
{
 8000308:	b508      	push	{r3, lr}
  HAL_Init();
 800030a:	f000 f8fb 	bl	8000504 <HAL_Init>
  SystemClock_Config();
 800030e:	f7ff ffcb 	bl	80002a8 <SystemClock_Config>
  MX_GPIO_Init();
 8000312:	f7ff ff1b 	bl	800014c <MX_GPIO_Init>
  MX_SPI1_Init();
 8000316:	f7ff ffa7 	bl	8000268 <MX_SPI1_Init>
  HAL_GPIO_WritePin(GPIOC,led_Pin,GPIO_PIN_SET);
 800031a:	2201      	movs	r2, #1
 800031c:	f44f 5100 	mov.w	r1, #8192	@ 0x2000
 8000320:	4804      	ldr	r0, [pc, #16]	@ (8000334 <main+0x2c>)
 8000322:	f000 fa87 	bl	8000834 <HAL_GPIO_WritePin>
  initial();
 8000326:	f000 f86e 	bl	8000406 <initial>
    same(uid);
 800032a:	4803      	ldr	r0, [pc, #12]	@ (8000338 <main+0x30>)
 800032c:	f7ff ff6a 	bl	8000204 <same>
  while (1)
 8000330:	e7fb      	b.n	800032a <main+0x22>
 8000332:	bf00      	nop
 8000334:	40011000 	.word	0x40011000
 8000338:	2000002c 	.word	0x2000002c

0800033c <write>:
extern SPI_HandleTypeDef hspi1;
#define CS_LOW HAL_GPIO_WritePin(GPIOA, GPIO_PIN_4, GPIO_PIN_RESET)
#define CS_HIGH HAL_GPIO_WritePin(GPIOA, GPIO_PIN_4, GPIO_PIN_SET)

void write(uint8_t addr, uint8_t val)
{
 800033c:	b510      	push	{r4, lr}
 800033e:	b082      	sub	sp, #8
    uint8_t data[2] = {(addr << 1) & 0x7E, val};
 8000340:	0040      	lsls	r0, r0, #1
 8000342:	f000 007e 	and.w	r0, r0, #126	@ 0x7e
 8000346:	f88d 0004 	strb.w	r0, [sp, #4]
 800034a:	f88d 1005 	strb.w	r1, [sp, #5]
    CS_LOW;
 800034e:	4c0a      	ldr	r4, [pc, #40]	@ (8000378 <write+0x3c>)
 8000350:	2200      	movs	r2, #0
 8000352:	2110      	movs	r1, #16
 8000354:	4620      	mov	r0, r4
 8000356:	f000 fa6d 	bl	8000834 <HAL_GPIO_WritePin>
    HAL_SPI_Transmit(&hspi1, data, 2, HAL_MAX_DELAY);
 800035a:	f04f 33ff 	mov.w	r3, #4294967295	@ 0xffffffff
 800035e:	2202      	movs	r2, #2
 8000360:	a901      	add	r1, sp, #4
 8000362:	4806      	ldr	r0, [pc, #24]	@ (800037c <write+0x40>)
 8000364:	f000 fed9 	bl	800111a <HAL_SPI_Transmit>
    CS_HIGH;
 8000368:	2201      	movs	r2, #1
 800036a:	2110      	movs	r1, #16
 800036c:	4620      	mov	r0, r4
 800036e:	f000 fa61 	bl	8000834 <HAL_GPIO_WritePin>
}
 8000372:	b002      	add	sp, #8
 8000374:	bd10      	pop	{r4, pc}
 8000376:	bf00      	nop
 8000378:	40010800 	.word	0x40010800
 800037c:	20000034 	.word	0x20000034

08000380 <read>:

uint8_t read(uint8_t addr)
{
 8000380:	b530      	push	{r4, r5, lr}
 8000382:	b083      	sub	sp, #12
    uint8_t tx = ((addr << 1) & 0x7E) | 0x80;
 8000384:	0040      	lsls	r0, r0, #1
 8000386:	f000 007e 	and.w	r0, r0, #126	@ 0x7e
 800038a:	f040 0080 	orr.w	r0, r0, #128	@ 0x80
 800038e:	f88d 0007 	strb.w	r0, [sp, #7]
    uint8_t rx;
    CS_LOW;
 8000392:	4c10      	ldr	r4, [pc, #64]	@ (80003d4 <read+0x54>)
 8000394:	2200      	movs	r2, #0
 8000396:	2110      	movs	r1, #16
 8000398:	4620      	mov	r0, r4
 800039a:	f000 fa4b 	bl	8000834 <HAL_GPIO_WritePin>
    HAL_SPI_Transmit(&hspi1, &tx, 1, HAL_MAX_DELAY);
 800039e:	4d0e      	ldr	r5, [pc, #56]	@ (80003d8 <read+0x58>)
 80003a0:	f04f 33ff 	mov.w	r3, #4294967295	@ 0xffffffff
 80003a4:	2201      	movs	r2, #1
 80003a6:	f10d 0107 	add.w	r1, sp, #7
 80003aa:	4628      	mov	r0, r5
 80003ac:	f000 feb5 	bl	800111a <HAL_SPI_Transmit>
    HAL_SPI_Receive(&hspi1, &rx, 1, HAL_MAX_DELAY);
 80003b0:	f04f 33ff 	mov.w	r3, #4294967295	@ 0xffffffff
 80003b4:	2201      	movs	r2, #1
 80003b6:	f10d 0106 	add.w	r1, sp, #6
 80003ba:	4628      	mov	r0, r5
 80003bc:	f001 f8b8 	bl	8001530 <HAL_SPI_Receive>
    CS_HIGH;
 80003c0:	2201      	movs	r2, #1
 80003c2:	2110      	movs	r1, #16
 80003c4:	4620      	mov	r0, r4
 80003c6:	f000 fa35 	bl	8000834 <HAL_GPIO_WritePin>
    return rx;
}
 80003ca:	f89d 0006 	ldrb.w	r0, [sp, #6]
 80003ce:	b003      	add	sp, #12
 80003d0:	bd30      	pop	{r4, r5, pc}
 80003d2:	bf00      	nop
 80003d4:	40010800 	.word	0x40010800
 80003d8:	20000034 	.word	0x20000034

080003dc <reset>:

void reset()
{
 80003dc:	b508      	push	{r3, lr}
    write(CommandReg, 0x0F);
 80003de:	210f      	movs	r1, #15
 80003e0:	2001      	movs	r0, #1
 80003e2:	f7ff ffab 	bl	800033c <write>
}
 80003e6:	bd08      	pop	{r3, pc}

080003e8 <antenac>:

void antenac()
{
 80003e8:	b508      	push	{r3, lr}
    uint8_t temp = read(TxControlReg);
 80003ea:	2014      	movs	r0, #20
 80003ec:	f7ff ffc8 	bl	8000380 <read>
    if (!(temp & 0x03))
 80003f0:	f010 0f03 	tst.w	r0, #3
 80003f4:	d000      	beq.n	80003f8 <antenac+0x10>
        write(TxControlReg, temp | 0x03);
}
 80003f6:	bd08      	pop	{r3, pc}
        write(TxControlReg, temp | 0x03);
 80003f8:	f040 0003 	orr.w	r0, r0, #3
 80003fc:	b2c1      	uxtb	r1, r0
 80003fe:	2014      	movs	r0, #20
 8000400:	f7ff ff9c 	bl	800033c <write>
}
 8000404:	e7f7      	b.n	80003f6 <antenac+0xe>

08000406 <initial>:
    uint8_t temp = read(TxControlReg);
    write(TxControlReg, temp & (~0x03));
}

void initial()
{
 8000406:	b508      	push	{r3, lr}
    reset();
 8000408:	f7ff ffe8 	bl	80003dc <reset>
    write(TModeReg, 0x8D);
 800040c:	218d      	movs	r1, #141	@ 0x8d
 800040e:	202a      	movs	r0, #42	@ 0x2a
 8000410:	f7ff ff94 	bl	800033c <write>
    write(TPrescalerReg, 0x3E);
 8000414:	213e      	movs	r1, #62	@ 0x3e
 8000416:	202b      	movs	r0, #43	@ 0x2b
 8000418:	f7ff ff90 	bl	800033c <write>
    write(TReloadRegL, 30);
 800041c:	211e      	movs	r1, #30
 800041e:	202d      	movs	r0, #45	@ 0x2d
 8000420:	f7ff ff8c 	bl	800033c <write>
    write(TReloadRegH, 0);
 8000424:	2100      	movs	r1, #0
 8000426:	202c      	movs	r0, #44	@ 0x2c
 8000428:	f7ff ff88 	bl	800033c <write>
    write(0x15, 0x40);
 800042c:	2140      	movs	r1, #64	@ 0x40
 800042e:	2015      	movs	r0, #21
 8000430:	f7ff ff84 	bl	800033c <write>
    write(ModeReg, 0x3D);
 8000434:	213d      	movs	r1, #61	@ 0x3d
 8000436:	2011      	movs	r0, #17
 8000438:	f7ff ff80 	bl	800033c <write>
    antenac();
 800043c:	f7ff ffd4 	bl	80003e8 <antenac>
}
 8000440:	bd08      	pop	{r3, pc}

08000442 <uid_oku>:
    uint8_t error = read(ErrorReg);
    return !(error & 0x1B);
}

uint8_t uid_oku(uint8_t *uid)
{
 8000442:	b570      	push	{r4, r5, r6, lr}
 8000444:	4605      	mov	r5, r0
    write(BitFramingReg, 0x00);
 8000446:	2100      	movs	r1, #0
 8000448:	200d      	movs	r0, #13
 800044a:	f7ff ff77 	bl	800033c <write>
    write(CommandReg, PCD_IDLE);
 800044e:	2100      	movs	r1, #0
 8000450:	2001      	movs	r0, #1
 8000452:	f7ff ff73 	bl	800033c <write>
    write(FIFOLevelReg, 0x80);
 8000456:	2180      	movs	r1, #128	@ 0x80
 8000458:	200a      	movs	r0, #10
 800045a:	f7ff ff6f 	bl	800033c <write>
    write(FIFODataReg, PICC_ANTICOLL);
 800045e:	2193      	movs	r1, #147	@ 0x93
 8000460:	2009      	movs	r0, #9
 8000462:	f7ff ff6b 	bl	800033c <write>
    write(FIFODataReg, 0x20);
 8000466:	2120      	movs	r1, #32
 8000468:	2009      	movs	r0, #9
 800046a:	f7ff ff67 	bl	800033c <write>
    write(CommandReg, PCD_TRANSCEIVE);
 800046e:	210c      	movs	r1, #12
 8000470:	2001      	movs	r0, #1
 8000472:	f7ff ff63 	bl	800033c <write>

    // Burayı düzeltiyoruz:
    uint8_t irq;
    int i = 2000;
 8000476:	f44f 64fa 	mov.w	r4, #2000	@ 0x7d0
    do
    {
        irq = read(CommIrqReg);
 800047a:	2004      	movs	r0, #4
 800047c:	f7ff ff80 	bl	8000380 <read>
        i--;
    } while (i && !(irq & 0x30)); // RxIRq | TimerIRq
 8000480:	3c01      	subs	r4, #1
 8000482:	d002      	beq.n	800048a <uid_oku+0x48>
 8000484:	f010 0f30 	tst.w	r0, #48	@ 0x30
 8000488:	d0f7      	beq.n	800047a <uid_oku+0x38>

    uint8_t error = read(ErrorReg);
 800048a:	2006      	movs	r0, #6
 800048c:	f7ff ff78 	bl	8000380 <read>
    if (error & 0x1B)
 8000490:	f010 0f1b 	tst.w	r0, #27
 8000494:	d001      	beq.n	800049a <uid_oku+0x58>
        return 0;
 8000496:	2000      	movs	r0, #0
    for (int i = 0; i < n; i++)
    {
        uid[i] = read(FIFODataReg);
    }
    return 1;
}
 8000498:	bd70      	pop	{r4, r5, r6, pc}
    uint8_t n = read(FIFOLevelReg);
 800049a:	200a      	movs	r0, #10
 800049c:	f7ff ff70 	bl	8000380 <read>
 80004a0:	4606      	mov	r6, r0
    for (int i = 0; i < n; i++)
 80004a2:	2400      	movs	r4, #0
 80004a4:	e004      	b.n	80004b0 <uid_oku+0x6e>
        uid[i] = read(FIFODataReg);
 80004a6:	2009      	movs	r0, #9
 80004a8:	f7ff ff6a 	bl	8000380 <read>
 80004ac:	5528      	strb	r0, [r5, r4]
    for (int i = 0; i < n; i++)
 80004ae:	3401      	adds	r4, #1
 80004b0:	42a6      	cmp	r6, r4
 80004b2:	dcf8      	bgt.n	80004a6 <uid_oku+0x64>
    return 1;
 80004b4:	2001      	movs	r0, #1
 80004b6:	e7ef      	b.n	8000498 <uid_oku+0x56>

080004b8 <HAL_InitTick>:
  *       implementation  in user file.
  * @param TickPriority Tick interrupt priority.
  * @retval HAL status
  */
__weak HAL_StatusTypeDef HAL_InitTick(uint32_t TickPriority)
{
 80004b8:	b510      	push	{r4, lr}
 80004ba:	4604      	mov	r4, r0
  /* Configure the SysTick to have interrupt in 1ms time basis*/
  if (HAL_SYSTICK_Config(SystemCoreClock / (1000U / uwTickFreq)) > 0U)
 80004bc:	4b0e      	ldr	r3, [pc, #56]	@ (80004f8 <HAL_InitTick+0x40>)
 80004be:	781a      	ldrb	r2, [r3, #0]
 80004c0:	f44f 737a 	mov.w	r3, #1000	@ 0x3e8
 80004c4:	fbb3 f3f2 	udiv	r3, r3, r2
 80004c8:	4a0c      	ldr	r2, [pc, #48]	@ (80004fc <HAL_InitTick+0x44>)
 80004ca:	6810      	ldr	r0, [r2, #0]
 80004cc:	fbb0 f0f3 	udiv	r0, r0, r3
 80004d0:	f000 f892 	bl	80005f8 <HAL_SYSTICK_Config>
 80004d4:	b968      	cbnz	r0, 80004f2 <HAL_InitTick+0x3a>
  {
    return HAL_ERROR;
  }

  /* Configure the SysTick IRQ priority */
  if (TickPriority < (1UL << __NVIC_PRIO_BITS))
 80004d6:	2c0f      	cmp	r4, #15
 80004d8:	d901      	bls.n	80004de <HAL_InitTick+0x26>
    HAL_NVIC_SetPriority(SysTick_IRQn, TickPriority, 0U);
    uwTickPrio = TickPriority;
  }
  else
  {
    return HAL_ERROR;
 80004da:	2001      	movs	r0, #1
 80004dc:	e00a      	b.n	80004f4 <HAL_InitTick+0x3c>
    HAL_NVIC_SetPriority(SysTick_IRQn, TickPriority, 0U);
 80004de:	2200      	movs	r2, #0
 80004e0:	4621      	mov	r1, r4
 80004e2:	f04f 30ff 	mov.w	r0, #4294967295	@ 0xffffffff
 80004e6:	f000 f877 	bl	80005d8 <HAL_NVIC_SetPriority>
    uwTickPrio = TickPriority;
 80004ea:	4b05      	ldr	r3, [pc, #20]	@ (8000500 <HAL_InitTick+0x48>)
 80004ec:	601c      	str	r4, [r3, #0]
  }

  /* Return function status */
  return HAL_OK;
 80004ee:	2000      	movs	r0, #0
 80004f0:	e000      	b.n	80004f4 <HAL_InitTick+0x3c>
    return HAL_ERROR;
 80004f2:	2001      	movs	r0, #1
}
 80004f4:	bd10      	pop	{r4, pc}
 80004f6:	bf00      	nop
 80004f8:	20000004 	.word	0x20000004
 80004fc:	2000000c 	.word	0x2000000c
 8000500:	20000008 	.word	0x20000008

08000504 <HAL_Init>:
{
 8000504:	b508      	push	{r3, lr}
  __HAL_FLASH_PREFETCH_BUFFER_ENABLE();
 8000506:	4a07      	ldr	r2, [pc, #28]	@ (8000524 <HAL_Init+0x20>)
 8000508:	6813      	ldr	r3, [r2, #0]
 800050a:	f043 0310 	orr.w	r3, r3, #16
 800050e:	6013      	str	r3, [r2, #0]
  HAL_NVIC_SetPriorityGrouping(NVIC_PRIORITYGROUP_4);
 8000510:	2003      	movs	r0, #3
 8000512:	f000 f84f 	bl	80005b4 <HAL_NVIC_SetPriorityGrouping>
  HAL_InitTick(TICK_INT_PRIORITY);
 8000516:	200f      	movs	r0, #15
 8000518:	f7ff ffce 	bl	80004b8 <HAL_InitTick>
  HAL_MspInit();
 800051c:	f000 f990 	bl	8000840 <HAL_MspInit>
}
 8000520:	2000      	movs	r0, #0
 8000522:	bd08      	pop	{r3, pc}
 8000524:	40022000 	.word	0x40022000

08000528 <HAL_IncTick>:
  *      implementations in user file.
  * @retval None
  */
__weak void HAL_IncTick(void)
{
  uwTick += uwTickFreq;
 8000528:	4a03      	ldr	r2, [pc, #12]	@ (8000538 <HAL_IncTick+0x10>)
 800052a:	6811      	ldr	r1, [r2, #0]
 800052c:	4b03      	ldr	r3, [pc, #12]	@ (800053c <HAL_IncTick+0x14>)
 800052e:	781b      	ldrb	r3, [r3, #0]
 8000530:	440b      	add	r3, r1
 8000532:	6013      	str	r3, [r2, #0]
}
 8000534:	4770      	bx	lr
 8000536:	bf00      	nop
 8000538:	2000008c 	.word	0x2000008c
 800053c:	20000004 	.word	0x20000004

08000540 <HAL_GetTick>:
  *       implementations in user file.
  * @retval tick value
  */
__weak uint32_t HAL_GetTick(void)
{
  return uwTick;
 8000540:	4b01      	ldr	r3, [pc, #4]	@ (8000548 <HAL_GetTick+0x8>)
 8000542:	6818      	ldr	r0, [r3, #0]
}
 8000544:	4770      	bx	lr
 8000546:	bf00      	nop
 8000548:	2000008c 	.word	0x2000008c

0800054c <__NVIC_SetPriority>:
  \param [in]  priority  Priority to set.
  \note    The priority cannot be set for every processor exception.
 */
__STATIC_INLINE void __NVIC_SetPriority(IRQn_Type IRQn, uint32_t priority)
{
  if ((int32_t)(IRQn) >= 0)
 800054c:	2800      	cmp	r0, #0
 800054e:	db08      	blt.n	8000562 <__NVIC_SetPriority+0x16>
  {
    NVIC->IP[((uint32_t)IRQn)]               = (uint8_t)((priority << (8U - __NVIC_PRIO_BITS)) & (uint32_t)0xFFUL);
 8000550:	0109      	lsls	r1, r1, #4
 8000552:	b2c9      	uxtb	r1, r1
 8000554:	f100 4060 	add.w	r0, r0, #3758096384	@ 0xe0000000
 8000558:	f500 4061 	add.w	r0, r0, #57600	@ 0xe100
 800055c:	f880 1300 	strb.w	r1, [r0, #768]	@ 0x300
 8000560:	4770      	bx	lr
  }
  else
  {
    SCB->SHP[(((uint32_t)IRQn) & 0xFUL)-4UL] = (uint8_t)((priority << (8U - __NVIC_PRIO_BITS)) & (uint32_t)0xFFUL);
 8000562:	f000 000f 	and.w	r0, r0, #15
 8000566:	0109      	lsls	r1, r1, #4
 8000568:	b2c9      	uxtb	r1, r1
 800056a:	4b01      	ldr	r3, [pc, #4]	@ (8000570 <__NVIC_SetPriority+0x24>)
 800056c:	5419      	strb	r1, [r3, r0]
  }
}
 800056e:	4770      	bx	lr
 8000570:	e000ed14 	.word	0xe000ed14

08000574 <NVIC_EncodePriority>:
  \param [in]   PreemptPriority  Preemptive priority value (starting from 0).
  \param [in]       SubPriority  Subpriority value (starting from 0).
  \return                        Encoded priority. Value can be used in the function \ref NVIC_SetPriority().
 */
__STATIC_INLINE uint32_t NVIC_EncodePriority (uint32_t PriorityGroup, uint32_t PreemptPriority, uint32_t SubPriority)
{
 8000574:	b500      	push	{lr}
  uint32_t PriorityGroupTmp = (PriorityGroup & (uint32_t)0x07UL);   /* only values 0..7 are used          */
 8000576:	f000 0007 	and.w	r0, r0, #7
  uint32_t PreemptPriorityBits;
  uint32_t SubPriorityBits;

  PreemptPriorityBits = ((7UL - PriorityGroupTmp) > (uint32_t)(__NVIC_PRIO_BITS)) ? (uint32_t)(__NVIC_PRIO_BITS) : (uint32_t)(7UL - PriorityGroupTmp);
 800057a:	f1c0 0c07 	rsb	ip, r0, #7
 800057e:	f1bc 0f04 	cmp.w	ip, #4
 8000582:	bf28      	it	cs
 8000584:	f04f 0c04 	movcs.w	ip, #4
  SubPriorityBits     = ((PriorityGroupTmp + (uint32_t)(__NVIC_PRIO_BITS)) < (uint32_t)7UL) ? (uint32_t)0UL : (uint32_t)((PriorityGroupTmp - 7UL) + (uint32_t)(__NVIC_PRIO_BITS));
 8000588:	1d03      	adds	r3, r0, #4
 800058a:	2b06      	cmp	r3, #6
 800058c:	d90f      	bls.n	80005ae <NVIC_EncodePriority+0x3a>
 800058e:	1ec3      	subs	r3, r0, #3

  return (
           ((PreemptPriority & (uint32_t)((1UL << (PreemptPriorityBits)) - 1UL)) << SubPriorityBits) |
 8000590:	f04f 3eff 	mov.w	lr, #4294967295	@ 0xffffffff
 8000594:	fa0e f00c 	lsl.w	r0, lr, ip
 8000598:	ea21 0100 	bic.w	r1, r1, r0
 800059c:	4099      	lsls	r1, r3
           ((SubPriority     & (uint32_t)((1UL << (SubPriorityBits    )) - 1UL)))
 800059e:	fa0e fe03 	lsl.w	lr, lr, r3
 80005a2:	ea22 020e 	bic.w	r2, r2, lr
         );
}
 80005a6:	ea41 0002 	orr.w	r0, r1, r2
 80005aa:	f85d fb04 	ldr.w	pc, [sp], #4
  SubPriorityBits     = ((PriorityGroupTmp + (uint32_t)(__NVIC_PRIO_BITS)) < (uint32_t)7UL) ? (uint32_t)0UL : (uint32_t)((PriorityGroupTmp - 7UL) + (uint32_t)(__NVIC_PRIO_BITS));
 80005ae:	2300      	movs	r3, #0
 80005b0:	e7ee      	b.n	8000590 <NVIC_EncodePriority+0x1c>
	...

080005b4 <HAL_NVIC_SetPriorityGrouping>:
  reg_value  =  SCB->AIRCR;                                                   /* read old register configuration    */
 80005b4:	4a07      	ldr	r2, [pc, #28]	@ (80005d4 <HAL_NVIC_SetPriorityGrouping+0x20>)
 80005b6:	68d3      	ldr	r3, [r2, #12]
  reg_value &= ~((uint32_t)(SCB_AIRCR_VECTKEY_Msk | SCB_AIRCR_PRIGROUP_Msk)); /* clear bits to change               */
 80005b8:	f423 63e0 	bic.w	r3, r3, #1792	@ 0x700
 80005bc:	041b      	lsls	r3, r3, #16
 80005be:	0c1b      	lsrs	r3, r3, #16
                (PriorityGroupTmp << SCB_AIRCR_PRIGROUP_Pos) );               /* Insert write key and priority group */
 80005c0:	0200      	lsls	r0, r0, #8
 80005c2:	f400 60e0 	and.w	r0, r0, #1792	@ 0x700
                ((uint32_t)0x5FAUL << SCB_AIRCR_VECTKEY_Pos) |
 80005c6:	4303      	orrs	r3, r0
  reg_value  =  (reg_value                                   |
 80005c8:	f043 63bf 	orr.w	r3, r3, #100139008	@ 0x5f80000
 80005cc:	f443 3300 	orr.w	r3, r3, #131072	@ 0x20000
  SCB->AIRCR =  reg_value;
 80005d0:	60d3      	str	r3, [r2, #12]
  /* Check the parameters */
  assert_param(IS_NVIC_PRIORITY_GROUP(PriorityGroup));
  
  /* Set the PRIGROUP[10:8] bits according to the PriorityGroup parameter value */
  NVIC_SetPriorityGrouping(PriorityGroup);
}
 80005d2:	4770      	bx	lr
 80005d4:	e000ed00 	.word	0xe000ed00

080005d8 <HAL_NVIC_SetPriority>:
  *         This parameter can be a value between 0 and 15
  *         A lower priority value indicates a higher priority.          
  * @retval None
  */
void HAL_NVIC_SetPriority(IRQn_Type IRQn, uint32_t PreemptPriority, uint32_t SubPriority)
{ 
 80005d8:	b510      	push	{r4, lr}
 80005da:	4604      	mov	r4, r0
  return ((uint32_t)((SCB->AIRCR & SCB_AIRCR_PRIGROUP_Msk) >> SCB_AIRCR_PRIGROUP_Pos));
 80005dc:	4b05      	ldr	r3, [pc, #20]	@ (80005f4 <HAL_NVIC_SetPriority+0x1c>)
 80005de:	68d8      	ldr	r0, [r3, #12]
  assert_param(IS_NVIC_SUB_PRIORITY(SubPriority));
  assert_param(IS_NVIC_PREEMPTION_PRIORITY(PreemptPriority));
  
  prioritygroup = NVIC_GetPriorityGrouping();
  
  NVIC_SetPriority(IRQn, NVIC_EncodePriority(prioritygroup, PreemptPriority, SubPriority));
 80005e0:	f3c0 2002 	ubfx	r0, r0, #8, #3
 80005e4:	f7ff ffc6 	bl	8000574 <NVIC_EncodePriority>
 80005e8:	4601      	mov	r1, r0
 80005ea:	4620      	mov	r0, r4
 80005ec:	f7ff ffae 	bl	800054c <__NVIC_SetPriority>
}
 80005f0:	bd10      	pop	{r4, pc}
 80005f2:	bf00      	nop
 80005f4:	e000ed00 	.word	0xe000ed00

080005f8 <HAL_SYSTICK_Config>:
           function <b>SysTick_Config</b> is not included. In this case, the file <b><i>device</i>.h</b>
           must contain a vendor-specific implementation of this function.
 */
__STATIC_INLINE uint32_t SysTick_Config(uint32_t ticks)
{
  if ((ticks - 1UL) > SysTick_LOAD_RELOAD_Msk)
 80005f8:	3801      	subs	r0, #1
 80005fa:	f1b0 7f80 	cmp.w	r0, #16777216	@ 0x1000000
 80005fe:	d20b      	bcs.n	8000618 <HAL_SYSTICK_Config+0x20>
  {
    return (1UL);                                                   /* Reload value impossible */
  }

  SysTick->LOAD  = (uint32_t)(ticks - 1UL);                         /* set reload register */
 8000600:	f04f 23e0 	mov.w	r3, #3758153728	@ 0xe000e000
 8000604:	6158      	str	r0, [r3, #20]
    SCB->SHP[(((uint32_t)IRQn) & 0xFUL)-4UL] = (uint8_t)((priority << (8U - __NVIC_PRIO_BITS)) & (uint32_t)0xFFUL);
 8000606:	4a05      	ldr	r2, [pc, #20]	@ (800061c <HAL_SYSTICK_Config+0x24>)
 8000608:	21f0      	movs	r1, #240	@ 0xf0
 800060a:	f882 1023 	strb.w	r1, [r2, #35]	@ 0x23
  NVIC_SetPriority (SysTick_IRQn, (1UL << __NVIC_PRIO_BITS) - 1UL); /* set Priority for Systick Interrupt */
  SysTick->VAL   = 0UL;                                             /* Load the SysTick Counter Value */
 800060e:	2000      	movs	r0, #0
 8000610:	6198      	str	r0, [r3, #24]
  SysTick->CTRL  = SysTick_CTRL_CLKSOURCE_Msk |
 8000612:	2207      	movs	r2, #7
 8000614:	611a      	str	r2, [r3, #16]
                   SysTick_CTRL_TICKINT_Msk   |
                   SysTick_CTRL_ENABLE_Msk;                         /* Enable SysTick IRQ and SysTick Timer */
  return (0UL);                                                     /* Function successful */
 8000616:	4770      	bx	lr
    return (1UL);                                                   /* Reload value impossible */
 8000618:	2001      	movs	r0, #1
  *                  - 1  Function failed.
  */
uint32_t HAL_SYSTICK_Config(uint32_t TicksNumb)
{
   return SysTick_Config(TicksNumb);
}
 800061a:	4770      	bx	lr
 800061c:	e000ed00 	.word	0xe000ed00

08000620 <HAL_GPIO_Init>:
  * @param  GPIO_Init: pointer to a GPIO_InitTypeDef structure that contains
  *         the configuration information for the specified GPIO peripheral.
  * @retval None
  */
void HAL_GPIO_Init(GPIO_TypeDef  *GPIOx, GPIO_InitTypeDef *GPIO_Init)
{
 8000620:	b570      	push	{r4, r5, r6, lr}
 8000622:	b082      	sub	sp, #8
  uint32_t position = 0x00u;
  uint32_t ioposition;
  uint32_t iocurrent;
  uint32_t temp;
  uint32_t config = 0x00u;
 8000624:	2400      	movs	r4, #0
  uint32_t position = 0x00u;
 8000626:	46a4      	mov	ip, r4
  assert_param(IS_GPIO_ALL_INSTANCE(GPIOx));
  assert_param(IS_GPIO_PIN(GPIO_Init->Pin));
  assert_param(IS_GPIO_MODE(GPIO_Init->Mode));

  /* Configure the port pins */
  while (((GPIO_Init->Pin) >> position) != 0x00u)
 8000628:	e09e      	b.n	8000768 <HAL_GPIO_Init+0x148>
    {
      /* Check the Alternate function parameters */
      assert_param(IS_GPIO_AF_INSTANCE(GPIOx));

      /* Based on the required mode, filling config variable with MODEy[1:0] and CNFy[3:2] corresponding bits */
      switch (GPIO_Init->Mode)
 800062a:	4d7c      	ldr	r5, [pc, #496]	@ (800081c <HAL_GPIO_Init+0x1fc>)
 800062c:	42ab      	cmp	r3, r5
 800062e:	d014      	beq.n	800065a <HAL_GPIO_Init+0x3a>
 8000630:	d80c      	bhi.n	800064c <HAL_GPIO_Init+0x2c>
 8000632:	f5a5 1580 	sub.w	r5, r5, #1048576	@ 0x100000
 8000636:	42ab      	cmp	r3, r5
 8000638:	d00f      	beq.n	800065a <HAL_GPIO_Init+0x3a>
 800063a:	f505 2570 	add.w	r5, r5, #983040	@ 0xf0000
 800063e:	42ab      	cmp	r3, r5
 8000640:	d00b      	beq.n	800065a <HAL_GPIO_Init+0x3a>
 8000642:	f5a5 1580 	sub.w	r5, r5, #1048576	@ 0x100000
 8000646:	42ab      	cmp	r3, r5
 8000648:	d11f      	bne.n	800068a <HAL_GPIO_Init+0x6a>
 800064a:	e006      	b.n	800065a <HAL_GPIO_Init+0x3a>
 800064c:	4d74      	ldr	r5, [pc, #464]	@ (8000820 <HAL_GPIO_Init+0x200>)
 800064e:	42ab      	cmp	r3, r5
 8000650:	d003      	beq.n	800065a <HAL_GPIO_Init+0x3a>
 8000652:	f505 3580 	add.w	r5, r5, #65536	@ 0x10000
 8000656:	42ab      	cmp	r3, r5
 8000658:	d117      	bne.n	800068a <HAL_GPIO_Init+0x6a>
        case GPIO_MODE_EVT_RISING:
        case GPIO_MODE_EVT_FALLING:
        case GPIO_MODE_EVT_RISING_FALLING:
          /* Check the GPIO pull parameter */
          assert_param(IS_GPIO_PULL(GPIO_Init->Pull));
          if (GPIO_Init->Pull == GPIO_NOPULL)
 800065a:	688b      	ldr	r3, [r1, #8]
 800065c:	b1a3      	cbz	r3, 8000688 <HAL_GPIO_Init+0x68>
          {
            config = GPIO_CR_MODE_INPUT + GPIO_CR_CNF_INPUT_FLOATING;
          }
          else if (GPIO_Init->Pull == GPIO_PULLUP)
 800065e:	2b01      	cmp	r3, #1
 8000660:	d00d      	beq.n	800067e <HAL_GPIO_Init+0x5e>
          else /* GPIO_PULLDOWN */
          {
            config = GPIO_CR_MODE_INPUT + GPIO_CR_CNF_INPUT_PU_PD;

            /* Reset the corresponding ODR bit */
            GPIOx->BRR = ioposition;
 8000662:	6142      	str	r2, [r0, #20]
            config = GPIO_CR_MODE_INPUT + GPIO_CR_CNF_INPUT_PU_PD;
 8000664:	2408      	movs	r4, #8
 8000666:	e010      	b.n	800068a <HAL_GPIO_Init+0x6a>
          config = GPIO_Init->Speed + GPIO_CR_CNF_GP_OUTPUT_PP;
 8000668:	68cc      	ldr	r4, [r1, #12]
          break;
 800066a:	e00e      	b.n	800068a <HAL_GPIO_Init+0x6a>
          config = GPIO_Init->Speed + GPIO_CR_CNF_GP_OUTPUT_OD;
 800066c:	68cc      	ldr	r4, [r1, #12]
 800066e:	3404      	adds	r4, #4
          break;
 8000670:	e00b      	b.n	800068a <HAL_GPIO_Init+0x6a>
          config = GPIO_Init->Speed + GPIO_CR_CNF_AF_OUTPUT_PP;
 8000672:	68cc      	ldr	r4, [r1, #12]
 8000674:	3408      	adds	r4, #8
          break;
 8000676:	e008      	b.n	800068a <HAL_GPIO_Init+0x6a>
          config = GPIO_Init->Speed + GPIO_CR_CNF_AF_OUTPUT_OD;
 8000678:	68cc      	ldr	r4, [r1, #12]
 800067a:	340c      	adds	r4, #12
          break;
 800067c:	e005      	b.n	800068a <HAL_GPIO_Init+0x6a>
            GPIOx->BSRR = ioposition;
 800067e:	6102      	str	r2, [r0, #16]
            config = GPIO_CR_MODE_INPUT + GPIO_CR_CNF_INPUT_PU_PD;
 8000680:	2408      	movs	r4, #8
 8000682:	e002      	b.n	800068a <HAL_GPIO_Init+0x6a>
          }
          break;

        /* If we are configuring the pin in INPUT analog mode */
        case GPIO_MODE_ANALOG:
          config = GPIO_CR_MODE_INPUT + GPIO_CR_CNF_ANALOG;
 8000684:	2400      	movs	r4, #0
 8000686:	e000      	b.n	800068a <HAL_GPIO_Init+0x6a>
            config = GPIO_CR_MODE_INPUT + GPIO_CR_CNF_INPUT_FLOATING;
 8000688:	2404      	movs	r4, #4
          break;
      }

      /* Check if the current bit belongs to first half or last half of the pin count number
       in order to address CRH or CRL register*/
      configregister = (iocurrent < GPIO_PIN_8) ? &GPIOx->CRL     : &GPIOx->CRH;
 800068a:	f1be 0fff 	cmp.w	lr, #255	@ 0xff
 800068e:	d837      	bhi.n	8000700 <HAL_GPIO_Init+0xe0>
 8000690:	4606      	mov	r6, r0
      registeroffset = (iocurrent < GPIO_PIN_8) ? (position << 2u) : ((position - 8u) << 2u);
 8000692:	ea4f 028c 	mov.w	r2, ip, lsl #2

      /* Apply the new configuration of the pin to the register */
      MODIFY_REG((*configregister), ((GPIO_CRL_MODE0 | GPIO_CRL_CNF0) << registeroffset), (config << registeroffset));
 8000696:	6833      	ldr	r3, [r6, #0]
 8000698:	250f      	movs	r5, #15
 800069a:	4095      	lsls	r5, r2
 800069c:	ea23 0305 	bic.w	r3, r3, r5
 80006a0:	fa04 f202 	lsl.w	r2, r4, r2
 80006a4:	4313      	orrs	r3, r2
 80006a6:	6033      	str	r3, [r6, #0]

      /*--------------------- EXTI Mode Configuration ------------------------*/
      /* Configure the External Interrupt or event for the current IO */
      if ((GPIO_Init->Mode & EXTI_MODE) == EXTI_MODE)
 80006a8:	684b      	ldr	r3, [r1, #4]
 80006aa:	f013 5f80 	tst.w	r3, #268435456	@ 0x10000000
 80006ae:	d059      	beq.n	8000764 <HAL_GPIO_Init+0x144>
      {
        /* Enable AFIO Clock */
        __HAL_RCC_AFIO_CLK_ENABLE();
 80006b0:	4b5c      	ldr	r3, [pc, #368]	@ (8000824 <HAL_GPIO_Init+0x204>)
 80006b2:	699a      	ldr	r2, [r3, #24]
 80006b4:	f042 0201 	orr.w	r2, r2, #1
 80006b8:	619a      	str	r2, [r3, #24]
 80006ba:	699b      	ldr	r3, [r3, #24]
 80006bc:	f003 0301 	and.w	r3, r3, #1
 80006c0:	9301      	str	r3, [sp, #4]
 80006c2:	9b01      	ldr	r3, [sp, #4]
        temp = AFIO->EXTICR[position >> 2u];
 80006c4:	ea4f 029c 	mov.w	r2, ip, lsr #2
 80006c8:	1c95      	adds	r5, r2, #2
 80006ca:	4b57      	ldr	r3, [pc, #348]	@ (8000828 <HAL_GPIO_Init+0x208>)
 80006cc:	f853 6025 	ldr.w	r6, [r3, r5, lsl #2]
        CLEAR_BIT(temp, (0x0Fu) << (4u * (position & 0x03u)));
 80006d0:	f00c 0503 	and.w	r5, ip, #3
 80006d4:	00ad      	lsls	r5, r5, #2
 80006d6:	230f      	movs	r3, #15
 80006d8:	40ab      	lsls	r3, r5
 80006da:	ea26 0603 	bic.w	r6, r6, r3
        SET_BIT(temp, (GPIO_GET_INDEX(GPIOx)) << (4u * (position & 0x03u)));
 80006de:	4b53      	ldr	r3, [pc, #332]	@ (800082c <HAL_GPIO_Init+0x20c>)
 80006e0:	4298      	cmp	r0, r3
 80006e2:	d014      	beq.n	800070e <HAL_GPIO_Init+0xee>
 80006e4:	f503 6380 	add.w	r3, r3, #1024	@ 0x400
 80006e8:	4298      	cmp	r0, r3
 80006ea:	d079      	beq.n	80007e0 <HAL_GPIO_Init+0x1c0>
 80006ec:	f503 6380 	add.w	r3, r3, #1024	@ 0x400
 80006f0:	4298      	cmp	r0, r3
 80006f2:	d077      	beq.n	80007e4 <HAL_GPIO_Init+0x1c4>
 80006f4:	f503 6380 	add.w	r3, r3, #1024	@ 0x400
 80006f8:	4298      	cmp	r0, r3
 80006fa:	d006      	beq.n	800070a <HAL_GPIO_Init+0xea>
 80006fc:	2304      	movs	r3, #4
 80006fe:	e007      	b.n	8000710 <HAL_GPIO_Init+0xf0>
      configregister = (iocurrent < GPIO_PIN_8) ? &GPIOx->CRL     : &GPIOx->CRH;
 8000700:	1d06      	adds	r6, r0, #4
      registeroffset = (iocurrent < GPIO_PIN_8) ? (position << 2u) : ((position - 8u) << 2u);
 8000702:	f1ac 0208 	sub.w	r2, ip, #8
 8000706:	0092      	lsls	r2, r2, #2
 8000708:	e7c5      	b.n	8000696 <HAL_GPIO_Init+0x76>
        SET_BIT(temp, (GPIO_GET_INDEX(GPIOx)) << (4u * (position & 0x03u)));
 800070a:	2303      	movs	r3, #3
 800070c:	e000      	b.n	8000710 <HAL_GPIO_Init+0xf0>
 800070e:	2300      	movs	r3, #0
 8000710:	40ab      	lsls	r3, r5
 8000712:	4333      	orrs	r3, r6
        AFIO->EXTICR[position >> 2u] = temp;
 8000714:	3202      	adds	r2, #2
 8000716:	4d44      	ldr	r5, [pc, #272]	@ (8000828 <HAL_GPIO_Init+0x208>)
 8000718:	f845 3022 	str.w	r3, [r5, r2, lsl #2]


        /* Enable or disable the rising trigger */
        if ((GPIO_Init->Mode & RISING_EDGE) == RISING_EDGE)
 800071c:	684b      	ldr	r3, [r1, #4]
 800071e:	f413 1f80 	tst.w	r3, #1048576	@ 0x100000
 8000722:	d061      	beq.n	80007e8 <HAL_GPIO_Init+0x1c8>
        {
          SET_BIT(EXTI->RTSR, iocurrent);
 8000724:	4a42      	ldr	r2, [pc, #264]	@ (8000830 <HAL_GPIO_Init+0x210>)
 8000726:	6893      	ldr	r3, [r2, #8]
 8000728:	ea43 030e 	orr.w	r3, r3, lr
 800072c:	6093      	str	r3, [r2, #8]
        {
          CLEAR_BIT(EXTI->RTSR, iocurrent);
        }

        /* Enable or disable the falling trigger */
        if ((GPIO_Init->Mode & FALLING_EDGE) == FALLING_EDGE)
 800072e:	684b      	ldr	r3, [r1, #4]
 8000730:	f413 1f00 	tst.w	r3, #2097152	@ 0x200000
 8000734:	d05e      	beq.n	80007f4 <HAL_GPIO_Init+0x1d4>
        {
          SET_BIT(EXTI->FTSR, iocurrent);
 8000736:	4a3e      	ldr	r2, [pc, #248]	@ (8000830 <HAL_GPIO_Init+0x210>)
 8000738:	68d3      	ldr	r3, [r2, #12]
 800073a:	ea43 030e 	orr.w	r3, r3, lr
 800073e:	60d3      	str	r3, [r2, #12]
        {
          CLEAR_BIT(EXTI->FTSR, iocurrent);
        }

        /* Configure the event mask */
        if ((GPIO_Init->Mode & GPIO_MODE_EVT) == GPIO_MODE_EVT)
 8000740:	684b      	ldr	r3, [r1, #4]
 8000742:	f413 3f00 	tst.w	r3, #131072	@ 0x20000
 8000746:	d05b      	beq.n	8000800 <HAL_GPIO_Init+0x1e0>
        {
          SET_BIT(EXTI->EMR, iocurrent);
 8000748:	4a39      	ldr	r2, [pc, #228]	@ (8000830 <HAL_GPIO_Init+0x210>)
 800074a:	6853      	ldr	r3, [r2, #4]
 800074c:	ea43 030e 	orr.w	r3, r3, lr
 8000750:	6053      	str	r3, [r2, #4]
        {
          CLEAR_BIT(EXTI->EMR, iocurrent);
        }

        /* Configure the interrupt mask */
        if ((GPIO_Init->Mode & GPIO_MODE_IT) == GPIO_MODE_IT)
 8000752:	684b      	ldr	r3, [r1, #4]
 8000754:	f413 3f80 	tst.w	r3, #65536	@ 0x10000
 8000758:	d058      	beq.n	800080c <HAL_GPIO_Init+0x1ec>
        {
          SET_BIT(EXTI->IMR, iocurrent);
 800075a:	4a35      	ldr	r2, [pc, #212]	@ (8000830 <HAL_GPIO_Init+0x210>)
 800075c:	6813      	ldr	r3, [r2, #0]
 800075e:	ea43 030e 	orr.w	r3, r3, lr
 8000762:	6013      	str	r3, [r2, #0]
          CLEAR_BIT(EXTI->IMR, iocurrent);
        }
      }
    }

	position++;
 8000764:	f10c 0c01 	add.w	ip, ip, #1
  while (((GPIO_Init->Pin) >> position) != 0x00u)
 8000768:	680b      	ldr	r3, [r1, #0]
 800076a:	fa33 f20c 	lsrs.w	r2, r3, ip
 800076e:	d053      	beq.n	8000818 <HAL_GPIO_Init+0x1f8>
    ioposition = (0x01uL << position);
 8000770:	2201      	movs	r2, #1
 8000772:	fa02 f20c 	lsl.w	r2, r2, ip
    iocurrent = (uint32_t)(GPIO_Init->Pin) & ioposition;
 8000776:	ea03 0e02 	and.w	lr, r3, r2
    if (iocurrent == ioposition)
 800077a:	ea32 0303 	bics.w	r3, r2, r3
 800077e:	d1f1      	bne.n	8000764 <HAL_GPIO_Init+0x144>
      switch (GPIO_Init->Mode)
 8000780:	684b      	ldr	r3, [r1, #4]
 8000782:	2b12      	cmp	r3, #18
 8000784:	f63f af51 	bhi.w	800062a <HAL_GPIO_Init+0xa>
 8000788:	2b12      	cmp	r3, #18
 800078a:	f63f af7e 	bhi.w	800068a <HAL_GPIO_Init+0x6a>
 800078e:	a501      	add	r5, pc, #4	@ (adr r5, 8000794 <HAL_GPIO_Init+0x174>)
 8000790:	f855 f023 	ldr.w	pc, [r5, r3, lsl #2]
 8000794:	0800065b 	.word	0x0800065b
 8000798:	08000669 	.word	0x08000669
 800079c:	08000673 	.word	0x08000673
 80007a0:	08000685 	.word	0x08000685
 80007a4:	0800068b 	.word	0x0800068b
 80007a8:	0800068b 	.word	0x0800068b
 80007ac:	0800068b 	.word	0x0800068b
 80007b0:	0800068b 	.word	0x0800068b
 80007b4:	0800068b 	.word	0x0800068b
 80007b8:	0800068b 	.word	0x0800068b
 80007bc:	0800068b 	.word	0x0800068b
 80007c0:	0800068b 	.word	0x0800068b
 80007c4:	0800068b 	.word	0x0800068b
 80007c8:	0800068b 	.word	0x0800068b
 80007cc:	0800068b 	.word	0x0800068b
 80007d0:	0800068b 	.word	0x0800068b
 80007d4:	0800068b 	.word	0x0800068b
 80007d8:	0800066d 	.word	0x0800066d
 80007dc:	08000679 	.word	0x08000679
        SET_BIT(temp, (GPIO_GET_INDEX(GPIOx)) << (4u * (position & 0x03u)));
 80007e0:	2301      	movs	r3, #1
 80007e2:	e795      	b.n	8000710 <HAL_GPIO_Init+0xf0>
 80007e4:	2302      	movs	r3, #2
 80007e6:	e793      	b.n	8000710 <HAL_GPIO_Init+0xf0>
          CLEAR_BIT(EXTI->RTSR, iocurrent);
 80007e8:	4a11      	ldr	r2, [pc, #68]	@ (8000830 <HAL_GPIO_Init+0x210>)
 80007ea:	6893      	ldr	r3, [r2, #8]
 80007ec:	ea23 030e 	bic.w	r3, r3, lr
 80007f0:	6093      	str	r3, [r2, #8]
 80007f2:	e79c      	b.n	800072e <HAL_GPIO_Init+0x10e>
          CLEAR_BIT(EXTI->FTSR, iocurrent);
 80007f4:	4a0e      	ldr	r2, [pc, #56]	@ (8000830 <HAL_GPIO_Init+0x210>)
 80007f6:	68d3      	ldr	r3, [r2, #12]
 80007f8:	ea23 030e 	bic.w	r3, r3, lr
 80007fc:	60d3      	str	r3, [r2, #12]
 80007fe:	e79f      	b.n	8000740 <HAL_GPIO_Init+0x120>
          CLEAR_BIT(EXTI->EMR, iocurrent);
 8000800:	4a0b      	ldr	r2, [pc, #44]	@ (8000830 <HAL_GPIO_Init+0x210>)
 8000802:	6853      	ldr	r3, [r2, #4]
 8000804:	ea23 030e 	bic.w	r3, r3, lr
 8000808:	6053      	str	r3, [r2, #4]
 800080a:	e7a2      	b.n	8000752 <HAL_GPIO_Init+0x132>
          CLEAR_BIT(EXTI->IMR, iocurrent);
 800080c:	4a08      	ldr	r2, [pc, #32]	@ (8000830 <HAL_GPIO_Init+0x210>)
 800080e:	6813      	ldr	r3, [r2, #0]
 8000810:	ea23 030e 	bic.w	r3, r3, lr
 8000814:	6013      	str	r3, [r2, #0]
 8000816:	e7a5      	b.n	8000764 <HAL_GPIO_Init+0x144>
  }
}
 8000818:	b002      	add	sp, #8
 800081a:	bd70      	pop	{r4, r5, r6, pc}
 800081c:	10220000 	.word	0x10220000
 8000820:	10310000 	.word	0x10310000
 8000824:	40021000 	.word	0x40021000
 8000828:	40010000 	.word	0x40010000
 800082c:	40010800 	.word	0x40010800
 8000830:	40010400 	.word	0x40010400

08000834 <HAL_GPIO_WritePin>:
{
  /* Check the parameters */
  assert_param(IS_GPIO_PIN(GPIO_Pin));
  assert_param(IS_GPIO_PIN_ACTION(PinState));

  if (PinState != GPIO_PIN_RESET)
 8000834:	b10a      	cbz	r2, 800083a <HAL_GPIO_WritePin+0x6>
  {
    GPIOx->BSRR = GPIO_Pin;
 8000836:	6101      	str	r1, [r0, #16]
 8000838:	4770      	bx	lr
  }
  else
  {
    GPIOx->BSRR = (uint32_t)GPIO_Pin << 16u;
 800083a:	0409      	lsls	r1, r1, #16
 800083c:	6101      	str	r1, [r0, #16]
  }
}
 800083e:	4770      	bx	lr

08000840 <HAL_MspInit>:
/* USER CODE END 0 */
/**
  * Initializes the Global MSP.
  */
void HAL_MspInit(void)
{
 8000840:	b082      	sub	sp, #8

  /* USER CODE BEGIN MspInit 0 */

  /* USER CODE END MspInit 0 */

  __HAL_RCC_AFIO_CLK_ENABLE();
 8000842:	4b0a      	ldr	r3, [pc, #40]	@ (800086c <HAL_MspInit+0x2c>)
 8000844:	699a      	ldr	r2, [r3, #24]
 8000846:	f042 0201 	orr.w	r2, r2, #1
 800084a:	619a      	str	r2, [r3, #24]
 800084c:	699a      	ldr	r2, [r3, #24]
 800084e:	f002 0201 	and.w	r2, r2, #1
 8000852:	9200      	str	r2, [sp, #0]
 8000854:	9a00      	ldr	r2, [sp, #0]
  __HAL_RCC_PWR_CLK_ENABLE();
 8000856:	69da      	ldr	r2, [r3, #28]
 8000858:	f042 5280 	orr.w	r2, r2, #268435456	@ 0x10000000
 800085c:	61da      	str	r2, [r3, #28]
 800085e:	69db      	ldr	r3, [r3, #28]
 8000860:	f003 5380 	and.w	r3, r3, #268435456	@ 0x10000000
 8000864:	9301      	str	r3, [sp, #4]
 8000866:	9b01      	ldr	r3, [sp, #4]
  //__HAL_AFIO_REMAP_SWJ_NOJTAG();

  /* USER CODE BEGIN MspInit 1 */

  /* USER CODE END MspInit 1 */
}
 8000868:	b002      	add	sp, #8
 800086a:	4770      	bx	lr
 800086c:	40021000 	.word	0x40021000

08000870 <HAL_SPI_MspInit>:
* This function configures the hardware resources used in this example
* @param hspi: SPI handle pointer
* @retval None
*/
void HAL_SPI_MspInit(SPI_HandleTypeDef* hspi)
{
 8000870:	b530      	push	{r4, r5, lr}
 8000872:	b087      	sub	sp, #28
  GPIO_InitTypeDef GPIO_InitStruct = {0};
 8000874:	2300      	movs	r3, #0
 8000876:	9302      	str	r3, [sp, #8]
 8000878:	9303      	str	r3, [sp, #12]
 800087a:	9304      	str	r3, [sp, #16]
 800087c:	9305      	str	r3, [sp, #20]
  if(hspi->Instance==SPI1)
 800087e:	6802      	ldr	r2, [r0, #0]
 8000880:	4b17      	ldr	r3, [pc, #92]	@ (80008e0 <HAL_SPI_MspInit+0x70>)
 8000882:	429a      	cmp	r2, r3
 8000884:	d001      	beq.n	800088a <HAL_SPI_MspInit+0x1a>

  /* USER CODE END SPI1_MspInit 1 */

  }

}
 8000886:	b007      	add	sp, #28
 8000888:	bd30      	pop	{r4, r5, pc}
    __HAL_RCC_SPI1_CLK_ENABLE();
 800088a:	f503 4360 	add.w	r3, r3, #57344	@ 0xe000
 800088e:	699a      	ldr	r2, [r3, #24]
 8000890:	f442 5280 	orr.w	r2, r2, #4096	@ 0x1000
 8000894:	619a      	str	r2, [r3, #24]
 8000896:	699a      	ldr	r2, [r3, #24]
 8000898:	f402 5280 	and.w	r2, r2, #4096	@ 0x1000
 800089c:	9200      	str	r2, [sp, #0]
 800089e:	9a00      	ldr	r2, [sp, #0]
    __HAL_RCC_GPIOA_CLK_ENABLE();
 80008a0:	699a      	ldr	r2, [r3, #24]
 80008a2:	f042 0204 	orr.w	r2, r2, #4
 80008a6:	619a      	str	r2, [r3, #24]
 80008a8:	699b      	ldr	r3, [r3, #24]
 80008aa:	f003 0304 	and.w	r3, r3, #4
 80008ae:	9301      	str	r3, [sp, #4]
 80008b0:	9b01      	ldr	r3, [sp, #4]
    GPIO_InitStruct.Pin = GPIO_PIN_5|GPIO_PIN_7;
 80008b2:	23a0      	movs	r3, #160	@ 0xa0
 80008b4:	9302      	str	r3, [sp, #8]
    GPIO_InitStruct.Mode = GPIO_MODE_AF_PP;
 80008b6:	2302      	movs	r3, #2
 80008b8:	9303      	str	r3, [sp, #12]
    GPIO_InitStruct.Speed = GPIO_SPEED_FREQ_HIGH;
 80008ba:	2303      	movs	r3, #3
 80008bc:	9305      	str	r3, [sp, #20]
    HAL_GPIO_Init(GPIOA, &GPIO_InitStruct);
 80008be:	ad02      	add	r5, sp, #8
 80008c0:	4c08      	ldr	r4, [pc, #32]	@ (80008e4 <HAL_SPI_MspInit+0x74>)
 80008c2:	4629      	mov	r1, r5
 80008c4:	4620      	mov	r0, r4
 80008c6:	f7ff feab 	bl	8000620 <HAL_GPIO_Init>
    GPIO_InitStruct.Pin = GPIO_PIN_6;
 80008ca:	2340      	movs	r3, #64	@ 0x40
 80008cc:	9302      	str	r3, [sp, #8]
    GPIO_InitStruct.Mode = GPIO_MODE_INPUT;
 80008ce:	2300      	movs	r3, #0
 80008d0:	9303      	str	r3, [sp, #12]
    GPIO_InitStruct.Pull = GPIO_NOPULL;
 80008d2:	9304      	str	r3, [sp, #16]
    HAL_GPIO_Init(GPIOA, &GPIO_InitStruct);
 80008d4:	4629      	mov	r1, r5
 80008d6:	4620      	mov	r0, r4
 80008d8:	f7ff fea2 	bl	8000620 <HAL_GPIO_Init>
}
 80008dc:	e7d3      	b.n	8000886 <HAL_SPI_MspInit+0x16>
 80008de:	bf00      	nop
 80008e0:	40013000 	.word	0x40013000
 80008e4:	40010800 	.word	0x40010800

080008e8 <RCC_Delay>:
  * @brief  This function provides delay (in milliseconds) based on CPU cycles method.
  * @param  mdelay: specifies the delay time length, in milliseconds.
  * @retval None
  */
static void RCC_Delay(uint32_t mdelay)
{
 80008e8:	b082      	sub	sp, #8
  __IO uint32_t Delay = mdelay * (SystemCoreClock / 8U / 1000U);
 80008ea:	4b08      	ldr	r3, [pc, #32]	@ (800090c <RCC_Delay+0x24>)
 80008ec:	681b      	ldr	r3, [r3, #0]
 80008ee:	4a08      	ldr	r2, [pc, #32]	@ (8000910 <RCC_Delay+0x28>)
 80008f0:	fba2 2303 	umull	r2, r3, r2, r3
 80008f4:	0a5b      	lsrs	r3, r3, #9
 80008f6:	fb00 f303 	mul.w	r3, r0, r3
 80008fa:	9301      	str	r3, [sp, #4]
  do
  {
    __NOP();
 80008fc:	bf00      	nop
  }
  while (Delay --);
 80008fe:	9b01      	ldr	r3, [sp, #4]
 8000900:	1e5a      	subs	r2, r3, #1
 8000902:	9201      	str	r2, [sp, #4]
 8000904:	2b00      	cmp	r3, #0
 8000906:	d1f9      	bne.n	80008fc <RCC_Delay+0x14>
}
 8000908:	b002      	add	sp, #8
 800090a:	4770      	bx	lr
 800090c:	2000000c 	.word	0x2000000c
 8000910:	10624dd3 	.word	0x10624dd3

08000914 <HAL_RCC_OscConfig>:
  if (RCC_OscInitStruct == NULL)
 8000914:	2800      	cmp	r0, #0
 8000916:	f000 81f1 	beq.w	8000cfc <HAL_RCC_OscConfig+0x3e8>
{
 800091a:	b570      	push	{r4, r5, r6, lr}
 800091c:	b082      	sub	sp, #8
 800091e:	4604      	mov	r4, r0
  if (((RCC_OscInitStruct->OscillatorType) & RCC_OSCILLATORTYPE_HSE) == RCC_OSCILLATORTYPE_HSE)
 8000920:	6803      	ldr	r3, [r0, #0]
 8000922:	f013 0f01 	tst.w	r3, #1
 8000926:	d02c      	beq.n	8000982 <HAL_RCC_OscConfig+0x6e>
    if ((__HAL_RCC_GET_SYSCLK_SOURCE() == RCC_SYSCLKSOURCE_STATUS_HSE)
 8000928:	4b99      	ldr	r3, [pc, #612]	@ (8000b90 <HAL_RCC_OscConfig+0x27c>)
 800092a:	685b      	ldr	r3, [r3, #4]
 800092c:	f003 030c 	and.w	r3, r3, #12
 8000930:	2b04      	cmp	r3, #4
 8000932:	d01d      	beq.n	8000970 <HAL_RCC_OscConfig+0x5c>
        || ((__HAL_RCC_GET_SYSCLK_SOURCE() == RCC_SYSCLKSOURCE_STATUS_PLLCLK) && (__HAL_RCC_GET_PLL_OSCSOURCE() == RCC_PLLSOURCE_HSE)))
 8000934:	4b96      	ldr	r3, [pc, #600]	@ (8000b90 <HAL_RCC_OscConfig+0x27c>)
 8000936:	685b      	ldr	r3, [r3, #4]
 8000938:	f003 030c 	and.w	r3, r3, #12
 800093c:	2b08      	cmp	r3, #8
 800093e:	d012      	beq.n	8000966 <HAL_RCC_OscConfig+0x52>
      __HAL_RCC_HSE_CONFIG(RCC_OscInitStruct->HSEState);
 8000940:	6863      	ldr	r3, [r4, #4]
 8000942:	f5b3 3f80 	cmp.w	r3, #65536	@ 0x10000
 8000946:	d041      	beq.n	80009cc <HAL_RCC_OscConfig+0xb8>
 8000948:	2b00      	cmp	r3, #0
 800094a:	d155      	bne.n	80009f8 <HAL_RCC_OscConfig+0xe4>
 800094c:	f103 4380 	add.w	r3, r3, #1073741824	@ 0x40000000
 8000950:	f503 3304 	add.w	r3, r3, #135168	@ 0x21000
 8000954:	681a      	ldr	r2, [r3, #0]
 8000956:	f422 3280 	bic.w	r2, r2, #65536	@ 0x10000
 800095a:	601a      	str	r2, [r3, #0]
 800095c:	681a      	ldr	r2, [r3, #0]
 800095e:	f422 2280 	bic.w	r2, r2, #262144	@ 0x40000
 8000962:	601a      	str	r2, [r3, #0]
 8000964:	e037      	b.n	80009d6 <HAL_RCC_OscConfig+0xc2>
        || ((__HAL_RCC_GET_SYSCLK_SOURCE() == RCC_SYSCLKSOURCE_STATUS_PLLCLK) && (__HAL_RCC_GET_PLL_OSCSOURCE() == RCC_PLLSOURCE_HSE)))
 8000966:	4b8a      	ldr	r3, [pc, #552]	@ (8000b90 <HAL_RCC_OscConfig+0x27c>)
 8000968:	685b      	ldr	r3, [r3, #4]
 800096a:	f413 3f80 	tst.w	r3, #65536	@ 0x10000
 800096e:	d0e7      	beq.n	8000940 <HAL_RCC_OscConfig+0x2c>
      if ((__HAL_RCC_GET_FLAG(RCC_FLAG_HSERDY) != RESET) && (RCC_OscInitStruct->HSEState == RCC_HSE_OFF))
 8000970:	4b87      	ldr	r3, [pc, #540]	@ (8000b90 <HAL_RCC_OscConfig+0x27c>)
 8000972:	681b      	ldr	r3, [r3, #0]
 8000974:	f413 3f00 	tst.w	r3, #131072	@ 0x20000
 8000978:	d003      	beq.n	8000982 <HAL_RCC_OscConfig+0x6e>
 800097a:	6863      	ldr	r3, [r4, #4]
 800097c:	2b00      	cmp	r3, #0
 800097e:	f000 81bf 	beq.w	8000d00 <HAL_RCC_OscConfig+0x3ec>
  if (((RCC_OscInitStruct->OscillatorType) & RCC_OSCILLATORTYPE_HSI) == RCC_OSCILLATORTYPE_HSI)
 8000982:	6823      	ldr	r3, [r4, #0]
 8000984:	f013 0f02 	tst.w	r3, #2
 8000988:	d075      	beq.n	8000a76 <HAL_RCC_OscConfig+0x162>
    if ((__HAL_RCC_GET_SYSCLK_SOURCE() == RCC_SYSCLKSOURCE_STATUS_HSI)
 800098a:	4b81      	ldr	r3, [pc, #516]	@ (8000b90 <HAL_RCC_OscConfig+0x27c>)
 800098c:	685b      	ldr	r3, [r3, #4]
 800098e:	f013 0f0c 	tst.w	r3, #12
 8000992:	d05f      	beq.n	8000a54 <HAL_RCC_OscConfig+0x140>
        || ((__HAL_RCC_GET_SYSCLK_SOURCE() == RCC_SYSCLKSOURCE_STATUS_PLLCLK) && (__HAL_RCC_GET_PLL_OSCSOURCE() == RCC_PLLSOURCE_HSI_DIV2)))
 8000994:	4b7e      	ldr	r3, [pc, #504]	@ (8000b90 <HAL_RCC_OscConfig+0x27c>)
 8000996:	685b      	ldr	r3, [r3, #4]
 8000998:	f003 030c 	and.w	r3, r3, #12
 800099c:	2b08      	cmp	r3, #8
 800099e:	d054      	beq.n	8000a4a <HAL_RCC_OscConfig+0x136>
      if (RCC_OscInitStruct->HSIState != RCC_HSI_OFF)
 80009a0:	6923      	ldr	r3, [r4, #16]
 80009a2:	2b00      	cmp	r3, #0
 80009a4:	f000 808a 	beq.w	8000abc <HAL_RCC_OscConfig+0x1a8>
        __HAL_RCC_HSI_ENABLE();
 80009a8:	4b7a      	ldr	r3, [pc, #488]	@ (8000b94 <HAL_RCC_OscConfig+0x280>)
 80009aa:	2201      	movs	r2, #1
 80009ac:	601a      	str	r2, [r3, #0]
        tickstart = HAL_GetTick();
 80009ae:	f7ff fdc7 	bl	8000540 <HAL_GetTick>
 80009b2:	4605      	mov	r5, r0
        while (__HAL_RCC_GET_FLAG(RCC_FLAG_HSIRDY) == RESET)
 80009b4:	4b76      	ldr	r3, [pc, #472]	@ (8000b90 <HAL_RCC_OscConfig+0x27c>)
 80009b6:	681b      	ldr	r3, [r3, #0]
 80009b8:	f013 0f02 	tst.w	r3, #2
 80009bc:	d175      	bne.n	8000aaa <HAL_RCC_OscConfig+0x196>
          if ((HAL_GetTick() - tickstart) > HSI_TIMEOUT_VALUE)
 80009be:	f7ff fdbf 	bl	8000540 <HAL_GetTick>
 80009c2:	1b40      	subs	r0, r0, r5
 80009c4:	2802      	cmp	r0, #2
 80009c6:	d9f5      	bls.n	80009b4 <HAL_RCC_OscConfig+0xa0>
            return HAL_TIMEOUT;
 80009c8:	2003      	movs	r0, #3
 80009ca:	e19e      	b.n	8000d0a <HAL_RCC_OscConfig+0x3f6>
      __HAL_RCC_HSE_CONFIG(RCC_OscInitStruct->HSEState);
 80009cc:	4a70      	ldr	r2, [pc, #448]	@ (8000b90 <HAL_RCC_OscConfig+0x27c>)
 80009ce:	6813      	ldr	r3, [r2, #0]
 80009d0:	f443 3380 	orr.w	r3, r3, #65536	@ 0x10000
 80009d4:	6013      	str	r3, [r2, #0]
      if (RCC_OscInitStruct->HSEState != RCC_HSE_OFF)
 80009d6:	6863      	ldr	r3, [r4, #4]
 80009d8:	b343      	cbz	r3, 8000a2c <HAL_RCC_OscConfig+0x118>
        tickstart = HAL_GetTick();
 80009da:	f7ff fdb1 	bl	8000540 <HAL_GetTick>
 80009de:	4605      	mov	r5, r0
        while (__HAL_RCC_GET_FLAG(RCC_FLAG_HSERDY) == RESET)
 80009e0:	4b6b      	ldr	r3, [pc, #428]	@ (8000b90 <HAL_RCC_OscConfig+0x27c>)
 80009e2:	681b      	ldr	r3, [r3, #0]
 80009e4:	f413 3f00 	tst.w	r3, #131072	@ 0x20000
 80009e8:	d1cb      	bne.n	8000982 <HAL_RCC_OscConfig+0x6e>
          if ((HAL_GetTick() - tickstart) > HSE_TIMEOUT_VALUE)
 80009ea:	f7ff fda9 	bl	8000540 <HAL_GetTick>
 80009ee:	1b40      	subs	r0, r0, r5
 80009f0:	2864      	cmp	r0, #100	@ 0x64
 80009f2:	d9f5      	bls.n	80009e0 <HAL_RCC_OscConfig+0xcc>
            return HAL_TIMEOUT;
 80009f4:	2003      	movs	r0, #3
 80009f6:	e188      	b.n	8000d0a <HAL_RCC_OscConfig+0x3f6>
      __HAL_RCC_HSE_CONFIG(RCC_OscInitStruct->HSEState);
 80009f8:	f5b3 2fa0 	cmp.w	r3, #327680	@ 0x50000
 80009fc:	d009      	beq.n	8000a12 <HAL_RCC_OscConfig+0xfe>
 80009fe:	4b64      	ldr	r3, [pc, #400]	@ (8000b90 <HAL_RCC_OscConfig+0x27c>)
 8000a00:	681a      	ldr	r2, [r3, #0]
 8000a02:	f422 3280 	bic.w	r2, r2, #65536	@ 0x10000
 8000a06:	601a      	str	r2, [r3, #0]
 8000a08:	681a      	ldr	r2, [r3, #0]
 8000a0a:	f422 2280 	bic.w	r2, r2, #262144	@ 0x40000
 8000a0e:	601a      	str	r2, [r3, #0]
 8000a10:	e7e1      	b.n	80009d6 <HAL_RCC_OscConfig+0xc2>
 8000a12:	f103 4380 	add.w	r3, r3, #1073741824	@ 0x40000000
 8000a16:	f5a3 333c 	sub.w	r3, r3, #192512	@ 0x2f000
 8000a1a:	681a      	ldr	r2, [r3, #0]
 8000a1c:	f442 2280 	orr.w	r2, r2, #262144	@ 0x40000
 8000a20:	601a      	str	r2, [r3, #0]
 8000a22:	681a      	ldr	r2, [r3, #0]
 8000a24:	f442 3280 	orr.w	r2, r2, #65536	@ 0x10000
 8000a28:	601a      	str	r2, [r3, #0]
 8000a2a:	e7d4      	b.n	80009d6 <HAL_RCC_OscConfig+0xc2>
        tickstart = HAL_GetTick();
 8000a2c:	f7ff fd88 	bl	8000540 <HAL_GetTick>
 8000a30:	4605      	mov	r5, r0
        while (__HAL_RCC_GET_FLAG(RCC_FLAG_HSERDY) != RESET)
 8000a32:	4b57      	ldr	r3, [pc, #348]	@ (8000b90 <HAL_RCC_OscConfig+0x27c>)
 8000a34:	681b      	ldr	r3, [r3, #0]
 8000a36:	f413 3f00 	tst.w	r3, #131072	@ 0x20000
 8000a3a:	d0a2      	beq.n	8000982 <HAL_RCC_OscConfig+0x6e>
          if ((HAL_GetTick() - tickstart) > HSE_TIMEOUT_VALUE)
 8000a3c:	f7ff fd80 	bl	8000540 <HAL_GetTick>
 8000a40:	1b40      	subs	r0, r0, r5
 8000a42:	2864      	cmp	r0, #100	@ 0x64
 8000a44:	d9f5      	bls.n	8000a32 <HAL_RCC_OscConfig+0x11e>
            return HAL_TIMEOUT;
 8000a46:	2003      	movs	r0, #3
 8000a48:	e15f      	b.n	8000d0a <HAL_RCC_OscConfig+0x3f6>
        || ((__HAL_RCC_GET_SYSCLK_SOURCE() == RCC_SYSCLKSOURCE_STATUS_PLLCLK) && (__HAL_RCC_GET_PLL_OSCSOURCE() == RCC_PLLSOURCE_HSI_DIV2)))
 8000a4a:	4b51      	ldr	r3, [pc, #324]	@ (8000b90 <HAL_RCC_OscConfig+0x27c>)
 8000a4c:	685b      	ldr	r3, [r3, #4]
 8000a4e:	f413 3f80 	tst.w	r3, #65536	@ 0x10000
 8000a52:	d1a5      	bne.n	80009a0 <HAL_RCC_OscConfig+0x8c>
      if ((__HAL_RCC_GET_FLAG(RCC_FLAG_HSIRDY) != RESET) && (RCC_OscInitStruct->HSIState != RCC_HSI_ON))
 8000a54:	4b4e      	ldr	r3, [pc, #312]	@ (8000b90 <HAL_RCC_OscConfig+0x27c>)
 8000a56:	681b      	ldr	r3, [r3, #0]
 8000a58:	f013 0f02 	tst.w	r3, #2
 8000a5c:	d003      	beq.n	8000a66 <HAL_RCC_OscConfig+0x152>
 8000a5e:	6923      	ldr	r3, [r4, #16]
 8000a60:	2b01      	cmp	r3, #1
 8000a62:	f040 814f 	bne.w	8000d04 <HAL_RCC_OscConfig+0x3f0>
        __HAL_RCC_HSI_CALIBRATIONVALUE_ADJUST(RCC_OscInitStruct->HSICalibrationValue);
 8000a66:	4a4a      	ldr	r2, [pc, #296]	@ (8000b90 <HAL_RCC_OscConfig+0x27c>)
 8000a68:	6813      	ldr	r3, [r2, #0]
 8000a6a:	f023 03f8 	bic.w	r3, r3, #248	@ 0xf8
 8000a6e:	6961      	ldr	r1, [r4, #20]
 8000a70:	ea43 03c1 	orr.w	r3, r3, r1, lsl #3
 8000a74:	6013      	str	r3, [r2, #0]
  if (((RCC_OscInitStruct->OscillatorType) & RCC_OSCILLATORTYPE_LSI) == RCC_OSCILLATORTYPE_LSI)
 8000a76:	6823      	ldr	r3, [r4, #0]
 8000a78:	f013 0f08 	tst.w	r3, #8
 8000a7c:	d033      	beq.n	8000ae6 <HAL_RCC_OscConfig+0x1d2>
    if (RCC_OscInitStruct->LSIState != RCC_LSI_OFF)
 8000a7e:	69a3      	ldr	r3, [r4, #24]
 8000a80:	2b00      	cmp	r3, #0
 8000a82:	d05c      	beq.n	8000b3e <HAL_RCC_OscConfig+0x22a>
      __HAL_RCC_LSI_ENABLE();
 8000a84:	4b43      	ldr	r3, [pc, #268]	@ (8000b94 <HAL_RCC_OscConfig+0x280>)
 8000a86:	2201      	movs	r2, #1
 8000a88:	f8c3 2480 	str.w	r2, [r3, #1152]	@ 0x480
      tickstart = HAL_GetTick();
 8000a8c:	f7ff fd58 	bl	8000540 <HAL_GetTick>
 8000a90:	4605      	mov	r5, r0
      while (__HAL_RCC_GET_FLAG(RCC_FLAG_LSIRDY) == RESET)
 8000a92:	4b3f      	ldr	r3, [pc, #252]	@ (8000b90 <HAL_RCC_OscConfig+0x27c>)
 8000a94:	6a5b      	ldr	r3, [r3, #36]	@ 0x24
 8000a96:	f013 0f02 	tst.w	r3, #2
 8000a9a:	d121      	bne.n	8000ae0 <HAL_RCC_OscConfig+0x1cc>
        if ((HAL_GetTick() - tickstart) > LSI_TIMEOUT_VALUE)
 8000a9c:	f7ff fd50 	bl	8000540 <HAL_GetTick>
 8000aa0:	1b40      	subs	r0, r0, r5
 8000aa2:	2802      	cmp	r0, #2
 8000aa4:	d9f5      	bls.n	8000a92 <HAL_RCC_OscConfig+0x17e>
          return HAL_TIMEOUT;
 8000aa6:	2003      	movs	r0, #3
 8000aa8:	e12f      	b.n	8000d0a <HAL_RCC_OscConfig+0x3f6>
        __HAL_RCC_HSI_CALIBRATIONVALUE_ADJUST(RCC_OscInitStruct->HSICalibrationValue);
 8000aaa:	4a39      	ldr	r2, [pc, #228]	@ (8000b90 <HAL_RCC_OscConfig+0x27c>)
 8000aac:	6813      	ldr	r3, [r2, #0]
 8000aae:	f023 03f8 	bic.w	r3, r3, #248	@ 0xf8
 8000ab2:	6961      	ldr	r1, [r4, #20]
 8000ab4:	ea43 03c1 	orr.w	r3, r3, r1, lsl #3
 8000ab8:	6013      	str	r3, [r2, #0]
 8000aba:	e7dc      	b.n	8000a76 <HAL_RCC_OscConfig+0x162>
        __HAL_RCC_HSI_DISABLE();
 8000abc:	4b35      	ldr	r3, [pc, #212]	@ (8000b94 <HAL_RCC_OscConfig+0x280>)
 8000abe:	2200      	movs	r2, #0
 8000ac0:	601a      	str	r2, [r3, #0]
        tickstart = HAL_GetTick();
 8000ac2:	f7ff fd3d 	bl	8000540 <HAL_GetTick>
 8000ac6:	4605      	mov	r5, r0
        while (__HAL_RCC_GET_FLAG(RCC_FLAG_HSIRDY) != RESET)
 8000ac8:	4b31      	ldr	r3, [pc, #196]	@ (8000b90 <HAL_RCC_OscConfig+0x27c>)
 8000aca:	681b      	ldr	r3, [r3, #0]
 8000acc:	f013 0f02 	tst.w	r3, #2
 8000ad0:	d0d1      	beq.n	8000a76 <HAL_RCC_OscConfig+0x162>
          if ((HAL_GetTick() - tickstart) > HSI_TIMEOUT_VALUE)
 8000ad2:	f7ff fd35 	bl	8000540 <HAL_GetTick>
 8000ad6:	1b40      	subs	r0, r0, r5
 8000ad8:	2802      	cmp	r0, #2
 8000ada:	d9f5      	bls.n	8000ac8 <HAL_RCC_OscConfig+0x1b4>
            return HAL_TIMEOUT;
 8000adc:	2003      	movs	r0, #3
 8000ade:	e114      	b.n	8000d0a <HAL_RCC_OscConfig+0x3f6>
      RCC_Delay(1);
 8000ae0:	2001      	movs	r0, #1
 8000ae2:	f7ff ff01 	bl	80008e8 <RCC_Delay>
  if (((RCC_OscInitStruct->OscillatorType) & RCC_OSCILLATORTYPE_LSE) == RCC_OSCILLATORTYPE_LSE)
 8000ae6:	6823      	ldr	r3, [r4, #0]
 8000ae8:	f013 0f04 	tst.w	r3, #4
 8000aec:	f000 8096 	beq.w	8000c1c <HAL_RCC_OscConfig+0x308>
    if (__HAL_RCC_PWR_IS_CLK_DISABLED())
 8000af0:	4b27      	ldr	r3, [pc, #156]	@ (8000b90 <HAL_RCC_OscConfig+0x27c>)
 8000af2:	69db      	ldr	r3, [r3, #28]
 8000af4:	f013 5f80 	tst.w	r3, #268435456	@ 0x10000000
 8000af8:	d134      	bne.n	8000b64 <HAL_RCC_OscConfig+0x250>
      __HAL_RCC_PWR_CLK_ENABLE();
 8000afa:	4b25      	ldr	r3, [pc, #148]	@ (8000b90 <HAL_RCC_OscConfig+0x27c>)
 8000afc:	69da      	ldr	r2, [r3, #28]
 8000afe:	f042 5280 	orr.w	r2, r2, #268435456	@ 0x10000000
 8000b02:	61da      	str	r2, [r3, #28]
 8000b04:	69db      	ldr	r3, [r3, #28]
 8000b06:	f003 5380 	and.w	r3, r3, #268435456	@ 0x10000000
 8000b0a:	9301      	str	r3, [sp, #4]
 8000b0c:	9b01      	ldr	r3, [sp, #4]
      pwrclkchanged = SET;
 8000b0e:	2501      	movs	r5, #1
    if (HAL_IS_BIT_CLR(PWR->CR, PWR_CR_DBP))
 8000b10:	4b21      	ldr	r3, [pc, #132]	@ (8000b98 <HAL_RCC_OscConfig+0x284>)
 8000b12:	681b      	ldr	r3, [r3, #0]
 8000b14:	f413 7f80 	tst.w	r3, #256	@ 0x100
 8000b18:	d026      	beq.n	8000b68 <HAL_RCC_OscConfig+0x254>
    __HAL_RCC_LSE_CONFIG(RCC_OscInitStruct->LSEState);
 8000b1a:	68e3      	ldr	r3, [r4, #12]
 8000b1c:	2b01      	cmp	r3, #1
 8000b1e:	d03d      	beq.n	8000b9c <HAL_RCC_OscConfig+0x288>
 8000b20:	2b00      	cmp	r3, #0
 8000b22:	d153      	bne.n	8000bcc <HAL_RCC_OscConfig+0x2b8>
 8000b24:	f103 4380 	add.w	r3, r3, #1073741824	@ 0x40000000
 8000b28:	f503 3304 	add.w	r3, r3, #135168	@ 0x21000
 8000b2c:	6a1a      	ldr	r2, [r3, #32]
 8000b2e:	f022 0201 	bic.w	r2, r2, #1
 8000b32:	621a      	str	r2, [r3, #32]
 8000b34:	6a1a      	ldr	r2, [r3, #32]
 8000b36:	f022 0204 	bic.w	r2, r2, #4
 8000b3a:	621a      	str	r2, [r3, #32]
 8000b3c:	e033      	b.n	8000ba6 <HAL_RCC_OscConfig+0x292>
      __HAL_RCC_LSI_DISABLE();
 8000b3e:	4b15      	ldr	r3, [pc, #84]	@ (8000b94 <HAL_RCC_OscConfig+0x280>)
 8000b40:	2200      	movs	r2, #0
 8000b42:	f8c3 2480 	str.w	r2, [r3, #1152]	@ 0x480
      tickstart = HAL_GetTick();
 8000b46:	f7ff fcfb 	bl	8000540 <HAL_GetTick>
 8000b4a:	4605      	mov	r5, r0
      while (__HAL_RCC_GET_FLAG(RCC_FLAG_LSIRDY) != RESET)
 8000b4c:	4b10      	ldr	r3, [pc, #64]	@ (8000b90 <HAL_RCC_OscConfig+0x27c>)
 8000b4e:	6a5b      	ldr	r3, [r3, #36]	@ 0x24
 8000b50:	f013 0f02 	tst.w	r3, #2
 8000b54:	d0c7      	beq.n	8000ae6 <HAL_RCC_OscConfig+0x1d2>
        if ((HAL_GetTick() - tickstart) > LSI_TIMEOUT_VALUE)
 8000b56:	f7ff fcf3 	bl	8000540 <HAL_GetTick>
 8000b5a:	1b40      	subs	r0, r0, r5
 8000b5c:	2802      	cmp	r0, #2
 8000b5e:	d9f5      	bls.n	8000b4c <HAL_RCC_OscConfig+0x238>
          return HAL_TIMEOUT;
 8000b60:	2003      	movs	r0, #3
 8000b62:	e0d2      	b.n	8000d0a <HAL_RCC_OscConfig+0x3f6>
    FlagStatus       pwrclkchanged = RESET;
 8000b64:	2500      	movs	r5, #0
 8000b66:	e7d3      	b.n	8000b10 <HAL_RCC_OscConfig+0x1fc>
      SET_BIT(PWR->CR, PWR_CR_DBP);
 8000b68:	4a0b      	ldr	r2, [pc, #44]	@ (8000b98 <HAL_RCC_OscConfig+0x284>)
 8000b6a:	6813      	ldr	r3, [r2, #0]
 8000b6c:	f443 7380 	orr.w	r3, r3, #256	@ 0x100
 8000b70:	6013      	str	r3, [r2, #0]
      tickstart = HAL_GetTick();
 8000b72:	f7ff fce5 	bl	8000540 <HAL_GetTick>
 8000b76:	4606      	mov	r6, r0
      while (HAL_IS_BIT_CLR(PWR->CR, PWR_CR_DBP))
 8000b78:	4b07      	ldr	r3, [pc, #28]	@ (8000b98 <HAL_RCC_OscConfig+0x284>)
 8000b7a:	681b      	ldr	r3, [r3, #0]
 8000b7c:	f413 7f80 	tst.w	r3, #256	@ 0x100
 8000b80:	d1cb      	bne.n	8000b1a <HAL_RCC_OscConfig+0x206>
        if ((HAL_GetTick() - tickstart) > RCC_DBP_TIMEOUT_VALUE)
 8000b82:	f7ff fcdd 	bl	8000540 <HAL_GetTick>
 8000b86:	1b80      	subs	r0, r0, r6
 8000b88:	2864      	cmp	r0, #100	@ 0x64
 8000b8a:	d9f5      	bls.n	8000b78 <HAL_RCC_OscConfig+0x264>
          return HAL_TIMEOUT;
 8000b8c:	2003      	movs	r0, #3
 8000b8e:	e0bc      	b.n	8000d0a <HAL_RCC_OscConfig+0x3f6>
 8000b90:	40021000 	.word	0x40021000
 8000b94:	42420000 	.word	0x42420000
 8000b98:	40007000 	.word	0x40007000
    __HAL_RCC_LSE_CONFIG(RCC_OscInitStruct->LSEState);
 8000b9c:	4a5f      	ldr	r2, [pc, #380]	@ (8000d1c <HAL_RCC_OscConfig+0x408>)
 8000b9e:	6a13      	ldr	r3, [r2, #32]
 8000ba0:	f043 0301 	orr.w	r3, r3, #1
 8000ba4:	6213      	str	r3, [r2, #32]
    if (RCC_OscInitStruct->LSEState != RCC_LSE_OFF)
 8000ba6:	68e3      	ldr	r3, [r4, #12]
 8000ba8:	b333      	cbz	r3, 8000bf8 <HAL_RCC_OscConfig+0x2e4>
      tickstart = HAL_GetTick();
 8000baa:	f7ff fcc9 	bl	8000540 <HAL_GetTick>
 8000bae:	4606      	mov	r6, r0
      while (__HAL_RCC_GET_FLAG(RCC_FLAG_LSERDY) == RESET)
 8000bb0:	4b5a      	ldr	r3, [pc, #360]	@ (8000d1c <HAL_RCC_OscConfig+0x408>)
 8000bb2:	6a1b      	ldr	r3, [r3, #32]
 8000bb4:	f013 0f02 	tst.w	r3, #2
 8000bb8:	d12f      	bne.n	8000c1a <HAL_RCC_OscConfig+0x306>
        if ((HAL_GetTick() - tickstart) > RCC_LSE_TIMEOUT_VALUE)
 8000bba:	f7ff fcc1 	bl	8000540 <HAL_GetTick>
 8000bbe:	1b80      	subs	r0, r0, r6
 8000bc0:	f241 3388 	movw	r3, #5000	@ 0x1388
 8000bc4:	4298      	cmp	r0, r3
 8000bc6:	d9f3      	bls.n	8000bb0 <HAL_RCC_OscConfig+0x29c>
          return HAL_TIMEOUT;
 8000bc8:	2003      	movs	r0, #3
 8000bca:	e09e      	b.n	8000d0a <HAL_RCC_OscConfig+0x3f6>
    __HAL_RCC_LSE_CONFIG(RCC_OscInitStruct->LSEState);
 8000bcc:	2b05      	cmp	r3, #5
 8000bce:	d009      	beq.n	8000be4 <HAL_RCC_OscConfig+0x2d0>
 8000bd0:	4b52      	ldr	r3, [pc, #328]	@ (8000d1c <HAL_RCC_OscConfig+0x408>)
 8000bd2:	6a1a      	ldr	r2, [r3, #32]
 8000bd4:	f022 0201 	bic.w	r2, r2, #1
 8000bd8:	621a      	str	r2, [r3, #32]
 8000bda:	6a1a      	ldr	r2, [r3, #32]
 8000bdc:	f022 0204 	bic.w	r2, r2, #4
 8000be0:	621a      	str	r2, [r3, #32]
 8000be2:	e7e0      	b.n	8000ba6 <HAL_RCC_OscConfig+0x292>
 8000be4:	4b4d      	ldr	r3, [pc, #308]	@ (8000d1c <HAL_RCC_OscConfig+0x408>)
 8000be6:	6a1a      	ldr	r2, [r3, #32]
 8000be8:	f042 0204 	orr.w	r2, r2, #4
 8000bec:	621a      	str	r2, [r3, #32]
 8000bee:	6a1a      	ldr	r2, [r3, #32]
 8000bf0:	f042 0201 	orr.w	r2, r2, #1
 8000bf4:	621a      	str	r2, [r3, #32]
 8000bf6:	e7d6      	b.n	8000ba6 <HAL_RCC_OscConfig+0x292>
      tickstart = HAL_GetTick();
 8000bf8:	f7ff fca2 	bl	8000540 <HAL_GetTick>
 8000bfc:	4606      	mov	r6, r0
      while (__HAL_RCC_GET_FLAG(RCC_FLAG_LSERDY) != RESET)
 8000bfe:	4b47      	ldr	r3, [pc, #284]	@ (8000d1c <HAL_RCC_OscConfig+0x408>)
 8000c00:	6a1b      	ldr	r3, [r3, #32]
 8000c02:	f013 0f02 	tst.w	r3, #2
 8000c06:	d008      	beq.n	8000c1a <HAL_RCC_OscConfig+0x306>
        if ((HAL_GetTick() - tickstart) > RCC_LSE_TIMEOUT_VALUE)
 8000c08:	f7ff fc9a 	bl	8000540 <HAL_GetTick>
 8000c0c:	1b80      	subs	r0, r0, r6
 8000c0e:	f241 3388 	movw	r3, #5000	@ 0x1388
 8000c12:	4298      	cmp	r0, r3
 8000c14:	d9f3      	bls.n	8000bfe <HAL_RCC_OscConfig+0x2ea>
          return HAL_TIMEOUT;
 8000c16:	2003      	movs	r0, #3
 8000c18:	e077      	b.n	8000d0a <HAL_RCC_OscConfig+0x3f6>
    if (pwrclkchanged == SET)
 8000c1a:	b9e5      	cbnz	r5, 8000c56 <HAL_RCC_OscConfig+0x342>
  if ((RCC_OscInitStruct->PLL.PLLState) != RCC_PLL_NONE)
 8000c1c:	69e3      	ldr	r3, [r4, #28]
 8000c1e:	2b00      	cmp	r3, #0
 8000c20:	d072      	beq.n	8000d08 <HAL_RCC_OscConfig+0x3f4>
    if (__HAL_RCC_GET_SYSCLK_SOURCE() != RCC_SYSCLKSOURCE_STATUS_PLLCLK)
 8000c22:	4a3e      	ldr	r2, [pc, #248]	@ (8000d1c <HAL_RCC_OscConfig+0x408>)
 8000c24:	6852      	ldr	r2, [r2, #4]
 8000c26:	f002 020c 	and.w	r2, r2, #12
 8000c2a:	2a08      	cmp	r2, #8
 8000c2c:	d056      	beq.n	8000cdc <HAL_RCC_OscConfig+0x3c8>
      if ((RCC_OscInitStruct->PLL.PLLState) == RCC_PLL_ON)
 8000c2e:	2b02      	cmp	r3, #2
 8000c30:	d017      	beq.n	8000c62 <HAL_RCC_OscConfig+0x34e>
        __HAL_RCC_PLL_DISABLE();
 8000c32:	4b3b      	ldr	r3, [pc, #236]	@ (8000d20 <HAL_RCC_OscConfig+0x40c>)
 8000c34:	2200      	movs	r2, #0
 8000c36:	661a      	str	r2, [r3, #96]	@ 0x60
        tickstart = HAL_GetTick();
 8000c38:	f7ff fc82 	bl	8000540 <HAL_GetTick>
 8000c3c:	4604      	mov	r4, r0
        while (__HAL_RCC_GET_FLAG(RCC_FLAG_PLLRDY)  != RESET)
 8000c3e:	4b37      	ldr	r3, [pc, #220]	@ (8000d1c <HAL_RCC_OscConfig+0x408>)
 8000c40:	681b      	ldr	r3, [r3, #0]
 8000c42:	f013 7f00 	tst.w	r3, #33554432	@ 0x2000000
 8000c46:	d047      	beq.n	8000cd8 <HAL_RCC_OscConfig+0x3c4>
          if ((HAL_GetTick() - tickstart) > PLL_TIMEOUT_VALUE)
 8000c48:	f7ff fc7a 	bl	8000540 <HAL_GetTick>
 8000c4c:	1b00      	subs	r0, r0, r4
 8000c4e:	2802      	cmp	r0, #2
 8000c50:	d9f5      	bls.n	8000c3e <HAL_RCC_OscConfig+0x32a>
            return HAL_TIMEOUT;
 8000c52:	2003      	movs	r0, #3
 8000c54:	e059      	b.n	8000d0a <HAL_RCC_OscConfig+0x3f6>
      __HAL_RCC_PWR_CLK_DISABLE();
 8000c56:	4a31      	ldr	r2, [pc, #196]	@ (8000d1c <HAL_RCC_OscConfig+0x408>)
 8000c58:	69d3      	ldr	r3, [r2, #28]
 8000c5a:	f023 5380 	bic.w	r3, r3, #268435456	@ 0x10000000
 8000c5e:	61d3      	str	r3, [r2, #28]
 8000c60:	e7dc      	b.n	8000c1c <HAL_RCC_OscConfig+0x308>
        __HAL_RCC_PLL_DISABLE();
 8000c62:	4b2f      	ldr	r3, [pc, #188]	@ (8000d20 <HAL_RCC_OscConfig+0x40c>)
 8000c64:	2200      	movs	r2, #0
 8000c66:	661a      	str	r2, [r3, #96]	@ 0x60
        tickstart = HAL_GetTick();
 8000c68:	f7ff fc6a 	bl	8000540 <HAL_GetTick>
 8000c6c:	4605      	mov	r5, r0
        while (__HAL_RCC_GET_FLAG(RCC_FLAG_PLLRDY)  != RESET)
 8000c6e:	4b2b      	ldr	r3, [pc, #172]	@ (8000d1c <HAL_RCC_OscConfig+0x408>)
 8000c70:	681b      	ldr	r3, [r3, #0]
 8000c72:	f013 7f00 	tst.w	r3, #33554432	@ 0x2000000
 8000c76:	d006      	beq.n	8000c86 <HAL_RCC_OscConfig+0x372>
          if ((HAL_GetTick() - tickstart) > PLL_TIMEOUT_VALUE)
 8000c78:	f7ff fc62 	bl	8000540 <HAL_GetTick>
 8000c7c:	1b40      	subs	r0, r0, r5
 8000c7e:	2802      	cmp	r0, #2
 8000c80:	d9f5      	bls.n	8000c6e <HAL_RCC_OscConfig+0x35a>
            return HAL_TIMEOUT;
 8000c82:	2003      	movs	r0, #3
 8000c84:	e041      	b.n	8000d0a <HAL_RCC_OscConfig+0x3f6>
        if (RCC_OscInitStruct->PLL.PLLSource == RCC_PLLSOURCE_HSE)
 8000c86:	6a23      	ldr	r3, [r4, #32]
 8000c88:	f5b3 3f80 	cmp.w	r3, #65536	@ 0x10000
 8000c8c:	d01a      	beq.n	8000cc4 <HAL_RCC_OscConfig+0x3b0>
        __HAL_RCC_PLL_CONFIG(RCC_OscInitStruct->PLL.PLLSource,
 8000c8e:	4923      	ldr	r1, [pc, #140]	@ (8000d1c <HAL_RCC_OscConfig+0x408>)
 8000c90:	684b      	ldr	r3, [r1, #4]
 8000c92:	f423 1374 	bic.w	r3, r3, #3997696	@ 0x3d0000
 8000c96:	6a22      	ldr	r2, [r4, #32]
 8000c98:	6a60      	ldr	r0, [r4, #36]	@ 0x24
 8000c9a:	4302      	orrs	r2, r0
 8000c9c:	4313      	orrs	r3, r2
 8000c9e:	604b      	str	r3, [r1, #4]
        __HAL_RCC_PLL_ENABLE();
 8000ca0:	4b1f      	ldr	r3, [pc, #124]	@ (8000d20 <HAL_RCC_OscConfig+0x40c>)
 8000ca2:	2201      	movs	r2, #1
 8000ca4:	661a      	str	r2, [r3, #96]	@ 0x60
        tickstart = HAL_GetTick();
 8000ca6:	f7ff fc4b 	bl	8000540 <HAL_GetTick>
 8000caa:	4604      	mov	r4, r0
        while (__HAL_RCC_GET_FLAG(RCC_FLAG_PLLRDY)  == RESET)
 8000cac:	4b1b      	ldr	r3, [pc, #108]	@ (8000d1c <HAL_RCC_OscConfig+0x408>)
 8000cae:	681b      	ldr	r3, [r3, #0]
 8000cb0:	f013 7f00 	tst.w	r3, #33554432	@ 0x2000000
 8000cb4:	d10e      	bne.n	8000cd4 <HAL_RCC_OscConfig+0x3c0>
          if ((HAL_GetTick() - tickstart) > PLL_TIMEOUT_VALUE)
 8000cb6:	f7ff fc43 	bl	8000540 <HAL_GetTick>
 8000cba:	1b00      	subs	r0, r0, r4
 8000cbc:	2802      	cmp	r0, #2
 8000cbe:	d9f5      	bls.n	8000cac <HAL_RCC_OscConfig+0x398>
            return HAL_TIMEOUT;
 8000cc0:	2003      	movs	r0, #3
 8000cc2:	e022      	b.n	8000d0a <HAL_RCC_OscConfig+0x3f6>
          __HAL_RCC_HSE_PREDIV_CONFIG(RCC_OscInitStruct->HSEPredivValue);
 8000cc4:	4a15      	ldr	r2, [pc, #84]	@ (8000d1c <HAL_RCC_OscConfig+0x408>)
 8000cc6:	6853      	ldr	r3, [r2, #4]
 8000cc8:	f423 3300 	bic.w	r3, r3, #131072	@ 0x20000
 8000ccc:	68a1      	ldr	r1, [r4, #8]
 8000cce:	430b      	orrs	r3, r1
 8000cd0:	6053      	str	r3, [r2, #4]
 8000cd2:	e7dc      	b.n	8000c8e <HAL_RCC_OscConfig+0x37a>
  return HAL_OK;
 8000cd4:	2000      	movs	r0, #0
 8000cd6:	e018      	b.n	8000d0a <HAL_RCC_OscConfig+0x3f6>
 8000cd8:	2000      	movs	r0, #0
 8000cda:	e016      	b.n	8000d0a <HAL_RCC_OscConfig+0x3f6>
      if ((RCC_OscInitStruct->PLL.PLLState) == RCC_PLL_OFF)
 8000cdc:	2b01      	cmp	r3, #1
 8000cde:	d016      	beq.n	8000d0e <HAL_RCC_OscConfig+0x3fa>
        pll_config = RCC->CFGR;
 8000ce0:	4b0e      	ldr	r3, [pc, #56]	@ (8000d1c <HAL_RCC_OscConfig+0x408>)
 8000ce2:	685b      	ldr	r3, [r3, #4]
        if ((READ_BIT(pll_config, RCC_CFGR_PLLSRC) != RCC_OscInitStruct->PLL.PLLSource) ||
 8000ce4:	f403 3180 	and.w	r1, r3, #65536	@ 0x10000
 8000ce8:	6a22      	ldr	r2, [r4, #32]
 8000cea:	4291      	cmp	r1, r2
 8000cec:	d111      	bne.n	8000d12 <HAL_RCC_OscConfig+0x3fe>
            (READ_BIT(pll_config, RCC_CFGR_PLLMULL) != RCC_OscInitStruct->PLL.PLLMUL))
 8000cee:	f403 1370 	and.w	r3, r3, #3932160	@ 0x3c0000
 8000cf2:	6a62      	ldr	r2, [r4, #36]	@ 0x24
        if ((READ_BIT(pll_config, RCC_CFGR_PLLSRC) != RCC_OscInitStruct->PLL.PLLSource) ||
 8000cf4:	4293      	cmp	r3, r2
 8000cf6:	d10e      	bne.n	8000d16 <HAL_RCC_OscConfig+0x402>
  return HAL_OK;
 8000cf8:	2000      	movs	r0, #0
 8000cfa:	e006      	b.n	8000d0a <HAL_RCC_OscConfig+0x3f6>
    return HAL_ERROR;
 8000cfc:	2001      	movs	r0, #1
}
 8000cfe:	4770      	bx	lr
        return HAL_ERROR;
 8000d00:	2001      	movs	r0, #1
 8000d02:	e002      	b.n	8000d0a <HAL_RCC_OscConfig+0x3f6>
        return HAL_ERROR;
 8000d04:	2001      	movs	r0, #1
 8000d06:	e000      	b.n	8000d0a <HAL_RCC_OscConfig+0x3f6>
  return HAL_OK;
 8000d08:	2000      	movs	r0, #0
}
 8000d0a:	b002      	add	sp, #8
 8000d0c:	bd70      	pop	{r4, r5, r6, pc}
        return HAL_ERROR;
 8000d0e:	2001      	movs	r0, #1
 8000d10:	e7fb      	b.n	8000d0a <HAL_RCC_OscConfig+0x3f6>
          return HAL_ERROR;
 8000d12:	2001      	movs	r0, #1
 8000d14:	e7f9      	b.n	8000d0a <HAL_RCC_OscConfig+0x3f6>
 8000d16:	2001      	movs	r0, #1
 8000d18:	e7f7      	b.n	8000d0a <HAL_RCC_OscConfig+0x3f6>
 8000d1a:	bf00      	nop
 8000d1c:	40021000 	.word	0x40021000
 8000d20:	42420000 	.word	0x42420000

08000d24 <HAL_RCC_GetSysClockFreq>:
  tmpreg = RCC->CFGR;
 8000d24:	4b0f      	ldr	r3, [pc, #60]	@ (8000d64 <HAL_RCC_GetSysClockFreq+0x40>)
 8000d26:	685b      	ldr	r3, [r3, #4]
  switch (tmpreg & RCC_CFGR_SWS)
 8000d28:	f003 020c 	and.w	r2, r3, #12
 8000d2c:	2a08      	cmp	r2, #8
 8000d2e:	d001      	beq.n	8000d34 <HAL_RCC_GetSysClockFreq+0x10>
      sysclockfreq = HSE_VALUE;
 8000d30:	480d      	ldr	r0, [pc, #52]	@ (8000d68 <HAL_RCC_GetSysClockFreq+0x44>)
}
 8000d32:	4770      	bx	lr
      pllmul = aPLLMULFactorTable[(uint32_t)(tmpreg & RCC_CFGR_PLLMULL) >> RCC_CFGR_PLLMULL_Pos];
 8000d34:	f3c3 4283 	ubfx	r2, r3, #18, #4
 8000d38:	490c      	ldr	r1, [pc, #48]	@ (8000d6c <HAL_RCC_GetSysClockFreq+0x48>)
 8000d3a:	5c88      	ldrb	r0, [r1, r2]
      if ((tmpreg & RCC_CFGR_PLLSRC) != RCC_PLLSOURCE_HSI_DIV2)
 8000d3c:	f413 3f80 	tst.w	r3, #65536	@ 0x10000
 8000d40:	d00b      	beq.n	8000d5a <HAL_RCC_GetSysClockFreq+0x36>
        prediv = aPredivFactorTable[(uint32_t)(RCC->CFGR & RCC_CFGR_PLLXTPRE) >> RCC_CFGR_PLLXTPRE_Pos];
 8000d42:	4b08      	ldr	r3, [pc, #32]	@ (8000d64 <HAL_RCC_GetSysClockFreq+0x40>)
 8000d44:	685b      	ldr	r3, [r3, #4]
 8000d46:	f3c3 4340 	ubfx	r3, r3, #17, #1
 8000d4a:	4a09      	ldr	r2, [pc, #36]	@ (8000d70 <HAL_RCC_GetSysClockFreq+0x4c>)
 8000d4c:	5cd3      	ldrb	r3, [r2, r3]
        pllclk = (uint32_t)((HSE_VALUE  * pllmul) / prediv);
 8000d4e:	4a06      	ldr	r2, [pc, #24]	@ (8000d68 <HAL_RCC_GetSysClockFreq+0x44>)
 8000d50:	fb02 f000 	mul.w	r0, r2, r0
 8000d54:	fbb0 f0f3 	udiv	r0, r0, r3
 8000d58:	4770      	bx	lr
        pllclk = (uint32_t)((HSI_VALUE >> 1) * pllmul);
 8000d5a:	4b06      	ldr	r3, [pc, #24]	@ (8000d74 <HAL_RCC_GetSysClockFreq+0x50>)
 8000d5c:	fb03 f000 	mul.w	r0, r3, r0
 8000d60:	4770      	bx	lr
 8000d62:	bf00      	nop
 8000d64:	40021000 	.word	0x40021000
 8000d68:	007a1200 	.word	0x007a1200
 8000d6c:	08001794 	.word	0x08001794
 8000d70:	08001790 	.word	0x08001790
 8000d74:	003d0900 	.word	0x003d0900

08000d78 <HAL_RCC_ClockConfig>:
  if (RCC_ClkInitStruct == NULL)
 8000d78:	2800      	cmp	r0, #0
 8000d7a:	f000 80a0 	beq.w	8000ebe <HAL_RCC_ClockConfig+0x146>
{
 8000d7e:	b570      	push	{r4, r5, r6, lr}
 8000d80:	460d      	mov	r5, r1
 8000d82:	4604      	mov	r4, r0
  if (FLatency > __HAL_FLASH_GET_LATENCY())
 8000d84:	4b52      	ldr	r3, [pc, #328]	@ (8000ed0 <HAL_RCC_ClockConfig+0x158>)
 8000d86:	681b      	ldr	r3, [r3, #0]
 8000d88:	f003 0307 	and.w	r3, r3, #7
 8000d8c:	428b      	cmp	r3, r1
 8000d8e:	d20b      	bcs.n	8000da8 <HAL_RCC_ClockConfig+0x30>
    __HAL_FLASH_SET_LATENCY(FLatency);
 8000d90:	4a4f      	ldr	r2, [pc, #316]	@ (8000ed0 <HAL_RCC_ClockConfig+0x158>)
 8000d92:	6813      	ldr	r3, [r2, #0]
 8000d94:	f023 0307 	bic.w	r3, r3, #7
 8000d98:	430b      	orrs	r3, r1
 8000d9a:	6013      	str	r3, [r2, #0]
    if (__HAL_FLASH_GET_LATENCY() != FLatency)
 8000d9c:	6813      	ldr	r3, [r2, #0]
 8000d9e:	f003 0307 	and.w	r3, r3, #7
 8000da2:	428b      	cmp	r3, r1
 8000da4:	f040 808d 	bne.w	8000ec2 <HAL_RCC_ClockConfig+0x14a>
if (((RCC_ClkInitStruct->ClockType) & RCC_CLOCKTYPE_HCLK) == RCC_CLOCKTYPE_HCLK)
 8000da8:	6823      	ldr	r3, [r4, #0]
 8000daa:	f013 0f02 	tst.w	r3, #2
 8000dae:	d017      	beq.n	8000de0 <HAL_RCC_ClockConfig+0x68>
    if (((RCC_ClkInitStruct->ClockType) & RCC_CLOCKTYPE_PCLK1) == RCC_CLOCKTYPE_PCLK1)
 8000db0:	f013 0f04 	tst.w	r3, #4
 8000db4:	d004      	beq.n	8000dc0 <HAL_RCC_ClockConfig+0x48>
      MODIFY_REG(RCC->CFGR, RCC_CFGR_PPRE1, RCC_HCLK_DIV16);
 8000db6:	4a47      	ldr	r2, [pc, #284]	@ (8000ed4 <HAL_RCC_ClockConfig+0x15c>)
 8000db8:	6853      	ldr	r3, [r2, #4]
 8000dba:	f443 63e0 	orr.w	r3, r3, #1792	@ 0x700
 8000dbe:	6053      	str	r3, [r2, #4]
    if (((RCC_ClkInitStruct->ClockType) & RCC_CLOCKTYPE_PCLK2) == RCC_CLOCKTYPE_PCLK2)
 8000dc0:	6823      	ldr	r3, [r4, #0]
 8000dc2:	f013 0f08 	tst.w	r3, #8
 8000dc6:	d004      	beq.n	8000dd2 <HAL_RCC_ClockConfig+0x5a>
      MODIFY_REG(RCC->CFGR, RCC_CFGR_PPRE2, (RCC_HCLK_DIV16 << 3));
 8000dc8:	4a42      	ldr	r2, [pc, #264]	@ (8000ed4 <HAL_RCC_ClockConfig+0x15c>)
 8000dca:	6853      	ldr	r3, [r2, #4]
 8000dcc:	f443 5360 	orr.w	r3, r3, #14336	@ 0x3800
 8000dd0:	6053      	str	r3, [r2, #4]
    MODIFY_REG(RCC->CFGR, RCC_CFGR_HPRE, RCC_ClkInitStruct->AHBCLKDivider);
 8000dd2:	4a40      	ldr	r2, [pc, #256]	@ (8000ed4 <HAL_RCC_ClockConfig+0x15c>)
 8000dd4:	6853      	ldr	r3, [r2, #4]
 8000dd6:	f023 03f0 	bic.w	r3, r3, #240	@ 0xf0
 8000dda:	68a1      	ldr	r1, [r4, #8]
 8000ddc:	430b      	orrs	r3, r1
 8000dde:	6053      	str	r3, [r2, #4]
  if (((RCC_ClkInitStruct->ClockType) & RCC_CLOCKTYPE_SYSCLK) == RCC_CLOCKTYPE_SYSCLK)
 8000de0:	6823      	ldr	r3, [r4, #0]
 8000de2:	f013 0f01 	tst.w	r3, #1
 8000de6:	d031      	beq.n	8000e4c <HAL_RCC_ClockConfig+0xd4>
    if (RCC_ClkInitStruct->SYSCLKSource == RCC_SYSCLKSOURCE_HSE)
 8000de8:	6863      	ldr	r3, [r4, #4]
 8000dea:	2b01      	cmp	r3, #1
 8000dec:	d020      	beq.n	8000e30 <HAL_RCC_ClockConfig+0xb8>
    else if (RCC_ClkInitStruct->SYSCLKSource == RCC_SYSCLKSOURCE_PLLCLK)
 8000dee:	2b02      	cmp	r3, #2
 8000df0:	d025      	beq.n	8000e3e <HAL_RCC_ClockConfig+0xc6>
      if (__HAL_RCC_GET_FLAG(RCC_FLAG_HSIRDY) == RESET)
 8000df2:	4a38      	ldr	r2, [pc, #224]	@ (8000ed4 <HAL_RCC_ClockConfig+0x15c>)
 8000df4:	6812      	ldr	r2, [r2, #0]
 8000df6:	f012 0f02 	tst.w	r2, #2
 8000dfa:	d064      	beq.n	8000ec6 <HAL_RCC_ClockConfig+0x14e>
    __HAL_RCC_SYSCLK_CONFIG(RCC_ClkInitStruct->SYSCLKSource);
 8000dfc:	4935      	ldr	r1, [pc, #212]	@ (8000ed4 <HAL_RCC_ClockConfig+0x15c>)
 8000dfe:	684a      	ldr	r2, [r1, #4]
 8000e00:	f022 0203 	bic.w	r2, r2, #3
 8000e04:	4313      	orrs	r3, r2
 8000e06:	604b      	str	r3, [r1, #4]
    tickstart = HAL_GetTick();
 8000e08:	f7ff fb9a 	bl	8000540 <HAL_GetTick>
 8000e0c:	4606      	mov	r6, r0
    while (__HAL_RCC_GET_SYSCLK_SOURCE() != (RCC_ClkInitStruct->SYSCLKSource << RCC_CFGR_SWS_Pos))
 8000e0e:	4b31      	ldr	r3, [pc, #196]	@ (8000ed4 <HAL_RCC_ClockConfig+0x15c>)
 8000e10:	685b      	ldr	r3, [r3, #4]
 8000e12:	f003 030c 	and.w	r3, r3, #12
 8000e16:	6862      	ldr	r2, [r4, #4]
 8000e18:	ebb3 0f82 	cmp.w	r3, r2, lsl #2
 8000e1c:	d016      	beq.n	8000e4c <HAL_RCC_ClockConfig+0xd4>
      if ((HAL_GetTick() - tickstart) > CLOCKSWITCH_TIMEOUT_VALUE)
 8000e1e:	f7ff fb8f 	bl	8000540 <HAL_GetTick>
 8000e22:	1b80      	subs	r0, r0, r6
 8000e24:	f241 3388 	movw	r3, #5000	@ 0x1388
 8000e28:	4298      	cmp	r0, r3
 8000e2a:	d9f0      	bls.n	8000e0e <HAL_RCC_ClockConfig+0x96>
        return HAL_TIMEOUT;
 8000e2c:	2003      	movs	r0, #3
 8000e2e:	e045      	b.n	8000ebc <HAL_RCC_ClockConfig+0x144>
      if (__HAL_RCC_GET_FLAG(RCC_FLAG_HSERDY) == RESET)
 8000e30:	4a28      	ldr	r2, [pc, #160]	@ (8000ed4 <HAL_RCC_ClockConfig+0x15c>)
 8000e32:	6812      	ldr	r2, [r2, #0]
 8000e34:	f412 3f00 	tst.w	r2, #131072	@ 0x20000
 8000e38:	d1e0      	bne.n	8000dfc <HAL_RCC_ClockConfig+0x84>
        return HAL_ERROR;
 8000e3a:	2001      	movs	r0, #1
 8000e3c:	e03e      	b.n	8000ebc <HAL_RCC_ClockConfig+0x144>
      if (__HAL_RCC_GET_FLAG(RCC_FLAG_PLLRDY) == RESET)
 8000e3e:	4a25      	ldr	r2, [pc, #148]	@ (8000ed4 <HAL_RCC_ClockConfig+0x15c>)
 8000e40:	6812      	ldr	r2, [r2, #0]
 8000e42:	f012 7f00 	tst.w	r2, #33554432	@ 0x2000000
 8000e46:	d1d9      	bne.n	8000dfc <HAL_RCC_ClockConfig+0x84>
        return HAL_ERROR;
 8000e48:	2001      	movs	r0, #1
 8000e4a:	e037      	b.n	8000ebc <HAL_RCC_ClockConfig+0x144>
  if (FLatency < __HAL_FLASH_GET_LATENCY())
 8000e4c:	4b20      	ldr	r3, [pc, #128]	@ (8000ed0 <HAL_RCC_ClockConfig+0x158>)
 8000e4e:	681b      	ldr	r3, [r3, #0]
 8000e50:	f003 0307 	and.w	r3, r3, #7
 8000e54:	42ab      	cmp	r3, r5
 8000e56:	d90a      	bls.n	8000e6e <HAL_RCC_ClockConfig+0xf6>
    __HAL_FLASH_SET_LATENCY(FLatency);
 8000e58:	4a1d      	ldr	r2, [pc, #116]	@ (8000ed0 <HAL_RCC_ClockConfig+0x158>)
 8000e5a:	6813      	ldr	r3, [r2, #0]
 8000e5c:	f023 0307 	bic.w	r3, r3, #7
 8000e60:	432b      	orrs	r3, r5
 8000e62:	6013      	str	r3, [r2, #0]
    if (__HAL_FLASH_GET_LATENCY() != FLatency)
 8000e64:	6813      	ldr	r3, [r2, #0]
 8000e66:	f003 0307 	and.w	r3, r3, #7
 8000e6a:	42ab      	cmp	r3, r5
 8000e6c:	d12d      	bne.n	8000eca <HAL_RCC_ClockConfig+0x152>
if (((RCC_ClkInitStruct->ClockType) & RCC_CLOCKTYPE_PCLK1) == RCC_CLOCKTYPE_PCLK1)
 8000e6e:	6823      	ldr	r3, [r4, #0]
 8000e70:	f013 0f04 	tst.w	r3, #4
 8000e74:	d006      	beq.n	8000e84 <HAL_RCC_ClockConfig+0x10c>
    MODIFY_REG(RCC->CFGR, RCC_CFGR_PPRE1, RCC_ClkInitStruct->APB1CLKDivider);
 8000e76:	4a17      	ldr	r2, [pc, #92]	@ (8000ed4 <HAL_RCC_ClockConfig+0x15c>)
 8000e78:	6853      	ldr	r3, [r2, #4]
 8000e7a:	f423 63e0 	bic.w	r3, r3, #1792	@ 0x700
 8000e7e:	68e1      	ldr	r1, [r4, #12]
 8000e80:	430b      	orrs	r3, r1
 8000e82:	6053      	str	r3, [r2, #4]
  if (((RCC_ClkInitStruct->ClockType) & RCC_CLOCKTYPE_PCLK2) == RCC_CLOCKTYPE_PCLK2)
 8000e84:	6823      	ldr	r3, [r4, #0]
 8000e86:	f013 0f08 	tst.w	r3, #8
 8000e8a:	d007      	beq.n	8000e9c <HAL_RCC_ClockConfig+0x124>
    MODIFY_REG(RCC->CFGR, RCC_CFGR_PPRE2, ((RCC_ClkInitStruct->APB2CLKDivider) << 3));
 8000e8c:	4a11      	ldr	r2, [pc, #68]	@ (8000ed4 <HAL_RCC_ClockConfig+0x15c>)
 8000e8e:	6853      	ldr	r3, [r2, #4]
 8000e90:	f423 5360 	bic.w	r3, r3, #14336	@ 0x3800
 8000e94:	6921      	ldr	r1, [r4, #16]
 8000e96:	ea43 03c1 	orr.w	r3, r3, r1, lsl #3
 8000e9a:	6053      	str	r3, [r2, #4]
  SystemCoreClock = HAL_RCC_GetSysClockFreq() >> AHBPrescTable[(RCC->CFGR & RCC_CFGR_HPRE) >> RCC_CFGR_HPRE_Pos];
 8000e9c:	f7ff ff42 	bl	8000d24 <HAL_RCC_GetSysClockFreq>
 8000ea0:	4b0c      	ldr	r3, [pc, #48]	@ (8000ed4 <HAL_RCC_ClockConfig+0x15c>)
 8000ea2:	685b      	ldr	r3, [r3, #4]
 8000ea4:	f3c3 1303 	ubfx	r3, r3, #4, #4
 8000ea8:	4a0b      	ldr	r2, [pc, #44]	@ (8000ed8 <HAL_RCC_ClockConfig+0x160>)
 8000eaa:	5cd3      	ldrb	r3, [r2, r3]
 8000eac:	40d8      	lsrs	r0, r3
 8000eae:	4b0b      	ldr	r3, [pc, #44]	@ (8000edc <HAL_RCC_ClockConfig+0x164>)
 8000eb0:	6018      	str	r0, [r3, #0]
  HAL_InitTick(uwTickPrio);
 8000eb2:	4b0b      	ldr	r3, [pc, #44]	@ (8000ee0 <HAL_RCC_ClockConfig+0x168>)
 8000eb4:	6818      	ldr	r0, [r3, #0]
 8000eb6:	f7ff faff 	bl	80004b8 <HAL_InitTick>
  return HAL_OK;
 8000eba:	2000      	movs	r0, #0
}
 8000ebc:	bd70      	pop	{r4, r5, r6, pc}
    return HAL_ERROR;
 8000ebe:	2001      	movs	r0, #1
}
 8000ec0:	4770      	bx	lr
    return HAL_ERROR;
 8000ec2:	2001      	movs	r0, #1
 8000ec4:	e7fa      	b.n	8000ebc <HAL_RCC_ClockConfig+0x144>
        return HAL_ERROR;
 8000ec6:	2001      	movs	r0, #1
 8000ec8:	e7f8      	b.n	8000ebc <HAL_RCC_ClockConfig+0x144>
    return HAL_ERROR;
 8000eca:	2001      	movs	r0, #1
 8000ecc:	e7f6      	b.n	8000ebc <HAL_RCC_ClockConfig+0x144>
 8000ece:	bf00      	nop
 8000ed0:	40022000 	.word	0x40022000
 8000ed4:	40021000 	.word	0x40021000
 8000ed8:	080017a4 	.word	0x080017a4
 8000edc:	2000000c 	.word	0x2000000c
 8000ee0:	20000008 	.word	0x20000008

08000ee4 <SPI_WaitFlagStateUntilTimeout>:
  * @param  Tickstart tick start value
  * @retval HAL status
  */
static HAL_StatusTypeDef SPI_WaitFlagStateUntilTimeout(SPI_HandleTypeDef *hspi, uint32_t Flag, FlagStatus State,
                                                       uint32_t Timeout, uint32_t Tickstart)
{
 8000ee4:	e92d 47f0 	stmdb	sp!, {r4, r5, r6, r7, r8, r9, sl, lr}
 8000ee8:	b082      	sub	sp, #8
 8000eea:	4605      	mov	r5, r0
 8000eec:	4688      	mov	r8, r1
 8000eee:	4617      	mov	r7, r2
 8000ef0:	461e      	mov	r6, r3
  __IO uint32_t count;
  uint32_t tmp_timeout;
  uint32_t tmp_tickstart;

  /* Adjust Timeout value  in case of end of transfer */
  tmp_timeout   = Timeout - (HAL_GetTick() - Tickstart);
 8000ef2:	f7ff fb25 	bl	8000540 <HAL_GetTick>
 8000ef6:	9b0a      	ldr	r3, [sp, #40]	@ 0x28
 8000ef8:	1a1b      	subs	r3, r3, r0
 8000efa:	eb03 0906 	add.w	r9, r3, r6
  tmp_tickstart = HAL_GetTick();
 8000efe:	f7ff fb1f 	bl	8000540 <HAL_GetTick>
 8000f02:	4682      	mov	sl, r0

  /* Calculate Timeout based on a software loop to avoid blocking issue if Systick is disabled */
  count = tmp_timeout * ((SystemCoreClock * 32U) >> 20U);
 8000f04:	4b28      	ldr	r3, [pc, #160]	@ (8000fa8 <SPI_WaitFlagStateUntilTimeout+0xc4>)
 8000f06:	681b      	ldr	r3, [r3, #0]
 8000f08:	f3c3 33cb 	ubfx	r3, r3, #15, #12
 8000f0c:	fb09 f303 	mul.w	r3, r9, r3
 8000f10:	9301      	str	r3, [sp, #4]

  while ((__HAL_SPI_GET_FLAG(hspi, Flag) ? SET : RESET) != State)
 8000f12:	682b      	ldr	r3, [r5, #0]
 8000f14:	689c      	ldr	r4, [r3, #8]
 8000f16:	ea38 0404 	bics.w	r4, r8, r4
 8000f1a:	bf0c      	ite	eq
 8000f1c:	2301      	moveq	r3, #1
 8000f1e:	2300      	movne	r3, #0
 8000f20:	42bb      	cmp	r3, r7
 8000f22:	d03d      	beq.n	8000fa0 <SPI_WaitFlagStateUntilTimeout+0xbc>
  {
    if (Timeout != HAL_MAX_DELAY)
 8000f24:	f1b6 3fff 	cmp.w	r6, #4294967295	@ 0xffffffff
 8000f28:	d0f3      	beq.n	8000f12 <SPI_WaitFlagStateUntilTimeout+0x2e>
    {
      if (((HAL_GetTick() - tmp_tickstart) >= tmp_timeout) || (tmp_timeout == 0U))
 8000f2a:	f7ff fb09 	bl	8000540 <HAL_GetTick>
 8000f2e:	eba0 000a 	sub.w	r0, r0, sl
 8000f32:	4548      	cmp	r0, r9
 8000f34:	d207      	bcs.n	8000f46 <SPI_WaitFlagStateUntilTimeout+0x62>
        __HAL_UNLOCK(hspi);

        return HAL_TIMEOUT;
      }
      /* If Systick is disabled or not incremented, deactivate timeout to go in disable loop procedure */
      if (count == 0U)
 8000f36:	9a01      	ldr	r2, [sp, #4]
 8000f38:	b102      	cbz	r2, 8000f3c <SPI_WaitFlagStateUntilTimeout+0x58>
 8000f3a:	464a      	mov	r2, r9
      {
        tmp_timeout = 0U;
      }
      count--;
 8000f3c:	9b01      	ldr	r3, [sp, #4]
 8000f3e:	3b01      	subs	r3, #1
 8000f40:	9301      	str	r3, [sp, #4]
 8000f42:	4691      	mov	r9, r2
 8000f44:	e7e5      	b.n	8000f12 <SPI_WaitFlagStateUntilTimeout+0x2e>
        __HAL_SPI_DISABLE_IT(hspi, (SPI_IT_TXE | SPI_IT_RXNE | SPI_IT_ERR));
 8000f46:	682a      	ldr	r2, [r5, #0]
 8000f48:	6853      	ldr	r3, [r2, #4]
 8000f4a:	f023 03e0 	bic.w	r3, r3, #224	@ 0xe0
 8000f4e:	6053      	str	r3, [r2, #4]
        if ((hspi->Init.Mode == SPI_MODE_MASTER) && ((hspi->Init.Direction == SPI_DIRECTION_1LINE)
 8000f50:	686b      	ldr	r3, [r5, #4]
 8000f52:	f5b3 7f82 	cmp.w	r3, #260	@ 0x104
 8000f56:	d00b      	beq.n	8000f70 <SPI_WaitFlagStateUntilTimeout+0x8c>
        if (hspi->Init.CRCCalculation == SPI_CRCCALCULATION_ENABLE)
 8000f58:	6aab      	ldr	r3, [r5, #40]	@ 0x28
 8000f5a:	f5b3 5f00 	cmp.w	r3, #8192	@ 0x2000
 8000f5e:	d014      	beq.n	8000f8a <SPI_WaitFlagStateUntilTimeout+0xa6>
        hspi->State = HAL_SPI_STATE_READY;
 8000f60:	2301      	movs	r3, #1
 8000f62:	f885 3051 	strb.w	r3, [r5, #81]	@ 0x51
        __HAL_UNLOCK(hspi);
 8000f66:	2300      	movs	r3, #0
 8000f68:	f885 3050 	strb.w	r3, [r5, #80]	@ 0x50
        return HAL_TIMEOUT;
 8000f6c:	2003      	movs	r0, #3
 8000f6e:	e018      	b.n	8000fa2 <SPI_WaitFlagStateUntilTimeout+0xbe>
        if ((hspi->Init.Mode == SPI_MODE_MASTER) && ((hspi->Init.Direction == SPI_DIRECTION_1LINE)
 8000f70:	68ab      	ldr	r3, [r5, #8]
 8000f72:	f5b3 4f00 	cmp.w	r3, #32768	@ 0x8000
 8000f76:	d002      	beq.n	8000f7e <SPI_WaitFlagStateUntilTimeout+0x9a>
                                                     || (hspi->Init.Direction == SPI_DIRECTION_2LINES_RXONLY)))
 8000f78:	f5b3 6f80 	cmp.w	r3, #1024	@ 0x400
 8000f7c:	d1ec      	bne.n	8000f58 <SPI_WaitFlagStateUntilTimeout+0x74>
          __HAL_SPI_DISABLE(hspi);
 8000f7e:	682a      	ldr	r2, [r5, #0]
 8000f80:	6813      	ldr	r3, [r2, #0]
 8000f82:	f023 0340 	bic.w	r3, r3, #64	@ 0x40
 8000f86:	6013      	str	r3, [r2, #0]
 8000f88:	e7e6      	b.n	8000f58 <SPI_WaitFlagStateUntilTimeout+0x74>
          SPI_RESET_CRC(hspi);
 8000f8a:	682a      	ldr	r2, [r5, #0]
 8000f8c:	6813      	ldr	r3, [r2, #0]
 8000f8e:	f423 5300 	bic.w	r3, r3, #8192	@ 0x2000
 8000f92:	6013      	str	r3, [r2, #0]
 8000f94:	682a      	ldr	r2, [r5, #0]
 8000f96:	6813      	ldr	r3, [r2, #0]
 8000f98:	f443 5300 	orr.w	r3, r3, #8192	@ 0x2000
 8000f9c:	6013      	str	r3, [r2, #0]
 8000f9e:	e7df      	b.n	8000f60 <SPI_WaitFlagStateUntilTimeout+0x7c>
    }
  }

  return HAL_OK;
 8000fa0:	2000      	movs	r0, #0
}
 8000fa2:	b002      	add	sp, #8
 8000fa4:	e8bd 87f0 	ldmia.w	sp!, {r4, r5, r6, r7, r8, r9, sl, pc}
 8000fa8:	2000000c 	.word	0x2000000c

08000fac <SPI_EndRxTxTransaction>:
  * @param  Timeout Timeout duration
  * @param  Tickstart tick start value
  * @retval HAL status
  */
static HAL_StatusTypeDef SPI_EndRxTxTransaction(SPI_HandleTypeDef *hspi, uint32_t Timeout, uint32_t Tickstart)
{
 8000fac:	b570      	push	{r4, r5, r6, lr}
 8000fae:	b082      	sub	sp, #8
 8000fb0:	4606      	mov	r6, r0
 8000fb2:	460c      	mov	r4, r1
 8000fb4:	4615      	mov	r5, r2
  /* Wait until TXE flag */
  if (SPI_WaitFlagStateUntilTimeout(hspi, SPI_FLAG_TXE, SET, Timeout, Tickstart) != HAL_OK)
 8000fb6:	9200      	str	r2, [sp, #0]
 8000fb8:	460b      	mov	r3, r1
 8000fba:	2201      	movs	r2, #1
 8000fbc:	2102      	movs	r1, #2
 8000fbe:	f7ff ff91 	bl	8000ee4 <SPI_WaitFlagStateUntilTimeout>
 8000fc2:	b948      	cbnz	r0, 8000fd8 <SPI_EndRxTxTransaction+0x2c>
    SET_BIT(hspi->ErrorCode, HAL_SPI_ERROR_FLAG);
    return HAL_TIMEOUT;
  }

  /* Control the BSY flag */
  if (SPI_WaitFlagStateUntilTimeout(hspi, SPI_FLAG_BSY, RESET, Timeout, Tickstart) != HAL_OK)
 8000fc4:	9500      	str	r5, [sp, #0]
 8000fc6:	4623      	mov	r3, r4
 8000fc8:	2200      	movs	r2, #0
 8000fca:	2180      	movs	r1, #128	@ 0x80
 8000fcc:	4630      	mov	r0, r6
 8000fce:	f7ff ff89 	bl	8000ee4 <SPI_WaitFlagStateUntilTimeout>
 8000fd2:	b938      	cbnz	r0, 8000fe4 <SPI_EndRxTxTransaction+0x38>
  {
    SET_BIT(hspi->ErrorCode, HAL_SPI_ERROR_FLAG);
    return HAL_TIMEOUT;
  }
  return HAL_OK;
}
 8000fd4:	b002      	add	sp, #8
 8000fd6:	bd70      	pop	{r4, r5, r6, pc}
    SET_BIT(hspi->ErrorCode, HAL_SPI_ERROR_FLAG);
 8000fd8:	6d73      	ldr	r3, [r6, #84]	@ 0x54
 8000fda:	f043 0320 	orr.w	r3, r3, #32
 8000fde:	6573      	str	r3, [r6, #84]	@ 0x54
    return HAL_TIMEOUT;
 8000fe0:	2003      	movs	r0, #3
 8000fe2:	e7f7      	b.n	8000fd4 <SPI_EndRxTxTransaction+0x28>
    SET_BIT(hspi->ErrorCode, HAL_SPI_ERROR_FLAG);
 8000fe4:	6d73      	ldr	r3, [r6, #84]	@ 0x54
 8000fe6:	f043 0320 	orr.w	r3, r3, #32
 8000fea:	6573      	str	r3, [r6, #84]	@ 0x54
    return HAL_TIMEOUT;
 8000fec:	2003      	movs	r0, #3
 8000fee:	e7f1      	b.n	8000fd4 <SPI_EndRxTxTransaction+0x28>

08000ff0 <SPI_EndRxTransaction>:
{
 8000ff0:	b510      	push	{r4, lr}
 8000ff2:	b082      	sub	sp, #8
 8000ff4:	4604      	mov	r4, r0
 8000ff6:	460b      	mov	r3, r1
  if ((hspi->Init.Mode == SPI_MODE_MASTER) && ((hspi->Init.Direction == SPI_DIRECTION_1LINE)
 8000ff8:	6841      	ldr	r1, [r0, #4]
 8000ffa:	f5b1 7f82 	cmp.w	r1, #260	@ 0x104
 8000ffe:	d010      	beq.n	8001022 <SPI_EndRxTransaction+0x32>
  if ((hspi->Init.Mode == SPI_MODE_MASTER) && (hspi->Init.Direction == SPI_DIRECTION_2LINES_RXONLY))
 8001000:	6861      	ldr	r1, [r4, #4]
 8001002:	f5b1 7f82 	cmp.w	r1, #260	@ 0x104
 8001006:	d103      	bne.n	8001010 <SPI_EndRxTransaction+0x20>
 8001008:	68a1      	ldr	r1, [r4, #8]
 800100a:	f5b1 6f80 	cmp.w	r1, #1024	@ 0x400
 800100e:	d015      	beq.n	800103c <SPI_EndRxTransaction+0x4c>
    if (SPI_WaitFlagStateUntilTimeout(hspi, SPI_FLAG_BSY, RESET, Timeout, Tickstart) != HAL_OK)
 8001010:	9200      	str	r2, [sp, #0]
 8001012:	2200      	movs	r2, #0
 8001014:	2180      	movs	r1, #128	@ 0x80
 8001016:	4620      	mov	r0, r4
 8001018:	f7ff ff64 	bl	8000ee4 <SPI_WaitFlagStateUntilTimeout>
 800101c:	b9e0      	cbnz	r0, 8001058 <SPI_EndRxTransaction+0x68>
}
 800101e:	b002      	add	sp, #8
 8001020:	bd10      	pop	{r4, pc}
  if ((hspi->Init.Mode == SPI_MODE_MASTER) && ((hspi->Init.Direction == SPI_DIRECTION_1LINE)
 8001022:	6881      	ldr	r1, [r0, #8]
 8001024:	f5b1 4f00 	cmp.w	r1, #32768	@ 0x8000
 8001028:	d002      	beq.n	8001030 <SPI_EndRxTransaction+0x40>
                                               || (hspi->Init.Direction == SPI_DIRECTION_2LINES_RXONLY)))
 800102a:	f5b1 6f80 	cmp.w	r1, #1024	@ 0x400
 800102e:	d1e7      	bne.n	8001000 <SPI_EndRxTransaction+0x10>
    __HAL_SPI_DISABLE(hspi);
 8001030:	6820      	ldr	r0, [r4, #0]
 8001032:	6801      	ldr	r1, [r0, #0]
 8001034:	f021 0140 	bic.w	r1, r1, #64	@ 0x40
 8001038:	6001      	str	r1, [r0, #0]
 800103a:	e7e1      	b.n	8001000 <SPI_EndRxTransaction+0x10>
    if (SPI_WaitFlagStateUntilTimeout(hspi, SPI_FLAG_RXNE, RESET, Timeout, Tickstart) != HAL_OK)
 800103c:	9200      	str	r2, [sp, #0]
 800103e:	2200      	movs	r2, #0
 8001040:	2101      	movs	r1, #1
 8001042:	4620      	mov	r0, r4
 8001044:	f7ff ff4e 	bl	8000ee4 <SPI_WaitFlagStateUntilTimeout>
 8001048:	2800      	cmp	r0, #0
 800104a:	d0e8      	beq.n	800101e <SPI_EndRxTransaction+0x2e>
      SET_BIT(hspi->ErrorCode, HAL_SPI_ERROR_FLAG);
 800104c:	6d63      	ldr	r3, [r4, #84]	@ 0x54
 800104e:	f043 0320 	orr.w	r3, r3, #32
 8001052:	6563      	str	r3, [r4, #84]	@ 0x54
      return HAL_TIMEOUT;
 8001054:	2003      	movs	r0, #3
 8001056:	e7e2      	b.n	800101e <SPI_EndRxTransaction+0x2e>
      SET_BIT(hspi->ErrorCode, HAL_SPI_ERROR_FLAG);
 8001058:	6d63      	ldr	r3, [r4, #84]	@ 0x54
 800105a:	f043 0320 	orr.w	r3, r3, #32
 800105e:	6563      	str	r3, [r4, #84]	@ 0x54
      return HAL_TIMEOUT;
 8001060:	2003      	movs	r0, #3
 8001062:	e7dc      	b.n	800101e <SPI_EndRxTransaction+0x2e>

08001064 <HAL_SPI_Init>:
  if (hspi == NULL)
 8001064:	2800      	cmp	r0, #0
 8001066:	d056      	beq.n	8001116 <HAL_SPI_Init+0xb2>
{
 8001068:	b510      	push	{r4, lr}
 800106a:	4604      	mov	r4, r0
  if (hspi->Init.TIMode == SPI_TIMODE_DISABLE)
 800106c:	6a43      	ldr	r3, [r0, #36]	@ 0x24
 800106e:	b933      	cbnz	r3, 800107e <HAL_SPI_Init+0x1a>
    if (hspi->Init.Mode == SPI_MODE_MASTER)
 8001070:	6843      	ldr	r3, [r0, #4]
 8001072:	f5b3 7f82 	cmp.w	r3, #260	@ 0x104
 8001076:	d005      	beq.n	8001084 <HAL_SPI_Init+0x20>
      hspi->Init.BaudRatePrescaler = SPI_BAUDRATEPRESCALER_2;
 8001078:	2300      	movs	r3, #0
 800107a:	61c3      	str	r3, [r0, #28]
 800107c:	e002      	b.n	8001084 <HAL_SPI_Init+0x20>
    hspi->Init.CLKPolarity = SPI_POLARITY_LOW;
 800107e:	2300      	movs	r3, #0
 8001080:	6103      	str	r3, [r0, #16]
    hspi->Init.CLKPhase    = SPI_PHASE_1EDGE;
 8001082:	6143      	str	r3, [r0, #20]
  hspi->Init.CRCCalculation = SPI_CRCCALCULATION_DISABLE;
 8001084:	2300      	movs	r3, #0
 8001086:	62a3      	str	r3, [r4, #40]	@ 0x28
  if (hspi->State == HAL_SPI_STATE_RESET)
 8001088:	f894 3051 	ldrb.w	r3, [r4, #81]	@ 0x51
 800108c:	2b00      	cmp	r3, #0
 800108e:	d03c      	beq.n	800110a <HAL_SPI_Init+0xa6>
  hspi->State = HAL_SPI_STATE_BUSY;
 8001090:	2302      	movs	r3, #2
 8001092:	f884 3051 	strb.w	r3, [r4, #81]	@ 0x51
  __HAL_SPI_DISABLE(hspi);
 8001096:	6822      	ldr	r2, [r4, #0]
 8001098:	6813      	ldr	r3, [r2, #0]
 800109a:	f023 0340 	bic.w	r3, r3, #64	@ 0x40
 800109e:	6013      	str	r3, [r2, #0]
  WRITE_REG(hspi->Instance->CR1, ((hspi->Init.Mode & (SPI_CR1_MSTR | SPI_CR1_SSI)) |
 80010a0:	6863      	ldr	r3, [r4, #4]
 80010a2:	f403 7382 	and.w	r3, r3, #260	@ 0x104
 80010a6:	68a2      	ldr	r2, [r4, #8]
 80010a8:	f402 4204 	and.w	r2, r2, #33792	@ 0x8400
 80010ac:	4313      	orrs	r3, r2
 80010ae:	68e2      	ldr	r2, [r4, #12]
 80010b0:	f402 6200 	and.w	r2, r2, #2048	@ 0x800
 80010b4:	4313      	orrs	r3, r2
 80010b6:	6922      	ldr	r2, [r4, #16]
 80010b8:	f002 0202 	and.w	r2, r2, #2
 80010bc:	4313      	orrs	r3, r2
 80010be:	6962      	ldr	r2, [r4, #20]
 80010c0:	f002 0201 	and.w	r2, r2, #1
 80010c4:	4313      	orrs	r3, r2
 80010c6:	69a2      	ldr	r2, [r4, #24]
 80010c8:	f402 7200 	and.w	r2, r2, #512	@ 0x200
 80010cc:	4313      	orrs	r3, r2
 80010ce:	69e2      	ldr	r2, [r4, #28]
 80010d0:	f002 0238 	and.w	r2, r2, #56	@ 0x38
 80010d4:	4313      	orrs	r3, r2
 80010d6:	6a22      	ldr	r2, [r4, #32]
 80010d8:	f002 0280 	and.w	r2, r2, #128	@ 0x80
 80010dc:	4313      	orrs	r3, r2
 80010de:	6aa2      	ldr	r2, [r4, #40]	@ 0x28
 80010e0:	f402 5200 	and.w	r2, r2, #8192	@ 0x2000
 80010e4:	6821      	ldr	r1, [r4, #0]
 80010e6:	4313      	orrs	r3, r2
 80010e8:	600b      	str	r3, [r1, #0]
  WRITE_REG(hspi->Instance->CR2, ((hspi->Init.NSS >> 16U) & SPI_CR2_SSOE));
 80010ea:	8b63      	ldrh	r3, [r4, #26]
 80010ec:	6822      	ldr	r2, [r4, #0]
 80010ee:	f003 0304 	and.w	r3, r3, #4
 80010f2:	6053      	str	r3, [r2, #4]
  CLEAR_BIT(hspi->Instance->I2SCFGR, SPI_I2SCFGR_I2SMOD);
 80010f4:	6822      	ldr	r2, [r4, #0]
 80010f6:	69d3      	ldr	r3, [r2, #28]
 80010f8:	f423 6300 	bic.w	r3, r3, #2048	@ 0x800
 80010fc:	61d3      	str	r3, [r2, #28]
  hspi->ErrorCode = HAL_SPI_ERROR_NONE;
 80010fe:	2000      	movs	r0, #0
 8001100:	6560      	str	r0, [r4, #84]	@ 0x54
  hspi->State     = HAL_SPI_STATE_READY;
 8001102:	2301      	movs	r3, #1
 8001104:	f884 3051 	strb.w	r3, [r4, #81]	@ 0x51
}
 8001108:	bd10      	pop	{r4, pc}
    hspi->Lock = HAL_UNLOCKED;
 800110a:	f884 3050 	strb.w	r3, [r4, #80]	@ 0x50
    HAL_SPI_MspInit(hspi);
 800110e:	4620      	mov	r0, r4
 8001110:	f7ff fbae 	bl	8000870 <HAL_SPI_MspInit>
 8001114:	e7bc      	b.n	8001090 <HAL_SPI_Init+0x2c>
    return HAL_ERROR;
 8001116:	2001      	movs	r0, #1
}
 8001118:	4770      	bx	lr

0800111a <HAL_SPI_Transmit>:
{
 800111a:	e92d 43f0 	stmdb	sp!, {r4, r5, r6, r7, r8, r9, lr}
 800111e:	b083      	sub	sp, #12
 8001120:	4604      	mov	r4, r0
 8001122:	4689      	mov	r9, r1
 8001124:	4690      	mov	r8, r2
 8001126:	461d      	mov	r5, r3
  tickstart = HAL_GetTick();
 8001128:	f7ff fa0a 	bl	8000540 <HAL_GetTick>
  if (hspi->State != HAL_SPI_STATE_READY)
 800112c:	f894 3051 	ldrb.w	r3, [r4, #81]	@ 0x51
 8001130:	2b01      	cmp	r3, #1
 8001132:	f040 80cd 	bne.w	80012d0 <HAL_SPI_Transmit+0x1b6>
 8001136:	4606      	mov	r6, r0
 8001138:	b2df      	uxtb	r7, r3
  if ((pData == NULL) || (Size == 0U))
 800113a:	f1b9 0f00 	cmp.w	r9, #0
 800113e:	f000 80c8 	beq.w	80012d2 <HAL_SPI_Transmit+0x1b8>
 8001142:	f1b8 0f00 	cmp.w	r8, #0
 8001146:	f000 80c4 	beq.w	80012d2 <HAL_SPI_Transmit+0x1b8>
  __HAL_LOCK(hspi);
 800114a:	f894 3050 	ldrb.w	r3, [r4, #80]	@ 0x50
 800114e:	2b01      	cmp	r3, #1
 8001150:	f000 80c3 	beq.w	80012da <HAL_SPI_Transmit+0x1c0>
 8001154:	2301      	movs	r3, #1
 8001156:	f884 3050 	strb.w	r3, [r4, #80]	@ 0x50
  hspi->State       = HAL_SPI_STATE_BUSY_TX;
 800115a:	2303      	movs	r3, #3
 800115c:	f884 3051 	strb.w	r3, [r4, #81]	@ 0x51
  hspi->ErrorCode   = HAL_SPI_ERROR_NONE;
 8001160:	2300      	movs	r3, #0
 8001162:	6563      	str	r3, [r4, #84]	@ 0x54
  hspi->pTxBuffPtr  = (const uint8_t *)pData;
 8001164:	f8c4 9030 	str.w	r9, [r4, #48]	@ 0x30
  hspi->TxXferSize  = Size;
 8001168:	f8a4 8034 	strh.w	r8, [r4, #52]	@ 0x34
  hspi->TxXferCount = Size;
 800116c:	f8a4 8036 	strh.w	r8, [r4, #54]	@ 0x36
  hspi->pRxBuffPtr  = (uint8_t *)NULL;
 8001170:	63a3      	str	r3, [r4, #56]	@ 0x38
  hspi->RxXferSize  = 0U;
 8001172:	87a3      	strh	r3, [r4, #60]	@ 0x3c
  hspi->RxXferCount = 0U;
 8001174:	87e3      	strh	r3, [r4, #62]	@ 0x3e
  hspi->TxISR       = NULL;
 8001176:	6463      	str	r3, [r4, #68]	@ 0x44
  hspi->RxISR       = NULL;
 8001178:	6423      	str	r3, [r4, #64]	@ 0x40
  if (hspi->Init.Direction == SPI_DIRECTION_1LINE)
 800117a:	68a3      	ldr	r3, [r4, #8]
 800117c:	f5b3 4f00 	cmp.w	r3, #32768	@ 0x8000
 8001180:	d01e      	beq.n	80011c0 <HAL_SPI_Transmit+0xa6>
  if ((hspi->Instance->CR1 & SPI_CR1_SPE) != SPI_CR1_SPE)
 8001182:	6823      	ldr	r3, [r4, #0]
 8001184:	681a      	ldr	r2, [r3, #0]
 8001186:	f012 0f40 	tst.w	r2, #64	@ 0x40
 800118a:	d103      	bne.n	8001194 <HAL_SPI_Transmit+0x7a>
    __HAL_SPI_ENABLE(hspi);
 800118c:	681a      	ldr	r2, [r3, #0]
 800118e:	f042 0240 	orr.w	r2, r2, #64	@ 0x40
 8001192:	601a      	str	r2, [r3, #0]
  if (hspi->Init.DataSize == SPI_DATASIZE_16BIT)
 8001194:	68e3      	ldr	r3, [r4, #12]
 8001196:	f5b3 6f00 	cmp.w	r3, #2048	@ 0x800
 800119a:	d01c      	beq.n	80011d6 <HAL_SPI_Transmit+0xbc>
    if ((hspi->Init.Mode == SPI_MODE_SLAVE) || (initial_TxXferCount == 0x01U))
 800119c:	6863      	ldr	r3, [r4, #4]
 800119e:	b113      	cbz	r3, 80011a6 <HAL_SPI_Transmit+0x8c>
 80011a0:	f1b8 0f01 	cmp.w	r8, #1
 80011a4:	d15f      	bne.n	8001266 <HAL_SPI_Transmit+0x14c>
      *((__IO uint8_t *)&hspi->Instance->DR) = *((const uint8_t *)hspi->pTxBuffPtr);
 80011a6:	6b22      	ldr	r2, [r4, #48]	@ 0x30
 80011a8:	6823      	ldr	r3, [r4, #0]
 80011aa:	7812      	ldrb	r2, [r2, #0]
 80011ac:	731a      	strb	r2, [r3, #12]
      hspi->pTxBuffPtr += sizeof(uint8_t);
 80011ae:	6b23      	ldr	r3, [r4, #48]	@ 0x30
 80011b0:	3301      	adds	r3, #1
 80011b2:	6323      	str	r3, [r4, #48]	@ 0x30
      hspi->TxXferCount--;
 80011b4:	8ee3      	ldrh	r3, [r4, #54]	@ 0x36
 80011b6:	b29b      	uxth	r3, r3
 80011b8:	3b01      	subs	r3, #1
 80011ba:	b29b      	uxth	r3, r3
 80011bc:	86e3      	strh	r3, [r4, #54]	@ 0x36
 80011be:	e052      	b.n	8001266 <HAL_SPI_Transmit+0x14c>
    __HAL_SPI_DISABLE(hspi);
 80011c0:	6822      	ldr	r2, [r4, #0]
 80011c2:	6813      	ldr	r3, [r2, #0]
 80011c4:	f023 0340 	bic.w	r3, r3, #64	@ 0x40
 80011c8:	6013      	str	r3, [r2, #0]
    SPI_1LINE_TX(hspi);
 80011ca:	6822      	ldr	r2, [r4, #0]
 80011cc:	6813      	ldr	r3, [r2, #0]
 80011ce:	f443 4380 	orr.w	r3, r3, #16384	@ 0x4000
 80011d2:	6013      	str	r3, [r2, #0]
 80011d4:	e7d5      	b.n	8001182 <HAL_SPI_Transmit+0x68>
    if ((hspi->Init.Mode == SPI_MODE_SLAVE) || (initial_TxXferCount == 0x01U))
 80011d6:	6863      	ldr	r3, [r4, #4]
 80011d8:	b113      	cbz	r3, 80011e0 <HAL_SPI_Transmit+0xc6>
 80011da:	f1b8 0f01 	cmp.w	r8, #1
 80011de:	d115      	bne.n	800120c <HAL_SPI_Transmit+0xf2>
      hspi->Instance->DR = *((const uint16_t *)hspi->pTxBuffPtr);
 80011e0:	6b22      	ldr	r2, [r4, #48]	@ 0x30
 80011e2:	6823      	ldr	r3, [r4, #0]
 80011e4:	8812      	ldrh	r2, [r2, #0]
 80011e6:	60da      	str	r2, [r3, #12]
      hspi->pTxBuffPtr += sizeof(uint16_t);
 80011e8:	6b23      	ldr	r3, [r4, #48]	@ 0x30
 80011ea:	3302      	adds	r3, #2
 80011ec:	6323      	str	r3, [r4, #48]	@ 0x30
      hspi->TxXferCount--;
 80011ee:	8ee3      	ldrh	r3, [r4, #54]	@ 0x36
 80011f0:	b29b      	uxth	r3, r3
 80011f2:	3b01      	subs	r3, #1
 80011f4:	b29b      	uxth	r3, r3
 80011f6:	86e3      	strh	r3, [r4, #54]	@ 0x36
 80011f8:	e008      	b.n	800120c <HAL_SPI_Transmit+0xf2>
        if ((((HAL_GetTick() - tickstart) >=  Timeout) && (Timeout != HAL_MAX_DELAY)) || (Timeout == 0U))
 80011fa:	f7ff f9a1 	bl	8000540 <HAL_GetTick>
 80011fe:	1b80      	subs	r0, r0, r6
 8001200:	42a8      	cmp	r0, r5
 8001202:	d302      	bcc.n	800120a <HAL_SPI_Transmit+0xf0>
 8001204:	f1b5 3fff 	cmp.w	r5, #4294967295	@ 0xffffffff
 8001208:	d115      	bne.n	8001236 <HAL_SPI_Transmit+0x11c>
 800120a:	b1a5      	cbz	r5, 8001236 <HAL_SPI_Transmit+0x11c>
    while (hspi->TxXferCount > 0U)
 800120c:	8ee3      	ldrh	r3, [r4, #54]	@ 0x36
 800120e:	b29b      	uxth	r3, r3
 8001210:	2b00      	cmp	r3, #0
 8001212:	d042      	beq.n	800129a <HAL_SPI_Transmit+0x180>
      if (__HAL_SPI_GET_FLAG(hspi, SPI_FLAG_TXE))
 8001214:	6823      	ldr	r3, [r4, #0]
 8001216:	689a      	ldr	r2, [r3, #8]
 8001218:	f012 0f02 	tst.w	r2, #2
 800121c:	d0ed      	beq.n	80011fa <HAL_SPI_Transmit+0xe0>
        hspi->Instance->DR = *((const uint16_t *)hspi->pTxBuffPtr);
 800121e:	6b22      	ldr	r2, [r4, #48]	@ 0x30
 8001220:	8812      	ldrh	r2, [r2, #0]
 8001222:	60da      	str	r2, [r3, #12]
        hspi->pTxBuffPtr += sizeof(uint16_t);
 8001224:	6b23      	ldr	r3, [r4, #48]	@ 0x30
 8001226:	3302      	adds	r3, #2
 8001228:	6323      	str	r3, [r4, #48]	@ 0x30
        hspi->TxXferCount--;
 800122a:	8ee3      	ldrh	r3, [r4, #54]	@ 0x36
 800122c:	b29b      	uxth	r3, r3
 800122e:	3b01      	subs	r3, #1
 8001230:	b29b      	uxth	r3, r3
 8001232:	86e3      	strh	r3, [r4, #54]	@ 0x36
 8001234:	e7ea      	b.n	800120c <HAL_SPI_Transmit+0xf2>
          hspi->State = HAL_SPI_STATE_READY;
 8001236:	2301      	movs	r3, #1
 8001238:	f884 3051 	strb.w	r3, [r4, #81]	@ 0x51
          __HAL_UNLOCK(hspi);
 800123c:	2300      	movs	r3, #0
 800123e:	f884 3050 	strb.w	r3, [r4, #80]	@ 0x50
          return HAL_TIMEOUT;
 8001242:	2703      	movs	r7, #3
 8001244:	e045      	b.n	80012d2 <HAL_SPI_Transmit+0x1b8>
        *((__IO uint8_t *)&hspi->Instance->DR) = *((const uint8_t *)hspi->pTxBuffPtr);
 8001246:	6b22      	ldr	r2, [r4, #48]	@ 0x30
 8001248:	7812      	ldrb	r2, [r2, #0]
 800124a:	731a      	strb	r2, [r3, #12]
        hspi->pTxBuffPtr += sizeof(uint8_t);
 800124c:	6b23      	ldr	r3, [r4, #48]	@ 0x30
 800124e:	3301      	adds	r3, #1
 8001250:	6323      	str	r3, [r4, #48]	@ 0x30
        hspi->TxXferCount--;
 8001252:	f8b4 c036 	ldrh.w	ip, [r4, #54]	@ 0x36
 8001256:	fa1f fc8c 	uxth.w	ip, ip
 800125a:	f10c 3cff 	add.w	ip, ip, #4294967295	@ 0xffffffff
 800125e:	fa1f fc8c 	uxth.w	ip, ip
 8001262:	f8a4 c036 	strh.w	ip, [r4, #54]	@ 0x36
    while (hspi->TxXferCount > 0U)
 8001266:	8ee3      	ldrh	r3, [r4, #54]	@ 0x36
 8001268:	b29b      	uxth	r3, r3
 800126a:	b1b3      	cbz	r3, 800129a <HAL_SPI_Transmit+0x180>
      if (__HAL_SPI_GET_FLAG(hspi, SPI_FLAG_TXE))
 800126c:	6823      	ldr	r3, [r4, #0]
 800126e:	689a      	ldr	r2, [r3, #8]
 8001270:	f012 0f02 	tst.w	r2, #2
 8001274:	d1e7      	bne.n	8001246 <HAL_SPI_Transmit+0x12c>
        if ((((HAL_GetTick() - tickstart) >=  Timeout) && (Timeout != HAL_MAX_DELAY)) || (Timeout == 0U))
 8001276:	f7ff f963 	bl	8000540 <HAL_GetTick>
 800127a:	1b80      	subs	r0, r0, r6
 800127c:	42a8      	cmp	r0, r5
 800127e:	d302      	bcc.n	8001286 <HAL_SPI_Transmit+0x16c>
 8001280:	f1b5 3fff 	cmp.w	r5, #4294967295	@ 0xffffffff
 8001284:	d101      	bne.n	800128a <HAL_SPI_Transmit+0x170>
 8001286:	2d00      	cmp	r5, #0
 8001288:	d1ed      	bne.n	8001266 <HAL_SPI_Transmit+0x14c>
          hspi->State = HAL_SPI_STATE_READY;
 800128a:	2301      	movs	r3, #1
 800128c:	f884 3051 	strb.w	r3, [r4, #81]	@ 0x51
          __HAL_UNLOCK(hspi);
 8001290:	2300      	movs	r3, #0
 8001292:	f884 3050 	strb.w	r3, [r4, #80]	@ 0x50
          return HAL_TIMEOUT;
 8001296:	2703      	movs	r7, #3
 8001298:	e01b      	b.n	80012d2 <HAL_SPI_Transmit+0x1b8>
  if (SPI_EndRxTxTransaction(hspi, Timeout, tickstart) != HAL_OK)
 800129a:	4632      	mov	r2, r6
 800129c:	4629      	mov	r1, r5
 800129e:	4620      	mov	r0, r4
 80012a0:	f7ff fe84 	bl	8000fac <SPI_EndRxTxTransaction>
 80012a4:	b108      	cbz	r0, 80012aa <HAL_SPI_Transmit+0x190>
    hspi->ErrorCode = HAL_SPI_ERROR_FLAG;
 80012a6:	2320      	movs	r3, #32
 80012a8:	6563      	str	r3, [r4, #84]	@ 0x54
  if (hspi->Init.Direction == SPI_DIRECTION_2LINES)
 80012aa:	68a3      	ldr	r3, [r4, #8]
 80012ac:	b933      	cbnz	r3, 80012bc <HAL_SPI_Transmit+0x1a2>
    __HAL_SPI_CLEAR_OVRFLAG(hspi);
 80012ae:	9301      	str	r3, [sp, #4]
 80012b0:	6823      	ldr	r3, [r4, #0]
 80012b2:	68da      	ldr	r2, [r3, #12]
 80012b4:	9201      	str	r2, [sp, #4]
 80012b6:	689b      	ldr	r3, [r3, #8]
 80012b8:	9301      	str	r3, [sp, #4]
 80012ba:	9b01      	ldr	r3, [sp, #4]
  hspi->State = HAL_SPI_STATE_READY;
 80012bc:	2301      	movs	r3, #1
 80012be:	f884 3051 	strb.w	r3, [r4, #81]	@ 0x51
  __HAL_UNLOCK(hspi);
 80012c2:	2300      	movs	r3, #0
 80012c4:	f884 3050 	strb.w	r3, [r4, #80]	@ 0x50
  if (hspi->ErrorCode != HAL_SPI_ERROR_NONE)
 80012c8:	6d63      	ldr	r3, [r4, #84]	@ 0x54
 80012ca:	b913      	cbnz	r3, 80012d2 <HAL_SPI_Transmit+0x1b8>
    return HAL_OK;
 80012cc:	2700      	movs	r7, #0
 80012ce:	e000      	b.n	80012d2 <HAL_SPI_Transmit+0x1b8>
    return HAL_BUSY;
 80012d0:	2702      	movs	r7, #2
}
 80012d2:	4638      	mov	r0, r7
 80012d4:	b003      	add	sp, #12
 80012d6:	e8bd 83f0 	ldmia.w	sp!, {r4, r5, r6, r7, r8, r9, pc}
  __HAL_LOCK(hspi);
 80012da:	2702      	movs	r7, #2
 80012dc:	e7f9      	b.n	80012d2 <HAL_SPI_Transmit+0x1b8>

080012de <HAL_SPI_TransmitReceive>:
{
 80012de:	e92d 43f0 	stmdb	sp!, {r4, r5, r6, r7, r8, r9, lr}
 80012e2:	b083      	sub	sp, #12
 80012e4:	4604      	mov	r4, r0
 80012e6:	4688      	mov	r8, r1
 80012e8:	4691      	mov	r9, r2
 80012ea:	461f      	mov	r7, r3
 80012ec:	9d0a      	ldr	r5, [sp, #40]	@ 0x28
  tickstart = HAL_GetTick();
 80012ee:	f7ff f927 	bl	8000540 <HAL_GetTick>
 80012f2:	4606      	mov	r6, r0
  tmp_state           = hspi->State;
 80012f4:	f894 3051 	ldrb.w	r3, [r4, #81]	@ 0x51
  tmp_mode            = hspi->Init.Mode;
 80012f8:	6862      	ldr	r2, [r4, #4]
  if (!((tmp_state == HAL_SPI_STATE_READY) || \
 80012fa:	2b01      	cmp	r3, #1
 80012fc:	d00b      	beq.n	8001316 <HAL_SPI_TransmitReceive+0x38>
 80012fe:	b2d9      	uxtb	r1, r3
 8001300:	f5b2 7f82 	cmp.w	r2, #260	@ 0x104
 8001304:	f040 8104 	bne.w	8001510 <HAL_SPI_TransmitReceive+0x232>
        ((tmp_mode == SPI_MODE_MASTER) && (hspi->Init.Direction == SPI_DIRECTION_2LINES) &&
 8001308:	68a3      	ldr	r3, [r4, #8]
 800130a:	2b00      	cmp	r3, #0
 800130c:	f040 8104 	bne.w	8001518 <HAL_SPI_TransmitReceive+0x23a>
 8001310:	2904      	cmp	r1, #4
 8001312:	f040 8103 	bne.w	800151c <HAL_SPI_TransmitReceive+0x23e>
  if ((pTxData == NULL) || (pRxData == NULL) || (Size == 0U))
 8001316:	f1b8 0f00 	cmp.w	r8, #0
 800131a:	f000 8101 	beq.w	8001520 <HAL_SPI_TransmitReceive+0x242>
 800131e:	f1b9 0f00 	cmp.w	r9, #0
 8001322:	f000 80ff 	beq.w	8001524 <HAL_SPI_TransmitReceive+0x246>
 8001326:	2f00      	cmp	r7, #0
 8001328:	f000 80fe 	beq.w	8001528 <HAL_SPI_TransmitReceive+0x24a>
  __HAL_LOCK(hspi);
 800132c:	f894 3050 	ldrb.w	r3, [r4, #80]	@ 0x50
 8001330:	2b01      	cmp	r3, #1
 8001332:	f000 80fb 	beq.w	800152c <HAL_SPI_TransmitReceive+0x24e>
 8001336:	2301      	movs	r3, #1
 8001338:	f884 3050 	strb.w	r3, [r4, #80]	@ 0x50
  if (hspi->State != HAL_SPI_STATE_BUSY_RX)
 800133c:	f894 3051 	ldrb.w	r3, [r4, #81]	@ 0x51
 8001340:	2b04      	cmp	r3, #4
 8001342:	d002      	beq.n	800134a <HAL_SPI_TransmitReceive+0x6c>
    hspi->State = HAL_SPI_STATE_BUSY_TX_RX;
 8001344:	2305      	movs	r3, #5
 8001346:	f884 3051 	strb.w	r3, [r4, #81]	@ 0x51
  hspi->ErrorCode   = HAL_SPI_ERROR_NONE;
 800134a:	2300      	movs	r3, #0
 800134c:	6563      	str	r3, [r4, #84]	@ 0x54
  hspi->pRxBuffPtr  = (uint8_t *)pRxData;
 800134e:	f8c4 9038 	str.w	r9, [r4, #56]	@ 0x38
  hspi->RxXferCount = Size;
 8001352:	87e7      	strh	r7, [r4, #62]	@ 0x3e
  hspi->RxXferSize  = Size;
 8001354:	87a7      	strh	r7, [r4, #60]	@ 0x3c
  hspi->pTxBuffPtr  = (const uint8_t *)pTxData;
 8001356:	f8c4 8030 	str.w	r8, [r4, #48]	@ 0x30
  hspi->TxXferCount = Size;
 800135a:	86e7      	strh	r7, [r4, #54]	@ 0x36
  hspi->TxXferSize  = Size;
 800135c:	86a7      	strh	r7, [r4, #52]	@ 0x34
  hspi->RxISR       = NULL;
 800135e:	6423      	str	r3, [r4, #64]	@ 0x40
  hspi->TxISR       = NULL;
 8001360:	6463      	str	r3, [r4, #68]	@ 0x44
  if ((hspi->Instance->CR1 & SPI_CR1_SPE) != SPI_CR1_SPE)
 8001362:	6823      	ldr	r3, [r4, #0]
 8001364:	681a      	ldr	r2, [r3, #0]
 8001366:	f012 0f40 	tst.w	r2, #64	@ 0x40
 800136a:	d103      	bne.n	8001374 <HAL_SPI_TransmitReceive+0x96>
    __HAL_SPI_ENABLE(hspi);
 800136c:	681a      	ldr	r2, [r3, #0]
 800136e:	f042 0240 	orr.w	r2, r2, #64	@ 0x40
 8001372:	601a      	str	r2, [r3, #0]
  if (hspi->Init.DataSize == SPI_DATASIZE_16BIT)
 8001374:	68e3      	ldr	r3, [r4, #12]
 8001376:	f5b3 6f00 	cmp.w	r3, #2048	@ 0x800
 800137a:	d011      	beq.n	80013a0 <HAL_SPI_TransmitReceive+0xc2>
    if ((hspi->Init.Mode == SPI_MODE_SLAVE) || (initial_TxXferCount == 0x01U))
 800137c:	6863      	ldr	r3, [r4, #4]
 800137e:	b10b      	cbz	r3, 8001384 <HAL_SPI_TransmitReceive+0xa6>
 8001380:	2f01      	cmp	r7, #1
 8001382:	d10b      	bne.n	800139c <HAL_SPI_TransmitReceive+0xbe>
      *((__IO uint8_t *)&hspi->Instance->DR) = *((const uint8_t *)hspi->pTxBuffPtr);
 8001384:	6b22      	ldr	r2, [r4, #48]	@ 0x30
 8001386:	6823      	ldr	r3, [r4, #0]
 8001388:	7812      	ldrb	r2, [r2, #0]
 800138a:	731a      	strb	r2, [r3, #12]
      hspi->pTxBuffPtr += sizeof(uint8_t);
 800138c:	6b23      	ldr	r3, [r4, #48]	@ 0x30
 800138e:	3301      	adds	r3, #1
 8001390:	6323      	str	r3, [r4, #48]	@ 0x30
      hspi->TxXferCount--;
 8001392:	8ee3      	ldrh	r3, [r4, #54]	@ 0x36
 8001394:	b29b      	uxth	r3, r3
 8001396:	3b01      	subs	r3, #1
 8001398:	b29b      	uxth	r3, r3
 800139a:	86e3      	strh	r3, [r4, #54]	@ 0x36
        txallowed = 1U;
 800139c:	2701      	movs	r7, #1
 800139e:	e071      	b.n	8001484 <HAL_SPI_TransmitReceive+0x1a6>
    if ((hspi->Init.Mode == SPI_MODE_SLAVE) || (initial_TxXferCount == 0x01U))
 80013a0:	6863      	ldr	r3, [r4, #4]
 80013a2:	b10b      	cbz	r3, 80013a8 <HAL_SPI_TransmitReceive+0xca>
 80013a4:	2f01      	cmp	r7, #1
 80013a6:	d10b      	bne.n	80013c0 <HAL_SPI_TransmitReceive+0xe2>
      hspi->Instance->DR = *((const uint16_t *)hspi->pTxBuffPtr);
 80013a8:	6b22      	ldr	r2, [r4, #48]	@ 0x30
 80013aa:	6823      	ldr	r3, [r4, #0]
 80013ac:	8812      	ldrh	r2, [r2, #0]
 80013ae:	60da      	str	r2, [r3, #12]
      hspi->pTxBuffPtr += sizeof(uint16_t);
 80013b0:	6b23      	ldr	r3, [r4, #48]	@ 0x30
 80013b2:	3302      	adds	r3, #2
 80013b4:	6323      	str	r3, [r4, #48]	@ 0x30
      hspi->TxXferCount--;
 80013b6:	8ee3      	ldrh	r3, [r4, #54]	@ 0x36
 80013b8:	b29b      	uxth	r3, r3
 80013ba:	3b01      	subs	r3, #1
 80013bc:	b29b      	uxth	r3, r3
 80013be:	86e3      	strh	r3, [r4, #54]	@ 0x36
        txallowed = 1U;
 80013c0:	2701      	movs	r7, #1
 80013c2:	e01b      	b.n	80013fc <HAL_SPI_TransmitReceive+0x11e>
      if ((__HAL_SPI_GET_FLAG(hspi, SPI_FLAG_RXNE)) && (hspi->RxXferCount > 0U))
 80013c4:	6823      	ldr	r3, [r4, #0]
 80013c6:	689a      	ldr	r2, [r3, #8]
 80013c8:	f012 0f01 	tst.w	r2, #1
 80013cc:	d00e      	beq.n	80013ec <HAL_SPI_TransmitReceive+0x10e>
 80013ce:	8fe2      	ldrh	r2, [r4, #62]	@ 0x3e
 80013d0:	b292      	uxth	r2, r2
 80013d2:	b15a      	cbz	r2, 80013ec <HAL_SPI_TransmitReceive+0x10e>
        *((uint16_t *)hspi->pRxBuffPtr) = (uint16_t)hspi->Instance->DR;
 80013d4:	68da      	ldr	r2, [r3, #12]
 80013d6:	6ba3      	ldr	r3, [r4, #56]	@ 0x38
 80013d8:	801a      	strh	r2, [r3, #0]
        hspi->pRxBuffPtr += sizeof(uint16_t);
 80013da:	6ba3      	ldr	r3, [r4, #56]	@ 0x38
 80013dc:	3302      	adds	r3, #2
 80013de:	63a3      	str	r3, [r4, #56]	@ 0x38
        hspi->RxXferCount--;
 80013e0:	8fe3      	ldrh	r3, [r4, #62]	@ 0x3e
 80013e2:	b29b      	uxth	r3, r3
 80013e4:	3b01      	subs	r3, #1
 80013e6:	b29b      	uxth	r3, r3
 80013e8:	87e3      	strh	r3, [r4, #62]	@ 0x3e
        txallowed = 1U;
 80013ea:	2701      	movs	r7, #1
      if (((HAL_GetTick() - tickstart) >=  Timeout) && (Timeout != HAL_MAX_DELAY))
 80013ec:	f7ff f8a8 	bl	8000540 <HAL_GetTick>
 80013f0:	1b80      	subs	r0, r0, r6
 80013f2:	42a8      	cmp	r0, r5
 80013f4:	d302      	bcc.n	80013fc <HAL_SPI_TransmitReceive+0x11e>
 80013f6:	f1b5 3fff 	cmp.w	r5, #4294967295	@ 0xffffffff
 80013fa:	d11e      	bne.n	800143a <HAL_SPI_TransmitReceive+0x15c>
    while ((hspi->TxXferCount > 0U) || (hspi->RxXferCount > 0U))
 80013fc:	8ee3      	ldrh	r3, [r4, #54]	@ 0x36
 80013fe:	b29b      	uxth	r3, r3
 8001400:	b91b      	cbnz	r3, 800140a <HAL_SPI_TransmitReceive+0x12c>
 8001402:	8fe3      	ldrh	r3, [r4, #62]	@ 0x3e
 8001404:	b29b      	uxth	r3, r3
 8001406:	2b00      	cmp	r3, #0
 8001408:	d062      	beq.n	80014d0 <HAL_SPI_TransmitReceive+0x1f2>
      if ((__HAL_SPI_GET_FLAG(hspi, SPI_FLAG_TXE)) && (hspi->TxXferCount > 0U) && (txallowed == 1U))
 800140a:	6823      	ldr	r3, [r4, #0]
 800140c:	689a      	ldr	r2, [r3, #8]
 800140e:	f012 0f02 	tst.w	r2, #2
 8001412:	d0d7      	beq.n	80013c4 <HAL_SPI_TransmitReceive+0xe6>
 8001414:	8ee2      	ldrh	r2, [r4, #54]	@ 0x36
 8001416:	b292      	uxth	r2, r2
 8001418:	2a00      	cmp	r2, #0
 800141a:	d0d3      	beq.n	80013c4 <HAL_SPI_TransmitReceive+0xe6>
 800141c:	2f00      	cmp	r7, #0
 800141e:	d0d1      	beq.n	80013c4 <HAL_SPI_TransmitReceive+0xe6>
        hspi->Instance->DR = *((const uint16_t *)hspi->pTxBuffPtr);
 8001420:	6b22      	ldr	r2, [r4, #48]	@ 0x30
 8001422:	8812      	ldrh	r2, [r2, #0]
 8001424:	60da      	str	r2, [r3, #12]
        hspi->pTxBuffPtr += sizeof(uint16_t);
 8001426:	6b23      	ldr	r3, [r4, #48]	@ 0x30
 8001428:	3302      	adds	r3, #2
 800142a:	6323      	str	r3, [r4, #48]	@ 0x30
        hspi->TxXferCount--;
 800142c:	8ee3      	ldrh	r3, [r4, #54]	@ 0x36
 800142e:	b29b      	uxth	r3, r3
 8001430:	3b01      	subs	r3, #1
 8001432:	b29b      	uxth	r3, r3
 8001434:	86e3      	strh	r3, [r4, #54]	@ 0x36
        txallowed = 0U;
 8001436:	2700      	movs	r7, #0
 8001438:	e7c4      	b.n	80013c4 <HAL_SPI_TransmitReceive+0xe6>
        hspi->State = HAL_SPI_STATE_READY;
 800143a:	2301      	movs	r3, #1
 800143c:	f884 3051 	strb.w	r3, [r4, #81]	@ 0x51
        __HAL_UNLOCK(hspi);
 8001440:	2300      	movs	r3, #0
 8001442:	f884 3050 	strb.w	r3, [r4, #80]	@ 0x50
        return HAL_TIMEOUT;
 8001446:	2003      	movs	r0, #3
 8001448:	e063      	b.n	8001512 <HAL_SPI_TransmitReceive+0x234>
      if ((__HAL_SPI_GET_FLAG(hspi, SPI_FLAG_RXNE)) && (hspi->RxXferCount > 0U))
 800144a:	6823      	ldr	r3, [r4, #0]
 800144c:	689a      	ldr	r2, [r3, #8]
 800144e:	f012 0f01 	tst.w	r2, #1
 8001452:	d00e      	beq.n	8001472 <HAL_SPI_TransmitReceive+0x194>
 8001454:	8fe2      	ldrh	r2, [r4, #62]	@ 0x3e
 8001456:	b292      	uxth	r2, r2
 8001458:	b15a      	cbz	r2, 8001472 <HAL_SPI_TransmitReceive+0x194>
        (*(uint8_t *)hspi->pRxBuffPtr) = hspi->Instance->DR;
 800145a:	68da      	ldr	r2, [r3, #12]
 800145c:	6ba3      	ldr	r3, [r4, #56]	@ 0x38
 800145e:	701a      	strb	r2, [r3, #0]
        hspi->pRxBuffPtr++;
 8001460:	6ba3      	ldr	r3, [r4, #56]	@ 0x38
 8001462:	3301      	adds	r3, #1
 8001464:	63a3      	str	r3, [r4, #56]	@ 0x38
        hspi->RxXferCount--;
 8001466:	8fe3      	ldrh	r3, [r4, #62]	@ 0x3e
 8001468:	b29b      	uxth	r3, r3
 800146a:	3b01      	subs	r3, #1
 800146c:	b29b      	uxth	r3, r3
 800146e:	87e3      	strh	r3, [r4, #62]	@ 0x3e
        txallowed = 1U;
 8001470:	2701      	movs	r7, #1
      if ((((HAL_GetTick() - tickstart) >=  Timeout) && ((Timeout != HAL_MAX_DELAY))) || (Timeout == 0U))
 8001472:	f7ff f865 	bl	8000540 <HAL_GetTick>
 8001476:	1b83      	subs	r3, r0, r6
 8001478:	42ab      	cmp	r3, r5
 800147a:	d302      	bcc.n	8001482 <HAL_SPI_TransmitReceive+0x1a4>
 800147c:	f1b5 3fff 	cmp.w	r5, #4294967295	@ 0xffffffff
 8001480:	d11e      	bne.n	80014c0 <HAL_SPI_TransmitReceive+0x1e2>
 8001482:	b1ed      	cbz	r5, 80014c0 <HAL_SPI_TransmitReceive+0x1e2>
    while ((hspi->TxXferCount > 0U) || (hspi->RxXferCount > 0U))
 8001484:	8ee3      	ldrh	r3, [r4, #54]	@ 0x36
 8001486:	b29b      	uxth	r3, r3
 8001488:	b913      	cbnz	r3, 8001490 <HAL_SPI_TransmitReceive+0x1b2>
 800148a:	8fe3      	ldrh	r3, [r4, #62]	@ 0x3e
 800148c:	b29b      	uxth	r3, r3
 800148e:	b1fb      	cbz	r3, 80014d0 <HAL_SPI_TransmitReceive+0x1f2>
      if ((__HAL_SPI_GET_FLAG(hspi, SPI_FLAG_TXE)) && (hspi->TxXferCount > 0U) && (txallowed == 1U))
 8001490:	6823      	ldr	r3, [r4, #0]
 8001492:	689a      	ldr	r2, [r3, #8]
 8001494:	f012 0f02 	tst.w	r2, #2
 8001498:	d0d7      	beq.n	800144a <HAL_SPI_TransmitReceive+0x16c>
 800149a:	8ee2      	ldrh	r2, [r4, #54]	@ 0x36
 800149c:	b292      	uxth	r2, r2
 800149e:	2a00      	cmp	r2, #0
 80014a0:	d0d3      	beq.n	800144a <HAL_SPI_TransmitReceive+0x16c>
 80014a2:	2f00      	cmp	r7, #0
 80014a4:	d0d1      	beq.n	800144a <HAL_SPI_TransmitReceive+0x16c>
        *(__IO uint8_t *)&hspi->Instance->DR = *((const uint8_t *)hspi->pTxBuffPtr);
 80014a6:	6b22      	ldr	r2, [r4, #48]	@ 0x30
 80014a8:	7812      	ldrb	r2, [r2, #0]
 80014aa:	731a      	strb	r2, [r3, #12]
        hspi->pTxBuffPtr++;
 80014ac:	6b23      	ldr	r3, [r4, #48]	@ 0x30
 80014ae:	3301      	adds	r3, #1
 80014b0:	6323      	str	r3, [r4, #48]	@ 0x30
        hspi->TxXferCount--;
 80014b2:	8ee3      	ldrh	r3, [r4, #54]	@ 0x36
 80014b4:	b29b      	uxth	r3, r3
 80014b6:	3b01      	subs	r3, #1
 80014b8:	b29b      	uxth	r3, r3
 80014ba:	86e3      	strh	r3, [r4, #54]	@ 0x36
        txallowed = 0U;
 80014bc:	2700      	movs	r7, #0
 80014be:	e7c4      	b.n	800144a <HAL_SPI_TransmitReceive+0x16c>
        hspi->State = HAL_SPI_STATE_READY;
 80014c0:	2301      	movs	r3, #1
 80014c2:	f884 3051 	strb.w	r3, [r4, #81]	@ 0x51
        __HAL_UNLOCK(hspi);
 80014c6:	2300      	movs	r3, #0
 80014c8:	f884 3050 	strb.w	r3, [r4, #80]	@ 0x50
        return HAL_TIMEOUT;
 80014cc:	2003      	movs	r0, #3
 80014ce:	e020      	b.n	8001512 <HAL_SPI_TransmitReceive+0x234>
  if (SPI_EndRxTxTransaction(hspi, Timeout, tickstart) != HAL_OK)
 80014d0:	4632      	mov	r2, r6
 80014d2:	4629      	mov	r1, r5
 80014d4:	4620      	mov	r0, r4
 80014d6:	f7ff fd69 	bl	8000fac <SPI_EndRxTxTransaction>
 80014da:	b990      	cbnz	r0, 8001502 <HAL_SPI_TransmitReceive+0x224>
  if (hspi->Init.Direction == SPI_DIRECTION_2LINES)
 80014dc:	68a3      	ldr	r3, [r4, #8]
 80014de:	b933      	cbnz	r3, 80014ee <HAL_SPI_TransmitReceive+0x210>
    __HAL_SPI_CLEAR_OVRFLAG(hspi);
 80014e0:	9301      	str	r3, [sp, #4]
 80014e2:	6823      	ldr	r3, [r4, #0]
 80014e4:	68da      	ldr	r2, [r3, #12]
 80014e6:	9201      	str	r2, [sp, #4]
 80014e8:	689b      	ldr	r3, [r3, #8]
 80014ea:	9301      	str	r3, [sp, #4]
 80014ec:	9b01      	ldr	r3, [sp, #4]
  hspi->State = HAL_SPI_STATE_READY;
 80014ee:	2301      	movs	r3, #1
 80014f0:	f884 3051 	strb.w	r3, [r4, #81]	@ 0x51
  __HAL_UNLOCK(hspi);
 80014f4:	2300      	movs	r3, #0
 80014f6:	f884 3050 	strb.w	r3, [r4, #80]	@ 0x50
  if (hspi->ErrorCode != HAL_SPI_ERROR_NONE)
 80014fa:	6d63      	ldr	r3, [r4, #84]	@ 0x54
 80014fc:	b14b      	cbz	r3, 8001512 <HAL_SPI_TransmitReceive+0x234>
    return HAL_ERROR;
 80014fe:	2001      	movs	r0, #1
 8001500:	e007      	b.n	8001512 <HAL_SPI_TransmitReceive+0x234>
    hspi->ErrorCode = HAL_SPI_ERROR_FLAG;
 8001502:	2320      	movs	r3, #32
 8001504:	6563      	str	r3, [r4, #84]	@ 0x54
    __HAL_UNLOCK(hspi);
 8001506:	2300      	movs	r3, #0
 8001508:	f884 3050 	strb.w	r3, [r4, #80]	@ 0x50
    return HAL_ERROR;
 800150c:	2001      	movs	r0, #1
 800150e:	e000      	b.n	8001512 <HAL_SPI_TransmitReceive+0x234>
    return HAL_BUSY;
 8001510:	2002      	movs	r0, #2
}
 8001512:	b003      	add	sp, #12
 8001514:	e8bd 83f0 	ldmia.w	sp!, {r4, r5, r6, r7, r8, r9, pc}
    return HAL_BUSY;
 8001518:	2002      	movs	r0, #2
 800151a:	e7fa      	b.n	8001512 <HAL_SPI_TransmitReceive+0x234>
 800151c:	2002      	movs	r0, #2
 800151e:	e7f8      	b.n	8001512 <HAL_SPI_TransmitReceive+0x234>
    return HAL_ERROR;
 8001520:	2001      	movs	r0, #1
 8001522:	e7f6      	b.n	8001512 <HAL_SPI_TransmitReceive+0x234>
 8001524:	2001      	movs	r0, #1
 8001526:	e7f4      	b.n	8001512 <HAL_SPI_TransmitReceive+0x234>
 8001528:	2001      	movs	r0, #1
 800152a:	e7f2      	b.n	8001512 <HAL_SPI_TransmitReceive+0x234>
  __HAL_LOCK(hspi);
 800152c:	2002      	movs	r0, #2
 800152e:	e7f0      	b.n	8001512 <HAL_SPI_TransmitReceive+0x234>

08001530 <HAL_SPI_Receive>:
{
 8001530:	e92d 43f0 	stmdb	sp!, {r4, r5, r6, r7, r8, r9, lr}
 8001534:	b083      	sub	sp, #12
 8001536:	461d      	mov	r5, r3
  if (hspi->State != HAL_SPI_STATE_READY)
 8001538:	f890 3051 	ldrb.w	r3, [r0, #81]	@ 0x51
 800153c:	2b01      	cmp	r3, #1
 800153e:	f040 80b4 	bne.w	80016aa <HAL_SPI_Receive+0x17a>
 8001542:	4604      	mov	r4, r0
 8001544:	4689      	mov	r9, r1
 8001546:	4690      	mov	r8, r2
 8001548:	b2df      	uxtb	r7, r3
  if ((hspi->Init.Mode == SPI_MODE_MASTER) && (hspi->Init.Direction == SPI_DIRECTION_2LINES))
 800154a:	6843      	ldr	r3, [r0, #4]
 800154c:	f5b3 7f82 	cmp.w	r3, #260	@ 0x104
 8001550:	d101      	bne.n	8001556 <HAL_SPI_Receive+0x26>
 8001552:	6883      	ldr	r3, [r0, #8]
 8001554:	b393      	cbz	r3, 80015bc <HAL_SPI_Receive+0x8c>
  tickstart = HAL_GetTick();
 8001556:	f7fe fff3 	bl	8000540 <HAL_GetTick>
 800155a:	4606      	mov	r6, r0
  if ((pData == NULL) || (Size == 0U))
 800155c:	f1b9 0f00 	cmp.w	r9, #0
 8001560:	f000 80a4 	beq.w	80016ac <HAL_SPI_Receive+0x17c>
 8001564:	f1b8 0f00 	cmp.w	r8, #0
 8001568:	f000 80a0 	beq.w	80016ac <HAL_SPI_Receive+0x17c>
  __HAL_LOCK(hspi);
 800156c:	f894 3050 	ldrb.w	r3, [r4, #80]	@ 0x50
 8001570:	2b01      	cmp	r3, #1
 8001572:	f000 809f 	beq.w	80016b4 <HAL_SPI_Receive+0x184>
 8001576:	2301      	movs	r3, #1
 8001578:	f884 3050 	strb.w	r3, [r4, #80]	@ 0x50
  hspi->State       = HAL_SPI_STATE_BUSY_RX;
 800157c:	2304      	movs	r3, #4
 800157e:	f884 3051 	strb.w	r3, [r4, #81]	@ 0x51
  hspi->ErrorCode   = HAL_SPI_ERROR_NONE;
 8001582:	2300      	movs	r3, #0
 8001584:	6563      	str	r3, [r4, #84]	@ 0x54
  hspi->pRxBuffPtr  = (uint8_t *)pData;
 8001586:	f8c4 9038 	str.w	r9, [r4, #56]	@ 0x38
  hspi->RxXferSize  = Size;
 800158a:	f8a4 803c 	strh.w	r8, [r4, #60]	@ 0x3c
  hspi->RxXferCount = Size;
 800158e:	f8a4 803e 	strh.w	r8, [r4, #62]	@ 0x3e
  hspi->pTxBuffPtr  = (uint8_t *)NULL;
 8001592:	6323      	str	r3, [r4, #48]	@ 0x30
  hspi->TxXferSize  = 0U;
 8001594:	86a3      	strh	r3, [r4, #52]	@ 0x34
  hspi->TxXferCount = 0U;
 8001596:	86e3      	strh	r3, [r4, #54]	@ 0x36
  hspi->RxISR       = NULL;
 8001598:	6423      	str	r3, [r4, #64]	@ 0x40
  hspi->TxISR       = NULL;
 800159a:	6463      	str	r3, [r4, #68]	@ 0x44
  if (hspi->Init.Direction == SPI_DIRECTION_1LINE)
 800159c:	68a3      	ldr	r3, [r4, #8]
 800159e:	f5b3 4f00 	cmp.w	r3, #32768	@ 0x8000
 80015a2:	d015      	beq.n	80015d0 <HAL_SPI_Receive+0xa0>
  if ((hspi->Instance->CR1 & SPI_CR1_SPE) != SPI_CR1_SPE)
 80015a4:	6823      	ldr	r3, [r4, #0]
 80015a6:	681a      	ldr	r2, [r3, #0]
 80015a8:	f012 0f40 	tst.w	r2, #64	@ 0x40
 80015ac:	d103      	bne.n	80015b6 <HAL_SPI_Receive+0x86>
    __HAL_SPI_ENABLE(hspi);
 80015ae:	681a      	ldr	r2, [r3, #0]
 80015b0:	f042 0240 	orr.w	r2, r2, #64	@ 0x40
 80015b4:	601a      	str	r2, [r3, #0]
  if (hspi->Init.DataSize == SPI_DATASIZE_8BIT)
 80015b6:	68e3      	ldr	r3, [r4, #12]
 80015b8:	b1f3      	cbz	r3, 80015f8 <HAL_SPI_Receive+0xc8>
 80015ba:	e043      	b.n	8001644 <HAL_SPI_Receive+0x114>
    hspi->State = HAL_SPI_STATE_BUSY_RX;
 80015bc:	2304      	movs	r3, #4
 80015be:	f880 3051 	strb.w	r3, [r0, #81]	@ 0x51
    return HAL_SPI_TransmitReceive(hspi, pData, pData, Size, Timeout);
 80015c2:	9500      	str	r5, [sp, #0]
 80015c4:	4613      	mov	r3, r2
 80015c6:	460a      	mov	r2, r1
 80015c8:	f7ff fe89 	bl	80012de <HAL_SPI_TransmitReceive>
 80015cc:	4607      	mov	r7, r0
 80015ce:	e06d      	b.n	80016ac <HAL_SPI_Receive+0x17c>
    __HAL_SPI_DISABLE(hspi);
 80015d0:	6822      	ldr	r2, [r4, #0]
 80015d2:	6813      	ldr	r3, [r2, #0]
 80015d4:	f023 0340 	bic.w	r3, r3, #64	@ 0x40
 80015d8:	6013      	str	r3, [r2, #0]
    SPI_1LINE_RX(hspi);
 80015da:	6822      	ldr	r2, [r4, #0]
 80015dc:	6813      	ldr	r3, [r2, #0]
 80015de:	f423 4380 	bic.w	r3, r3, #16384	@ 0x4000
 80015e2:	6013      	str	r3, [r2, #0]
 80015e4:	e7de      	b.n	80015a4 <HAL_SPI_Receive+0x74>
        if ((((HAL_GetTick() - tickstart) >=  Timeout) && (Timeout != HAL_MAX_DELAY)) || (Timeout == 0U))
 80015e6:	f7fe ffab 	bl	8000540 <HAL_GetTick>
 80015ea:	1b80      	subs	r0, r0, r6
 80015ec:	42a8      	cmp	r0, r5
 80015ee:	d302      	bcc.n	80015f6 <HAL_SPI_Receive+0xc6>
 80015f0:	f1b5 3fff 	cmp.w	r5, #4294967295	@ 0xffffffff
 80015f4:	d115      	bne.n	8001622 <HAL_SPI_Receive+0xf2>
 80015f6:	b1a5      	cbz	r5, 8001622 <HAL_SPI_Receive+0xf2>
    while (hspi->RxXferCount > 0U)
 80015f8:	8fe3      	ldrh	r3, [r4, #62]	@ 0x3e
 80015fa:	b29b      	uxth	r3, r3
 80015fc:	2b00      	cmp	r3, #0
 80015fe:	d042      	beq.n	8001686 <HAL_SPI_Receive+0x156>
      if (__HAL_SPI_GET_FLAG(hspi, SPI_FLAG_RXNE))
 8001600:	6823      	ldr	r3, [r4, #0]
 8001602:	689a      	ldr	r2, [r3, #8]
 8001604:	f012 0f01 	tst.w	r2, #1
 8001608:	d0ed      	beq.n	80015e6 <HAL_SPI_Receive+0xb6>
        (* (uint8_t *)hspi->pRxBuffPtr) = *(__IO uint8_t *)&hspi->Instance->DR;
 800160a:	6ba2      	ldr	r2, [r4, #56]	@ 0x38
 800160c:	7b1b      	ldrb	r3, [r3, #12]
 800160e:	7013      	strb	r3, [r2, #0]
        hspi->pRxBuffPtr += sizeof(uint8_t);
 8001610:	6ba3      	ldr	r3, [r4, #56]	@ 0x38
 8001612:	3301      	adds	r3, #1
 8001614:	63a3      	str	r3, [r4, #56]	@ 0x38
        hspi->RxXferCount--;
 8001616:	8fe3      	ldrh	r3, [r4, #62]	@ 0x3e
 8001618:	b29b      	uxth	r3, r3
 800161a:	3b01      	subs	r3, #1
 800161c:	b29b      	uxth	r3, r3
 800161e:	87e3      	strh	r3, [r4, #62]	@ 0x3e
 8001620:	e7ea      	b.n	80015f8 <HAL_SPI_Receive+0xc8>
          hspi->State = HAL_SPI_STATE_READY;
 8001622:	2301      	movs	r3, #1
 8001624:	f884 3051 	strb.w	r3, [r4, #81]	@ 0x51
          __HAL_UNLOCK(hspi);
 8001628:	2300      	movs	r3, #0
 800162a:	f884 3050 	strb.w	r3, [r4, #80]	@ 0x50
          return HAL_TIMEOUT;
 800162e:	2703      	movs	r7, #3
 8001630:	e03c      	b.n	80016ac <HAL_SPI_Receive+0x17c>
        if ((((HAL_GetTick() - tickstart) >=  Timeout) && (Timeout != HAL_MAX_DELAY)) || (Timeout == 0U))
 8001632:	f7fe ff85 	bl	8000540 <HAL_GetTick>
 8001636:	1b80      	subs	r0, r0, r6
 8001638:	42a8      	cmp	r0, r5
 800163a:	d302      	bcc.n	8001642 <HAL_SPI_Receive+0x112>
 800163c:	f1b5 3fff 	cmp.w	r5, #4294967295	@ 0xffffffff
 8001640:	d119      	bne.n	8001676 <HAL_SPI_Receive+0x146>
 8001642:	b1c5      	cbz	r5, 8001676 <HAL_SPI_Receive+0x146>
    while (hspi->RxXferCount > 0U)
 8001644:	8fe3      	ldrh	r3, [r4, #62]	@ 0x3e
 8001646:	b29b      	uxth	r3, r3
 8001648:	b1eb      	cbz	r3, 8001686 <HAL_SPI_Receive+0x156>
      if (__HAL_SPI_GET_FLAG(hspi, SPI_FLAG_RXNE))
 800164a:	6823      	ldr	r3, [r4, #0]
 800164c:	689a      	ldr	r2, [r3, #8]
 800164e:	f012 0f01 	tst.w	r2, #1
 8001652:	d0ee      	beq.n	8001632 <HAL_SPI_Receive+0x102>
        *((uint16_t *)hspi->pRxBuffPtr) = (uint16_t)hspi->Instance->DR;
 8001654:	68da      	ldr	r2, [r3, #12]
 8001656:	6ba3      	ldr	r3, [r4, #56]	@ 0x38
 8001658:	801a      	strh	r2, [r3, #0]
        hspi->pRxBuffPtr += sizeof(uint16_t);
 800165a:	6ba3      	ldr	r3, [r4, #56]	@ 0x38
 800165c:	3302      	adds	r3, #2
 800165e:	63a3      	str	r3, [r4, #56]	@ 0x38
        hspi->RxXferCount--;
 8001660:	f8b4 c03e 	ldrh.w	ip, [r4, #62]	@ 0x3e
 8001664:	fa1f fc8c 	uxth.w	ip, ip
 8001668:	f10c 3cff 	add.w	ip, ip, #4294967295	@ 0xffffffff
 800166c:	fa1f fc8c 	uxth.w	ip, ip
 8001670:	f8a4 c03e 	strh.w	ip, [r4, #62]	@ 0x3e
 8001674:	e7e6      	b.n	8001644 <HAL_SPI_Receive+0x114>
          hspi->State = HAL_SPI_STATE_READY;
 8001676:	2301      	movs	r3, #1
 8001678:	f884 3051 	strb.w	r3, [r4, #81]	@ 0x51
          __HAL_UNLOCK(hspi);
 800167c:	2300      	movs	r3, #0
 800167e:	f884 3050 	strb.w	r3, [r4, #80]	@ 0x50
          return HAL_TIMEOUT;
 8001682:	2703      	movs	r7, #3
 8001684:	e012      	b.n	80016ac <HAL_SPI_Receive+0x17c>
  if (SPI_EndRxTransaction(hspi, Timeout, tickstart) != HAL_OK)
 8001686:	4632      	mov	r2, r6
 8001688:	4629      	mov	r1, r5
 800168a:	4620      	mov	r0, r4
 800168c:	f7ff fcb0 	bl	8000ff0 <SPI_EndRxTransaction>
 8001690:	b108      	cbz	r0, 8001696 <HAL_SPI_Receive+0x166>
    hspi->ErrorCode = HAL_SPI_ERROR_FLAG;
 8001692:	2320      	movs	r3, #32
 8001694:	6563      	str	r3, [r4, #84]	@ 0x54
  hspi->State = HAL_SPI_STATE_READY;
 8001696:	2301      	movs	r3, #1
 8001698:	f884 3051 	strb.w	r3, [r4, #81]	@ 0x51
  __HAL_UNLOCK(hspi);
 800169c:	2300      	movs	r3, #0
 800169e:	f884 3050 	strb.w	r3, [r4, #80]	@ 0x50
  if (hspi->ErrorCode != HAL_SPI_ERROR_NONE)
 80016a2:	6d63      	ldr	r3, [r4, #84]	@ 0x54
 80016a4:	b913      	cbnz	r3, 80016ac <HAL_SPI_Receive+0x17c>
    return HAL_OK;
 80016a6:	2700      	movs	r7, #0
 80016a8:	e000      	b.n	80016ac <HAL_SPI_Receive+0x17c>
    return HAL_BUSY;
 80016aa:	2702      	movs	r7, #2
}
 80016ac:	4638      	mov	r0, r7
 80016ae:	b003      	add	sp, #12
 80016b0:	e8bd 83f0 	ldmia.w	sp!, {r4, r5, r6, r7, r8, r9, pc}
  __HAL_LOCK(hspi);
 80016b4:	2702      	movs	r7, #2
 80016b6:	e7f9      	b.n	80016ac <HAL_SPI_Receive+0x17c>

080016b8 <NMI_Handler>:
{
  /* USER CODE BEGIN NonMaskableInt_IRQn 0 */

  /* USER CODE END NonMaskableInt_IRQn 0 */
  /* USER CODE BEGIN NonMaskableInt_IRQn 1 */
   while (1)
 80016b8:	e7fe      	b.n	80016b8 <NMI_Handler>

080016ba <HardFault_Handler>:
void HardFault_Handler(void)
{
  /* USER CODE BEGIN HardFault_IRQn 0 */

  /* USER CODE END HardFault_IRQn 0 */
  while (1)
 80016ba:	e7fe      	b.n	80016ba <HardFault_Handler>

080016bc <MemManage_Handler>:
void MemManage_Handler(void)
{
  /* USER CODE BEGIN MemoryManagement_IRQn 0 */

  /* USER CODE END MemoryManagement_IRQn 0 */
  while (1)
 80016bc:	e7fe      	b.n	80016bc <MemManage_Handler>

080016be <BusFault_Handler>:
void BusFault_Handler(void)
{
  /* USER CODE BEGIN BusFault_IRQn 0 */

  /* USER CODE END BusFault_IRQn 0 */
  while (1)
 80016be:	e7fe      	b.n	80016be <BusFault_Handler>

080016c0 <UsageFault_Handler>:
void UsageFault_Handler(void)
{
  /* USER CODE BEGIN UsageFault_IRQn 0 */

  /* USER CODE END UsageFault_IRQn 0 */
  while (1)
 80016c0:	e7fe      	b.n	80016c0 <UsageFault_Handler>

080016c2 <SVC_Handler>:

  /* USER CODE END SVCall_IRQn 0 */
  /* USER CODE BEGIN SVCall_IRQn 1 */

  /* USER CODE END SVCall_IRQn 1 */
}
 80016c2:	4770      	bx	lr

080016c4 <DebugMon_Handler>:

  /* USER CODE END DebugMonitor_IRQn 0 */
  /* USER CODE BEGIN DebugMonitor_IRQn 1 */

  /* USER CODE END DebugMonitor_IRQn 1 */
}
 80016c4:	4770      	bx	lr

080016c6 <PendSV_Handler>:

  /* USER CODE END PendSV_IRQn 0 */
  /* USER CODE BEGIN PendSV_IRQn 1 */

  /* USER CODE END PendSV_IRQn 1 */
}
 80016c6:	4770      	bx	lr

080016c8 <SysTick_Handler>:

/**
  * @brief This function handles System tick timer.
  */
void SysTick_Handler(void)
{
 80016c8:	b508      	push	{r3, lr}
  /* USER CODE BEGIN SysTick_IRQn 0 */

  /* USER CODE END SysTick_IRQn 0 */
  HAL_IncTick();
 80016ca:	f7fe ff2d 	bl	8000528 <HAL_IncTick>
  /* USER CODE BEGIN SysTick_IRQn 1 */

  /* USER CODE END SysTick_IRQn 1 */
}
 80016ce:	bd08      	pop	{r3, pc}

080016d0 <SystemInit>:

  /* Configure the Vector Table location -------------------------------------*/
#if defined(USER_VECT_TAB_ADDRESS)
  SCB->VTOR = VECT_TAB_BASE_ADDRESS | VECT_TAB_OFFSET; /* Vector Table Relocation in Internal SRAM. */
#endif /* USER_VECT_TAB_ADDRESS */
}
 80016d0:	4770      	bx	lr
	...

080016d4 <Reset_Handler>:
  .weak Reset_Handler
  .type Reset_Handler, %function
Reset_Handler:

/* Call the clock system initialization function.*/
    bl  SystemInit
 80016d4:	f7ff fffc 	bl	80016d0 <SystemInit>

/* Copy the data segment initializers from flash to SRAM */
  ldr r0, =_sdata
 80016d8:	480b      	ldr	r0, [pc, #44]	@ (8001708 <LoopFillZerobss+0xe>)
  ldr r1, =_edata
 80016da:	490c      	ldr	r1, [pc, #48]	@ (800170c <LoopFillZerobss+0x12>)
  ldr r2, =_sidata
 80016dc:	4a0c      	ldr	r2, [pc, #48]	@ (8001710 <LoopFillZerobss+0x16>)
  movs r3, #0
 80016de:	2300      	movs	r3, #0
  b LoopCopyDataInit
 80016e0:	e002      	b.n	80016e8 <LoopCopyDataInit>

080016e2 <CopyDataInit>:

CopyDataInit:
  ldr r4, [r2, r3]
 80016e2:	58d4      	ldr	r4, [r2, r3]
  str r4, [r0, r3]
 80016e4:	50c4      	str	r4, [r0, r3]
  adds r3, r3, #4
 80016e6:	3304      	adds	r3, #4

080016e8 <LoopCopyDataInit>:

LoopCopyDataInit:
  adds r4, r0, r3
 80016e8:	18c4      	adds	r4, r0, r3
  cmp r4, r1
 80016ea:	428c      	cmp	r4, r1
  bcc CopyDataInit
 80016ec:	d3f9      	bcc.n	80016e2 <CopyDataInit>
  
/* Zero fill the bss segment. */
  ldr r2, =_sbss
 80016ee:	4a09      	ldr	r2, [pc, #36]	@ (8001714 <LoopFillZerobss+0x1a>)
  ldr r4, =_ebss
 80016f0:	4c09      	ldr	r4, [pc, #36]	@ (8001718 <LoopFillZerobss+0x1e>)
  movs r3, #0
 80016f2:	2300      	movs	r3, #0
  b LoopFillZerobss
 80016f4:	e001      	b.n	80016fa <LoopFillZerobss>

080016f6 <FillZerobss>:

FillZerobss:
  str  r3, [r2]
 80016f6:	6013      	str	r3, [r2, #0]
  adds r2, r2, #4
 80016f8:	3204      	adds	r2, #4

080016fa <LoopFillZerobss>:

LoopFillZerobss:
  cmp r2, r4
 80016fa:	42a2      	cmp	r2, r4
  bcc FillZerobss
 80016fc:	d3fb      	bcc.n	80016f6 <FillZerobss>

/* Call static constructors */
    bl __libc_init_array
 80016fe:	f000 f817 	bl	8001730 <__libc_init_array>
/* Call the application's entry point.*/
  bl main
 8001702:	f7fe fe01 	bl	8000308 <main>
  bx lr
 8001706:	4770      	bx	lr
  ldr r0, =_sdata
 8001708:	20000000 	.word	0x20000000
  ldr r1, =_edata
 800170c:	20000010 	.word	0x20000010
  ldr r2, =_sidata
 8001710:	080017bc 	.word	0x080017bc
  ldr r2, =_sbss
 8001714:	20000010 	.word	0x20000010
  ldr r4, =_ebss
 8001718:	20000090 	.word	0x20000090

0800171c <ADC1_2_IRQHandler>:
 * @retval : None
*/
    .section .text.Default_Handler,"ax",%progbits
Default_Handler:
Infinite_Loop:
  b Infinite_Loop
 800171c:	e7fe      	b.n	800171c <ADC1_2_IRQHandler>

0800171e <memset>:
 800171e:	4603      	mov	r3, r0
 8001720:	4402      	add	r2, r0
 8001722:	4293      	cmp	r3, r2
 8001724:	d100      	bne.n	8001728 <memset+0xa>
 8001726:	4770      	bx	lr
 8001728:	f803 1b01 	strb.w	r1, [r3], #1
 800172c:	e7f9      	b.n	8001722 <memset+0x4>
	...

08001730 <__libc_init_array>:
 8001730:	b570      	push	{r4, r5, r6, lr}
 8001732:	2600      	movs	r6, #0
 8001734:	4d0c      	ldr	r5, [pc, #48]	@ (8001768 <__libc_init_array+0x38>)
 8001736:	4b0d      	ldr	r3, [pc, #52]	@ (800176c <__libc_init_array+0x3c>)
 8001738:	1b5b      	subs	r3, r3, r5
 800173a:	109c      	asrs	r4, r3, #2
 800173c:	42a6      	cmp	r6, r4
 800173e:	d109      	bne.n	8001754 <__libc_init_array+0x24>
 8001740:	2600      	movs	r6, #0
 8001742:	f000 f819 	bl	8001778 <_init>
 8001746:	4d0a      	ldr	r5, [pc, #40]	@ (8001770 <__libc_init_array+0x40>)
 8001748:	4b0a      	ldr	r3, [pc, #40]	@ (8001774 <__libc_init_array+0x44>)
 800174a:	1b5b      	subs	r3, r3, r5
 800174c:	109c      	asrs	r4, r3, #2
 800174e:	42a6      	cmp	r6, r4
 8001750:	d105      	bne.n	800175e <__libc_init_array+0x2e>
 8001752:	bd70      	pop	{r4, r5, r6, pc}
 8001754:	f855 3b04 	ldr.w	r3, [r5], #4
 8001758:	4798      	blx	r3
 800175a:	3601      	adds	r6, #1
 800175c:	e7ee      	b.n	800173c <__libc_init_array+0xc>
 800175e:	f855 3b04 	ldr.w	r3, [r5], #4
 8001762:	4798      	blx	r3
 8001764:	3601      	adds	r6, #1
 8001766:	e7f2      	b.n	800174e <__libc_init_array+0x1e>
 8001768:	080017b4 	.word	0x080017b4
 800176c:	080017b4 	.word	0x080017b4
 8001770:	080017b4 	.word	0x080017b4
 8001774:	080017b8 	.word	0x080017b8

08001778 <_init>:
 8001778:	b5f8      	push	{r3, r4, r5, r6, r7, lr}
 800177a:	bf00      	nop
 800177c:	bcf8      	pop	{r3, r4, r5, r6, r7}
 800177e:	bc08      	pop	{r3}
 8001780:	469e      	mov	lr, r3
 8001782:	4770      	bx	lr

08001784 <_fini>:
 8001784:	b5f8      	push	{r3, r4, r5, r6, r7, lr}
 8001786:	bf00      	nop
 8001788:	bcf8      	pop	{r3, r4, r5, r6, r7}
 800178a:	bc08      	pop	{r3}
 800178c:	469e      	mov	lr, r3
 800178e:	4770      	bx	lr
