ARM GAS  /tmp/cctmCgKp.s 			page 1


   1              		.cpu cortex-m3
   2              		.arch armv7-m
   3              		.fpu softvfp
   4              		.eabi_attribute 20, 1
   5              		.eabi_attribute 21, 1
   6              		.eabi_attribute 23, 3
   7              		.eabi_attribute 24, 1
   8              		.eabi_attribute 25, 1
   9              		.eabi_attribute 26, 1
  10              		.eabi_attribute 30, 1
  11              		.eabi_attribute 34, 1
  12              		.eabi_attribute 18, 4
  13              		.file	"stm32f1xx_hal_spi.c"
  14              		.text
  15              	.Ltext0:
  16              		.cfi_sections	.debug_frame
  17              		.file 1 "Drivers/STM32F1xx_HAL_Driver/Src/stm32f1xx_hal_spi.c"
  18              		.section	.text.SPI_AbortRx_ISR,"ax",%progbits
  19              		.align	1
  20              		.syntax unified
  21              		.thumb
  22              		.thumb_func
  24              	SPI_AbortRx_ISR:
  25              	.LVL0:
  26              	.LFB118:
   1:Drivers/STM32F1xx_HAL_Driver/Src/stm32f1xx_hal_spi.c **** /**
   2:Drivers/STM32F1xx_HAL_Driver/Src/stm32f1xx_hal_spi.c ****   ******************************************************************************
   3:Drivers/STM32F1xx_HAL_Driver/Src/stm32f1xx_hal_spi.c ****   * @file    stm32f1xx_hal_spi.c
   4:Drivers/STM32F1xx_HAL_Driver/Src/stm32f1xx_hal_spi.c ****   * @author  MCD Application Team
   5:Drivers/STM32F1xx_HAL_Driver/Src/stm32f1xx_hal_spi.c ****   * @brief   SPI HAL module driver.
   6:Drivers/STM32F1xx_HAL_Driver/Src/stm32f1xx_hal_spi.c ****   *          This file provides firmware functions to manage the following
   7:Drivers/STM32F1xx_HAL_Driver/Src/stm32f1xx_hal_spi.c ****   *          functionalities of the Serial Peripheral Interface (SPI) peripheral:
   8:Drivers/STM32F1xx_HAL_Driver/Src/stm32f1xx_hal_spi.c ****   *           + Initialization and de-initialization functions
   9:Drivers/STM32F1xx_HAL_Driver/Src/stm32f1xx_hal_spi.c ****   *           + IO operation functions
  10:Drivers/STM32F1xx_HAL_Driver/Src/stm32f1xx_hal_spi.c ****   *           + Peripheral Control functions
  11:Drivers/STM32F1xx_HAL_Driver/Src/stm32f1xx_hal_spi.c ****   *           + Peripheral State functions
  12:Drivers/STM32F1xx_HAL_Driver/Src/stm32f1xx_hal_spi.c ****   ******************************************************************************
  13:Drivers/STM32F1xx_HAL_Driver/Src/stm32f1xx_hal_spi.c ****   * @attention
  14:Drivers/STM32F1xx_HAL_Driver/Src/stm32f1xx_hal_spi.c ****   *
  15:Drivers/STM32F1xx_HAL_Driver/Src/stm32f1xx_hal_spi.c ****   * Copyright (c) 2016 STMicroelectronics.
  16:Drivers/STM32F1xx_HAL_Driver/Src/stm32f1xx_hal_spi.c ****   * All rights reserved.
  17:Drivers/STM32F1xx_HAL_Driver/Src/stm32f1xx_hal_spi.c ****   *
  18:Drivers/STM32F1xx_HAL_Driver/Src/stm32f1xx_hal_spi.c ****   * This software is licensed under terms that can be found in the LICENSE file
  19:Drivers/STM32F1xx_HAL_Driver/Src/stm32f1xx_hal_spi.c ****   * in the root directory of this software component.
  20:Drivers/STM32F1xx_HAL_Driver/Src/stm32f1xx_hal_spi.c ****   * If no LICENSE file comes with this software, it is provided AS-IS.
  21:Drivers/STM32F1xx_HAL_Driver/Src/stm32f1xx_hal_spi.c ****   *
  22:Drivers/STM32F1xx_HAL_Driver/Src/stm32f1xx_hal_spi.c ****   ******************************************************************************
  23:Drivers/STM32F1xx_HAL_Driver/Src/stm32f1xx_hal_spi.c ****   @verbatim
  24:Drivers/STM32F1xx_HAL_Driver/Src/stm32f1xx_hal_spi.c ****   ==============================================================================
  25:Drivers/STM32F1xx_HAL_Driver/Src/stm32f1xx_hal_spi.c ****                         ##### How to use this driver #####
  26:Drivers/STM32F1xx_HAL_Driver/Src/stm32f1xx_hal_spi.c ****   ==============================================================================
  27:Drivers/STM32F1xx_HAL_Driver/Src/stm32f1xx_hal_spi.c ****     [..]
  28:Drivers/STM32F1xx_HAL_Driver/Src/stm32f1xx_hal_spi.c ****       The SPI HAL driver can be used as follows:
  29:Drivers/STM32F1xx_HAL_Driver/Src/stm32f1xx_hal_spi.c **** 
  30:Drivers/STM32F1xx_HAL_Driver/Src/stm32f1xx_hal_spi.c ****       (#) Declare a SPI_HandleTypeDef handle structure, for example:
  31:Drivers/STM32F1xx_HAL_Driver/Src/stm32f1xx_hal_spi.c ****           SPI_HandleTypeDef  hspi;
  32:Drivers/STM32F1xx_HAL_Driver/Src/stm32f1xx_hal_spi.c **** 
ARM GAS  /tmp/cctmCgKp.s 			page 2


  33:Drivers/STM32F1xx_HAL_Driver/Src/stm32f1xx_hal_spi.c ****       (#)Initialize the SPI low level resources by implementing the HAL_SPI_MspInit() API:
  34:Drivers/STM32F1xx_HAL_Driver/Src/stm32f1xx_hal_spi.c ****           (##) Enable the SPIx interface clock
  35:Drivers/STM32F1xx_HAL_Driver/Src/stm32f1xx_hal_spi.c ****           (##) SPI pins configuration
  36:Drivers/STM32F1xx_HAL_Driver/Src/stm32f1xx_hal_spi.c ****               (+++) Enable the clock for the SPI GPIOs
  37:Drivers/STM32F1xx_HAL_Driver/Src/stm32f1xx_hal_spi.c ****               (+++) Configure these SPI pins as alternate function push-pull
  38:Drivers/STM32F1xx_HAL_Driver/Src/stm32f1xx_hal_spi.c ****           (##) NVIC configuration if you need to use interrupt process
  39:Drivers/STM32F1xx_HAL_Driver/Src/stm32f1xx_hal_spi.c ****               (+++) Configure the SPIx interrupt priority
  40:Drivers/STM32F1xx_HAL_Driver/Src/stm32f1xx_hal_spi.c ****               (+++) Enable the NVIC SPI IRQ handle
  41:Drivers/STM32F1xx_HAL_Driver/Src/stm32f1xx_hal_spi.c ****           (##) DMA Configuration if you need to use DMA process
  42:Drivers/STM32F1xx_HAL_Driver/Src/stm32f1xx_hal_spi.c ****               (+++) Declare a DMA_HandleTypeDef handle structure for the transmit or receive Stream
  43:Drivers/STM32F1xx_HAL_Driver/Src/stm32f1xx_hal_spi.c ****               (+++) Enable the DMAx clock
  44:Drivers/STM32F1xx_HAL_Driver/Src/stm32f1xx_hal_spi.c ****               (+++) Configure the DMA handle parameters
  45:Drivers/STM32F1xx_HAL_Driver/Src/stm32f1xx_hal_spi.c ****               (+++) Configure the DMA Tx or Rx Stream/Channel
  46:Drivers/STM32F1xx_HAL_Driver/Src/stm32f1xx_hal_spi.c ****               (+++) Associate the initialized hdma_tx(or _rx)  handle to the hspi DMA Tx or Rx hand
  47:Drivers/STM32F1xx_HAL_Driver/Src/stm32f1xx_hal_spi.c ****               (+++) Configure the priority and enable the NVIC for the transfer complete interrupt 
  48:Drivers/STM32F1xx_HAL_Driver/Src/stm32f1xx_hal_spi.c ****                     or Rx Stream/Channel
  49:Drivers/STM32F1xx_HAL_Driver/Src/stm32f1xx_hal_spi.c **** 
  50:Drivers/STM32F1xx_HAL_Driver/Src/stm32f1xx_hal_spi.c ****       (#) Program the Mode, BidirectionalMode , Data size, Baudrate Prescaler, NSS
  51:Drivers/STM32F1xx_HAL_Driver/Src/stm32f1xx_hal_spi.c ****           management, Clock polarity and phase, FirstBit and CRC configuration in the hspi Init str
  52:Drivers/STM32F1xx_HAL_Driver/Src/stm32f1xx_hal_spi.c **** 
  53:Drivers/STM32F1xx_HAL_Driver/Src/stm32f1xx_hal_spi.c ****       (#) Initialize the SPI registers by calling the HAL_SPI_Init() API:
  54:Drivers/STM32F1xx_HAL_Driver/Src/stm32f1xx_hal_spi.c ****           (++) This API configures also the low level Hardware GPIO, CLOCK, CORTEX...etc)
  55:Drivers/STM32F1xx_HAL_Driver/Src/stm32f1xx_hal_spi.c ****               by calling the customized HAL_SPI_MspInit() API.
  56:Drivers/STM32F1xx_HAL_Driver/Src/stm32f1xx_hal_spi.c ****      [..]
  57:Drivers/STM32F1xx_HAL_Driver/Src/stm32f1xx_hal_spi.c ****        Circular mode restriction:
  58:Drivers/STM32F1xx_HAL_Driver/Src/stm32f1xx_hal_spi.c ****       (#) The DMA circular mode cannot be used when the SPI is configured in these modes:
  59:Drivers/STM32F1xx_HAL_Driver/Src/stm32f1xx_hal_spi.c ****           (##) Master 2Lines RxOnly
  60:Drivers/STM32F1xx_HAL_Driver/Src/stm32f1xx_hal_spi.c ****           (##) Master 1Line Rx
  61:Drivers/STM32F1xx_HAL_Driver/Src/stm32f1xx_hal_spi.c ****       (#) The CRC feature is not managed when the DMA circular mode is enabled
  62:Drivers/STM32F1xx_HAL_Driver/Src/stm32f1xx_hal_spi.c ****       (#) When the SPI DMA Pause/Stop features are used, we must use the following APIs
  63:Drivers/STM32F1xx_HAL_Driver/Src/stm32f1xx_hal_spi.c ****           the HAL_SPI_DMAPause()/ HAL_SPI_DMAStop() only under the SPI callbacks
  64:Drivers/STM32F1xx_HAL_Driver/Src/stm32f1xx_hal_spi.c ****      [..]
  65:Drivers/STM32F1xx_HAL_Driver/Src/stm32f1xx_hal_spi.c ****        Master Receive mode restriction:
  66:Drivers/STM32F1xx_HAL_Driver/Src/stm32f1xx_hal_spi.c ****       (#) In Master unidirectional receive-only mode (MSTR =1, BIDIMODE=0, RXONLY=1) or
  67:Drivers/STM32F1xx_HAL_Driver/Src/stm32f1xx_hal_spi.c ****           bidirectional receive mode (MSTR=1, BIDIMODE=1, BIDIOE=0), to ensure that the SPI
  68:Drivers/STM32F1xx_HAL_Driver/Src/stm32f1xx_hal_spi.c ****           does not initiate a new transfer the following procedure has to be respected:
  69:Drivers/STM32F1xx_HAL_Driver/Src/stm32f1xx_hal_spi.c ****           (##) HAL_SPI_DeInit()
  70:Drivers/STM32F1xx_HAL_Driver/Src/stm32f1xx_hal_spi.c ****           (##) HAL_SPI_Init()
  71:Drivers/STM32F1xx_HAL_Driver/Src/stm32f1xx_hal_spi.c ****      [..]
  72:Drivers/STM32F1xx_HAL_Driver/Src/stm32f1xx_hal_spi.c ****        Callback registration:
  73:Drivers/STM32F1xx_HAL_Driver/Src/stm32f1xx_hal_spi.c **** 
  74:Drivers/STM32F1xx_HAL_Driver/Src/stm32f1xx_hal_spi.c ****       (#) The compilation flag USE_HAL_SPI_REGISTER_CALLBACKS when set to 1U
  75:Drivers/STM32F1xx_HAL_Driver/Src/stm32f1xx_hal_spi.c ****           allows the user to configure dynamically the driver callbacks.
  76:Drivers/STM32F1xx_HAL_Driver/Src/stm32f1xx_hal_spi.c ****           Use Functions HAL_SPI_RegisterCallback() to register an interrupt callback.
  77:Drivers/STM32F1xx_HAL_Driver/Src/stm32f1xx_hal_spi.c **** 
  78:Drivers/STM32F1xx_HAL_Driver/Src/stm32f1xx_hal_spi.c ****           Function HAL_SPI_RegisterCallback() allows to register following callbacks:
  79:Drivers/STM32F1xx_HAL_Driver/Src/stm32f1xx_hal_spi.c ****             (++) TxCpltCallback        : SPI Tx Completed callback
  80:Drivers/STM32F1xx_HAL_Driver/Src/stm32f1xx_hal_spi.c ****             (++) RxCpltCallback        : SPI Rx Completed callback
  81:Drivers/STM32F1xx_HAL_Driver/Src/stm32f1xx_hal_spi.c ****             (++) TxRxCpltCallback      : SPI TxRx Completed callback
  82:Drivers/STM32F1xx_HAL_Driver/Src/stm32f1xx_hal_spi.c ****             (++) TxHalfCpltCallback    : SPI Tx Half Completed callback
  83:Drivers/STM32F1xx_HAL_Driver/Src/stm32f1xx_hal_spi.c ****             (++) RxHalfCpltCallback    : SPI Rx Half Completed callback
  84:Drivers/STM32F1xx_HAL_Driver/Src/stm32f1xx_hal_spi.c ****             (++) TxRxHalfCpltCallback  : SPI TxRx Half Completed callback
  85:Drivers/STM32F1xx_HAL_Driver/Src/stm32f1xx_hal_spi.c ****             (++) ErrorCallback         : SPI Error callback
  86:Drivers/STM32F1xx_HAL_Driver/Src/stm32f1xx_hal_spi.c ****             (++) AbortCpltCallback     : SPI Abort callback
  87:Drivers/STM32F1xx_HAL_Driver/Src/stm32f1xx_hal_spi.c ****             (++) MspInitCallback       : SPI Msp Init callback
  88:Drivers/STM32F1xx_HAL_Driver/Src/stm32f1xx_hal_spi.c ****             (++) MspDeInitCallback     : SPI Msp DeInit callback
  89:Drivers/STM32F1xx_HAL_Driver/Src/stm32f1xx_hal_spi.c ****           This function takes as parameters the HAL peripheral handle, the Callback ID
ARM GAS  /tmp/cctmCgKp.s 			page 3


  90:Drivers/STM32F1xx_HAL_Driver/Src/stm32f1xx_hal_spi.c ****           and a pointer to the user callback function.
  91:Drivers/STM32F1xx_HAL_Driver/Src/stm32f1xx_hal_spi.c **** 
  92:Drivers/STM32F1xx_HAL_Driver/Src/stm32f1xx_hal_spi.c **** 
  93:Drivers/STM32F1xx_HAL_Driver/Src/stm32f1xx_hal_spi.c ****       (#) Use function HAL_SPI_UnRegisterCallback to reset a callback to the default
  94:Drivers/STM32F1xx_HAL_Driver/Src/stm32f1xx_hal_spi.c ****           weak function.
  95:Drivers/STM32F1xx_HAL_Driver/Src/stm32f1xx_hal_spi.c ****           HAL_SPI_UnRegisterCallback takes as parameters the HAL peripheral handle,
  96:Drivers/STM32F1xx_HAL_Driver/Src/stm32f1xx_hal_spi.c ****           and the Callback ID.
  97:Drivers/STM32F1xx_HAL_Driver/Src/stm32f1xx_hal_spi.c ****           This function allows to reset following callbacks:
  98:Drivers/STM32F1xx_HAL_Driver/Src/stm32f1xx_hal_spi.c ****             (++) TxCpltCallback        : SPI Tx Completed callback
  99:Drivers/STM32F1xx_HAL_Driver/Src/stm32f1xx_hal_spi.c ****             (++) RxCpltCallback        : SPI Rx Completed callback
 100:Drivers/STM32F1xx_HAL_Driver/Src/stm32f1xx_hal_spi.c ****             (++) TxRxCpltCallback      : SPI TxRx Completed callback
 101:Drivers/STM32F1xx_HAL_Driver/Src/stm32f1xx_hal_spi.c ****             (++) TxHalfCpltCallback    : SPI Tx Half Completed callback
 102:Drivers/STM32F1xx_HAL_Driver/Src/stm32f1xx_hal_spi.c ****             (++) RxHalfCpltCallback    : SPI Rx Half Completed callback
 103:Drivers/STM32F1xx_HAL_Driver/Src/stm32f1xx_hal_spi.c ****             (++) TxRxHalfCpltCallback  : SPI TxRx Half Completed callback
 104:Drivers/STM32F1xx_HAL_Driver/Src/stm32f1xx_hal_spi.c ****             (++) ErrorCallback         : SPI Error callback
 105:Drivers/STM32F1xx_HAL_Driver/Src/stm32f1xx_hal_spi.c ****             (++) AbortCpltCallback     : SPI Abort callback
 106:Drivers/STM32F1xx_HAL_Driver/Src/stm32f1xx_hal_spi.c ****             (++) MspInitCallback       : SPI Msp Init callback
 107:Drivers/STM32F1xx_HAL_Driver/Src/stm32f1xx_hal_spi.c ****             (++) MspDeInitCallback     : SPI Msp DeInit callback
 108:Drivers/STM32F1xx_HAL_Driver/Src/stm32f1xx_hal_spi.c **** 
 109:Drivers/STM32F1xx_HAL_Driver/Src/stm32f1xx_hal_spi.c ****        [..]
 110:Drivers/STM32F1xx_HAL_Driver/Src/stm32f1xx_hal_spi.c ****        By default, after the HAL_SPI_Init() and when the state is HAL_SPI_STATE_RESET
 111:Drivers/STM32F1xx_HAL_Driver/Src/stm32f1xx_hal_spi.c ****        all callbacks are set to the corresponding weak functions:
 112:Drivers/STM32F1xx_HAL_Driver/Src/stm32f1xx_hal_spi.c ****        examples HAL_SPI_MasterTxCpltCallback(), HAL_SPI_MasterRxCpltCallback().
 113:Drivers/STM32F1xx_HAL_Driver/Src/stm32f1xx_hal_spi.c ****        Exception done for MspInit and MspDeInit functions that are
 114:Drivers/STM32F1xx_HAL_Driver/Src/stm32f1xx_hal_spi.c ****        reset to the legacy weak functions in the HAL_SPI_Init()/ HAL_SPI_DeInit() only when
 115:Drivers/STM32F1xx_HAL_Driver/Src/stm32f1xx_hal_spi.c ****        these callbacks are null (not registered beforehand).
 116:Drivers/STM32F1xx_HAL_Driver/Src/stm32f1xx_hal_spi.c ****        If MspInit or MspDeInit are not null, the HAL_SPI_Init()/ HAL_SPI_DeInit()
 117:Drivers/STM32F1xx_HAL_Driver/Src/stm32f1xx_hal_spi.c ****        keep and use the user MspInit/MspDeInit callbacks (registered beforehand) whatever the state
 118:Drivers/STM32F1xx_HAL_Driver/Src/stm32f1xx_hal_spi.c **** 
 119:Drivers/STM32F1xx_HAL_Driver/Src/stm32f1xx_hal_spi.c ****        [..]
 120:Drivers/STM32F1xx_HAL_Driver/Src/stm32f1xx_hal_spi.c ****        Callbacks can be registered/unregistered in HAL_SPI_STATE_READY state only.
 121:Drivers/STM32F1xx_HAL_Driver/Src/stm32f1xx_hal_spi.c ****        Exception done MspInit/MspDeInit functions that can be registered/unregistered
 122:Drivers/STM32F1xx_HAL_Driver/Src/stm32f1xx_hal_spi.c ****        in HAL_SPI_STATE_READY or HAL_SPI_STATE_RESET state,
 123:Drivers/STM32F1xx_HAL_Driver/Src/stm32f1xx_hal_spi.c ****        thus registered (user) MspInit/DeInit callbacks can be used during the Init/DeInit.
 124:Drivers/STM32F1xx_HAL_Driver/Src/stm32f1xx_hal_spi.c ****        Then, the user first registers the MspInit/MspDeInit user callbacks
 125:Drivers/STM32F1xx_HAL_Driver/Src/stm32f1xx_hal_spi.c ****        using HAL_SPI_RegisterCallback() before calling HAL_SPI_DeInit()
 126:Drivers/STM32F1xx_HAL_Driver/Src/stm32f1xx_hal_spi.c ****        or HAL_SPI_Init() function.
 127:Drivers/STM32F1xx_HAL_Driver/Src/stm32f1xx_hal_spi.c **** 
 128:Drivers/STM32F1xx_HAL_Driver/Src/stm32f1xx_hal_spi.c ****        [..]
 129:Drivers/STM32F1xx_HAL_Driver/Src/stm32f1xx_hal_spi.c ****        When the compilation define USE_HAL_PPP_REGISTER_CALLBACKS is set to 0 or
 130:Drivers/STM32F1xx_HAL_Driver/Src/stm32f1xx_hal_spi.c ****        not defined, the callback registering feature is not available
 131:Drivers/STM32F1xx_HAL_Driver/Src/stm32f1xx_hal_spi.c ****        and weak (surcharged) callbacks are used.
 132:Drivers/STM32F1xx_HAL_Driver/Src/stm32f1xx_hal_spi.c **** 
 133:Drivers/STM32F1xx_HAL_Driver/Src/stm32f1xx_hal_spi.c ****      [..]
 134:Drivers/STM32F1xx_HAL_Driver/Src/stm32f1xx_hal_spi.c ****        Using the HAL it is not possible to reach all supported SPI frequency with the different SPI
 135:Drivers/STM32F1xx_HAL_Driver/Src/stm32f1xx_hal_spi.c ****        the following table resume the max SPI frequency reached with data size 8bits/16bits,
 136:Drivers/STM32F1xx_HAL_Driver/Src/stm32f1xx_hal_spi.c ****          according to frequency of the APBx Peripheral Clock (fPCLK) used by the SPI instance.
 137:Drivers/STM32F1xx_HAL_Driver/Src/stm32f1xx_hal_spi.c **** 
 138:Drivers/STM32F1xx_HAL_Driver/Src/stm32f1xx_hal_spi.c ****   @endverbatim
 139:Drivers/STM32F1xx_HAL_Driver/Src/stm32f1xx_hal_spi.c **** 
 140:Drivers/STM32F1xx_HAL_Driver/Src/stm32f1xx_hal_spi.c ****   Additional table :
 141:Drivers/STM32F1xx_HAL_Driver/Src/stm32f1xx_hal_spi.c **** 
 142:Drivers/STM32F1xx_HAL_Driver/Src/stm32f1xx_hal_spi.c ****        DataSize = SPI_DATASIZE_8BIT:
 143:Drivers/STM32F1xx_HAL_Driver/Src/stm32f1xx_hal_spi.c ****        +-------------------------------------------------------------------------------------------
 144:Drivers/STM32F1xx_HAL_Driver/Src/stm32f1xx_hal_spi.c ****        |         |                | 2Lines Fullduplex   |     2Lines RxOnly    |         1Line     
 145:Drivers/STM32F1xx_HAL_Driver/Src/stm32f1xx_hal_spi.c ****        | Process | Transfer mode  |---------------------|----------------------|-------------------
 146:Drivers/STM32F1xx_HAL_Driver/Src/stm32f1xx_hal_spi.c ****        |         |                |  Master  |  Slave   |  Master   |  Slave   |  Master   |  Slave
ARM GAS  /tmp/cctmCgKp.s 			page 4


 147:Drivers/STM32F1xx_HAL_Driver/Src/stm32f1xx_hal_spi.c ****        |===========================================================================================
 148:Drivers/STM32F1xx_HAL_Driver/Src/stm32f1xx_hal_spi.c ****        |    T    |     Polling    | Fpclk/2  | Fpclk/2  |    NA     |    NA    |    NA     |   NA  
 149:Drivers/STM32F1xx_HAL_Driver/Src/stm32f1xx_hal_spi.c ****        |    X    |----------------|----------|----------|-----------|----------|-----------|-------
 150:Drivers/STM32F1xx_HAL_Driver/Src/stm32f1xx_hal_spi.c ****        |    /    |     Interrupt  | Fpclk/4  | Fpclk/8  |    NA     |    NA    |    NA     |   NA  
 151:Drivers/STM32F1xx_HAL_Driver/Src/stm32f1xx_hal_spi.c ****        |    R    |----------------|----------|----------|-----------|----------|-----------|-------
 152:Drivers/STM32F1xx_HAL_Driver/Src/stm32f1xx_hal_spi.c ****        |    X    |       DMA      | Fpclk/2  | Fpclk/2  |    NA     |    NA    |    NA     |   NA  
 153:Drivers/STM32F1xx_HAL_Driver/Src/stm32f1xx_hal_spi.c ****        |=========|================|==========|==========|===========|==========|===========|=======
 154:Drivers/STM32F1xx_HAL_Driver/Src/stm32f1xx_hal_spi.c ****        |         |     Polling    | Fpclk/2  | Fpclk/2  | Fpclk/64  | Fpclk/2  | Fpclk/64  | Fpclk/
 155:Drivers/STM32F1xx_HAL_Driver/Src/stm32f1xx_hal_spi.c ****        |         |----------------|----------|----------|-----------|----------|-----------|-------
 156:Drivers/STM32F1xx_HAL_Driver/Src/stm32f1xx_hal_spi.c ****        |    R    |     Interrupt  | Fpclk/8  | Fpclk/8  | Fpclk/64  | Fpclk/2  | Fpclk/64  | Fpclk/
 157:Drivers/STM32F1xx_HAL_Driver/Src/stm32f1xx_hal_spi.c ****        |    X    |----------------|----------|----------|-----------|----------|-----------|-------
 158:Drivers/STM32F1xx_HAL_Driver/Src/stm32f1xx_hal_spi.c ****        |         |       DMA      | Fpclk/2  | Fpclk/2  | Fpclk/64  | Fpclk/2  | Fpclk/128 | Fpclk/
 159:Drivers/STM32F1xx_HAL_Driver/Src/stm32f1xx_hal_spi.c ****        |=========|================|==========|==========|===========|==========|===========|=======
 160:Drivers/STM32F1xx_HAL_Driver/Src/stm32f1xx_hal_spi.c ****        |         |     Polling    | Fpclk/2  | Fpclk/4  |     NA    |    NA    | Fpclk/2   | Fpclk/
 161:Drivers/STM32F1xx_HAL_Driver/Src/stm32f1xx_hal_spi.c ****        |         |----------------|----------|----------|-----------|----------|-----------|-------
 162:Drivers/STM32F1xx_HAL_Driver/Src/stm32f1xx_hal_spi.c ****        |    T    |     Interrupt  | Fpclk/2  | Fpclk/4  |     NA    |    NA    | Fpclk/2   | Fpclk/
 163:Drivers/STM32F1xx_HAL_Driver/Src/stm32f1xx_hal_spi.c ****        |    X    |----------------|----------|----------|-----------|----------|-----------|-------
 164:Drivers/STM32F1xx_HAL_Driver/Src/stm32f1xx_hal_spi.c ****        |         |       DMA      | Fpclk/2  | Fpclk/2  |     NA    |    NA    | Fpclk/2   | Fpclk/
 165:Drivers/STM32F1xx_HAL_Driver/Src/stm32f1xx_hal_spi.c ****        +-------------------------------------------------------------------------------------------
 166:Drivers/STM32F1xx_HAL_Driver/Src/stm32f1xx_hal_spi.c **** 
 167:Drivers/STM32F1xx_HAL_Driver/Src/stm32f1xx_hal_spi.c ****        DataSize = SPI_DATASIZE_16BIT:
 168:Drivers/STM32F1xx_HAL_Driver/Src/stm32f1xx_hal_spi.c ****        +-------------------------------------------------------------------------------------------
 169:Drivers/STM32F1xx_HAL_Driver/Src/stm32f1xx_hal_spi.c ****        |         |                | 2Lines Fullduplex   |     2Lines RxOnly    |         1Line     
 170:Drivers/STM32F1xx_HAL_Driver/Src/stm32f1xx_hal_spi.c ****        | Process | Transfer mode  |---------------------|----------------------|-------------------
 171:Drivers/STM32F1xx_HAL_Driver/Src/stm32f1xx_hal_spi.c ****        |         |                |  Master  |  Slave   |  Master   |  Slave   |  Master   |  Slave
 172:Drivers/STM32F1xx_HAL_Driver/Src/stm32f1xx_hal_spi.c ****        |===========================================================================================
 173:Drivers/STM32F1xx_HAL_Driver/Src/stm32f1xx_hal_spi.c ****        |    T    |     Polling    | Fpclk/2  | Fpclk/2  |    NA     |    NA    |    NA     |   NA  
 174:Drivers/STM32F1xx_HAL_Driver/Src/stm32f1xx_hal_spi.c ****        |    X    |----------------|----------|----------|-----------|----------|-----------|-------
 175:Drivers/STM32F1xx_HAL_Driver/Src/stm32f1xx_hal_spi.c ****        |    /    |     Interrupt  | Fpclk/4  | Fpclk/4  |    NA     |    NA    |    NA     |   NA  
 176:Drivers/STM32F1xx_HAL_Driver/Src/stm32f1xx_hal_spi.c ****        |    R    |----------------|----------|----------|-----------|----------|-----------|-------
 177:Drivers/STM32F1xx_HAL_Driver/Src/stm32f1xx_hal_spi.c ****        |    X    |       DMA      | Fpclk/2  | Fpclk/2  |    NA     |    NA    |    NA     |   NA  
 178:Drivers/STM32F1xx_HAL_Driver/Src/stm32f1xx_hal_spi.c ****        |=========|================|==========|==========|===========|==========|===========|=======
 179:Drivers/STM32F1xx_HAL_Driver/Src/stm32f1xx_hal_spi.c ****        |         |     Polling    | Fpclk/2  | Fpclk/2  | Fpclk/64  | Fpclk/2  | Fpclk/32  | Fpclk/
 180:Drivers/STM32F1xx_HAL_Driver/Src/stm32f1xx_hal_spi.c ****        |         |----------------|----------|----------|-----------|----------|-----------|-------
 181:Drivers/STM32F1xx_HAL_Driver/Src/stm32f1xx_hal_spi.c ****        |    R    |     Interrupt  | Fpclk/4  | Fpclk/4  | Fpclk/64  | Fpclk/2  | Fpclk/64  | Fpclk/
 182:Drivers/STM32F1xx_HAL_Driver/Src/stm32f1xx_hal_spi.c ****        |    X    |----------------|----------|----------|-----------|----------|-----------|-------
 183:Drivers/STM32F1xx_HAL_Driver/Src/stm32f1xx_hal_spi.c ****        |         |       DMA      | Fpclk/2  | Fpclk/2  | Fpclk/64  | Fpclk/2  | Fpclk/128 | Fpclk/
 184:Drivers/STM32F1xx_HAL_Driver/Src/stm32f1xx_hal_spi.c ****        |=========|================|==========|==========|===========|==========|===========|=======
 185:Drivers/STM32F1xx_HAL_Driver/Src/stm32f1xx_hal_spi.c ****        |         |     Polling    | Fpclk/2  | Fpclk/2  |     NA    |    NA    | Fpclk/2   | Fpclk/
 186:Drivers/STM32F1xx_HAL_Driver/Src/stm32f1xx_hal_spi.c ****        |         |----------------|----------|----------|-----------|----------|-----------|-------
 187:Drivers/STM32F1xx_HAL_Driver/Src/stm32f1xx_hal_spi.c ****        |    T    |     Interrupt  | Fpclk/2  | Fpclk/2  |     NA    |    NA    | Fpclk/2   | Fpclk/
 188:Drivers/STM32F1xx_HAL_Driver/Src/stm32f1xx_hal_spi.c ****        |    X    |----------------|----------|----------|-----------|----------|-----------|-------
 189:Drivers/STM32F1xx_HAL_Driver/Src/stm32f1xx_hal_spi.c ****        |         |       DMA      | Fpclk/2  | Fpclk/2  |     NA    |    NA    | Fpclk/2   | Fpclk/
 190:Drivers/STM32F1xx_HAL_Driver/Src/stm32f1xx_hal_spi.c ****        +-------------------------------------------------------------------------------------------
 191:Drivers/STM32F1xx_HAL_Driver/Src/stm32f1xx_hal_spi.c ****        @note The max SPI frequency depend on SPI data size (8bits, 16bits),
 192:Drivers/STM32F1xx_HAL_Driver/Src/stm32f1xx_hal_spi.c ****              SPI mode(2 Lines fullduplex, 2 lines RxOnly, 1 line TX/RX) and Process mode (Polling, 
 193:Drivers/STM32F1xx_HAL_Driver/Src/stm32f1xx_hal_spi.c ****        @note
 194:Drivers/STM32F1xx_HAL_Driver/Src/stm32f1xx_hal_spi.c ****             (#) TX/RX processes are HAL_SPI_TransmitReceive(), HAL_SPI_TransmitReceive_IT() and
 195:Drivers/STM32F1xx_HAL_Driver/Src/stm32f1xx_hal_spi.c ****                 HAL_SPI_TransmitReceive_DMA()
 196:Drivers/STM32F1xx_HAL_Driver/Src/stm32f1xx_hal_spi.c ****             (#) RX processes are HAL_SPI_Receive(), HAL_SPI_Receive_IT() and HAL_SPI_Receive_DMA()
 197:Drivers/STM32F1xx_HAL_Driver/Src/stm32f1xx_hal_spi.c ****             (#) TX processes are HAL_SPI_Transmit(), HAL_SPI_Transmit_IT() and HAL_SPI_Transmit_DMA
 198:Drivers/STM32F1xx_HAL_Driver/Src/stm32f1xx_hal_spi.c **** 
 199:Drivers/STM32F1xx_HAL_Driver/Src/stm32f1xx_hal_spi.c ****   */
 200:Drivers/STM32F1xx_HAL_Driver/Src/stm32f1xx_hal_spi.c **** 
 201:Drivers/STM32F1xx_HAL_Driver/Src/stm32f1xx_hal_spi.c **** /* Includes ------------------------------------------------------------------*/
 202:Drivers/STM32F1xx_HAL_Driver/Src/stm32f1xx_hal_spi.c **** #include "stm32f1xx_hal.h"
 203:Drivers/STM32F1xx_HAL_Driver/Src/stm32f1xx_hal_spi.c **** 
ARM GAS  /tmp/cctmCgKp.s 			page 5


 204:Drivers/STM32F1xx_HAL_Driver/Src/stm32f1xx_hal_spi.c **** /** @addtogroup STM32F1xx_HAL_Driver
 205:Drivers/STM32F1xx_HAL_Driver/Src/stm32f1xx_hal_spi.c ****   * @{
 206:Drivers/STM32F1xx_HAL_Driver/Src/stm32f1xx_hal_spi.c ****   */
 207:Drivers/STM32F1xx_HAL_Driver/Src/stm32f1xx_hal_spi.c **** 
 208:Drivers/STM32F1xx_HAL_Driver/Src/stm32f1xx_hal_spi.c **** /** @defgroup SPI SPI
 209:Drivers/STM32F1xx_HAL_Driver/Src/stm32f1xx_hal_spi.c ****   * @brief SPI HAL module driver
 210:Drivers/STM32F1xx_HAL_Driver/Src/stm32f1xx_hal_spi.c ****   * @{
 211:Drivers/STM32F1xx_HAL_Driver/Src/stm32f1xx_hal_spi.c ****   */
 212:Drivers/STM32F1xx_HAL_Driver/Src/stm32f1xx_hal_spi.c **** #ifdef HAL_SPI_MODULE_ENABLED
 213:Drivers/STM32F1xx_HAL_Driver/Src/stm32f1xx_hal_spi.c **** 
 214:Drivers/STM32F1xx_HAL_Driver/Src/stm32f1xx_hal_spi.c **** /* Private typedef -----------------------------------------------------------*/
 215:Drivers/STM32F1xx_HAL_Driver/Src/stm32f1xx_hal_spi.c **** /* Private defines -----------------------------------------------------------*/
 216:Drivers/STM32F1xx_HAL_Driver/Src/stm32f1xx_hal_spi.c **** #if (USE_SPI_CRC != 0U) && defined(SPI_CRC_ERROR_WORKAROUND_FEATURE)
 217:Drivers/STM32F1xx_HAL_Driver/Src/stm32f1xx_hal_spi.c **** /* CRC WORKAROUND FEATURE: Variable used to determine if device is impacted by implementation
 218:Drivers/STM32F1xx_HAL_Driver/Src/stm32f1xx_hal_spi.c ****  * of workaround related to wrong CRC errors detection on SPI2. Conditions in which this workaround
 219:Drivers/STM32F1xx_HAL_Driver/Src/stm32f1xx_hal_spi.c ****  * has to be applied, are:
 220:Drivers/STM32F1xx_HAL_Driver/Src/stm32f1xx_hal_spi.c ****  *  - STM32F101CDE/STM32F103CDE
 221:Drivers/STM32F1xx_HAL_Driver/Src/stm32f1xx_hal_spi.c ****  *  - Revision ID : Z
 222:Drivers/STM32F1xx_HAL_Driver/Src/stm32f1xx_hal_spi.c ****  *  - SPI2
 223:Drivers/STM32F1xx_HAL_Driver/Src/stm32f1xx_hal_spi.c ****  *  - In receive only mode, with CRC calculation enabled, at the end of the CRC reception,
 224:Drivers/STM32F1xx_HAL_Driver/Src/stm32f1xx_hal_spi.c ****  *     the software needs to check the CRCERR flag. If it is found set, read back the SPI_RXCRC:
 225:Drivers/STM32F1xx_HAL_Driver/Src/stm32f1xx_hal_spi.c ****  *       + If the value is 0, the complete data transfer is successful.
 226:Drivers/STM32F1xx_HAL_Driver/Src/stm32f1xx_hal_spi.c ****  *       + Otherwise, one or more errors have been detected during the data transfer by CPU or DMA.
 227:Drivers/STM32F1xx_HAL_Driver/Src/stm32f1xx_hal_spi.c ****  *    If CRCERR is found reset, the complete data transfer is considered successful.
 228:Drivers/STM32F1xx_HAL_Driver/Src/stm32f1xx_hal_spi.c ****  *
 229:Drivers/STM32F1xx_HAL_Driver/Src/stm32f1xx_hal_spi.c ****  * Check RevisionID value for identifying if Device is Rev Z (0x0001) in order to enable workaround
 230:Drivers/STM32F1xx_HAL_Driver/Src/stm32f1xx_hal_spi.c ****  * CRC errors wrongly detected
 231:Drivers/STM32F1xx_HAL_Driver/Src/stm32f1xx_hal_spi.c ****  */
 232:Drivers/STM32F1xx_HAL_Driver/Src/stm32f1xx_hal_spi.c **** /* Pb is that ES_STM32F10xxCDE also identify an issue in Debug registers access while not in Debug 
 233:Drivers/STM32F1xx_HAL_Driver/Src/stm32f1xx_hal_spi.c ****  * Revision ID information is only available in Debug mode, so Workaround could not be implemented
 234:Drivers/STM32F1xx_HAL_Driver/Src/stm32f1xx_hal_spi.c ****  * to distinguish Rev Z devices (issue present) from more recent version (issue fixed).
 235:Drivers/STM32F1xx_HAL_Driver/Src/stm32f1xx_hal_spi.c ****  * So, in case of Revision Z F101 or F103 devices, below define should be assigned to 1.
 236:Drivers/STM32F1xx_HAL_Driver/Src/stm32f1xx_hal_spi.c ****  */
 237:Drivers/STM32F1xx_HAL_Driver/Src/stm32f1xx_hal_spi.c **** #define  USE_SPI_CRC_ERROR_WORKAROUND   0U
 238:Drivers/STM32F1xx_HAL_Driver/Src/stm32f1xx_hal_spi.c **** #endif /* USE_SPI_CRC */
 239:Drivers/STM32F1xx_HAL_Driver/Src/stm32f1xx_hal_spi.c **** /** @defgroup SPI_Private_Constants SPI Private Constants
 240:Drivers/STM32F1xx_HAL_Driver/Src/stm32f1xx_hal_spi.c ****   * @{
 241:Drivers/STM32F1xx_HAL_Driver/Src/stm32f1xx_hal_spi.c ****   */
 242:Drivers/STM32F1xx_HAL_Driver/Src/stm32f1xx_hal_spi.c **** #define SPI_DEFAULT_TIMEOUT 100U
 243:Drivers/STM32F1xx_HAL_Driver/Src/stm32f1xx_hal_spi.c **** /**
 244:Drivers/STM32F1xx_HAL_Driver/Src/stm32f1xx_hal_spi.c ****   * @}
 245:Drivers/STM32F1xx_HAL_Driver/Src/stm32f1xx_hal_spi.c ****   */
 246:Drivers/STM32F1xx_HAL_Driver/Src/stm32f1xx_hal_spi.c **** 
 247:Drivers/STM32F1xx_HAL_Driver/Src/stm32f1xx_hal_spi.c **** /* Private macros ------------------------------------------------------------*/
 248:Drivers/STM32F1xx_HAL_Driver/Src/stm32f1xx_hal_spi.c **** /* Private variables ---------------------------------------------------------*/
 249:Drivers/STM32F1xx_HAL_Driver/Src/stm32f1xx_hal_spi.c **** /* Private function prototypes -----------------------------------------------*/
 250:Drivers/STM32F1xx_HAL_Driver/Src/stm32f1xx_hal_spi.c **** /** @defgroup SPI_Private_Functions SPI Private Functions
 251:Drivers/STM32F1xx_HAL_Driver/Src/stm32f1xx_hal_spi.c ****   * @{
 252:Drivers/STM32F1xx_HAL_Driver/Src/stm32f1xx_hal_spi.c ****   */
 253:Drivers/STM32F1xx_HAL_Driver/Src/stm32f1xx_hal_spi.c **** static void SPI_DMATransmitCplt(DMA_HandleTypeDef *hdma);
 254:Drivers/STM32F1xx_HAL_Driver/Src/stm32f1xx_hal_spi.c **** static void SPI_DMAReceiveCplt(DMA_HandleTypeDef *hdma);
 255:Drivers/STM32F1xx_HAL_Driver/Src/stm32f1xx_hal_spi.c **** static void SPI_DMATransmitReceiveCplt(DMA_HandleTypeDef *hdma);
 256:Drivers/STM32F1xx_HAL_Driver/Src/stm32f1xx_hal_spi.c **** static void SPI_DMAHalfTransmitCplt(DMA_HandleTypeDef *hdma);
 257:Drivers/STM32F1xx_HAL_Driver/Src/stm32f1xx_hal_spi.c **** static void SPI_DMAHalfReceiveCplt(DMA_HandleTypeDef *hdma);
 258:Drivers/STM32F1xx_HAL_Driver/Src/stm32f1xx_hal_spi.c **** static void SPI_DMAHalfTransmitReceiveCplt(DMA_HandleTypeDef *hdma);
 259:Drivers/STM32F1xx_HAL_Driver/Src/stm32f1xx_hal_spi.c **** static void SPI_DMAError(DMA_HandleTypeDef *hdma);
 260:Drivers/STM32F1xx_HAL_Driver/Src/stm32f1xx_hal_spi.c **** static void SPI_DMAAbortOnError(DMA_HandleTypeDef *hdma);
ARM GAS  /tmp/cctmCgKp.s 			page 6


 261:Drivers/STM32F1xx_HAL_Driver/Src/stm32f1xx_hal_spi.c **** static void SPI_DMATxAbortCallback(DMA_HandleTypeDef *hdma);
 262:Drivers/STM32F1xx_HAL_Driver/Src/stm32f1xx_hal_spi.c **** static void SPI_DMARxAbortCallback(DMA_HandleTypeDef *hdma);
 263:Drivers/STM32F1xx_HAL_Driver/Src/stm32f1xx_hal_spi.c **** static HAL_StatusTypeDef SPI_WaitFlagStateUntilTimeout(SPI_HandleTypeDef *hspi, uint32_t Flag, Flag
 264:Drivers/STM32F1xx_HAL_Driver/Src/stm32f1xx_hal_spi.c ****                                                        uint32_t Timeout, uint32_t Tickstart);
 265:Drivers/STM32F1xx_HAL_Driver/Src/stm32f1xx_hal_spi.c **** static void SPI_TxISR_8BIT(struct __SPI_HandleTypeDef *hspi);
 266:Drivers/STM32F1xx_HAL_Driver/Src/stm32f1xx_hal_spi.c **** static void SPI_TxISR_16BIT(struct __SPI_HandleTypeDef *hspi);
 267:Drivers/STM32F1xx_HAL_Driver/Src/stm32f1xx_hal_spi.c **** static void SPI_RxISR_8BIT(struct __SPI_HandleTypeDef *hspi);
 268:Drivers/STM32F1xx_HAL_Driver/Src/stm32f1xx_hal_spi.c **** static void SPI_RxISR_16BIT(struct __SPI_HandleTypeDef *hspi);
 269:Drivers/STM32F1xx_HAL_Driver/Src/stm32f1xx_hal_spi.c **** static void SPI_2linesRxISR_8BIT(struct __SPI_HandleTypeDef *hspi);
 270:Drivers/STM32F1xx_HAL_Driver/Src/stm32f1xx_hal_spi.c **** static void SPI_2linesTxISR_8BIT(struct __SPI_HandleTypeDef *hspi);
 271:Drivers/STM32F1xx_HAL_Driver/Src/stm32f1xx_hal_spi.c **** static void SPI_2linesTxISR_16BIT(struct __SPI_HandleTypeDef *hspi);
 272:Drivers/STM32F1xx_HAL_Driver/Src/stm32f1xx_hal_spi.c **** static void SPI_2linesRxISR_16BIT(struct __SPI_HandleTypeDef *hspi);
 273:Drivers/STM32F1xx_HAL_Driver/Src/stm32f1xx_hal_spi.c **** #if (USE_SPI_CRC != 0U)
 274:Drivers/STM32F1xx_HAL_Driver/Src/stm32f1xx_hal_spi.c **** static void SPI_RxISR_8BITCRC(struct __SPI_HandleTypeDef *hspi);
 275:Drivers/STM32F1xx_HAL_Driver/Src/stm32f1xx_hal_spi.c **** static void SPI_RxISR_16BITCRC(struct __SPI_HandleTypeDef *hspi);
 276:Drivers/STM32F1xx_HAL_Driver/Src/stm32f1xx_hal_spi.c **** static void SPI_2linesRxISR_8BITCRC(struct __SPI_HandleTypeDef *hspi);
 277:Drivers/STM32F1xx_HAL_Driver/Src/stm32f1xx_hal_spi.c **** static void SPI_2linesRxISR_16BITCRC(struct __SPI_HandleTypeDef *hspi);
 278:Drivers/STM32F1xx_HAL_Driver/Src/stm32f1xx_hal_spi.c **** #endif /* USE_SPI_CRC */
 279:Drivers/STM32F1xx_HAL_Driver/Src/stm32f1xx_hal_spi.c **** static void SPI_AbortRx_ISR(SPI_HandleTypeDef *hspi);
 280:Drivers/STM32F1xx_HAL_Driver/Src/stm32f1xx_hal_spi.c **** static void SPI_AbortTx_ISR(SPI_HandleTypeDef *hspi);
 281:Drivers/STM32F1xx_HAL_Driver/Src/stm32f1xx_hal_spi.c **** static void SPI_CloseRxTx_ISR(SPI_HandleTypeDef *hspi);
 282:Drivers/STM32F1xx_HAL_Driver/Src/stm32f1xx_hal_spi.c **** static void SPI_CloseRx_ISR(SPI_HandleTypeDef *hspi);
 283:Drivers/STM32F1xx_HAL_Driver/Src/stm32f1xx_hal_spi.c **** static void SPI_CloseTx_ISR(SPI_HandleTypeDef *hspi);
 284:Drivers/STM32F1xx_HAL_Driver/Src/stm32f1xx_hal_spi.c **** static HAL_StatusTypeDef SPI_EndRxTransaction(SPI_HandleTypeDef *hspi, uint32_t Timeout, uint32_t T
 285:Drivers/STM32F1xx_HAL_Driver/Src/stm32f1xx_hal_spi.c **** static HAL_StatusTypeDef SPI_EndRxTxTransaction(SPI_HandleTypeDef *hspi, uint32_t Timeout, uint32_t
 286:Drivers/STM32F1xx_HAL_Driver/Src/stm32f1xx_hal_spi.c **** /**
 287:Drivers/STM32F1xx_HAL_Driver/Src/stm32f1xx_hal_spi.c ****   * @}
 288:Drivers/STM32F1xx_HAL_Driver/Src/stm32f1xx_hal_spi.c ****   */
 289:Drivers/STM32F1xx_HAL_Driver/Src/stm32f1xx_hal_spi.c **** 
 290:Drivers/STM32F1xx_HAL_Driver/Src/stm32f1xx_hal_spi.c **** /* Exported functions --------------------------------------------------------*/
 291:Drivers/STM32F1xx_HAL_Driver/Src/stm32f1xx_hal_spi.c **** /** @defgroup SPI_Exported_Functions SPI Exported Functions
 292:Drivers/STM32F1xx_HAL_Driver/Src/stm32f1xx_hal_spi.c ****   * @{
 293:Drivers/STM32F1xx_HAL_Driver/Src/stm32f1xx_hal_spi.c ****   */
 294:Drivers/STM32F1xx_HAL_Driver/Src/stm32f1xx_hal_spi.c **** 
 295:Drivers/STM32F1xx_HAL_Driver/Src/stm32f1xx_hal_spi.c **** /** @defgroup SPI_Exported_Functions_Group1 Initialization and de-initialization functions
 296:Drivers/STM32F1xx_HAL_Driver/Src/stm32f1xx_hal_spi.c ****   *  @brief    Initialization and Configuration functions
 297:Drivers/STM32F1xx_HAL_Driver/Src/stm32f1xx_hal_spi.c ****   *
 298:Drivers/STM32F1xx_HAL_Driver/Src/stm32f1xx_hal_spi.c **** @verbatim
 299:Drivers/STM32F1xx_HAL_Driver/Src/stm32f1xx_hal_spi.c ****  ===============================================================================
 300:Drivers/STM32F1xx_HAL_Driver/Src/stm32f1xx_hal_spi.c ****               ##### Initialization and de-initialization functions #####
 301:Drivers/STM32F1xx_HAL_Driver/Src/stm32f1xx_hal_spi.c ****  ===============================================================================
 302:Drivers/STM32F1xx_HAL_Driver/Src/stm32f1xx_hal_spi.c ****     [..]  This subsection provides a set of functions allowing to initialize and
 303:Drivers/STM32F1xx_HAL_Driver/Src/stm32f1xx_hal_spi.c ****           de-initialize the SPIx peripheral:
 304:Drivers/STM32F1xx_HAL_Driver/Src/stm32f1xx_hal_spi.c **** 
 305:Drivers/STM32F1xx_HAL_Driver/Src/stm32f1xx_hal_spi.c ****       (+) User must implement HAL_SPI_MspInit() function in which he configures
 306:Drivers/STM32F1xx_HAL_Driver/Src/stm32f1xx_hal_spi.c ****           all related peripherals resources (CLOCK, GPIO, DMA, IT and NVIC ).
 307:Drivers/STM32F1xx_HAL_Driver/Src/stm32f1xx_hal_spi.c **** 
 308:Drivers/STM32F1xx_HAL_Driver/Src/stm32f1xx_hal_spi.c ****       (+) Call the function HAL_SPI_Init() to configure the selected device with
 309:Drivers/STM32F1xx_HAL_Driver/Src/stm32f1xx_hal_spi.c ****           the selected configuration:
 310:Drivers/STM32F1xx_HAL_Driver/Src/stm32f1xx_hal_spi.c ****         (++) Mode
 311:Drivers/STM32F1xx_HAL_Driver/Src/stm32f1xx_hal_spi.c ****         (++) Direction
 312:Drivers/STM32F1xx_HAL_Driver/Src/stm32f1xx_hal_spi.c ****         (++) Data Size
 313:Drivers/STM32F1xx_HAL_Driver/Src/stm32f1xx_hal_spi.c ****         (++) Clock Polarity and Phase
 314:Drivers/STM32F1xx_HAL_Driver/Src/stm32f1xx_hal_spi.c ****         (++) NSS Management
 315:Drivers/STM32F1xx_HAL_Driver/Src/stm32f1xx_hal_spi.c ****         (++) BaudRate Prescaler
 316:Drivers/STM32F1xx_HAL_Driver/Src/stm32f1xx_hal_spi.c ****         (++) FirstBit
 317:Drivers/STM32F1xx_HAL_Driver/Src/stm32f1xx_hal_spi.c ****         (++) TIMode
ARM GAS  /tmp/cctmCgKp.s 			page 7


 318:Drivers/STM32F1xx_HAL_Driver/Src/stm32f1xx_hal_spi.c ****         (++) CRC Calculation
 319:Drivers/STM32F1xx_HAL_Driver/Src/stm32f1xx_hal_spi.c ****         (++) CRC Polynomial if CRC enabled
 320:Drivers/STM32F1xx_HAL_Driver/Src/stm32f1xx_hal_spi.c **** 
 321:Drivers/STM32F1xx_HAL_Driver/Src/stm32f1xx_hal_spi.c ****       (+) Call the function HAL_SPI_DeInit() to restore the default configuration
 322:Drivers/STM32F1xx_HAL_Driver/Src/stm32f1xx_hal_spi.c ****           of the selected SPIx peripheral.
 323:Drivers/STM32F1xx_HAL_Driver/Src/stm32f1xx_hal_spi.c **** 
 324:Drivers/STM32F1xx_HAL_Driver/Src/stm32f1xx_hal_spi.c **** @endverbatim
 325:Drivers/STM32F1xx_HAL_Driver/Src/stm32f1xx_hal_spi.c ****   * @{
 326:Drivers/STM32F1xx_HAL_Driver/Src/stm32f1xx_hal_spi.c ****   */
 327:Drivers/STM32F1xx_HAL_Driver/Src/stm32f1xx_hal_spi.c **** 
 328:Drivers/STM32F1xx_HAL_Driver/Src/stm32f1xx_hal_spi.c **** /**
 329:Drivers/STM32F1xx_HAL_Driver/Src/stm32f1xx_hal_spi.c ****   * @brief  Initialize the SPI according to the specified parameters
 330:Drivers/STM32F1xx_HAL_Driver/Src/stm32f1xx_hal_spi.c ****   *         in the SPI_InitTypeDef and initialize the associated handle.
 331:Drivers/STM32F1xx_HAL_Driver/Src/stm32f1xx_hal_spi.c ****   * @param  hspi pointer to a SPI_HandleTypeDef structure that contains
 332:Drivers/STM32F1xx_HAL_Driver/Src/stm32f1xx_hal_spi.c ****   *               the configuration information for SPI module.
 333:Drivers/STM32F1xx_HAL_Driver/Src/stm32f1xx_hal_spi.c ****   * @retval HAL status
 334:Drivers/STM32F1xx_HAL_Driver/Src/stm32f1xx_hal_spi.c ****   */
 335:Drivers/STM32F1xx_HAL_Driver/Src/stm32f1xx_hal_spi.c **** HAL_StatusTypeDef HAL_SPI_Init(SPI_HandleTypeDef *hspi)
 336:Drivers/STM32F1xx_HAL_Driver/Src/stm32f1xx_hal_spi.c **** {
 337:Drivers/STM32F1xx_HAL_Driver/Src/stm32f1xx_hal_spi.c ****   /* Check the SPI handle allocation */
 338:Drivers/STM32F1xx_HAL_Driver/Src/stm32f1xx_hal_spi.c ****   if (hspi == NULL)
 339:Drivers/STM32F1xx_HAL_Driver/Src/stm32f1xx_hal_spi.c ****   {
 340:Drivers/STM32F1xx_HAL_Driver/Src/stm32f1xx_hal_spi.c ****     return HAL_ERROR;
 341:Drivers/STM32F1xx_HAL_Driver/Src/stm32f1xx_hal_spi.c ****   }
 342:Drivers/STM32F1xx_HAL_Driver/Src/stm32f1xx_hal_spi.c **** 
 343:Drivers/STM32F1xx_HAL_Driver/Src/stm32f1xx_hal_spi.c ****   /* Check the parameters */
 344:Drivers/STM32F1xx_HAL_Driver/Src/stm32f1xx_hal_spi.c ****   assert_param(IS_SPI_ALL_INSTANCE(hspi->Instance));
 345:Drivers/STM32F1xx_HAL_Driver/Src/stm32f1xx_hal_spi.c ****   assert_param(IS_SPI_MODE(hspi->Init.Mode));
 346:Drivers/STM32F1xx_HAL_Driver/Src/stm32f1xx_hal_spi.c ****   assert_param(IS_SPI_DIRECTION(hspi->Init.Direction));
 347:Drivers/STM32F1xx_HAL_Driver/Src/stm32f1xx_hal_spi.c ****   assert_param(IS_SPI_DATASIZE(hspi->Init.DataSize));
 348:Drivers/STM32F1xx_HAL_Driver/Src/stm32f1xx_hal_spi.c ****   assert_param(IS_SPI_NSS(hspi->Init.NSS));
 349:Drivers/STM32F1xx_HAL_Driver/Src/stm32f1xx_hal_spi.c ****   assert_param(IS_SPI_BAUDRATE_PRESCALER(hspi->Init.BaudRatePrescaler));
 350:Drivers/STM32F1xx_HAL_Driver/Src/stm32f1xx_hal_spi.c ****   assert_param(IS_SPI_FIRST_BIT(hspi->Init.FirstBit));
 351:Drivers/STM32F1xx_HAL_Driver/Src/stm32f1xx_hal_spi.c ****   /* TI mode is not supported on this device.
 352:Drivers/STM32F1xx_HAL_Driver/Src/stm32f1xx_hal_spi.c ****      TIMode parameter is mandatory equal to SPI_TIMODE_DISABLE */
 353:Drivers/STM32F1xx_HAL_Driver/Src/stm32f1xx_hal_spi.c ****   assert_param(IS_SPI_TIMODE(hspi->Init.TIMode));
 354:Drivers/STM32F1xx_HAL_Driver/Src/stm32f1xx_hal_spi.c ****   if (hspi->Init.TIMode == SPI_TIMODE_DISABLE)
 355:Drivers/STM32F1xx_HAL_Driver/Src/stm32f1xx_hal_spi.c ****   {
 356:Drivers/STM32F1xx_HAL_Driver/Src/stm32f1xx_hal_spi.c ****     assert_param(IS_SPI_CPOL(hspi->Init.CLKPolarity));
 357:Drivers/STM32F1xx_HAL_Driver/Src/stm32f1xx_hal_spi.c ****     assert_param(IS_SPI_CPHA(hspi->Init.CLKPhase));
 358:Drivers/STM32F1xx_HAL_Driver/Src/stm32f1xx_hal_spi.c **** 
 359:Drivers/STM32F1xx_HAL_Driver/Src/stm32f1xx_hal_spi.c ****     if (hspi->Init.Mode == SPI_MODE_MASTER)
 360:Drivers/STM32F1xx_HAL_Driver/Src/stm32f1xx_hal_spi.c ****     {
 361:Drivers/STM32F1xx_HAL_Driver/Src/stm32f1xx_hal_spi.c ****       assert_param(IS_SPI_BAUDRATE_PRESCALER(hspi->Init.BaudRatePrescaler));
 362:Drivers/STM32F1xx_HAL_Driver/Src/stm32f1xx_hal_spi.c ****     }
 363:Drivers/STM32F1xx_HAL_Driver/Src/stm32f1xx_hal_spi.c ****     else
 364:Drivers/STM32F1xx_HAL_Driver/Src/stm32f1xx_hal_spi.c ****     {
 365:Drivers/STM32F1xx_HAL_Driver/Src/stm32f1xx_hal_spi.c ****       /* Baudrate prescaler not use in Motoraola Slave mode. force to default value */
 366:Drivers/STM32F1xx_HAL_Driver/Src/stm32f1xx_hal_spi.c ****       hspi->Init.BaudRatePrescaler = SPI_BAUDRATEPRESCALER_2;
 367:Drivers/STM32F1xx_HAL_Driver/Src/stm32f1xx_hal_spi.c ****     }
 368:Drivers/STM32F1xx_HAL_Driver/Src/stm32f1xx_hal_spi.c ****   }
 369:Drivers/STM32F1xx_HAL_Driver/Src/stm32f1xx_hal_spi.c ****   else
 370:Drivers/STM32F1xx_HAL_Driver/Src/stm32f1xx_hal_spi.c ****   {
 371:Drivers/STM32F1xx_HAL_Driver/Src/stm32f1xx_hal_spi.c ****     assert_param(IS_SPI_BAUDRATE_PRESCALER(hspi->Init.BaudRatePrescaler));
 372:Drivers/STM32F1xx_HAL_Driver/Src/stm32f1xx_hal_spi.c **** 
 373:Drivers/STM32F1xx_HAL_Driver/Src/stm32f1xx_hal_spi.c ****     /* Force polarity and phase to TI protocaol requirements */
 374:Drivers/STM32F1xx_HAL_Driver/Src/stm32f1xx_hal_spi.c ****     hspi->Init.CLKPolarity = SPI_POLARITY_LOW;
ARM GAS  /tmp/cctmCgKp.s 			page 8


 375:Drivers/STM32F1xx_HAL_Driver/Src/stm32f1xx_hal_spi.c ****     hspi->Init.CLKPhase    = SPI_PHASE_1EDGE;
 376:Drivers/STM32F1xx_HAL_Driver/Src/stm32f1xx_hal_spi.c ****   }
 377:Drivers/STM32F1xx_HAL_Driver/Src/stm32f1xx_hal_spi.c **** #if (USE_SPI_CRC != 0U)
 378:Drivers/STM32F1xx_HAL_Driver/Src/stm32f1xx_hal_spi.c ****   assert_param(IS_SPI_CRC_CALCULATION(hspi->Init.CRCCalculation));
 379:Drivers/STM32F1xx_HAL_Driver/Src/stm32f1xx_hal_spi.c ****   if (hspi->Init.CRCCalculation == SPI_CRCCALCULATION_ENABLE)
 380:Drivers/STM32F1xx_HAL_Driver/Src/stm32f1xx_hal_spi.c ****   {
 381:Drivers/STM32F1xx_HAL_Driver/Src/stm32f1xx_hal_spi.c ****     assert_param(IS_SPI_CRC_POLYNOMIAL(hspi->Init.CRCPolynomial));
 382:Drivers/STM32F1xx_HAL_Driver/Src/stm32f1xx_hal_spi.c ****   }
 383:Drivers/STM32F1xx_HAL_Driver/Src/stm32f1xx_hal_spi.c **** #else
 384:Drivers/STM32F1xx_HAL_Driver/Src/stm32f1xx_hal_spi.c ****   hspi->Init.CRCCalculation = SPI_CRCCALCULATION_DISABLE;
 385:Drivers/STM32F1xx_HAL_Driver/Src/stm32f1xx_hal_spi.c **** #endif /* USE_SPI_CRC */
 386:Drivers/STM32F1xx_HAL_Driver/Src/stm32f1xx_hal_spi.c **** 
 387:Drivers/STM32F1xx_HAL_Driver/Src/stm32f1xx_hal_spi.c ****   if (hspi->State == HAL_SPI_STATE_RESET)
 388:Drivers/STM32F1xx_HAL_Driver/Src/stm32f1xx_hal_spi.c ****   {
 389:Drivers/STM32F1xx_HAL_Driver/Src/stm32f1xx_hal_spi.c ****     /* Allocate lock resource and initialize it */
 390:Drivers/STM32F1xx_HAL_Driver/Src/stm32f1xx_hal_spi.c ****     hspi->Lock = HAL_UNLOCKED;
 391:Drivers/STM32F1xx_HAL_Driver/Src/stm32f1xx_hal_spi.c **** 
 392:Drivers/STM32F1xx_HAL_Driver/Src/stm32f1xx_hal_spi.c **** #if (USE_HAL_SPI_REGISTER_CALLBACKS == 1U)
 393:Drivers/STM32F1xx_HAL_Driver/Src/stm32f1xx_hal_spi.c ****     /* Init the SPI Callback settings */
 394:Drivers/STM32F1xx_HAL_Driver/Src/stm32f1xx_hal_spi.c ****     hspi->TxCpltCallback       = HAL_SPI_TxCpltCallback;       /* Legacy weak TxCpltCallback       
 395:Drivers/STM32F1xx_HAL_Driver/Src/stm32f1xx_hal_spi.c ****     hspi->RxCpltCallback       = HAL_SPI_RxCpltCallback;       /* Legacy weak RxCpltCallback       
 396:Drivers/STM32F1xx_HAL_Driver/Src/stm32f1xx_hal_spi.c ****     hspi->TxRxCpltCallback     = HAL_SPI_TxRxCpltCallback;     /* Legacy weak TxRxCpltCallback     
 397:Drivers/STM32F1xx_HAL_Driver/Src/stm32f1xx_hal_spi.c ****     hspi->TxHalfCpltCallback   = HAL_SPI_TxHalfCpltCallback;   /* Legacy weak TxHalfCpltCallback   
 398:Drivers/STM32F1xx_HAL_Driver/Src/stm32f1xx_hal_spi.c ****     hspi->RxHalfCpltCallback   = HAL_SPI_RxHalfCpltCallback;   /* Legacy weak RxHalfCpltCallback   
 399:Drivers/STM32F1xx_HAL_Driver/Src/stm32f1xx_hal_spi.c ****     hspi->TxRxHalfCpltCallback = HAL_SPI_TxRxHalfCpltCallback; /* Legacy weak TxRxHalfCpltCallback 
 400:Drivers/STM32F1xx_HAL_Driver/Src/stm32f1xx_hal_spi.c ****     hspi->ErrorCallback        = HAL_SPI_ErrorCallback;        /* Legacy weak ErrorCallback        
 401:Drivers/STM32F1xx_HAL_Driver/Src/stm32f1xx_hal_spi.c ****     hspi->AbortCpltCallback    = HAL_SPI_AbortCpltCallback;    /* Legacy weak AbortCpltCallback    
 402:Drivers/STM32F1xx_HAL_Driver/Src/stm32f1xx_hal_spi.c **** 
 403:Drivers/STM32F1xx_HAL_Driver/Src/stm32f1xx_hal_spi.c ****     if (hspi->MspInitCallback == NULL)
 404:Drivers/STM32F1xx_HAL_Driver/Src/stm32f1xx_hal_spi.c ****     {
 405:Drivers/STM32F1xx_HAL_Driver/Src/stm32f1xx_hal_spi.c ****       hspi->MspInitCallback = HAL_SPI_MspInit; /* Legacy weak MspInit  */
 406:Drivers/STM32F1xx_HAL_Driver/Src/stm32f1xx_hal_spi.c ****     }
 407:Drivers/STM32F1xx_HAL_Driver/Src/stm32f1xx_hal_spi.c **** 
 408:Drivers/STM32F1xx_HAL_Driver/Src/stm32f1xx_hal_spi.c ****     /* Init the low level hardware : GPIO, CLOCK, NVIC... */
 409:Drivers/STM32F1xx_HAL_Driver/Src/stm32f1xx_hal_spi.c ****     hspi->MspInitCallback(hspi);
 410:Drivers/STM32F1xx_HAL_Driver/Src/stm32f1xx_hal_spi.c **** #else
 411:Drivers/STM32F1xx_HAL_Driver/Src/stm32f1xx_hal_spi.c ****     /* Init the low level hardware : GPIO, CLOCK, NVIC... */
 412:Drivers/STM32F1xx_HAL_Driver/Src/stm32f1xx_hal_spi.c ****     HAL_SPI_MspInit(hspi);
 413:Drivers/STM32F1xx_HAL_Driver/Src/stm32f1xx_hal_spi.c **** #endif /* USE_HAL_SPI_REGISTER_CALLBACKS */
 414:Drivers/STM32F1xx_HAL_Driver/Src/stm32f1xx_hal_spi.c ****   }
 415:Drivers/STM32F1xx_HAL_Driver/Src/stm32f1xx_hal_spi.c **** 
 416:Drivers/STM32F1xx_HAL_Driver/Src/stm32f1xx_hal_spi.c ****   hspi->State = HAL_SPI_STATE_BUSY;
 417:Drivers/STM32F1xx_HAL_Driver/Src/stm32f1xx_hal_spi.c **** 
 418:Drivers/STM32F1xx_HAL_Driver/Src/stm32f1xx_hal_spi.c ****   /* Disable the selected SPI peripheral */
 419:Drivers/STM32F1xx_HAL_Driver/Src/stm32f1xx_hal_spi.c ****   __HAL_SPI_DISABLE(hspi);
 420:Drivers/STM32F1xx_HAL_Driver/Src/stm32f1xx_hal_spi.c **** 
 421:Drivers/STM32F1xx_HAL_Driver/Src/stm32f1xx_hal_spi.c ****   /*----------------------- SPIx CR1 & CR2 Configuration ---------------------*/
 422:Drivers/STM32F1xx_HAL_Driver/Src/stm32f1xx_hal_spi.c ****   /* Configure : SPI Mode, Communication Mode, Data size, Clock polarity and phase, NSS management,
 423:Drivers/STM32F1xx_HAL_Driver/Src/stm32f1xx_hal_spi.c ****   Communication speed, First bit and CRC calculation state */
 424:Drivers/STM32F1xx_HAL_Driver/Src/stm32f1xx_hal_spi.c ****   WRITE_REG(hspi->Instance->CR1, ((hspi->Init.Mode & (SPI_CR1_MSTR | SPI_CR1_SSI)) |
 425:Drivers/STM32F1xx_HAL_Driver/Src/stm32f1xx_hal_spi.c ****                                   (hspi->Init.Direction & (SPI_CR1_RXONLY | SPI_CR1_BIDIMODE)) |
 426:Drivers/STM32F1xx_HAL_Driver/Src/stm32f1xx_hal_spi.c ****                                   (hspi->Init.DataSize & SPI_CR1_DFF) |
 427:Drivers/STM32F1xx_HAL_Driver/Src/stm32f1xx_hal_spi.c ****                                   (hspi->Init.CLKPolarity & SPI_CR1_CPOL) |
 428:Drivers/STM32F1xx_HAL_Driver/Src/stm32f1xx_hal_spi.c ****                                   (hspi->Init.CLKPhase & SPI_CR1_CPHA) |
 429:Drivers/STM32F1xx_HAL_Driver/Src/stm32f1xx_hal_spi.c ****                                   (hspi->Init.NSS & SPI_CR1_SSM) |
 430:Drivers/STM32F1xx_HAL_Driver/Src/stm32f1xx_hal_spi.c ****                                   (hspi->Init.BaudRatePrescaler & SPI_CR1_BR_Msk) |
 431:Drivers/STM32F1xx_HAL_Driver/Src/stm32f1xx_hal_spi.c ****                                   (hspi->Init.FirstBit  & SPI_CR1_LSBFIRST) |
ARM GAS  /tmp/cctmCgKp.s 			page 9


 432:Drivers/STM32F1xx_HAL_Driver/Src/stm32f1xx_hal_spi.c ****                                   (hspi->Init.CRCCalculation & SPI_CR1_CRCEN)));
 433:Drivers/STM32F1xx_HAL_Driver/Src/stm32f1xx_hal_spi.c **** 
 434:Drivers/STM32F1xx_HAL_Driver/Src/stm32f1xx_hal_spi.c ****   /* Configure : NSS management */
 435:Drivers/STM32F1xx_HAL_Driver/Src/stm32f1xx_hal_spi.c ****   WRITE_REG(hspi->Instance->CR2, ((hspi->Init.NSS >> 16U) & SPI_CR2_SSOE));
 436:Drivers/STM32F1xx_HAL_Driver/Src/stm32f1xx_hal_spi.c **** 
 437:Drivers/STM32F1xx_HAL_Driver/Src/stm32f1xx_hal_spi.c **** #if (USE_SPI_CRC != 0U)
 438:Drivers/STM32F1xx_HAL_Driver/Src/stm32f1xx_hal_spi.c ****   /*---------------------------- SPIx CRCPOLY Configuration ------------------*/
 439:Drivers/STM32F1xx_HAL_Driver/Src/stm32f1xx_hal_spi.c ****   /* Configure : CRC Polynomial */
 440:Drivers/STM32F1xx_HAL_Driver/Src/stm32f1xx_hal_spi.c ****   if (hspi->Init.CRCCalculation == SPI_CRCCALCULATION_ENABLE)
 441:Drivers/STM32F1xx_HAL_Driver/Src/stm32f1xx_hal_spi.c ****   {
 442:Drivers/STM32F1xx_HAL_Driver/Src/stm32f1xx_hal_spi.c ****     WRITE_REG(hspi->Instance->CRCPR, (hspi->Init.CRCPolynomial & SPI_CRCPR_CRCPOLY_Msk));
 443:Drivers/STM32F1xx_HAL_Driver/Src/stm32f1xx_hal_spi.c ****   }
 444:Drivers/STM32F1xx_HAL_Driver/Src/stm32f1xx_hal_spi.c **** #endif /* USE_SPI_CRC */
 445:Drivers/STM32F1xx_HAL_Driver/Src/stm32f1xx_hal_spi.c **** 
 446:Drivers/STM32F1xx_HAL_Driver/Src/stm32f1xx_hal_spi.c **** #if defined(SPI_I2SCFGR_I2SMOD)
 447:Drivers/STM32F1xx_HAL_Driver/Src/stm32f1xx_hal_spi.c ****   /* Activate the SPI mode (Make sure that I2SMOD bit in I2SCFGR register is reset) */
 448:Drivers/STM32F1xx_HAL_Driver/Src/stm32f1xx_hal_spi.c ****   CLEAR_BIT(hspi->Instance->I2SCFGR, SPI_I2SCFGR_I2SMOD);
 449:Drivers/STM32F1xx_HAL_Driver/Src/stm32f1xx_hal_spi.c **** #endif /* SPI_I2SCFGR_I2SMOD */
 450:Drivers/STM32F1xx_HAL_Driver/Src/stm32f1xx_hal_spi.c **** 
 451:Drivers/STM32F1xx_HAL_Driver/Src/stm32f1xx_hal_spi.c ****   hspi->ErrorCode = HAL_SPI_ERROR_NONE;
 452:Drivers/STM32F1xx_HAL_Driver/Src/stm32f1xx_hal_spi.c ****   hspi->State     = HAL_SPI_STATE_READY;
 453:Drivers/STM32F1xx_HAL_Driver/Src/stm32f1xx_hal_spi.c **** 
 454:Drivers/STM32F1xx_HAL_Driver/Src/stm32f1xx_hal_spi.c ****   return HAL_OK;
 455:Drivers/STM32F1xx_HAL_Driver/Src/stm32f1xx_hal_spi.c **** }
 456:Drivers/STM32F1xx_HAL_Driver/Src/stm32f1xx_hal_spi.c **** 
 457:Drivers/STM32F1xx_HAL_Driver/Src/stm32f1xx_hal_spi.c **** /**
 458:Drivers/STM32F1xx_HAL_Driver/Src/stm32f1xx_hal_spi.c ****   * @brief  De-Initialize the SPI peripheral.
 459:Drivers/STM32F1xx_HAL_Driver/Src/stm32f1xx_hal_spi.c ****   * @param  hspi pointer to a SPI_HandleTypeDef structure that contains
 460:Drivers/STM32F1xx_HAL_Driver/Src/stm32f1xx_hal_spi.c ****   *               the configuration information for SPI module.
 461:Drivers/STM32F1xx_HAL_Driver/Src/stm32f1xx_hal_spi.c ****   * @retval HAL status
 462:Drivers/STM32F1xx_HAL_Driver/Src/stm32f1xx_hal_spi.c ****   */
 463:Drivers/STM32F1xx_HAL_Driver/Src/stm32f1xx_hal_spi.c **** HAL_StatusTypeDef HAL_SPI_DeInit(SPI_HandleTypeDef *hspi)
 464:Drivers/STM32F1xx_HAL_Driver/Src/stm32f1xx_hal_spi.c **** {
 465:Drivers/STM32F1xx_HAL_Driver/Src/stm32f1xx_hal_spi.c ****   /* Check the SPI handle allocation */
 466:Drivers/STM32F1xx_HAL_Driver/Src/stm32f1xx_hal_spi.c ****   if (hspi == NULL)
 467:Drivers/STM32F1xx_HAL_Driver/Src/stm32f1xx_hal_spi.c ****   {
 468:Drivers/STM32F1xx_HAL_Driver/Src/stm32f1xx_hal_spi.c ****     return HAL_ERROR;
 469:Drivers/STM32F1xx_HAL_Driver/Src/stm32f1xx_hal_spi.c ****   }
 470:Drivers/STM32F1xx_HAL_Driver/Src/stm32f1xx_hal_spi.c **** 
 471:Drivers/STM32F1xx_HAL_Driver/Src/stm32f1xx_hal_spi.c ****   /* Check SPI Instance parameter */
 472:Drivers/STM32F1xx_HAL_Driver/Src/stm32f1xx_hal_spi.c ****   assert_param(IS_SPI_ALL_INSTANCE(hspi->Instance));
 473:Drivers/STM32F1xx_HAL_Driver/Src/stm32f1xx_hal_spi.c **** 
 474:Drivers/STM32F1xx_HAL_Driver/Src/stm32f1xx_hal_spi.c ****   hspi->State = HAL_SPI_STATE_BUSY;
 475:Drivers/STM32F1xx_HAL_Driver/Src/stm32f1xx_hal_spi.c **** 
 476:Drivers/STM32F1xx_HAL_Driver/Src/stm32f1xx_hal_spi.c ****   /* Disable the SPI Peripheral Clock */
 477:Drivers/STM32F1xx_HAL_Driver/Src/stm32f1xx_hal_spi.c ****   __HAL_SPI_DISABLE(hspi);
 478:Drivers/STM32F1xx_HAL_Driver/Src/stm32f1xx_hal_spi.c **** 
 479:Drivers/STM32F1xx_HAL_Driver/Src/stm32f1xx_hal_spi.c **** #if (USE_HAL_SPI_REGISTER_CALLBACKS == 1U)
 480:Drivers/STM32F1xx_HAL_Driver/Src/stm32f1xx_hal_spi.c ****   if (hspi->MspDeInitCallback == NULL)
 481:Drivers/STM32F1xx_HAL_Driver/Src/stm32f1xx_hal_spi.c ****   {
 482:Drivers/STM32F1xx_HAL_Driver/Src/stm32f1xx_hal_spi.c ****     hspi->MspDeInitCallback = HAL_SPI_MspDeInit; /* Legacy weak MspDeInit  */
 483:Drivers/STM32F1xx_HAL_Driver/Src/stm32f1xx_hal_spi.c ****   }
 484:Drivers/STM32F1xx_HAL_Driver/Src/stm32f1xx_hal_spi.c **** 
 485:Drivers/STM32F1xx_HAL_Driver/Src/stm32f1xx_hal_spi.c ****   /* DeInit the low level hardware: GPIO, CLOCK, NVIC... */
 486:Drivers/STM32F1xx_HAL_Driver/Src/stm32f1xx_hal_spi.c ****   hspi->MspDeInitCallback(hspi);
 487:Drivers/STM32F1xx_HAL_Driver/Src/stm32f1xx_hal_spi.c **** #else
 488:Drivers/STM32F1xx_HAL_Driver/Src/stm32f1xx_hal_spi.c ****   /* DeInit the low level hardware: GPIO, CLOCK, NVIC... */
ARM GAS  /tmp/cctmCgKp.s 			page 10


 489:Drivers/STM32F1xx_HAL_Driver/Src/stm32f1xx_hal_spi.c ****   HAL_SPI_MspDeInit(hspi);
 490:Drivers/STM32F1xx_HAL_Driver/Src/stm32f1xx_hal_spi.c **** #endif /* USE_HAL_SPI_REGISTER_CALLBACKS */
 491:Drivers/STM32F1xx_HAL_Driver/Src/stm32f1xx_hal_spi.c **** 
 492:Drivers/STM32F1xx_HAL_Driver/Src/stm32f1xx_hal_spi.c ****   hspi->ErrorCode = HAL_SPI_ERROR_NONE;
 493:Drivers/STM32F1xx_HAL_Driver/Src/stm32f1xx_hal_spi.c ****   hspi->State = HAL_SPI_STATE_RESET;
 494:Drivers/STM32F1xx_HAL_Driver/Src/stm32f1xx_hal_spi.c **** 
 495:Drivers/STM32F1xx_HAL_Driver/Src/stm32f1xx_hal_spi.c ****   /* Release Lock */
 496:Drivers/STM32F1xx_HAL_Driver/Src/stm32f1xx_hal_spi.c ****   __HAL_UNLOCK(hspi);
 497:Drivers/STM32F1xx_HAL_Driver/Src/stm32f1xx_hal_spi.c **** 
 498:Drivers/STM32F1xx_HAL_Driver/Src/stm32f1xx_hal_spi.c ****   return HAL_OK;
 499:Drivers/STM32F1xx_HAL_Driver/Src/stm32f1xx_hal_spi.c **** }
 500:Drivers/STM32F1xx_HAL_Driver/Src/stm32f1xx_hal_spi.c **** 
 501:Drivers/STM32F1xx_HAL_Driver/Src/stm32f1xx_hal_spi.c **** /**
 502:Drivers/STM32F1xx_HAL_Driver/Src/stm32f1xx_hal_spi.c ****   * @brief  Initialize the SPI MSP.
 503:Drivers/STM32F1xx_HAL_Driver/Src/stm32f1xx_hal_spi.c ****   * @param  hspi pointer to a SPI_HandleTypeDef structure that contains
 504:Drivers/STM32F1xx_HAL_Driver/Src/stm32f1xx_hal_spi.c ****   *               the configuration information for SPI module.
 505:Drivers/STM32F1xx_HAL_Driver/Src/stm32f1xx_hal_spi.c ****   * @retval None
 506:Drivers/STM32F1xx_HAL_Driver/Src/stm32f1xx_hal_spi.c ****   */
 507:Drivers/STM32F1xx_HAL_Driver/Src/stm32f1xx_hal_spi.c **** __weak void HAL_SPI_MspInit(SPI_HandleTypeDef *hspi)
 508:Drivers/STM32F1xx_HAL_Driver/Src/stm32f1xx_hal_spi.c **** {
 509:Drivers/STM32F1xx_HAL_Driver/Src/stm32f1xx_hal_spi.c ****   /* Prevent unused argument(s) compilation warning */
 510:Drivers/STM32F1xx_HAL_Driver/Src/stm32f1xx_hal_spi.c ****   UNUSED(hspi);
 511:Drivers/STM32F1xx_HAL_Driver/Src/stm32f1xx_hal_spi.c **** 
 512:Drivers/STM32F1xx_HAL_Driver/Src/stm32f1xx_hal_spi.c ****   /* NOTE : This function should not be modified, when the callback is needed,
 513:Drivers/STM32F1xx_HAL_Driver/Src/stm32f1xx_hal_spi.c ****             the HAL_SPI_MspInit should be implemented in the user file
 514:Drivers/STM32F1xx_HAL_Driver/Src/stm32f1xx_hal_spi.c ****    */
 515:Drivers/STM32F1xx_HAL_Driver/Src/stm32f1xx_hal_spi.c **** }
 516:Drivers/STM32F1xx_HAL_Driver/Src/stm32f1xx_hal_spi.c **** 
 517:Drivers/STM32F1xx_HAL_Driver/Src/stm32f1xx_hal_spi.c **** /**
 518:Drivers/STM32F1xx_HAL_Driver/Src/stm32f1xx_hal_spi.c ****   * @brief  De-Initialize the SPI MSP.
 519:Drivers/STM32F1xx_HAL_Driver/Src/stm32f1xx_hal_spi.c ****   * @param  hspi pointer to a SPI_HandleTypeDef structure that contains
 520:Drivers/STM32F1xx_HAL_Driver/Src/stm32f1xx_hal_spi.c ****   *               the configuration information for SPI module.
 521:Drivers/STM32F1xx_HAL_Driver/Src/stm32f1xx_hal_spi.c ****   * @retval None
 522:Drivers/STM32F1xx_HAL_Driver/Src/stm32f1xx_hal_spi.c ****   */
 523:Drivers/STM32F1xx_HAL_Driver/Src/stm32f1xx_hal_spi.c **** __weak void HAL_SPI_MspDeInit(SPI_HandleTypeDef *hspi)
 524:Drivers/STM32F1xx_HAL_Driver/Src/stm32f1xx_hal_spi.c **** {
 525:Drivers/STM32F1xx_HAL_Driver/Src/stm32f1xx_hal_spi.c ****   /* Prevent unused argument(s) compilation warning */
 526:Drivers/STM32F1xx_HAL_Driver/Src/stm32f1xx_hal_spi.c ****   UNUSED(hspi);
 527:Drivers/STM32F1xx_HAL_Driver/Src/stm32f1xx_hal_spi.c **** 
 528:Drivers/STM32F1xx_HAL_Driver/Src/stm32f1xx_hal_spi.c ****   /* NOTE : This function should not be modified, when the callback is needed,
 529:Drivers/STM32F1xx_HAL_Driver/Src/stm32f1xx_hal_spi.c ****             the HAL_SPI_MspDeInit should be implemented in the user file
 530:Drivers/STM32F1xx_HAL_Driver/Src/stm32f1xx_hal_spi.c ****    */
 531:Drivers/STM32F1xx_HAL_Driver/Src/stm32f1xx_hal_spi.c **** }
 532:Drivers/STM32F1xx_HAL_Driver/Src/stm32f1xx_hal_spi.c **** 
 533:Drivers/STM32F1xx_HAL_Driver/Src/stm32f1xx_hal_spi.c **** #if (USE_HAL_SPI_REGISTER_CALLBACKS == 1U)
 534:Drivers/STM32F1xx_HAL_Driver/Src/stm32f1xx_hal_spi.c **** /**
 535:Drivers/STM32F1xx_HAL_Driver/Src/stm32f1xx_hal_spi.c ****   * @brief  Register a User SPI Callback
 536:Drivers/STM32F1xx_HAL_Driver/Src/stm32f1xx_hal_spi.c ****   *         To be used instead of the weak predefined callback
 537:Drivers/STM32F1xx_HAL_Driver/Src/stm32f1xx_hal_spi.c ****   * @param  hspi Pointer to a SPI_HandleTypeDef structure that contains
 538:Drivers/STM32F1xx_HAL_Driver/Src/stm32f1xx_hal_spi.c ****   *                the configuration information for the specified SPI.
 539:Drivers/STM32F1xx_HAL_Driver/Src/stm32f1xx_hal_spi.c ****   * @param  CallbackID ID of the callback to be registered
 540:Drivers/STM32F1xx_HAL_Driver/Src/stm32f1xx_hal_spi.c ****   * @param  pCallback pointer to the Callback function
 541:Drivers/STM32F1xx_HAL_Driver/Src/stm32f1xx_hal_spi.c ****   * @retval HAL status
 542:Drivers/STM32F1xx_HAL_Driver/Src/stm32f1xx_hal_spi.c ****   */
 543:Drivers/STM32F1xx_HAL_Driver/Src/stm32f1xx_hal_spi.c **** HAL_StatusTypeDef HAL_SPI_RegisterCallback(SPI_HandleTypeDef *hspi, HAL_SPI_CallbackIDTypeDef Callb
 544:Drivers/STM32F1xx_HAL_Driver/Src/stm32f1xx_hal_spi.c ****                                            pSPI_CallbackTypeDef pCallback)
 545:Drivers/STM32F1xx_HAL_Driver/Src/stm32f1xx_hal_spi.c **** {
ARM GAS  /tmp/cctmCgKp.s 			page 11


 546:Drivers/STM32F1xx_HAL_Driver/Src/stm32f1xx_hal_spi.c ****   HAL_StatusTypeDef status = HAL_OK;
 547:Drivers/STM32F1xx_HAL_Driver/Src/stm32f1xx_hal_spi.c **** 
 548:Drivers/STM32F1xx_HAL_Driver/Src/stm32f1xx_hal_spi.c ****   if (pCallback == NULL)
 549:Drivers/STM32F1xx_HAL_Driver/Src/stm32f1xx_hal_spi.c ****   {
 550:Drivers/STM32F1xx_HAL_Driver/Src/stm32f1xx_hal_spi.c ****     /* Update the error code */
 551:Drivers/STM32F1xx_HAL_Driver/Src/stm32f1xx_hal_spi.c ****     hspi->ErrorCode |= HAL_SPI_ERROR_INVALID_CALLBACK;
 552:Drivers/STM32F1xx_HAL_Driver/Src/stm32f1xx_hal_spi.c **** 
 553:Drivers/STM32F1xx_HAL_Driver/Src/stm32f1xx_hal_spi.c ****     return HAL_ERROR;
 554:Drivers/STM32F1xx_HAL_Driver/Src/stm32f1xx_hal_spi.c ****   }
 555:Drivers/STM32F1xx_HAL_Driver/Src/stm32f1xx_hal_spi.c ****   /* Process locked */
 556:Drivers/STM32F1xx_HAL_Driver/Src/stm32f1xx_hal_spi.c ****   __HAL_LOCK(hspi);
 557:Drivers/STM32F1xx_HAL_Driver/Src/stm32f1xx_hal_spi.c **** 
 558:Drivers/STM32F1xx_HAL_Driver/Src/stm32f1xx_hal_spi.c ****   if (HAL_SPI_STATE_READY == hspi->State)
 559:Drivers/STM32F1xx_HAL_Driver/Src/stm32f1xx_hal_spi.c ****   {
 560:Drivers/STM32F1xx_HAL_Driver/Src/stm32f1xx_hal_spi.c ****     switch (CallbackID)
 561:Drivers/STM32F1xx_HAL_Driver/Src/stm32f1xx_hal_spi.c ****     {
 562:Drivers/STM32F1xx_HAL_Driver/Src/stm32f1xx_hal_spi.c ****       case HAL_SPI_TX_COMPLETE_CB_ID :
 563:Drivers/STM32F1xx_HAL_Driver/Src/stm32f1xx_hal_spi.c ****         hspi->TxCpltCallback = pCallback;
 564:Drivers/STM32F1xx_HAL_Driver/Src/stm32f1xx_hal_spi.c ****         break;
 565:Drivers/STM32F1xx_HAL_Driver/Src/stm32f1xx_hal_spi.c **** 
 566:Drivers/STM32F1xx_HAL_Driver/Src/stm32f1xx_hal_spi.c ****       case HAL_SPI_RX_COMPLETE_CB_ID :
 567:Drivers/STM32F1xx_HAL_Driver/Src/stm32f1xx_hal_spi.c ****         hspi->RxCpltCallback = pCallback;
 568:Drivers/STM32F1xx_HAL_Driver/Src/stm32f1xx_hal_spi.c ****         break;
 569:Drivers/STM32F1xx_HAL_Driver/Src/stm32f1xx_hal_spi.c **** 
 570:Drivers/STM32F1xx_HAL_Driver/Src/stm32f1xx_hal_spi.c ****       case HAL_SPI_TX_RX_COMPLETE_CB_ID :
 571:Drivers/STM32F1xx_HAL_Driver/Src/stm32f1xx_hal_spi.c ****         hspi->TxRxCpltCallback = pCallback;
 572:Drivers/STM32F1xx_HAL_Driver/Src/stm32f1xx_hal_spi.c ****         break;
 573:Drivers/STM32F1xx_HAL_Driver/Src/stm32f1xx_hal_spi.c **** 
 574:Drivers/STM32F1xx_HAL_Driver/Src/stm32f1xx_hal_spi.c ****       case HAL_SPI_TX_HALF_COMPLETE_CB_ID :
 575:Drivers/STM32F1xx_HAL_Driver/Src/stm32f1xx_hal_spi.c ****         hspi->TxHalfCpltCallback = pCallback;
 576:Drivers/STM32F1xx_HAL_Driver/Src/stm32f1xx_hal_spi.c ****         break;
 577:Drivers/STM32F1xx_HAL_Driver/Src/stm32f1xx_hal_spi.c **** 
 578:Drivers/STM32F1xx_HAL_Driver/Src/stm32f1xx_hal_spi.c ****       case HAL_SPI_RX_HALF_COMPLETE_CB_ID :
 579:Drivers/STM32F1xx_HAL_Driver/Src/stm32f1xx_hal_spi.c ****         hspi->RxHalfCpltCallback = pCallback;
 580:Drivers/STM32F1xx_HAL_Driver/Src/stm32f1xx_hal_spi.c ****         break;
 581:Drivers/STM32F1xx_HAL_Driver/Src/stm32f1xx_hal_spi.c **** 
 582:Drivers/STM32F1xx_HAL_Driver/Src/stm32f1xx_hal_spi.c ****       case HAL_SPI_TX_RX_HALF_COMPLETE_CB_ID :
 583:Drivers/STM32F1xx_HAL_Driver/Src/stm32f1xx_hal_spi.c ****         hspi->TxRxHalfCpltCallback = pCallback;
 584:Drivers/STM32F1xx_HAL_Driver/Src/stm32f1xx_hal_spi.c ****         break;
 585:Drivers/STM32F1xx_HAL_Driver/Src/stm32f1xx_hal_spi.c **** 
 586:Drivers/STM32F1xx_HAL_Driver/Src/stm32f1xx_hal_spi.c ****       case HAL_SPI_ERROR_CB_ID :
 587:Drivers/STM32F1xx_HAL_Driver/Src/stm32f1xx_hal_spi.c ****         hspi->ErrorCallback = pCallback;
 588:Drivers/STM32F1xx_HAL_Driver/Src/stm32f1xx_hal_spi.c ****         break;
 589:Drivers/STM32F1xx_HAL_Driver/Src/stm32f1xx_hal_spi.c **** 
 590:Drivers/STM32F1xx_HAL_Driver/Src/stm32f1xx_hal_spi.c ****       case HAL_SPI_ABORT_CB_ID :
 591:Drivers/STM32F1xx_HAL_Driver/Src/stm32f1xx_hal_spi.c ****         hspi->AbortCpltCallback = pCallback;
 592:Drivers/STM32F1xx_HAL_Driver/Src/stm32f1xx_hal_spi.c ****         break;
 593:Drivers/STM32F1xx_HAL_Driver/Src/stm32f1xx_hal_spi.c **** 
 594:Drivers/STM32F1xx_HAL_Driver/Src/stm32f1xx_hal_spi.c ****       case HAL_SPI_MSPINIT_CB_ID :
 595:Drivers/STM32F1xx_HAL_Driver/Src/stm32f1xx_hal_spi.c ****         hspi->MspInitCallback = pCallback;
 596:Drivers/STM32F1xx_HAL_Driver/Src/stm32f1xx_hal_spi.c ****         break;
 597:Drivers/STM32F1xx_HAL_Driver/Src/stm32f1xx_hal_spi.c **** 
 598:Drivers/STM32F1xx_HAL_Driver/Src/stm32f1xx_hal_spi.c ****       case HAL_SPI_MSPDEINIT_CB_ID :
 599:Drivers/STM32F1xx_HAL_Driver/Src/stm32f1xx_hal_spi.c ****         hspi->MspDeInitCallback = pCallback;
 600:Drivers/STM32F1xx_HAL_Driver/Src/stm32f1xx_hal_spi.c ****         break;
 601:Drivers/STM32F1xx_HAL_Driver/Src/stm32f1xx_hal_spi.c **** 
 602:Drivers/STM32F1xx_HAL_Driver/Src/stm32f1xx_hal_spi.c ****       default :
ARM GAS  /tmp/cctmCgKp.s 			page 12


 603:Drivers/STM32F1xx_HAL_Driver/Src/stm32f1xx_hal_spi.c ****         /* Update the error code */
 604:Drivers/STM32F1xx_HAL_Driver/Src/stm32f1xx_hal_spi.c ****         SET_BIT(hspi->ErrorCode, HAL_SPI_ERROR_INVALID_CALLBACK);
 605:Drivers/STM32F1xx_HAL_Driver/Src/stm32f1xx_hal_spi.c **** 
 606:Drivers/STM32F1xx_HAL_Driver/Src/stm32f1xx_hal_spi.c ****         /* Return error status */
 607:Drivers/STM32F1xx_HAL_Driver/Src/stm32f1xx_hal_spi.c ****         status =  HAL_ERROR;
 608:Drivers/STM32F1xx_HAL_Driver/Src/stm32f1xx_hal_spi.c ****         break;
 609:Drivers/STM32F1xx_HAL_Driver/Src/stm32f1xx_hal_spi.c ****     }
 610:Drivers/STM32F1xx_HAL_Driver/Src/stm32f1xx_hal_spi.c ****   }
 611:Drivers/STM32F1xx_HAL_Driver/Src/stm32f1xx_hal_spi.c ****   else if (HAL_SPI_STATE_RESET == hspi->State)
 612:Drivers/STM32F1xx_HAL_Driver/Src/stm32f1xx_hal_spi.c ****   {
 613:Drivers/STM32F1xx_HAL_Driver/Src/stm32f1xx_hal_spi.c ****     switch (CallbackID)
 614:Drivers/STM32F1xx_HAL_Driver/Src/stm32f1xx_hal_spi.c ****     {
 615:Drivers/STM32F1xx_HAL_Driver/Src/stm32f1xx_hal_spi.c ****       case HAL_SPI_MSPINIT_CB_ID :
 616:Drivers/STM32F1xx_HAL_Driver/Src/stm32f1xx_hal_spi.c ****         hspi->MspInitCallback = pCallback;
 617:Drivers/STM32F1xx_HAL_Driver/Src/stm32f1xx_hal_spi.c ****         break;
 618:Drivers/STM32F1xx_HAL_Driver/Src/stm32f1xx_hal_spi.c **** 
 619:Drivers/STM32F1xx_HAL_Driver/Src/stm32f1xx_hal_spi.c ****       case HAL_SPI_MSPDEINIT_CB_ID :
 620:Drivers/STM32F1xx_HAL_Driver/Src/stm32f1xx_hal_spi.c ****         hspi->MspDeInitCallback = pCallback;
 621:Drivers/STM32F1xx_HAL_Driver/Src/stm32f1xx_hal_spi.c ****         break;
 622:Drivers/STM32F1xx_HAL_Driver/Src/stm32f1xx_hal_spi.c **** 
 623:Drivers/STM32F1xx_HAL_Driver/Src/stm32f1xx_hal_spi.c ****       default :
 624:Drivers/STM32F1xx_HAL_Driver/Src/stm32f1xx_hal_spi.c ****         /* Update the error code */
 625:Drivers/STM32F1xx_HAL_Driver/Src/stm32f1xx_hal_spi.c ****         SET_BIT(hspi->ErrorCode, HAL_SPI_ERROR_INVALID_CALLBACK);
 626:Drivers/STM32F1xx_HAL_Driver/Src/stm32f1xx_hal_spi.c **** 
 627:Drivers/STM32F1xx_HAL_Driver/Src/stm32f1xx_hal_spi.c ****         /* Return error status */
 628:Drivers/STM32F1xx_HAL_Driver/Src/stm32f1xx_hal_spi.c ****         status =  HAL_ERROR;
 629:Drivers/STM32F1xx_HAL_Driver/Src/stm32f1xx_hal_spi.c ****         break;
 630:Drivers/STM32F1xx_HAL_Driver/Src/stm32f1xx_hal_spi.c ****     }
 631:Drivers/STM32F1xx_HAL_Driver/Src/stm32f1xx_hal_spi.c ****   }
 632:Drivers/STM32F1xx_HAL_Driver/Src/stm32f1xx_hal_spi.c ****   else
 633:Drivers/STM32F1xx_HAL_Driver/Src/stm32f1xx_hal_spi.c ****   {
 634:Drivers/STM32F1xx_HAL_Driver/Src/stm32f1xx_hal_spi.c ****     /* Update the error code */
 635:Drivers/STM32F1xx_HAL_Driver/Src/stm32f1xx_hal_spi.c ****     SET_BIT(hspi->ErrorCode, HAL_SPI_ERROR_INVALID_CALLBACK);
 636:Drivers/STM32F1xx_HAL_Driver/Src/stm32f1xx_hal_spi.c **** 
 637:Drivers/STM32F1xx_HAL_Driver/Src/stm32f1xx_hal_spi.c ****     /* Return error status */
 638:Drivers/STM32F1xx_HAL_Driver/Src/stm32f1xx_hal_spi.c ****     status =  HAL_ERROR;
 639:Drivers/STM32F1xx_HAL_Driver/Src/stm32f1xx_hal_spi.c ****   }
 640:Drivers/STM32F1xx_HAL_Driver/Src/stm32f1xx_hal_spi.c **** 
 641:Drivers/STM32F1xx_HAL_Driver/Src/stm32f1xx_hal_spi.c ****   /* Release Lock */
 642:Drivers/STM32F1xx_HAL_Driver/Src/stm32f1xx_hal_spi.c ****   __HAL_UNLOCK(hspi);
 643:Drivers/STM32F1xx_HAL_Driver/Src/stm32f1xx_hal_spi.c ****   return status;
 644:Drivers/STM32F1xx_HAL_Driver/Src/stm32f1xx_hal_spi.c **** }
 645:Drivers/STM32F1xx_HAL_Driver/Src/stm32f1xx_hal_spi.c **** 
 646:Drivers/STM32F1xx_HAL_Driver/Src/stm32f1xx_hal_spi.c **** /**
 647:Drivers/STM32F1xx_HAL_Driver/Src/stm32f1xx_hal_spi.c ****   * @brief  Unregister an SPI Callback
 648:Drivers/STM32F1xx_HAL_Driver/Src/stm32f1xx_hal_spi.c ****   *         SPI callback is redirected to the weak predefined callback
 649:Drivers/STM32F1xx_HAL_Driver/Src/stm32f1xx_hal_spi.c ****   * @param  hspi Pointer to a SPI_HandleTypeDef structure that contains
 650:Drivers/STM32F1xx_HAL_Driver/Src/stm32f1xx_hal_spi.c ****   *                the configuration information for the specified SPI.
 651:Drivers/STM32F1xx_HAL_Driver/Src/stm32f1xx_hal_spi.c ****   * @param  CallbackID ID of the callback to be unregistered
 652:Drivers/STM32F1xx_HAL_Driver/Src/stm32f1xx_hal_spi.c ****   * @retval HAL status
 653:Drivers/STM32F1xx_HAL_Driver/Src/stm32f1xx_hal_spi.c ****   */
 654:Drivers/STM32F1xx_HAL_Driver/Src/stm32f1xx_hal_spi.c **** HAL_StatusTypeDef HAL_SPI_UnRegisterCallback(SPI_HandleTypeDef *hspi, HAL_SPI_CallbackIDTypeDef Cal
 655:Drivers/STM32F1xx_HAL_Driver/Src/stm32f1xx_hal_spi.c **** {
 656:Drivers/STM32F1xx_HAL_Driver/Src/stm32f1xx_hal_spi.c ****   HAL_StatusTypeDef status = HAL_OK;
 657:Drivers/STM32F1xx_HAL_Driver/Src/stm32f1xx_hal_spi.c **** 
 658:Drivers/STM32F1xx_HAL_Driver/Src/stm32f1xx_hal_spi.c ****   /* Process locked */
 659:Drivers/STM32F1xx_HAL_Driver/Src/stm32f1xx_hal_spi.c ****   __HAL_LOCK(hspi);
ARM GAS  /tmp/cctmCgKp.s 			page 13


 660:Drivers/STM32F1xx_HAL_Driver/Src/stm32f1xx_hal_spi.c **** 
 661:Drivers/STM32F1xx_HAL_Driver/Src/stm32f1xx_hal_spi.c ****   if (HAL_SPI_STATE_READY == hspi->State)
 662:Drivers/STM32F1xx_HAL_Driver/Src/stm32f1xx_hal_spi.c ****   {
 663:Drivers/STM32F1xx_HAL_Driver/Src/stm32f1xx_hal_spi.c ****     switch (CallbackID)
 664:Drivers/STM32F1xx_HAL_Driver/Src/stm32f1xx_hal_spi.c ****     {
 665:Drivers/STM32F1xx_HAL_Driver/Src/stm32f1xx_hal_spi.c ****       case HAL_SPI_TX_COMPLETE_CB_ID :
 666:Drivers/STM32F1xx_HAL_Driver/Src/stm32f1xx_hal_spi.c ****         hspi->TxCpltCallback = HAL_SPI_TxCpltCallback;             /* Legacy weak TxCpltCallback   
 667:Drivers/STM32F1xx_HAL_Driver/Src/stm32f1xx_hal_spi.c ****         break;
 668:Drivers/STM32F1xx_HAL_Driver/Src/stm32f1xx_hal_spi.c **** 
 669:Drivers/STM32F1xx_HAL_Driver/Src/stm32f1xx_hal_spi.c ****       case HAL_SPI_RX_COMPLETE_CB_ID :
 670:Drivers/STM32F1xx_HAL_Driver/Src/stm32f1xx_hal_spi.c ****         hspi->RxCpltCallback = HAL_SPI_RxCpltCallback;             /* Legacy weak RxCpltCallback   
 671:Drivers/STM32F1xx_HAL_Driver/Src/stm32f1xx_hal_spi.c ****         break;
 672:Drivers/STM32F1xx_HAL_Driver/Src/stm32f1xx_hal_spi.c **** 
 673:Drivers/STM32F1xx_HAL_Driver/Src/stm32f1xx_hal_spi.c ****       case HAL_SPI_TX_RX_COMPLETE_CB_ID :
 674:Drivers/STM32F1xx_HAL_Driver/Src/stm32f1xx_hal_spi.c ****         hspi->TxRxCpltCallback = HAL_SPI_TxRxCpltCallback;         /* Legacy weak TxRxCpltCallback 
 675:Drivers/STM32F1xx_HAL_Driver/Src/stm32f1xx_hal_spi.c ****         break;
 676:Drivers/STM32F1xx_HAL_Driver/Src/stm32f1xx_hal_spi.c **** 
 677:Drivers/STM32F1xx_HAL_Driver/Src/stm32f1xx_hal_spi.c ****       case HAL_SPI_TX_HALF_COMPLETE_CB_ID :
 678:Drivers/STM32F1xx_HAL_Driver/Src/stm32f1xx_hal_spi.c ****         hspi->TxHalfCpltCallback = HAL_SPI_TxHalfCpltCallback;     /* Legacy weak TxHalfCpltCallbac
 679:Drivers/STM32F1xx_HAL_Driver/Src/stm32f1xx_hal_spi.c ****         break;
 680:Drivers/STM32F1xx_HAL_Driver/Src/stm32f1xx_hal_spi.c **** 
 681:Drivers/STM32F1xx_HAL_Driver/Src/stm32f1xx_hal_spi.c ****       case HAL_SPI_RX_HALF_COMPLETE_CB_ID :
 682:Drivers/STM32F1xx_HAL_Driver/Src/stm32f1xx_hal_spi.c ****         hspi->RxHalfCpltCallback = HAL_SPI_RxHalfCpltCallback;     /* Legacy weak RxHalfCpltCallbac
 683:Drivers/STM32F1xx_HAL_Driver/Src/stm32f1xx_hal_spi.c ****         break;
 684:Drivers/STM32F1xx_HAL_Driver/Src/stm32f1xx_hal_spi.c **** 
 685:Drivers/STM32F1xx_HAL_Driver/Src/stm32f1xx_hal_spi.c ****       case HAL_SPI_TX_RX_HALF_COMPLETE_CB_ID :
 686:Drivers/STM32F1xx_HAL_Driver/Src/stm32f1xx_hal_spi.c ****         hspi->TxRxHalfCpltCallback = HAL_SPI_TxRxHalfCpltCallback; /* Legacy weak TxRxHalfCpltCallb
 687:Drivers/STM32F1xx_HAL_Driver/Src/stm32f1xx_hal_spi.c ****         break;
 688:Drivers/STM32F1xx_HAL_Driver/Src/stm32f1xx_hal_spi.c **** 
 689:Drivers/STM32F1xx_HAL_Driver/Src/stm32f1xx_hal_spi.c ****       case HAL_SPI_ERROR_CB_ID :
 690:Drivers/STM32F1xx_HAL_Driver/Src/stm32f1xx_hal_spi.c ****         hspi->ErrorCallback = HAL_SPI_ErrorCallback;               /* Legacy weak ErrorCallback    
 691:Drivers/STM32F1xx_HAL_Driver/Src/stm32f1xx_hal_spi.c ****         break;
 692:Drivers/STM32F1xx_HAL_Driver/Src/stm32f1xx_hal_spi.c **** 
 693:Drivers/STM32F1xx_HAL_Driver/Src/stm32f1xx_hal_spi.c ****       case HAL_SPI_ABORT_CB_ID :
 694:Drivers/STM32F1xx_HAL_Driver/Src/stm32f1xx_hal_spi.c ****         hspi->AbortCpltCallback = HAL_SPI_AbortCpltCallback;       /* Legacy weak AbortCpltCallback
 695:Drivers/STM32F1xx_HAL_Driver/Src/stm32f1xx_hal_spi.c ****         break;
 696:Drivers/STM32F1xx_HAL_Driver/Src/stm32f1xx_hal_spi.c **** 
 697:Drivers/STM32F1xx_HAL_Driver/Src/stm32f1xx_hal_spi.c ****       case HAL_SPI_MSPINIT_CB_ID :
 698:Drivers/STM32F1xx_HAL_Driver/Src/stm32f1xx_hal_spi.c ****         hspi->MspInitCallback = HAL_SPI_MspInit;                   /* Legacy weak MspInit          
 699:Drivers/STM32F1xx_HAL_Driver/Src/stm32f1xx_hal_spi.c ****         break;
 700:Drivers/STM32F1xx_HAL_Driver/Src/stm32f1xx_hal_spi.c **** 
 701:Drivers/STM32F1xx_HAL_Driver/Src/stm32f1xx_hal_spi.c ****       case HAL_SPI_MSPDEINIT_CB_ID :
 702:Drivers/STM32F1xx_HAL_Driver/Src/stm32f1xx_hal_spi.c ****         hspi->MspDeInitCallback = HAL_SPI_MspDeInit;               /* Legacy weak MspDeInit        
 703:Drivers/STM32F1xx_HAL_Driver/Src/stm32f1xx_hal_spi.c ****         break;
 704:Drivers/STM32F1xx_HAL_Driver/Src/stm32f1xx_hal_spi.c **** 
 705:Drivers/STM32F1xx_HAL_Driver/Src/stm32f1xx_hal_spi.c ****       default :
 706:Drivers/STM32F1xx_HAL_Driver/Src/stm32f1xx_hal_spi.c ****         /* Update the error code */
 707:Drivers/STM32F1xx_HAL_Driver/Src/stm32f1xx_hal_spi.c ****         SET_BIT(hspi->ErrorCode, HAL_SPI_ERROR_INVALID_CALLBACK);
 708:Drivers/STM32F1xx_HAL_Driver/Src/stm32f1xx_hal_spi.c **** 
 709:Drivers/STM32F1xx_HAL_Driver/Src/stm32f1xx_hal_spi.c ****         /* Return error status */
 710:Drivers/STM32F1xx_HAL_Driver/Src/stm32f1xx_hal_spi.c ****         status =  HAL_ERROR;
 711:Drivers/STM32F1xx_HAL_Driver/Src/stm32f1xx_hal_spi.c ****         break;
 712:Drivers/STM32F1xx_HAL_Driver/Src/stm32f1xx_hal_spi.c ****     }
 713:Drivers/STM32F1xx_HAL_Driver/Src/stm32f1xx_hal_spi.c ****   }
 714:Drivers/STM32F1xx_HAL_Driver/Src/stm32f1xx_hal_spi.c ****   else if (HAL_SPI_STATE_RESET == hspi->State)
 715:Drivers/STM32F1xx_HAL_Driver/Src/stm32f1xx_hal_spi.c ****   {
 716:Drivers/STM32F1xx_HAL_Driver/Src/stm32f1xx_hal_spi.c ****     switch (CallbackID)
ARM GAS  /tmp/cctmCgKp.s 			page 14


 717:Drivers/STM32F1xx_HAL_Driver/Src/stm32f1xx_hal_spi.c ****     {
 718:Drivers/STM32F1xx_HAL_Driver/Src/stm32f1xx_hal_spi.c ****       case HAL_SPI_MSPINIT_CB_ID :
 719:Drivers/STM32F1xx_HAL_Driver/Src/stm32f1xx_hal_spi.c ****         hspi->MspInitCallback = HAL_SPI_MspInit;                   /* Legacy weak MspInit          
 720:Drivers/STM32F1xx_HAL_Driver/Src/stm32f1xx_hal_spi.c ****         break;
 721:Drivers/STM32F1xx_HAL_Driver/Src/stm32f1xx_hal_spi.c **** 
 722:Drivers/STM32F1xx_HAL_Driver/Src/stm32f1xx_hal_spi.c ****       case HAL_SPI_MSPDEINIT_CB_ID :
 723:Drivers/STM32F1xx_HAL_Driver/Src/stm32f1xx_hal_spi.c ****         hspi->MspDeInitCallback = HAL_SPI_MspDeInit;               /* Legacy weak MspDeInit        
 724:Drivers/STM32F1xx_HAL_Driver/Src/stm32f1xx_hal_spi.c ****         break;
 725:Drivers/STM32F1xx_HAL_Driver/Src/stm32f1xx_hal_spi.c **** 
 726:Drivers/STM32F1xx_HAL_Driver/Src/stm32f1xx_hal_spi.c ****       default :
 727:Drivers/STM32F1xx_HAL_Driver/Src/stm32f1xx_hal_spi.c ****         /* Update the error code */
 728:Drivers/STM32F1xx_HAL_Driver/Src/stm32f1xx_hal_spi.c ****         SET_BIT(hspi->ErrorCode, HAL_SPI_ERROR_INVALID_CALLBACK);
 729:Drivers/STM32F1xx_HAL_Driver/Src/stm32f1xx_hal_spi.c **** 
 730:Drivers/STM32F1xx_HAL_Driver/Src/stm32f1xx_hal_spi.c ****         /* Return error status */
 731:Drivers/STM32F1xx_HAL_Driver/Src/stm32f1xx_hal_spi.c ****         status =  HAL_ERROR;
 732:Drivers/STM32F1xx_HAL_Driver/Src/stm32f1xx_hal_spi.c ****         break;
 733:Drivers/STM32F1xx_HAL_Driver/Src/stm32f1xx_hal_spi.c ****     }
 734:Drivers/STM32F1xx_HAL_Driver/Src/stm32f1xx_hal_spi.c ****   }
 735:Drivers/STM32F1xx_HAL_Driver/Src/stm32f1xx_hal_spi.c ****   else
 736:Drivers/STM32F1xx_HAL_Driver/Src/stm32f1xx_hal_spi.c ****   {
 737:Drivers/STM32F1xx_HAL_Driver/Src/stm32f1xx_hal_spi.c ****     /* Update the error code */
 738:Drivers/STM32F1xx_HAL_Driver/Src/stm32f1xx_hal_spi.c ****     SET_BIT(hspi->ErrorCode, HAL_SPI_ERROR_INVALID_CALLBACK);
 739:Drivers/STM32F1xx_HAL_Driver/Src/stm32f1xx_hal_spi.c **** 
 740:Drivers/STM32F1xx_HAL_Driver/Src/stm32f1xx_hal_spi.c ****     /* Return error status */
 741:Drivers/STM32F1xx_HAL_Driver/Src/stm32f1xx_hal_spi.c ****     status =  HAL_ERROR;
 742:Drivers/STM32F1xx_HAL_Driver/Src/stm32f1xx_hal_spi.c ****   }
 743:Drivers/STM32F1xx_HAL_Driver/Src/stm32f1xx_hal_spi.c **** 
 744:Drivers/STM32F1xx_HAL_Driver/Src/stm32f1xx_hal_spi.c ****   /* Release Lock */
 745:Drivers/STM32F1xx_HAL_Driver/Src/stm32f1xx_hal_spi.c ****   __HAL_UNLOCK(hspi);
 746:Drivers/STM32F1xx_HAL_Driver/Src/stm32f1xx_hal_spi.c ****   return status;
 747:Drivers/STM32F1xx_HAL_Driver/Src/stm32f1xx_hal_spi.c **** }
 748:Drivers/STM32F1xx_HAL_Driver/Src/stm32f1xx_hal_spi.c **** #endif /* USE_HAL_SPI_REGISTER_CALLBACKS */
 749:Drivers/STM32F1xx_HAL_Driver/Src/stm32f1xx_hal_spi.c **** /**
 750:Drivers/STM32F1xx_HAL_Driver/Src/stm32f1xx_hal_spi.c ****   * @}
 751:Drivers/STM32F1xx_HAL_Driver/Src/stm32f1xx_hal_spi.c ****   */
 752:Drivers/STM32F1xx_HAL_Driver/Src/stm32f1xx_hal_spi.c **** 
 753:Drivers/STM32F1xx_HAL_Driver/Src/stm32f1xx_hal_spi.c **** /** @defgroup SPI_Exported_Functions_Group2 IO operation functions
 754:Drivers/STM32F1xx_HAL_Driver/Src/stm32f1xx_hal_spi.c ****   *  @brief   Data transfers functions
 755:Drivers/STM32F1xx_HAL_Driver/Src/stm32f1xx_hal_spi.c ****   *
 756:Drivers/STM32F1xx_HAL_Driver/Src/stm32f1xx_hal_spi.c **** @verbatim
 757:Drivers/STM32F1xx_HAL_Driver/Src/stm32f1xx_hal_spi.c ****   ==============================================================================
 758:Drivers/STM32F1xx_HAL_Driver/Src/stm32f1xx_hal_spi.c ****                       ##### IO operation functions #####
 759:Drivers/STM32F1xx_HAL_Driver/Src/stm32f1xx_hal_spi.c ****  ===============================================================================
 760:Drivers/STM32F1xx_HAL_Driver/Src/stm32f1xx_hal_spi.c ****  [..]
 761:Drivers/STM32F1xx_HAL_Driver/Src/stm32f1xx_hal_spi.c ****     This subsection provides a set of functions allowing to manage the SPI
 762:Drivers/STM32F1xx_HAL_Driver/Src/stm32f1xx_hal_spi.c ****     data transfers.
 763:Drivers/STM32F1xx_HAL_Driver/Src/stm32f1xx_hal_spi.c **** 
 764:Drivers/STM32F1xx_HAL_Driver/Src/stm32f1xx_hal_spi.c ****     [..] The SPI supports master and slave mode :
 765:Drivers/STM32F1xx_HAL_Driver/Src/stm32f1xx_hal_spi.c **** 
 766:Drivers/STM32F1xx_HAL_Driver/Src/stm32f1xx_hal_spi.c ****     (#) There are two modes of transfer:
 767:Drivers/STM32F1xx_HAL_Driver/Src/stm32f1xx_hal_spi.c ****        (++) Blocking mode: The communication is performed in polling mode.
 768:Drivers/STM32F1xx_HAL_Driver/Src/stm32f1xx_hal_spi.c ****             The HAL status of all data processing is returned by the same function
 769:Drivers/STM32F1xx_HAL_Driver/Src/stm32f1xx_hal_spi.c ****             after finishing transfer.
 770:Drivers/STM32F1xx_HAL_Driver/Src/stm32f1xx_hal_spi.c ****        (++) No-Blocking mode: The communication is performed using Interrupts
 771:Drivers/STM32F1xx_HAL_Driver/Src/stm32f1xx_hal_spi.c ****             or DMA, These APIs return the HAL status.
 772:Drivers/STM32F1xx_HAL_Driver/Src/stm32f1xx_hal_spi.c ****             The end of the data processing will be indicated through the
 773:Drivers/STM32F1xx_HAL_Driver/Src/stm32f1xx_hal_spi.c ****             dedicated SPI IRQ when using Interrupt mode or the DMA IRQ when
ARM GAS  /tmp/cctmCgKp.s 			page 15


 774:Drivers/STM32F1xx_HAL_Driver/Src/stm32f1xx_hal_spi.c ****             using DMA mode.
 775:Drivers/STM32F1xx_HAL_Driver/Src/stm32f1xx_hal_spi.c ****             The HAL_SPI_TxCpltCallback(), HAL_SPI_RxCpltCallback() and HAL_SPI_TxRxCpltCallback() u
 776:Drivers/STM32F1xx_HAL_Driver/Src/stm32f1xx_hal_spi.c ****             will be executed respectively at the end of the transmit or Receive process
 777:Drivers/STM32F1xx_HAL_Driver/Src/stm32f1xx_hal_spi.c ****             The HAL_SPI_ErrorCallback()user callback will be executed when a communication error is
 778:Drivers/STM32F1xx_HAL_Driver/Src/stm32f1xx_hal_spi.c **** 
 779:Drivers/STM32F1xx_HAL_Driver/Src/stm32f1xx_hal_spi.c ****     (#) APIs provided for these 2 transfer modes (Blocking mode or Non blocking mode using either I
 780:Drivers/STM32F1xx_HAL_Driver/Src/stm32f1xx_hal_spi.c ****         exist for 1Line (simplex) and 2Lines (full duplex) modes.
 781:Drivers/STM32F1xx_HAL_Driver/Src/stm32f1xx_hal_spi.c **** 
 782:Drivers/STM32F1xx_HAL_Driver/Src/stm32f1xx_hal_spi.c **** @endverbatim
 783:Drivers/STM32F1xx_HAL_Driver/Src/stm32f1xx_hal_spi.c ****   * @{
 784:Drivers/STM32F1xx_HAL_Driver/Src/stm32f1xx_hal_spi.c ****   */
 785:Drivers/STM32F1xx_HAL_Driver/Src/stm32f1xx_hal_spi.c **** 
 786:Drivers/STM32F1xx_HAL_Driver/Src/stm32f1xx_hal_spi.c **** /**
 787:Drivers/STM32F1xx_HAL_Driver/Src/stm32f1xx_hal_spi.c ****   * @brief  Transmit an amount of data in blocking mode.
 788:Drivers/STM32F1xx_HAL_Driver/Src/stm32f1xx_hal_spi.c ****   * @param  hspi pointer to a SPI_HandleTypeDef structure that contains
 789:Drivers/STM32F1xx_HAL_Driver/Src/stm32f1xx_hal_spi.c ****   *               the configuration information for SPI module.
 790:Drivers/STM32F1xx_HAL_Driver/Src/stm32f1xx_hal_spi.c ****   * @param  pData pointer to data buffer
 791:Drivers/STM32F1xx_HAL_Driver/Src/stm32f1xx_hal_spi.c ****   * @param  Size amount of data to be sent
 792:Drivers/STM32F1xx_HAL_Driver/Src/stm32f1xx_hal_spi.c ****   * @param  Timeout Timeout duration
 793:Drivers/STM32F1xx_HAL_Driver/Src/stm32f1xx_hal_spi.c ****   * @retval HAL status
 794:Drivers/STM32F1xx_HAL_Driver/Src/stm32f1xx_hal_spi.c ****   */
 795:Drivers/STM32F1xx_HAL_Driver/Src/stm32f1xx_hal_spi.c **** HAL_StatusTypeDef HAL_SPI_Transmit(SPI_HandleTypeDef *hspi, const uint8_t *pData, uint16_t Size, ui
 796:Drivers/STM32F1xx_HAL_Driver/Src/stm32f1xx_hal_spi.c **** {
 797:Drivers/STM32F1xx_HAL_Driver/Src/stm32f1xx_hal_spi.c ****   uint32_t tickstart;
 798:Drivers/STM32F1xx_HAL_Driver/Src/stm32f1xx_hal_spi.c ****   uint16_t initial_TxXferCount;
 799:Drivers/STM32F1xx_HAL_Driver/Src/stm32f1xx_hal_spi.c **** 
 800:Drivers/STM32F1xx_HAL_Driver/Src/stm32f1xx_hal_spi.c ****   /* Check Direction parameter */
 801:Drivers/STM32F1xx_HAL_Driver/Src/stm32f1xx_hal_spi.c ****   assert_param(IS_SPI_DIRECTION_2LINES_OR_1LINE(hspi->Init.Direction));
 802:Drivers/STM32F1xx_HAL_Driver/Src/stm32f1xx_hal_spi.c **** 
 803:Drivers/STM32F1xx_HAL_Driver/Src/stm32f1xx_hal_spi.c ****   /* Init tickstart for timeout management*/
 804:Drivers/STM32F1xx_HAL_Driver/Src/stm32f1xx_hal_spi.c ****   tickstart = HAL_GetTick();
 805:Drivers/STM32F1xx_HAL_Driver/Src/stm32f1xx_hal_spi.c ****   initial_TxXferCount = Size;
 806:Drivers/STM32F1xx_HAL_Driver/Src/stm32f1xx_hal_spi.c **** 
 807:Drivers/STM32F1xx_HAL_Driver/Src/stm32f1xx_hal_spi.c ****   if (hspi->State != HAL_SPI_STATE_READY)
 808:Drivers/STM32F1xx_HAL_Driver/Src/stm32f1xx_hal_spi.c ****   {
 809:Drivers/STM32F1xx_HAL_Driver/Src/stm32f1xx_hal_spi.c ****     return HAL_BUSY;
 810:Drivers/STM32F1xx_HAL_Driver/Src/stm32f1xx_hal_spi.c ****   }
 811:Drivers/STM32F1xx_HAL_Driver/Src/stm32f1xx_hal_spi.c **** 
 812:Drivers/STM32F1xx_HAL_Driver/Src/stm32f1xx_hal_spi.c ****   if ((pData == NULL) || (Size == 0U))
 813:Drivers/STM32F1xx_HAL_Driver/Src/stm32f1xx_hal_spi.c ****   {
 814:Drivers/STM32F1xx_HAL_Driver/Src/stm32f1xx_hal_spi.c ****     return HAL_ERROR;
 815:Drivers/STM32F1xx_HAL_Driver/Src/stm32f1xx_hal_spi.c ****   }
 816:Drivers/STM32F1xx_HAL_Driver/Src/stm32f1xx_hal_spi.c **** 
 817:Drivers/STM32F1xx_HAL_Driver/Src/stm32f1xx_hal_spi.c ****   /* Process Locked */
 818:Drivers/STM32F1xx_HAL_Driver/Src/stm32f1xx_hal_spi.c ****   __HAL_LOCK(hspi);
 819:Drivers/STM32F1xx_HAL_Driver/Src/stm32f1xx_hal_spi.c **** 
 820:Drivers/STM32F1xx_HAL_Driver/Src/stm32f1xx_hal_spi.c ****   /* Set the transaction information */
 821:Drivers/STM32F1xx_HAL_Driver/Src/stm32f1xx_hal_spi.c ****   hspi->State       = HAL_SPI_STATE_BUSY_TX;
 822:Drivers/STM32F1xx_HAL_Driver/Src/stm32f1xx_hal_spi.c ****   hspi->ErrorCode   = HAL_SPI_ERROR_NONE;
 823:Drivers/STM32F1xx_HAL_Driver/Src/stm32f1xx_hal_spi.c ****   hspi->pTxBuffPtr  = (const uint8_t *)pData;
 824:Drivers/STM32F1xx_HAL_Driver/Src/stm32f1xx_hal_spi.c ****   hspi->TxXferSize  = Size;
 825:Drivers/STM32F1xx_HAL_Driver/Src/stm32f1xx_hal_spi.c ****   hspi->TxXferCount = Size;
 826:Drivers/STM32F1xx_HAL_Driver/Src/stm32f1xx_hal_spi.c **** 
 827:Drivers/STM32F1xx_HAL_Driver/Src/stm32f1xx_hal_spi.c ****   /*Init field not used in handle to zero */
 828:Drivers/STM32F1xx_HAL_Driver/Src/stm32f1xx_hal_spi.c ****   hspi->pRxBuffPtr  = (uint8_t *)NULL;
 829:Drivers/STM32F1xx_HAL_Driver/Src/stm32f1xx_hal_spi.c ****   hspi->RxXferSize  = 0U;
 830:Drivers/STM32F1xx_HAL_Driver/Src/stm32f1xx_hal_spi.c ****   hspi->RxXferCount = 0U;
ARM GAS  /tmp/cctmCgKp.s 			page 16


 831:Drivers/STM32F1xx_HAL_Driver/Src/stm32f1xx_hal_spi.c ****   hspi->TxISR       = NULL;
 832:Drivers/STM32F1xx_HAL_Driver/Src/stm32f1xx_hal_spi.c ****   hspi->RxISR       = NULL;
 833:Drivers/STM32F1xx_HAL_Driver/Src/stm32f1xx_hal_spi.c **** 
 834:Drivers/STM32F1xx_HAL_Driver/Src/stm32f1xx_hal_spi.c ****   /* Configure communication direction : 1Line */
 835:Drivers/STM32F1xx_HAL_Driver/Src/stm32f1xx_hal_spi.c ****   if (hspi->Init.Direction == SPI_DIRECTION_1LINE)
 836:Drivers/STM32F1xx_HAL_Driver/Src/stm32f1xx_hal_spi.c ****   {
 837:Drivers/STM32F1xx_HAL_Driver/Src/stm32f1xx_hal_spi.c ****     /* Disable SPI Peripheral before set 1Line direction (BIDIOE bit) */
 838:Drivers/STM32F1xx_HAL_Driver/Src/stm32f1xx_hal_spi.c ****     __HAL_SPI_DISABLE(hspi);
 839:Drivers/STM32F1xx_HAL_Driver/Src/stm32f1xx_hal_spi.c ****     SPI_1LINE_TX(hspi);
 840:Drivers/STM32F1xx_HAL_Driver/Src/stm32f1xx_hal_spi.c ****   }
 841:Drivers/STM32F1xx_HAL_Driver/Src/stm32f1xx_hal_spi.c **** 
 842:Drivers/STM32F1xx_HAL_Driver/Src/stm32f1xx_hal_spi.c **** #if (USE_SPI_CRC != 0U)
 843:Drivers/STM32F1xx_HAL_Driver/Src/stm32f1xx_hal_spi.c ****   /* Reset CRC Calculation */
 844:Drivers/STM32F1xx_HAL_Driver/Src/stm32f1xx_hal_spi.c ****   if (hspi->Init.CRCCalculation == SPI_CRCCALCULATION_ENABLE)
 845:Drivers/STM32F1xx_HAL_Driver/Src/stm32f1xx_hal_spi.c ****   {
 846:Drivers/STM32F1xx_HAL_Driver/Src/stm32f1xx_hal_spi.c ****     SPI_RESET_CRC(hspi);
 847:Drivers/STM32F1xx_HAL_Driver/Src/stm32f1xx_hal_spi.c ****   }
 848:Drivers/STM32F1xx_HAL_Driver/Src/stm32f1xx_hal_spi.c **** #endif /* USE_SPI_CRC */
 849:Drivers/STM32F1xx_HAL_Driver/Src/stm32f1xx_hal_spi.c **** 
 850:Drivers/STM32F1xx_HAL_Driver/Src/stm32f1xx_hal_spi.c ****   /* Check if the SPI is already enabled */
 851:Drivers/STM32F1xx_HAL_Driver/Src/stm32f1xx_hal_spi.c ****   if ((hspi->Instance->CR1 & SPI_CR1_SPE) != SPI_CR1_SPE)
 852:Drivers/STM32F1xx_HAL_Driver/Src/stm32f1xx_hal_spi.c ****   {
 853:Drivers/STM32F1xx_HAL_Driver/Src/stm32f1xx_hal_spi.c ****     /* Enable SPI peripheral */
 854:Drivers/STM32F1xx_HAL_Driver/Src/stm32f1xx_hal_spi.c ****     __HAL_SPI_ENABLE(hspi);
 855:Drivers/STM32F1xx_HAL_Driver/Src/stm32f1xx_hal_spi.c ****   }
 856:Drivers/STM32F1xx_HAL_Driver/Src/stm32f1xx_hal_spi.c **** 
 857:Drivers/STM32F1xx_HAL_Driver/Src/stm32f1xx_hal_spi.c ****   /* Transmit data in 16 Bit mode */
 858:Drivers/STM32F1xx_HAL_Driver/Src/stm32f1xx_hal_spi.c ****   if (hspi->Init.DataSize == SPI_DATASIZE_16BIT)
 859:Drivers/STM32F1xx_HAL_Driver/Src/stm32f1xx_hal_spi.c ****   {
 860:Drivers/STM32F1xx_HAL_Driver/Src/stm32f1xx_hal_spi.c ****     if ((hspi->Init.Mode == SPI_MODE_SLAVE) || (initial_TxXferCount == 0x01U))
 861:Drivers/STM32F1xx_HAL_Driver/Src/stm32f1xx_hal_spi.c ****     {
 862:Drivers/STM32F1xx_HAL_Driver/Src/stm32f1xx_hal_spi.c ****       hspi->Instance->DR = *((const uint16_t *)hspi->pTxBuffPtr);
 863:Drivers/STM32F1xx_HAL_Driver/Src/stm32f1xx_hal_spi.c ****       hspi->pTxBuffPtr += sizeof(uint16_t);
 864:Drivers/STM32F1xx_HAL_Driver/Src/stm32f1xx_hal_spi.c ****       hspi->TxXferCount--;
 865:Drivers/STM32F1xx_HAL_Driver/Src/stm32f1xx_hal_spi.c ****     }
 866:Drivers/STM32F1xx_HAL_Driver/Src/stm32f1xx_hal_spi.c ****     /* Transmit data in 16 Bit mode */
 867:Drivers/STM32F1xx_HAL_Driver/Src/stm32f1xx_hal_spi.c ****     while (hspi->TxXferCount > 0U)
 868:Drivers/STM32F1xx_HAL_Driver/Src/stm32f1xx_hal_spi.c ****     {
 869:Drivers/STM32F1xx_HAL_Driver/Src/stm32f1xx_hal_spi.c ****       /* Wait until TXE flag is set to send data */
 870:Drivers/STM32F1xx_HAL_Driver/Src/stm32f1xx_hal_spi.c ****       if (__HAL_SPI_GET_FLAG(hspi, SPI_FLAG_TXE))
 871:Drivers/STM32F1xx_HAL_Driver/Src/stm32f1xx_hal_spi.c ****       {
 872:Drivers/STM32F1xx_HAL_Driver/Src/stm32f1xx_hal_spi.c ****         hspi->Instance->DR = *((const uint16_t *)hspi->pTxBuffPtr);
 873:Drivers/STM32F1xx_HAL_Driver/Src/stm32f1xx_hal_spi.c ****         hspi->pTxBuffPtr += sizeof(uint16_t);
 874:Drivers/STM32F1xx_HAL_Driver/Src/stm32f1xx_hal_spi.c ****         hspi->TxXferCount--;
 875:Drivers/STM32F1xx_HAL_Driver/Src/stm32f1xx_hal_spi.c ****       }
 876:Drivers/STM32F1xx_HAL_Driver/Src/stm32f1xx_hal_spi.c ****       else
 877:Drivers/STM32F1xx_HAL_Driver/Src/stm32f1xx_hal_spi.c ****       {
 878:Drivers/STM32F1xx_HAL_Driver/Src/stm32f1xx_hal_spi.c ****         /* Timeout management */
 879:Drivers/STM32F1xx_HAL_Driver/Src/stm32f1xx_hal_spi.c ****         if ((((HAL_GetTick() - tickstart) >=  Timeout) && (Timeout != HAL_MAX_DELAY)) || (Timeout =
 880:Drivers/STM32F1xx_HAL_Driver/Src/stm32f1xx_hal_spi.c ****         {
 881:Drivers/STM32F1xx_HAL_Driver/Src/stm32f1xx_hal_spi.c ****           hspi->State = HAL_SPI_STATE_READY;
 882:Drivers/STM32F1xx_HAL_Driver/Src/stm32f1xx_hal_spi.c ****           __HAL_UNLOCK(hspi);
 883:Drivers/STM32F1xx_HAL_Driver/Src/stm32f1xx_hal_spi.c ****           return HAL_TIMEOUT;
 884:Drivers/STM32F1xx_HAL_Driver/Src/stm32f1xx_hal_spi.c ****         }
 885:Drivers/STM32F1xx_HAL_Driver/Src/stm32f1xx_hal_spi.c ****       }
 886:Drivers/STM32F1xx_HAL_Driver/Src/stm32f1xx_hal_spi.c ****     }
 887:Drivers/STM32F1xx_HAL_Driver/Src/stm32f1xx_hal_spi.c ****   }
ARM GAS  /tmp/cctmCgKp.s 			page 17


 888:Drivers/STM32F1xx_HAL_Driver/Src/stm32f1xx_hal_spi.c ****   /* Transmit data in 8 Bit mode */
 889:Drivers/STM32F1xx_HAL_Driver/Src/stm32f1xx_hal_spi.c ****   else
 890:Drivers/STM32F1xx_HAL_Driver/Src/stm32f1xx_hal_spi.c ****   {
 891:Drivers/STM32F1xx_HAL_Driver/Src/stm32f1xx_hal_spi.c ****     if ((hspi->Init.Mode == SPI_MODE_SLAVE) || (initial_TxXferCount == 0x01U))
 892:Drivers/STM32F1xx_HAL_Driver/Src/stm32f1xx_hal_spi.c ****     {
 893:Drivers/STM32F1xx_HAL_Driver/Src/stm32f1xx_hal_spi.c ****       *((__IO uint8_t *)&hspi->Instance->DR) = *((const uint8_t *)hspi->pTxBuffPtr);
 894:Drivers/STM32F1xx_HAL_Driver/Src/stm32f1xx_hal_spi.c ****       hspi->pTxBuffPtr += sizeof(uint8_t);
 895:Drivers/STM32F1xx_HAL_Driver/Src/stm32f1xx_hal_spi.c ****       hspi->TxXferCount--;
 896:Drivers/STM32F1xx_HAL_Driver/Src/stm32f1xx_hal_spi.c ****     }
 897:Drivers/STM32F1xx_HAL_Driver/Src/stm32f1xx_hal_spi.c ****     while (hspi->TxXferCount > 0U)
 898:Drivers/STM32F1xx_HAL_Driver/Src/stm32f1xx_hal_spi.c ****     {
 899:Drivers/STM32F1xx_HAL_Driver/Src/stm32f1xx_hal_spi.c ****       /* Wait until TXE flag is set to send data */
 900:Drivers/STM32F1xx_HAL_Driver/Src/stm32f1xx_hal_spi.c ****       if (__HAL_SPI_GET_FLAG(hspi, SPI_FLAG_TXE))
 901:Drivers/STM32F1xx_HAL_Driver/Src/stm32f1xx_hal_spi.c ****       {
 902:Drivers/STM32F1xx_HAL_Driver/Src/stm32f1xx_hal_spi.c ****         *((__IO uint8_t *)&hspi->Instance->DR) = *((const uint8_t *)hspi->pTxBuffPtr);
 903:Drivers/STM32F1xx_HAL_Driver/Src/stm32f1xx_hal_spi.c ****         hspi->pTxBuffPtr += sizeof(uint8_t);
 904:Drivers/STM32F1xx_HAL_Driver/Src/stm32f1xx_hal_spi.c ****         hspi->TxXferCount--;
 905:Drivers/STM32F1xx_HAL_Driver/Src/stm32f1xx_hal_spi.c ****       }
 906:Drivers/STM32F1xx_HAL_Driver/Src/stm32f1xx_hal_spi.c ****       else
 907:Drivers/STM32F1xx_HAL_Driver/Src/stm32f1xx_hal_spi.c ****       {
 908:Drivers/STM32F1xx_HAL_Driver/Src/stm32f1xx_hal_spi.c ****         /* Timeout management */
 909:Drivers/STM32F1xx_HAL_Driver/Src/stm32f1xx_hal_spi.c ****         if ((((HAL_GetTick() - tickstart) >=  Timeout) && (Timeout != HAL_MAX_DELAY)) || (Timeout =
 910:Drivers/STM32F1xx_HAL_Driver/Src/stm32f1xx_hal_spi.c ****         {
 911:Drivers/STM32F1xx_HAL_Driver/Src/stm32f1xx_hal_spi.c ****           hspi->State = HAL_SPI_STATE_READY;
 912:Drivers/STM32F1xx_HAL_Driver/Src/stm32f1xx_hal_spi.c ****           __HAL_UNLOCK(hspi);
 913:Drivers/STM32F1xx_HAL_Driver/Src/stm32f1xx_hal_spi.c ****           return HAL_TIMEOUT;
 914:Drivers/STM32F1xx_HAL_Driver/Src/stm32f1xx_hal_spi.c ****         }
 915:Drivers/STM32F1xx_HAL_Driver/Src/stm32f1xx_hal_spi.c ****       }
 916:Drivers/STM32F1xx_HAL_Driver/Src/stm32f1xx_hal_spi.c ****     }
 917:Drivers/STM32F1xx_HAL_Driver/Src/stm32f1xx_hal_spi.c ****   }
 918:Drivers/STM32F1xx_HAL_Driver/Src/stm32f1xx_hal_spi.c **** #if (USE_SPI_CRC != 0U)
 919:Drivers/STM32F1xx_HAL_Driver/Src/stm32f1xx_hal_spi.c ****   /* Enable CRC Transmission */
 920:Drivers/STM32F1xx_HAL_Driver/Src/stm32f1xx_hal_spi.c ****   if (hspi->Init.CRCCalculation == SPI_CRCCALCULATION_ENABLE)
 921:Drivers/STM32F1xx_HAL_Driver/Src/stm32f1xx_hal_spi.c ****   {
 922:Drivers/STM32F1xx_HAL_Driver/Src/stm32f1xx_hal_spi.c ****     SET_BIT(hspi->Instance->CR1, SPI_CR1_CRCNEXT);
 923:Drivers/STM32F1xx_HAL_Driver/Src/stm32f1xx_hal_spi.c ****   }
 924:Drivers/STM32F1xx_HAL_Driver/Src/stm32f1xx_hal_spi.c **** #endif /* USE_SPI_CRC */
 925:Drivers/STM32F1xx_HAL_Driver/Src/stm32f1xx_hal_spi.c **** 
 926:Drivers/STM32F1xx_HAL_Driver/Src/stm32f1xx_hal_spi.c ****   /* Check the end of the transaction */
 927:Drivers/STM32F1xx_HAL_Driver/Src/stm32f1xx_hal_spi.c ****   if (SPI_EndRxTxTransaction(hspi, Timeout, tickstart) != HAL_OK)
 928:Drivers/STM32F1xx_HAL_Driver/Src/stm32f1xx_hal_spi.c ****   {
 929:Drivers/STM32F1xx_HAL_Driver/Src/stm32f1xx_hal_spi.c ****     hspi->ErrorCode = HAL_SPI_ERROR_FLAG;
 930:Drivers/STM32F1xx_HAL_Driver/Src/stm32f1xx_hal_spi.c ****   }
 931:Drivers/STM32F1xx_HAL_Driver/Src/stm32f1xx_hal_spi.c **** 
 932:Drivers/STM32F1xx_HAL_Driver/Src/stm32f1xx_hal_spi.c ****   /* Clear overrun flag in 2 Lines communication mode because received is not read */
 933:Drivers/STM32F1xx_HAL_Driver/Src/stm32f1xx_hal_spi.c ****   if (hspi->Init.Direction == SPI_DIRECTION_2LINES)
 934:Drivers/STM32F1xx_HAL_Driver/Src/stm32f1xx_hal_spi.c ****   {
 935:Drivers/STM32F1xx_HAL_Driver/Src/stm32f1xx_hal_spi.c ****     __HAL_SPI_CLEAR_OVRFLAG(hspi);
 936:Drivers/STM32F1xx_HAL_Driver/Src/stm32f1xx_hal_spi.c ****   }
 937:Drivers/STM32F1xx_HAL_Driver/Src/stm32f1xx_hal_spi.c **** 
 938:Drivers/STM32F1xx_HAL_Driver/Src/stm32f1xx_hal_spi.c ****   hspi->State = HAL_SPI_STATE_READY;
 939:Drivers/STM32F1xx_HAL_Driver/Src/stm32f1xx_hal_spi.c ****   /* Process Unlocked */
 940:Drivers/STM32F1xx_HAL_Driver/Src/stm32f1xx_hal_spi.c ****   __HAL_UNLOCK(hspi);
 941:Drivers/STM32F1xx_HAL_Driver/Src/stm32f1xx_hal_spi.c **** 
 942:Drivers/STM32F1xx_HAL_Driver/Src/stm32f1xx_hal_spi.c ****   if (hspi->ErrorCode != HAL_SPI_ERROR_NONE)
 943:Drivers/STM32F1xx_HAL_Driver/Src/stm32f1xx_hal_spi.c ****   {
 944:Drivers/STM32F1xx_HAL_Driver/Src/stm32f1xx_hal_spi.c ****     return HAL_ERROR;
ARM GAS  /tmp/cctmCgKp.s 			page 18


 945:Drivers/STM32F1xx_HAL_Driver/Src/stm32f1xx_hal_spi.c ****   }
 946:Drivers/STM32F1xx_HAL_Driver/Src/stm32f1xx_hal_spi.c ****   else
 947:Drivers/STM32F1xx_HAL_Driver/Src/stm32f1xx_hal_spi.c ****   {
 948:Drivers/STM32F1xx_HAL_Driver/Src/stm32f1xx_hal_spi.c ****     return HAL_OK;
 949:Drivers/STM32F1xx_HAL_Driver/Src/stm32f1xx_hal_spi.c ****   }
 950:Drivers/STM32F1xx_HAL_Driver/Src/stm32f1xx_hal_spi.c **** }
 951:Drivers/STM32F1xx_HAL_Driver/Src/stm32f1xx_hal_spi.c **** 
 952:Drivers/STM32F1xx_HAL_Driver/Src/stm32f1xx_hal_spi.c **** /**
 953:Drivers/STM32F1xx_HAL_Driver/Src/stm32f1xx_hal_spi.c ****   * @brief  Receive an amount of data in blocking mode.
 954:Drivers/STM32F1xx_HAL_Driver/Src/stm32f1xx_hal_spi.c ****   * @param  hspi pointer to a SPI_HandleTypeDef structure that contains
 955:Drivers/STM32F1xx_HAL_Driver/Src/stm32f1xx_hal_spi.c ****   *               the configuration information for SPI module.
 956:Drivers/STM32F1xx_HAL_Driver/Src/stm32f1xx_hal_spi.c ****   * @param  pData pointer to data buffer
 957:Drivers/STM32F1xx_HAL_Driver/Src/stm32f1xx_hal_spi.c ****   * @param  Size amount of data to be received
 958:Drivers/STM32F1xx_HAL_Driver/Src/stm32f1xx_hal_spi.c ****   * @param  Timeout Timeout duration
 959:Drivers/STM32F1xx_HAL_Driver/Src/stm32f1xx_hal_spi.c ****   * @retval HAL status
 960:Drivers/STM32F1xx_HAL_Driver/Src/stm32f1xx_hal_spi.c ****   */
 961:Drivers/STM32F1xx_HAL_Driver/Src/stm32f1xx_hal_spi.c **** HAL_StatusTypeDef HAL_SPI_Receive(SPI_HandleTypeDef *hspi, uint8_t *pData, uint16_t Size, uint32_t 
 962:Drivers/STM32F1xx_HAL_Driver/Src/stm32f1xx_hal_spi.c **** {
 963:Drivers/STM32F1xx_HAL_Driver/Src/stm32f1xx_hal_spi.c **** #if (USE_SPI_CRC != 0U)
 964:Drivers/STM32F1xx_HAL_Driver/Src/stm32f1xx_hal_spi.c ****   __IO uint32_t tmpreg = 0U;
 965:Drivers/STM32F1xx_HAL_Driver/Src/stm32f1xx_hal_spi.c **** #endif /* USE_SPI_CRC */
 966:Drivers/STM32F1xx_HAL_Driver/Src/stm32f1xx_hal_spi.c ****   uint32_t tickstart;
 967:Drivers/STM32F1xx_HAL_Driver/Src/stm32f1xx_hal_spi.c **** 
 968:Drivers/STM32F1xx_HAL_Driver/Src/stm32f1xx_hal_spi.c ****   if (hspi->State != HAL_SPI_STATE_READY)
 969:Drivers/STM32F1xx_HAL_Driver/Src/stm32f1xx_hal_spi.c ****   {
 970:Drivers/STM32F1xx_HAL_Driver/Src/stm32f1xx_hal_spi.c ****     return HAL_BUSY;
 971:Drivers/STM32F1xx_HAL_Driver/Src/stm32f1xx_hal_spi.c ****   }
 972:Drivers/STM32F1xx_HAL_Driver/Src/stm32f1xx_hal_spi.c **** 
 973:Drivers/STM32F1xx_HAL_Driver/Src/stm32f1xx_hal_spi.c ****   if ((hspi->Init.Mode == SPI_MODE_MASTER) && (hspi->Init.Direction == SPI_DIRECTION_2LINES))
 974:Drivers/STM32F1xx_HAL_Driver/Src/stm32f1xx_hal_spi.c ****   {
 975:Drivers/STM32F1xx_HAL_Driver/Src/stm32f1xx_hal_spi.c ****     hspi->State = HAL_SPI_STATE_BUSY_RX;
 976:Drivers/STM32F1xx_HAL_Driver/Src/stm32f1xx_hal_spi.c ****     /* Call transmit-receive function to send Dummy data on Tx line and generate clock on CLK line 
 977:Drivers/STM32F1xx_HAL_Driver/Src/stm32f1xx_hal_spi.c ****     return HAL_SPI_TransmitReceive(hspi, pData, pData, Size, Timeout);
 978:Drivers/STM32F1xx_HAL_Driver/Src/stm32f1xx_hal_spi.c ****   }
 979:Drivers/STM32F1xx_HAL_Driver/Src/stm32f1xx_hal_spi.c **** 
 980:Drivers/STM32F1xx_HAL_Driver/Src/stm32f1xx_hal_spi.c ****   /* Init tickstart for timeout management*/
 981:Drivers/STM32F1xx_HAL_Driver/Src/stm32f1xx_hal_spi.c ****   tickstart = HAL_GetTick();
 982:Drivers/STM32F1xx_HAL_Driver/Src/stm32f1xx_hal_spi.c **** 
 983:Drivers/STM32F1xx_HAL_Driver/Src/stm32f1xx_hal_spi.c ****   if ((pData == NULL) || (Size == 0U))
 984:Drivers/STM32F1xx_HAL_Driver/Src/stm32f1xx_hal_spi.c ****   {
 985:Drivers/STM32F1xx_HAL_Driver/Src/stm32f1xx_hal_spi.c ****     return HAL_ERROR;
 986:Drivers/STM32F1xx_HAL_Driver/Src/stm32f1xx_hal_spi.c ****   }
 987:Drivers/STM32F1xx_HAL_Driver/Src/stm32f1xx_hal_spi.c **** 
 988:Drivers/STM32F1xx_HAL_Driver/Src/stm32f1xx_hal_spi.c ****   /* Process Locked */
 989:Drivers/STM32F1xx_HAL_Driver/Src/stm32f1xx_hal_spi.c ****   __HAL_LOCK(hspi);
 990:Drivers/STM32F1xx_HAL_Driver/Src/stm32f1xx_hal_spi.c **** 
 991:Drivers/STM32F1xx_HAL_Driver/Src/stm32f1xx_hal_spi.c ****   /* Set the transaction information */
 992:Drivers/STM32F1xx_HAL_Driver/Src/stm32f1xx_hal_spi.c ****   hspi->State       = HAL_SPI_STATE_BUSY_RX;
 993:Drivers/STM32F1xx_HAL_Driver/Src/stm32f1xx_hal_spi.c ****   hspi->ErrorCode   = HAL_SPI_ERROR_NONE;
 994:Drivers/STM32F1xx_HAL_Driver/Src/stm32f1xx_hal_spi.c ****   hspi->pRxBuffPtr  = (uint8_t *)pData;
 995:Drivers/STM32F1xx_HAL_Driver/Src/stm32f1xx_hal_spi.c ****   hspi->RxXferSize  = Size;
 996:Drivers/STM32F1xx_HAL_Driver/Src/stm32f1xx_hal_spi.c ****   hspi->RxXferCount = Size;
 997:Drivers/STM32F1xx_HAL_Driver/Src/stm32f1xx_hal_spi.c **** 
 998:Drivers/STM32F1xx_HAL_Driver/Src/stm32f1xx_hal_spi.c ****   /*Init field not used in handle to zero */
 999:Drivers/STM32F1xx_HAL_Driver/Src/stm32f1xx_hal_spi.c ****   hspi->pTxBuffPtr  = (uint8_t *)NULL;
1000:Drivers/STM32F1xx_HAL_Driver/Src/stm32f1xx_hal_spi.c ****   hspi->TxXferSize  = 0U;
1001:Drivers/STM32F1xx_HAL_Driver/Src/stm32f1xx_hal_spi.c ****   hspi->TxXferCount = 0U;
ARM GAS  /tmp/cctmCgKp.s 			page 19


1002:Drivers/STM32F1xx_HAL_Driver/Src/stm32f1xx_hal_spi.c ****   hspi->RxISR       = NULL;
1003:Drivers/STM32F1xx_HAL_Driver/Src/stm32f1xx_hal_spi.c ****   hspi->TxISR       = NULL;
1004:Drivers/STM32F1xx_HAL_Driver/Src/stm32f1xx_hal_spi.c **** 
1005:Drivers/STM32F1xx_HAL_Driver/Src/stm32f1xx_hal_spi.c **** #if (USE_SPI_CRC != 0U)
1006:Drivers/STM32F1xx_HAL_Driver/Src/stm32f1xx_hal_spi.c ****   /* Reset CRC Calculation */
1007:Drivers/STM32F1xx_HAL_Driver/Src/stm32f1xx_hal_spi.c ****   if (hspi->Init.CRCCalculation == SPI_CRCCALCULATION_ENABLE)
1008:Drivers/STM32F1xx_HAL_Driver/Src/stm32f1xx_hal_spi.c ****   {
1009:Drivers/STM32F1xx_HAL_Driver/Src/stm32f1xx_hal_spi.c ****     SPI_RESET_CRC(hspi);
1010:Drivers/STM32F1xx_HAL_Driver/Src/stm32f1xx_hal_spi.c ****     /* this is done to handle the CRCNEXT before the latest data */
1011:Drivers/STM32F1xx_HAL_Driver/Src/stm32f1xx_hal_spi.c ****     hspi->RxXferCount--;
1012:Drivers/STM32F1xx_HAL_Driver/Src/stm32f1xx_hal_spi.c ****   }
1013:Drivers/STM32F1xx_HAL_Driver/Src/stm32f1xx_hal_spi.c **** #endif /* USE_SPI_CRC */
1014:Drivers/STM32F1xx_HAL_Driver/Src/stm32f1xx_hal_spi.c **** 
1015:Drivers/STM32F1xx_HAL_Driver/Src/stm32f1xx_hal_spi.c ****   /* Configure communication direction: 1Line */
1016:Drivers/STM32F1xx_HAL_Driver/Src/stm32f1xx_hal_spi.c ****   if (hspi->Init.Direction == SPI_DIRECTION_1LINE)
1017:Drivers/STM32F1xx_HAL_Driver/Src/stm32f1xx_hal_spi.c ****   {
1018:Drivers/STM32F1xx_HAL_Driver/Src/stm32f1xx_hal_spi.c ****     /* Disable SPI Peripheral before set 1Line direction (BIDIOE bit) */
1019:Drivers/STM32F1xx_HAL_Driver/Src/stm32f1xx_hal_spi.c ****     __HAL_SPI_DISABLE(hspi);
1020:Drivers/STM32F1xx_HAL_Driver/Src/stm32f1xx_hal_spi.c ****     SPI_1LINE_RX(hspi);
1021:Drivers/STM32F1xx_HAL_Driver/Src/stm32f1xx_hal_spi.c ****   }
1022:Drivers/STM32F1xx_HAL_Driver/Src/stm32f1xx_hal_spi.c **** 
1023:Drivers/STM32F1xx_HAL_Driver/Src/stm32f1xx_hal_spi.c ****   /* Check if the SPI is already enabled */
1024:Drivers/STM32F1xx_HAL_Driver/Src/stm32f1xx_hal_spi.c ****   if ((hspi->Instance->CR1 & SPI_CR1_SPE) != SPI_CR1_SPE)
1025:Drivers/STM32F1xx_HAL_Driver/Src/stm32f1xx_hal_spi.c ****   {
1026:Drivers/STM32F1xx_HAL_Driver/Src/stm32f1xx_hal_spi.c ****     /* Enable SPI peripheral */
1027:Drivers/STM32F1xx_HAL_Driver/Src/stm32f1xx_hal_spi.c ****     __HAL_SPI_ENABLE(hspi);
1028:Drivers/STM32F1xx_HAL_Driver/Src/stm32f1xx_hal_spi.c ****   }
1029:Drivers/STM32F1xx_HAL_Driver/Src/stm32f1xx_hal_spi.c **** 
1030:Drivers/STM32F1xx_HAL_Driver/Src/stm32f1xx_hal_spi.c ****   /* Receive data in 8 Bit mode */
1031:Drivers/STM32F1xx_HAL_Driver/Src/stm32f1xx_hal_spi.c ****   if (hspi->Init.DataSize == SPI_DATASIZE_8BIT)
1032:Drivers/STM32F1xx_HAL_Driver/Src/stm32f1xx_hal_spi.c ****   {
1033:Drivers/STM32F1xx_HAL_Driver/Src/stm32f1xx_hal_spi.c ****     /* Transfer loop */
1034:Drivers/STM32F1xx_HAL_Driver/Src/stm32f1xx_hal_spi.c ****     while (hspi->RxXferCount > 0U)
1035:Drivers/STM32F1xx_HAL_Driver/Src/stm32f1xx_hal_spi.c ****     {
1036:Drivers/STM32F1xx_HAL_Driver/Src/stm32f1xx_hal_spi.c ****       /* Check the RXNE flag */
1037:Drivers/STM32F1xx_HAL_Driver/Src/stm32f1xx_hal_spi.c ****       if (__HAL_SPI_GET_FLAG(hspi, SPI_FLAG_RXNE))
1038:Drivers/STM32F1xx_HAL_Driver/Src/stm32f1xx_hal_spi.c ****       {
1039:Drivers/STM32F1xx_HAL_Driver/Src/stm32f1xx_hal_spi.c ****         /* read the received data */
1040:Drivers/STM32F1xx_HAL_Driver/Src/stm32f1xx_hal_spi.c ****         (* (uint8_t *)hspi->pRxBuffPtr) = *(__IO uint8_t *)&hspi->Instance->DR;
1041:Drivers/STM32F1xx_HAL_Driver/Src/stm32f1xx_hal_spi.c ****         hspi->pRxBuffPtr += sizeof(uint8_t);
1042:Drivers/STM32F1xx_HAL_Driver/Src/stm32f1xx_hal_spi.c ****         hspi->RxXferCount--;
1043:Drivers/STM32F1xx_HAL_Driver/Src/stm32f1xx_hal_spi.c ****       }
1044:Drivers/STM32F1xx_HAL_Driver/Src/stm32f1xx_hal_spi.c ****       else
1045:Drivers/STM32F1xx_HAL_Driver/Src/stm32f1xx_hal_spi.c ****       {
1046:Drivers/STM32F1xx_HAL_Driver/Src/stm32f1xx_hal_spi.c ****         /* Timeout management */
1047:Drivers/STM32F1xx_HAL_Driver/Src/stm32f1xx_hal_spi.c ****         if ((((HAL_GetTick() - tickstart) >=  Timeout) && (Timeout != HAL_MAX_DELAY)) || (Timeout =
1048:Drivers/STM32F1xx_HAL_Driver/Src/stm32f1xx_hal_spi.c ****         {
1049:Drivers/STM32F1xx_HAL_Driver/Src/stm32f1xx_hal_spi.c ****           hspi->State = HAL_SPI_STATE_READY;
1050:Drivers/STM32F1xx_HAL_Driver/Src/stm32f1xx_hal_spi.c ****           __HAL_UNLOCK(hspi);
1051:Drivers/STM32F1xx_HAL_Driver/Src/stm32f1xx_hal_spi.c ****           return HAL_TIMEOUT;
1052:Drivers/STM32F1xx_HAL_Driver/Src/stm32f1xx_hal_spi.c ****         }
1053:Drivers/STM32F1xx_HAL_Driver/Src/stm32f1xx_hal_spi.c ****       }
1054:Drivers/STM32F1xx_HAL_Driver/Src/stm32f1xx_hal_spi.c ****     }
1055:Drivers/STM32F1xx_HAL_Driver/Src/stm32f1xx_hal_spi.c ****   }
1056:Drivers/STM32F1xx_HAL_Driver/Src/stm32f1xx_hal_spi.c ****   else
1057:Drivers/STM32F1xx_HAL_Driver/Src/stm32f1xx_hal_spi.c ****   {
1058:Drivers/STM32F1xx_HAL_Driver/Src/stm32f1xx_hal_spi.c ****     /* Transfer loop */
ARM GAS  /tmp/cctmCgKp.s 			page 20


1059:Drivers/STM32F1xx_HAL_Driver/Src/stm32f1xx_hal_spi.c ****     while (hspi->RxXferCount > 0U)
1060:Drivers/STM32F1xx_HAL_Driver/Src/stm32f1xx_hal_spi.c ****     {
1061:Drivers/STM32F1xx_HAL_Driver/Src/stm32f1xx_hal_spi.c ****       /* Check the RXNE flag */
1062:Drivers/STM32F1xx_HAL_Driver/Src/stm32f1xx_hal_spi.c ****       if (__HAL_SPI_GET_FLAG(hspi, SPI_FLAG_RXNE))
1063:Drivers/STM32F1xx_HAL_Driver/Src/stm32f1xx_hal_spi.c ****       {
1064:Drivers/STM32F1xx_HAL_Driver/Src/stm32f1xx_hal_spi.c ****         *((uint16_t *)hspi->pRxBuffPtr) = (uint16_t)hspi->Instance->DR;
1065:Drivers/STM32F1xx_HAL_Driver/Src/stm32f1xx_hal_spi.c ****         hspi->pRxBuffPtr += sizeof(uint16_t);
1066:Drivers/STM32F1xx_HAL_Driver/Src/stm32f1xx_hal_spi.c ****         hspi->RxXferCount--;
1067:Drivers/STM32F1xx_HAL_Driver/Src/stm32f1xx_hal_spi.c ****       }
1068:Drivers/STM32F1xx_HAL_Driver/Src/stm32f1xx_hal_spi.c ****       else
1069:Drivers/STM32F1xx_HAL_Driver/Src/stm32f1xx_hal_spi.c ****       {
1070:Drivers/STM32F1xx_HAL_Driver/Src/stm32f1xx_hal_spi.c ****         /* Timeout management */
1071:Drivers/STM32F1xx_HAL_Driver/Src/stm32f1xx_hal_spi.c ****         if ((((HAL_GetTick() - tickstart) >=  Timeout) && (Timeout != HAL_MAX_DELAY)) || (Timeout =
1072:Drivers/STM32F1xx_HAL_Driver/Src/stm32f1xx_hal_spi.c ****         {
1073:Drivers/STM32F1xx_HAL_Driver/Src/stm32f1xx_hal_spi.c ****           hspi->State = HAL_SPI_STATE_READY;
1074:Drivers/STM32F1xx_HAL_Driver/Src/stm32f1xx_hal_spi.c ****           __HAL_UNLOCK(hspi);
1075:Drivers/STM32F1xx_HAL_Driver/Src/stm32f1xx_hal_spi.c ****           return HAL_TIMEOUT;
1076:Drivers/STM32F1xx_HAL_Driver/Src/stm32f1xx_hal_spi.c ****         }
1077:Drivers/STM32F1xx_HAL_Driver/Src/stm32f1xx_hal_spi.c ****       }
1078:Drivers/STM32F1xx_HAL_Driver/Src/stm32f1xx_hal_spi.c ****     }
1079:Drivers/STM32F1xx_HAL_Driver/Src/stm32f1xx_hal_spi.c ****   }
1080:Drivers/STM32F1xx_HAL_Driver/Src/stm32f1xx_hal_spi.c **** 
1081:Drivers/STM32F1xx_HAL_Driver/Src/stm32f1xx_hal_spi.c **** #if (USE_SPI_CRC != 0U)
1082:Drivers/STM32F1xx_HAL_Driver/Src/stm32f1xx_hal_spi.c ****   /* Handle the CRC Transmission */
1083:Drivers/STM32F1xx_HAL_Driver/Src/stm32f1xx_hal_spi.c ****   if (hspi->Init.CRCCalculation == SPI_CRCCALCULATION_ENABLE)
1084:Drivers/STM32F1xx_HAL_Driver/Src/stm32f1xx_hal_spi.c ****   {
1085:Drivers/STM32F1xx_HAL_Driver/Src/stm32f1xx_hal_spi.c ****     /* freeze the CRC before the latest data */
1086:Drivers/STM32F1xx_HAL_Driver/Src/stm32f1xx_hal_spi.c ****     SET_BIT(hspi->Instance->CR1, SPI_CR1_CRCNEXT);
1087:Drivers/STM32F1xx_HAL_Driver/Src/stm32f1xx_hal_spi.c **** 
1088:Drivers/STM32F1xx_HAL_Driver/Src/stm32f1xx_hal_spi.c ****     /* Check if CRCNEXT is well reset by hardware */
1089:Drivers/STM32F1xx_HAL_Driver/Src/stm32f1xx_hal_spi.c ****     if (READ_BIT(hspi->Instance->CR1, SPI_CR1_CRCNEXT))
1090:Drivers/STM32F1xx_HAL_Driver/Src/stm32f1xx_hal_spi.c ****     {
1091:Drivers/STM32F1xx_HAL_Driver/Src/stm32f1xx_hal_spi.c ****       /* Workaround to force CRCNEXT bit to zero in case of CRCNEXT is not reset automatically by h
1092:Drivers/STM32F1xx_HAL_Driver/Src/stm32f1xx_hal_spi.c ****       CLEAR_BIT(hspi->Instance->CR1, SPI_CR1_CRCNEXT);
1093:Drivers/STM32F1xx_HAL_Driver/Src/stm32f1xx_hal_spi.c ****     }
1094:Drivers/STM32F1xx_HAL_Driver/Src/stm32f1xx_hal_spi.c ****     /* Read the latest data */
1095:Drivers/STM32F1xx_HAL_Driver/Src/stm32f1xx_hal_spi.c ****     if (SPI_WaitFlagStateUntilTimeout(hspi, SPI_FLAG_RXNE, SET, Timeout, tickstart) != HAL_OK)
1096:Drivers/STM32F1xx_HAL_Driver/Src/stm32f1xx_hal_spi.c ****     {
1097:Drivers/STM32F1xx_HAL_Driver/Src/stm32f1xx_hal_spi.c ****       /* the latest data has not been received */
1098:Drivers/STM32F1xx_HAL_Driver/Src/stm32f1xx_hal_spi.c ****       __HAL_UNLOCK(hspi);
1099:Drivers/STM32F1xx_HAL_Driver/Src/stm32f1xx_hal_spi.c ****       return HAL_TIMEOUT;
1100:Drivers/STM32F1xx_HAL_Driver/Src/stm32f1xx_hal_spi.c ****     }
1101:Drivers/STM32F1xx_HAL_Driver/Src/stm32f1xx_hal_spi.c **** 
1102:Drivers/STM32F1xx_HAL_Driver/Src/stm32f1xx_hal_spi.c ****     /* Receive last data in 16 Bit mode */
1103:Drivers/STM32F1xx_HAL_Driver/Src/stm32f1xx_hal_spi.c ****     if (hspi->Init.DataSize == SPI_DATASIZE_16BIT)
1104:Drivers/STM32F1xx_HAL_Driver/Src/stm32f1xx_hal_spi.c ****     {
1105:Drivers/STM32F1xx_HAL_Driver/Src/stm32f1xx_hal_spi.c ****       *((uint16_t *)hspi->pRxBuffPtr) = (uint16_t)hspi->Instance->DR;
1106:Drivers/STM32F1xx_HAL_Driver/Src/stm32f1xx_hal_spi.c ****     }
1107:Drivers/STM32F1xx_HAL_Driver/Src/stm32f1xx_hal_spi.c ****     /* Receive last data in 8 Bit mode */
1108:Drivers/STM32F1xx_HAL_Driver/Src/stm32f1xx_hal_spi.c ****     else
1109:Drivers/STM32F1xx_HAL_Driver/Src/stm32f1xx_hal_spi.c ****     {
1110:Drivers/STM32F1xx_HAL_Driver/Src/stm32f1xx_hal_spi.c ****       (*(uint8_t *)hspi->pRxBuffPtr) = *(__IO uint8_t *)&hspi->Instance->DR;
1111:Drivers/STM32F1xx_HAL_Driver/Src/stm32f1xx_hal_spi.c ****     }
1112:Drivers/STM32F1xx_HAL_Driver/Src/stm32f1xx_hal_spi.c **** 
1113:Drivers/STM32F1xx_HAL_Driver/Src/stm32f1xx_hal_spi.c ****     /* Wait the CRC data */
1114:Drivers/STM32F1xx_HAL_Driver/Src/stm32f1xx_hal_spi.c ****     if (SPI_WaitFlagStateUntilTimeout(hspi, SPI_FLAG_RXNE, SET, Timeout, tickstart) != HAL_OK)
1115:Drivers/STM32F1xx_HAL_Driver/Src/stm32f1xx_hal_spi.c ****     {
ARM GAS  /tmp/cctmCgKp.s 			page 21


1116:Drivers/STM32F1xx_HAL_Driver/Src/stm32f1xx_hal_spi.c ****       SET_BIT(hspi->ErrorCode, HAL_SPI_ERROR_CRC);
1117:Drivers/STM32F1xx_HAL_Driver/Src/stm32f1xx_hal_spi.c ****       hspi->State = HAL_SPI_STATE_READY;
1118:Drivers/STM32F1xx_HAL_Driver/Src/stm32f1xx_hal_spi.c ****       __HAL_UNLOCK(hspi);
1119:Drivers/STM32F1xx_HAL_Driver/Src/stm32f1xx_hal_spi.c ****       return HAL_TIMEOUT;
1120:Drivers/STM32F1xx_HAL_Driver/Src/stm32f1xx_hal_spi.c ****     }
1121:Drivers/STM32F1xx_HAL_Driver/Src/stm32f1xx_hal_spi.c **** 
1122:Drivers/STM32F1xx_HAL_Driver/Src/stm32f1xx_hal_spi.c ****     /* Read CRC to Flush DR and RXNE flag */
1123:Drivers/STM32F1xx_HAL_Driver/Src/stm32f1xx_hal_spi.c ****     tmpreg = READ_REG(hspi->Instance->DR);
1124:Drivers/STM32F1xx_HAL_Driver/Src/stm32f1xx_hal_spi.c ****     /* To avoid GCC warning */
1125:Drivers/STM32F1xx_HAL_Driver/Src/stm32f1xx_hal_spi.c ****     UNUSED(tmpreg);
1126:Drivers/STM32F1xx_HAL_Driver/Src/stm32f1xx_hal_spi.c ****   }
1127:Drivers/STM32F1xx_HAL_Driver/Src/stm32f1xx_hal_spi.c **** #endif /* USE_SPI_CRC */
1128:Drivers/STM32F1xx_HAL_Driver/Src/stm32f1xx_hal_spi.c **** 
1129:Drivers/STM32F1xx_HAL_Driver/Src/stm32f1xx_hal_spi.c ****   /* Check the end of the transaction */
1130:Drivers/STM32F1xx_HAL_Driver/Src/stm32f1xx_hal_spi.c ****   if (SPI_EndRxTransaction(hspi, Timeout, tickstart) != HAL_OK)
1131:Drivers/STM32F1xx_HAL_Driver/Src/stm32f1xx_hal_spi.c ****   {
1132:Drivers/STM32F1xx_HAL_Driver/Src/stm32f1xx_hal_spi.c ****     hspi->ErrorCode = HAL_SPI_ERROR_FLAG;
1133:Drivers/STM32F1xx_HAL_Driver/Src/stm32f1xx_hal_spi.c ****   }
1134:Drivers/STM32F1xx_HAL_Driver/Src/stm32f1xx_hal_spi.c **** 
1135:Drivers/STM32F1xx_HAL_Driver/Src/stm32f1xx_hal_spi.c **** #if (USE_SPI_CRC != 0U)
1136:Drivers/STM32F1xx_HAL_Driver/Src/stm32f1xx_hal_spi.c ****   /* Check if CRC error occurred */
1137:Drivers/STM32F1xx_HAL_Driver/Src/stm32f1xx_hal_spi.c ****   if (__HAL_SPI_GET_FLAG(hspi, SPI_FLAG_CRCERR) != RESET)
1138:Drivers/STM32F1xx_HAL_Driver/Src/stm32f1xx_hal_spi.c ****   {
1139:Drivers/STM32F1xx_HAL_Driver/Src/stm32f1xx_hal_spi.c ****     /* Check if CRC error is valid or not (workaround to be applied or not) */
1140:Drivers/STM32F1xx_HAL_Driver/Src/stm32f1xx_hal_spi.c ****     if (SPI_ISCRCErrorValid(hspi) == SPI_VALID_CRC_ERROR)
1141:Drivers/STM32F1xx_HAL_Driver/Src/stm32f1xx_hal_spi.c ****     {
1142:Drivers/STM32F1xx_HAL_Driver/Src/stm32f1xx_hal_spi.c ****       SET_BIT(hspi->ErrorCode, HAL_SPI_ERROR_CRC);
1143:Drivers/STM32F1xx_HAL_Driver/Src/stm32f1xx_hal_spi.c **** 
1144:Drivers/STM32F1xx_HAL_Driver/Src/stm32f1xx_hal_spi.c ****       /* Reset CRC Calculation */
1145:Drivers/STM32F1xx_HAL_Driver/Src/stm32f1xx_hal_spi.c ****       SPI_RESET_CRC(hspi);
1146:Drivers/STM32F1xx_HAL_Driver/Src/stm32f1xx_hal_spi.c ****     }
1147:Drivers/STM32F1xx_HAL_Driver/Src/stm32f1xx_hal_spi.c ****     else
1148:Drivers/STM32F1xx_HAL_Driver/Src/stm32f1xx_hal_spi.c ****     {
1149:Drivers/STM32F1xx_HAL_Driver/Src/stm32f1xx_hal_spi.c ****       __HAL_SPI_CLEAR_CRCERRFLAG(hspi);
1150:Drivers/STM32F1xx_HAL_Driver/Src/stm32f1xx_hal_spi.c ****     }
1151:Drivers/STM32F1xx_HAL_Driver/Src/stm32f1xx_hal_spi.c ****   }
1152:Drivers/STM32F1xx_HAL_Driver/Src/stm32f1xx_hal_spi.c **** #endif /* USE_SPI_CRC */
1153:Drivers/STM32F1xx_HAL_Driver/Src/stm32f1xx_hal_spi.c **** 
1154:Drivers/STM32F1xx_HAL_Driver/Src/stm32f1xx_hal_spi.c ****   hspi->State = HAL_SPI_STATE_READY;
1155:Drivers/STM32F1xx_HAL_Driver/Src/stm32f1xx_hal_spi.c ****   /* Unlock the process */
1156:Drivers/STM32F1xx_HAL_Driver/Src/stm32f1xx_hal_spi.c ****   __HAL_UNLOCK(hspi);
1157:Drivers/STM32F1xx_HAL_Driver/Src/stm32f1xx_hal_spi.c ****   if (hspi->ErrorCode != HAL_SPI_ERROR_NONE)
1158:Drivers/STM32F1xx_HAL_Driver/Src/stm32f1xx_hal_spi.c ****   {
1159:Drivers/STM32F1xx_HAL_Driver/Src/stm32f1xx_hal_spi.c ****     return HAL_ERROR;
1160:Drivers/STM32F1xx_HAL_Driver/Src/stm32f1xx_hal_spi.c ****   }
1161:Drivers/STM32F1xx_HAL_Driver/Src/stm32f1xx_hal_spi.c ****   else
1162:Drivers/STM32F1xx_HAL_Driver/Src/stm32f1xx_hal_spi.c ****   {
1163:Drivers/STM32F1xx_HAL_Driver/Src/stm32f1xx_hal_spi.c ****     return HAL_OK;
1164:Drivers/STM32F1xx_HAL_Driver/Src/stm32f1xx_hal_spi.c ****   }
1165:Drivers/STM32F1xx_HAL_Driver/Src/stm32f1xx_hal_spi.c **** }
1166:Drivers/STM32F1xx_HAL_Driver/Src/stm32f1xx_hal_spi.c **** 
1167:Drivers/STM32F1xx_HAL_Driver/Src/stm32f1xx_hal_spi.c **** /**
1168:Drivers/STM32F1xx_HAL_Driver/Src/stm32f1xx_hal_spi.c ****   * @brief  Transmit and Receive an amount of data in blocking mode.
1169:Drivers/STM32F1xx_HAL_Driver/Src/stm32f1xx_hal_spi.c ****   * @param  hspi pointer to a SPI_HandleTypeDef structure that contains
1170:Drivers/STM32F1xx_HAL_Driver/Src/stm32f1xx_hal_spi.c ****   *               the configuration information for SPI module.
1171:Drivers/STM32F1xx_HAL_Driver/Src/stm32f1xx_hal_spi.c ****   * @param  pTxData pointer to transmission data buffer
1172:Drivers/STM32F1xx_HAL_Driver/Src/stm32f1xx_hal_spi.c ****   * @param  pRxData pointer to reception data buffer
ARM GAS  /tmp/cctmCgKp.s 			page 22


1173:Drivers/STM32F1xx_HAL_Driver/Src/stm32f1xx_hal_spi.c ****   * @param  Size amount of data to be sent and received
1174:Drivers/STM32F1xx_HAL_Driver/Src/stm32f1xx_hal_spi.c ****   * @param  Timeout Timeout duration
1175:Drivers/STM32F1xx_HAL_Driver/Src/stm32f1xx_hal_spi.c ****   * @retval HAL status
1176:Drivers/STM32F1xx_HAL_Driver/Src/stm32f1xx_hal_spi.c ****   */
1177:Drivers/STM32F1xx_HAL_Driver/Src/stm32f1xx_hal_spi.c **** HAL_StatusTypeDef HAL_SPI_TransmitReceive(SPI_HandleTypeDef *hspi, const uint8_t *pTxData, uint8_t 
1178:Drivers/STM32F1xx_HAL_Driver/Src/stm32f1xx_hal_spi.c ****                                           uint16_t Size, uint32_t Timeout)
1179:Drivers/STM32F1xx_HAL_Driver/Src/stm32f1xx_hal_spi.c **** {
1180:Drivers/STM32F1xx_HAL_Driver/Src/stm32f1xx_hal_spi.c ****   uint16_t             initial_TxXferCount;
1181:Drivers/STM32F1xx_HAL_Driver/Src/stm32f1xx_hal_spi.c ****   uint32_t             tmp_mode;
1182:Drivers/STM32F1xx_HAL_Driver/Src/stm32f1xx_hal_spi.c ****   HAL_SPI_StateTypeDef tmp_state;
1183:Drivers/STM32F1xx_HAL_Driver/Src/stm32f1xx_hal_spi.c ****   uint32_t             tickstart;
1184:Drivers/STM32F1xx_HAL_Driver/Src/stm32f1xx_hal_spi.c **** #if (USE_SPI_CRC != 0U)
1185:Drivers/STM32F1xx_HAL_Driver/Src/stm32f1xx_hal_spi.c ****   __IO uint32_t tmpreg = 0U;
1186:Drivers/STM32F1xx_HAL_Driver/Src/stm32f1xx_hal_spi.c **** #endif /* USE_SPI_CRC */
1187:Drivers/STM32F1xx_HAL_Driver/Src/stm32f1xx_hal_spi.c **** 
1188:Drivers/STM32F1xx_HAL_Driver/Src/stm32f1xx_hal_spi.c ****   /* Variable used to alternate Rx and Tx during transfer */
1189:Drivers/STM32F1xx_HAL_Driver/Src/stm32f1xx_hal_spi.c ****   uint32_t             txallowed = 1U;
1190:Drivers/STM32F1xx_HAL_Driver/Src/stm32f1xx_hal_spi.c **** 
1191:Drivers/STM32F1xx_HAL_Driver/Src/stm32f1xx_hal_spi.c ****   /* Check Direction parameter */
1192:Drivers/STM32F1xx_HAL_Driver/Src/stm32f1xx_hal_spi.c ****   assert_param(IS_SPI_DIRECTION_2LINES(hspi->Init.Direction));
1193:Drivers/STM32F1xx_HAL_Driver/Src/stm32f1xx_hal_spi.c **** 
1194:Drivers/STM32F1xx_HAL_Driver/Src/stm32f1xx_hal_spi.c ****   /* Init tickstart for timeout management*/
1195:Drivers/STM32F1xx_HAL_Driver/Src/stm32f1xx_hal_spi.c ****   tickstart = HAL_GetTick();
1196:Drivers/STM32F1xx_HAL_Driver/Src/stm32f1xx_hal_spi.c **** 
1197:Drivers/STM32F1xx_HAL_Driver/Src/stm32f1xx_hal_spi.c ****   /* Init temporary variables */
1198:Drivers/STM32F1xx_HAL_Driver/Src/stm32f1xx_hal_spi.c ****   tmp_state           = hspi->State;
1199:Drivers/STM32F1xx_HAL_Driver/Src/stm32f1xx_hal_spi.c ****   tmp_mode            = hspi->Init.Mode;
1200:Drivers/STM32F1xx_HAL_Driver/Src/stm32f1xx_hal_spi.c ****   initial_TxXferCount = Size;
1201:Drivers/STM32F1xx_HAL_Driver/Src/stm32f1xx_hal_spi.c **** 
1202:Drivers/STM32F1xx_HAL_Driver/Src/stm32f1xx_hal_spi.c ****   if (!((tmp_state == HAL_SPI_STATE_READY) || \
1203:Drivers/STM32F1xx_HAL_Driver/Src/stm32f1xx_hal_spi.c ****         ((tmp_mode == SPI_MODE_MASTER) && (hspi->Init.Direction == SPI_DIRECTION_2LINES) &&
1204:Drivers/STM32F1xx_HAL_Driver/Src/stm32f1xx_hal_spi.c ****          (tmp_state == HAL_SPI_STATE_BUSY_RX))))
1205:Drivers/STM32F1xx_HAL_Driver/Src/stm32f1xx_hal_spi.c ****   {
1206:Drivers/STM32F1xx_HAL_Driver/Src/stm32f1xx_hal_spi.c ****     return HAL_BUSY;
1207:Drivers/STM32F1xx_HAL_Driver/Src/stm32f1xx_hal_spi.c ****   }
1208:Drivers/STM32F1xx_HAL_Driver/Src/stm32f1xx_hal_spi.c **** 
1209:Drivers/STM32F1xx_HAL_Driver/Src/stm32f1xx_hal_spi.c ****   if ((pTxData == NULL) || (pRxData == NULL) || (Size == 0U))
1210:Drivers/STM32F1xx_HAL_Driver/Src/stm32f1xx_hal_spi.c ****   {
1211:Drivers/STM32F1xx_HAL_Driver/Src/stm32f1xx_hal_spi.c ****     return HAL_ERROR;
1212:Drivers/STM32F1xx_HAL_Driver/Src/stm32f1xx_hal_spi.c ****   }
1213:Drivers/STM32F1xx_HAL_Driver/Src/stm32f1xx_hal_spi.c **** 
1214:Drivers/STM32F1xx_HAL_Driver/Src/stm32f1xx_hal_spi.c ****   /* Process Locked */
1215:Drivers/STM32F1xx_HAL_Driver/Src/stm32f1xx_hal_spi.c ****   __HAL_LOCK(hspi);
1216:Drivers/STM32F1xx_HAL_Driver/Src/stm32f1xx_hal_spi.c **** 
1217:Drivers/STM32F1xx_HAL_Driver/Src/stm32f1xx_hal_spi.c ****   /* Don't overwrite in case of HAL_SPI_STATE_BUSY_RX */
1218:Drivers/STM32F1xx_HAL_Driver/Src/stm32f1xx_hal_spi.c ****   if (hspi->State != HAL_SPI_STATE_BUSY_RX)
1219:Drivers/STM32F1xx_HAL_Driver/Src/stm32f1xx_hal_spi.c ****   {
1220:Drivers/STM32F1xx_HAL_Driver/Src/stm32f1xx_hal_spi.c ****     hspi->State = HAL_SPI_STATE_BUSY_TX_RX;
1221:Drivers/STM32F1xx_HAL_Driver/Src/stm32f1xx_hal_spi.c ****   }
1222:Drivers/STM32F1xx_HAL_Driver/Src/stm32f1xx_hal_spi.c **** 
1223:Drivers/STM32F1xx_HAL_Driver/Src/stm32f1xx_hal_spi.c ****   /* Set the transaction information */
1224:Drivers/STM32F1xx_HAL_Driver/Src/stm32f1xx_hal_spi.c ****   hspi->ErrorCode   = HAL_SPI_ERROR_NONE;
1225:Drivers/STM32F1xx_HAL_Driver/Src/stm32f1xx_hal_spi.c ****   hspi->pRxBuffPtr  = (uint8_t *)pRxData;
1226:Drivers/STM32F1xx_HAL_Driver/Src/stm32f1xx_hal_spi.c ****   hspi->RxXferCount = Size;
1227:Drivers/STM32F1xx_HAL_Driver/Src/stm32f1xx_hal_spi.c ****   hspi->RxXferSize  = Size;
1228:Drivers/STM32F1xx_HAL_Driver/Src/stm32f1xx_hal_spi.c ****   hspi->pTxBuffPtr  = (const uint8_t *)pTxData;
1229:Drivers/STM32F1xx_HAL_Driver/Src/stm32f1xx_hal_spi.c ****   hspi->TxXferCount = Size;
ARM GAS  /tmp/cctmCgKp.s 			page 23


1230:Drivers/STM32F1xx_HAL_Driver/Src/stm32f1xx_hal_spi.c ****   hspi->TxXferSize  = Size;
1231:Drivers/STM32F1xx_HAL_Driver/Src/stm32f1xx_hal_spi.c **** 
1232:Drivers/STM32F1xx_HAL_Driver/Src/stm32f1xx_hal_spi.c ****   /*Init field not used in handle to zero */
1233:Drivers/STM32F1xx_HAL_Driver/Src/stm32f1xx_hal_spi.c ****   hspi->RxISR       = NULL;
1234:Drivers/STM32F1xx_HAL_Driver/Src/stm32f1xx_hal_spi.c ****   hspi->TxISR       = NULL;
1235:Drivers/STM32F1xx_HAL_Driver/Src/stm32f1xx_hal_spi.c **** 
1236:Drivers/STM32F1xx_HAL_Driver/Src/stm32f1xx_hal_spi.c **** #if (USE_SPI_CRC != 0U)
1237:Drivers/STM32F1xx_HAL_Driver/Src/stm32f1xx_hal_spi.c ****   /* Reset CRC Calculation */
1238:Drivers/STM32F1xx_HAL_Driver/Src/stm32f1xx_hal_spi.c ****   if (hspi->Init.CRCCalculation == SPI_CRCCALCULATION_ENABLE)
1239:Drivers/STM32F1xx_HAL_Driver/Src/stm32f1xx_hal_spi.c ****   {
1240:Drivers/STM32F1xx_HAL_Driver/Src/stm32f1xx_hal_spi.c ****     SPI_RESET_CRC(hspi);
1241:Drivers/STM32F1xx_HAL_Driver/Src/stm32f1xx_hal_spi.c ****   }
1242:Drivers/STM32F1xx_HAL_Driver/Src/stm32f1xx_hal_spi.c **** #endif /* USE_SPI_CRC */
1243:Drivers/STM32F1xx_HAL_Driver/Src/stm32f1xx_hal_spi.c **** 
1244:Drivers/STM32F1xx_HAL_Driver/Src/stm32f1xx_hal_spi.c ****   /* Check if the SPI is already enabled */
1245:Drivers/STM32F1xx_HAL_Driver/Src/stm32f1xx_hal_spi.c ****   if ((hspi->Instance->CR1 & SPI_CR1_SPE) != SPI_CR1_SPE)
1246:Drivers/STM32F1xx_HAL_Driver/Src/stm32f1xx_hal_spi.c ****   {
1247:Drivers/STM32F1xx_HAL_Driver/Src/stm32f1xx_hal_spi.c ****     /* Enable SPI peripheral */
1248:Drivers/STM32F1xx_HAL_Driver/Src/stm32f1xx_hal_spi.c ****     __HAL_SPI_ENABLE(hspi);
1249:Drivers/STM32F1xx_HAL_Driver/Src/stm32f1xx_hal_spi.c ****   }
1250:Drivers/STM32F1xx_HAL_Driver/Src/stm32f1xx_hal_spi.c **** 
1251:Drivers/STM32F1xx_HAL_Driver/Src/stm32f1xx_hal_spi.c ****   /* Transmit and Receive data in 16 Bit mode */
1252:Drivers/STM32F1xx_HAL_Driver/Src/stm32f1xx_hal_spi.c ****   if (hspi->Init.DataSize == SPI_DATASIZE_16BIT)
1253:Drivers/STM32F1xx_HAL_Driver/Src/stm32f1xx_hal_spi.c ****   {
1254:Drivers/STM32F1xx_HAL_Driver/Src/stm32f1xx_hal_spi.c ****     if ((hspi->Init.Mode == SPI_MODE_SLAVE) || (initial_TxXferCount == 0x01U))
1255:Drivers/STM32F1xx_HAL_Driver/Src/stm32f1xx_hal_spi.c ****     {
1256:Drivers/STM32F1xx_HAL_Driver/Src/stm32f1xx_hal_spi.c ****       hspi->Instance->DR = *((const uint16_t *)hspi->pTxBuffPtr);
1257:Drivers/STM32F1xx_HAL_Driver/Src/stm32f1xx_hal_spi.c ****       hspi->pTxBuffPtr += sizeof(uint16_t);
1258:Drivers/STM32F1xx_HAL_Driver/Src/stm32f1xx_hal_spi.c ****       hspi->TxXferCount--;
1259:Drivers/STM32F1xx_HAL_Driver/Src/stm32f1xx_hal_spi.c **** 
1260:Drivers/STM32F1xx_HAL_Driver/Src/stm32f1xx_hal_spi.c **** #if (USE_SPI_CRC != 0U)
1261:Drivers/STM32F1xx_HAL_Driver/Src/stm32f1xx_hal_spi.c ****       /* Enable CRC Transmission */
1262:Drivers/STM32F1xx_HAL_Driver/Src/stm32f1xx_hal_spi.c ****       if ((hspi->TxXferCount == 0U) && (hspi->Init.CRCCalculation == SPI_CRCCALCULATION_ENABLE))
1263:Drivers/STM32F1xx_HAL_Driver/Src/stm32f1xx_hal_spi.c ****       {
1264:Drivers/STM32F1xx_HAL_Driver/Src/stm32f1xx_hal_spi.c ****         SET_BIT(hspi->Instance->CR1, SPI_CR1_CRCNEXT);
1265:Drivers/STM32F1xx_HAL_Driver/Src/stm32f1xx_hal_spi.c ****       }
1266:Drivers/STM32F1xx_HAL_Driver/Src/stm32f1xx_hal_spi.c **** #endif /* USE_SPI_CRC */
1267:Drivers/STM32F1xx_HAL_Driver/Src/stm32f1xx_hal_spi.c **** 
1268:Drivers/STM32F1xx_HAL_Driver/Src/stm32f1xx_hal_spi.c ****     }
1269:Drivers/STM32F1xx_HAL_Driver/Src/stm32f1xx_hal_spi.c ****     while ((hspi->TxXferCount > 0U) || (hspi->RxXferCount > 0U))
1270:Drivers/STM32F1xx_HAL_Driver/Src/stm32f1xx_hal_spi.c ****     {
1271:Drivers/STM32F1xx_HAL_Driver/Src/stm32f1xx_hal_spi.c ****       /* Check TXE flag */
1272:Drivers/STM32F1xx_HAL_Driver/Src/stm32f1xx_hal_spi.c ****       if ((__HAL_SPI_GET_FLAG(hspi, SPI_FLAG_TXE)) && (hspi->TxXferCount > 0U) && (txallowed == 1U)
1273:Drivers/STM32F1xx_HAL_Driver/Src/stm32f1xx_hal_spi.c ****       {
1274:Drivers/STM32F1xx_HAL_Driver/Src/stm32f1xx_hal_spi.c ****         hspi->Instance->DR = *((const uint16_t *)hspi->pTxBuffPtr);
1275:Drivers/STM32F1xx_HAL_Driver/Src/stm32f1xx_hal_spi.c ****         hspi->pTxBuffPtr += sizeof(uint16_t);
1276:Drivers/STM32F1xx_HAL_Driver/Src/stm32f1xx_hal_spi.c ****         hspi->TxXferCount--;
1277:Drivers/STM32F1xx_HAL_Driver/Src/stm32f1xx_hal_spi.c ****         /* Next Data is a reception (Rx). Tx not allowed */
1278:Drivers/STM32F1xx_HAL_Driver/Src/stm32f1xx_hal_spi.c ****         txallowed = 0U;
1279:Drivers/STM32F1xx_HAL_Driver/Src/stm32f1xx_hal_spi.c **** 
1280:Drivers/STM32F1xx_HAL_Driver/Src/stm32f1xx_hal_spi.c **** #if (USE_SPI_CRC != 0U)
1281:Drivers/STM32F1xx_HAL_Driver/Src/stm32f1xx_hal_spi.c ****         /* Enable CRC Transmission */
1282:Drivers/STM32F1xx_HAL_Driver/Src/stm32f1xx_hal_spi.c ****         if ((hspi->TxXferCount == 0U) && (hspi->Init.CRCCalculation == SPI_CRCCALCULATION_ENABLE))
1283:Drivers/STM32F1xx_HAL_Driver/Src/stm32f1xx_hal_spi.c ****         {
1284:Drivers/STM32F1xx_HAL_Driver/Src/stm32f1xx_hal_spi.c ****           SET_BIT(hspi->Instance->CR1, SPI_CR1_CRCNEXT);
1285:Drivers/STM32F1xx_HAL_Driver/Src/stm32f1xx_hal_spi.c ****         }
1286:Drivers/STM32F1xx_HAL_Driver/Src/stm32f1xx_hal_spi.c **** #endif /* USE_SPI_CRC */
ARM GAS  /tmp/cctmCgKp.s 			page 24


1287:Drivers/STM32F1xx_HAL_Driver/Src/stm32f1xx_hal_spi.c ****       }
1288:Drivers/STM32F1xx_HAL_Driver/Src/stm32f1xx_hal_spi.c **** 
1289:Drivers/STM32F1xx_HAL_Driver/Src/stm32f1xx_hal_spi.c ****       /* Check RXNE flag */
1290:Drivers/STM32F1xx_HAL_Driver/Src/stm32f1xx_hal_spi.c ****       if ((__HAL_SPI_GET_FLAG(hspi, SPI_FLAG_RXNE)) && (hspi->RxXferCount > 0U))
1291:Drivers/STM32F1xx_HAL_Driver/Src/stm32f1xx_hal_spi.c ****       {
1292:Drivers/STM32F1xx_HAL_Driver/Src/stm32f1xx_hal_spi.c ****         *((uint16_t *)hspi->pRxBuffPtr) = (uint16_t)hspi->Instance->DR;
1293:Drivers/STM32F1xx_HAL_Driver/Src/stm32f1xx_hal_spi.c ****         hspi->pRxBuffPtr += sizeof(uint16_t);
1294:Drivers/STM32F1xx_HAL_Driver/Src/stm32f1xx_hal_spi.c ****         hspi->RxXferCount--;
1295:Drivers/STM32F1xx_HAL_Driver/Src/stm32f1xx_hal_spi.c ****         /* Next Data is a Transmission (Tx). Tx is allowed */
1296:Drivers/STM32F1xx_HAL_Driver/Src/stm32f1xx_hal_spi.c ****         txallowed = 1U;
1297:Drivers/STM32F1xx_HAL_Driver/Src/stm32f1xx_hal_spi.c ****       }
1298:Drivers/STM32F1xx_HAL_Driver/Src/stm32f1xx_hal_spi.c ****       if (((HAL_GetTick() - tickstart) >=  Timeout) && (Timeout != HAL_MAX_DELAY))
1299:Drivers/STM32F1xx_HAL_Driver/Src/stm32f1xx_hal_spi.c ****       {
1300:Drivers/STM32F1xx_HAL_Driver/Src/stm32f1xx_hal_spi.c ****         hspi->State = HAL_SPI_STATE_READY;
1301:Drivers/STM32F1xx_HAL_Driver/Src/stm32f1xx_hal_spi.c ****         __HAL_UNLOCK(hspi);
1302:Drivers/STM32F1xx_HAL_Driver/Src/stm32f1xx_hal_spi.c ****         return HAL_TIMEOUT;
1303:Drivers/STM32F1xx_HAL_Driver/Src/stm32f1xx_hal_spi.c ****       }
1304:Drivers/STM32F1xx_HAL_Driver/Src/stm32f1xx_hal_spi.c ****     }
1305:Drivers/STM32F1xx_HAL_Driver/Src/stm32f1xx_hal_spi.c ****   }
1306:Drivers/STM32F1xx_HAL_Driver/Src/stm32f1xx_hal_spi.c ****   /* Transmit and Receive data in 8 Bit mode */
1307:Drivers/STM32F1xx_HAL_Driver/Src/stm32f1xx_hal_spi.c ****   else
1308:Drivers/STM32F1xx_HAL_Driver/Src/stm32f1xx_hal_spi.c ****   {
1309:Drivers/STM32F1xx_HAL_Driver/Src/stm32f1xx_hal_spi.c ****     if ((hspi->Init.Mode == SPI_MODE_SLAVE) || (initial_TxXferCount == 0x01U))
1310:Drivers/STM32F1xx_HAL_Driver/Src/stm32f1xx_hal_spi.c ****     {
1311:Drivers/STM32F1xx_HAL_Driver/Src/stm32f1xx_hal_spi.c ****       *((__IO uint8_t *)&hspi->Instance->DR) = *((const uint8_t *)hspi->pTxBuffPtr);
1312:Drivers/STM32F1xx_HAL_Driver/Src/stm32f1xx_hal_spi.c ****       hspi->pTxBuffPtr += sizeof(uint8_t);
1313:Drivers/STM32F1xx_HAL_Driver/Src/stm32f1xx_hal_spi.c ****       hspi->TxXferCount--;
1314:Drivers/STM32F1xx_HAL_Driver/Src/stm32f1xx_hal_spi.c **** 
1315:Drivers/STM32F1xx_HAL_Driver/Src/stm32f1xx_hal_spi.c **** #if (USE_SPI_CRC != 0U)
1316:Drivers/STM32F1xx_HAL_Driver/Src/stm32f1xx_hal_spi.c ****       /* Enable CRC Transmission */
1317:Drivers/STM32F1xx_HAL_Driver/Src/stm32f1xx_hal_spi.c ****       if ((hspi->TxXferCount == 0U) && (hspi->Init.CRCCalculation == SPI_CRCCALCULATION_ENABLE))
1318:Drivers/STM32F1xx_HAL_Driver/Src/stm32f1xx_hal_spi.c ****       {
1319:Drivers/STM32F1xx_HAL_Driver/Src/stm32f1xx_hal_spi.c ****         SET_BIT(hspi->Instance->CR1, SPI_CR1_CRCNEXT);
1320:Drivers/STM32F1xx_HAL_Driver/Src/stm32f1xx_hal_spi.c ****       }
1321:Drivers/STM32F1xx_HAL_Driver/Src/stm32f1xx_hal_spi.c **** #endif /* USE_SPI_CRC */
1322:Drivers/STM32F1xx_HAL_Driver/Src/stm32f1xx_hal_spi.c ****     }
1323:Drivers/STM32F1xx_HAL_Driver/Src/stm32f1xx_hal_spi.c ****     while ((hspi->TxXferCount > 0U) || (hspi->RxXferCount > 0U))
1324:Drivers/STM32F1xx_HAL_Driver/Src/stm32f1xx_hal_spi.c ****     {
1325:Drivers/STM32F1xx_HAL_Driver/Src/stm32f1xx_hal_spi.c ****       /* Check TXE flag */
1326:Drivers/STM32F1xx_HAL_Driver/Src/stm32f1xx_hal_spi.c ****       if ((__HAL_SPI_GET_FLAG(hspi, SPI_FLAG_TXE)) && (hspi->TxXferCount > 0U) && (txallowed == 1U)
1327:Drivers/STM32F1xx_HAL_Driver/Src/stm32f1xx_hal_spi.c ****       {
1328:Drivers/STM32F1xx_HAL_Driver/Src/stm32f1xx_hal_spi.c ****         *(__IO uint8_t *)&hspi->Instance->DR = *((const uint8_t *)hspi->pTxBuffPtr);
1329:Drivers/STM32F1xx_HAL_Driver/Src/stm32f1xx_hal_spi.c ****         hspi->pTxBuffPtr++;
1330:Drivers/STM32F1xx_HAL_Driver/Src/stm32f1xx_hal_spi.c ****         hspi->TxXferCount--;
1331:Drivers/STM32F1xx_HAL_Driver/Src/stm32f1xx_hal_spi.c ****         /* Next Data is a reception (Rx). Tx not allowed */
1332:Drivers/STM32F1xx_HAL_Driver/Src/stm32f1xx_hal_spi.c ****         txallowed = 0U;
1333:Drivers/STM32F1xx_HAL_Driver/Src/stm32f1xx_hal_spi.c **** 
1334:Drivers/STM32F1xx_HAL_Driver/Src/stm32f1xx_hal_spi.c **** #if (USE_SPI_CRC != 0U)
1335:Drivers/STM32F1xx_HAL_Driver/Src/stm32f1xx_hal_spi.c ****         /* Enable CRC Transmission */
1336:Drivers/STM32F1xx_HAL_Driver/Src/stm32f1xx_hal_spi.c ****         if ((hspi->TxXferCount == 0U) && (hspi->Init.CRCCalculation == SPI_CRCCALCULATION_ENABLE))
1337:Drivers/STM32F1xx_HAL_Driver/Src/stm32f1xx_hal_spi.c ****         {
1338:Drivers/STM32F1xx_HAL_Driver/Src/stm32f1xx_hal_spi.c ****           SET_BIT(hspi->Instance->CR1, SPI_CR1_CRCNEXT);
1339:Drivers/STM32F1xx_HAL_Driver/Src/stm32f1xx_hal_spi.c ****         }
1340:Drivers/STM32F1xx_HAL_Driver/Src/stm32f1xx_hal_spi.c **** #endif /* USE_SPI_CRC */
1341:Drivers/STM32F1xx_HAL_Driver/Src/stm32f1xx_hal_spi.c ****       }
1342:Drivers/STM32F1xx_HAL_Driver/Src/stm32f1xx_hal_spi.c **** 
1343:Drivers/STM32F1xx_HAL_Driver/Src/stm32f1xx_hal_spi.c ****       /* Wait until RXNE flag is reset */
ARM GAS  /tmp/cctmCgKp.s 			page 25


1344:Drivers/STM32F1xx_HAL_Driver/Src/stm32f1xx_hal_spi.c ****       if ((__HAL_SPI_GET_FLAG(hspi, SPI_FLAG_RXNE)) && (hspi->RxXferCount > 0U))
1345:Drivers/STM32F1xx_HAL_Driver/Src/stm32f1xx_hal_spi.c ****       {
1346:Drivers/STM32F1xx_HAL_Driver/Src/stm32f1xx_hal_spi.c ****         (*(uint8_t *)hspi->pRxBuffPtr) = hspi->Instance->DR;
1347:Drivers/STM32F1xx_HAL_Driver/Src/stm32f1xx_hal_spi.c ****         hspi->pRxBuffPtr++;
1348:Drivers/STM32F1xx_HAL_Driver/Src/stm32f1xx_hal_spi.c ****         hspi->RxXferCount--;
1349:Drivers/STM32F1xx_HAL_Driver/Src/stm32f1xx_hal_spi.c ****         /* Next Data is a Transmission (Tx). Tx is allowed */
1350:Drivers/STM32F1xx_HAL_Driver/Src/stm32f1xx_hal_spi.c ****         txallowed = 1U;
1351:Drivers/STM32F1xx_HAL_Driver/Src/stm32f1xx_hal_spi.c ****       }
1352:Drivers/STM32F1xx_HAL_Driver/Src/stm32f1xx_hal_spi.c ****       if ((((HAL_GetTick() - tickstart) >=  Timeout) && ((Timeout != HAL_MAX_DELAY))) || (Timeout =
1353:Drivers/STM32F1xx_HAL_Driver/Src/stm32f1xx_hal_spi.c ****       {
1354:Drivers/STM32F1xx_HAL_Driver/Src/stm32f1xx_hal_spi.c ****         hspi->State = HAL_SPI_STATE_READY;
1355:Drivers/STM32F1xx_HAL_Driver/Src/stm32f1xx_hal_spi.c ****         __HAL_UNLOCK(hspi);
1356:Drivers/STM32F1xx_HAL_Driver/Src/stm32f1xx_hal_spi.c ****         return HAL_TIMEOUT;
1357:Drivers/STM32F1xx_HAL_Driver/Src/stm32f1xx_hal_spi.c ****       }
1358:Drivers/STM32F1xx_HAL_Driver/Src/stm32f1xx_hal_spi.c ****     }
1359:Drivers/STM32F1xx_HAL_Driver/Src/stm32f1xx_hal_spi.c ****   }
1360:Drivers/STM32F1xx_HAL_Driver/Src/stm32f1xx_hal_spi.c **** 
1361:Drivers/STM32F1xx_HAL_Driver/Src/stm32f1xx_hal_spi.c **** #if (USE_SPI_CRC != 0U)
1362:Drivers/STM32F1xx_HAL_Driver/Src/stm32f1xx_hal_spi.c ****   /* Read CRC from DR to close CRC calculation process */
1363:Drivers/STM32F1xx_HAL_Driver/Src/stm32f1xx_hal_spi.c ****   if (hspi->Init.CRCCalculation == SPI_CRCCALCULATION_ENABLE)
1364:Drivers/STM32F1xx_HAL_Driver/Src/stm32f1xx_hal_spi.c ****   {
1365:Drivers/STM32F1xx_HAL_Driver/Src/stm32f1xx_hal_spi.c ****     /* Wait until TXE flag */
1366:Drivers/STM32F1xx_HAL_Driver/Src/stm32f1xx_hal_spi.c ****     if (SPI_WaitFlagStateUntilTimeout(hspi, SPI_FLAG_RXNE, SET, Timeout, tickstart) != HAL_OK)
1367:Drivers/STM32F1xx_HAL_Driver/Src/stm32f1xx_hal_spi.c ****     {
1368:Drivers/STM32F1xx_HAL_Driver/Src/stm32f1xx_hal_spi.c ****       /* Error on the CRC reception */
1369:Drivers/STM32F1xx_HAL_Driver/Src/stm32f1xx_hal_spi.c ****       SET_BIT(hspi->ErrorCode, HAL_SPI_ERROR_CRC);
1370:Drivers/STM32F1xx_HAL_Driver/Src/stm32f1xx_hal_spi.c ****       hspi->State = HAL_SPI_STATE_READY;
1371:Drivers/STM32F1xx_HAL_Driver/Src/stm32f1xx_hal_spi.c ****       __HAL_UNLOCK(hspi);
1372:Drivers/STM32F1xx_HAL_Driver/Src/stm32f1xx_hal_spi.c ****       return HAL_TIMEOUT;
1373:Drivers/STM32F1xx_HAL_Driver/Src/stm32f1xx_hal_spi.c ****     }
1374:Drivers/STM32F1xx_HAL_Driver/Src/stm32f1xx_hal_spi.c ****     /* Read CRC */
1375:Drivers/STM32F1xx_HAL_Driver/Src/stm32f1xx_hal_spi.c ****     tmpreg = READ_REG(hspi->Instance->DR);
1376:Drivers/STM32F1xx_HAL_Driver/Src/stm32f1xx_hal_spi.c ****     /* To avoid GCC warning */
1377:Drivers/STM32F1xx_HAL_Driver/Src/stm32f1xx_hal_spi.c ****     UNUSED(tmpreg);
1378:Drivers/STM32F1xx_HAL_Driver/Src/stm32f1xx_hal_spi.c ****   }
1379:Drivers/STM32F1xx_HAL_Driver/Src/stm32f1xx_hal_spi.c **** 
1380:Drivers/STM32F1xx_HAL_Driver/Src/stm32f1xx_hal_spi.c ****   /* Check if CRC error occurred */
1381:Drivers/STM32F1xx_HAL_Driver/Src/stm32f1xx_hal_spi.c ****   if (__HAL_SPI_GET_FLAG(hspi, SPI_FLAG_CRCERR) != RESET)
1382:Drivers/STM32F1xx_HAL_Driver/Src/stm32f1xx_hal_spi.c ****   {
1383:Drivers/STM32F1xx_HAL_Driver/Src/stm32f1xx_hal_spi.c ****     /* Check if CRC error is valid or not (workaround to be applied or not) */
1384:Drivers/STM32F1xx_HAL_Driver/Src/stm32f1xx_hal_spi.c ****     if (SPI_ISCRCErrorValid(hspi) == SPI_VALID_CRC_ERROR)
1385:Drivers/STM32F1xx_HAL_Driver/Src/stm32f1xx_hal_spi.c ****     {
1386:Drivers/STM32F1xx_HAL_Driver/Src/stm32f1xx_hal_spi.c ****       SET_BIT(hspi->ErrorCode, HAL_SPI_ERROR_CRC);
1387:Drivers/STM32F1xx_HAL_Driver/Src/stm32f1xx_hal_spi.c **** 
1388:Drivers/STM32F1xx_HAL_Driver/Src/stm32f1xx_hal_spi.c ****       /* Reset CRC Calculation */
1389:Drivers/STM32F1xx_HAL_Driver/Src/stm32f1xx_hal_spi.c ****       SPI_RESET_CRC(hspi);
1390:Drivers/STM32F1xx_HAL_Driver/Src/stm32f1xx_hal_spi.c ****       __HAL_UNLOCK(hspi);
1391:Drivers/STM32F1xx_HAL_Driver/Src/stm32f1xx_hal_spi.c ****       return HAL_ERROR;
1392:Drivers/STM32F1xx_HAL_Driver/Src/stm32f1xx_hal_spi.c ****     }
1393:Drivers/STM32F1xx_HAL_Driver/Src/stm32f1xx_hal_spi.c ****     else
1394:Drivers/STM32F1xx_HAL_Driver/Src/stm32f1xx_hal_spi.c ****     {
1395:Drivers/STM32F1xx_HAL_Driver/Src/stm32f1xx_hal_spi.c ****       __HAL_SPI_CLEAR_CRCERRFLAG(hspi);
1396:Drivers/STM32F1xx_HAL_Driver/Src/stm32f1xx_hal_spi.c ****     }
1397:Drivers/STM32F1xx_HAL_Driver/Src/stm32f1xx_hal_spi.c ****   }
1398:Drivers/STM32F1xx_HAL_Driver/Src/stm32f1xx_hal_spi.c **** #endif /* USE_SPI_CRC */
1399:Drivers/STM32F1xx_HAL_Driver/Src/stm32f1xx_hal_spi.c **** 
1400:Drivers/STM32F1xx_HAL_Driver/Src/stm32f1xx_hal_spi.c ****   /* Check the end of the transaction */
ARM GAS  /tmp/cctmCgKp.s 			page 26


1401:Drivers/STM32F1xx_HAL_Driver/Src/stm32f1xx_hal_spi.c ****   if (SPI_EndRxTxTransaction(hspi, Timeout, tickstart) != HAL_OK)
1402:Drivers/STM32F1xx_HAL_Driver/Src/stm32f1xx_hal_spi.c ****   {
1403:Drivers/STM32F1xx_HAL_Driver/Src/stm32f1xx_hal_spi.c ****     hspi->ErrorCode = HAL_SPI_ERROR_FLAG;
1404:Drivers/STM32F1xx_HAL_Driver/Src/stm32f1xx_hal_spi.c ****     __HAL_UNLOCK(hspi);
1405:Drivers/STM32F1xx_HAL_Driver/Src/stm32f1xx_hal_spi.c ****     return HAL_ERROR;
1406:Drivers/STM32F1xx_HAL_Driver/Src/stm32f1xx_hal_spi.c ****   }
1407:Drivers/STM32F1xx_HAL_Driver/Src/stm32f1xx_hal_spi.c **** 
1408:Drivers/STM32F1xx_HAL_Driver/Src/stm32f1xx_hal_spi.c ****   /* Clear overrun flag in 2 Lines communication mode because received is not read */
1409:Drivers/STM32F1xx_HAL_Driver/Src/stm32f1xx_hal_spi.c ****   if (hspi->Init.Direction == SPI_DIRECTION_2LINES)
1410:Drivers/STM32F1xx_HAL_Driver/Src/stm32f1xx_hal_spi.c ****   {
1411:Drivers/STM32F1xx_HAL_Driver/Src/stm32f1xx_hal_spi.c ****     __HAL_SPI_CLEAR_OVRFLAG(hspi);
1412:Drivers/STM32F1xx_HAL_Driver/Src/stm32f1xx_hal_spi.c ****   }
1413:Drivers/STM32F1xx_HAL_Driver/Src/stm32f1xx_hal_spi.c **** 
1414:Drivers/STM32F1xx_HAL_Driver/Src/stm32f1xx_hal_spi.c **** 
1415:Drivers/STM32F1xx_HAL_Driver/Src/stm32f1xx_hal_spi.c ****   hspi->State = HAL_SPI_STATE_READY;
1416:Drivers/STM32F1xx_HAL_Driver/Src/stm32f1xx_hal_spi.c ****   /* Unlock the process */
1417:Drivers/STM32F1xx_HAL_Driver/Src/stm32f1xx_hal_spi.c ****   __HAL_UNLOCK(hspi);
1418:Drivers/STM32F1xx_HAL_Driver/Src/stm32f1xx_hal_spi.c **** 
1419:Drivers/STM32F1xx_HAL_Driver/Src/stm32f1xx_hal_spi.c ****   if (hspi->ErrorCode != HAL_SPI_ERROR_NONE)
1420:Drivers/STM32F1xx_HAL_Driver/Src/stm32f1xx_hal_spi.c ****   {
1421:Drivers/STM32F1xx_HAL_Driver/Src/stm32f1xx_hal_spi.c ****     return HAL_ERROR;
1422:Drivers/STM32F1xx_HAL_Driver/Src/stm32f1xx_hal_spi.c ****   }
1423:Drivers/STM32F1xx_HAL_Driver/Src/stm32f1xx_hal_spi.c ****   else
1424:Drivers/STM32F1xx_HAL_Driver/Src/stm32f1xx_hal_spi.c ****   {
1425:Drivers/STM32F1xx_HAL_Driver/Src/stm32f1xx_hal_spi.c ****     return HAL_OK;
1426:Drivers/STM32F1xx_HAL_Driver/Src/stm32f1xx_hal_spi.c ****   }
1427:Drivers/STM32F1xx_HAL_Driver/Src/stm32f1xx_hal_spi.c **** }
1428:Drivers/STM32F1xx_HAL_Driver/Src/stm32f1xx_hal_spi.c **** 
1429:Drivers/STM32F1xx_HAL_Driver/Src/stm32f1xx_hal_spi.c **** /**
1430:Drivers/STM32F1xx_HAL_Driver/Src/stm32f1xx_hal_spi.c ****   * @brief  Transmit an amount of data in non-blocking mode with Interrupt.
1431:Drivers/STM32F1xx_HAL_Driver/Src/stm32f1xx_hal_spi.c ****   * @param  hspi pointer to a SPI_HandleTypeDef structure that contains
1432:Drivers/STM32F1xx_HAL_Driver/Src/stm32f1xx_hal_spi.c ****   *               the configuration information for SPI module.
1433:Drivers/STM32F1xx_HAL_Driver/Src/stm32f1xx_hal_spi.c ****   * @param  pData pointer to data buffer
1434:Drivers/STM32F1xx_HAL_Driver/Src/stm32f1xx_hal_spi.c ****   * @param  Size amount of data to be sent
1435:Drivers/STM32F1xx_HAL_Driver/Src/stm32f1xx_hal_spi.c ****   * @retval HAL status
1436:Drivers/STM32F1xx_HAL_Driver/Src/stm32f1xx_hal_spi.c ****   */
1437:Drivers/STM32F1xx_HAL_Driver/Src/stm32f1xx_hal_spi.c **** HAL_StatusTypeDef HAL_SPI_Transmit_IT(SPI_HandleTypeDef *hspi, const uint8_t *pData, uint16_t Size)
1438:Drivers/STM32F1xx_HAL_Driver/Src/stm32f1xx_hal_spi.c **** {
1439:Drivers/STM32F1xx_HAL_Driver/Src/stm32f1xx_hal_spi.c **** 
1440:Drivers/STM32F1xx_HAL_Driver/Src/stm32f1xx_hal_spi.c ****   /* Check Direction parameter */
1441:Drivers/STM32F1xx_HAL_Driver/Src/stm32f1xx_hal_spi.c ****   assert_param(IS_SPI_DIRECTION_2LINES_OR_1LINE(hspi->Init.Direction));
1442:Drivers/STM32F1xx_HAL_Driver/Src/stm32f1xx_hal_spi.c **** 
1443:Drivers/STM32F1xx_HAL_Driver/Src/stm32f1xx_hal_spi.c **** 
1444:Drivers/STM32F1xx_HAL_Driver/Src/stm32f1xx_hal_spi.c ****   if ((pData == NULL) || (Size == 0U))
1445:Drivers/STM32F1xx_HAL_Driver/Src/stm32f1xx_hal_spi.c ****   {
1446:Drivers/STM32F1xx_HAL_Driver/Src/stm32f1xx_hal_spi.c ****     return HAL_ERROR;
1447:Drivers/STM32F1xx_HAL_Driver/Src/stm32f1xx_hal_spi.c ****   }
1448:Drivers/STM32F1xx_HAL_Driver/Src/stm32f1xx_hal_spi.c **** 
1449:Drivers/STM32F1xx_HAL_Driver/Src/stm32f1xx_hal_spi.c ****   if (hspi->State != HAL_SPI_STATE_READY)
1450:Drivers/STM32F1xx_HAL_Driver/Src/stm32f1xx_hal_spi.c ****   {
1451:Drivers/STM32F1xx_HAL_Driver/Src/stm32f1xx_hal_spi.c ****     return HAL_BUSY;
1452:Drivers/STM32F1xx_HAL_Driver/Src/stm32f1xx_hal_spi.c ****   }
1453:Drivers/STM32F1xx_HAL_Driver/Src/stm32f1xx_hal_spi.c **** 
1454:Drivers/STM32F1xx_HAL_Driver/Src/stm32f1xx_hal_spi.c ****   /* Process Locked */
1455:Drivers/STM32F1xx_HAL_Driver/Src/stm32f1xx_hal_spi.c ****   __HAL_LOCK(hspi);
1456:Drivers/STM32F1xx_HAL_Driver/Src/stm32f1xx_hal_spi.c **** 
1457:Drivers/STM32F1xx_HAL_Driver/Src/stm32f1xx_hal_spi.c ****   /* Set the transaction information */
ARM GAS  /tmp/cctmCgKp.s 			page 27


1458:Drivers/STM32F1xx_HAL_Driver/Src/stm32f1xx_hal_spi.c ****   hspi->State       = HAL_SPI_STATE_BUSY_TX;
1459:Drivers/STM32F1xx_HAL_Driver/Src/stm32f1xx_hal_spi.c ****   hspi->ErrorCode   = HAL_SPI_ERROR_NONE;
1460:Drivers/STM32F1xx_HAL_Driver/Src/stm32f1xx_hal_spi.c ****   hspi->pTxBuffPtr  = (const uint8_t *)pData;
1461:Drivers/STM32F1xx_HAL_Driver/Src/stm32f1xx_hal_spi.c ****   hspi->TxXferSize  = Size;
1462:Drivers/STM32F1xx_HAL_Driver/Src/stm32f1xx_hal_spi.c ****   hspi->TxXferCount = Size;
1463:Drivers/STM32F1xx_HAL_Driver/Src/stm32f1xx_hal_spi.c **** 
1464:Drivers/STM32F1xx_HAL_Driver/Src/stm32f1xx_hal_spi.c ****   /* Init field not used in handle to zero */
1465:Drivers/STM32F1xx_HAL_Driver/Src/stm32f1xx_hal_spi.c ****   hspi->pRxBuffPtr  = (uint8_t *)NULL;
1466:Drivers/STM32F1xx_HAL_Driver/Src/stm32f1xx_hal_spi.c ****   hspi->RxXferSize  = 0U;
1467:Drivers/STM32F1xx_HAL_Driver/Src/stm32f1xx_hal_spi.c ****   hspi->RxXferCount = 0U;
1468:Drivers/STM32F1xx_HAL_Driver/Src/stm32f1xx_hal_spi.c ****   hspi->RxISR       = NULL;
1469:Drivers/STM32F1xx_HAL_Driver/Src/stm32f1xx_hal_spi.c **** 
1470:Drivers/STM32F1xx_HAL_Driver/Src/stm32f1xx_hal_spi.c ****   /* Set the function for IT treatment */
1471:Drivers/STM32F1xx_HAL_Driver/Src/stm32f1xx_hal_spi.c ****   if (hspi->Init.DataSize > SPI_DATASIZE_8BIT)
1472:Drivers/STM32F1xx_HAL_Driver/Src/stm32f1xx_hal_spi.c ****   {
1473:Drivers/STM32F1xx_HAL_Driver/Src/stm32f1xx_hal_spi.c ****     hspi->TxISR = SPI_TxISR_16BIT;
1474:Drivers/STM32F1xx_HAL_Driver/Src/stm32f1xx_hal_spi.c ****   }
1475:Drivers/STM32F1xx_HAL_Driver/Src/stm32f1xx_hal_spi.c ****   else
1476:Drivers/STM32F1xx_HAL_Driver/Src/stm32f1xx_hal_spi.c ****   {
1477:Drivers/STM32F1xx_HAL_Driver/Src/stm32f1xx_hal_spi.c ****     hspi->TxISR = SPI_TxISR_8BIT;
1478:Drivers/STM32F1xx_HAL_Driver/Src/stm32f1xx_hal_spi.c ****   }
1479:Drivers/STM32F1xx_HAL_Driver/Src/stm32f1xx_hal_spi.c **** 
1480:Drivers/STM32F1xx_HAL_Driver/Src/stm32f1xx_hal_spi.c ****   /* Configure communication direction : 1Line */
1481:Drivers/STM32F1xx_HAL_Driver/Src/stm32f1xx_hal_spi.c ****   if (hspi->Init.Direction == SPI_DIRECTION_1LINE)
1482:Drivers/STM32F1xx_HAL_Driver/Src/stm32f1xx_hal_spi.c ****   {
1483:Drivers/STM32F1xx_HAL_Driver/Src/stm32f1xx_hal_spi.c ****     /* Disable SPI Peripheral before set 1Line direction (BIDIOE bit) */
1484:Drivers/STM32F1xx_HAL_Driver/Src/stm32f1xx_hal_spi.c ****     __HAL_SPI_DISABLE(hspi);
1485:Drivers/STM32F1xx_HAL_Driver/Src/stm32f1xx_hal_spi.c ****     SPI_1LINE_TX(hspi);
1486:Drivers/STM32F1xx_HAL_Driver/Src/stm32f1xx_hal_spi.c ****   }
1487:Drivers/STM32F1xx_HAL_Driver/Src/stm32f1xx_hal_spi.c **** 
1488:Drivers/STM32F1xx_HAL_Driver/Src/stm32f1xx_hal_spi.c **** #if (USE_SPI_CRC != 0U)
1489:Drivers/STM32F1xx_HAL_Driver/Src/stm32f1xx_hal_spi.c ****   /* Reset CRC Calculation */
1490:Drivers/STM32F1xx_HAL_Driver/Src/stm32f1xx_hal_spi.c ****   if (hspi->Init.CRCCalculation == SPI_CRCCALCULATION_ENABLE)
1491:Drivers/STM32F1xx_HAL_Driver/Src/stm32f1xx_hal_spi.c ****   {
1492:Drivers/STM32F1xx_HAL_Driver/Src/stm32f1xx_hal_spi.c ****     SPI_RESET_CRC(hspi);
1493:Drivers/STM32F1xx_HAL_Driver/Src/stm32f1xx_hal_spi.c ****   }
1494:Drivers/STM32F1xx_HAL_Driver/Src/stm32f1xx_hal_spi.c **** #endif /* USE_SPI_CRC */
1495:Drivers/STM32F1xx_HAL_Driver/Src/stm32f1xx_hal_spi.c **** 
1496:Drivers/STM32F1xx_HAL_Driver/Src/stm32f1xx_hal_spi.c ****   /* Check if the SPI is already enabled */
1497:Drivers/STM32F1xx_HAL_Driver/Src/stm32f1xx_hal_spi.c ****   if ((hspi->Instance->CR1 & SPI_CR1_SPE) != SPI_CR1_SPE)
1498:Drivers/STM32F1xx_HAL_Driver/Src/stm32f1xx_hal_spi.c ****   {
1499:Drivers/STM32F1xx_HAL_Driver/Src/stm32f1xx_hal_spi.c ****     /* Enable SPI peripheral */
1500:Drivers/STM32F1xx_HAL_Driver/Src/stm32f1xx_hal_spi.c ****     __HAL_SPI_ENABLE(hspi);
1501:Drivers/STM32F1xx_HAL_Driver/Src/stm32f1xx_hal_spi.c ****   }
1502:Drivers/STM32F1xx_HAL_Driver/Src/stm32f1xx_hal_spi.c **** 
1503:Drivers/STM32F1xx_HAL_Driver/Src/stm32f1xx_hal_spi.c ****   /* Process Unlocked */
1504:Drivers/STM32F1xx_HAL_Driver/Src/stm32f1xx_hal_spi.c ****   __HAL_UNLOCK(hspi);
1505:Drivers/STM32F1xx_HAL_Driver/Src/stm32f1xx_hal_spi.c ****   /* Enable TXE and ERR interrupt */
1506:Drivers/STM32F1xx_HAL_Driver/Src/stm32f1xx_hal_spi.c ****   __HAL_SPI_ENABLE_IT(hspi, (SPI_IT_TXE | SPI_IT_ERR));
1507:Drivers/STM32F1xx_HAL_Driver/Src/stm32f1xx_hal_spi.c **** 
1508:Drivers/STM32F1xx_HAL_Driver/Src/stm32f1xx_hal_spi.c ****   return HAL_OK;
1509:Drivers/STM32F1xx_HAL_Driver/Src/stm32f1xx_hal_spi.c **** }
1510:Drivers/STM32F1xx_HAL_Driver/Src/stm32f1xx_hal_spi.c **** 
1511:Drivers/STM32F1xx_HAL_Driver/Src/stm32f1xx_hal_spi.c **** /**
1512:Drivers/STM32F1xx_HAL_Driver/Src/stm32f1xx_hal_spi.c ****   * @brief  Receive an amount of data in non-blocking mode with Interrupt.
1513:Drivers/STM32F1xx_HAL_Driver/Src/stm32f1xx_hal_spi.c ****   * @param  hspi pointer to a SPI_HandleTypeDef structure that contains
1514:Drivers/STM32F1xx_HAL_Driver/Src/stm32f1xx_hal_spi.c ****   *               the configuration information for SPI module.
ARM GAS  /tmp/cctmCgKp.s 			page 28


1515:Drivers/STM32F1xx_HAL_Driver/Src/stm32f1xx_hal_spi.c ****   * @param  pData pointer to data buffer
1516:Drivers/STM32F1xx_HAL_Driver/Src/stm32f1xx_hal_spi.c ****   * @param  Size amount of data to be sent
1517:Drivers/STM32F1xx_HAL_Driver/Src/stm32f1xx_hal_spi.c ****   * @retval HAL status
1518:Drivers/STM32F1xx_HAL_Driver/Src/stm32f1xx_hal_spi.c ****   */
1519:Drivers/STM32F1xx_HAL_Driver/Src/stm32f1xx_hal_spi.c **** HAL_StatusTypeDef HAL_SPI_Receive_IT(SPI_HandleTypeDef *hspi, uint8_t *pData, uint16_t Size)
1520:Drivers/STM32F1xx_HAL_Driver/Src/stm32f1xx_hal_spi.c **** {
1521:Drivers/STM32F1xx_HAL_Driver/Src/stm32f1xx_hal_spi.c **** 
1522:Drivers/STM32F1xx_HAL_Driver/Src/stm32f1xx_hal_spi.c ****   if (hspi->State != HAL_SPI_STATE_READY)
1523:Drivers/STM32F1xx_HAL_Driver/Src/stm32f1xx_hal_spi.c ****   {
1524:Drivers/STM32F1xx_HAL_Driver/Src/stm32f1xx_hal_spi.c ****     return HAL_BUSY;
1525:Drivers/STM32F1xx_HAL_Driver/Src/stm32f1xx_hal_spi.c ****   }
1526:Drivers/STM32F1xx_HAL_Driver/Src/stm32f1xx_hal_spi.c **** 
1527:Drivers/STM32F1xx_HAL_Driver/Src/stm32f1xx_hal_spi.c ****   if ((hspi->Init.Direction == SPI_DIRECTION_2LINES) && (hspi->Init.Mode == SPI_MODE_MASTER))
1528:Drivers/STM32F1xx_HAL_Driver/Src/stm32f1xx_hal_spi.c ****   {
1529:Drivers/STM32F1xx_HAL_Driver/Src/stm32f1xx_hal_spi.c ****     hspi->State = HAL_SPI_STATE_BUSY_RX;
1530:Drivers/STM32F1xx_HAL_Driver/Src/stm32f1xx_hal_spi.c ****     /* Call transmit-receive function to send Dummy data on Tx line and generate clock on CLK line 
1531:Drivers/STM32F1xx_HAL_Driver/Src/stm32f1xx_hal_spi.c ****     return HAL_SPI_TransmitReceive_IT(hspi, pData, pData, Size);
1532:Drivers/STM32F1xx_HAL_Driver/Src/stm32f1xx_hal_spi.c ****   }
1533:Drivers/STM32F1xx_HAL_Driver/Src/stm32f1xx_hal_spi.c **** 
1534:Drivers/STM32F1xx_HAL_Driver/Src/stm32f1xx_hal_spi.c **** 
1535:Drivers/STM32F1xx_HAL_Driver/Src/stm32f1xx_hal_spi.c ****   if ((pData == NULL) || (Size == 0U))
1536:Drivers/STM32F1xx_HAL_Driver/Src/stm32f1xx_hal_spi.c ****   {
1537:Drivers/STM32F1xx_HAL_Driver/Src/stm32f1xx_hal_spi.c ****     return HAL_ERROR;
1538:Drivers/STM32F1xx_HAL_Driver/Src/stm32f1xx_hal_spi.c ****   }
1539:Drivers/STM32F1xx_HAL_Driver/Src/stm32f1xx_hal_spi.c **** 
1540:Drivers/STM32F1xx_HAL_Driver/Src/stm32f1xx_hal_spi.c ****   /* Process Locked */
1541:Drivers/STM32F1xx_HAL_Driver/Src/stm32f1xx_hal_spi.c ****   __HAL_LOCK(hspi);
1542:Drivers/STM32F1xx_HAL_Driver/Src/stm32f1xx_hal_spi.c **** 
1543:Drivers/STM32F1xx_HAL_Driver/Src/stm32f1xx_hal_spi.c ****   /* Set the transaction information */
1544:Drivers/STM32F1xx_HAL_Driver/Src/stm32f1xx_hal_spi.c ****   hspi->State       = HAL_SPI_STATE_BUSY_RX;
1545:Drivers/STM32F1xx_HAL_Driver/Src/stm32f1xx_hal_spi.c ****   hspi->ErrorCode   = HAL_SPI_ERROR_NONE;
1546:Drivers/STM32F1xx_HAL_Driver/Src/stm32f1xx_hal_spi.c ****   hspi->pRxBuffPtr  = (uint8_t *)pData;
1547:Drivers/STM32F1xx_HAL_Driver/Src/stm32f1xx_hal_spi.c ****   hspi->RxXferSize  = Size;
1548:Drivers/STM32F1xx_HAL_Driver/Src/stm32f1xx_hal_spi.c ****   hspi->RxXferCount = Size;
1549:Drivers/STM32F1xx_HAL_Driver/Src/stm32f1xx_hal_spi.c **** 
1550:Drivers/STM32F1xx_HAL_Driver/Src/stm32f1xx_hal_spi.c ****   /* Init field not used in handle to zero */
1551:Drivers/STM32F1xx_HAL_Driver/Src/stm32f1xx_hal_spi.c ****   hspi->pTxBuffPtr  = (uint8_t *)NULL;
1552:Drivers/STM32F1xx_HAL_Driver/Src/stm32f1xx_hal_spi.c ****   hspi->TxXferSize  = 0U;
1553:Drivers/STM32F1xx_HAL_Driver/Src/stm32f1xx_hal_spi.c ****   hspi->TxXferCount = 0U;
1554:Drivers/STM32F1xx_HAL_Driver/Src/stm32f1xx_hal_spi.c ****   hspi->TxISR       = NULL;
1555:Drivers/STM32F1xx_HAL_Driver/Src/stm32f1xx_hal_spi.c **** 
1556:Drivers/STM32F1xx_HAL_Driver/Src/stm32f1xx_hal_spi.c ****   /* Set the function for IT treatment */
1557:Drivers/STM32F1xx_HAL_Driver/Src/stm32f1xx_hal_spi.c ****   if (hspi->Init.DataSize > SPI_DATASIZE_8BIT)
1558:Drivers/STM32F1xx_HAL_Driver/Src/stm32f1xx_hal_spi.c ****   {
1559:Drivers/STM32F1xx_HAL_Driver/Src/stm32f1xx_hal_spi.c ****     hspi->RxISR = SPI_RxISR_16BIT;
1560:Drivers/STM32F1xx_HAL_Driver/Src/stm32f1xx_hal_spi.c ****   }
1561:Drivers/STM32F1xx_HAL_Driver/Src/stm32f1xx_hal_spi.c ****   else
1562:Drivers/STM32F1xx_HAL_Driver/Src/stm32f1xx_hal_spi.c ****   {
1563:Drivers/STM32F1xx_HAL_Driver/Src/stm32f1xx_hal_spi.c ****     hspi->RxISR = SPI_RxISR_8BIT;
1564:Drivers/STM32F1xx_HAL_Driver/Src/stm32f1xx_hal_spi.c ****   }
1565:Drivers/STM32F1xx_HAL_Driver/Src/stm32f1xx_hal_spi.c **** 
1566:Drivers/STM32F1xx_HAL_Driver/Src/stm32f1xx_hal_spi.c ****   /* Configure communication direction : 1Line */
1567:Drivers/STM32F1xx_HAL_Driver/Src/stm32f1xx_hal_spi.c ****   if (hspi->Init.Direction == SPI_DIRECTION_1LINE)
1568:Drivers/STM32F1xx_HAL_Driver/Src/stm32f1xx_hal_spi.c ****   {
1569:Drivers/STM32F1xx_HAL_Driver/Src/stm32f1xx_hal_spi.c ****     /* Disable SPI Peripheral before set 1Line direction (BIDIOE bit) */
1570:Drivers/STM32F1xx_HAL_Driver/Src/stm32f1xx_hal_spi.c ****     __HAL_SPI_DISABLE(hspi);
1571:Drivers/STM32F1xx_HAL_Driver/Src/stm32f1xx_hal_spi.c ****     SPI_1LINE_RX(hspi);
ARM GAS  /tmp/cctmCgKp.s 			page 29


1572:Drivers/STM32F1xx_HAL_Driver/Src/stm32f1xx_hal_spi.c ****   }
1573:Drivers/STM32F1xx_HAL_Driver/Src/stm32f1xx_hal_spi.c **** 
1574:Drivers/STM32F1xx_HAL_Driver/Src/stm32f1xx_hal_spi.c **** #if (USE_SPI_CRC != 0U)
1575:Drivers/STM32F1xx_HAL_Driver/Src/stm32f1xx_hal_spi.c ****   /* Reset CRC Calculation */
1576:Drivers/STM32F1xx_HAL_Driver/Src/stm32f1xx_hal_spi.c ****   if (hspi->Init.CRCCalculation == SPI_CRCCALCULATION_ENABLE)
1577:Drivers/STM32F1xx_HAL_Driver/Src/stm32f1xx_hal_spi.c ****   {
1578:Drivers/STM32F1xx_HAL_Driver/Src/stm32f1xx_hal_spi.c ****     SPI_RESET_CRC(hspi);
1579:Drivers/STM32F1xx_HAL_Driver/Src/stm32f1xx_hal_spi.c ****   }
1580:Drivers/STM32F1xx_HAL_Driver/Src/stm32f1xx_hal_spi.c **** #endif /* USE_SPI_CRC */
1581:Drivers/STM32F1xx_HAL_Driver/Src/stm32f1xx_hal_spi.c **** 
1582:Drivers/STM32F1xx_HAL_Driver/Src/stm32f1xx_hal_spi.c ****   /* Note : The SPI must be enabled after unlocking current process
1583:Drivers/STM32F1xx_HAL_Driver/Src/stm32f1xx_hal_spi.c ****             to avoid the risk of SPI interrupt handle execution before current
1584:Drivers/STM32F1xx_HAL_Driver/Src/stm32f1xx_hal_spi.c ****             process unlock */
1585:Drivers/STM32F1xx_HAL_Driver/Src/stm32f1xx_hal_spi.c **** 
1586:Drivers/STM32F1xx_HAL_Driver/Src/stm32f1xx_hal_spi.c ****   /* Check if the SPI is already enabled */
1587:Drivers/STM32F1xx_HAL_Driver/Src/stm32f1xx_hal_spi.c ****   if ((hspi->Instance->CR1 & SPI_CR1_SPE) != SPI_CR1_SPE)
1588:Drivers/STM32F1xx_HAL_Driver/Src/stm32f1xx_hal_spi.c ****   {
1589:Drivers/STM32F1xx_HAL_Driver/Src/stm32f1xx_hal_spi.c ****     /* Enable SPI peripheral */
1590:Drivers/STM32F1xx_HAL_Driver/Src/stm32f1xx_hal_spi.c ****     __HAL_SPI_ENABLE(hspi);
1591:Drivers/STM32F1xx_HAL_Driver/Src/stm32f1xx_hal_spi.c ****   }
1592:Drivers/STM32F1xx_HAL_Driver/Src/stm32f1xx_hal_spi.c **** 
1593:Drivers/STM32F1xx_HAL_Driver/Src/stm32f1xx_hal_spi.c ****   /* Process Unlocked */
1594:Drivers/STM32F1xx_HAL_Driver/Src/stm32f1xx_hal_spi.c ****   __HAL_UNLOCK(hspi);
1595:Drivers/STM32F1xx_HAL_Driver/Src/stm32f1xx_hal_spi.c ****   /* Enable RXNE and ERR interrupt */
1596:Drivers/STM32F1xx_HAL_Driver/Src/stm32f1xx_hal_spi.c ****   __HAL_SPI_ENABLE_IT(hspi, (SPI_IT_RXNE | SPI_IT_ERR));
1597:Drivers/STM32F1xx_HAL_Driver/Src/stm32f1xx_hal_spi.c **** 
1598:Drivers/STM32F1xx_HAL_Driver/Src/stm32f1xx_hal_spi.c ****   return HAL_OK;
1599:Drivers/STM32F1xx_HAL_Driver/Src/stm32f1xx_hal_spi.c **** }
1600:Drivers/STM32F1xx_HAL_Driver/Src/stm32f1xx_hal_spi.c **** 
1601:Drivers/STM32F1xx_HAL_Driver/Src/stm32f1xx_hal_spi.c **** /**
1602:Drivers/STM32F1xx_HAL_Driver/Src/stm32f1xx_hal_spi.c ****   * @brief  Transmit and Receive an amount of data in non-blocking mode with Interrupt.
1603:Drivers/STM32F1xx_HAL_Driver/Src/stm32f1xx_hal_spi.c ****   * @param  hspi pointer to a SPI_HandleTypeDef structure that contains
1604:Drivers/STM32F1xx_HAL_Driver/Src/stm32f1xx_hal_spi.c ****   *               the configuration information for SPI module.
1605:Drivers/STM32F1xx_HAL_Driver/Src/stm32f1xx_hal_spi.c ****   * @param  pTxData pointer to transmission data buffer
1606:Drivers/STM32F1xx_HAL_Driver/Src/stm32f1xx_hal_spi.c ****   * @param  pRxData pointer to reception data buffer
1607:Drivers/STM32F1xx_HAL_Driver/Src/stm32f1xx_hal_spi.c ****   * @param  Size amount of data to be sent and received
1608:Drivers/STM32F1xx_HAL_Driver/Src/stm32f1xx_hal_spi.c ****   * @retval HAL status
1609:Drivers/STM32F1xx_HAL_Driver/Src/stm32f1xx_hal_spi.c ****   */
1610:Drivers/STM32F1xx_HAL_Driver/Src/stm32f1xx_hal_spi.c **** HAL_StatusTypeDef HAL_SPI_TransmitReceive_IT(SPI_HandleTypeDef *hspi, const uint8_t *pTxData, uint8
1611:Drivers/STM32F1xx_HAL_Driver/Src/stm32f1xx_hal_spi.c ****                                              uint16_t Size)
1612:Drivers/STM32F1xx_HAL_Driver/Src/stm32f1xx_hal_spi.c **** {
1613:Drivers/STM32F1xx_HAL_Driver/Src/stm32f1xx_hal_spi.c ****   uint32_t             tmp_mode;
1614:Drivers/STM32F1xx_HAL_Driver/Src/stm32f1xx_hal_spi.c ****   HAL_SPI_StateTypeDef tmp_state;
1615:Drivers/STM32F1xx_HAL_Driver/Src/stm32f1xx_hal_spi.c **** 
1616:Drivers/STM32F1xx_HAL_Driver/Src/stm32f1xx_hal_spi.c ****   /* Check Direction parameter */
1617:Drivers/STM32F1xx_HAL_Driver/Src/stm32f1xx_hal_spi.c ****   assert_param(IS_SPI_DIRECTION_2LINES(hspi->Init.Direction));
1618:Drivers/STM32F1xx_HAL_Driver/Src/stm32f1xx_hal_spi.c **** 
1619:Drivers/STM32F1xx_HAL_Driver/Src/stm32f1xx_hal_spi.c ****   /* Init temporary variables */
1620:Drivers/STM32F1xx_HAL_Driver/Src/stm32f1xx_hal_spi.c ****   tmp_state           = hspi->State;
1621:Drivers/STM32F1xx_HAL_Driver/Src/stm32f1xx_hal_spi.c ****   tmp_mode            = hspi->Init.Mode;
1622:Drivers/STM32F1xx_HAL_Driver/Src/stm32f1xx_hal_spi.c **** 
1623:Drivers/STM32F1xx_HAL_Driver/Src/stm32f1xx_hal_spi.c ****   if (!((tmp_state == HAL_SPI_STATE_READY) || \
1624:Drivers/STM32F1xx_HAL_Driver/Src/stm32f1xx_hal_spi.c ****         ((tmp_mode == SPI_MODE_MASTER) && (hspi->Init.Direction == SPI_DIRECTION_2LINES) &&
1625:Drivers/STM32F1xx_HAL_Driver/Src/stm32f1xx_hal_spi.c ****          (tmp_state == HAL_SPI_STATE_BUSY_RX))))
1626:Drivers/STM32F1xx_HAL_Driver/Src/stm32f1xx_hal_spi.c ****   {
1627:Drivers/STM32F1xx_HAL_Driver/Src/stm32f1xx_hal_spi.c ****     return HAL_BUSY;
1628:Drivers/STM32F1xx_HAL_Driver/Src/stm32f1xx_hal_spi.c ****   }
ARM GAS  /tmp/cctmCgKp.s 			page 30


1629:Drivers/STM32F1xx_HAL_Driver/Src/stm32f1xx_hal_spi.c **** 
1630:Drivers/STM32F1xx_HAL_Driver/Src/stm32f1xx_hal_spi.c ****   if ((pTxData == NULL) || (pRxData == NULL) || (Size == 0U))
1631:Drivers/STM32F1xx_HAL_Driver/Src/stm32f1xx_hal_spi.c ****   {
1632:Drivers/STM32F1xx_HAL_Driver/Src/stm32f1xx_hal_spi.c ****     return HAL_ERROR;
1633:Drivers/STM32F1xx_HAL_Driver/Src/stm32f1xx_hal_spi.c ****   }
1634:Drivers/STM32F1xx_HAL_Driver/Src/stm32f1xx_hal_spi.c **** 
1635:Drivers/STM32F1xx_HAL_Driver/Src/stm32f1xx_hal_spi.c ****   /* Process locked */
1636:Drivers/STM32F1xx_HAL_Driver/Src/stm32f1xx_hal_spi.c ****   __HAL_LOCK(hspi);
1637:Drivers/STM32F1xx_HAL_Driver/Src/stm32f1xx_hal_spi.c **** 
1638:Drivers/STM32F1xx_HAL_Driver/Src/stm32f1xx_hal_spi.c ****   /* Don't overwrite in case of HAL_SPI_STATE_BUSY_RX */
1639:Drivers/STM32F1xx_HAL_Driver/Src/stm32f1xx_hal_spi.c ****   if (hspi->State != HAL_SPI_STATE_BUSY_RX)
1640:Drivers/STM32F1xx_HAL_Driver/Src/stm32f1xx_hal_spi.c ****   {
1641:Drivers/STM32F1xx_HAL_Driver/Src/stm32f1xx_hal_spi.c ****     hspi->State = HAL_SPI_STATE_BUSY_TX_RX;
1642:Drivers/STM32F1xx_HAL_Driver/Src/stm32f1xx_hal_spi.c ****   }
1643:Drivers/STM32F1xx_HAL_Driver/Src/stm32f1xx_hal_spi.c **** 
1644:Drivers/STM32F1xx_HAL_Driver/Src/stm32f1xx_hal_spi.c ****   /* Set the transaction information */
1645:Drivers/STM32F1xx_HAL_Driver/Src/stm32f1xx_hal_spi.c ****   hspi->ErrorCode   = HAL_SPI_ERROR_NONE;
1646:Drivers/STM32F1xx_HAL_Driver/Src/stm32f1xx_hal_spi.c ****   hspi->pTxBuffPtr  = (const uint8_t *)pTxData;
1647:Drivers/STM32F1xx_HAL_Driver/Src/stm32f1xx_hal_spi.c ****   hspi->TxXferSize  = Size;
1648:Drivers/STM32F1xx_HAL_Driver/Src/stm32f1xx_hal_spi.c ****   hspi->TxXferCount = Size;
1649:Drivers/STM32F1xx_HAL_Driver/Src/stm32f1xx_hal_spi.c ****   hspi->pRxBuffPtr  = (uint8_t *)pRxData;
1650:Drivers/STM32F1xx_HAL_Driver/Src/stm32f1xx_hal_spi.c ****   hspi->RxXferSize  = Size;
1651:Drivers/STM32F1xx_HAL_Driver/Src/stm32f1xx_hal_spi.c ****   hspi->RxXferCount = Size;
1652:Drivers/STM32F1xx_HAL_Driver/Src/stm32f1xx_hal_spi.c **** 
1653:Drivers/STM32F1xx_HAL_Driver/Src/stm32f1xx_hal_spi.c ****   /* Set the function for IT treatment */
1654:Drivers/STM32F1xx_HAL_Driver/Src/stm32f1xx_hal_spi.c ****   if (hspi->Init.DataSize > SPI_DATASIZE_8BIT)
1655:Drivers/STM32F1xx_HAL_Driver/Src/stm32f1xx_hal_spi.c ****   {
1656:Drivers/STM32F1xx_HAL_Driver/Src/stm32f1xx_hal_spi.c ****     hspi->RxISR     = SPI_2linesRxISR_16BIT;
1657:Drivers/STM32F1xx_HAL_Driver/Src/stm32f1xx_hal_spi.c ****     hspi->TxISR     = SPI_2linesTxISR_16BIT;
1658:Drivers/STM32F1xx_HAL_Driver/Src/stm32f1xx_hal_spi.c ****   }
1659:Drivers/STM32F1xx_HAL_Driver/Src/stm32f1xx_hal_spi.c ****   else
1660:Drivers/STM32F1xx_HAL_Driver/Src/stm32f1xx_hal_spi.c ****   {
1661:Drivers/STM32F1xx_HAL_Driver/Src/stm32f1xx_hal_spi.c ****     hspi->RxISR     = SPI_2linesRxISR_8BIT;
1662:Drivers/STM32F1xx_HAL_Driver/Src/stm32f1xx_hal_spi.c ****     hspi->TxISR     = SPI_2linesTxISR_8BIT;
1663:Drivers/STM32F1xx_HAL_Driver/Src/stm32f1xx_hal_spi.c ****   }
1664:Drivers/STM32F1xx_HAL_Driver/Src/stm32f1xx_hal_spi.c **** 
1665:Drivers/STM32F1xx_HAL_Driver/Src/stm32f1xx_hal_spi.c **** #if (USE_SPI_CRC != 0U)
1666:Drivers/STM32F1xx_HAL_Driver/Src/stm32f1xx_hal_spi.c ****   /* Reset CRC Calculation */
1667:Drivers/STM32F1xx_HAL_Driver/Src/stm32f1xx_hal_spi.c ****   if (hspi->Init.CRCCalculation == SPI_CRCCALCULATION_ENABLE)
1668:Drivers/STM32F1xx_HAL_Driver/Src/stm32f1xx_hal_spi.c ****   {
1669:Drivers/STM32F1xx_HAL_Driver/Src/stm32f1xx_hal_spi.c ****     SPI_RESET_CRC(hspi);
1670:Drivers/STM32F1xx_HAL_Driver/Src/stm32f1xx_hal_spi.c ****   }
1671:Drivers/STM32F1xx_HAL_Driver/Src/stm32f1xx_hal_spi.c **** #endif /* USE_SPI_CRC */
1672:Drivers/STM32F1xx_HAL_Driver/Src/stm32f1xx_hal_spi.c **** 
1673:Drivers/STM32F1xx_HAL_Driver/Src/stm32f1xx_hal_spi.c **** 
1674:Drivers/STM32F1xx_HAL_Driver/Src/stm32f1xx_hal_spi.c ****   /* Check if the SPI is already enabled */
1675:Drivers/STM32F1xx_HAL_Driver/Src/stm32f1xx_hal_spi.c ****   if ((hspi->Instance->CR1 & SPI_CR1_SPE) != SPI_CR1_SPE)
1676:Drivers/STM32F1xx_HAL_Driver/Src/stm32f1xx_hal_spi.c ****   {
1677:Drivers/STM32F1xx_HAL_Driver/Src/stm32f1xx_hal_spi.c ****     /* Enable SPI peripheral */
1678:Drivers/STM32F1xx_HAL_Driver/Src/stm32f1xx_hal_spi.c ****     __HAL_SPI_ENABLE(hspi);
1679:Drivers/STM32F1xx_HAL_Driver/Src/stm32f1xx_hal_spi.c ****   }
1680:Drivers/STM32F1xx_HAL_Driver/Src/stm32f1xx_hal_spi.c **** 
1681:Drivers/STM32F1xx_HAL_Driver/Src/stm32f1xx_hal_spi.c ****   /* Process Unlocked */
1682:Drivers/STM32F1xx_HAL_Driver/Src/stm32f1xx_hal_spi.c ****   __HAL_UNLOCK(hspi);
1683:Drivers/STM32F1xx_HAL_Driver/Src/stm32f1xx_hal_spi.c ****   /* Enable TXE, RXNE and ERR interrupt */
1684:Drivers/STM32F1xx_HAL_Driver/Src/stm32f1xx_hal_spi.c ****   __HAL_SPI_ENABLE_IT(hspi, (SPI_IT_TXE | SPI_IT_RXNE | SPI_IT_ERR));
1685:Drivers/STM32F1xx_HAL_Driver/Src/stm32f1xx_hal_spi.c **** 
ARM GAS  /tmp/cctmCgKp.s 			page 31


1686:Drivers/STM32F1xx_HAL_Driver/Src/stm32f1xx_hal_spi.c ****   return HAL_OK;
1687:Drivers/STM32F1xx_HAL_Driver/Src/stm32f1xx_hal_spi.c **** }
1688:Drivers/STM32F1xx_HAL_Driver/Src/stm32f1xx_hal_spi.c **** 
1689:Drivers/STM32F1xx_HAL_Driver/Src/stm32f1xx_hal_spi.c **** /**
1690:Drivers/STM32F1xx_HAL_Driver/Src/stm32f1xx_hal_spi.c ****   * @brief  Transmit an amount of data in non-blocking mode with DMA.
1691:Drivers/STM32F1xx_HAL_Driver/Src/stm32f1xx_hal_spi.c ****   * @param  hspi pointer to a SPI_HandleTypeDef structure that contains
1692:Drivers/STM32F1xx_HAL_Driver/Src/stm32f1xx_hal_spi.c ****   *               the configuration information for SPI module.
1693:Drivers/STM32F1xx_HAL_Driver/Src/stm32f1xx_hal_spi.c ****   * @param  pData pointer to data buffer
1694:Drivers/STM32F1xx_HAL_Driver/Src/stm32f1xx_hal_spi.c ****   * @param  Size amount of data to be sent
1695:Drivers/STM32F1xx_HAL_Driver/Src/stm32f1xx_hal_spi.c ****   * @retval HAL status
1696:Drivers/STM32F1xx_HAL_Driver/Src/stm32f1xx_hal_spi.c ****   */
1697:Drivers/STM32F1xx_HAL_Driver/Src/stm32f1xx_hal_spi.c **** HAL_StatusTypeDef HAL_SPI_Transmit_DMA(SPI_HandleTypeDef *hspi, const uint8_t *pData, uint16_t Size
1698:Drivers/STM32F1xx_HAL_Driver/Src/stm32f1xx_hal_spi.c **** {
1699:Drivers/STM32F1xx_HAL_Driver/Src/stm32f1xx_hal_spi.c **** 
1700:Drivers/STM32F1xx_HAL_Driver/Src/stm32f1xx_hal_spi.c ****   /* Check tx dma handle */
1701:Drivers/STM32F1xx_HAL_Driver/Src/stm32f1xx_hal_spi.c ****   assert_param(IS_SPI_DMA_HANDLE(hspi->hdmatx));
1702:Drivers/STM32F1xx_HAL_Driver/Src/stm32f1xx_hal_spi.c **** 
1703:Drivers/STM32F1xx_HAL_Driver/Src/stm32f1xx_hal_spi.c ****   /* Check Direction parameter */
1704:Drivers/STM32F1xx_HAL_Driver/Src/stm32f1xx_hal_spi.c ****   assert_param(IS_SPI_DIRECTION_2LINES_OR_1LINE(hspi->Init.Direction));
1705:Drivers/STM32F1xx_HAL_Driver/Src/stm32f1xx_hal_spi.c **** 
1706:Drivers/STM32F1xx_HAL_Driver/Src/stm32f1xx_hal_spi.c ****   if (hspi->State != HAL_SPI_STATE_READY)
1707:Drivers/STM32F1xx_HAL_Driver/Src/stm32f1xx_hal_spi.c ****   {
1708:Drivers/STM32F1xx_HAL_Driver/Src/stm32f1xx_hal_spi.c ****     return HAL_BUSY;
1709:Drivers/STM32F1xx_HAL_Driver/Src/stm32f1xx_hal_spi.c ****   }
1710:Drivers/STM32F1xx_HAL_Driver/Src/stm32f1xx_hal_spi.c **** 
1711:Drivers/STM32F1xx_HAL_Driver/Src/stm32f1xx_hal_spi.c ****   if ((pData == NULL) || (Size == 0U))
1712:Drivers/STM32F1xx_HAL_Driver/Src/stm32f1xx_hal_spi.c ****   {
1713:Drivers/STM32F1xx_HAL_Driver/Src/stm32f1xx_hal_spi.c ****     return HAL_ERROR;
1714:Drivers/STM32F1xx_HAL_Driver/Src/stm32f1xx_hal_spi.c ****   }
1715:Drivers/STM32F1xx_HAL_Driver/Src/stm32f1xx_hal_spi.c **** 
1716:Drivers/STM32F1xx_HAL_Driver/Src/stm32f1xx_hal_spi.c ****   /* Process Locked */
1717:Drivers/STM32F1xx_HAL_Driver/Src/stm32f1xx_hal_spi.c ****   __HAL_LOCK(hspi);
1718:Drivers/STM32F1xx_HAL_Driver/Src/stm32f1xx_hal_spi.c **** 
1719:Drivers/STM32F1xx_HAL_Driver/Src/stm32f1xx_hal_spi.c ****   /* Set the transaction information */
1720:Drivers/STM32F1xx_HAL_Driver/Src/stm32f1xx_hal_spi.c ****   hspi->State       = HAL_SPI_STATE_BUSY_TX;
1721:Drivers/STM32F1xx_HAL_Driver/Src/stm32f1xx_hal_spi.c ****   hspi->ErrorCode   = HAL_SPI_ERROR_NONE;
1722:Drivers/STM32F1xx_HAL_Driver/Src/stm32f1xx_hal_spi.c ****   hspi->pTxBuffPtr  = (const uint8_t *)pData;
1723:Drivers/STM32F1xx_HAL_Driver/Src/stm32f1xx_hal_spi.c ****   hspi->TxXferSize  = Size;
1724:Drivers/STM32F1xx_HAL_Driver/Src/stm32f1xx_hal_spi.c ****   hspi->TxXferCount = Size;
1725:Drivers/STM32F1xx_HAL_Driver/Src/stm32f1xx_hal_spi.c **** 
1726:Drivers/STM32F1xx_HAL_Driver/Src/stm32f1xx_hal_spi.c ****   /* Init field not used in handle to zero */
1727:Drivers/STM32F1xx_HAL_Driver/Src/stm32f1xx_hal_spi.c ****   hspi->pRxBuffPtr  = (uint8_t *)NULL;
1728:Drivers/STM32F1xx_HAL_Driver/Src/stm32f1xx_hal_spi.c ****   hspi->TxISR       = NULL;
1729:Drivers/STM32F1xx_HAL_Driver/Src/stm32f1xx_hal_spi.c ****   hspi->RxISR       = NULL;
1730:Drivers/STM32F1xx_HAL_Driver/Src/stm32f1xx_hal_spi.c ****   hspi->RxXferSize  = 0U;
1731:Drivers/STM32F1xx_HAL_Driver/Src/stm32f1xx_hal_spi.c ****   hspi->RxXferCount = 0U;
1732:Drivers/STM32F1xx_HAL_Driver/Src/stm32f1xx_hal_spi.c **** 
1733:Drivers/STM32F1xx_HAL_Driver/Src/stm32f1xx_hal_spi.c ****   /* Configure communication direction : 1Line */
1734:Drivers/STM32F1xx_HAL_Driver/Src/stm32f1xx_hal_spi.c ****   if (hspi->Init.Direction == SPI_DIRECTION_1LINE)
1735:Drivers/STM32F1xx_HAL_Driver/Src/stm32f1xx_hal_spi.c ****   {
1736:Drivers/STM32F1xx_HAL_Driver/Src/stm32f1xx_hal_spi.c ****     /* Disable SPI Peripheral before set 1Line direction (BIDIOE bit) */
1737:Drivers/STM32F1xx_HAL_Driver/Src/stm32f1xx_hal_spi.c ****     __HAL_SPI_DISABLE(hspi);
1738:Drivers/STM32F1xx_HAL_Driver/Src/stm32f1xx_hal_spi.c ****     SPI_1LINE_TX(hspi);
1739:Drivers/STM32F1xx_HAL_Driver/Src/stm32f1xx_hal_spi.c ****   }
1740:Drivers/STM32F1xx_HAL_Driver/Src/stm32f1xx_hal_spi.c **** 
1741:Drivers/STM32F1xx_HAL_Driver/Src/stm32f1xx_hal_spi.c **** #if (USE_SPI_CRC != 0U)
1742:Drivers/STM32F1xx_HAL_Driver/Src/stm32f1xx_hal_spi.c ****   /* Reset CRC Calculation */
ARM GAS  /tmp/cctmCgKp.s 			page 32


1743:Drivers/STM32F1xx_HAL_Driver/Src/stm32f1xx_hal_spi.c ****   if (hspi->Init.CRCCalculation == SPI_CRCCALCULATION_ENABLE)
1744:Drivers/STM32F1xx_HAL_Driver/Src/stm32f1xx_hal_spi.c ****   {
1745:Drivers/STM32F1xx_HAL_Driver/Src/stm32f1xx_hal_spi.c ****     SPI_RESET_CRC(hspi);
1746:Drivers/STM32F1xx_HAL_Driver/Src/stm32f1xx_hal_spi.c ****   }
1747:Drivers/STM32F1xx_HAL_Driver/Src/stm32f1xx_hal_spi.c **** #endif /* USE_SPI_CRC */
1748:Drivers/STM32F1xx_HAL_Driver/Src/stm32f1xx_hal_spi.c **** 
1749:Drivers/STM32F1xx_HAL_Driver/Src/stm32f1xx_hal_spi.c ****   /* Set the SPI TxDMA Half transfer complete callback */
1750:Drivers/STM32F1xx_HAL_Driver/Src/stm32f1xx_hal_spi.c ****   hspi->hdmatx->XferHalfCpltCallback = SPI_DMAHalfTransmitCplt;
1751:Drivers/STM32F1xx_HAL_Driver/Src/stm32f1xx_hal_spi.c **** 
1752:Drivers/STM32F1xx_HAL_Driver/Src/stm32f1xx_hal_spi.c ****   /* Set the SPI TxDMA transfer complete callback */
1753:Drivers/STM32F1xx_HAL_Driver/Src/stm32f1xx_hal_spi.c ****   hspi->hdmatx->XferCpltCallback = SPI_DMATransmitCplt;
1754:Drivers/STM32F1xx_HAL_Driver/Src/stm32f1xx_hal_spi.c **** 
1755:Drivers/STM32F1xx_HAL_Driver/Src/stm32f1xx_hal_spi.c ****   /* Set the DMA error callback */
1756:Drivers/STM32F1xx_HAL_Driver/Src/stm32f1xx_hal_spi.c ****   hspi->hdmatx->XferErrorCallback = SPI_DMAError;
1757:Drivers/STM32F1xx_HAL_Driver/Src/stm32f1xx_hal_spi.c **** 
1758:Drivers/STM32F1xx_HAL_Driver/Src/stm32f1xx_hal_spi.c ****   /* Set the DMA AbortCpltCallback */
1759:Drivers/STM32F1xx_HAL_Driver/Src/stm32f1xx_hal_spi.c ****   hspi->hdmatx->XferAbortCallback = NULL;
1760:Drivers/STM32F1xx_HAL_Driver/Src/stm32f1xx_hal_spi.c **** 
1761:Drivers/STM32F1xx_HAL_Driver/Src/stm32f1xx_hal_spi.c ****   /* Enable the Tx DMA Stream/Channel */
1762:Drivers/STM32F1xx_HAL_Driver/Src/stm32f1xx_hal_spi.c ****   if (HAL_OK != HAL_DMA_Start_IT(hspi->hdmatx, (uint32_t)hspi->pTxBuffPtr, (uint32_t)&hspi->Instanc
1763:Drivers/STM32F1xx_HAL_Driver/Src/stm32f1xx_hal_spi.c ****                                  hspi->TxXferCount))
1764:Drivers/STM32F1xx_HAL_Driver/Src/stm32f1xx_hal_spi.c ****   {
1765:Drivers/STM32F1xx_HAL_Driver/Src/stm32f1xx_hal_spi.c ****     /* Update SPI error code */
1766:Drivers/STM32F1xx_HAL_Driver/Src/stm32f1xx_hal_spi.c ****     SET_BIT(hspi->ErrorCode, HAL_SPI_ERROR_DMA);
1767:Drivers/STM32F1xx_HAL_Driver/Src/stm32f1xx_hal_spi.c ****     /* Process Unlocked */
1768:Drivers/STM32F1xx_HAL_Driver/Src/stm32f1xx_hal_spi.c ****     __HAL_UNLOCK(hspi);
1769:Drivers/STM32F1xx_HAL_Driver/Src/stm32f1xx_hal_spi.c ****     return HAL_ERROR;
1770:Drivers/STM32F1xx_HAL_Driver/Src/stm32f1xx_hal_spi.c ****   }
1771:Drivers/STM32F1xx_HAL_Driver/Src/stm32f1xx_hal_spi.c **** 
1772:Drivers/STM32F1xx_HAL_Driver/Src/stm32f1xx_hal_spi.c ****   /* Check if the SPI is already enabled */
1773:Drivers/STM32F1xx_HAL_Driver/Src/stm32f1xx_hal_spi.c ****   if ((hspi->Instance->CR1 & SPI_CR1_SPE) != SPI_CR1_SPE)
1774:Drivers/STM32F1xx_HAL_Driver/Src/stm32f1xx_hal_spi.c ****   {
1775:Drivers/STM32F1xx_HAL_Driver/Src/stm32f1xx_hal_spi.c ****     /* Enable SPI peripheral */
1776:Drivers/STM32F1xx_HAL_Driver/Src/stm32f1xx_hal_spi.c ****     __HAL_SPI_ENABLE(hspi);
1777:Drivers/STM32F1xx_HAL_Driver/Src/stm32f1xx_hal_spi.c ****   }
1778:Drivers/STM32F1xx_HAL_Driver/Src/stm32f1xx_hal_spi.c **** 
1779:Drivers/STM32F1xx_HAL_Driver/Src/stm32f1xx_hal_spi.c ****   /* Process Unlocked */
1780:Drivers/STM32F1xx_HAL_Driver/Src/stm32f1xx_hal_spi.c ****   __HAL_UNLOCK(hspi);
1781:Drivers/STM32F1xx_HAL_Driver/Src/stm32f1xx_hal_spi.c **** 
1782:Drivers/STM32F1xx_HAL_Driver/Src/stm32f1xx_hal_spi.c ****   /* Enable the SPI Error Interrupt Bit */
1783:Drivers/STM32F1xx_HAL_Driver/Src/stm32f1xx_hal_spi.c ****   __HAL_SPI_ENABLE_IT(hspi, (SPI_IT_ERR));
1784:Drivers/STM32F1xx_HAL_Driver/Src/stm32f1xx_hal_spi.c **** 
1785:Drivers/STM32F1xx_HAL_Driver/Src/stm32f1xx_hal_spi.c ****   /* Enable Tx DMA Request */
1786:Drivers/STM32F1xx_HAL_Driver/Src/stm32f1xx_hal_spi.c ****   SET_BIT(hspi->Instance->CR2, SPI_CR2_TXDMAEN);
1787:Drivers/STM32F1xx_HAL_Driver/Src/stm32f1xx_hal_spi.c **** 
1788:Drivers/STM32F1xx_HAL_Driver/Src/stm32f1xx_hal_spi.c ****   return HAL_OK;
1789:Drivers/STM32F1xx_HAL_Driver/Src/stm32f1xx_hal_spi.c **** }
1790:Drivers/STM32F1xx_HAL_Driver/Src/stm32f1xx_hal_spi.c **** 
1791:Drivers/STM32F1xx_HAL_Driver/Src/stm32f1xx_hal_spi.c **** /**
1792:Drivers/STM32F1xx_HAL_Driver/Src/stm32f1xx_hal_spi.c ****   * @brief  Receive an amount of data in non-blocking mode with DMA.
1793:Drivers/STM32F1xx_HAL_Driver/Src/stm32f1xx_hal_spi.c ****   * @note   In case of MASTER mode and SPI_DIRECTION_2LINES direction, hdmatx shall be defined.
1794:Drivers/STM32F1xx_HAL_Driver/Src/stm32f1xx_hal_spi.c ****   * @param  hspi pointer to a SPI_HandleTypeDef structure that contains
1795:Drivers/STM32F1xx_HAL_Driver/Src/stm32f1xx_hal_spi.c ****   *               the configuration information for SPI module.
1796:Drivers/STM32F1xx_HAL_Driver/Src/stm32f1xx_hal_spi.c ****   * @param  pData pointer to data buffer
1797:Drivers/STM32F1xx_HAL_Driver/Src/stm32f1xx_hal_spi.c ****   * @note   When the CRC feature is enabled the pData Length must be Size + 1.
1798:Drivers/STM32F1xx_HAL_Driver/Src/stm32f1xx_hal_spi.c ****   * @param  Size amount of data to be sent
1799:Drivers/STM32F1xx_HAL_Driver/Src/stm32f1xx_hal_spi.c ****   * @retval HAL status
ARM GAS  /tmp/cctmCgKp.s 			page 33


1800:Drivers/STM32F1xx_HAL_Driver/Src/stm32f1xx_hal_spi.c ****   */
1801:Drivers/STM32F1xx_HAL_Driver/Src/stm32f1xx_hal_spi.c **** HAL_StatusTypeDef HAL_SPI_Receive_DMA(SPI_HandleTypeDef *hspi, uint8_t *pData, uint16_t Size)
1802:Drivers/STM32F1xx_HAL_Driver/Src/stm32f1xx_hal_spi.c **** {
1803:Drivers/STM32F1xx_HAL_Driver/Src/stm32f1xx_hal_spi.c ****   /* Check rx dma handle */
1804:Drivers/STM32F1xx_HAL_Driver/Src/stm32f1xx_hal_spi.c ****   assert_param(IS_SPI_DMA_HANDLE(hspi->hdmarx));
1805:Drivers/STM32F1xx_HAL_Driver/Src/stm32f1xx_hal_spi.c **** 
1806:Drivers/STM32F1xx_HAL_Driver/Src/stm32f1xx_hal_spi.c ****   if (hspi->State != HAL_SPI_STATE_READY)
1807:Drivers/STM32F1xx_HAL_Driver/Src/stm32f1xx_hal_spi.c ****   {
1808:Drivers/STM32F1xx_HAL_Driver/Src/stm32f1xx_hal_spi.c ****     return HAL_BUSY;
1809:Drivers/STM32F1xx_HAL_Driver/Src/stm32f1xx_hal_spi.c ****   }
1810:Drivers/STM32F1xx_HAL_Driver/Src/stm32f1xx_hal_spi.c **** 
1811:Drivers/STM32F1xx_HAL_Driver/Src/stm32f1xx_hal_spi.c ****   if ((hspi->Init.Direction == SPI_DIRECTION_2LINES) && (hspi->Init.Mode == SPI_MODE_MASTER))
1812:Drivers/STM32F1xx_HAL_Driver/Src/stm32f1xx_hal_spi.c ****   {
1813:Drivers/STM32F1xx_HAL_Driver/Src/stm32f1xx_hal_spi.c ****     hspi->State = HAL_SPI_STATE_BUSY_RX;
1814:Drivers/STM32F1xx_HAL_Driver/Src/stm32f1xx_hal_spi.c **** 
1815:Drivers/STM32F1xx_HAL_Driver/Src/stm32f1xx_hal_spi.c ****     /* Check tx dma handle */
1816:Drivers/STM32F1xx_HAL_Driver/Src/stm32f1xx_hal_spi.c ****     assert_param(IS_SPI_DMA_HANDLE(hspi->hdmatx));
1817:Drivers/STM32F1xx_HAL_Driver/Src/stm32f1xx_hal_spi.c **** 
1818:Drivers/STM32F1xx_HAL_Driver/Src/stm32f1xx_hal_spi.c ****     /* Call transmit-receive function to send Dummy data on Tx line and generate clock on CLK line 
1819:Drivers/STM32F1xx_HAL_Driver/Src/stm32f1xx_hal_spi.c ****     return HAL_SPI_TransmitReceive_DMA(hspi, pData, pData, Size);
1820:Drivers/STM32F1xx_HAL_Driver/Src/stm32f1xx_hal_spi.c ****   }
1821:Drivers/STM32F1xx_HAL_Driver/Src/stm32f1xx_hal_spi.c **** 
1822:Drivers/STM32F1xx_HAL_Driver/Src/stm32f1xx_hal_spi.c ****   if ((pData == NULL) || (Size == 0U))
1823:Drivers/STM32F1xx_HAL_Driver/Src/stm32f1xx_hal_spi.c ****   {
1824:Drivers/STM32F1xx_HAL_Driver/Src/stm32f1xx_hal_spi.c ****     return HAL_ERROR;
1825:Drivers/STM32F1xx_HAL_Driver/Src/stm32f1xx_hal_spi.c ****   }
1826:Drivers/STM32F1xx_HAL_Driver/Src/stm32f1xx_hal_spi.c **** 
1827:Drivers/STM32F1xx_HAL_Driver/Src/stm32f1xx_hal_spi.c ****   /* Process Locked */
1828:Drivers/STM32F1xx_HAL_Driver/Src/stm32f1xx_hal_spi.c ****   __HAL_LOCK(hspi);
1829:Drivers/STM32F1xx_HAL_Driver/Src/stm32f1xx_hal_spi.c **** 
1830:Drivers/STM32F1xx_HAL_Driver/Src/stm32f1xx_hal_spi.c ****   /* Set the transaction information */
1831:Drivers/STM32F1xx_HAL_Driver/Src/stm32f1xx_hal_spi.c ****   hspi->State       = HAL_SPI_STATE_BUSY_RX;
1832:Drivers/STM32F1xx_HAL_Driver/Src/stm32f1xx_hal_spi.c ****   hspi->ErrorCode   = HAL_SPI_ERROR_NONE;
1833:Drivers/STM32F1xx_HAL_Driver/Src/stm32f1xx_hal_spi.c ****   hspi->pRxBuffPtr  = (uint8_t *)pData;
1834:Drivers/STM32F1xx_HAL_Driver/Src/stm32f1xx_hal_spi.c ****   hspi->RxXferSize  = Size;
1835:Drivers/STM32F1xx_HAL_Driver/Src/stm32f1xx_hal_spi.c ****   hspi->RxXferCount = Size;
1836:Drivers/STM32F1xx_HAL_Driver/Src/stm32f1xx_hal_spi.c **** 
1837:Drivers/STM32F1xx_HAL_Driver/Src/stm32f1xx_hal_spi.c ****   /*Init field not used in handle to zero */
1838:Drivers/STM32F1xx_HAL_Driver/Src/stm32f1xx_hal_spi.c ****   hspi->RxISR       = NULL;
1839:Drivers/STM32F1xx_HAL_Driver/Src/stm32f1xx_hal_spi.c ****   hspi->TxISR       = NULL;
1840:Drivers/STM32F1xx_HAL_Driver/Src/stm32f1xx_hal_spi.c ****   hspi->TxXferSize  = 0U;
1841:Drivers/STM32F1xx_HAL_Driver/Src/stm32f1xx_hal_spi.c ****   hspi->TxXferCount = 0U;
1842:Drivers/STM32F1xx_HAL_Driver/Src/stm32f1xx_hal_spi.c **** 
1843:Drivers/STM32F1xx_HAL_Driver/Src/stm32f1xx_hal_spi.c ****   /* Configure communication direction : 1Line */
1844:Drivers/STM32F1xx_HAL_Driver/Src/stm32f1xx_hal_spi.c ****   if (hspi->Init.Direction == SPI_DIRECTION_1LINE)
1845:Drivers/STM32F1xx_HAL_Driver/Src/stm32f1xx_hal_spi.c ****   {
1846:Drivers/STM32F1xx_HAL_Driver/Src/stm32f1xx_hal_spi.c ****     /* Disable SPI Peripheral before set 1Line direction (BIDIOE bit) */
1847:Drivers/STM32F1xx_HAL_Driver/Src/stm32f1xx_hal_spi.c ****     __HAL_SPI_DISABLE(hspi);
1848:Drivers/STM32F1xx_HAL_Driver/Src/stm32f1xx_hal_spi.c ****     SPI_1LINE_RX(hspi);
1849:Drivers/STM32F1xx_HAL_Driver/Src/stm32f1xx_hal_spi.c ****   }
1850:Drivers/STM32F1xx_HAL_Driver/Src/stm32f1xx_hal_spi.c **** 
1851:Drivers/STM32F1xx_HAL_Driver/Src/stm32f1xx_hal_spi.c **** #if (USE_SPI_CRC != 0U)
1852:Drivers/STM32F1xx_HAL_Driver/Src/stm32f1xx_hal_spi.c ****   /* Reset CRC Calculation */
1853:Drivers/STM32F1xx_HAL_Driver/Src/stm32f1xx_hal_spi.c ****   if (hspi->Init.CRCCalculation == SPI_CRCCALCULATION_ENABLE)
1854:Drivers/STM32F1xx_HAL_Driver/Src/stm32f1xx_hal_spi.c ****   {
1855:Drivers/STM32F1xx_HAL_Driver/Src/stm32f1xx_hal_spi.c ****     SPI_RESET_CRC(hspi);
1856:Drivers/STM32F1xx_HAL_Driver/Src/stm32f1xx_hal_spi.c ****   }
ARM GAS  /tmp/cctmCgKp.s 			page 34


1857:Drivers/STM32F1xx_HAL_Driver/Src/stm32f1xx_hal_spi.c **** #endif /* USE_SPI_CRC */
1858:Drivers/STM32F1xx_HAL_Driver/Src/stm32f1xx_hal_spi.c **** 
1859:Drivers/STM32F1xx_HAL_Driver/Src/stm32f1xx_hal_spi.c ****   /* Set the SPI RxDMA Half transfer complete callback */
1860:Drivers/STM32F1xx_HAL_Driver/Src/stm32f1xx_hal_spi.c ****   hspi->hdmarx->XferHalfCpltCallback = SPI_DMAHalfReceiveCplt;
1861:Drivers/STM32F1xx_HAL_Driver/Src/stm32f1xx_hal_spi.c **** 
1862:Drivers/STM32F1xx_HAL_Driver/Src/stm32f1xx_hal_spi.c ****   /* Set the SPI Rx DMA transfer complete callback */
1863:Drivers/STM32F1xx_HAL_Driver/Src/stm32f1xx_hal_spi.c ****   hspi->hdmarx->XferCpltCallback = SPI_DMAReceiveCplt;
1864:Drivers/STM32F1xx_HAL_Driver/Src/stm32f1xx_hal_spi.c **** 
1865:Drivers/STM32F1xx_HAL_Driver/Src/stm32f1xx_hal_spi.c ****   /* Set the DMA error callback */
1866:Drivers/STM32F1xx_HAL_Driver/Src/stm32f1xx_hal_spi.c ****   hspi->hdmarx->XferErrorCallback = SPI_DMAError;
1867:Drivers/STM32F1xx_HAL_Driver/Src/stm32f1xx_hal_spi.c **** 
1868:Drivers/STM32F1xx_HAL_Driver/Src/stm32f1xx_hal_spi.c ****   /* Set the DMA AbortCpltCallback */
1869:Drivers/STM32F1xx_HAL_Driver/Src/stm32f1xx_hal_spi.c ****   hspi->hdmarx->XferAbortCallback = NULL;
1870:Drivers/STM32F1xx_HAL_Driver/Src/stm32f1xx_hal_spi.c **** 
1871:Drivers/STM32F1xx_HAL_Driver/Src/stm32f1xx_hal_spi.c ****   /* Enable the Rx DMA Stream/Channel  */
1872:Drivers/STM32F1xx_HAL_Driver/Src/stm32f1xx_hal_spi.c ****   if (HAL_OK != HAL_DMA_Start_IT(hspi->hdmarx, (uint32_t)&hspi->Instance->DR, (uint32_t)hspi->pRxBu
1873:Drivers/STM32F1xx_HAL_Driver/Src/stm32f1xx_hal_spi.c ****                                  hspi->RxXferCount))
1874:Drivers/STM32F1xx_HAL_Driver/Src/stm32f1xx_hal_spi.c ****   {
1875:Drivers/STM32F1xx_HAL_Driver/Src/stm32f1xx_hal_spi.c ****     /* Update SPI error code */
1876:Drivers/STM32F1xx_HAL_Driver/Src/stm32f1xx_hal_spi.c ****     SET_BIT(hspi->ErrorCode, HAL_SPI_ERROR_DMA);
1877:Drivers/STM32F1xx_HAL_Driver/Src/stm32f1xx_hal_spi.c ****     /* Process Unlocked */
1878:Drivers/STM32F1xx_HAL_Driver/Src/stm32f1xx_hal_spi.c ****     __HAL_UNLOCK(hspi);
1879:Drivers/STM32F1xx_HAL_Driver/Src/stm32f1xx_hal_spi.c ****     return HAL_ERROR;
1880:Drivers/STM32F1xx_HAL_Driver/Src/stm32f1xx_hal_spi.c ****   }
1881:Drivers/STM32F1xx_HAL_Driver/Src/stm32f1xx_hal_spi.c **** 
1882:Drivers/STM32F1xx_HAL_Driver/Src/stm32f1xx_hal_spi.c ****   /* Check if the SPI is already enabled */
1883:Drivers/STM32F1xx_HAL_Driver/Src/stm32f1xx_hal_spi.c ****   if ((hspi->Instance->CR1 & SPI_CR1_SPE) != SPI_CR1_SPE)
1884:Drivers/STM32F1xx_HAL_Driver/Src/stm32f1xx_hal_spi.c ****   {
1885:Drivers/STM32F1xx_HAL_Driver/Src/stm32f1xx_hal_spi.c ****     /* Enable SPI peripheral */
1886:Drivers/STM32F1xx_HAL_Driver/Src/stm32f1xx_hal_spi.c ****     __HAL_SPI_ENABLE(hspi);
1887:Drivers/STM32F1xx_HAL_Driver/Src/stm32f1xx_hal_spi.c ****   }
1888:Drivers/STM32F1xx_HAL_Driver/Src/stm32f1xx_hal_spi.c **** 
1889:Drivers/STM32F1xx_HAL_Driver/Src/stm32f1xx_hal_spi.c ****   /* Process Unlocked */
1890:Drivers/STM32F1xx_HAL_Driver/Src/stm32f1xx_hal_spi.c ****   __HAL_UNLOCK(hspi);
1891:Drivers/STM32F1xx_HAL_Driver/Src/stm32f1xx_hal_spi.c **** 
1892:Drivers/STM32F1xx_HAL_Driver/Src/stm32f1xx_hal_spi.c ****   /* Enable the SPI Error Interrupt Bit */
1893:Drivers/STM32F1xx_HAL_Driver/Src/stm32f1xx_hal_spi.c ****   __HAL_SPI_ENABLE_IT(hspi, (SPI_IT_ERR));
1894:Drivers/STM32F1xx_HAL_Driver/Src/stm32f1xx_hal_spi.c **** 
1895:Drivers/STM32F1xx_HAL_Driver/Src/stm32f1xx_hal_spi.c ****   /* Enable Rx DMA Request */
1896:Drivers/STM32F1xx_HAL_Driver/Src/stm32f1xx_hal_spi.c ****   SET_BIT(hspi->Instance->CR2, SPI_CR2_RXDMAEN);
1897:Drivers/STM32F1xx_HAL_Driver/Src/stm32f1xx_hal_spi.c **** 
1898:Drivers/STM32F1xx_HAL_Driver/Src/stm32f1xx_hal_spi.c ****   return HAL_OK;
1899:Drivers/STM32F1xx_HAL_Driver/Src/stm32f1xx_hal_spi.c **** }
1900:Drivers/STM32F1xx_HAL_Driver/Src/stm32f1xx_hal_spi.c **** 
1901:Drivers/STM32F1xx_HAL_Driver/Src/stm32f1xx_hal_spi.c **** /**
1902:Drivers/STM32F1xx_HAL_Driver/Src/stm32f1xx_hal_spi.c ****   * @brief  Transmit and Receive an amount of data in non-blocking mode with DMA.
1903:Drivers/STM32F1xx_HAL_Driver/Src/stm32f1xx_hal_spi.c ****   * @param  hspi pointer to a SPI_HandleTypeDef structure that contains
1904:Drivers/STM32F1xx_HAL_Driver/Src/stm32f1xx_hal_spi.c ****   *               the configuration information for SPI module.
1905:Drivers/STM32F1xx_HAL_Driver/Src/stm32f1xx_hal_spi.c ****   * @param  pTxData pointer to transmission data buffer
1906:Drivers/STM32F1xx_HAL_Driver/Src/stm32f1xx_hal_spi.c ****   * @param  pRxData pointer to reception data buffer
1907:Drivers/STM32F1xx_HAL_Driver/Src/stm32f1xx_hal_spi.c ****   * @note   When the CRC feature is enabled the pRxData Length must be Size + 1
1908:Drivers/STM32F1xx_HAL_Driver/Src/stm32f1xx_hal_spi.c ****   * @param  Size amount of data to be sent
1909:Drivers/STM32F1xx_HAL_Driver/Src/stm32f1xx_hal_spi.c ****   * @retval HAL status
1910:Drivers/STM32F1xx_HAL_Driver/Src/stm32f1xx_hal_spi.c ****   */
1911:Drivers/STM32F1xx_HAL_Driver/Src/stm32f1xx_hal_spi.c **** HAL_StatusTypeDef HAL_SPI_TransmitReceive_DMA(SPI_HandleTypeDef *hspi, const uint8_t *pTxData, uint
1912:Drivers/STM32F1xx_HAL_Driver/Src/stm32f1xx_hal_spi.c ****                                               uint16_t Size)
1913:Drivers/STM32F1xx_HAL_Driver/Src/stm32f1xx_hal_spi.c **** {
ARM GAS  /tmp/cctmCgKp.s 			page 35


1914:Drivers/STM32F1xx_HAL_Driver/Src/stm32f1xx_hal_spi.c ****   uint32_t             tmp_mode;
1915:Drivers/STM32F1xx_HAL_Driver/Src/stm32f1xx_hal_spi.c ****   HAL_SPI_StateTypeDef tmp_state;
1916:Drivers/STM32F1xx_HAL_Driver/Src/stm32f1xx_hal_spi.c **** 
1917:Drivers/STM32F1xx_HAL_Driver/Src/stm32f1xx_hal_spi.c ****   /* Check rx & tx dma handles */
1918:Drivers/STM32F1xx_HAL_Driver/Src/stm32f1xx_hal_spi.c ****   assert_param(IS_SPI_DMA_HANDLE(hspi->hdmarx));
1919:Drivers/STM32F1xx_HAL_Driver/Src/stm32f1xx_hal_spi.c ****   assert_param(IS_SPI_DMA_HANDLE(hspi->hdmatx));
1920:Drivers/STM32F1xx_HAL_Driver/Src/stm32f1xx_hal_spi.c **** 
1921:Drivers/STM32F1xx_HAL_Driver/Src/stm32f1xx_hal_spi.c ****   /* Check Direction parameter */
1922:Drivers/STM32F1xx_HAL_Driver/Src/stm32f1xx_hal_spi.c ****   assert_param(IS_SPI_DIRECTION_2LINES(hspi->Init.Direction));
1923:Drivers/STM32F1xx_HAL_Driver/Src/stm32f1xx_hal_spi.c **** 
1924:Drivers/STM32F1xx_HAL_Driver/Src/stm32f1xx_hal_spi.c ****   /* Init temporary variables */
1925:Drivers/STM32F1xx_HAL_Driver/Src/stm32f1xx_hal_spi.c ****   tmp_state           = hspi->State;
1926:Drivers/STM32F1xx_HAL_Driver/Src/stm32f1xx_hal_spi.c ****   tmp_mode            = hspi->Init.Mode;
1927:Drivers/STM32F1xx_HAL_Driver/Src/stm32f1xx_hal_spi.c **** 
1928:Drivers/STM32F1xx_HAL_Driver/Src/stm32f1xx_hal_spi.c ****   if (!((tmp_state == HAL_SPI_STATE_READY) ||
1929:Drivers/STM32F1xx_HAL_Driver/Src/stm32f1xx_hal_spi.c ****         ((tmp_mode == SPI_MODE_MASTER) && (hspi->Init.Direction == SPI_DIRECTION_2LINES) &&
1930:Drivers/STM32F1xx_HAL_Driver/Src/stm32f1xx_hal_spi.c ****          (tmp_state == HAL_SPI_STATE_BUSY_RX))))
1931:Drivers/STM32F1xx_HAL_Driver/Src/stm32f1xx_hal_spi.c ****   {
1932:Drivers/STM32F1xx_HAL_Driver/Src/stm32f1xx_hal_spi.c ****     return HAL_BUSY;
1933:Drivers/STM32F1xx_HAL_Driver/Src/stm32f1xx_hal_spi.c ****   }
1934:Drivers/STM32F1xx_HAL_Driver/Src/stm32f1xx_hal_spi.c **** 
1935:Drivers/STM32F1xx_HAL_Driver/Src/stm32f1xx_hal_spi.c ****   if ((pTxData == NULL) || (pRxData == NULL) || (Size == 0U))
1936:Drivers/STM32F1xx_HAL_Driver/Src/stm32f1xx_hal_spi.c ****   {
1937:Drivers/STM32F1xx_HAL_Driver/Src/stm32f1xx_hal_spi.c ****     return HAL_ERROR;
1938:Drivers/STM32F1xx_HAL_Driver/Src/stm32f1xx_hal_spi.c ****   }
1939:Drivers/STM32F1xx_HAL_Driver/Src/stm32f1xx_hal_spi.c **** 
1940:Drivers/STM32F1xx_HAL_Driver/Src/stm32f1xx_hal_spi.c ****   /* Process locked */
1941:Drivers/STM32F1xx_HAL_Driver/Src/stm32f1xx_hal_spi.c ****   __HAL_LOCK(hspi);
1942:Drivers/STM32F1xx_HAL_Driver/Src/stm32f1xx_hal_spi.c **** 
1943:Drivers/STM32F1xx_HAL_Driver/Src/stm32f1xx_hal_spi.c ****   /* Don't overwrite in case of HAL_SPI_STATE_BUSY_RX */
1944:Drivers/STM32F1xx_HAL_Driver/Src/stm32f1xx_hal_spi.c ****   if (hspi->State != HAL_SPI_STATE_BUSY_RX)
1945:Drivers/STM32F1xx_HAL_Driver/Src/stm32f1xx_hal_spi.c ****   {
1946:Drivers/STM32F1xx_HAL_Driver/Src/stm32f1xx_hal_spi.c ****     hspi->State = HAL_SPI_STATE_BUSY_TX_RX;
1947:Drivers/STM32F1xx_HAL_Driver/Src/stm32f1xx_hal_spi.c ****   }
1948:Drivers/STM32F1xx_HAL_Driver/Src/stm32f1xx_hal_spi.c **** 
1949:Drivers/STM32F1xx_HAL_Driver/Src/stm32f1xx_hal_spi.c ****   /* Set the transaction information */
1950:Drivers/STM32F1xx_HAL_Driver/Src/stm32f1xx_hal_spi.c ****   hspi->ErrorCode   = HAL_SPI_ERROR_NONE;
1951:Drivers/STM32F1xx_HAL_Driver/Src/stm32f1xx_hal_spi.c ****   hspi->pTxBuffPtr  = (const uint8_t *)pTxData;
1952:Drivers/STM32F1xx_HAL_Driver/Src/stm32f1xx_hal_spi.c ****   hspi->TxXferSize  = Size;
1953:Drivers/STM32F1xx_HAL_Driver/Src/stm32f1xx_hal_spi.c ****   hspi->TxXferCount = Size;
1954:Drivers/STM32F1xx_HAL_Driver/Src/stm32f1xx_hal_spi.c ****   hspi->pRxBuffPtr  = (uint8_t *)pRxData;
1955:Drivers/STM32F1xx_HAL_Driver/Src/stm32f1xx_hal_spi.c ****   hspi->RxXferSize  = Size;
1956:Drivers/STM32F1xx_HAL_Driver/Src/stm32f1xx_hal_spi.c ****   hspi->RxXferCount = Size;
1957:Drivers/STM32F1xx_HAL_Driver/Src/stm32f1xx_hal_spi.c **** 
1958:Drivers/STM32F1xx_HAL_Driver/Src/stm32f1xx_hal_spi.c ****   /* Init field not used in handle to zero */
1959:Drivers/STM32F1xx_HAL_Driver/Src/stm32f1xx_hal_spi.c ****   hspi->RxISR       = NULL;
1960:Drivers/STM32F1xx_HAL_Driver/Src/stm32f1xx_hal_spi.c ****   hspi->TxISR       = NULL;
1961:Drivers/STM32F1xx_HAL_Driver/Src/stm32f1xx_hal_spi.c **** 
1962:Drivers/STM32F1xx_HAL_Driver/Src/stm32f1xx_hal_spi.c **** #if (USE_SPI_CRC != 0U)
1963:Drivers/STM32F1xx_HAL_Driver/Src/stm32f1xx_hal_spi.c ****   /* Reset CRC Calculation */
1964:Drivers/STM32F1xx_HAL_Driver/Src/stm32f1xx_hal_spi.c ****   if (hspi->Init.CRCCalculation == SPI_CRCCALCULATION_ENABLE)
1965:Drivers/STM32F1xx_HAL_Driver/Src/stm32f1xx_hal_spi.c ****   {
1966:Drivers/STM32F1xx_HAL_Driver/Src/stm32f1xx_hal_spi.c ****     SPI_RESET_CRC(hspi);
1967:Drivers/STM32F1xx_HAL_Driver/Src/stm32f1xx_hal_spi.c ****   }
1968:Drivers/STM32F1xx_HAL_Driver/Src/stm32f1xx_hal_spi.c **** #endif /* USE_SPI_CRC */
1969:Drivers/STM32F1xx_HAL_Driver/Src/stm32f1xx_hal_spi.c **** 
1970:Drivers/STM32F1xx_HAL_Driver/Src/stm32f1xx_hal_spi.c ****   /* Check if we are in Rx only or in Rx/Tx Mode and configure the DMA transfer complete callback *
ARM GAS  /tmp/cctmCgKp.s 			page 36


1971:Drivers/STM32F1xx_HAL_Driver/Src/stm32f1xx_hal_spi.c ****   if (hspi->State == HAL_SPI_STATE_BUSY_RX)
1972:Drivers/STM32F1xx_HAL_Driver/Src/stm32f1xx_hal_spi.c ****   {
1973:Drivers/STM32F1xx_HAL_Driver/Src/stm32f1xx_hal_spi.c ****     /* Set the SPI Rx DMA Half transfer complete callback */
1974:Drivers/STM32F1xx_HAL_Driver/Src/stm32f1xx_hal_spi.c ****     hspi->hdmarx->XferHalfCpltCallback = SPI_DMAHalfReceiveCplt;
1975:Drivers/STM32F1xx_HAL_Driver/Src/stm32f1xx_hal_spi.c ****     hspi->hdmarx->XferCpltCallback     = SPI_DMAReceiveCplt;
1976:Drivers/STM32F1xx_HAL_Driver/Src/stm32f1xx_hal_spi.c ****   }
1977:Drivers/STM32F1xx_HAL_Driver/Src/stm32f1xx_hal_spi.c ****   else
1978:Drivers/STM32F1xx_HAL_Driver/Src/stm32f1xx_hal_spi.c ****   {
1979:Drivers/STM32F1xx_HAL_Driver/Src/stm32f1xx_hal_spi.c ****     /* Set the SPI Tx/Rx DMA Half transfer complete callback */
1980:Drivers/STM32F1xx_HAL_Driver/Src/stm32f1xx_hal_spi.c ****     hspi->hdmarx->XferHalfCpltCallback = SPI_DMAHalfTransmitReceiveCplt;
1981:Drivers/STM32F1xx_HAL_Driver/Src/stm32f1xx_hal_spi.c ****     hspi->hdmarx->XferCpltCallback     = SPI_DMATransmitReceiveCplt;
1982:Drivers/STM32F1xx_HAL_Driver/Src/stm32f1xx_hal_spi.c ****   }
1983:Drivers/STM32F1xx_HAL_Driver/Src/stm32f1xx_hal_spi.c **** 
1984:Drivers/STM32F1xx_HAL_Driver/Src/stm32f1xx_hal_spi.c ****   /* Set the DMA error callback */
1985:Drivers/STM32F1xx_HAL_Driver/Src/stm32f1xx_hal_spi.c ****   hspi->hdmarx->XferErrorCallback = SPI_DMAError;
1986:Drivers/STM32F1xx_HAL_Driver/Src/stm32f1xx_hal_spi.c **** 
1987:Drivers/STM32F1xx_HAL_Driver/Src/stm32f1xx_hal_spi.c ****   /* Set the DMA AbortCpltCallback */
1988:Drivers/STM32F1xx_HAL_Driver/Src/stm32f1xx_hal_spi.c ****   hspi->hdmarx->XferAbortCallback = NULL;
1989:Drivers/STM32F1xx_HAL_Driver/Src/stm32f1xx_hal_spi.c **** 
1990:Drivers/STM32F1xx_HAL_Driver/Src/stm32f1xx_hal_spi.c ****   /* Enable the Rx DMA Stream/Channel  */
1991:Drivers/STM32F1xx_HAL_Driver/Src/stm32f1xx_hal_spi.c ****   if (HAL_OK != HAL_DMA_Start_IT(hspi->hdmarx, (uint32_t)&hspi->Instance->DR, (uint32_t)hspi->pRxBu
1992:Drivers/STM32F1xx_HAL_Driver/Src/stm32f1xx_hal_spi.c ****                                  hspi->RxXferCount))
1993:Drivers/STM32F1xx_HAL_Driver/Src/stm32f1xx_hal_spi.c ****   {
1994:Drivers/STM32F1xx_HAL_Driver/Src/stm32f1xx_hal_spi.c ****     /* Update SPI error code */
1995:Drivers/STM32F1xx_HAL_Driver/Src/stm32f1xx_hal_spi.c ****     SET_BIT(hspi->ErrorCode, HAL_SPI_ERROR_DMA);
1996:Drivers/STM32F1xx_HAL_Driver/Src/stm32f1xx_hal_spi.c ****     /* Process Unlocked */
1997:Drivers/STM32F1xx_HAL_Driver/Src/stm32f1xx_hal_spi.c ****     __HAL_UNLOCK(hspi);
1998:Drivers/STM32F1xx_HAL_Driver/Src/stm32f1xx_hal_spi.c ****     return HAL_ERROR;
1999:Drivers/STM32F1xx_HAL_Driver/Src/stm32f1xx_hal_spi.c ****   }
2000:Drivers/STM32F1xx_HAL_Driver/Src/stm32f1xx_hal_spi.c **** 
2001:Drivers/STM32F1xx_HAL_Driver/Src/stm32f1xx_hal_spi.c ****   /* Enable Rx DMA Request */
2002:Drivers/STM32F1xx_HAL_Driver/Src/stm32f1xx_hal_spi.c ****   SET_BIT(hspi->Instance->CR2, SPI_CR2_RXDMAEN);
2003:Drivers/STM32F1xx_HAL_Driver/Src/stm32f1xx_hal_spi.c **** 
2004:Drivers/STM32F1xx_HAL_Driver/Src/stm32f1xx_hal_spi.c ****   /* Set the SPI Tx DMA transfer complete callback as NULL because the communication closing
2005:Drivers/STM32F1xx_HAL_Driver/Src/stm32f1xx_hal_spi.c ****   is performed in DMA reception complete callback  */
2006:Drivers/STM32F1xx_HAL_Driver/Src/stm32f1xx_hal_spi.c ****   hspi->hdmatx->XferHalfCpltCallback = NULL;
2007:Drivers/STM32F1xx_HAL_Driver/Src/stm32f1xx_hal_spi.c ****   hspi->hdmatx->XferCpltCallback     = NULL;
2008:Drivers/STM32F1xx_HAL_Driver/Src/stm32f1xx_hal_spi.c ****   hspi->hdmatx->XferErrorCallback    = NULL;
2009:Drivers/STM32F1xx_HAL_Driver/Src/stm32f1xx_hal_spi.c ****   hspi->hdmatx->XferAbortCallback    = NULL;
2010:Drivers/STM32F1xx_HAL_Driver/Src/stm32f1xx_hal_spi.c **** 
2011:Drivers/STM32F1xx_HAL_Driver/Src/stm32f1xx_hal_spi.c ****   /* Enable the Tx DMA Stream/Channel  */
2012:Drivers/STM32F1xx_HAL_Driver/Src/stm32f1xx_hal_spi.c ****   if (HAL_OK != HAL_DMA_Start_IT(hspi->hdmatx, (uint32_t)hspi->pTxBuffPtr, (uint32_t)&hspi->Instanc
2013:Drivers/STM32F1xx_HAL_Driver/Src/stm32f1xx_hal_spi.c ****                                  hspi->TxXferCount))
2014:Drivers/STM32F1xx_HAL_Driver/Src/stm32f1xx_hal_spi.c ****   {
2015:Drivers/STM32F1xx_HAL_Driver/Src/stm32f1xx_hal_spi.c ****     /* Update SPI error code */
2016:Drivers/STM32F1xx_HAL_Driver/Src/stm32f1xx_hal_spi.c ****     SET_BIT(hspi->ErrorCode, HAL_SPI_ERROR_DMA);
2017:Drivers/STM32F1xx_HAL_Driver/Src/stm32f1xx_hal_spi.c ****     /* Process Unlocked */
2018:Drivers/STM32F1xx_HAL_Driver/Src/stm32f1xx_hal_spi.c ****     __HAL_UNLOCK(hspi);
2019:Drivers/STM32F1xx_HAL_Driver/Src/stm32f1xx_hal_spi.c ****     return HAL_ERROR;
2020:Drivers/STM32F1xx_HAL_Driver/Src/stm32f1xx_hal_spi.c ****   }
2021:Drivers/STM32F1xx_HAL_Driver/Src/stm32f1xx_hal_spi.c **** 
2022:Drivers/STM32F1xx_HAL_Driver/Src/stm32f1xx_hal_spi.c ****   /* Check if the SPI is already enabled */
2023:Drivers/STM32F1xx_HAL_Driver/Src/stm32f1xx_hal_spi.c ****   if ((hspi->Instance->CR1 & SPI_CR1_SPE) != SPI_CR1_SPE)
2024:Drivers/STM32F1xx_HAL_Driver/Src/stm32f1xx_hal_spi.c ****   {
2025:Drivers/STM32F1xx_HAL_Driver/Src/stm32f1xx_hal_spi.c ****     /* Enable SPI peripheral */
2026:Drivers/STM32F1xx_HAL_Driver/Src/stm32f1xx_hal_spi.c ****     __HAL_SPI_ENABLE(hspi);
2027:Drivers/STM32F1xx_HAL_Driver/Src/stm32f1xx_hal_spi.c ****   }
ARM GAS  /tmp/cctmCgKp.s 			page 37


2028:Drivers/STM32F1xx_HAL_Driver/Src/stm32f1xx_hal_spi.c **** 
2029:Drivers/STM32F1xx_HAL_Driver/Src/stm32f1xx_hal_spi.c ****   /* Process Unlocked */
2030:Drivers/STM32F1xx_HAL_Driver/Src/stm32f1xx_hal_spi.c ****   __HAL_UNLOCK(hspi);
2031:Drivers/STM32F1xx_HAL_Driver/Src/stm32f1xx_hal_spi.c **** 
2032:Drivers/STM32F1xx_HAL_Driver/Src/stm32f1xx_hal_spi.c ****   /* Enable the SPI Error Interrupt Bit */
2033:Drivers/STM32F1xx_HAL_Driver/Src/stm32f1xx_hal_spi.c ****   __HAL_SPI_ENABLE_IT(hspi, (SPI_IT_ERR));
2034:Drivers/STM32F1xx_HAL_Driver/Src/stm32f1xx_hal_spi.c **** 
2035:Drivers/STM32F1xx_HAL_Driver/Src/stm32f1xx_hal_spi.c ****   /* Enable Tx DMA Request */
2036:Drivers/STM32F1xx_HAL_Driver/Src/stm32f1xx_hal_spi.c ****   SET_BIT(hspi->Instance->CR2, SPI_CR2_TXDMAEN);
2037:Drivers/STM32F1xx_HAL_Driver/Src/stm32f1xx_hal_spi.c **** 
2038:Drivers/STM32F1xx_HAL_Driver/Src/stm32f1xx_hal_spi.c ****   return HAL_OK;
2039:Drivers/STM32F1xx_HAL_Driver/Src/stm32f1xx_hal_spi.c **** }
2040:Drivers/STM32F1xx_HAL_Driver/Src/stm32f1xx_hal_spi.c **** 
2041:Drivers/STM32F1xx_HAL_Driver/Src/stm32f1xx_hal_spi.c **** /**
2042:Drivers/STM32F1xx_HAL_Driver/Src/stm32f1xx_hal_spi.c ****   * @brief  Abort ongoing transfer (blocking mode).
2043:Drivers/STM32F1xx_HAL_Driver/Src/stm32f1xx_hal_spi.c ****   * @param  hspi SPI handle.
2044:Drivers/STM32F1xx_HAL_Driver/Src/stm32f1xx_hal_spi.c ****   * @note   This procedure could be used for aborting any ongoing transfer (Tx and Rx),
2045:Drivers/STM32F1xx_HAL_Driver/Src/stm32f1xx_hal_spi.c ****   *         started in Interrupt or DMA mode.
2046:Drivers/STM32F1xx_HAL_Driver/Src/stm32f1xx_hal_spi.c ****   *         This procedure performs following operations :
2047:Drivers/STM32F1xx_HAL_Driver/Src/stm32f1xx_hal_spi.c ****   *           - Disable SPI Interrupts (depending of transfer direction)
2048:Drivers/STM32F1xx_HAL_Driver/Src/stm32f1xx_hal_spi.c ****   *           - Disable the DMA transfer in the peripheral register (if enabled)
2049:Drivers/STM32F1xx_HAL_Driver/Src/stm32f1xx_hal_spi.c ****   *           - Abort DMA transfer by calling HAL_DMA_Abort (in case of transfer in DMA mode)
2050:Drivers/STM32F1xx_HAL_Driver/Src/stm32f1xx_hal_spi.c ****   *           - Set handle State to READY
2051:Drivers/STM32F1xx_HAL_Driver/Src/stm32f1xx_hal_spi.c ****   * @note   This procedure is executed in blocking mode : when exiting function, Abort is considere
2052:Drivers/STM32F1xx_HAL_Driver/Src/stm32f1xx_hal_spi.c ****   * @retval HAL status
2053:Drivers/STM32F1xx_HAL_Driver/Src/stm32f1xx_hal_spi.c ****   */
2054:Drivers/STM32F1xx_HAL_Driver/Src/stm32f1xx_hal_spi.c **** HAL_StatusTypeDef HAL_SPI_Abort(SPI_HandleTypeDef *hspi)
2055:Drivers/STM32F1xx_HAL_Driver/Src/stm32f1xx_hal_spi.c **** {
2056:Drivers/STM32F1xx_HAL_Driver/Src/stm32f1xx_hal_spi.c ****   HAL_StatusTypeDef errorcode;
2057:Drivers/STM32F1xx_HAL_Driver/Src/stm32f1xx_hal_spi.c ****   __IO uint32_t count;
2058:Drivers/STM32F1xx_HAL_Driver/Src/stm32f1xx_hal_spi.c ****   __IO uint32_t resetcount;
2059:Drivers/STM32F1xx_HAL_Driver/Src/stm32f1xx_hal_spi.c **** 
2060:Drivers/STM32F1xx_HAL_Driver/Src/stm32f1xx_hal_spi.c ****   /* Initialized local variable  */
2061:Drivers/STM32F1xx_HAL_Driver/Src/stm32f1xx_hal_spi.c ****   errorcode = HAL_OK;
2062:Drivers/STM32F1xx_HAL_Driver/Src/stm32f1xx_hal_spi.c ****   resetcount = SPI_DEFAULT_TIMEOUT * (SystemCoreClock / 24U / 1000U);
2063:Drivers/STM32F1xx_HAL_Driver/Src/stm32f1xx_hal_spi.c ****   count = resetcount;
2064:Drivers/STM32F1xx_HAL_Driver/Src/stm32f1xx_hal_spi.c **** 
2065:Drivers/STM32F1xx_HAL_Driver/Src/stm32f1xx_hal_spi.c ****   /* Clear ERRIE interrupt to avoid error interrupts generation during Abort procedure */
2066:Drivers/STM32F1xx_HAL_Driver/Src/stm32f1xx_hal_spi.c ****   CLEAR_BIT(hspi->Instance->CR2, SPI_CR2_ERRIE);
2067:Drivers/STM32F1xx_HAL_Driver/Src/stm32f1xx_hal_spi.c **** 
2068:Drivers/STM32F1xx_HAL_Driver/Src/stm32f1xx_hal_spi.c ****   /* Disable TXEIE, RXNEIE and ERRIE(mode fault event, overrun error, TI frame error) interrupts */
2069:Drivers/STM32F1xx_HAL_Driver/Src/stm32f1xx_hal_spi.c ****   if (HAL_IS_BIT_SET(hspi->Instance->CR2, SPI_CR2_TXEIE))
2070:Drivers/STM32F1xx_HAL_Driver/Src/stm32f1xx_hal_spi.c ****   {
2071:Drivers/STM32F1xx_HAL_Driver/Src/stm32f1xx_hal_spi.c ****     hspi->TxISR = SPI_AbortTx_ISR;
2072:Drivers/STM32F1xx_HAL_Driver/Src/stm32f1xx_hal_spi.c ****     /* Wait HAL_SPI_STATE_ABORT state */
2073:Drivers/STM32F1xx_HAL_Driver/Src/stm32f1xx_hal_spi.c ****     do
2074:Drivers/STM32F1xx_HAL_Driver/Src/stm32f1xx_hal_spi.c ****     {
2075:Drivers/STM32F1xx_HAL_Driver/Src/stm32f1xx_hal_spi.c ****       if (count == 0U)
2076:Drivers/STM32F1xx_HAL_Driver/Src/stm32f1xx_hal_spi.c ****       {
2077:Drivers/STM32F1xx_HAL_Driver/Src/stm32f1xx_hal_spi.c ****         SET_BIT(hspi->ErrorCode, HAL_SPI_ERROR_ABORT);
2078:Drivers/STM32F1xx_HAL_Driver/Src/stm32f1xx_hal_spi.c ****         break;
2079:Drivers/STM32F1xx_HAL_Driver/Src/stm32f1xx_hal_spi.c ****       }
2080:Drivers/STM32F1xx_HAL_Driver/Src/stm32f1xx_hal_spi.c ****       count--;
2081:Drivers/STM32F1xx_HAL_Driver/Src/stm32f1xx_hal_spi.c ****     } while (hspi->State != HAL_SPI_STATE_ABORT);
2082:Drivers/STM32F1xx_HAL_Driver/Src/stm32f1xx_hal_spi.c ****     /* Reset Timeout Counter */
2083:Drivers/STM32F1xx_HAL_Driver/Src/stm32f1xx_hal_spi.c ****     count = resetcount;
2084:Drivers/STM32F1xx_HAL_Driver/Src/stm32f1xx_hal_spi.c ****   }
ARM GAS  /tmp/cctmCgKp.s 			page 38


2085:Drivers/STM32F1xx_HAL_Driver/Src/stm32f1xx_hal_spi.c **** 
2086:Drivers/STM32F1xx_HAL_Driver/Src/stm32f1xx_hal_spi.c ****   if (HAL_IS_BIT_SET(hspi->Instance->CR2, SPI_CR2_RXNEIE))
2087:Drivers/STM32F1xx_HAL_Driver/Src/stm32f1xx_hal_spi.c ****   {
2088:Drivers/STM32F1xx_HAL_Driver/Src/stm32f1xx_hal_spi.c ****     hspi->RxISR = SPI_AbortRx_ISR;
2089:Drivers/STM32F1xx_HAL_Driver/Src/stm32f1xx_hal_spi.c ****     /* Wait HAL_SPI_STATE_ABORT state */
2090:Drivers/STM32F1xx_HAL_Driver/Src/stm32f1xx_hal_spi.c ****     do
2091:Drivers/STM32F1xx_HAL_Driver/Src/stm32f1xx_hal_spi.c ****     {
2092:Drivers/STM32F1xx_HAL_Driver/Src/stm32f1xx_hal_spi.c ****       if (count == 0U)
2093:Drivers/STM32F1xx_HAL_Driver/Src/stm32f1xx_hal_spi.c ****       {
2094:Drivers/STM32F1xx_HAL_Driver/Src/stm32f1xx_hal_spi.c ****         SET_BIT(hspi->ErrorCode, HAL_SPI_ERROR_ABORT);
2095:Drivers/STM32F1xx_HAL_Driver/Src/stm32f1xx_hal_spi.c ****         break;
2096:Drivers/STM32F1xx_HAL_Driver/Src/stm32f1xx_hal_spi.c ****       }
2097:Drivers/STM32F1xx_HAL_Driver/Src/stm32f1xx_hal_spi.c ****       count--;
2098:Drivers/STM32F1xx_HAL_Driver/Src/stm32f1xx_hal_spi.c ****     } while (hspi->State != HAL_SPI_STATE_ABORT);
2099:Drivers/STM32F1xx_HAL_Driver/Src/stm32f1xx_hal_spi.c ****     /* Reset Timeout Counter */
2100:Drivers/STM32F1xx_HAL_Driver/Src/stm32f1xx_hal_spi.c ****     count = resetcount;
2101:Drivers/STM32F1xx_HAL_Driver/Src/stm32f1xx_hal_spi.c ****   }
2102:Drivers/STM32F1xx_HAL_Driver/Src/stm32f1xx_hal_spi.c **** 
2103:Drivers/STM32F1xx_HAL_Driver/Src/stm32f1xx_hal_spi.c ****   /* Disable the SPI DMA Tx request if enabled */
2104:Drivers/STM32F1xx_HAL_Driver/Src/stm32f1xx_hal_spi.c ****   if (HAL_IS_BIT_SET(hspi->Instance->CR2, SPI_CR2_TXDMAEN))
2105:Drivers/STM32F1xx_HAL_Driver/Src/stm32f1xx_hal_spi.c ****   {
2106:Drivers/STM32F1xx_HAL_Driver/Src/stm32f1xx_hal_spi.c ****     /* Abort the SPI DMA Tx Stream/Channel : use blocking DMA Abort API (no callback) */
2107:Drivers/STM32F1xx_HAL_Driver/Src/stm32f1xx_hal_spi.c ****     if (hspi->hdmatx != NULL)
2108:Drivers/STM32F1xx_HAL_Driver/Src/stm32f1xx_hal_spi.c ****     {
2109:Drivers/STM32F1xx_HAL_Driver/Src/stm32f1xx_hal_spi.c ****       /* Set the SPI DMA Abort callback :
2110:Drivers/STM32F1xx_HAL_Driver/Src/stm32f1xx_hal_spi.c ****       will lead to call HAL_SPI_AbortCpltCallback() at end of DMA abort procedure */
2111:Drivers/STM32F1xx_HAL_Driver/Src/stm32f1xx_hal_spi.c ****       hspi->hdmatx->XferAbortCallback = NULL;
2112:Drivers/STM32F1xx_HAL_Driver/Src/stm32f1xx_hal_spi.c **** 
2113:Drivers/STM32F1xx_HAL_Driver/Src/stm32f1xx_hal_spi.c ****       /* Abort DMA Tx Handle linked to SPI Peripheral */
2114:Drivers/STM32F1xx_HAL_Driver/Src/stm32f1xx_hal_spi.c ****       if (HAL_DMA_Abort(hspi->hdmatx) != HAL_OK)
2115:Drivers/STM32F1xx_HAL_Driver/Src/stm32f1xx_hal_spi.c ****       {
2116:Drivers/STM32F1xx_HAL_Driver/Src/stm32f1xx_hal_spi.c ****         hspi->ErrorCode = HAL_SPI_ERROR_ABORT;
2117:Drivers/STM32F1xx_HAL_Driver/Src/stm32f1xx_hal_spi.c ****       }
2118:Drivers/STM32F1xx_HAL_Driver/Src/stm32f1xx_hal_spi.c **** 
2119:Drivers/STM32F1xx_HAL_Driver/Src/stm32f1xx_hal_spi.c ****       /* Disable Tx DMA Request */
2120:Drivers/STM32F1xx_HAL_Driver/Src/stm32f1xx_hal_spi.c ****       CLEAR_BIT(hspi->Instance->CR2, (SPI_CR2_TXDMAEN));
2121:Drivers/STM32F1xx_HAL_Driver/Src/stm32f1xx_hal_spi.c **** 
2122:Drivers/STM32F1xx_HAL_Driver/Src/stm32f1xx_hal_spi.c ****       /* Wait until TXE flag is set */
2123:Drivers/STM32F1xx_HAL_Driver/Src/stm32f1xx_hal_spi.c ****       do
2124:Drivers/STM32F1xx_HAL_Driver/Src/stm32f1xx_hal_spi.c ****       {
2125:Drivers/STM32F1xx_HAL_Driver/Src/stm32f1xx_hal_spi.c ****         if (count == 0U)
2126:Drivers/STM32F1xx_HAL_Driver/Src/stm32f1xx_hal_spi.c ****         {
2127:Drivers/STM32F1xx_HAL_Driver/Src/stm32f1xx_hal_spi.c ****           SET_BIT(hspi->ErrorCode, HAL_SPI_ERROR_ABORT);
2128:Drivers/STM32F1xx_HAL_Driver/Src/stm32f1xx_hal_spi.c ****           break;
2129:Drivers/STM32F1xx_HAL_Driver/Src/stm32f1xx_hal_spi.c ****         }
2130:Drivers/STM32F1xx_HAL_Driver/Src/stm32f1xx_hal_spi.c ****         count--;
2131:Drivers/STM32F1xx_HAL_Driver/Src/stm32f1xx_hal_spi.c ****       } while ((hspi->Instance->SR & SPI_FLAG_TXE) == RESET);
2132:Drivers/STM32F1xx_HAL_Driver/Src/stm32f1xx_hal_spi.c ****     }
2133:Drivers/STM32F1xx_HAL_Driver/Src/stm32f1xx_hal_spi.c ****   }
2134:Drivers/STM32F1xx_HAL_Driver/Src/stm32f1xx_hal_spi.c **** 
2135:Drivers/STM32F1xx_HAL_Driver/Src/stm32f1xx_hal_spi.c ****   /* Disable the SPI DMA Rx request if enabled */
2136:Drivers/STM32F1xx_HAL_Driver/Src/stm32f1xx_hal_spi.c ****   if (HAL_IS_BIT_SET(hspi->Instance->CR2, SPI_CR2_RXDMAEN))
2137:Drivers/STM32F1xx_HAL_Driver/Src/stm32f1xx_hal_spi.c ****   {
2138:Drivers/STM32F1xx_HAL_Driver/Src/stm32f1xx_hal_spi.c ****     /* Abort the SPI DMA Rx Stream/Channel : use blocking DMA Abort API (no callback) */
2139:Drivers/STM32F1xx_HAL_Driver/Src/stm32f1xx_hal_spi.c ****     if (hspi->hdmarx != NULL)
2140:Drivers/STM32F1xx_HAL_Driver/Src/stm32f1xx_hal_spi.c ****     {
2141:Drivers/STM32F1xx_HAL_Driver/Src/stm32f1xx_hal_spi.c ****       /* Set the SPI DMA Abort callback :
ARM GAS  /tmp/cctmCgKp.s 			page 39


2142:Drivers/STM32F1xx_HAL_Driver/Src/stm32f1xx_hal_spi.c ****       will lead to call HAL_SPI_AbortCpltCallback() at end of DMA abort procedure */
2143:Drivers/STM32F1xx_HAL_Driver/Src/stm32f1xx_hal_spi.c ****       hspi->hdmarx->XferAbortCallback = NULL;
2144:Drivers/STM32F1xx_HAL_Driver/Src/stm32f1xx_hal_spi.c **** 
2145:Drivers/STM32F1xx_HAL_Driver/Src/stm32f1xx_hal_spi.c ****       /* Abort DMA Rx Handle linked to SPI Peripheral */
2146:Drivers/STM32F1xx_HAL_Driver/Src/stm32f1xx_hal_spi.c ****       if (HAL_DMA_Abort(hspi->hdmarx) != HAL_OK)
2147:Drivers/STM32F1xx_HAL_Driver/Src/stm32f1xx_hal_spi.c ****       {
2148:Drivers/STM32F1xx_HAL_Driver/Src/stm32f1xx_hal_spi.c ****         hspi->ErrorCode = HAL_SPI_ERROR_ABORT;
2149:Drivers/STM32F1xx_HAL_Driver/Src/stm32f1xx_hal_spi.c ****       }
2150:Drivers/STM32F1xx_HAL_Driver/Src/stm32f1xx_hal_spi.c **** 
2151:Drivers/STM32F1xx_HAL_Driver/Src/stm32f1xx_hal_spi.c ****       /* Disable peripheral */
2152:Drivers/STM32F1xx_HAL_Driver/Src/stm32f1xx_hal_spi.c ****       __HAL_SPI_DISABLE(hspi);
2153:Drivers/STM32F1xx_HAL_Driver/Src/stm32f1xx_hal_spi.c **** 
2154:Drivers/STM32F1xx_HAL_Driver/Src/stm32f1xx_hal_spi.c ****       /* Disable Rx DMA Request */
2155:Drivers/STM32F1xx_HAL_Driver/Src/stm32f1xx_hal_spi.c ****       CLEAR_BIT(hspi->Instance->CR2, (SPI_CR2_RXDMAEN));
2156:Drivers/STM32F1xx_HAL_Driver/Src/stm32f1xx_hal_spi.c ****     }
2157:Drivers/STM32F1xx_HAL_Driver/Src/stm32f1xx_hal_spi.c ****   }
2158:Drivers/STM32F1xx_HAL_Driver/Src/stm32f1xx_hal_spi.c ****   /* Reset Tx and Rx transfer counters */
2159:Drivers/STM32F1xx_HAL_Driver/Src/stm32f1xx_hal_spi.c ****   hspi->RxXferCount = 0U;
2160:Drivers/STM32F1xx_HAL_Driver/Src/stm32f1xx_hal_spi.c ****   hspi->TxXferCount = 0U;
2161:Drivers/STM32F1xx_HAL_Driver/Src/stm32f1xx_hal_spi.c **** 
2162:Drivers/STM32F1xx_HAL_Driver/Src/stm32f1xx_hal_spi.c ****   /* Check error during Abort procedure */
2163:Drivers/STM32F1xx_HAL_Driver/Src/stm32f1xx_hal_spi.c ****   if (hspi->ErrorCode == HAL_SPI_ERROR_ABORT)
2164:Drivers/STM32F1xx_HAL_Driver/Src/stm32f1xx_hal_spi.c ****   {
2165:Drivers/STM32F1xx_HAL_Driver/Src/stm32f1xx_hal_spi.c ****     /* return HAL_Error in case of error during Abort procedure */
2166:Drivers/STM32F1xx_HAL_Driver/Src/stm32f1xx_hal_spi.c ****     errorcode = HAL_ERROR;
2167:Drivers/STM32F1xx_HAL_Driver/Src/stm32f1xx_hal_spi.c ****   }
2168:Drivers/STM32F1xx_HAL_Driver/Src/stm32f1xx_hal_spi.c ****   else
2169:Drivers/STM32F1xx_HAL_Driver/Src/stm32f1xx_hal_spi.c ****   {
2170:Drivers/STM32F1xx_HAL_Driver/Src/stm32f1xx_hal_spi.c ****     /* Reset errorCode */
2171:Drivers/STM32F1xx_HAL_Driver/Src/stm32f1xx_hal_spi.c ****     hspi->ErrorCode = HAL_SPI_ERROR_NONE;
2172:Drivers/STM32F1xx_HAL_Driver/Src/stm32f1xx_hal_spi.c ****   }
2173:Drivers/STM32F1xx_HAL_Driver/Src/stm32f1xx_hal_spi.c **** 
2174:Drivers/STM32F1xx_HAL_Driver/Src/stm32f1xx_hal_spi.c ****   /* Clear the Error flags in the SR register */
2175:Drivers/STM32F1xx_HAL_Driver/Src/stm32f1xx_hal_spi.c ****   __HAL_SPI_CLEAR_OVRFLAG(hspi);
2176:Drivers/STM32F1xx_HAL_Driver/Src/stm32f1xx_hal_spi.c **** 
2177:Drivers/STM32F1xx_HAL_Driver/Src/stm32f1xx_hal_spi.c ****   /* Restore hspi->state to ready */
2178:Drivers/STM32F1xx_HAL_Driver/Src/stm32f1xx_hal_spi.c ****   hspi->State = HAL_SPI_STATE_READY;
2179:Drivers/STM32F1xx_HAL_Driver/Src/stm32f1xx_hal_spi.c **** 
2180:Drivers/STM32F1xx_HAL_Driver/Src/stm32f1xx_hal_spi.c ****   return errorcode;
2181:Drivers/STM32F1xx_HAL_Driver/Src/stm32f1xx_hal_spi.c **** }
2182:Drivers/STM32F1xx_HAL_Driver/Src/stm32f1xx_hal_spi.c **** 
2183:Drivers/STM32F1xx_HAL_Driver/Src/stm32f1xx_hal_spi.c **** /**
2184:Drivers/STM32F1xx_HAL_Driver/Src/stm32f1xx_hal_spi.c ****   * @brief  Abort ongoing transfer (Interrupt mode).
2185:Drivers/STM32F1xx_HAL_Driver/Src/stm32f1xx_hal_spi.c ****   * @param  hspi SPI handle.
2186:Drivers/STM32F1xx_HAL_Driver/Src/stm32f1xx_hal_spi.c ****   * @note   This procedure could be used for aborting any ongoing transfer (Tx and Rx),
2187:Drivers/STM32F1xx_HAL_Driver/Src/stm32f1xx_hal_spi.c ****   *         started in Interrupt or DMA mode.
2188:Drivers/STM32F1xx_HAL_Driver/Src/stm32f1xx_hal_spi.c ****   *         This procedure performs following operations :
2189:Drivers/STM32F1xx_HAL_Driver/Src/stm32f1xx_hal_spi.c ****   *           - Disable SPI Interrupts (depending of transfer direction)
2190:Drivers/STM32F1xx_HAL_Driver/Src/stm32f1xx_hal_spi.c ****   *           - Disable the DMA transfer in the peripheral register (if enabled)
2191:Drivers/STM32F1xx_HAL_Driver/Src/stm32f1xx_hal_spi.c ****   *           - Abort DMA transfer by calling HAL_DMA_Abort_IT (in case of transfer in DMA mode)
2192:Drivers/STM32F1xx_HAL_Driver/Src/stm32f1xx_hal_spi.c ****   *           - Set handle State to READY
2193:Drivers/STM32F1xx_HAL_Driver/Src/stm32f1xx_hal_spi.c ****   *           - At abort completion, call user abort complete callback
2194:Drivers/STM32F1xx_HAL_Driver/Src/stm32f1xx_hal_spi.c ****   * @note   This procedure is executed in Interrupt mode, meaning that abort procedure could be
2195:Drivers/STM32F1xx_HAL_Driver/Src/stm32f1xx_hal_spi.c ****   *         considered as completed only when user abort complete callback is executed (not when ex
2196:Drivers/STM32F1xx_HAL_Driver/Src/stm32f1xx_hal_spi.c ****   * @retval HAL status
2197:Drivers/STM32F1xx_HAL_Driver/Src/stm32f1xx_hal_spi.c ****   */
2198:Drivers/STM32F1xx_HAL_Driver/Src/stm32f1xx_hal_spi.c **** HAL_StatusTypeDef HAL_SPI_Abort_IT(SPI_HandleTypeDef *hspi)
ARM GAS  /tmp/cctmCgKp.s 			page 40


2199:Drivers/STM32F1xx_HAL_Driver/Src/stm32f1xx_hal_spi.c **** {
2200:Drivers/STM32F1xx_HAL_Driver/Src/stm32f1xx_hal_spi.c ****   HAL_StatusTypeDef errorcode;
2201:Drivers/STM32F1xx_HAL_Driver/Src/stm32f1xx_hal_spi.c ****   uint32_t abortcplt ;
2202:Drivers/STM32F1xx_HAL_Driver/Src/stm32f1xx_hal_spi.c ****   __IO uint32_t count;
2203:Drivers/STM32F1xx_HAL_Driver/Src/stm32f1xx_hal_spi.c ****   __IO uint32_t resetcount;
2204:Drivers/STM32F1xx_HAL_Driver/Src/stm32f1xx_hal_spi.c **** 
2205:Drivers/STM32F1xx_HAL_Driver/Src/stm32f1xx_hal_spi.c ****   /* Initialized local variable  */
2206:Drivers/STM32F1xx_HAL_Driver/Src/stm32f1xx_hal_spi.c ****   errorcode = HAL_OK;
2207:Drivers/STM32F1xx_HAL_Driver/Src/stm32f1xx_hal_spi.c ****   abortcplt = 1U;
2208:Drivers/STM32F1xx_HAL_Driver/Src/stm32f1xx_hal_spi.c ****   resetcount = SPI_DEFAULT_TIMEOUT * (SystemCoreClock / 24U / 1000U);
2209:Drivers/STM32F1xx_HAL_Driver/Src/stm32f1xx_hal_spi.c ****   count = resetcount;
2210:Drivers/STM32F1xx_HAL_Driver/Src/stm32f1xx_hal_spi.c **** 
2211:Drivers/STM32F1xx_HAL_Driver/Src/stm32f1xx_hal_spi.c ****   /* Clear ERRIE interrupt to avoid error interrupts generation during Abort procedure */
2212:Drivers/STM32F1xx_HAL_Driver/Src/stm32f1xx_hal_spi.c ****   CLEAR_BIT(hspi->Instance->CR2, SPI_CR2_ERRIE);
2213:Drivers/STM32F1xx_HAL_Driver/Src/stm32f1xx_hal_spi.c **** 
2214:Drivers/STM32F1xx_HAL_Driver/Src/stm32f1xx_hal_spi.c ****   /* Change Rx and Tx Irq Handler to Disable TXEIE, RXNEIE and ERRIE interrupts */
2215:Drivers/STM32F1xx_HAL_Driver/Src/stm32f1xx_hal_spi.c ****   if (HAL_IS_BIT_SET(hspi->Instance->CR2, SPI_CR2_TXEIE))
2216:Drivers/STM32F1xx_HAL_Driver/Src/stm32f1xx_hal_spi.c ****   {
2217:Drivers/STM32F1xx_HAL_Driver/Src/stm32f1xx_hal_spi.c ****     hspi->TxISR = SPI_AbortTx_ISR;
2218:Drivers/STM32F1xx_HAL_Driver/Src/stm32f1xx_hal_spi.c ****     /* Wait HAL_SPI_STATE_ABORT state */
2219:Drivers/STM32F1xx_HAL_Driver/Src/stm32f1xx_hal_spi.c ****     do
2220:Drivers/STM32F1xx_HAL_Driver/Src/stm32f1xx_hal_spi.c ****     {
2221:Drivers/STM32F1xx_HAL_Driver/Src/stm32f1xx_hal_spi.c ****       if (count == 0U)
2222:Drivers/STM32F1xx_HAL_Driver/Src/stm32f1xx_hal_spi.c ****       {
2223:Drivers/STM32F1xx_HAL_Driver/Src/stm32f1xx_hal_spi.c ****         SET_BIT(hspi->ErrorCode, HAL_SPI_ERROR_ABORT);
2224:Drivers/STM32F1xx_HAL_Driver/Src/stm32f1xx_hal_spi.c ****         break;
2225:Drivers/STM32F1xx_HAL_Driver/Src/stm32f1xx_hal_spi.c ****       }
2226:Drivers/STM32F1xx_HAL_Driver/Src/stm32f1xx_hal_spi.c ****       count--;
2227:Drivers/STM32F1xx_HAL_Driver/Src/stm32f1xx_hal_spi.c ****     } while (hspi->State != HAL_SPI_STATE_ABORT);
2228:Drivers/STM32F1xx_HAL_Driver/Src/stm32f1xx_hal_spi.c ****     /* Reset Timeout Counter */
2229:Drivers/STM32F1xx_HAL_Driver/Src/stm32f1xx_hal_spi.c ****     count = resetcount;
2230:Drivers/STM32F1xx_HAL_Driver/Src/stm32f1xx_hal_spi.c ****   }
2231:Drivers/STM32F1xx_HAL_Driver/Src/stm32f1xx_hal_spi.c **** 
2232:Drivers/STM32F1xx_HAL_Driver/Src/stm32f1xx_hal_spi.c ****   if (HAL_IS_BIT_SET(hspi->Instance->CR2, SPI_CR2_RXNEIE))
2233:Drivers/STM32F1xx_HAL_Driver/Src/stm32f1xx_hal_spi.c ****   {
2234:Drivers/STM32F1xx_HAL_Driver/Src/stm32f1xx_hal_spi.c ****     hspi->RxISR = SPI_AbortRx_ISR;
2235:Drivers/STM32F1xx_HAL_Driver/Src/stm32f1xx_hal_spi.c ****     /* Wait HAL_SPI_STATE_ABORT state */
2236:Drivers/STM32F1xx_HAL_Driver/Src/stm32f1xx_hal_spi.c ****     do
2237:Drivers/STM32F1xx_HAL_Driver/Src/stm32f1xx_hal_spi.c ****     {
2238:Drivers/STM32F1xx_HAL_Driver/Src/stm32f1xx_hal_spi.c ****       if (count == 0U)
2239:Drivers/STM32F1xx_HAL_Driver/Src/stm32f1xx_hal_spi.c ****       {
2240:Drivers/STM32F1xx_HAL_Driver/Src/stm32f1xx_hal_spi.c ****         SET_BIT(hspi->ErrorCode, HAL_SPI_ERROR_ABORT);
2241:Drivers/STM32F1xx_HAL_Driver/Src/stm32f1xx_hal_spi.c ****         break;
2242:Drivers/STM32F1xx_HAL_Driver/Src/stm32f1xx_hal_spi.c ****       }
2243:Drivers/STM32F1xx_HAL_Driver/Src/stm32f1xx_hal_spi.c ****       count--;
2244:Drivers/STM32F1xx_HAL_Driver/Src/stm32f1xx_hal_spi.c ****     } while (hspi->State != HAL_SPI_STATE_ABORT);
2245:Drivers/STM32F1xx_HAL_Driver/Src/stm32f1xx_hal_spi.c ****     /* Reset Timeout Counter */
2246:Drivers/STM32F1xx_HAL_Driver/Src/stm32f1xx_hal_spi.c ****     count = resetcount;
2247:Drivers/STM32F1xx_HAL_Driver/Src/stm32f1xx_hal_spi.c ****   }
2248:Drivers/STM32F1xx_HAL_Driver/Src/stm32f1xx_hal_spi.c **** 
2249:Drivers/STM32F1xx_HAL_Driver/Src/stm32f1xx_hal_spi.c ****   /* If DMA Tx and/or DMA Rx Handles are associated to SPI Handle, DMA Abort complete callbacks sho
2250:Drivers/STM32F1xx_HAL_Driver/Src/stm32f1xx_hal_spi.c ****      before any call to DMA Abort functions */
2251:Drivers/STM32F1xx_HAL_Driver/Src/stm32f1xx_hal_spi.c ****   /* DMA Tx Handle is valid */
2252:Drivers/STM32F1xx_HAL_Driver/Src/stm32f1xx_hal_spi.c ****   if (hspi->hdmatx != NULL)
2253:Drivers/STM32F1xx_HAL_Driver/Src/stm32f1xx_hal_spi.c ****   {
2254:Drivers/STM32F1xx_HAL_Driver/Src/stm32f1xx_hal_spi.c ****     /* Set DMA Abort Complete callback if UART DMA Tx request if enabled.
2255:Drivers/STM32F1xx_HAL_Driver/Src/stm32f1xx_hal_spi.c ****        Otherwise, set it to NULL */
ARM GAS  /tmp/cctmCgKp.s 			page 41


2256:Drivers/STM32F1xx_HAL_Driver/Src/stm32f1xx_hal_spi.c ****     if (HAL_IS_BIT_SET(hspi->Instance->CR2, SPI_CR2_TXDMAEN))
2257:Drivers/STM32F1xx_HAL_Driver/Src/stm32f1xx_hal_spi.c ****     {
2258:Drivers/STM32F1xx_HAL_Driver/Src/stm32f1xx_hal_spi.c ****       hspi->hdmatx->XferAbortCallback = SPI_DMATxAbortCallback;
2259:Drivers/STM32F1xx_HAL_Driver/Src/stm32f1xx_hal_spi.c ****     }
2260:Drivers/STM32F1xx_HAL_Driver/Src/stm32f1xx_hal_spi.c ****     else
2261:Drivers/STM32F1xx_HAL_Driver/Src/stm32f1xx_hal_spi.c ****     {
2262:Drivers/STM32F1xx_HAL_Driver/Src/stm32f1xx_hal_spi.c ****       hspi->hdmatx->XferAbortCallback = NULL;
2263:Drivers/STM32F1xx_HAL_Driver/Src/stm32f1xx_hal_spi.c ****     }
2264:Drivers/STM32F1xx_HAL_Driver/Src/stm32f1xx_hal_spi.c ****   }
2265:Drivers/STM32F1xx_HAL_Driver/Src/stm32f1xx_hal_spi.c ****   /* DMA Rx Handle is valid */
2266:Drivers/STM32F1xx_HAL_Driver/Src/stm32f1xx_hal_spi.c ****   if (hspi->hdmarx != NULL)
2267:Drivers/STM32F1xx_HAL_Driver/Src/stm32f1xx_hal_spi.c ****   {
2268:Drivers/STM32F1xx_HAL_Driver/Src/stm32f1xx_hal_spi.c ****     /* Set DMA Abort Complete callback if UART DMA Rx request if enabled.
2269:Drivers/STM32F1xx_HAL_Driver/Src/stm32f1xx_hal_spi.c ****        Otherwise, set it to NULL */
2270:Drivers/STM32F1xx_HAL_Driver/Src/stm32f1xx_hal_spi.c ****     if (HAL_IS_BIT_SET(hspi->Instance->CR2, SPI_CR2_RXDMAEN))
2271:Drivers/STM32F1xx_HAL_Driver/Src/stm32f1xx_hal_spi.c ****     {
2272:Drivers/STM32F1xx_HAL_Driver/Src/stm32f1xx_hal_spi.c ****       hspi->hdmarx->XferAbortCallback = SPI_DMARxAbortCallback;
2273:Drivers/STM32F1xx_HAL_Driver/Src/stm32f1xx_hal_spi.c ****     }
2274:Drivers/STM32F1xx_HAL_Driver/Src/stm32f1xx_hal_spi.c ****     else
2275:Drivers/STM32F1xx_HAL_Driver/Src/stm32f1xx_hal_spi.c ****     {
2276:Drivers/STM32F1xx_HAL_Driver/Src/stm32f1xx_hal_spi.c ****       hspi->hdmarx->XferAbortCallback = NULL;
2277:Drivers/STM32F1xx_HAL_Driver/Src/stm32f1xx_hal_spi.c ****     }
2278:Drivers/STM32F1xx_HAL_Driver/Src/stm32f1xx_hal_spi.c ****   }
2279:Drivers/STM32F1xx_HAL_Driver/Src/stm32f1xx_hal_spi.c **** 
2280:Drivers/STM32F1xx_HAL_Driver/Src/stm32f1xx_hal_spi.c ****   /* Disable the SPI DMA Tx request if enabled */
2281:Drivers/STM32F1xx_HAL_Driver/Src/stm32f1xx_hal_spi.c ****   if (HAL_IS_BIT_SET(hspi->Instance->CR2, SPI_CR2_TXDMAEN))
2282:Drivers/STM32F1xx_HAL_Driver/Src/stm32f1xx_hal_spi.c ****   {
2283:Drivers/STM32F1xx_HAL_Driver/Src/stm32f1xx_hal_spi.c ****     /* Abort the SPI DMA Tx Stream/Channel */
2284:Drivers/STM32F1xx_HAL_Driver/Src/stm32f1xx_hal_spi.c ****     if (hspi->hdmatx != NULL)
2285:Drivers/STM32F1xx_HAL_Driver/Src/stm32f1xx_hal_spi.c ****     {
2286:Drivers/STM32F1xx_HAL_Driver/Src/stm32f1xx_hal_spi.c ****       /* Abort DMA Tx Handle linked to SPI Peripheral */
2287:Drivers/STM32F1xx_HAL_Driver/Src/stm32f1xx_hal_spi.c ****       if (HAL_DMA_Abort_IT(hspi->hdmatx) != HAL_OK)
2288:Drivers/STM32F1xx_HAL_Driver/Src/stm32f1xx_hal_spi.c ****       {
2289:Drivers/STM32F1xx_HAL_Driver/Src/stm32f1xx_hal_spi.c ****         hspi->hdmatx->XferAbortCallback = NULL;
2290:Drivers/STM32F1xx_HAL_Driver/Src/stm32f1xx_hal_spi.c ****         hspi->ErrorCode = HAL_SPI_ERROR_ABORT;
2291:Drivers/STM32F1xx_HAL_Driver/Src/stm32f1xx_hal_spi.c ****       }
2292:Drivers/STM32F1xx_HAL_Driver/Src/stm32f1xx_hal_spi.c ****       else
2293:Drivers/STM32F1xx_HAL_Driver/Src/stm32f1xx_hal_spi.c ****       {
2294:Drivers/STM32F1xx_HAL_Driver/Src/stm32f1xx_hal_spi.c ****         abortcplt = 0U;
2295:Drivers/STM32F1xx_HAL_Driver/Src/stm32f1xx_hal_spi.c ****       }
2296:Drivers/STM32F1xx_HAL_Driver/Src/stm32f1xx_hal_spi.c ****     }
2297:Drivers/STM32F1xx_HAL_Driver/Src/stm32f1xx_hal_spi.c ****   }
2298:Drivers/STM32F1xx_HAL_Driver/Src/stm32f1xx_hal_spi.c ****   /* Disable the SPI DMA Rx request if enabled */
2299:Drivers/STM32F1xx_HAL_Driver/Src/stm32f1xx_hal_spi.c ****   if (HAL_IS_BIT_SET(hspi->Instance->CR2, SPI_CR2_RXDMAEN))
2300:Drivers/STM32F1xx_HAL_Driver/Src/stm32f1xx_hal_spi.c ****   {
2301:Drivers/STM32F1xx_HAL_Driver/Src/stm32f1xx_hal_spi.c ****     /* Abort the SPI DMA Rx Stream/Channel */
2302:Drivers/STM32F1xx_HAL_Driver/Src/stm32f1xx_hal_spi.c ****     if (hspi->hdmarx != NULL)
2303:Drivers/STM32F1xx_HAL_Driver/Src/stm32f1xx_hal_spi.c ****     {
2304:Drivers/STM32F1xx_HAL_Driver/Src/stm32f1xx_hal_spi.c ****       /* Abort DMA Rx Handle linked to SPI Peripheral */
2305:Drivers/STM32F1xx_HAL_Driver/Src/stm32f1xx_hal_spi.c ****       if (HAL_DMA_Abort_IT(hspi->hdmarx) !=  HAL_OK)
2306:Drivers/STM32F1xx_HAL_Driver/Src/stm32f1xx_hal_spi.c ****       {
2307:Drivers/STM32F1xx_HAL_Driver/Src/stm32f1xx_hal_spi.c ****         hspi->hdmarx->XferAbortCallback = NULL;
2308:Drivers/STM32F1xx_HAL_Driver/Src/stm32f1xx_hal_spi.c ****         hspi->ErrorCode = HAL_SPI_ERROR_ABORT;
2309:Drivers/STM32F1xx_HAL_Driver/Src/stm32f1xx_hal_spi.c ****       }
2310:Drivers/STM32F1xx_HAL_Driver/Src/stm32f1xx_hal_spi.c ****       else
2311:Drivers/STM32F1xx_HAL_Driver/Src/stm32f1xx_hal_spi.c ****       {
2312:Drivers/STM32F1xx_HAL_Driver/Src/stm32f1xx_hal_spi.c ****         abortcplt = 0U;
ARM GAS  /tmp/cctmCgKp.s 			page 42


2313:Drivers/STM32F1xx_HAL_Driver/Src/stm32f1xx_hal_spi.c ****       }
2314:Drivers/STM32F1xx_HAL_Driver/Src/stm32f1xx_hal_spi.c ****     }
2315:Drivers/STM32F1xx_HAL_Driver/Src/stm32f1xx_hal_spi.c ****   }
2316:Drivers/STM32F1xx_HAL_Driver/Src/stm32f1xx_hal_spi.c **** 
2317:Drivers/STM32F1xx_HAL_Driver/Src/stm32f1xx_hal_spi.c ****   if (abortcplt == 1U)
2318:Drivers/STM32F1xx_HAL_Driver/Src/stm32f1xx_hal_spi.c ****   {
2319:Drivers/STM32F1xx_HAL_Driver/Src/stm32f1xx_hal_spi.c ****     /* Reset Tx and Rx transfer counters */
2320:Drivers/STM32F1xx_HAL_Driver/Src/stm32f1xx_hal_spi.c ****     hspi->RxXferCount = 0U;
2321:Drivers/STM32F1xx_HAL_Driver/Src/stm32f1xx_hal_spi.c ****     hspi->TxXferCount = 0U;
2322:Drivers/STM32F1xx_HAL_Driver/Src/stm32f1xx_hal_spi.c **** 
2323:Drivers/STM32F1xx_HAL_Driver/Src/stm32f1xx_hal_spi.c ****     /* Check error during Abort procedure */
2324:Drivers/STM32F1xx_HAL_Driver/Src/stm32f1xx_hal_spi.c ****     if (hspi->ErrorCode == HAL_SPI_ERROR_ABORT)
2325:Drivers/STM32F1xx_HAL_Driver/Src/stm32f1xx_hal_spi.c ****     {
2326:Drivers/STM32F1xx_HAL_Driver/Src/stm32f1xx_hal_spi.c ****       /* return HAL_Error in case of error during Abort procedure */
2327:Drivers/STM32F1xx_HAL_Driver/Src/stm32f1xx_hal_spi.c ****       errorcode = HAL_ERROR;
2328:Drivers/STM32F1xx_HAL_Driver/Src/stm32f1xx_hal_spi.c ****     }
2329:Drivers/STM32F1xx_HAL_Driver/Src/stm32f1xx_hal_spi.c ****     else
2330:Drivers/STM32F1xx_HAL_Driver/Src/stm32f1xx_hal_spi.c ****     {
2331:Drivers/STM32F1xx_HAL_Driver/Src/stm32f1xx_hal_spi.c ****       /* Reset errorCode */
2332:Drivers/STM32F1xx_HAL_Driver/Src/stm32f1xx_hal_spi.c ****       hspi->ErrorCode = HAL_SPI_ERROR_NONE;
2333:Drivers/STM32F1xx_HAL_Driver/Src/stm32f1xx_hal_spi.c ****     }
2334:Drivers/STM32F1xx_HAL_Driver/Src/stm32f1xx_hal_spi.c **** 
2335:Drivers/STM32F1xx_HAL_Driver/Src/stm32f1xx_hal_spi.c ****     /* Clear the Error flags in the SR register */
2336:Drivers/STM32F1xx_HAL_Driver/Src/stm32f1xx_hal_spi.c ****     __HAL_SPI_CLEAR_OVRFLAG(hspi);
2337:Drivers/STM32F1xx_HAL_Driver/Src/stm32f1xx_hal_spi.c **** 
2338:Drivers/STM32F1xx_HAL_Driver/Src/stm32f1xx_hal_spi.c ****     /* Restore hspi->State to Ready */
2339:Drivers/STM32F1xx_HAL_Driver/Src/stm32f1xx_hal_spi.c ****     hspi->State = HAL_SPI_STATE_READY;
2340:Drivers/STM32F1xx_HAL_Driver/Src/stm32f1xx_hal_spi.c **** 
2341:Drivers/STM32F1xx_HAL_Driver/Src/stm32f1xx_hal_spi.c ****     /* As no DMA to be aborted, call directly user Abort complete callback */
2342:Drivers/STM32F1xx_HAL_Driver/Src/stm32f1xx_hal_spi.c **** #if (USE_HAL_SPI_REGISTER_CALLBACKS == 1U)
2343:Drivers/STM32F1xx_HAL_Driver/Src/stm32f1xx_hal_spi.c ****     hspi->AbortCpltCallback(hspi);
2344:Drivers/STM32F1xx_HAL_Driver/Src/stm32f1xx_hal_spi.c **** #else
2345:Drivers/STM32F1xx_HAL_Driver/Src/stm32f1xx_hal_spi.c ****     HAL_SPI_AbortCpltCallback(hspi);
2346:Drivers/STM32F1xx_HAL_Driver/Src/stm32f1xx_hal_spi.c **** #endif /* USE_HAL_SPI_REGISTER_CALLBACKS */
2347:Drivers/STM32F1xx_HAL_Driver/Src/stm32f1xx_hal_spi.c ****   }
2348:Drivers/STM32F1xx_HAL_Driver/Src/stm32f1xx_hal_spi.c **** 
2349:Drivers/STM32F1xx_HAL_Driver/Src/stm32f1xx_hal_spi.c ****   return errorcode;
2350:Drivers/STM32F1xx_HAL_Driver/Src/stm32f1xx_hal_spi.c **** }
2351:Drivers/STM32F1xx_HAL_Driver/Src/stm32f1xx_hal_spi.c **** 
2352:Drivers/STM32F1xx_HAL_Driver/Src/stm32f1xx_hal_spi.c **** /**
2353:Drivers/STM32F1xx_HAL_Driver/Src/stm32f1xx_hal_spi.c ****   * @brief  Pause the DMA Transfer.
2354:Drivers/STM32F1xx_HAL_Driver/Src/stm32f1xx_hal_spi.c ****   * @param  hspi pointer to a SPI_HandleTypeDef structure that contains
2355:Drivers/STM32F1xx_HAL_Driver/Src/stm32f1xx_hal_spi.c ****   *               the configuration information for the specified SPI module.
2356:Drivers/STM32F1xx_HAL_Driver/Src/stm32f1xx_hal_spi.c ****   * @retval HAL status
2357:Drivers/STM32F1xx_HAL_Driver/Src/stm32f1xx_hal_spi.c ****   */
2358:Drivers/STM32F1xx_HAL_Driver/Src/stm32f1xx_hal_spi.c **** HAL_StatusTypeDef HAL_SPI_DMAPause(SPI_HandleTypeDef *hspi)
2359:Drivers/STM32F1xx_HAL_Driver/Src/stm32f1xx_hal_spi.c **** {
2360:Drivers/STM32F1xx_HAL_Driver/Src/stm32f1xx_hal_spi.c ****   /* Process Locked */
2361:Drivers/STM32F1xx_HAL_Driver/Src/stm32f1xx_hal_spi.c ****   __HAL_LOCK(hspi);
2362:Drivers/STM32F1xx_HAL_Driver/Src/stm32f1xx_hal_spi.c **** 
2363:Drivers/STM32F1xx_HAL_Driver/Src/stm32f1xx_hal_spi.c ****   /* Disable the SPI DMA Tx & Rx requests */
2364:Drivers/STM32F1xx_HAL_Driver/Src/stm32f1xx_hal_spi.c ****   CLEAR_BIT(hspi->Instance->CR2, SPI_CR2_TXDMAEN | SPI_CR2_RXDMAEN);
2365:Drivers/STM32F1xx_HAL_Driver/Src/stm32f1xx_hal_spi.c **** 
2366:Drivers/STM32F1xx_HAL_Driver/Src/stm32f1xx_hal_spi.c ****   /* Process Unlocked */
2367:Drivers/STM32F1xx_HAL_Driver/Src/stm32f1xx_hal_spi.c ****   __HAL_UNLOCK(hspi);
2368:Drivers/STM32F1xx_HAL_Driver/Src/stm32f1xx_hal_spi.c **** 
2369:Drivers/STM32F1xx_HAL_Driver/Src/stm32f1xx_hal_spi.c ****   return HAL_OK;
ARM GAS  /tmp/cctmCgKp.s 			page 43


2370:Drivers/STM32F1xx_HAL_Driver/Src/stm32f1xx_hal_spi.c **** }
2371:Drivers/STM32F1xx_HAL_Driver/Src/stm32f1xx_hal_spi.c **** 
2372:Drivers/STM32F1xx_HAL_Driver/Src/stm32f1xx_hal_spi.c **** /**
2373:Drivers/STM32F1xx_HAL_Driver/Src/stm32f1xx_hal_spi.c ****   * @brief  Resume the DMA Transfer.
2374:Drivers/STM32F1xx_HAL_Driver/Src/stm32f1xx_hal_spi.c ****   * @param  hspi pointer to a SPI_HandleTypeDef structure that contains
2375:Drivers/STM32F1xx_HAL_Driver/Src/stm32f1xx_hal_spi.c ****   *               the configuration information for the specified SPI module.
2376:Drivers/STM32F1xx_HAL_Driver/Src/stm32f1xx_hal_spi.c ****   * @retval HAL status
2377:Drivers/STM32F1xx_HAL_Driver/Src/stm32f1xx_hal_spi.c ****   */
2378:Drivers/STM32F1xx_HAL_Driver/Src/stm32f1xx_hal_spi.c **** HAL_StatusTypeDef HAL_SPI_DMAResume(SPI_HandleTypeDef *hspi)
2379:Drivers/STM32F1xx_HAL_Driver/Src/stm32f1xx_hal_spi.c **** {
2380:Drivers/STM32F1xx_HAL_Driver/Src/stm32f1xx_hal_spi.c ****   /* Process Locked */
2381:Drivers/STM32F1xx_HAL_Driver/Src/stm32f1xx_hal_spi.c ****   __HAL_LOCK(hspi);
2382:Drivers/STM32F1xx_HAL_Driver/Src/stm32f1xx_hal_spi.c **** 
2383:Drivers/STM32F1xx_HAL_Driver/Src/stm32f1xx_hal_spi.c ****   /* Enable the SPI DMA Tx & Rx requests */
2384:Drivers/STM32F1xx_HAL_Driver/Src/stm32f1xx_hal_spi.c ****   SET_BIT(hspi->Instance->CR2, SPI_CR2_TXDMAEN | SPI_CR2_RXDMAEN);
2385:Drivers/STM32F1xx_HAL_Driver/Src/stm32f1xx_hal_spi.c **** 
2386:Drivers/STM32F1xx_HAL_Driver/Src/stm32f1xx_hal_spi.c ****   /* Process Unlocked */
2387:Drivers/STM32F1xx_HAL_Driver/Src/stm32f1xx_hal_spi.c ****   __HAL_UNLOCK(hspi);
2388:Drivers/STM32F1xx_HAL_Driver/Src/stm32f1xx_hal_spi.c **** 
2389:Drivers/STM32F1xx_HAL_Driver/Src/stm32f1xx_hal_spi.c ****   return HAL_OK;
2390:Drivers/STM32F1xx_HAL_Driver/Src/stm32f1xx_hal_spi.c **** }
2391:Drivers/STM32F1xx_HAL_Driver/Src/stm32f1xx_hal_spi.c **** 
2392:Drivers/STM32F1xx_HAL_Driver/Src/stm32f1xx_hal_spi.c **** /**
2393:Drivers/STM32F1xx_HAL_Driver/Src/stm32f1xx_hal_spi.c ****   * @brief  Stop the DMA Transfer.
2394:Drivers/STM32F1xx_HAL_Driver/Src/stm32f1xx_hal_spi.c ****   * @param  hspi pointer to a SPI_HandleTypeDef structure that contains
2395:Drivers/STM32F1xx_HAL_Driver/Src/stm32f1xx_hal_spi.c ****   *               the configuration information for the specified SPI module.
2396:Drivers/STM32F1xx_HAL_Driver/Src/stm32f1xx_hal_spi.c ****   * @retval HAL status
2397:Drivers/STM32F1xx_HAL_Driver/Src/stm32f1xx_hal_spi.c ****   */
2398:Drivers/STM32F1xx_HAL_Driver/Src/stm32f1xx_hal_spi.c **** HAL_StatusTypeDef HAL_SPI_DMAStop(SPI_HandleTypeDef *hspi)
2399:Drivers/STM32F1xx_HAL_Driver/Src/stm32f1xx_hal_spi.c **** {
2400:Drivers/STM32F1xx_HAL_Driver/Src/stm32f1xx_hal_spi.c ****   HAL_StatusTypeDef errorcode = HAL_OK;
2401:Drivers/STM32F1xx_HAL_Driver/Src/stm32f1xx_hal_spi.c ****   /* The Lock is not implemented on this API to allow the user application
2402:Drivers/STM32F1xx_HAL_Driver/Src/stm32f1xx_hal_spi.c ****      to call the HAL SPI API under callbacks HAL_SPI_TxCpltCallback() or HAL_SPI_RxCpltCallback() o
2403:Drivers/STM32F1xx_HAL_Driver/Src/stm32f1xx_hal_spi.c ****      HAL_SPI_TxRxCpltCallback():
2404:Drivers/STM32F1xx_HAL_Driver/Src/stm32f1xx_hal_spi.c ****      when calling HAL_DMA_Abort() API the DMA TX/RX Transfer complete interrupt is generated
2405:Drivers/STM32F1xx_HAL_Driver/Src/stm32f1xx_hal_spi.c ****      and the correspond call back is executed HAL_SPI_TxCpltCallback() or HAL_SPI_RxCpltCallback() 
2406:Drivers/STM32F1xx_HAL_Driver/Src/stm32f1xx_hal_spi.c ****      HAL_SPI_TxRxCpltCallback()
2407:Drivers/STM32F1xx_HAL_Driver/Src/stm32f1xx_hal_spi.c ****      */
2408:Drivers/STM32F1xx_HAL_Driver/Src/stm32f1xx_hal_spi.c **** 
2409:Drivers/STM32F1xx_HAL_Driver/Src/stm32f1xx_hal_spi.c ****   /* Abort the SPI DMA tx Stream/Channel  */
2410:Drivers/STM32F1xx_HAL_Driver/Src/stm32f1xx_hal_spi.c ****   if (hspi->hdmatx != NULL)
2411:Drivers/STM32F1xx_HAL_Driver/Src/stm32f1xx_hal_spi.c ****   {
2412:Drivers/STM32F1xx_HAL_Driver/Src/stm32f1xx_hal_spi.c ****     if (HAL_OK != HAL_DMA_Abort(hspi->hdmatx))
2413:Drivers/STM32F1xx_HAL_Driver/Src/stm32f1xx_hal_spi.c ****     {
2414:Drivers/STM32F1xx_HAL_Driver/Src/stm32f1xx_hal_spi.c ****       SET_BIT(hspi->ErrorCode, HAL_SPI_ERROR_DMA);
2415:Drivers/STM32F1xx_HAL_Driver/Src/stm32f1xx_hal_spi.c ****       errorcode = HAL_ERROR;
2416:Drivers/STM32F1xx_HAL_Driver/Src/stm32f1xx_hal_spi.c ****     }
2417:Drivers/STM32F1xx_HAL_Driver/Src/stm32f1xx_hal_spi.c ****   }
2418:Drivers/STM32F1xx_HAL_Driver/Src/stm32f1xx_hal_spi.c ****   /* Abort the SPI DMA rx Stream/Channel  */
2419:Drivers/STM32F1xx_HAL_Driver/Src/stm32f1xx_hal_spi.c ****   if (hspi->hdmarx != NULL)
2420:Drivers/STM32F1xx_HAL_Driver/Src/stm32f1xx_hal_spi.c ****   {
2421:Drivers/STM32F1xx_HAL_Driver/Src/stm32f1xx_hal_spi.c ****     if (HAL_OK != HAL_DMA_Abort(hspi->hdmarx))
2422:Drivers/STM32F1xx_HAL_Driver/Src/stm32f1xx_hal_spi.c ****     {
2423:Drivers/STM32F1xx_HAL_Driver/Src/stm32f1xx_hal_spi.c ****       SET_BIT(hspi->ErrorCode, HAL_SPI_ERROR_DMA);
2424:Drivers/STM32F1xx_HAL_Driver/Src/stm32f1xx_hal_spi.c ****       errorcode = HAL_ERROR;
2425:Drivers/STM32F1xx_HAL_Driver/Src/stm32f1xx_hal_spi.c ****     }
2426:Drivers/STM32F1xx_HAL_Driver/Src/stm32f1xx_hal_spi.c ****   }
ARM GAS  /tmp/cctmCgKp.s 			page 44


2427:Drivers/STM32F1xx_HAL_Driver/Src/stm32f1xx_hal_spi.c **** 
2428:Drivers/STM32F1xx_HAL_Driver/Src/stm32f1xx_hal_spi.c ****   /* Disable the SPI DMA Tx & Rx requests */
2429:Drivers/STM32F1xx_HAL_Driver/Src/stm32f1xx_hal_spi.c ****   CLEAR_BIT(hspi->Instance->CR2, SPI_CR2_TXDMAEN | SPI_CR2_RXDMAEN);
2430:Drivers/STM32F1xx_HAL_Driver/Src/stm32f1xx_hal_spi.c ****   hspi->State = HAL_SPI_STATE_READY;
2431:Drivers/STM32F1xx_HAL_Driver/Src/stm32f1xx_hal_spi.c ****   return errorcode;
2432:Drivers/STM32F1xx_HAL_Driver/Src/stm32f1xx_hal_spi.c **** }
2433:Drivers/STM32F1xx_HAL_Driver/Src/stm32f1xx_hal_spi.c **** 
2434:Drivers/STM32F1xx_HAL_Driver/Src/stm32f1xx_hal_spi.c **** /**
2435:Drivers/STM32F1xx_HAL_Driver/Src/stm32f1xx_hal_spi.c ****   * @brief  Handle SPI interrupt request.
2436:Drivers/STM32F1xx_HAL_Driver/Src/stm32f1xx_hal_spi.c ****   * @param  hspi pointer to a SPI_HandleTypeDef structure that contains
2437:Drivers/STM32F1xx_HAL_Driver/Src/stm32f1xx_hal_spi.c ****   *               the configuration information for the specified SPI module.
2438:Drivers/STM32F1xx_HAL_Driver/Src/stm32f1xx_hal_spi.c ****   * @retval None
2439:Drivers/STM32F1xx_HAL_Driver/Src/stm32f1xx_hal_spi.c ****   */
2440:Drivers/STM32F1xx_HAL_Driver/Src/stm32f1xx_hal_spi.c **** void HAL_SPI_IRQHandler(SPI_HandleTypeDef *hspi)
2441:Drivers/STM32F1xx_HAL_Driver/Src/stm32f1xx_hal_spi.c **** {
2442:Drivers/STM32F1xx_HAL_Driver/Src/stm32f1xx_hal_spi.c ****   uint32_t itsource = hspi->Instance->CR2;
2443:Drivers/STM32F1xx_HAL_Driver/Src/stm32f1xx_hal_spi.c ****   uint32_t itflag   = hspi->Instance->SR;
2444:Drivers/STM32F1xx_HAL_Driver/Src/stm32f1xx_hal_spi.c **** 
2445:Drivers/STM32F1xx_HAL_Driver/Src/stm32f1xx_hal_spi.c ****   /* SPI in mode Receiver ----------------------------------------------------*/
2446:Drivers/STM32F1xx_HAL_Driver/Src/stm32f1xx_hal_spi.c ****   if ((SPI_CHECK_FLAG(itflag, SPI_FLAG_OVR) == RESET) &&
2447:Drivers/STM32F1xx_HAL_Driver/Src/stm32f1xx_hal_spi.c ****       (SPI_CHECK_FLAG(itflag, SPI_FLAG_RXNE) != RESET) && (SPI_CHECK_IT_SOURCE(itsource, SPI_IT_RXN
2448:Drivers/STM32F1xx_HAL_Driver/Src/stm32f1xx_hal_spi.c ****   {
2449:Drivers/STM32F1xx_HAL_Driver/Src/stm32f1xx_hal_spi.c ****     hspi->RxISR(hspi);
2450:Drivers/STM32F1xx_HAL_Driver/Src/stm32f1xx_hal_spi.c ****     return;
2451:Drivers/STM32F1xx_HAL_Driver/Src/stm32f1xx_hal_spi.c ****   }
2452:Drivers/STM32F1xx_HAL_Driver/Src/stm32f1xx_hal_spi.c **** 
2453:Drivers/STM32F1xx_HAL_Driver/Src/stm32f1xx_hal_spi.c ****   /* SPI in mode Transmitter -------------------------------------------------*/
2454:Drivers/STM32F1xx_HAL_Driver/Src/stm32f1xx_hal_spi.c ****   if ((SPI_CHECK_FLAG(itflag, SPI_FLAG_TXE) != RESET) && (SPI_CHECK_IT_SOURCE(itsource, SPI_IT_TXE)
2455:Drivers/STM32F1xx_HAL_Driver/Src/stm32f1xx_hal_spi.c ****   {
2456:Drivers/STM32F1xx_HAL_Driver/Src/stm32f1xx_hal_spi.c ****     hspi->TxISR(hspi);
2457:Drivers/STM32F1xx_HAL_Driver/Src/stm32f1xx_hal_spi.c ****     return;
2458:Drivers/STM32F1xx_HAL_Driver/Src/stm32f1xx_hal_spi.c ****   }
2459:Drivers/STM32F1xx_HAL_Driver/Src/stm32f1xx_hal_spi.c **** 
2460:Drivers/STM32F1xx_HAL_Driver/Src/stm32f1xx_hal_spi.c ****   /* SPI in Error Treatment --------------------------------------------------*/
2461:Drivers/STM32F1xx_HAL_Driver/Src/stm32f1xx_hal_spi.c ****   if (((SPI_CHECK_FLAG(itflag, SPI_FLAG_MODF) != RESET) || (SPI_CHECK_FLAG(itflag, SPI_FLAG_OVR) !=
2462:Drivers/STM32F1xx_HAL_Driver/Src/stm32f1xx_hal_spi.c ****       && (SPI_CHECK_IT_SOURCE(itsource, SPI_IT_ERR) != RESET))
2463:Drivers/STM32F1xx_HAL_Driver/Src/stm32f1xx_hal_spi.c ****   {
2464:Drivers/STM32F1xx_HAL_Driver/Src/stm32f1xx_hal_spi.c ****     /* SPI Overrun error interrupt occurred ----------------------------------*/
2465:Drivers/STM32F1xx_HAL_Driver/Src/stm32f1xx_hal_spi.c ****     if (SPI_CHECK_FLAG(itflag, SPI_FLAG_OVR) != RESET)
2466:Drivers/STM32F1xx_HAL_Driver/Src/stm32f1xx_hal_spi.c ****     {
2467:Drivers/STM32F1xx_HAL_Driver/Src/stm32f1xx_hal_spi.c ****       if (hspi->State != HAL_SPI_STATE_BUSY_TX)
2468:Drivers/STM32F1xx_HAL_Driver/Src/stm32f1xx_hal_spi.c ****       {
2469:Drivers/STM32F1xx_HAL_Driver/Src/stm32f1xx_hal_spi.c ****         SET_BIT(hspi->ErrorCode, HAL_SPI_ERROR_OVR);
2470:Drivers/STM32F1xx_HAL_Driver/Src/stm32f1xx_hal_spi.c ****         __HAL_SPI_CLEAR_OVRFLAG(hspi);
2471:Drivers/STM32F1xx_HAL_Driver/Src/stm32f1xx_hal_spi.c ****       }
2472:Drivers/STM32F1xx_HAL_Driver/Src/stm32f1xx_hal_spi.c ****       else
2473:Drivers/STM32F1xx_HAL_Driver/Src/stm32f1xx_hal_spi.c ****       {
2474:Drivers/STM32F1xx_HAL_Driver/Src/stm32f1xx_hal_spi.c ****         __HAL_SPI_CLEAR_OVRFLAG(hspi);
2475:Drivers/STM32F1xx_HAL_Driver/Src/stm32f1xx_hal_spi.c ****         return;
2476:Drivers/STM32F1xx_HAL_Driver/Src/stm32f1xx_hal_spi.c ****       }
2477:Drivers/STM32F1xx_HAL_Driver/Src/stm32f1xx_hal_spi.c ****     }
2478:Drivers/STM32F1xx_HAL_Driver/Src/stm32f1xx_hal_spi.c **** 
2479:Drivers/STM32F1xx_HAL_Driver/Src/stm32f1xx_hal_spi.c ****     /* SPI Mode Fault error interrupt occurred -------------------------------*/
2480:Drivers/STM32F1xx_HAL_Driver/Src/stm32f1xx_hal_spi.c ****     if (SPI_CHECK_FLAG(itflag, SPI_FLAG_MODF) != RESET)
2481:Drivers/STM32F1xx_HAL_Driver/Src/stm32f1xx_hal_spi.c ****     {
2482:Drivers/STM32F1xx_HAL_Driver/Src/stm32f1xx_hal_spi.c ****       SET_BIT(hspi->ErrorCode, HAL_SPI_ERROR_MODF);
2483:Drivers/STM32F1xx_HAL_Driver/Src/stm32f1xx_hal_spi.c ****       __HAL_SPI_CLEAR_MODFFLAG(hspi);
ARM GAS  /tmp/cctmCgKp.s 			page 45


2484:Drivers/STM32F1xx_HAL_Driver/Src/stm32f1xx_hal_spi.c ****     }
2485:Drivers/STM32F1xx_HAL_Driver/Src/stm32f1xx_hal_spi.c **** 
2486:Drivers/STM32F1xx_HAL_Driver/Src/stm32f1xx_hal_spi.c ****     /* SPI Frame error interrupt occurred ------------------------------------*/
2487:Drivers/STM32F1xx_HAL_Driver/Src/stm32f1xx_hal_spi.c **** 
2488:Drivers/STM32F1xx_HAL_Driver/Src/stm32f1xx_hal_spi.c ****     if (hspi->ErrorCode != HAL_SPI_ERROR_NONE)
2489:Drivers/STM32F1xx_HAL_Driver/Src/stm32f1xx_hal_spi.c ****     {
2490:Drivers/STM32F1xx_HAL_Driver/Src/stm32f1xx_hal_spi.c ****       /* Disable all interrupts */
2491:Drivers/STM32F1xx_HAL_Driver/Src/stm32f1xx_hal_spi.c ****       __HAL_SPI_DISABLE_IT(hspi, SPI_IT_RXNE | SPI_IT_TXE | SPI_IT_ERR);
2492:Drivers/STM32F1xx_HAL_Driver/Src/stm32f1xx_hal_spi.c **** 
2493:Drivers/STM32F1xx_HAL_Driver/Src/stm32f1xx_hal_spi.c ****       hspi->State = HAL_SPI_STATE_READY;
2494:Drivers/STM32F1xx_HAL_Driver/Src/stm32f1xx_hal_spi.c ****       /* Disable the SPI DMA requests if enabled */
2495:Drivers/STM32F1xx_HAL_Driver/Src/stm32f1xx_hal_spi.c ****       if ((HAL_IS_BIT_SET(itsource, SPI_CR2_TXDMAEN)) || (HAL_IS_BIT_SET(itsource, SPI_CR2_RXDMAEN)
2496:Drivers/STM32F1xx_HAL_Driver/Src/stm32f1xx_hal_spi.c ****       {
2497:Drivers/STM32F1xx_HAL_Driver/Src/stm32f1xx_hal_spi.c ****         CLEAR_BIT(hspi->Instance->CR2, (SPI_CR2_TXDMAEN | SPI_CR2_RXDMAEN));
2498:Drivers/STM32F1xx_HAL_Driver/Src/stm32f1xx_hal_spi.c **** 
2499:Drivers/STM32F1xx_HAL_Driver/Src/stm32f1xx_hal_spi.c ****         /* Abort the SPI DMA Rx channel */
2500:Drivers/STM32F1xx_HAL_Driver/Src/stm32f1xx_hal_spi.c ****         if (hspi->hdmarx != NULL)
2501:Drivers/STM32F1xx_HAL_Driver/Src/stm32f1xx_hal_spi.c ****         {
2502:Drivers/STM32F1xx_HAL_Driver/Src/stm32f1xx_hal_spi.c ****           /* Set the SPI DMA Abort callback :
2503:Drivers/STM32F1xx_HAL_Driver/Src/stm32f1xx_hal_spi.c ****           will lead to call HAL_SPI_ErrorCallback() at end of DMA abort procedure */
2504:Drivers/STM32F1xx_HAL_Driver/Src/stm32f1xx_hal_spi.c ****           hspi->hdmarx->XferAbortCallback = SPI_DMAAbortOnError;
2505:Drivers/STM32F1xx_HAL_Driver/Src/stm32f1xx_hal_spi.c ****           if (HAL_OK != HAL_DMA_Abort_IT(hspi->hdmarx))
2506:Drivers/STM32F1xx_HAL_Driver/Src/stm32f1xx_hal_spi.c ****           {
2507:Drivers/STM32F1xx_HAL_Driver/Src/stm32f1xx_hal_spi.c ****             SET_BIT(hspi->ErrorCode, HAL_SPI_ERROR_ABORT);
2508:Drivers/STM32F1xx_HAL_Driver/Src/stm32f1xx_hal_spi.c ****           }
2509:Drivers/STM32F1xx_HAL_Driver/Src/stm32f1xx_hal_spi.c ****         }
2510:Drivers/STM32F1xx_HAL_Driver/Src/stm32f1xx_hal_spi.c ****         /* Abort the SPI DMA Tx channel */
2511:Drivers/STM32F1xx_HAL_Driver/Src/stm32f1xx_hal_spi.c ****         if (hspi->hdmatx != NULL)
2512:Drivers/STM32F1xx_HAL_Driver/Src/stm32f1xx_hal_spi.c ****         {
2513:Drivers/STM32F1xx_HAL_Driver/Src/stm32f1xx_hal_spi.c ****           /* Set the SPI DMA Abort callback :
2514:Drivers/STM32F1xx_HAL_Driver/Src/stm32f1xx_hal_spi.c ****           will lead to call HAL_SPI_ErrorCallback() at end of DMA abort procedure */
2515:Drivers/STM32F1xx_HAL_Driver/Src/stm32f1xx_hal_spi.c ****           hspi->hdmatx->XferAbortCallback = SPI_DMAAbortOnError;
2516:Drivers/STM32F1xx_HAL_Driver/Src/stm32f1xx_hal_spi.c ****           if (HAL_OK != HAL_DMA_Abort_IT(hspi->hdmatx))
2517:Drivers/STM32F1xx_HAL_Driver/Src/stm32f1xx_hal_spi.c ****           {
2518:Drivers/STM32F1xx_HAL_Driver/Src/stm32f1xx_hal_spi.c ****             SET_BIT(hspi->ErrorCode, HAL_SPI_ERROR_ABORT);
2519:Drivers/STM32F1xx_HAL_Driver/Src/stm32f1xx_hal_spi.c ****           }
2520:Drivers/STM32F1xx_HAL_Driver/Src/stm32f1xx_hal_spi.c ****         }
2521:Drivers/STM32F1xx_HAL_Driver/Src/stm32f1xx_hal_spi.c ****       }
2522:Drivers/STM32F1xx_HAL_Driver/Src/stm32f1xx_hal_spi.c ****       else
2523:Drivers/STM32F1xx_HAL_Driver/Src/stm32f1xx_hal_spi.c ****       {
2524:Drivers/STM32F1xx_HAL_Driver/Src/stm32f1xx_hal_spi.c ****         /* Call user error callback */
2525:Drivers/STM32F1xx_HAL_Driver/Src/stm32f1xx_hal_spi.c **** #if (USE_HAL_SPI_REGISTER_CALLBACKS == 1U)
2526:Drivers/STM32F1xx_HAL_Driver/Src/stm32f1xx_hal_spi.c ****         hspi->ErrorCallback(hspi);
2527:Drivers/STM32F1xx_HAL_Driver/Src/stm32f1xx_hal_spi.c **** #else
2528:Drivers/STM32F1xx_HAL_Driver/Src/stm32f1xx_hal_spi.c ****         HAL_SPI_ErrorCallback(hspi);
2529:Drivers/STM32F1xx_HAL_Driver/Src/stm32f1xx_hal_spi.c **** #endif /* USE_HAL_SPI_REGISTER_CALLBACKS */
2530:Drivers/STM32F1xx_HAL_Driver/Src/stm32f1xx_hal_spi.c ****       }
2531:Drivers/STM32F1xx_HAL_Driver/Src/stm32f1xx_hal_spi.c ****     }
2532:Drivers/STM32F1xx_HAL_Driver/Src/stm32f1xx_hal_spi.c ****     return;
2533:Drivers/STM32F1xx_HAL_Driver/Src/stm32f1xx_hal_spi.c ****   }
2534:Drivers/STM32F1xx_HAL_Driver/Src/stm32f1xx_hal_spi.c **** }
2535:Drivers/STM32F1xx_HAL_Driver/Src/stm32f1xx_hal_spi.c **** 
2536:Drivers/STM32F1xx_HAL_Driver/Src/stm32f1xx_hal_spi.c **** /**
2537:Drivers/STM32F1xx_HAL_Driver/Src/stm32f1xx_hal_spi.c ****   * @brief  Tx Transfer completed callback.
2538:Drivers/STM32F1xx_HAL_Driver/Src/stm32f1xx_hal_spi.c ****   * @param  hspi pointer to a SPI_HandleTypeDef structure that contains
2539:Drivers/STM32F1xx_HAL_Driver/Src/stm32f1xx_hal_spi.c ****   *               the configuration information for SPI module.
2540:Drivers/STM32F1xx_HAL_Driver/Src/stm32f1xx_hal_spi.c ****   * @retval None
ARM GAS  /tmp/cctmCgKp.s 			page 46


2541:Drivers/STM32F1xx_HAL_Driver/Src/stm32f1xx_hal_spi.c ****   */
2542:Drivers/STM32F1xx_HAL_Driver/Src/stm32f1xx_hal_spi.c **** __weak void HAL_SPI_TxCpltCallback(SPI_HandleTypeDef *hspi)
2543:Drivers/STM32F1xx_HAL_Driver/Src/stm32f1xx_hal_spi.c **** {
2544:Drivers/STM32F1xx_HAL_Driver/Src/stm32f1xx_hal_spi.c ****   /* Prevent unused argument(s) compilation warning */
2545:Drivers/STM32F1xx_HAL_Driver/Src/stm32f1xx_hal_spi.c ****   UNUSED(hspi);
2546:Drivers/STM32F1xx_HAL_Driver/Src/stm32f1xx_hal_spi.c **** 
2547:Drivers/STM32F1xx_HAL_Driver/Src/stm32f1xx_hal_spi.c ****   /* NOTE : This function should not be modified, when the callback is needed,
2548:Drivers/STM32F1xx_HAL_Driver/Src/stm32f1xx_hal_spi.c ****             the HAL_SPI_TxCpltCallback should be implemented in the user file
2549:Drivers/STM32F1xx_HAL_Driver/Src/stm32f1xx_hal_spi.c ****    */
2550:Drivers/STM32F1xx_HAL_Driver/Src/stm32f1xx_hal_spi.c **** }
2551:Drivers/STM32F1xx_HAL_Driver/Src/stm32f1xx_hal_spi.c **** 
2552:Drivers/STM32F1xx_HAL_Driver/Src/stm32f1xx_hal_spi.c **** /**
2553:Drivers/STM32F1xx_HAL_Driver/Src/stm32f1xx_hal_spi.c ****   * @brief  Rx Transfer completed callback.
2554:Drivers/STM32F1xx_HAL_Driver/Src/stm32f1xx_hal_spi.c ****   * @param  hspi pointer to a SPI_HandleTypeDef structure that contains
2555:Drivers/STM32F1xx_HAL_Driver/Src/stm32f1xx_hal_spi.c ****   *               the configuration information for SPI module.
2556:Drivers/STM32F1xx_HAL_Driver/Src/stm32f1xx_hal_spi.c ****   * @retval None
2557:Drivers/STM32F1xx_HAL_Driver/Src/stm32f1xx_hal_spi.c ****   */
2558:Drivers/STM32F1xx_HAL_Driver/Src/stm32f1xx_hal_spi.c **** __weak void HAL_SPI_RxCpltCallback(SPI_HandleTypeDef *hspi)
2559:Drivers/STM32F1xx_HAL_Driver/Src/stm32f1xx_hal_spi.c **** {
2560:Drivers/STM32F1xx_HAL_Driver/Src/stm32f1xx_hal_spi.c ****   /* Prevent unused argument(s) compilation warning */
2561:Drivers/STM32F1xx_HAL_Driver/Src/stm32f1xx_hal_spi.c ****   UNUSED(hspi);
2562:Drivers/STM32F1xx_HAL_Driver/Src/stm32f1xx_hal_spi.c **** 
2563:Drivers/STM32F1xx_HAL_Driver/Src/stm32f1xx_hal_spi.c ****   /* NOTE : This function should not be modified, when the callback is needed,
2564:Drivers/STM32F1xx_HAL_Driver/Src/stm32f1xx_hal_spi.c ****             the HAL_SPI_RxCpltCallback should be implemented in the user file
2565:Drivers/STM32F1xx_HAL_Driver/Src/stm32f1xx_hal_spi.c ****    */
2566:Drivers/STM32F1xx_HAL_Driver/Src/stm32f1xx_hal_spi.c **** }
2567:Drivers/STM32F1xx_HAL_Driver/Src/stm32f1xx_hal_spi.c **** 
2568:Drivers/STM32F1xx_HAL_Driver/Src/stm32f1xx_hal_spi.c **** /**
2569:Drivers/STM32F1xx_HAL_Driver/Src/stm32f1xx_hal_spi.c ****   * @brief  Tx and Rx Transfer completed callback.
2570:Drivers/STM32F1xx_HAL_Driver/Src/stm32f1xx_hal_spi.c ****   * @param  hspi pointer to a SPI_HandleTypeDef structure that contains
2571:Drivers/STM32F1xx_HAL_Driver/Src/stm32f1xx_hal_spi.c ****   *               the configuration information for SPI module.
2572:Drivers/STM32F1xx_HAL_Driver/Src/stm32f1xx_hal_spi.c ****   * @retval None
2573:Drivers/STM32F1xx_HAL_Driver/Src/stm32f1xx_hal_spi.c ****   */
2574:Drivers/STM32F1xx_HAL_Driver/Src/stm32f1xx_hal_spi.c **** __weak void HAL_SPI_TxRxCpltCallback(SPI_HandleTypeDef *hspi)
2575:Drivers/STM32F1xx_HAL_Driver/Src/stm32f1xx_hal_spi.c **** {
2576:Drivers/STM32F1xx_HAL_Driver/Src/stm32f1xx_hal_spi.c ****   /* Prevent unused argument(s) compilation warning */
2577:Drivers/STM32F1xx_HAL_Driver/Src/stm32f1xx_hal_spi.c ****   UNUSED(hspi);
2578:Drivers/STM32F1xx_HAL_Driver/Src/stm32f1xx_hal_spi.c **** 
2579:Drivers/STM32F1xx_HAL_Driver/Src/stm32f1xx_hal_spi.c ****   /* NOTE : This function should not be modified, when the callback is needed,
2580:Drivers/STM32F1xx_HAL_Driver/Src/stm32f1xx_hal_spi.c ****             the HAL_SPI_TxRxCpltCallback should be implemented in the user file
2581:Drivers/STM32F1xx_HAL_Driver/Src/stm32f1xx_hal_spi.c ****    */
2582:Drivers/STM32F1xx_HAL_Driver/Src/stm32f1xx_hal_spi.c **** }
2583:Drivers/STM32F1xx_HAL_Driver/Src/stm32f1xx_hal_spi.c **** 
2584:Drivers/STM32F1xx_HAL_Driver/Src/stm32f1xx_hal_spi.c **** /**
2585:Drivers/STM32F1xx_HAL_Driver/Src/stm32f1xx_hal_spi.c ****   * @brief  Tx Half Transfer completed callback.
2586:Drivers/STM32F1xx_HAL_Driver/Src/stm32f1xx_hal_spi.c ****   * @param  hspi pointer to a SPI_HandleTypeDef structure that contains
2587:Drivers/STM32F1xx_HAL_Driver/Src/stm32f1xx_hal_spi.c ****   *               the configuration information for SPI module.
2588:Drivers/STM32F1xx_HAL_Driver/Src/stm32f1xx_hal_spi.c ****   * @retval None
2589:Drivers/STM32F1xx_HAL_Driver/Src/stm32f1xx_hal_spi.c ****   */
2590:Drivers/STM32F1xx_HAL_Driver/Src/stm32f1xx_hal_spi.c **** __weak void HAL_SPI_TxHalfCpltCallback(SPI_HandleTypeDef *hspi)
2591:Drivers/STM32F1xx_HAL_Driver/Src/stm32f1xx_hal_spi.c **** {
2592:Drivers/STM32F1xx_HAL_Driver/Src/stm32f1xx_hal_spi.c ****   /* Prevent unused argument(s) compilation warning */
2593:Drivers/STM32F1xx_HAL_Driver/Src/stm32f1xx_hal_spi.c ****   UNUSED(hspi);
2594:Drivers/STM32F1xx_HAL_Driver/Src/stm32f1xx_hal_spi.c **** 
2595:Drivers/STM32F1xx_HAL_Driver/Src/stm32f1xx_hal_spi.c ****   /* NOTE : This function should not be modified, when the callback is needed,
2596:Drivers/STM32F1xx_HAL_Driver/Src/stm32f1xx_hal_spi.c ****             the HAL_SPI_TxHalfCpltCallback should be implemented in the user file
2597:Drivers/STM32F1xx_HAL_Driver/Src/stm32f1xx_hal_spi.c ****    */
ARM GAS  /tmp/cctmCgKp.s 			page 47


2598:Drivers/STM32F1xx_HAL_Driver/Src/stm32f1xx_hal_spi.c **** }
2599:Drivers/STM32F1xx_HAL_Driver/Src/stm32f1xx_hal_spi.c **** 
2600:Drivers/STM32F1xx_HAL_Driver/Src/stm32f1xx_hal_spi.c **** /**
2601:Drivers/STM32F1xx_HAL_Driver/Src/stm32f1xx_hal_spi.c ****   * @brief  Rx Half Transfer completed callback.
2602:Drivers/STM32F1xx_HAL_Driver/Src/stm32f1xx_hal_spi.c ****   * @param  hspi pointer to a SPI_HandleTypeDef structure that contains
2603:Drivers/STM32F1xx_HAL_Driver/Src/stm32f1xx_hal_spi.c ****   *               the configuration information for SPI module.
2604:Drivers/STM32F1xx_HAL_Driver/Src/stm32f1xx_hal_spi.c ****   * @retval None
2605:Drivers/STM32F1xx_HAL_Driver/Src/stm32f1xx_hal_spi.c ****   */
2606:Drivers/STM32F1xx_HAL_Driver/Src/stm32f1xx_hal_spi.c **** __weak void HAL_SPI_RxHalfCpltCallback(SPI_HandleTypeDef *hspi)
2607:Drivers/STM32F1xx_HAL_Driver/Src/stm32f1xx_hal_spi.c **** {
2608:Drivers/STM32F1xx_HAL_Driver/Src/stm32f1xx_hal_spi.c ****   /* Prevent unused argument(s) compilation warning */
2609:Drivers/STM32F1xx_HAL_Driver/Src/stm32f1xx_hal_spi.c ****   UNUSED(hspi);
2610:Drivers/STM32F1xx_HAL_Driver/Src/stm32f1xx_hal_spi.c **** 
2611:Drivers/STM32F1xx_HAL_Driver/Src/stm32f1xx_hal_spi.c ****   /* NOTE : This function should not be modified, when the callback is needed,
2612:Drivers/STM32F1xx_HAL_Driver/Src/stm32f1xx_hal_spi.c ****             the HAL_SPI_RxHalfCpltCallback() should be implemented in the user file
2613:Drivers/STM32F1xx_HAL_Driver/Src/stm32f1xx_hal_spi.c ****    */
2614:Drivers/STM32F1xx_HAL_Driver/Src/stm32f1xx_hal_spi.c **** }
2615:Drivers/STM32F1xx_HAL_Driver/Src/stm32f1xx_hal_spi.c **** 
2616:Drivers/STM32F1xx_HAL_Driver/Src/stm32f1xx_hal_spi.c **** /**
2617:Drivers/STM32F1xx_HAL_Driver/Src/stm32f1xx_hal_spi.c ****   * @brief  Tx and Rx Half Transfer callback.
2618:Drivers/STM32F1xx_HAL_Driver/Src/stm32f1xx_hal_spi.c ****   * @param  hspi pointer to a SPI_HandleTypeDef structure that contains
2619:Drivers/STM32F1xx_HAL_Driver/Src/stm32f1xx_hal_spi.c ****   *               the configuration information for SPI module.
2620:Drivers/STM32F1xx_HAL_Driver/Src/stm32f1xx_hal_spi.c ****   * @retval None
2621:Drivers/STM32F1xx_HAL_Driver/Src/stm32f1xx_hal_spi.c ****   */
2622:Drivers/STM32F1xx_HAL_Driver/Src/stm32f1xx_hal_spi.c **** __weak void HAL_SPI_TxRxHalfCpltCallback(SPI_HandleTypeDef *hspi)
2623:Drivers/STM32F1xx_HAL_Driver/Src/stm32f1xx_hal_spi.c **** {
2624:Drivers/STM32F1xx_HAL_Driver/Src/stm32f1xx_hal_spi.c ****   /* Prevent unused argument(s) compilation warning */
2625:Drivers/STM32F1xx_HAL_Driver/Src/stm32f1xx_hal_spi.c ****   UNUSED(hspi);
2626:Drivers/STM32F1xx_HAL_Driver/Src/stm32f1xx_hal_spi.c **** 
2627:Drivers/STM32F1xx_HAL_Driver/Src/stm32f1xx_hal_spi.c ****   /* NOTE : This function should not be modified, when the callback is needed,
2628:Drivers/STM32F1xx_HAL_Driver/Src/stm32f1xx_hal_spi.c ****             the HAL_SPI_TxRxHalfCpltCallback() should be implemented in the user file
2629:Drivers/STM32F1xx_HAL_Driver/Src/stm32f1xx_hal_spi.c ****    */
2630:Drivers/STM32F1xx_HAL_Driver/Src/stm32f1xx_hal_spi.c **** }
2631:Drivers/STM32F1xx_HAL_Driver/Src/stm32f1xx_hal_spi.c **** 
2632:Drivers/STM32F1xx_HAL_Driver/Src/stm32f1xx_hal_spi.c **** /**
2633:Drivers/STM32F1xx_HAL_Driver/Src/stm32f1xx_hal_spi.c ****   * @brief  SPI error callback.
2634:Drivers/STM32F1xx_HAL_Driver/Src/stm32f1xx_hal_spi.c ****   * @param  hspi pointer to a SPI_HandleTypeDef structure that contains
2635:Drivers/STM32F1xx_HAL_Driver/Src/stm32f1xx_hal_spi.c ****   *               the configuration information for SPI module.
2636:Drivers/STM32F1xx_HAL_Driver/Src/stm32f1xx_hal_spi.c ****   * @retval None
2637:Drivers/STM32F1xx_HAL_Driver/Src/stm32f1xx_hal_spi.c ****   */
2638:Drivers/STM32F1xx_HAL_Driver/Src/stm32f1xx_hal_spi.c **** __weak void HAL_SPI_ErrorCallback(SPI_HandleTypeDef *hspi)
2639:Drivers/STM32F1xx_HAL_Driver/Src/stm32f1xx_hal_spi.c **** {
2640:Drivers/STM32F1xx_HAL_Driver/Src/stm32f1xx_hal_spi.c ****   /* Prevent unused argument(s) compilation warning */
2641:Drivers/STM32F1xx_HAL_Driver/Src/stm32f1xx_hal_spi.c ****   UNUSED(hspi);
2642:Drivers/STM32F1xx_HAL_Driver/Src/stm32f1xx_hal_spi.c **** 
2643:Drivers/STM32F1xx_HAL_Driver/Src/stm32f1xx_hal_spi.c ****   /* NOTE : This function should not be modified, when the callback is needed,
2644:Drivers/STM32F1xx_HAL_Driver/Src/stm32f1xx_hal_spi.c ****             the HAL_SPI_ErrorCallback should be implemented in the user file
2645:Drivers/STM32F1xx_HAL_Driver/Src/stm32f1xx_hal_spi.c ****    */
2646:Drivers/STM32F1xx_HAL_Driver/Src/stm32f1xx_hal_spi.c ****   /* NOTE : The ErrorCode parameter in the hspi handle is updated by the SPI processes
2647:Drivers/STM32F1xx_HAL_Driver/Src/stm32f1xx_hal_spi.c ****             and user can use HAL_SPI_GetError() API to check the latest error occurred
2648:Drivers/STM32F1xx_HAL_Driver/Src/stm32f1xx_hal_spi.c ****    */
2649:Drivers/STM32F1xx_HAL_Driver/Src/stm32f1xx_hal_spi.c **** }
2650:Drivers/STM32F1xx_HAL_Driver/Src/stm32f1xx_hal_spi.c **** 
2651:Drivers/STM32F1xx_HAL_Driver/Src/stm32f1xx_hal_spi.c **** /**
2652:Drivers/STM32F1xx_HAL_Driver/Src/stm32f1xx_hal_spi.c ****   * @brief  SPI Abort Complete callback.
2653:Drivers/STM32F1xx_HAL_Driver/Src/stm32f1xx_hal_spi.c ****   * @param  hspi SPI handle.
2654:Drivers/STM32F1xx_HAL_Driver/Src/stm32f1xx_hal_spi.c ****   * @retval None
ARM GAS  /tmp/cctmCgKp.s 			page 48


2655:Drivers/STM32F1xx_HAL_Driver/Src/stm32f1xx_hal_spi.c ****   */
2656:Drivers/STM32F1xx_HAL_Driver/Src/stm32f1xx_hal_spi.c **** __weak void HAL_SPI_AbortCpltCallback(SPI_HandleTypeDef *hspi)
2657:Drivers/STM32F1xx_HAL_Driver/Src/stm32f1xx_hal_spi.c **** {
2658:Drivers/STM32F1xx_HAL_Driver/Src/stm32f1xx_hal_spi.c ****   /* Prevent unused argument(s) compilation warning */
2659:Drivers/STM32F1xx_HAL_Driver/Src/stm32f1xx_hal_spi.c ****   UNUSED(hspi);
2660:Drivers/STM32F1xx_HAL_Driver/Src/stm32f1xx_hal_spi.c **** 
2661:Drivers/STM32F1xx_HAL_Driver/Src/stm32f1xx_hal_spi.c ****   /* NOTE : This function should not be modified, when the callback is needed,
2662:Drivers/STM32F1xx_HAL_Driver/Src/stm32f1xx_hal_spi.c ****             the HAL_SPI_AbortCpltCallback can be implemented in the user file.
2663:Drivers/STM32F1xx_HAL_Driver/Src/stm32f1xx_hal_spi.c ****    */
2664:Drivers/STM32F1xx_HAL_Driver/Src/stm32f1xx_hal_spi.c **** }
2665:Drivers/STM32F1xx_HAL_Driver/Src/stm32f1xx_hal_spi.c **** 
2666:Drivers/STM32F1xx_HAL_Driver/Src/stm32f1xx_hal_spi.c **** /**
2667:Drivers/STM32F1xx_HAL_Driver/Src/stm32f1xx_hal_spi.c ****   * @}
2668:Drivers/STM32F1xx_HAL_Driver/Src/stm32f1xx_hal_spi.c ****   */
2669:Drivers/STM32F1xx_HAL_Driver/Src/stm32f1xx_hal_spi.c **** 
2670:Drivers/STM32F1xx_HAL_Driver/Src/stm32f1xx_hal_spi.c **** /** @defgroup SPI_Exported_Functions_Group3 Peripheral State and Errors functions
2671:Drivers/STM32F1xx_HAL_Driver/Src/stm32f1xx_hal_spi.c ****   * @brief   SPI control functions
2672:Drivers/STM32F1xx_HAL_Driver/Src/stm32f1xx_hal_spi.c ****   *
2673:Drivers/STM32F1xx_HAL_Driver/Src/stm32f1xx_hal_spi.c **** @verbatim
2674:Drivers/STM32F1xx_HAL_Driver/Src/stm32f1xx_hal_spi.c ****  ===============================================================================
2675:Drivers/STM32F1xx_HAL_Driver/Src/stm32f1xx_hal_spi.c ****                       ##### Peripheral State and Errors functions #####
2676:Drivers/STM32F1xx_HAL_Driver/Src/stm32f1xx_hal_spi.c ****  ===============================================================================
2677:Drivers/STM32F1xx_HAL_Driver/Src/stm32f1xx_hal_spi.c ****     [..]
2678:Drivers/STM32F1xx_HAL_Driver/Src/stm32f1xx_hal_spi.c ****     This subsection provides a set of functions allowing to control the SPI.
2679:Drivers/STM32F1xx_HAL_Driver/Src/stm32f1xx_hal_spi.c ****      (+) HAL_SPI_GetState() API can be helpful to check in run-time the state of the SPI peripheral
2680:Drivers/STM32F1xx_HAL_Driver/Src/stm32f1xx_hal_spi.c ****      (+) HAL_SPI_GetError() check in run-time Errors occurring during communication
2681:Drivers/STM32F1xx_HAL_Driver/Src/stm32f1xx_hal_spi.c **** @endverbatim
2682:Drivers/STM32F1xx_HAL_Driver/Src/stm32f1xx_hal_spi.c ****   * @{
2683:Drivers/STM32F1xx_HAL_Driver/Src/stm32f1xx_hal_spi.c ****   */
2684:Drivers/STM32F1xx_HAL_Driver/Src/stm32f1xx_hal_spi.c **** 
2685:Drivers/STM32F1xx_HAL_Driver/Src/stm32f1xx_hal_spi.c **** /**
2686:Drivers/STM32F1xx_HAL_Driver/Src/stm32f1xx_hal_spi.c ****   * @brief  Return the SPI handle state.
2687:Drivers/STM32F1xx_HAL_Driver/Src/stm32f1xx_hal_spi.c ****   * @param  hspi pointer to a SPI_HandleTypeDef structure that contains
2688:Drivers/STM32F1xx_HAL_Driver/Src/stm32f1xx_hal_spi.c ****   *               the configuration information for SPI module.
2689:Drivers/STM32F1xx_HAL_Driver/Src/stm32f1xx_hal_spi.c ****   * @retval SPI state
2690:Drivers/STM32F1xx_HAL_Driver/Src/stm32f1xx_hal_spi.c ****   */
2691:Drivers/STM32F1xx_HAL_Driver/Src/stm32f1xx_hal_spi.c **** HAL_SPI_StateTypeDef HAL_SPI_GetState(const SPI_HandleTypeDef *hspi)
2692:Drivers/STM32F1xx_HAL_Driver/Src/stm32f1xx_hal_spi.c **** {
2693:Drivers/STM32F1xx_HAL_Driver/Src/stm32f1xx_hal_spi.c ****   /* Return SPI handle state */
2694:Drivers/STM32F1xx_HAL_Driver/Src/stm32f1xx_hal_spi.c ****   return hspi->State;
2695:Drivers/STM32F1xx_HAL_Driver/Src/stm32f1xx_hal_spi.c **** }
2696:Drivers/STM32F1xx_HAL_Driver/Src/stm32f1xx_hal_spi.c **** 
2697:Drivers/STM32F1xx_HAL_Driver/Src/stm32f1xx_hal_spi.c **** /**
2698:Drivers/STM32F1xx_HAL_Driver/Src/stm32f1xx_hal_spi.c ****   * @brief  Return the SPI error code.
2699:Drivers/STM32F1xx_HAL_Driver/Src/stm32f1xx_hal_spi.c ****   * @param  hspi pointer to a SPI_HandleTypeDef structure that contains
2700:Drivers/STM32F1xx_HAL_Driver/Src/stm32f1xx_hal_spi.c ****   *               the configuration information for SPI module.
2701:Drivers/STM32F1xx_HAL_Driver/Src/stm32f1xx_hal_spi.c ****   * @retval SPI error code in bitmap format
2702:Drivers/STM32F1xx_HAL_Driver/Src/stm32f1xx_hal_spi.c ****   */
2703:Drivers/STM32F1xx_HAL_Driver/Src/stm32f1xx_hal_spi.c **** uint32_t HAL_SPI_GetError(const SPI_HandleTypeDef *hspi)
2704:Drivers/STM32F1xx_HAL_Driver/Src/stm32f1xx_hal_spi.c **** {
2705:Drivers/STM32F1xx_HAL_Driver/Src/stm32f1xx_hal_spi.c ****   /* Return SPI ErrorCode */
2706:Drivers/STM32F1xx_HAL_Driver/Src/stm32f1xx_hal_spi.c ****   return hspi->ErrorCode;
2707:Drivers/STM32F1xx_HAL_Driver/Src/stm32f1xx_hal_spi.c **** }
2708:Drivers/STM32F1xx_HAL_Driver/Src/stm32f1xx_hal_spi.c **** 
2709:Drivers/STM32F1xx_HAL_Driver/Src/stm32f1xx_hal_spi.c **** /**
2710:Drivers/STM32F1xx_HAL_Driver/Src/stm32f1xx_hal_spi.c ****   * @}
2711:Drivers/STM32F1xx_HAL_Driver/Src/stm32f1xx_hal_spi.c ****   */
ARM GAS  /tmp/cctmCgKp.s 			page 49


2712:Drivers/STM32F1xx_HAL_Driver/Src/stm32f1xx_hal_spi.c **** 
2713:Drivers/STM32F1xx_HAL_Driver/Src/stm32f1xx_hal_spi.c **** /**
2714:Drivers/STM32F1xx_HAL_Driver/Src/stm32f1xx_hal_spi.c ****   * @}
2715:Drivers/STM32F1xx_HAL_Driver/Src/stm32f1xx_hal_spi.c ****   */
2716:Drivers/STM32F1xx_HAL_Driver/Src/stm32f1xx_hal_spi.c **** 
2717:Drivers/STM32F1xx_HAL_Driver/Src/stm32f1xx_hal_spi.c **** /** @addtogroup SPI_Private_Functions
2718:Drivers/STM32F1xx_HAL_Driver/Src/stm32f1xx_hal_spi.c ****   * @brief   Private functions
2719:Drivers/STM32F1xx_HAL_Driver/Src/stm32f1xx_hal_spi.c ****   * @{
2720:Drivers/STM32F1xx_HAL_Driver/Src/stm32f1xx_hal_spi.c ****   */
2721:Drivers/STM32F1xx_HAL_Driver/Src/stm32f1xx_hal_spi.c **** 
2722:Drivers/STM32F1xx_HAL_Driver/Src/stm32f1xx_hal_spi.c **** /**
2723:Drivers/STM32F1xx_HAL_Driver/Src/stm32f1xx_hal_spi.c ****   * @brief  DMA SPI transmit process complete callback.
2724:Drivers/STM32F1xx_HAL_Driver/Src/stm32f1xx_hal_spi.c ****   * @param  hdma pointer to a DMA_HandleTypeDef structure that contains
2725:Drivers/STM32F1xx_HAL_Driver/Src/stm32f1xx_hal_spi.c ****   *               the configuration information for the specified DMA module.
2726:Drivers/STM32F1xx_HAL_Driver/Src/stm32f1xx_hal_spi.c ****   * @retval None
2727:Drivers/STM32F1xx_HAL_Driver/Src/stm32f1xx_hal_spi.c ****   */
2728:Drivers/STM32F1xx_HAL_Driver/Src/stm32f1xx_hal_spi.c **** static void SPI_DMATransmitCplt(DMA_HandleTypeDef *hdma)
2729:Drivers/STM32F1xx_HAL_Driver/Src/stm32f1xx_hal_spi.c **** {
2730:Drivers/STM32F1xx_HAL_Driver/Src/stm32f1xx_hal_spi.c ****   SPI_HandleTypeDef *hspi = (SPI_HandleTypeDef *)(((DMA_HandleTypeDef *)hdma)->Parent);
2731:Drivers/STM32F1xx_HAL_Driver/Src/stm32f1xx_hal_spi.c ****   uint32_t tickstart;
2732:Drivers/STM32F1xx_HAL_Driver/Src/stm32f1xx_hal_spi.c **** 
2733:Drivers/STM32F1xx_HAL_Driver/Src/stm32f1xx_hal_spi.c ****   /* Init tickstart for timeout management*/
2734:Drivers/STM32F1xx_HAL_Driver/Src/stm32f1xx_hal_spi.c ****   tickstart = HAL_GetTick();
2735:Drivers/STM32F1xx_HAL_Driver/Src/stm32f1xx_hal_spi.c **** 
2736:Drivers/STM32F1xx_HAL_Driver/Src/stm32f1xx_hal_spi.c ****   /* DMA Normal Mode */
2737:Drivers/STM32F1xx_HAL_Driver/Src/stm32f1xx_hal_spi.c ****   if ((hdma->Instance->CCR & DMA_CCR_CIRC) != DMA_CCR_CIRC)
2738:Drivers/STM32F1xx_HAL_Driver/Src/stm32f1xx_hal_spi.c ****   {
2739:Drivers/STM32F1xx_HAL_Driver/Src/stm32f1xx_hal_spi.c ****     /* Disable ERR interrupt */
2740:Drivers/STM32F1xx_HAL_Driver/Src/stm32f1xx_hal_spi.c ****     __HAL_SPI_DISABLE_IT(hspi, SPI_IT_ERR);
2741:Drivers/STM32F1xx_HAL_Driver/Src/stm32f1xx_hal_spi.c **** 
2742:Drivers/STM32F1xx_HAL_Driver/Src/stm32f1xx_hal_spi.c ****     /* Disable Tx DMA Request */
2743:Drivers/STM32F1xx_HAL_Driver/Src/stm32f1xx_hal_spi.c ****     CLEAR_BIT(hspi->Instance->CR2, SPI_CR2_TXDMAEN);
2744:Drivers/STM32F1xx_HAL_Driver/Src/stm32f1xx_hal_spi.c **** 
2745:Drivers/STM32F1xx_HAL_Driver/Src/stm32f1xx_hal_spi.c ****     /* Check the end of the transaction */
2746:Drivers/STM32F1xx_HAL_Driver/Src/stm32f1xx_hal_spi.c ****     if (SPI_EndRxTxTransaction(hspi, SPI_DEFAULT_TIMEOUT, tickstart) != HAL_OK)
2747:Drivers/STM32F1xx_HAL_Driver/Src/stm32f1xx_hal_spi.c ****     {
2748:Drivers/STM32F1xx_HAL_Driver/Src/stm32f1xx_hal_spi.c ****       SET_BIT(hspi->ErrorCode, HAL_SPI_ERROR_FLAG);
2749:Drivers/STM32F1xx_HAL_Driver/Src/stm32f1xx_hal_spi.c ****     }
2750:Drivers/STM32F1xx_HAL_Driver/Src/stm32f1xx_hal_spi.c **** 
2751:Drivers/STM32F1xx_HAL_Driver/Src/stm32f1xx_hal_spi.c ****     /* Clear overrun flag in 2 Lines communication mode because received data is not read */
2752:Drivers/STM32F1xx_HAL_Driver/Src/stm32f1xx_hal_spi.c ****     if (hspi->Init.Direction == SPI_DIRECTION_2LINES)
2753:Drivers/STM32F1xx_HAL_Driver/Src/stm32f1xx_hal_spi.c ****     {
2754:Drivers/STM32F1xx_HAL_Driver/Src/stm32f1xx_hal_spi.c ****       __HAL_SPI_CLEAR_OVRFLAG(hspi);
2755:Drivers/STM32F1xx_HAL_Driver/Src/stm32f1xx_hal_spi.c ****     }
2756:Drivers/STM32F1xx_HAL_Driver/Src/stm32f1xx_hal_spi.c **** 
2757:Drivers/STM32F1xx_HAL_Driver/Src/stm32f1xx_hal_spi.c ****     hspi->TxXferCount = 0U;
2758:Drivers/STM32F1xx_HAL_Driver/Src/stm32f1xx_hal_spi.c ****     hspi->State = HAL_SPI_STATE_READY;
2759:Drivers/STM32F1xx_HAL_Driver/Src/stm32f1xx_hal_spi.c **** 
2760:Drivers/STM32F1xx_HAL_Driver/Src/stm32f1xx_hal_spi.c ****     if (hspi->ErrorCode != HAL_SPI_ERROR_NONE)
2761:Drivers/STM32F1xx_HAL_Driver/Src/stm32f1xx_hal_spi.c ****     {
2762:Drivers/STM32F1xx_HAL_Driver/Src/stm32f1xx_hal_spi.c ****       /* Call user error callback */
2763:Drivers/STM32F1xx_HAL_Driver/Src/stm32f1xx_hal_spi.c **** #if (USE_HAL_SPI_REGISTER_CALLBACKS == 1U)
2764:Drivers/STM32F1xx_HAL_Driver/Src/stm32f1xx_hal_spi.c ****       hspi->ErrorCallback(hspi);
2765:Drivers/STM32F1xx_HAL_Driver/Src/stm32f1xx_hal_spi.c **** #else
2766:Drivers/STM32F1xx_HAL_Driver/Src/stm32f1xx_hal_spi.c ****       HAL_SPI_ErrorCallback(hspi);
2767:Drivers/STM32F1xx_HAL_Driver/Src/stm32f1xx_hal_spi.c **** #endif /* USE_HAL_SPI_REGISTER_CALLBACKS */
2768:Drivers/STM32F1xx_HAL_Driver/Src/stm32f1xx_hal_spi.c ****       return;
ARM GAS  /tmp/cctmCgKp.s 			page 50


2769:Drivers/STM32F1xx_HAL_Driver/Src/stm32f1xx_hal_spi.c ****     }
2770:Drivers/STM32F1xx_HAL_Driver/Src/stm32f1xx_hal_spi.c ****   }
2771:Drivers/STM32F1xx_HAL_Driver/Src/stm32f1xx_hal_spi.c ****   /* Call user Tx complete callback */
2772:Drivers/STM32F1xx_HAL_Driver/Src/stm32f1xx_hal_spi.c **** #if (USE_HAL_SPI_REGISTER_CALLBACKS == 1U)
2773:Drivers/STM32F1xx_HAL_Driver/Src/stm32f1xx_hal_spi.c ****   hspi->TxCpltCallback(hspi);
2774:Drivers/STM32F1xx_HAL_Driver/Src/stm32f1xx_hal_spi.c **** #else
2775:Drivers/STM32F1xx_HAL_Driver/Src/stm32f1xx_hal_spi.c ****   HAL_SPI_TxCpltCallback(hspi);
2776:Drivers/STM32F1xx_HAL_Driver/Src/stm32f1xx_hal_spi.c **** #endif /* USE_HAL_SPI_REGISTER_CALLBACKS */
2777:Drivers/STM32F1xx_HAL_Driver/Src/stm32f1xx_hal_spi.c **** }
2778:Drivers/STM32F1xx_HAL_Driver/Src/stm32f1xx_hal_spi.c **** 
2779:Drivers/STM32F1xx_HAL_Driver/Src/stm32f1xx_hal_spi.c **** /**
2780:Drivers/STM32F1xx_HAL_Driver/Src/stm32f1xx_hal_spi.c ****   * @brief  DMA SPI receive process complete callback.
2781:Drivers/STM32F1xx_HAL_Driver/Src/stm32f1xx_hal_spi.c ****   * @param  hdma pointer to a DMA_HandleTypeDef structure that contains
2782:Drivers/STM32F1xx_HAL_Driver/Src/stm32f1xx_hal_spi.c ****   *               the configuration information for the specified DMA module.
2783:Drivers/STM32F1xx_HAL_Driver/Src/stm32f1xx_hal_spi.c ****   * @retval None
2784:Drivers/STM32F1xx_HAL_Driver/Src/stm32f1xx_hal_spi.c ****   */
2785:Drivers/STM32F1xx_HAL_Driver/Src/stm32f1xx_hal_spi.c **** static void SPI_DMAReceiveCplt(DMA_HandleTypeDef *hdma)
2786:Drivers/STM32F1xx_HAL_Driver/Src/stm32f1xx_hal_spi.c **** {
2787:Drivers/STM32F1xx_HAL_Driver/Src/stm32f1xx_hal_spi.c ****   SPI_HandleTypeDef *hspi = (SPI_HandleTypeDef *)(((DMA_HandleTypeDef *)hdma)->Parent);
2788:Drivers/STM32F1xx_HAL_Driver/Src/stm32f1xx_hal_spi.c ****   uint32_t tickstart;
2789:Drivers/STM32F1xx_HAL_Driver/Src/stm32f1xx_hal_spi.c **** #if (USE_SPI_CRC != 0U)
2790:Drivers/STM32F1xx_HAL_Driver/Src/stm32f1xx_hal_spi.c ****   __IO uint32_t tmpreg = 0U;
2791:Drivers/STM32F1xx_HAL_Driver/Src/stm32f1xx_hal_spi.c **** #endif /* USE_SPI_CRC */
2792:Drivers/STM32F1xx_HAL_Driver/Src/stm32f1xx_hal_spi.c **** 
2793:Drivers/STM32F1xx_HAL_Driver/Src/stm32f1xx_hal_spi.c ****   /* Init tickstart for timeout management*/
2794:Drivers/STM32F1xx_HAL_Driver/Src/stm32f1xx_hal_spi.c ****   tickstart = HAL_GetTick();
2795:Drivers/STM32F1xx_HAL_Driver/Src/stm32f1xx_hal_spi.c **** 
2796:Drivers/STM32F1xx_HAL_Driver/Src/stm32f1xx_hal_spi.c ****   /* DMA Normal Mode */
2797:Drivers/STM32F1xx_HAL_Driver/Src/stm32f1xx_hal_spi.c ****   if ((hdma->Instance->CCR & DMA_CCR_CIRC) != DMA_CCR_CIRC)
2798:Drivers/STM32F1xx_HAL_Driver/Src/stm32f1xx_hal_spi.c ****   {
2799:Drivers/STM32F1xx_HAL_Driver/Src/stm32f1xx_hal_spi.c ****     /* Disable ERR interrupt */
2800:Drivers/STM32F1xx_HAL_Driver/Src/stm32f1xx_hal_spi.c ****     __HAL_SPI_DISABLE_IT(hspi, SPI_IT_ERR);
2801:Drivers/STM32F1xx_HAL_Driver/Src/stm32f1xx_hal_spi.c **** 
2802:Drivers/STM32F1xx_HAL_Driver/Src/stm32f1xx_hal_spi.c **** #if (USE_SPI_CRC != 0U)
2803:Drivers/STM32F1xx_HAL_Driver/Src/stm32f1xx_hal_spi.c ****     /* CRC handling */
2804:Drivers/STM32F1xx_HAL_Driver/Src/stm32f1xx_hal_spi.c ****     if (hspi->Init.CRCCalculation == SPI_CRCCALCULATION_ENABLE)
2805:Drivers/STM32F1xx_HAL_Driver/Src/stm32f1xx_hal_spi.c ****     {
2806:Drivers/STM32F1xx_HAL_Driver/Src/stm32f1xx_hal_spi.c ****       /* Wait until RXNE flag */
2807:Drivers/STM32F1xx_HAL_Driver/Src/stm32f1xx_hal_spi.c ****       if (SPI_WaitFlagStateUntilTimeout(hspi, SPI_FLAG_RXNE, SET, SPI_DEFAULT_TIMEOUT, tickstart) !
2808:Drivers/STM32F1xx_HAL_Driver/Src/stm32f1xx_hal_spi.c ****       {
2809:Drivers/STM32F1xx_HAL_Driver/Src/stm32f1xx_hal_spi.c ****         /* Error on the CRC reception */
2810:Drivers/STM32F1xx_HAL_Driver/Src/stm32f1xx_hal_spi.c ****         SET_BIT(hspi->ErrorCode, HAL_SPI_ERROR_CRC);
2811:Drivers/STM32F1xx_HAL_Driver/Src/stm32f1xx_hal_spi.c ****       }
2812:Drivers/STM32F1xx_HAL_Driver/Src/stm32f1xx_hal_spi.c ****       /* Read CRC */
2813:Drivers/STM32F1xx_HAL_Driver/Src/stm32f1xx_hal_spi.c ****       tmpreg = READ_REG(hspi->Instance->DR);
2814:Drivers/STM32F1xx_HAL_Driver/Src/stm32f1xx_hal_spi.c ****       /* To avoid GCC warning */
2815:Drivers/STM32F1xx_HAL_Driver/Src/stm32f1xx_hal_spi.c ****       UNUSED(tmpreg);
2816:Drivers/STM32F1xx_HAL_Driver/Src/stm32f1xx_hal_spi.c ****     }
2817:Drivers/STM32F1xx_HAL_Driver/Src/stm32f1xx_hal_spi.c **** #endif /* USE_SPI_CRC */
2818:Drivers/STM32F1xx_HAL_Driver/Src/stm32f1xx_hal_spi.c **** 
2819:Drivers/STM32F1xx_HAL_Driver/Src/stm32f1xx_hal_spi.c ****     /* Check if we are in Master RX 2 line mode */
2820:Drivers/STM32F1xx_HAL_Driver/Src/stm32f1xx_hal_spi.c ****     if ((hspi->Init.Direction == SPI_DIRECTION_2LINES) && (hspi->Init.Mode == SPI_MODE_MASTER))
2821:Drivers/STM32F1xx_HAL_Driver/Src/stm32f1xx_hal_spi.c ****     {
2822:Drivers/STM32F1xx_HAL_Driver/Src/stm32f1xx_hal_spi.c ****       /* Disable Rx/Tx DMA Request (done by default to handle the case master rx direction 2 lines)
2823:Drivers/STM32F1xx_HAL_Driver/Src/stm32f1xx_hal_spi.c ****       CLEAR_BIT(hspi->Instance->CR2, SPI_CR2_TXDMAEN | SPI_CR2_RXDMAEN);
2824:Drivers/STM32F1xx_HAL_Driver/Src/stm32f1xx_hal_spi.c ****     }
2825:Drivers/STM32F1xx_HAL_Driver/Src/stm32f1xx_hal_spi.c ****     else
ARM GAS  /tmp/cctmCgKp.s 			page 51


2826:Drivers/STM32F1xx_HAL_Driver/Src/stm32f1xx_hal_spi.c ****     {
2827:Drivers/STM32F1xx_HAL_Driver/Src/stm32f1xx_hal_spi.c ****       /* Normal case */
2828:Drivers/STM32F1xx_HAL_Driver/Src/stm32f1xx_hal_spi.c ****       CLEAR_BIT(hspi->Instance->CR2, SPI_CR2_RXDMAEN);
2829:Drivers/STM32F1xx_HAL_Driver/Src/stm32f1xx_hal_spi.c ****     }
2830:Drivers/STM32F1xx_HAL_Driver/Src/stm32f1xx_hal_spi.c **** 
2831:Drivers/STM32F1xx_HAL_Driver/Src/stm32f1xx_hal_spi.c ****     /* Check the end of the transaction */
2832:Drivers/STM32F1xx_HAL_Driver/Src/stm32f1xx_hal_spi.c ****     if (SPI_EndRxTransaction(hspi, SPI_DEFAULT_TIMEOUT, tickstart) != HAL_OK)
2833:Drivers/STM32F1xx_HAL_Driver/Src/stm32f1xx_hal_spi.c ****     {
2834:Drivers/STM32F1xx_HAL_Driver/Src/stm32f1xx_hal_spi.c ****       hspi->ErrorCode = HAL_SPI_ERROR_FLAG;
2835:Drivers/STM32F1xx_HAL_Driver/Src/stm32f1xx_hal_spi.c ****     }
2836:Drivers/STM32F1xx_HAL_Driver/Src/stm32f1xx_hal_spi.c **** 
2837:Drivers/STM32F1xx_HAL_Driver/Src/stm32f1xx_hal_spi.c ****     hspi->RxXferCount = 0U;
2838:Drivers/STM32F1xx_HAL_Driver/Src/stm32f1xx_hal_spi.c ****     hspi->State = HAL_SPI_STATE_READY;
2839:Drivers/STM32F1xx_HAL_Driver/Src/stm32f1xx_hal_spi.c **** 
2840:Drivers/STM32F1xx_HAL_Driver/Src/stm32f1xx_hal_spi.c **** #if (USE_SPI_CRC != 0U)
2841:Drivers/STM32F1xx_HAL_Driver/Src/stm32f1xx_hal_spi.c ****     /* Check if CRC error occurred */
2842:Drivers/STM32F1xx_HAL_Driver/Src/stm32f1xx_hal_spi.c ****     if (__HAL_SPI_GET_FLAG(hspi, SPI_FLAG_CRCERR) != RESET)
2843:Drivers/STM32F1xx_HAL_Driver/Src/stm32f1xx_hal_spi.c ****     {
2844:Drivers/STM32F1xx_HAL_Driver/Src/stm32f1xx_hal_spi.c ****       /* Check if CRC error is valid or not (workaround to be applied or not) */
2845:Drivers/STM32F1xx_HAL_Driver/Src/stm32f1xx_hal_spi.c ****       if (SPI_ISCRCErrorValid(hspi) == SPI_VALID_CRC_ERROR)
2846:Drivers/STM32F1xx_HAL_Driver/Src/stm32f1xx_hal_spi.c ****       {
2847:Drivers/STM32F1xx_HAL_Driver/Src/stm32f1xx_hal_spi.c ****         SET_BIT(hspi->ErrorCode, HAL_SPI_ERROR_CRC);
2848:Drivers/STM32F1xx_HAL_Driver/Src/stm32f1xx_hal_spi.c **** 
2849:Drivers/STM32F1xx_HAL_Driver/Src/stm32f1xx_hal_spi.c ****         /* Reset CRC Calculation */
2850:Drivers/STM32F1xx_HAL_Driver/Src/stm32f1xx_hal_spi.c ****         SPI_RESET_CRC(hspi);
2851:Drivers/STM32F1xx_HAL_Driver/Src/stm32f1xx_hal_spi.c ****       }
2852:Drivers/STM32F1xx_HAL_Driver/Src/stm32f1xx_hal_spi.c ****       else
2853:Drivers/STM32F1xx_HAL_Driver/Src/stm32f1xx_hal_spi.c ****       {
2854:Drivers/STM32F1xx_HAL_Driver/Src/stm32f1xx_hal_spi.c ****         __HAL_SPI_CLEAR_CRCERRFLAG(hspi);
2855:Drivers/STM32F1xx_HAL_Driver/Src/stm32f1xx_hal_spi.c ****       }
2856:Drivers/STM32F1xx_HAL_Driver/Src/stm32f1xx_hal_spi.c ****     }
2857:Drivers/STM32F1xx_HAL_Driver/Src/stm32f1xx_hal_spi.c **** #endif /* USE_SPI_CRC */
2858:Drivers/STM32F1xx_HAL_Driver/Src/stm32f1xx_hal_spi.c **** 
2859:Drivers/STM32F1xx_HAL_Driver/Src/stm32f1xx_hal_spi.c ****     if (hspi->ErrorCode != HAL_SPI_ERROR_NONE)
2860:Drivers/STM32F1xx_HAL_Driver/Src/stm32f1xx_hal_spi.c ****     {
2861:Drivers/STM32F1xx_HAL_Driver/Src/stm32f1xx_hal_spi.c ****       /* Call user error callback */
2862:Drivers/STM32F1xx_HAL_Driver/Src/stm32f1xx_hal_spi.c **** #if (USE_HAL_SPI_REGISTER_CALLBACKS == 1U)
2863:Drivers/STM32F1xx_HAL_Driver/Src/stm32f1xx_hal_spi.c ****       hspi->ErrorCallback(hspi);
2864:Drivers/STM32F1xx_HAL_Driver/Src/stm32f1xx_hal_spi.c **** #else
2865:Drivers/STM32F1xx_HAL_Driver/Src/stm32f1xx_hal_spi.c ****       HAL_SPI_ErrorCallback(hspi);
2866:Drivers/STM32F1xx_HAL_Driver/Src/stm32f1xx_hal_spi.c **** #endif /* USE_HAL_SPI_REGISTER_CALLBACKS */
2867:Drivers/STM32F1xx_HAL_Driver/Src/stm32f1xx_hal_spi.c ****       return;
2868:Drivers/STM32F1xx_HAL_Driver/Src/stm32f1xx_hal_spi.c ****     }
2869:Drivers/STM32F1xx_HAL_Driver/Src/stm32f1xx_hal_spi.c ****   }
2870:Drivers/STM32F1xx_HAL_Driver/Src/stm32f1xx_hal_spi.c ****   /* Call user Rx complete callback */
2871:Drivers/STM32F1xx_HAL_Driver/Src/stm32f1xx_hal_spi.c **** #if (USE_HAL_SPI_REGISTER_CALLBACKS == 1U)
2872:Drivers/STM32F1xx_HAL_Driver/Src/stm32f1xx_hal_spi.c ****   hspi->RxCpltCallback(hspi);
2873:Drivers/STM32F1xx_HAL_Driver/Src/stm32f1xx_hal_spi.c **** #else
2874:Drivers/STM32F1xx_HAL_Driver/Src/stm32f1xx_hal_spi.c ****   HAL_SPI_RxCpltCallback(hspi);
2875:Drivers/STM32F1xx_HAL_Driver/Src/stm32f1xx_hal_spi.c **** #endif /* USE_HAL_SPI_REGISTER_CALLBACKS */
2876:Drivers/STM32F1xx_HAL_Driver/Src/stm32f1xx_hal_spi.c **** }
2877:Drivers/STM32F1xx_HAL_Driver/Src/stm32f1xx_hal_spi.c **** 
2878:Drivers/STM32F1xx_HAL_Driver/Src/stm32f1xx_hal_spi.c **** /**
2879:Drivers/STM32F1xx_HAL_Driver/Src/stm32f1xx_hal_spi.c ****   * @brief  DMA SPI transmit receive process complete callback.
2880:Drivers/STM32F1xx_HAL_Driver/Src/stm32f1xx_hal_spi.c ****   * @param  hdma pointer to a DMA_HandleTypeDef structure that contains
2881:Drivers/STM32F1xx_HAL_Driver/Src/stm32f1xx_hal_spi.c ****   *               the configuration information for the specified DMA module.
2882:Drivers/STM32F1xx_HAL_Driver/Src/stm32f1xx_hal_spi.c ****   * @retval None
ARM GAS  /tmp/cctmCgKp.s 			page 52


2883:Drivers/STM32F1xx_HAL_Driver/Src/stm32f1xx_hal_spi.c ****   */
2884:Drivers/STM32F1xx_HAL_Driver/Src/stm32f1xx_hal_spi.c **** static void SPI_DMATransmitReceiveCplt(DMA_HandleTypeDef *hdma)
2885:Drivers/STM32F1xx_HAL_Driver/Src/stm32f1xx_hal_spi.c **** {
2886:Drivers/STM32F1xx_HAL_Driver/Src/stm32f1xx_hal_spi.c ****   SPI_HandleTypeDef *hspi = (SPI_HandleTypeDef *)(((DMA_HandleTypeDef *)hdma)->Parent);
2887:Drivers/STM32F1xx_HAL_Driver/Src/stm32f1xx_hal_spi.c ****   uint32_t tickstart;
2888:Drivers/STM32F1xx_HAL_Driver/Src/stm32f1xx_hal_spi.c **** #if (USE_SPI_CRC != 0U)
2889:Drivers/STM32F1xx_HAL_Driver/Src/stm32f1xx_hal_spi.c ****   __IO uint32_t tmpreg = 0U;
2890:Drivers/STM32F1xx_HAL_Driver/Src/stm32f1xx_hal_spi.c **** #endif /* USE_SPI_CRC */
2891:Drivers/STM32F1xx_HAL_Driver/Src/stm32f1xx_hal_spi.c **** 
2892:Drivers/STM32F1xx_HAL_Driver/Src/stm32f1xx_hal_spi.c ****   /* Init tickstart for timeout management*/
2893:Drivers/STM32F1xx_HAL_Driver/Src/stm32f1xx_hal_spi.c ****   tickstart = HAL_GetTick();
2894:Drivers/STM32F1xx_HAL_Driver/Src/stm32f1xx_hal_spi.c **** 
2895:Drivers/STM32F1xx_HAL_Driver/Src/stm32f1xx_hal_spi.c ****   /* DMA Normal Mode */
2896:Drivers/STM32F1xx_HAL_Driver/Src/stm32f1xx_hal_spi.c ****   if ((hdma->Instance->CCR & DMA_CCR_CIRC) != DMA_CCR_CIRC)
2897:Drivers/STM32F1xx_HAL_Driver/Src/stm32f1xx_hal_spi.c ****   {
2898:Drivers/STM32F1xx_HAL_Driver/Src/stm32f1xx_hal_spi.c ****     /* Disable ERR interrupt */
2899:Drivers/STM32F1xx_HAL_Driver/Src/stm32f1xx_hal_spi.c ****     __HAL_SPI_DISABLE_IT(hspi, SPI_IT_ERR);
2900:Drivers/STM32F1xx_HAL_Driver/Src/stm32f1xx_hal_spi.c **** 
2901:Drivers/STM32F1xx_HAL_Driver/Src/stm32f1xx_hal_spi.c **** #if (USE_SPI_CRC != 0U)
2902:Drivers/STM32F1xx_HAL_Driver/Src/stm32f1xx_hal_spi.c ****     /* CRC handling */
2903:Drivers/STM32F1xx_HAL_Driver/Src/stm32f1xx_hal_spi.c ****     if (hspi->Init.CRCCalculation == SPI_CRCCALCULATION_ENABLE)
2904:Drivers/STM32F1xx_HAL_Driver/Src/stm32f1xx_hal_spi.c ****     {
2905:Drivers/STM32F1xx_HAL_Driver/Src/stm32f1xx_hal_spi.c ****       /* Wait the CRC data */
2906:Drivers/STM32F1xx_HAL_Driver/Src/stm32f1xx_hal_spi.c ****       if (SPI_WaitFlagStateUntilTimeout(hspi, SPI_FLAG_RXNE, SET, SPI_DEFAULT_TIMEOUT, tickstart) !
2907:Drivers/STM32F1xx_HAL_Driver/Src/stm32f1xx_hal_spi.c ****       {
2908:Drivers/STM32F1xx_HAL_Driver/Src/stm32f1xx_hal_spi.c ****         SET_BIT(hspi->ErrorCode, HAL_SPI_ERROR_CRC);
2909:Drivers/STM32F1xx_HAL_Driver/Src/stm32f1xx_hal_spi.c ****       }
2910:Drivers/STM32F1xx_HAL_Driver/Src/stm32f1xx_hal_spi.c ****       /* Read CRC to Flush DR and RXNE flag */
2911:Drivers/STM32F1xx_HAL_Driver/Src/stm32f1xx_hal_spi.c ****       tmpreg = READ_REG(hspi->Instance->DR);
2912:Drivers/STM32F1xx_HAL_Driver/Src/stm32f1xx_hal_spi.c ****       /* To avoid GCC warning */
2913:Drivers/STM32F1xx_HAL_Driver/Src/stm32f1xx_hal_spi.c ****       UNUSED(tmpreg);
2914:Drivers/STM32F1xx_HAL_Driver/Src/stm32f1xx_hal_spi.c ****     }
2915:Drivers/STM32F1xx_HAL_Driver/Src/stm32f1xx_hal_spi.c **** #endif /* USE_SPI_CRC */
2916:Drivers/STM32F1xx_HAL_Driver/Src/stm32f1xx_hal_spi.c **** 
2917:Drivers/STM32F1xx_HAL_Driver/Src/stm32f1xx_hal_spi.c ****     /* Check the end of the transaction */
2918:Drivers/STM32F1xx_HAL_Driver/Src/stm32f1xx_hal_spi.c ****     if (SPI_EndRxTxTransaction(hspi, SPI_DEFAULT_TIMEOUT, tickstart) != HAL_OK)
2919:Drivers/STM32F1xx_HAL_Driver/Src/stm32f1xx_hal_spi.c ****     {
2920:Drivers/STM32F1xx_HAL_Driver/Src/stm32f1xx_hal_spi.c ****       SET_BIT(hspi->ErrorCode, HAL_SPI_ERROR_FLAG);
2921:Drivers/STM32F1xx_HAL_Driver/Src/stm32f1xx_hal_spi.c ****     }
2922:Drivers/STM32F1xx_HAL_Driver/Src/stm32f1xx_hal_spi.c **** 
2923:Drivers/STM32F1xx_HAL_Driver/Src/stm32f1xx_hal_spi.c ****     /* Disable Rx/Tx DMA Request */
2924:Drivers/STM32F1xx_HAL_Driver/Src/stm32f1xx_hal_spi.c ****     CLEAR_BIT(hspi->Instance->CR2, SPI_CR2_TXDMAEN | SPI_CR2_RXDMAEN);
2925:Drivers/STM32F1xx_HAL_Driver/Src/stm32f1xx_hal_spi.c **** 
2926:Drivers/STM32F1xx_HAL_Driver/Src/stm32f1xx_hal_spi.c ****     hspi->TxXferCount = 0U;
2927:Drivers/STM32F1xx_HAL_Driver/Src/stm32f1xx_hal_spi.c ****     hspi->RxXferCount = 0U;
2928:Drivers/STM32F1xx_HAL_Driver/Src/stm32f1xx_hal_spi.c ****     hspi->State = HAL_SPI_STATE_READY;
2929:Drivers/STM32F1xx_HAL_Driver/Src/stm32f1xx_hal_spi.c **** 
2930:Drivers/STM32F1xx_HAL_Driver/Src/stm32f1xx_hal_spi.c **** #if (USE_SPI_CRC != 0U)
2931:Drivers/STM32F1xx_HAL_Driver/Src/stm32f1xx_hal_spi.c ****     /* Check if CRC error occurred */
2932:Drivers/STM32F1xx_HAL_Driver/Src/stm32f1xx_hal_spi.c ****     if (__HAL_SPI_GET_FLAG(hspi, SPI_FLAG_CRCERR) != RESET)
2933:Drivers/STM32F1xx_HAL_Driver/Src/stm32f1xx_hal_spi.c ****     {
2934:Drivers/STM32F1xx_HAL_Driver/Src/stm32f1xx_hal_spi.c ****       /* Check if CRC error is valid or not (workaround to be applied or not) */
2935:Drivers/STM32F1xx_HAL_Driver/Src/stm32f1xx_hal_spi.c ****       if (SPI_ISCRCErrorValid(hspi) == SPI_VALID_CRC_ERROR)
2936:Drivers/STM32F1xx_HAL_Driver/Src/stm32f1xx_hal_spi.c ****       {
2937:Drivers/STM32F1xx_HAL_Driver/Src/stm32f1xx_hal_spi.c ****         SET_BIT(hspi->ErrorCode, HAL_SPI_ERROR_CRC);
2938:Drivers/STM32F1xx_HAL_Driver/Src/stm32f1xx_hal_spi.c **** 
2939:Drivers/STM32F1xx_HAL_Driver/Src/stm32f1xx_hal_spi.c ****         /* Reset CRC Calculation */
ARM GAS  /tmp/cctmCgKp.s 			page 53


2940:Drivers/STM32F1xx_HAL_Driver/Src/stm32f1xx_hal_spi.c ****         SPI_RESET_CRC(hspi);
2941:Drivers/STM32F1xx_HAL_Driver/Src/stm32f1xx_hal_spi.c ****       }
2942:Drivers/STM32F1xx_HAL_Driver/Src/stm32f1xx_hal_spi.c ****       else
2943:Drivers/STM32F1xx_HAL_Driver/Src/stm32f1xx_hal_spi.c ****       {
2944:Drivers/STM32F1xx_HAL_Driver/Src/stm32f1xx_hal_spi.c ****         __HAL_SPI_CLEAR_CRCERRFLAG(hspi);
2945:Drivers/STM32F1xx_HAL_Driver/Src/stm32f1xx_hal_spi.c ****       }
2946:Drivers/STM32F1xx_HAL_Driver/Src/stm32f1xx_hal_spi.c ****     }
2947:Drivers/STM32F1xx_HAL_Driver/Src/stm32f1xx_hal_spi.c **** #endif /* USE_SPI_CRC */
2948:Drivers/STM32F1xx_HAL_Driver/Src/stm32f1xx_hal_spi.c **** 
2949:Drivers/STM32F1xx_HAL_Driver/Src/stm32f1xx_hal_spi.c ****     if (hspi->ErrorCode != HAL_SPI_ERROR_NONE)
2950:Drivers/STM32F1xx_HAL_Driver/Src/stm32f1xx_hal_spi.c ****     {
2951:Drivers/STM32F1xx_HAL_Driver/Src/stm32f1xx_hal_spi.c ****       /* Call user error callback */
2952:Drivers/STM32F1xx_HAL_Driver/Src/stm32f1xx_hal_spi.c **** #if (USE_HAL_SPI_REGISTER_CALLBACKS == 1U)
2953:Drivers/STM32F1xx_HAL_Driver/Src/stm32f1xx_hal_spi.c ****       hspi->ErrorCallback(hspi);
2954:Drivers/STM32F1xx_HAL_Driver/Src/stm32f1xx_hal_spi.c **** #else
2955:Drivers/STM32F1xx_HAL_Driver/Src/stm32f1xx_hal_spi.c ****       HAL_SPI_ErrorCallback(hspi);
2956:Drivers/STM32F1xx_HAL_Driver/Src/stm32f1xx_hal_spi.c **** #endif /* USE_HAL_SPI_REGISTER_CALLBACKS */
2957:Drivers/STM32F1xx_HAL_Driver/Src/stm32f1xx_hal_spi.c ****       return;
2958:Drivers/STM32F1xx_HAL_Driver/Src/stm32f1xx_hal_spi.c ****     }
2959:Drivers/STM32F1xx_HAL_Driver/Src/stm32f1xx_hal_spi.c ****   }
2960:Drivers/STM32F1xx_HAL_Driver/Src/stm32f1xx_hal_spi.c ****   /* Call user TxRx complete callback */
2961:Drivers/STM32F1xx_HAL_Driver/Src/stm32f1xx_hal_spi.c **** #if (USE_HAL_SPI_REGISTER_CALLBACKS == 1U)
2962:Drivers/STM32F1xx_HAL_Driver/Src/stm32f1xx_hal_spi.c ****   hspi->TxRxCpltCallback(hspi);
2963:Drivers/STM32F1xx_HAL_Driver/Src/stm32f1xx_hal_spi.c **** #else
2964:Drivers/STM32F1xx_HAL_Driver/Src/stm32f1xx_hal_spi.c ****   HAL_SPI_TxRxCpltCallback(hspi);
2965:Drivers/STM32F1xx_HAL_Driver/Src/stm32f1xx_hal_spi.c **** #endif /* USE_HAL_SPI_REGISTER_CALLBACKS */
2966:Drivers/STM32F1xx_HAL_Driver/Src/stm32f1xx_hal_spi.c **** }
2967:Drivers/STM32F1xx_HAL_Driver/Src/stm32f1xx_hal_spi.c **** 
2968:Drivers/STM32F1xx_HAL_Driver/Src/stm32f1xx_hal_spi.c **** /**
2969:Drivers/STM32F1xx_HAL_Driver/Src/stm32f1xx_hal_spi.c ****   * @brief  DMA SPI half transmit process complete callback.
2970:Drivers/STM32F1xx_HAL_Driver/Src/stm32f1xx_hal_spi.c ****   * @param  hdma pointer to a DMA_HandleTypeDef structure that contains
2971:Drivers/STM32F1xx_HAL_Driver/Src/stm32f1xx_hal_spi.c ****   *               the configuration information for the specified DMA module.
2972:Drivers/STM32F1xx_HAL_Driver/Src/stm32f1xx_hal_spi.c ****   * @retval None
2973:Drivers/STM32F1xx_HAL_Driver/Src/stm32f1xx_hal_spi.c ****   */
2974:Drivers/STM32F1xx_HAL_Driver/Src/stm32f1xx_hal_spi.c **** static void SPI_DMAHalfTransmitCplt(DMA_HandleTypeDef *hdma)
2975:Drivers/STM32F1xx_HAL_Driver/Src/stm32f1xx_hal_spi.c **** {
2976:Drivers/STM32F1xx_HAL_Driver/Src/stm32f1xx_hal_spi.c ****   SPI_HandleTypeDef *hspi = (SPI_HandleTypeDef *)(((DMA_HandleTypeDef *)hdma)->Parent);
2977:Drivers/STM32F1xx_HAL_Driver/Src/stm32f1xx_hal_spi.c **** 
2978:Drivers/STM32F1xx_HAL_Driver/Src/stm32f1xx_hal_spi.c ****   /* Call user Tx half complete callback */
2979:Drivers/STM32F1xx_HAL_Driver/Src/stm32f1xx_hal_spi.c **** #if (USE_HAL_SPI_REGISTER_CALLBACKS == 1U)
2980:Drivers/STM32F1xx_HAL_Driver/Src/stm32f1xx_hal_spi.c ****   hspi->TxHalfCpltCallback(hspi);
2981:Drivers/STM32F1xx_HAL_Driver/Src/stm32f1xx_hal_spi.c **** #else
2982:Drivers/STM32F1xx_HAL_Driver/Src/stm32f1xx_hal_spi.c ****   HAL_SPI_TxHalfCpltCallback(hspi);
2983:Drivers/STM32F1xx_HAL_Driver/Src/stm32f1xx_hal_spi.c **** #endif /* USE_HAL_SPI_REGISTER_CALLBACKS */
2984:Drivers/STM32F1xx_HAL_Driver/Src/stm32f1xx_hal_spi.c **** }
2985:Drivers/STM32F1xx_HAL_Driver/Src/stm32f1xx_hal_spi.c **** 
2986:Drivers/STM32F1xx_HAL_Driver/Src/stm32f1xx_hal_spi.c **** /**
2987:Drivers/STM32F1xx_HAL_Driver/Src/stm32f1xx_hal_spi.c ****   * @brief  DMA SPI half receive process complete callback
2988:Drivers/STM32F1xx_HAL_Driver/Src/stm32f1xx_hal_spi.c ****   * @param  hdma pointer to a DMA_HandleTypeDef structure that contains
2989:Drivers/STM32F1xx_HAL_Driver/Src/stm32f1xx_hal_spi.c ****   *               the configuration information for the specified DMA module.
2990:Drivers/STM32F1xx_HAL_Driver/Src/stm32f1xx_hal_spi.c ****   * @retval None
2991:Drivers/STM32F1xx_HAL_Driver/Src/stm32f1xx_hal_spi.c ****   */
2992:Drivers/STM32F1xx_HAL_Driver/Src/stm32f1xx_hal_spi.c **** static void SPI_DMAHalfReceiveCplt(DMA_HandleTypeDef *hdma)
2993:Drivers/STM32F1xx_HAL_Driver/Src/stm32f1xx_hal_spi.c **** {
2994:Drivers/STM32F1xx_HAL_Driver/Src/stm32f1xx_hal_spi.c ****   SPI_HandleTypeDef *hspi = (SPI_HandleTypeDef *)(((DMA_HandleTypeDef *)hdma)->Parent);
2995:Drivers/STM32F1xx_HAL_Driver/Src/stm32f1xx_hal_spi.c **** 
2996:Drivers/STM32F1xx_HAL_Driver/Src/stm32f1xx_hal_spi.c ****   /* Call user Rx half complete callback */
ARM GAS  /tmp/cctmCgKp.s 			page 54


2997:Drivers/STM32F1xx_HAL_Driver/Src/stm32f1xx_hal_spi.c **** #if (USE_HAL_SPI_REGISTER_CALLBACKS == 1U)
2998:Drivers/STM32F1xx_HAL_Driver/Src/stm32f1xx_hal_spi.c ****   hspi->RxHalfCpltCallback(hspi);
2999:Drivers/STM32F1xx_HAL_Driver/Src/stm32f1xx_hal_spi.c **** #else
3000:Drivers/STM32F1xx_HAL_Driver/Src/stm32f1xx_hal_spi.c ****   HAL_SPI_RxHalfCpltCallback(hspi);
3001:Drivers/STM32F1xx_HAL_Driver/Src/stm32f1xx_hal_spi.c **** #endif /* USE_HAL_SPI_REGISTER_CALLBACKS */
3002:Drivers/STM32F1xx_HAL_Driver/Src/stm32f1xx_hal_spi.c **** }
3003:Drivers/STM32F1xx_HAL_Driver/Src/stm32f1xx_hal_spi.c **** 
3004:Drivers/STM32F1xx_HAL_Driver/Src/stm32f1xx_hal_spi.c **** /**
3005:Drivers/STM32F1xx_HAL_Driver/Src/stm32f1xx_hal_spi.c ****   * @brief  DMA SPI half transmit receive process complete callback.
3006:Drivers/STM32F1xx_HAL_Driver/Src/stm32f1xx_hal_spi.c ****   * @param  hdma pointer to a DMA_HandleTypeDef structure that contains
3007:Drivers/STM32F1xx_HAL_Driver/Src/stm32f1xx_hal_spi.c ****   *               the configuration information for the specified DMA module.
3008:Drivers/STM32F1xx_HAL_Driver/Src/stm32f1xx_hal_spi.c ****   * @retval None
3009:Drivers/STM32F1xx_HAL_Driver/Src/stm32f1xx_hal_spi.c ****   */
3010:Drivers/STM32F1xx_HAL_Driver/Src/stm32f1xx_hal_spi.c **** static void SPI_DMAHalfTransmitReceiveCplt(DMA_HandleTypeDef *hdma)
3011:Drivers/STM32F1xx_HAL_Driver/Src/stm32f1xx_hal_spi.c **** {
3012:Drivers/STM32F1xx_HAL_Driver/Src/stm32f1xx_hal_spi.c ****   SPI_HandleTypeDef *hspi = (SPI_HandleTypeDef *)(((DMA_HandleTypeDef *)hdma)->Parent);
3013:Drivers/STM32F1xx_HAL_Driver/Src/stm32f1xx_hal_spi.c **** 
3014:Drivers/STM32F1xx_HAL_Driver/Src/stm32f1xx_hal_spi.c ****   /* Call user TxRx half complete callback */
3015:Drivers/STM32F1xx_HAL_Driver/Src/stm32f1xx_hal_spi.c **** #if (USE_HAL_SPI_REGISTER_CALLBACKS == 1U)
3016:Drivers/STM32F1xx_HAL_Driver/Src/stm32f1xx_hal_spi.c ****   hspi->TxRxHalfCpltCallback(hspi);
3017:Drivers/STM32F1xx_HAL_Driver/Src/stm32f1xx_hal_spi.c **** #else
3018:Drivers/STM32F1xx_HAL_Driver/Src/stm32f1xx_hal_spi.c ****   HAL_SPI_TxRxHalfCpltCallback(hspi);
3019:Drivers/STM32F1xx_HAL_Driver/Src/stm32f1xx_hal_spi.c **** #endif /* USE_HAL_SPI_REGISTER_CALLBACKS */
3020:Drivers/STM32F1xx_HAL_Driver/Src/stm32f1xx_hal_spi.c **** }
3021:Drivers/STM32F1xx_HAL_Driver/Src/stm32f1xx_hal_spi.c **** 
3022:Drivers/STM32F1xx_HAL_Driver/Src/stm32f1xx_hal_spi.c **** /**
3023:Drivers/STM32F1xx_HAL_Driver/Src/stm32f1xx_hal_spi.c ****   * @brief  DMA SPI communication error callback.
3024:Drivers/STM32F1xx_HAL_Driver/Src/stm32f1xx_hal_spi.c ****   * @param  hdma pointer to a DMA_HandleTypeDef structure that contains
3025:Drivers/STM32F1xx_HAL_Driver/Src/stm32f1xx_hal_spi.c ****   *               the configuration information for the specified DMA module.
3026:Drivers/STM32F1xx_HAL_Driver/Src/stm32f1xx_hal_spi.c ****   * @retval None
3027:Drivers/STM32F1xx_HAL_Driver/Src/stm32f1xx_hal_spi.c ****   */
3028:Drivers/STM32F1xx_HAL_Driver/Src/stm32f1xx_hal_spi.c **** static void SPI_DMAError(DMA_HandleTypeDef *hdma)
3029:Drivers/STM32F1xx_HAL_Driver/Src/stm32f1xx_hal_spi.c **** {
3030:Drivers/STM32F1xx_HAL_Driver/Src/stm32f1xx_hal_spi.c ****   SPI_HandleTypeDef *hspi = (SPI_HandleTypeDef *)(((DMA_HandleTypeDef *)hdma)->Parent);
3031:Drivers/STM32F1xx_HAL_Driver/Src/stm32f1xx_hal_spi.c **** 
3032:Drivers/STM32F1xx_HAL_Driver/Src/stm32f1xx_hal_spi.c ****   /* Stop the disable DMA transfer on SPI side */
3033:Drivers/STM32F1xx_HAL_Driver/Src/stm32f1xx_hal_spi.c ****   CLEAR_BIT(hspi->Instance->CR2, SPI_CR2_TXDMAEN | SPI_CR2_RXDMAEN);
3034:Drivers/STM32F1xx_HAL_Driver/Src/stm32f1xx_hal_spi.c **** 
3035:Drivers/STM32F1xx_HAL_Driver/Src/stm32f1xx_hal_spi.c ****   SET_BIT(hspi->ErrorCode, HAL_SPI_ERROR_DMA);
3036:Drivers/STM32F1xx_HAL_Driver/Src/stm32f1xx_hal_spi.c ****   hspi->State = HAL_SPI_STATE_READY;
3037:Drivers/STM32F1xx_HAL_Driver/Src/stm32f1xx_hal_spi.c ****   /* Call user error callback */
3038:Drivers/STM32F1xx_HAL_Driver/Src/stm32f1xx_hal_spi.c **** #if (USE_HAL_SPI_REGISTER_CALLBACKS == 1U)
3039:Drivers/STM32F1xx_HAL_Driver/Src/stm32f1xx_hal_spi.c ****   hspi->ErrorCallback(hspi);
3040:Drivers/STM32F1xx_HAL_Driver/Src/stm32f1xx_hal_spi.c **** #else
3041:Drivers/STM32F1xx_HAL_Driver/Src/stm32f1xx_hal_spi.c ****   HAL_SPI_ErrorCallback(hspi);
3042:Drivers/STM32F1xx_HAL_Driver/Src/stm32f1xx_hal_spi.c **** #endif /* USE_HAL_SPI_REGISTER_CALLBACKS */
3043:Drivers/STM32F1xx_HAL_Driver/Src/stm32f1xx_hal_spi.c **** }
3044:Drivers/STM32F1xx_HAL_Driver/Src/stm32f1xx_hal_spi.c **** 
3045:Drivers/STM32F1xx_HAL_Driver/Src/stm32f1xx_hal_spi.c **** /**
3046:Drivers/STM32F1xx_HAL_Driver/Src/stm32f1xx_hal_spi.c ****   * @brief  DMA SPI communication abort callback, when initiated by HAL services on Error
3047:Drivers/STM32F1xx_HAL_Driver/Src/stm32f1xx_hal_spi.c ****   *         (To be called at end of DMA Abort procedure following error occurrence).
3048:Drivers/STM32F1xx_HAL_Driver/Src/stm32f1xx_hal_spi.c ****   * @param  hdma DMA handle.
3049:Drivers/STM32F1xx_HAL_Driver/Src/stm32f1xx_hal_spi.c ****   * @retval None
3050:Drivers/STM32F1xx_HAL_Driver/Src/stm32f1xx_hal_spi.c ****   */
3051:Drivers/STM32F1xx_HAL_Driver/Src/stm32f1xx_hal_spi.c **** static void SPI_DMAAbortOnError(DMA_HandleTypeDef *hdma)
3052:Drivers/STM32F1xx_HAL_Driver/Src/stm32f1xx_hal_spi.c **** {
3053:Drivers/STM32F1xx_HAL_Driver/Src/stm32f1xx_hal_spi.c ****   SPI_HandleTypeDef *hspi = (SPI_HandleTypeDef *)(((DMA_HandleTypeDef *)hdma)->Parent);
ARM GAS  /tmp/cctmCgKp.s 			page 55


3054:Drivers/STM32F1xx_HAL_Driver/Src/stm32f1xx_hal_spi.c ****   hspi->RxXferCount = 0U;
3055:Drivers/STM32F1xx_HAL_Driver/Src/stm32f1xx_hal_spi.c ****   hspi->TxXferCount = 0U;
3056:Drivers/STM32F1xx_HAL_Driver/Src/stm32f1xx_hal_spi.c **** 
3057:Drivers/STM32F1xx_HAL_Driver/Src/stm32f1xx_hal_spi.c ****   /* Call user error callback */
3058:Drivers/STM32F1xx_HAL_Driver/Src/stm32f1xx_hal_spi.c **** #if (USE_HAL_SPI_REGISTER_CALLBACKS == 1U)
3059:Drivers/STM32F1xx_HAL_Driver/Src/stm32f1xx_hal_spi.c ****   hspi->ErrorCallback(hspi);
3060:Drivers/STM32F1xx_HAL_Driver/Src/stm32f1xx_hal_spi.c **** #else
3061:Drivers/STM32F1xx_HAL_Driver/Src/stm32f1xx_hal_spi.c ****   HAL_SPI_ErrorCallback(hspi);
3062:Drivers/STM32F1xx_HAL_Driver/Src/stm32f1xx_hal_spi.c **** #endif /* USE_HAL_SPI_REGISTER_CALLBACKS */
3063:Drivers/STM32F1xx_HAL_Driver/Src/stm32f1xx_hal_spi.c **** }
3064:Drivers/STM32F1xx_HAL_Driver/Src/stm32f1xx_hal_spi.c **** 
3065:Drivers/STM32F1xx_HAL_Driver/Src/stm32f1xx_hal_spi.c **** /**
3066:Drivers/STM32F1xx_HAL_Driver/Src/stm32f1xx_hal_spi.c ****   * @brief  DMA SPI Tx communication abort callback, when initiated by user
3067:Drivers/STM32F1xx_HAL_Driver/Src/stm32f1xx_hal_spi.c ****   *         (To be called at end of DMA Tx Abort procedure following user abort request).
3068:Drivers/STM32F1xx_HAL_Driver/Src/stm32f1xx_hal_spi.c ****   * @note   When this callback is executed, User Abort complete call back is called only if no
3069:Drivers/STM32F1xx_HAL_Driver/Src/stm32f1xx_hal_spi.c ****   *         Abort still ongoing for Rx DMA Handle.
3070:Drivers/STM32F1xx_HAL_Driver/Src/stm32f1xx_hal_spi.c ****   * @param  hdma DMA handle.
3071:Drivers/STM32F1xx_HAL_Driver/Src/stm32f1xx_hal_spi.c ****   * @retval None
3072:Drivers/STM32F1xx_HAL_Driver/Src/stm32f1xx_hal_spi.c ****   */
3073:Drivers/STM32F1xx_HAL_Driver/Src/stm32f1xx_hal_spi.c **** static void SPI_DMATxAbortCallback(DMA_HandleTypeDef *hdma)
3074:Drivers/STM32F1xx_HAL_Driver/Src/stm32f1xx_hal_spi.c **** {
3075:Drivers/STM32F1xx_HAL_Driver/Src/stm32f1xx_hal_spi.c ****   SPI_HandleTypeDef *hspi = (SPI_HandleTypeDef *)(((DMA_HandleTypeDef *)hdma)->Parent);
3076:Drivers/STM32F1xx_HAL_Driver/Src/stm32f1xx_hal_spi.c ****   __IO uint32_t count;
3077:Drivers/STM32F1xx_HAL_Driver/Src/stm32f1xx_hal_spi.c **** 
3078:Drivers/STM32F1xx_HAL_Driver/Src/stm32f1xx_hal_spi.c ****   hspi->hdmatx->XferAbortCallback = NULL;
3079:Drivers/STM32F1xx_HAL_Driver/Src/stm32f1xx_hal_spi.c ****   count = SPI_DEFAULT_TIMEOUT * (SystemCoreClock / 24U / 1000U);
3080:Drivers/STM32F1xx_HAL_Driver/Src/stm32f1xx_hal_spi.c **** 
3081:Drivers/STM32F1xx_HAL_Driver/Src/stm32f1xx_hal_spi.c ****   /* Disable Tx DMA Request */
3082:Drivers/STM32F1xx_HAL_Driver/Src/stm32f1xx_hal_spi.c ****   CLEAR_BIT(hspi->Instance->CR2, SPI_CR2_TXDMAEN);
3083:Drivers/STM32F1xx_HAL_Driver/Src/stm32f1xx_hal_spi.c **** 
3084:Drivers/STM32F1xx_HAL_Driver/Src/stm32f1xx_hal_spi.c ****   /* Wait until TXE flag is set */
3085:Drivers/STM32F1xx_HAL_Driver/Src/stm32f1xx_hal_spi.c ****   do
3086:Drivers/STM32F1xx_HAL_Driver/Src/stm32f1xx_hal_spi.c ****   {
3087:Drivers/STM32F1xx_HAL_Driver/Src/stm32f1xx_hal_spi.c ****     if (count == 0U)
3088:Drivers/STM32F1xx_HAL_Driver/Src/stm32f1xx_hal_spi.c ****     {
3089:Drivers/STM32F1xx_HAL_Driver/Src/stm32f1xx_hal_spi.c ****       SET_BIT(hspi->ErrorCode, HAL_SPI_ERROR_ABORT);
3090:Drivers/STM32F1xx_HAL_Driver/Src/stm32f1xx_hal_spi.c ****       break;
3091:Drivers/STM32F1xx_HAL_Driver/Src/stm32f1xx_hal_spi.c ****     }
3092:Drivers/STM32F1xx_HAL_Driver/Src/stm32f1xx_hal_spi.c ****     count--;
3093:Drivers/STM32F1xx_HAL_Driver/Src/stm32f1xx_hal_spi.c ****   } while ((hspi->Instance->SR & SPI_FLAG_TXE) == RESET);
3094:Drivers/STM32F1xx_HAL_Driver/Src/stm32f1xx_hal_spi.c **** 
3095:Drivers/STM32F1xx_HAL_Driver/Src/stm32f1xx_hal_spi.c ****   /* Check if an Abort process is still ongoing */
3096:Drivers/STM32F1xx_HAL_Driver/Src/stm32f1xx_hal_spi.c ****   if (hspi->hdmarx != NULL)
3097:Drivers/STM32F1xx_HAL_Driver/Src/stm32f1xx_hal_spi.c ****   {
3098:Drivers/STM32F1xx_HAL_Driver/Src/stm32f1xx_hal_spi.c ****     if (hspi->hdmarx->XferAbortCallback != NULL)
3099:Drivers/STM32F1xx_HAL_Driver/Src/stm32f1xx_hal_spi.c ****     {
3100:Drivers/STM32F1xx_HAL_Driver/Src/stm32f1xx_hal_spi.c ****       return;
3101:Drivers/STM32F1xx_HAL_Driver/Src/stm32f1xx_hal_spi.c ****     }
3102:Drivers/STM32F1xx_HAL_Driver/Src/stm32f1xx_hal_spi.c ****   }
3103:Drivers/STM32F1xx_HAL_Driver/Src/stm32f1xx_hal_spi.c **** 
3104:Drivers/STM32F1xx_HAL_Driver/Src/stm32f1xx_hal_spi.c ****   /* No Abort process still ongoing : All DMA Stream/Channel are aborted, call user Abort Complete 
3105:Drivers/STM32F1xx_HAL_Driver/Src/stm32f1xx_hal_spi.c ****   hspi->RxXferCount = 0U;
3106:Drivers/STM32F1xx_HAL_Driver/Src/stm32f1xx_hal_spi.c ****   hspi->TxXferCount = 0U;
3107:Drivers/STM32F1xx_HAL_Driver/Src/stm32f1xx_hal_spi.c **** 
3108:Drivers/STM32F1xx_HAL_Driver/Src/stm32f1xx_hal_spi.c ****   /* Check no error during Abort procedure */
3109:Drivers/STM32F1xx_HAL_Driver/Src/stm32f1xx_hal_spi.c ****   if (hspi->ErrorCode != HAL_SPI_ERROR_ABORT)
3110:Drivers/STM32F1xx_HAL_Driver/Src/stm32f1xx_hal_spi.c ****   {
ARM GAS  /tmp/cctmCgKp.s 			page 56


3111:Drivers/STM32F1xx_HAL_Driver/Src/stm32f1xx_hal_spi.c ****     /* Reset errorCode */
3112:Drivers/STM32F1xx_HAL_Driver/Src/stm32f1xx_hal_spi.c ****     hspi->ErrorCode = HAL_SPI_ERROR_NONE;
3113:Drivers/STM32F1xx_HAL_Driver/Src/stm32f1xx_hal_spi.c ****   }
3114:Drivers/STM32F1xx_HAL_Driver/Src/stm32f1xx_hal_spi.c **** 
3115:Drivers/STM32F1xx_HAL_Driver/Src/stm32f1xx_hal_spi.c ****   /* Clear the Error flags in the SR register */
3116:Drivers/STM32F1xx_HAL_Driver/Src/stm32f1xx_hal_spi.c ****   __HAL_SPI_CLEAR_OVRFLAG(hspi);
3117:Drivers/STM32F1xx_HAL_Driver/Src/stm32f1xx_hal_spi.c **** 
3118:Drivers/STM32F1xx_HAL_Driver/Src/stm32f1xx_hal_spi.c ****   /* Restore hspi->State to Ready */
3119:Drivers/STM32F1xx_HAL_Driver/Src/stm32f1xx_hal_spi.c ****   hspi->State  = HAL_SPI_STATE_READY;
3120:Drivers/STM32F1xx_HAL_Driver/Src/stm32f1xx_hal_spi.c **** 
3121:Drivers/STM32F1xx_HAL_Driver/Src/stm32f1xx_hal_spi.c ****   /* Call user Abort complete callback */
3122:Drivers/STM32F1xx_HAL_Driver/Src/stm32f1xx_hal_spi.c **** #if (USE_HAL_SPI_REGISTER_CALLBACKS == 1U)
3123:Drivers/STM32F1xx_HAL_Driver/Src/stm32f1xx_hal_spi.c ****   hspi->AbortCpltCallback(hspi);
3124:Drivers/STM32F1xx_HAL_Driver/Src/stm32f1xx_hal_spi.c **** #else
3125:Drivers/STM32F1xx_HAL_Driver/Src/stm32f1xx_hal_spi.c ****   HAL_SPI_AbortCpltCallback(hspi);
3126:Drivers/STM32F1xx_HAL_Driver/Src/stm32f1xx_hal_spi.c **** #endif /* USE_HAL_SPI_REGISTER_CALLBACKS */
3127:Drivers/STM32F1xx_HAL_Driver/Src/stm32f1xx_hal_spi.c **** }
3128:Drivers/STM32F1xx_HAL_Driver/Src/stm32f1xx_hal_spi.c **** 
3129:Drivers/STM32F1xx_HAL_Driver/Src/stm32f1xx_hal_spi.c **** /**
3130:Drivers/STM32F1xx_HAL_Driver/Src/stm32f1xx_hal_spi.c ****   * @brief  DMA SPI Rx communication abort callback, when initiated by user
3131:Drivers/STM32F1xx_HAL_Driver/Src/stm32f1xx_hal_spi.c ****   *         (To be called at end of DMA Rx Abort procedure following user abort request).
3132:Drivers/STM32F1xx_HAL_Driver/Src/stm32f1xx_hal_spi.c ****   * @note   When this callback is executed, User Abort complete call back is called only if no
3133:Drivers/STM32F1xx_HAL_Driver/Src/stm32f1xx_hal_spi.c ****   *         Abort still ongoing for Tx DMA Handle.
3134:Drivers/STM32F1xx_HAL_Driver/Src/stm32f1xx_hal_spi.c ****   * @param  hdma DMA handle.
3135:Drivers/STM32F1xx_HAL_Driver/Src/stm32f1xx_hal_spi.c ****   * @retval None
3136:Drivers/STM32F1xx_HAL_Driver/Src/stm32f1xx_hal_spi.c ****   */
3137:Drivers/STM32F1xx_HAL_Driver/Src/stm32f1xx_hal_spi.c **** static void SPI_DMARxAbortCallback(DMA_HandleTypeDef *hdma)
3138:Drivers/STM32F1xx_HAL_Driver/Src/stm32f1xx_hal_spi.c **** {
3139:Drivers/STM32F1xx_HAL_Driver/Src/stm32f1xx_hal_spi.c ****   SPI_HandleTypeDef *hspi = (SPI_HandleTypeDef *)(((DMA_HandleTypeDef *)hdma)->Parent);
3140:Drivers/STM32F1xx_HAL_Driver/Src/stm32f1xx_hal_spi.c **** 
3141:Drivers/STM32F1xx_HAL_Driver/Src/stm32f1xx_hal_spi.c ****   /* Disable SPI Peripheral */
3142:Drivers/STM32F1xx_HAL_Driver/Src/stm32f1xx_hal_spi.c ****   __HAL_SPI_DISABLE(hspi);
3143:Drivers/STM32F1xx_HAL_Driver/Src/stm32f1xx_hal_spi.c **** 
3144:Drivers/STM32F1xx_HAL_Driver/Src/stm32f1xx_hal_spi.c ****   hspi->hdmarx->XferAbortCallback = NULL;
3145:Drivers/STM32F1xx_HAL_Driver/Src/stm32f1xx_hal_spi.c **** 
3146:Drivers/STM32F1xx_HAL_Driver/Src/stm32f1xx_hal_spi.c ****   /* Disable Rx DMA Request */
3147:Drivers/STM32F1xx_HAL_Driver/Src/stm32f1xx_hal_spi.c ****   CLEAR_BIT(hspi->Instance->CR2, SPI_CR2_RXDMAEN);
3148:Drivers/STM32F1xx_HAL_Driver/Src/stm32f1xx_hal_spi.c **** 
3149:Drivers/STM32F1xx_HAL_Driver/Src/stm32f1xx_hal_spi.c ****   /* Check Busy flag */
3150:Drivers/STM32F1xx_HAL_Driver/Src/stm32f1xx_hal_spi.c ****   if (SPI_EndRxTxTransaction(hspi, SPI_DEFAULT_TIMEOUT, HAL_GetTick()) != HAL_OK)
3151:Drivers/STM32F1xx_HAL_Driver/Src/stm32f1xx_hal_spi.c ****   {
3152:Drivers/STM32F1xx_HAL_Driver/Src/stm32f1xx_hal_spi.c ****     SET_BIT(hspi->ErrorCode, HAL_SPI_ERROR_ABORT);
3153:Drivers/STM32F1xx_HAL_Driver/Src/stm32f1xx_hal_spi.c ****   }
3154:Drivers/STM32F1xx_HAL_Driver/Src/stm32f1xx_hal_spi.c **** 
3155:Drivers/STM32F1xx_HAL_Driver/Src/stm32f1xx_hal_spi.c ****   /* Check if an Abort process is still ongoing */
3156:Drivers/STM32F1xx_HAL_Driver/Src/stm32f1xx_hal_spi.c ****   if (hspi->hdmatx != NULL)
3157:Drivers/STM32F1xx_HAL_Driver/Src/stm32f1xx_hal_spi.c ****   {
3158:Drivers/STM32F1xx_HAL_Driver/Src/stm32f1xx_hal_spi.c ****     if (hspi->hdmatx->XferAbortCallback != NULL)
3159:Drivers/STM32F1xx_HAL_Driver/Src/stm32f1xx_hal_spi.c ****     {
3160:Drivers/STM32F1xx_HAL_Driver/Src/stm32f1xx_hal_spi.c ****       return;
3161:Drivers/STM32F1xx_HAL_Driver/Src/stm32f1xx_hal_spi.c ****     }
3162:Drivers/STM32F1xx_HAL_Driver/Src/stm32f1xx_hal_spi.c ****   }
3163:Drivers/STM32F1xx_HAL_Driver/Src/stm32f1xx_hal_spi.c **** 
3164:Drivers/STM32F1xx_HAL_Driver/Src/stm32f1xx_hal_spi.c ****   /* No Abort process still ongoing : All DMA Stream/Channel are aborted, call user Abort Complete 
3165:Drivers/STM32F1xx_HAL_Driver/Src/stm32f1xx_hal_spi.c ****   hspi->RxXferCount = 0U;
3166:Drivers/STM32F1xx_HAL_Driver/Src/stm32f1xx_hal_spi.c ****   hspi->TxXferCount = 0U;
3167:Drivers/STM32F1xx_HAL_Driver/Src/stm32f1xx_hal_spi.c **** 
ARM GAS  /tmp/cctmCgKp.s 			page 57


3168:Drivers/STM32F1xx_HAL_Driver/Src/stm32f1xx_hal_spi.c ****   /* Check no error during Abort procedure */
3169:Drivers/STM32F1xx_HAL_Driver/Src/stm32f1xx_hal_spi.c ****   if (hspi->ErrorCode != HAL_SPI_ERROR_ABORT)
3170:Drivers/STM32F1xx_HAL_Driver/Src/stm32f1xx_hal_spi.c ****   {
3171:Drivers/STM32F1xx_HAL_Driver/Src/stm32f1xx_hal_spi.c ****     /* Reset errorCode */
3172:Drivers/STM32F1xx_HAL_Driver/Src/stm32f1xx_hal_spi.c ****     hspi->ErrorCode = HAL_SPI_ERROR_NONE;
3173:Drivers/STM32F1xx_HAL_Driver/Src/stm32f1xx_hal_spi.c ****   }
3174:Drivers/STM32F1xx_HAL_Driver/Src/stm32f1xx_hal_spi.c **** 
3175:Drivers/STM32F1xx_HAL_Driver/Src/stm32f1xx_hal_spi.c ****   /* Clear the Error flags in the SR register */
3176:Drivers/STM32F1xx_HAL_Driver/Src/stm32f1xx_hal_spi.c ****   __HAL_SPI_CLEAR_OVRFLAG(hspi);
3177:Drivers/STM32F1xx_HAL_Driver/Src/stm32f1xx_hal_spi.c **** 
3178:Drivers/STM32F1xx_HAL_Driver/Src/stm32f1xx_hal_spi.c ****   /* Restore hspi->State to Ready */
3179:Drivers/STM32F1xx_HAL_Driver/Src/stm32f1xx_hal_spi.c ****   hspi->State  = HAL_SPI_STATE_READY;
3180:Drivers/STM32F1xx_HAL_Driver/Src/stm32f1xx_hal_spi.c **** 
3181:Drivers/STM32F1xx_HAL_Driver/Src/stm32f1xx_hal_spi.c ****   /* Call user Abort complete callback */
3182:Drivers/STM32F1xx_HAL_Driver/Src/stm32f1xx_hal_spi.c **** #if (USE_HAL_SPI_REGISTER_CALLBACKS == 1U)
3183:Drivers/STM32F1xx_HAL_Driver/Src/stm32f1xx_hal_spi.c ****   hspi->AbortCpltCallback(hspi);
3184:Drivers/STM32F1xx_HAL_Driver/Src/stm32f1xx_hal_spi.c **** #else
3185:Drivers/STM32F1xx_HAL_Driver/Src/stm32f1xx_hal_spi.c ****   HAL_SPI_AbortCpltCallback(hspi);
3186:Drivers/STM32F1xx_HAL_Driver/Src/stm32f1xx_hal_spi.c **** #endif /* USE_HAL_SPI_REGISTER_CALLBACKS */
3187:Drivers/STM32F1xx_HAL_Driver/Src/stm32f1xx_hal_spi.c **** }
3188:Drivers/STM32F1xx_HAL_Driver/Src/stm32f1xx_hal_spi.c **** 
3189:Drivers/STM32F1xx_HAL_Driver/Src/stm32f1xx_hal_spi.c **** /**
3190:Drivers/STM32F1xx_HAL_Driver/Src/stm32f1xx_hal_spi.c ****   * @brief  Rx 8-bit handler for Transmit and Receive in Interrupt mode.
3191:Drivers/STM32F1xx_HAL_Driver/Src/stm32f1xx_hal_spi.c ****   * @param  hspi pointer to a SPI_HandleTypeDef structure that contains
3192:Drivers/STM32F1xx_HAL_Driver/Src/stm32f1xx_hal_spi.c ****   *               the configuration information for SPI module.
3193:Drivers/STM32F1xx_HAL_Driver/Src/stm32f1xx_hal_spi.c ****   * @retval None
3194:Drivers/STM32F1xx_HAL_Driver/Src/stm32f1xx_hal_spi.c ****   */
3195:Drivers/STM32F1xx_HAL_Driver/Src/stm32f1xx_hal_spi.c **** static void SPI_2linesRxISR_8BIT(struct __SPI_HandleTypeDef *hspi)
3196:Drivers/STM32F1xx_HAL_Driver/Src/stm32f1xx_hal_spi.c **** {
3197:Drivers/STM32F1xx_HAL_Driver/Src/stm32f1xx_hal_spi.c ****   /* Receive data in 8bit mode */
3198:Drivers/STM32F1xx_HAL_Driver/Src/stm32f1xx_hal_spi.c ****   *hspi->pRxBuffPtr = *((__IO uint8_t *)&hspi->Instance->DR);
3199:Drivers/STM32F1xx_HAL_Driver/Src/stm32f1xx_hal_spi.c ****   hspi->pRxBuffPtr++;
3200:Drivers/STM32F1xx_HAL_Driver/Src/stm32f1xx_hal_spi.c ****   hspi->RxXferCount--;
3201:Drivers/STM32F1xx_HAL_Driver/Src/stm32f1xx_hal_spi.c **** 
3202:Drivers/STM32F1xx_HAL_Driver/Src/stm32f1xx_hal_spi.c ****   /* Check end of the reception */
3203:Drivers/STM32F1xx_HAL_Driver/Src/stm32f1xx_hal_spi.c ****   if (hspi->RxXferCount == 0U)
3204:Drivers/STM32F1xx_HAL_Driver/Src/stm32f1xx_hal_spi.c ****   {
3205:Drivers/STM32F1xx_HAL_Driver/Src/stm32f1xx_hal_spi.c **** #if (USE_SPI_CRC != 0U)
3206:Drivers/STM32F1xx_HAL_Driver/Src/stm32f1xx_hal_spi.c ****     if (hspi->Init.CRCCalculation == SPI_CRCCALCULATION_ENABLE)
3207:Drivers/STM32F1xx_HAL_Driver/Src/stm32f1xx_hal_spi.c ****     {
3208:Drivers/STM32F1xx_HAL_Driver/Src/stm32f1xx_hal_spi.c ****       hspi->RxISR =  SPI_2linesRxISR_8BITCRC;
3209:Drivers/STM32F1xx_HAL_Driver/Src/stm32f1xx_hal_spi.c ****       return;
3210:Drivers/STM32F1xx_HAL_Driver/Src/stm32f1xx_hal_spi.c ****     }
3211:Drivers/STM32F1xx_HAL_Driver/Src/stm32f1xx_hal_spi.c **** #endif /* USE_SPI_CRC */
3212:Drivers/STM32F1xx_HAL_Driver/Src/stm32f1xx_hal_spi.c **** 
3213:Drivers/STM32F1xx_HAL_Driver/Src/stm32f1xx_hal_spi.c ****     /* Disable RXNE  and ERR interrupt */
3214:Drivers/STM32F1xx_HAL_Driver/Src/stm32f1xx_hal_spi.c ****     __HAL_SPI_DISABLE_IT(hspi, (SPI_IT_RXNE | SPI_IT_ERR));
3215:Drivers/STM32F1xx_HAL_Driver/Src/stm32f1xx_hal_spi.c **** 
3216:Drivers/STM32F1xx_HAL_Driver/Src/stm32f1xx_hal_spi.c ****     if (hspi->TxXferCount == 0U)
3217:Drivers/STM32F1xx_HAL_Driver/Src/stm32f1xx_hal_spi.c ****     {
3218:Drivers/STM32F1xx_HAL_Driver/Src/stm32f1xx_hal_spi.c ****       SPI_CloseRxTx_ISR(hspi);
3219:Drivers/STM32F1xx_HAL_Driver/Src/stm32f1xx_hal_spi.c ****     }
3220:Drivers/STM32F1xx_HAL_Driver/Src/stm32f1xx_hal_spi.c ****   }
3221:Drivers/STM32F1xx_HAL_Driver/Src/stm32f1xx_hal_spi.c **** }
3222:Drivers/STM32F1xx_HAL_Driver/Src/stm32f1xx_hal_spi.c **** 
3223:Drivers/STM32F1xx_HAL_Driver/Src/stm32f1xx_hal_spi.c **** #if (USE_SPI_CRC != 0U)
3224:Drivers/STM32F1xx_HAL_Driver/Src/stm32f1xx_hal_spi.c **** /**
ARM GAS  /tmp/cctmCgKp.s 			page 58


3225:Drivers/STM32F1xx_HAL_Driver/Src/stm32f1xx_hal_spi.c ****   * @brief  Rx 8-bit handler for Transmit and Receive in Interrupt mode.
3226:Drivers/STM32F1xx_HAL_Driver/Src/stm32f1xx_hal_spi.c ****   * @param  hspi pointer to a SPI_HandleTypeDef structure that contains
3227:Drivers/STM32F1xx_HAL_Driver/Src/stm32f1xx_hal_spi.c ****   *               the configuration information for SPI module.
3228:Drivers/STM32F1xx_HAL_Driver/Src/stm32f1xx_hal_spi.c ****   * @retval None
3229:Drivers/STM32F1xx_HAL_Driver/Src/stm32f1xx_hal_spi.c ****   */
3230:Drivers/STM32F1xx_HAL_Driver/Src/stm32f1xx_hal_spi.c **** static void SPI_2linesRxISR_8BITCRC(struct __SPI_HandleTypeDef *hspi)
3231:Drivers/STM32F1xx_HAL_Driver/Src/stm32f1xx_hal_spi.c **** {
3232:Drivers/STM32F1xx_HAL_Driver/Src/stm32f1xx_hal_spi.c ****   __IO uint8_t  *ptmpreg8;
3233:Drivers/STM32F1xx_HAL_Driver/Src/stm32f1xx_hal_spi.c ****   __IO uint8_t  tmpreg8 = 0;
3234:Drivers/STM32F1xx_HAL_Driver/Src/stm32f1xx_hal_spi.c **** 
3235:Drivers/STM32F1xx_HAL_Driver/Src/stm32f1xx_hal_spi.c ****   /* Initialize the 8bit temporary pointer */
3236:Drivers/STM32F1xx_HAL_Driver/Src/stm32f1xx_hal_spi.c ****   ptmpreg8 = (__IO uint8_t *)&hspi->Instance->DR;
3237:Drivers/STM32F1xx_HAL_Driver/Src/stm32f1xx_hal_spi.c ****   /* Read 8bit CRC to flush Data Register */
3238:Drivers/STM32F1xx_HAL_Driver/Src/stm32f1xx_hal_spi.c ****   tmpreg8 = *ptmpreg8;
3239:Drivers/STM32F1xx_HAL_Driver/Src/stm32f1xx_hal_spi.c ****   /* To avoid GCC warning */
3240:Drivers/STM32F1xx_HAL_Driver/Src/stm32f1xx_hal_spi.c ****   UNUSED(tmpreg8);
3241:Drivers/STM32F1xx_HAL_Driver/Src/stm32f1xx_hal_spi.c **** 
3242:Drivers/STM32F1xx_HAL_Driver/Src/stm32f1xx_hal_spi.c ****   /* Disable RXNE and ERR interrupt */
3243:Drivers/STM32F1xx_HAL_Driver/Src/stm32f1xx_hal_spi.c ****   __HAL_SPI_DISABLE_IT(hspi, (SPI_IT_RXNE | SPI_IT_ERR));
3244:Drivers/STM32F1xx_HAL_Driver/Src/stm32f1xx_hal_spi.c **** 
3245:Drivers/STM32F1xx_HAL_Driver/Src/stm32f1xx_hal_spi.c ****   if (hspi->TxXferCount == 0U)
3246:Drivers/STM32F1xx_HAL_Driver/Src/stm32f1xx_hal_spi.c ****   {
3247:Drivers/STM32F1xx_HAL_Driver/Src/stm32f1xx_hal_spi.c ****     SPI_CloseRxTx_ISR(hspi);
3248:Drivers/STM32F1xx_HAL_Driver/Src/stm32f1xx_hal_spi.c ****   }
3249:Drivers/STM32F1xx_HAL_Driver/Src/stm32f1xx_hal_spi.c **** }
3250:Drivers/STM32F1xx_HAL_Driver/Src/stm32f1xx_hal_spi.c **** #endif /* USE_SPI_CRC */
3251:Drivers/STM32F1xx_HAL_Driver/Src/stm32f1xx_hal_spi.c **** 
3252:Drivers/STM32F1xx_HAL_Driver/Src/stm32f1xx_hal_spi.c **** /**
3253:Drivers/STM32F1xx_HAL_Driver/Src/stm32f1xx_hal_spi.c ****   * @brief  Tx 8-bit handler for Transmit and Receive in Interrupt mode.
3254:Drivers/STM32F1xx_HAL_Driver/Src/stm32f1xx_hal_spi.c ****   * @param  hspi pointer to a SPI_HandleTypeDef structure that contains
3255:Drivers/STM32F1xx_HAL_Driver/Src/stm32f1xx_hal_spi.c ****   *               the configuration information for SPI module.
3256:Drivers/STM32F1xx_HAL_Driver/Src/stm32f1xx_hal_spi.c ****   * @retval None
3257:Drivers/STM32F1xx_HAL_Driver/Src/stm32f1xx_hal_spi.c ****   */
3258:Drivers/STM32F1xx_HAL_Driver/Src/stm32f1xx_hal_spi.c **** static void SPI_2linesTxISR_8BIT(struct __SPI_HandleTypeDef *hspi)
3259:Drivers/STM32F1xx_HAL_Driver/Src/stm32f1xx_hal_spi.c **** {
3260:Drivers/STM32F1xx_HAL_Driver/Src/stm32f1xx_hal_spi.c ****   *(__IO uint8_t *)&hspi->Instance->DR = *((const uint8_t *)hspi->pTxBuffPtr);
3261:Drivers/STM32F1xx_HAL_Driver/Src/stm32f1xx_hal_spi.c ****   hspi->pTxBuffPtr++;
3262:Drivers/STM32F1xx_HAL_Driver/Src/stm32f1xx_hal_spi.c ****   hspi->TxXferCount--;
3263:Drivers/STM32F1xx_HAL_Driver/Src/stm32f1xx_hal_spi.c **** 
3264:Drivers/STM32F1xx_HAL_Driver/Src/stm32f1xx_hal_spi.c ****   /* Check the end of the transmission */
3265:Drivers/STM32F1xx_HAL_Driver/Src/stm32f1xx_hal_spi.c ****   if (hspi->TxXferCount == 0U)
3266:Drivers/STM32F1xx_HAL_Driver/Src/stm32f1xx_hal_spi.c ****   {
3267:Drivers/STM32F1xx_HAL_Driver/Src/stm32f1xx_hal_spi.c **** #if (USE_SPI_CRC != 0U)
3268:Drivers/STM32F1xx_HAL_Driver/Src/stm32f1xx_hal_spi.c ****     if (hspi->Init.CRCCalculation == SPI_CRCCALCULATION_ENABLE)
3269:Drivers/STM32F1xx_HAL_Driver/Src/stm32f1xx_hal_spi.c ****     {
3270:Drivers/STM32F1xx_HAL_Driver/Src/stm32f1xx_hal_spi.c ****       /* Set CRC Next Bit to send CRC */
3271:Drivers/STM32F1xx_HAL_Driver/Src/stm32f1xx_hal_spi.c ****       SET_BIT(hspi->Instance->CR1, SPI_CR1_CRCNEXT);
3272:Drivers/STM32F1xx_HAL_Driver/Src/stm32f1xx_hal_spi.c ****       /* Disable TXE interrupt */
3273:Drivers/STM32F1xx_HAL_Driver/Src/stm32f1xx_hal_spi.c ****       __HAL_SPI_DISABLE_IT(hspi, SPI_IT_TXE);
3274:Drivers/STM32F1xx_HAL_Driver/Src/stm32f1xx_hal_spi.c ****       return;
3275:Drivers/STM32F1xx_HAL_Driver/Src/stm32f1xx_hal_spi.c ****     }
3276:Drivers/STM32F1xx_HAL_Driver/Src/stm32f1xx_hal_spi.c **** #endif /* USE_SPI_CRC */
3277:Drivers/STM32F1xx_HAL_Driver/Src/stm32f1xx_hal_spi.c **** 
3278:Drivers/STM32F1xx_HAL_Driver/Src/stm32f1xx_hal_spi.c ****     /* Disable TXE interrupt */
3279:Drivers/STM32F1xx_HAL_Driver/Src/stm32f1xx_hal_spi.c ****     __HAL_SPI_DISABLE_IT(hspi, SPI_IT_TXE);
3280:Drivers/STM32F1xx_HAL_Driver/Src/stm32f1xx_hal_spi.c **** 
3281:Drivers/STM32F1xx_HAL_Driver/Src/stm32f1xx_hal_spi.c ****     if (hspi->RxXferCount == 0U)
ARM GAS  /tmp/cctmCgKp.s 			page 59


3282:Drivers/STM32F1xx_HAL_Driver/Src/stm32f1xx_hal_spi.c ****     {
3283:Drivers/STM32F1xx_HAL_Driver/Src/stm32f1xx_hal_spi.c ****       SPI_CloseRxTx_ISR(hspi);
3284:Drivers/STM32F1xx_HAL_Driver/Src/stm32f1xx_hal_spi.c ****     }
3285:Drivers/STM32F1xx_HAL_Driver/Src/stm32f1xx_hal_spi.c ****   }
3286:Drivers/STM32F1xx_HAL_Driver/Src/stm32f1xx_hal_spi.c **** }
3287:Drivers/STM32F1xx_HAL_Driver/Src/stm32f1xx_hal_spi.c **** 
3288:Drivers/STM32F1xx_HAL_Driver/Src/stm32f1xx_hal_spi.c **** /**
3289:Drivers/STM32F1xx_HAL_Driver/Src/stm32f1xx_hal_spi.c ****   * @brief  Rx 16-bit handler for Transmit and Receive in Interrupt mode.
3290:Drivers/STM32F1xx_HAL_Driver/Src/stm32f1xx_hal_spi.c ****   * @param  hspi pointer to a SPI_HandleTypeDef structure that contains
3291:Drivers/STM32F1xx_HAL_Driver/Src/stm32f1xx_hal_spi.c ****   *               the configuration information for SPI module.
3292:Drivers/STM32F1xx_HAL_Driver/Src/stm32f1xx_hal_spi.c ****   * @retval None
3293:Drivers/STM32F1xx_HAL_Driver/Src/stm32f1xx_hal_spi.c ****   */
3294:Drivers/STM32F1xx_HAL_Driver/Src/stm32f1xx_hal_spi.c **** static void SPI_2linesRxISR_16BIT(struct __SPI_HandleTypeDef *hspi)
3295:Drivers/STM32F1xx_HAL_Driver/Src/stm32f1xx_hal_spi.c **** {
3296:Drivers/STM32F1xx_HAL_Driver/Src/stm32f1xx_hal_spi.c ****   /* Receive data in 16 Bit mode */
3297:Drivers/STM32F1xx_HAL_Driver/Src/stm32f1xx_hal_spi.c ****   *((uint16_t *)hspi->pRxBuffPtr) = (uint16_t)(hspi->Instance->DR);
3298:Drivers/STM32F1xx_HAL_Driver/Src/stm32f1xx_hal_spi.c ****   hspi->pRxBuffPtr += sizeof(uint16_t);
3299:Drivers/STM32F1xx_HAL_Driver/Src/stm32f1xx_hal_spi.c ****   hspi->RxXferCount--;
3300:Drivers/STM32F1xx_HAL_Driver/Src/stm32f1xx_hal_spi.c **** 
3301:Drivers/STM32F1xx_HAL_Driver/Src/stm32f1xx_hal_spi.c ****   if (hspi->RxXferCount == 0U)
3302:Drivers/STM32F1xx_HAL_Driver/Src/stm32f1xx_hal_spi.c ****   {
3303:Drivers/STM32F1xx_HAL_Driver/Src/stm32f1xx_hal_spi.c **** #if (USE_SPI_CRC != 0U)
3304:Drivers/STM32F1xx_HAL_Driver/Src/stm32f1xx_hal_spi.c ****     if (hspi->Init.CRCCalculation == SPI_CRCCALCULATION_ENABLE)
3305:Drivers/STM32F1xx_HAL_Driver/Src/stm32f1xx_hal_spi.c ****     {
3306:Drivers/STM32F1xx_HAL_Driver/Src/stm32f1xx_hal_spi.c ****       hspi->RxISR =  SPI_2linesRxISR_16BITCRC;
3307:Drivers/STM32F1xx_HAL_Driver/Src/stm32f1xx_hal_spi.c ****       return;
3308:Drivers/STM32F1xx_HAL_Driver/Src/stm32f1xx_hal_spi.c ****     }
3309:Drivers/STM32F1xx_HAL_Driver/Src/stm32f1xx_hal_spi.c **** #endif /* USE_SPI_CRC */
3310:Drivers/STM32F1xx_HAL_Driver/Src/stm32f1xx_hal_spi.c **** 
3311:Drivers/STM32F1xx_HAL_Driver/Src/stm32f1xx_hal_spi.c ****     /* Disable RXNE interrupt */
3312:Drivers/STM32F1xx_HAL_Driver/Src/stm32f1xx_hal_spi.c ****     __HAL_SPI_DISABLE_IT(hspi, SPI_IT_RXNE);
3313:Drivers/STM32F1xx_HAL_Driver/Src/stm32f1xx_hal_spi.c **** 
3314:Drivers/STM32F1xx_HAL_Driver/Src/stm32f1xx_hal_spi.c ****     if (hspi->TxXferCount == 0U)
3315:Drivers/STM32F1xx_HAL_Driver/Src/stm32f1xx_hal_spi.c ****     {
3316:Drivers/STM32F1xx_HAL_Driver/Src/stm32f1xx_hal_spi.c ****       SPI_CloseRxTx_ISR(hspi);
3317:Drivers/STM32F1xx_HAL_Driver/Src/stm32f1xx_hal_spi.c ****     }
3318:Drivers/STM32F1xx_HAL_Driver/Src/stm32f1xx_hal_spi.c ****   }
3319:Drivers/STM32F1xx_HAL_Driver/Src/stm32f1xx_hal_spi.c **** }
3320:Drivers/STM32F1xx_HAL_Driver/Src/stm32f1xx_hal_spi.c **** 
3321:Drivers/STM32F1xx_HAL_Driver/Src/stm32f1xx_hal_spi.c **** #if (USE_SPI_CRC != 0U)
3322:Drivers/STM32F1xx_HAL_Driver/Src/stm32f1xx_hal_spi.c **** /**
3323:Drivers/STM32F1xx_HAL_Driver/Src/stm32f1xx_hal_spi.c ****   * @brief  Manage the CRC 16-bit receive for Transmit and Receive in Interrupt mode.
3324:Drivers/STM32F1xx_HAL_Driver/Src/stm32f1xx_hal_spi.c ****   * @param  hspi pointer to a SPI_HandleTypeDef structure that contains
3325:Drivers/STM32F1xx_HAL_Driver/Src/stm32f1xx_hal_spi.c ****   *               the configuration information for SPI module.
3326:Drivers/STM32F1xx_HAL_Driver/Src/stm32f1xx_hal_spi.c ****   * @retval None
3327:Drivers/STM32F1xx_HAL_Driver/Src/stm32f1xx_hal_spi.c ****   */
3328:Drivers/STM32F1xx_HAL_Driver/Src/stm32f1xx_hal_spi.c **** static void SPI_2linesRxISR_16BITCRC(struct __SPI_HandleTypeDef *hspi)
3329:Drivers/STM32F1xx_HAL_Driver/Src/stm32f1xx_hal_spi.c **** {
3330:Drivers/STM32F1xx_HAL_Driver/Src/stm32f1xx_hal_spi.c ****   __IO uint32_t tmpreg = 0U;
3331:Drivers/STM32F1xx_HAL_Driver/Src/stm32f1xx_hal_spi.c **** 
3332:Drivers/STM32F1xx_HAL_Driver/Src/stm32f1xx_hal_spi.c ****   /* Read 16bit CRC to flush Data Register */
3333:Drivers/STM32F1xx_HAL_Driver/Src/stm32f1xx_hal_spi.c ****   tmpreg = READ_REG(hspi->Instance->DR);
3334:Drivers/STM32F1xx_HAL_Driver/Src/stm32f1xx_hal_spi.c ****   /* To avoid GCC warning */
3335:Drivers/STM32F1xx_HAL_Driver/Src/stm32f1xx_hal_spi.c ****   UNUSED(tmpreg);
3336:Drivers/STM32F1xx_HAL_Driver/Src/stm32f1xx_hal_spi.c **** 
3337:Drivers/STM32F1xx_HAL_Driver/Src/stm32f1xx_hal_spi.c ****   /* Disable RXNE interrupt */
3338:Drivers/STM32F1xx_HAL_Driver/Src/stm32f1xx_hal_spi.c ****   __HAL_SPI_DISABLE_IT(hspi, SPI_IT_RXNE);
ARM GAS  /tmp/cctmCgKp.s 			page 60


3339:Drivers/STM32F1xx_HAL_Driver/Src/stm32f1xx_hal_spi.c **** 
3340:Drivers/STM32F1xx_HAL_Driver/Src/stm32f1xx_hal_spi.c ****   SPI_CloseRxTx_ISR(hspi);
3341:Drivers/STM32F1xx_HAL_Driver/Src/stm32f1xx_hal_spi.c **** }
3342:Drivers/STM32F1xx_HAL_Driver/Src/stm32f1xx_hal_spi.c **** #endif /* USE_SPI_CRC */
3343:Drivers/STM32F1xx_HAL_Driver/Src/stm32f1xx_hal_spi.c **** 
3344:Drivers/STM32F1xx_HAL_Driver/Src/stm32f1xx_hal_spi.c **** /**
3345:Drivers/STM32F1xx_HAL_Driver/Src/stm32f1xx_hal_spi.c ****   * @brief  Tx 16-bit handler for Transmit and Receive in Interrupt mode.
3346:Drivers/STM32F1xx_HAL_Driver/Src/stm32f1xx_hal_spi.c ****   * @param  hspi pointer to a SPI_HandleTypeDef structure that contains
3347:Drivers/STM32F1xx_HAL_Driver/Src/stm32f1xx_hal_spi.c ****   *               the configuration information for SPI module.
3348:Drivers/STM32F1xx_HAL_Driver/Src/stm32f1xx_hal_spi.c ****   * @retval None
3349:Drivers/STM32F1xx_HAL_Driver/Src/stm32f1xx_hal_spi.c ****   */
3350:Drivers/STM32F1xx_HAL_Driver/Src/stm32f1xx_hal_spi.c **** static void SPI_2linesTxISR_16BIT(struct __SPI_HandleTypeDef *hspi)
3351:Drivers/STM32F1xx_HAL_Driver/Src/stm32f1xx_hal_spi.c **** {
3352:Drivers/STM32F1xx_HAL_Driver/Src/stm32f1xx_hal_spi.c ****   /* Transmit data in 16 Bit mode */
3353:Drivers/STM32F1xx_HAL_Driver/Src/stm32f1xx_hal_spi.c ****   hspi->Instance->DR = *((const uint16_t *)hspi->pTxBuffPtr);
3354:Drivers/STM32F1xx_HAL_Driver/Src/stm32f1xx_hal_spi.c ****   hspi->pTxBuffPtr += sizeof(uint16_t);
3355:Drivers/STM32F1xx_HAL_Driver/Src/stm32f1xx_hal_spi.c ****   hspi->TxXferCount--;
3356:Drivers/STM32F1xx_HAL_Driver/Src/stm32f1xx_hal_spi.c **** 
3357:Drivers/STM32F1xx_HAL_Driver/Src/stm32f1xx_hal_spi.c ****   /* Enable CRC Transmission */
3358:Drivers/STM32F1xx_HAL_Driver/Src/stm32f1xx_hal_spi.c ****   if (hspi->TxXferCount == 0U)
3359:Drivers/STM32F1xx_HAL_Driver/Src/stm32f1xx_hal_spi.c ****   {
3360:Drivers/STM32F1xx_HAL_Driver/Src/stm32f1xx_hal_spi.c **** #if (USE_SPI_CRC != 0U)
3361:Drivers/STM32F1xx_HAL_Driver/Src/stm32f1xx_hal_spi.c ****     if (hspi->Init.CRCCalculation == SPI_CRCCALCULATION_ENABLE)
3362:Drivers/STM32F1xx_HAL_Driver/Src/stm32f1xx_hal_spi.c ****     {
3363:Drivers/STM32F1xx_HAL_Driver/Src/stm32f1xx_hal_spi.c ****       /* Set CRC Next Bit to send CRC */
3364:Drivers/STM32F1xx_HAL_Driver/Src/stm32f1xx_hal_spi.c ****       SET_BIT(hspi->Instance->CR1, SPI_CR1_CRCNEXT);
3365:Drivers/STM32F1xx_HAL_Driver/Src/stm32f1xx_hal_spi.c ****       /* Disable TXE interrupt */
3366:Drivers/STM32F1xx_HAL_Driver/Src/stm32f1xx_hal_spi.c ****       __HAL_SPI_DISABLE_IT(hspi, SPI_IT_TXE);
3367:Drivers/STM32F1xx_HAL_Driver/Src/stm32f1xx_hal_spi.c ****       return;
3368:Drivers/STM32F1xx_HAL_Driver/Src/stm32f1xx_hal_spi.c ****     }
3369:Drivers/STM32F1xx_HAL_Driver/Src/stm32f1xx_hal_spi.c **** #endif /* USE_SPI_CRC */
3370:Drivers/STM32F1xx_HAL_Driver/Src/stm32f1xx_hal_spi.c **** 
3371:Drivers/STM32F1xx_HAL_Driver/Src/stm32f1xx_hal_spi.c ****     /* Disable TXE interrupt */
3372:Drivers/STM32F1xx_HAL_Driver/Src/stm32f1xx_hal_spi.c ****     __HAL_SPI_DISABLE_IT(hspi, SPI_IT_TXE);
3373:Drivers/STM32F1xx_HAL_Driver/Src/stm32f1xx_hal_spi.c **** 
3374:Drivers/STM32F1xx_HAL_Driver/Src/stm32f1xx_hal_spi.c ****     if (hspi->RxXferCount == 0U)
3375:Drivers/STM32F1xx_HAL_Driver/Src/stm32f1xx_hal_spi.c ****     {
3376:Drivers/STM32F1xx_HAL_Driver/Src/stm32f1xx_hal_spi.c ****       SPI_CloseRxTx_ISR(hspi);
3377:Drivers/STM32F1xx_HAL_Driver/Src/stm32f1xx_hal_spi.c ****     }
3378:Drivers/STM32F1xx_HAL_Driver/Src/stm32f1xx_hal_spi.c ****   }
3379:Drivers/STM32F1xx_HAL_Driver/Src/stm32f1xx_hal_spi.c **** }
3380:Drivers/STM32F1xx_HAL_Driver/Src/stm32f1xx_hal_spi.c **** 
3381:Drivers/STM32F1xx_HAL_Driver/Src/stm32f1xx_hal_spi.c **** #if (USE_SPI_CRC != 0U)
3382:Drivers/STM32F1xx_HAL_Driver/Src/stm32f1xx_hal_spi.c **** /**
3383:Drivers/STM32F1xx_HAL_Driver/Src/stm32f1xx_hal_spi.c ****   * @brief  Manage the CRC 8-bit receive in Interrupt context.
3384:Drivers/STM32F1xx_HAL_Driver/Src/stm32f1xx_hal_spi.c ****   * @param  hspi pointer to a SPI_HandleTypeDef structure that contains
3385:Drivers/STM32F1xx_HAL_Driver/Src/stm32f1xx_hal_spi.c ****   *               the configuration information for SPI module.
3386:Drivers/STM32F1xx_HAL_Driver/Src/stm32f1xx_hal_spi.c ****   * @retval None
3387:Drivers/STM32F1xx_HAL_Driver/Src/stm32f1xx_hal_spi.c ****   */
3388:Drivers/STM32F1xx_HAL_Driver/Src/stm32f1xx_hal_spi.c **** static void SPI_RxISR_8BITCRC(struct __SPI_HandleTypeDef *hspi)
3389:Drivers/STM32F1xx_HAL_Driver/Src/stm32f1xx_hal_spi.c **** {
3390:Drivers/STM32F1xx_HAL_Driver/Src/stm32f1xx_hal_spi.c ****   __IO uint8_t  *ptmpreg8;
3391:Drivers/STM32F1xx_HAL_Driver/Src/stm32f1xx_hal_spi.c ****   __IO uint8_t  tmpreg8 = 0;
3392:Drivers/STM32F1xx_HAL_Driver/Src/stm32f1xx_hal_spi.c **** 
3393:Drivers/STM32F1xx_HAL_Driver/Src/stm32f1xx_hal_spi.c ****   /* Initialize the 8bit temporary pointer */
3394:Drivers/STM32F1xx_HAL_Driver/Src/stm32f1xx_hal_spi.c ****   ptmpreg8 = (__IO uint8_t *)&hspi->Instance->DR;
3395:Drivers/STM32F1xx_HAL_Driver/Src/stm32f1xx_hal_spi.c ****   /* Read 8bit CRC to flush Data Register */
ARM GAS  /tmp/cctmCgKp.s 			page 61


3396:Drivers/STM32F1xx_HAL_Driver/Src/stm32f1xx_hal_spi.c ****   tmpreg8 = *ptmpreg8;
3397:Drivers/STM32F1xx_HAL_Driver/Src/stm32f1xx_hal_spi.c ****   /* To avoid GCC warning */
3398:Drivers/STM32F1xx_HAL_Driver/Src/stm32f1xx_hal_spi.c ****   UNUSED(tmpreg8);
3399:Drivers/STM32F1xx_HAL_Driver/Src/stm32f1xx_hal_spi.c **** 
3400:Drivers/STM32F1xx_HAL_Driver/Src/stm32f1xx_hal_spi.c ****   SPI_CloseRx_ISR(hspi);
3401:Drivers/STM32F1xx_HAL_Driver/Src/stm32f1xx_hal_spi.c **** }
3402:Drivers/STM32F1xx_HAL_Driver/Src/stm32f1xx_hal_spi.c **** #endif /* USE_SPI_CRC */
3403:Drivers/STM32F1xx_HAL_Driver/Src/stm32f1xx_hal_spi.c **** 
3404:Drivers/STM32F1xx_HAL_Driver/Src/stm32f1xx_hal_spi.c **** /**
3405:Drivers/STM32F1xx_HAL_Driver/Src/stm32f1xx_hal_spi.c ****   * @brief  Manage the receive 8-bit in Interrupt context.
3406:Drivers/STM32F1xx_HAL_Driver/Src/stm32f1xx_hal_spi.c ****   * @param  hspi pointer to a SPI_HandleTypeDef structure that contains
3407:Drivers/STM32F1xx_HAL_Driver/Src/stm32f1xx_hal_spi.c ****   *               the configuration information for SPI module.
3408:Drivers/STM32F1xx_HAL_Driver/Src/stm32f1xx_hal_spi.c ****   * @retval None
3409:Drivers/STM32F1xx_HAL_Driver/Src/stm32f1xx_hal_spi.c ****   */
3410:Drivers/STM32F1xx_HAL_Driver/Src/stm32f1xx_hal_spi.c **** static void SPI_RxISR_8BIT(struct __SPI_HandleTypeDef *hspi)
3411:Drivers/STM32F1xx_HAL_Driver/Src/stm32f1xx_hal_spi.c **** {
3412:Drivers/STM32F1xx_HAL_Driver/Src/stm32f1xx_hal_spi.c ****   *hspi->pRxBuffPtr = (*(__IO uint8_t *)&hspi->Instance->DR);
3413:Drivers/STM32F1xx_HAL_Driver/Src/stm32f1xx_hal_spi.c ****   hspi->pRxBuffPtr++;
3414:Drivers/STM32F1xx_HAL_Driver/Src/stm32f1xx_hal_spi.c ****   hspi->RxXferCount--;
3415:Drivers/STM32F1xx_HAL_Driver/Src/stm32f1xx_hal_spi.c **** 
3416:Drivers/STM32F1xx_HAL_Driver/Src/stm32f1xx_hal_spi.c **** #if (USE_SPI_CRC != 0U)
3417:Drivers/STM32F1xx_HAL_Driver/Src/stm32f1xx_hal_spi.c ****   /* Enable CRC Transmission */
3418:Drivers/STM32F1xx_HAL_Driver/Src/stm32f1xx_hal_spi.c ****   if ((hspi->RxXferCount == 1U) && (hspi->Init.CRCCalculation == SPI_CRCCALCULATION_ENABLE))
3419:Drivers/STM32F1xx_HAL_Driver/Src/stm32f1xx_hal_spi.c ****   {
3420:Drivers/STM32F1xx_HAL_Driver/Src/stm32f1xx_hal_spi.c ****     SET_BIT(hspi->Instance->CR1, SPI_CR1_CRCNEXT);
3421:Drivers/STM32F1xx_HAL_Driver/Src/stm32f1xx_hal_spi.c ****   }
3422:Drivers/STM32F1xx_HAL_Driver/Src/stm32f1xx_hal_spi.c ****   /* Check if CRCNEXT is well reset by hardware */
3423:Drivers/STM32F1xx_HAL_Driver/Src/stm32f1xx_hal_spi.c ****   if (READ_BIT(hspi->Instance->CR1, SPI_CR1_CRCNEXT))
3424:Drivers/STM32F1xx_HAL_Driver/Src/stm32f1xx_hal_spi.c ****   {
3425:Drivers/STM32F1xx_HAL_Driver/Src/stm32f1xx_hal_spi.c ****     /* Workaround to force CRCNEXT bit to zero in case of CRCNEXT is not reset automatically by har
3426:Drivers/STM32F1xx_HAL_Driver/Src/stm32f1xx_hal_spi.c ****     CLEAR_BIT(hspi->Instance->CR1, SPI_CR1_CRCNEXT);
3427:Drivers/STM32F1xx_HAL_Driver/Src/stm32f1xx_hal_spi.c ****   }
3428:Drivers/STM32F1xx_HAL_Driver/Src/stm32f1xx_hal_spi.c **** 
3429:Drivers/STM32F1xx_HAL_Driver/Src/stm32f1xx_hal_spi.c **** #endif /* USE_SPI_CRC */
3430:Drivers/STM32F1xx_HAL_Driver/Src/stm32f1xx_hal_spi.c **** 
3431:Drivers/STM32F1xx_HAL_Driver/Src/stm32f1xx_hal_spi.c ****   if (hspi->RxXferCount == 0U)
3432:Drivers/STM32F1xx_HAL_Driver/Src/stm32f1xx_hal_spi.c ****   {
3433:Drivers/STM32F1xx_HAL_Driver/Src/stm32f1xx_hal_spi.c **** #if (USE_SPI_CRC != 0U)
3434:Drivers/STM32F1xx_HAL_Driver/Src/stm32f1xx_hal_spi.c ****     if (hspi->Init.CRCCalculation == SPI_CRCCALCULATION_ENABLE)
3435:Drivers/STM32F1xx_HAL_Driver/Src/stm32f1xx_hal_spi.c ****     {
3436:Drivers/STM32F1xx_HAL_Driver/Src/stm32f1xx_hal_spi.c ****       hspi->RxISR =  SPI_RxISR_8BITCRC;
3437:Drivers/STM32F1xx_HAL_Driver/Src/stm32f1xx_hal_spi.c ****       return;
3438:Drivers/STM32F1xx_HAL_Driver/Src/stm32f1xx_hal_spi.c ****     }
3439:Drivers/STM32F1xx_HAL_Driver/Src/stm32f1xx_hal_spi.c **** #endif /* USE_SPI_CRC */
3440:Drivers/STM32F1xx_HAL_Driver/Src/stm32f1xx_hal_spi.c ****     SPI_CloseRx_ISR(hspi);
3441:Drivers/STM32F1xx_HAL_Driver/Src/stm32f1xx_hal_spi.c ****   }
3442:Drivers/STM32F1xx_HAL_Driver/Src/stm32f1xx_hal_spi.c **** }
3443:Drivers/STM32F1xx_HAL_Driver/Src/stm32f1xx_hal_spi.c **** 
3444:Drivers/STM32F1xx_HAL_Driver/Src/stm32f1xx_hal_spi.c **** #if (USE_SPI_CRC != 0U)
3445:Drivers/STM32F1xx_HAL_Driver/Src/stm32f1xx_hal_spi.c **** /**
3446:Drivers/STM32F1xx_HAL_Driver/Src/stm32f1xx_hal_spi.c ****   * @brief  Manage the CRC 16-bit receive in Interrupt context.
3447:Drivers/STM32F1xx_HAL_Driver/Src/stm32f1xx_hal_spi.c ****   * @param  hspi pointer to a SPI_HandleTypeDef structure that contains
3448:Drivers/STM32F1xx_HAL_Driver/Src/stm32f1xx_hal_spi.c ****   *               the configuration information for SPI module.
3449:Drivers/STM32F1xx_HAL_Driver/Src/stm32f1xx_hal_spi.c ****   * @retval None
3450:Drivers/STM32F1xx_HAL_Driver/Src/stm32f1xx_hal_spi.c ****   */
3451:Drivers/STM32F1xx_HAL_Driver/Src/stm32f1xx_hal_spi.c **** static void SPI_RxISR_16BITCRC(struct __SPI_HandleTypeDef *hspi)
3452:Drivers/STM32F1xx_HAL_Driver/Src/stm32f1xx_hal_spi.c **** {
ARM GAS  /tmp/cctmCgKp.s 			page 62


3453:Drivers/STM32F1xx_HAL_Driver/Src/stm32f1xx_hal_spi.c ****   __IO uint32_t tmpreg = 0U;
3454:Drivers/STM32F1xx_HAL_Driver/Src/stm32f1xx_hal_spi.c **** 
3455:Drivers/STM32F1xx_HAL_Driver/Src/stm32f1xx_hal_spi.c ****   /* Read 16bit CRC to flush Data Register */
3456:Drivers/STM32F1xx_HAL_Driver/Src/stm32f1xx_hal_spi.c ****   tmpreg = READ_REG(hspi->Instance->DR);
3457:Drivers/STM32F1xx_HAL_Driver/Src/stm32f1xx_hal_spi.c ****   /* To avoid GCC warning */
3458:Drivers/STM32F1xx_HAL_Driver/Src/stm32f1xx_hal_spi.c ****   UNUSED(tmpreg);
3459:Drivers/STM32F1xx_HAL_Driver/Src/stm32f1xx_hal_spi.c **** 
3460:Drivers/STM32F1xx_HAL_Driver/Src/stm32f1xx_hal_spi.c ****   /* Disable RXNE and ERR interrupt */
3461:Drivers/STM32F1xx_HAL_Driver/Src/stm32f1xx_hal_spi.c ****   __HAL_SPI_DISABLE_IT(hspi, (SPI_IT_RXNE | SPI_IT_ERR));
3462:Drivers/STM32F1xx_HAL_Driver/Src/stm32f1xx_hal_spi.c **** 
3463:Drivers/STM32F1xx_HAL_Driver/Src/stm32f1xx_hal_spi.c ****   SPI_CloseRx_ISR(hspi);
3464:Drivers/STM32F1xx_HAL_Driver/Src/stm32f1xx_hal_spi.c **** }
3465:Drivers/STM32F1xx_HAL_Driver/Src/stm32f1xx_hal_spi.c **** #endif /* USE_SPI_CRC */
3466:Drivers/STM32F1xx_HAL_Driver/Src/stm32f1xx_hal_spi.c **** 
3467:Drivers/STM32F1xx_HAL_Driver/Src/stm32f1xx_hal_spi.c **** /**
3468:Drivers/STM32F1xx_HAL_Driver/Src/stm32f1xx_hal_spi.c ****   * @brief  Manage the 16-bit receive in Interrupt context.
3469:Drivers/STM32F1xx_HAL_Driver/Src/stm32f1xx_hal_spi.c ****   * @param  hspi pointer to a SPI_HandleTypeDef structure that contains
3470:Drivers/STM32F1xx_HAL_Driver/Src/stm32f1xx_hal_spi.c ****   *               the configuration information for SPI module.
3471:Drivers/STM32F1xx_HAL_Driver/Src/stm32f1xx_hal_spi.c ****   * @retval None
3472:Drivers/STM32F1xx_HAL_Driver/Src/stm32f1xx_hal_spi.c ****   */
3473:Drivers/STM32F1xx_HAL_Driver/Src/stm32f1xx_hal_spi.c **** static void SPI_RxISR_16BIT(struct __SPI_HandleTypeDef *hspi)
3474:Drivers/STM32F1xx_HAL_Driver/Src/stm32f1xx_hal_spi.c **** {
3475:Drivers/STM32F1xx_HAL_Driver/Src/stm32f1xx_hal_spi.c ****   *((uint16_t *)hspi->pRxBuffPtr) = (uint16_t)(hspi->Instance->DR);
3476:Drivers/STM32F1xx_HAL_Driver/Src/stm32f1xx_hal_spi.c ****   hspi->pRxBuffPtr += sizeof(uint16_t);
3477:Drivers/STM32F1xx_HAL_Driver/Src/stm32f1xx_hal_spi.c ****   hspi->RxXferCount--;
3478:Drivers/STM32F1xx_HAL_Driver/Src/stm32f1xx_hal_spi.c **** 
3479:Drivers/STM32F1xx_HAL_Driver/Src/stm32f1xx_hal_spi.c **** #if (USE_SPI_CRC != 0U)
3480:Drivers/STM32F1xx_HAL_Driver/Src/stm32f1xx_hal_spi.c ****   /* Enable CRC Transmission */
3481:Drivers/STM32F1xx_HAL_Driver/Src/stm32f1xx_hal_spi.c ****   if ((hspi->RxXferCount == 1U) && (hspi->Init.CRCCalculation == SPI_CRCCALCULATION_ENABLE))
3482:Drivers/STM32F1xx_HAL_Driver/Src/stm32f1xx_hal_spi.c ****   {
3483:Drivers/STM32F1xx_HAL_Driver/Src/stm32f1xx_hal_spi.c ****     SET_BIT(hspi->Instance->CR1, SPI_CR1_CRCNEXT);
3484:Drivers/STM32F1xx_HAL_Driver/Src/stm32f1xx_hal_spi.c ****   }
3485:Drivers/STM32F1xx_HAL_Driver/Src/stm32f1xx_hal_spi.c ****   /* Check if CRCNEXT is well reset by hardware */
3486:Drivers/STM32F1xx_HAL_Driver/Src/stm32f1xx_hal_spi.c ****   if (READ_BIT(hspi->Instance->CR1, SPI_CR1_CRCNEXT))
3487:Drivers/STM32F1xx_HAL_Driver/Src/stm32f1xx_hal_spi.c ****   {
3488:Drivers/STM32F1xx_HAL_Driver/Src/stm32f1xx_hal_spi.c ****     /* Workaround to force CRCNEXT bit to zero in case of CRCNEXT is not reset automatically by har
3489:Drivers/STM32F1xx_HAL_Driver/Src/stm32f1xx_hal_spi.c ****     CLEAR_BIT(hspi->Instance->CR1, SPI_CR1_CRCNEXT);
3490:Drivers/STM32F1xx_HAL_Driver/Src/stm32f1xx_hal_spi.c ****   }
3491:Drivers/STM32F1xx_HAL_Driver/Src/stm32f1xx_hal_spi.c **** 
3492:Drivers/STM32F1xx_HAL_Driver/Src/stm32f1xx_hal_spi.c **** #endif /* USE_SPI_CRC */
3493:Drivers/STM32F1xx_HAL_Driver/Src/stm32f1xx_hal_spi.c **** 
3494:Drivers/STM32F1xx_HAL_Driver/Src/stm32f1xx_hal_spi.c ****   if (hspi->RxXferCount == 0U)
3495:Drivers/STM32F1xx_HAL_Driver/Src/stm32f1xx_hal_spi.c ****   {
3496:Drivers/STM32F1xx_HAL_Driver/Src/stm32f1xx_hal_spi.c **** #if (USE_SPI_CRC != 0U)
3497:Drivers/STM32F1xx_HAL_Driver/Src/stm32f1xx_hal_spi.c ****     if (hspi->Init.CRCCalculation == SPI_CRCCALCULATION_ENABLE)
3498:Drivers/STM32F1xx_HAL_Driver/Src/stm32f1xx_hal_spi.c ****     {
3499:Drivers/STM32F1xx_HAL_Driver/Src/stm32f1xx_hal_spi.c ****       hspi->RxISR = SPI_RxISR_16BITCRC;
3500:Drivers/STM32F1xx_HAL_Driver/Src/stm32f1xx_hal_spi.c ****       return;
3501:Drivers/STM32F1xx_HAL_Driver/Src/stm32f1xx_hal_spi.c ****     }
3502:Drivers/STM32F1xx_HAL_Driver/Src/stm32f1xx_hal_spi.c **** #endif /* USE_SPI_CRC */
3503:Drivers/STM32F1xx_HAL_Driver/Src/stm32f1xx_hal_spi.c ****     SPI_CloseRx_ISR(hspi);
3504:Drivers/STM32F1xx_HAL_Driver/Src/stm32f1xx_hal_spi.c ****   }
3505:Drivers/STM32F1xx_HAL_Driver/Src/stm32f1xx_hal_spi.c **** }
3506:Drivers/STM32F1xx_HAL_Driver/Src/stm32f1xx_hal_spi.c **** 
3507:Drivers/STM32F1xx_HAL_Driver/Src/stm32f1xx_hal_spi.c **** /**
3508:Drivers/STM32F1xx_HAL_Driver/Src/stm32f1xx_hal_spi.c ****   * @brief  Handle the data 8-bit transmit in Interrupt mode.
3509:Drivers/STM32F1xx_HAL_Driver/Src/stm32f1xx_hal_spi.c ****   * @param  hspi pointer to a SPI_HandleTypeDef structure that contains
ARM GAS  /tmp/cctmCgKp.s 			page 63


3510:Drivers/STM32F1xx_HAL_Driver/Src/stm32f1xx_hal_spi.c ****   *               the configuration information for SPI module.
3511:Drivers/STM32F1xx_HAL_Driver/Src/stm32f1xx_hal_spi.c ****   * @retval None
3512:Drivers/STM32F1xx_HAL_Driver/Src/stm32f1xx_hal_spi.c ****   */
3513:Drivers/STM32F1xx_HAL_Driver/Src/stm32f1xx_hal_spi.c **** static void SPI_TxISR_8BIT(struct __SPI_HandleTypeDef *hspi)
3514:Drivers/STM32F1xx_HAL_Driver/Src/stm32f1xx_hal_spi.c **** {
3515:Drivers/STM32F1xx_HAL_Driver/Src/stm32f1xx_hal_spi.c ****   *(__IO uint8_t *)&hspi->Instance->DR = *((const uint8_t *)hspi->pTxBuffPtr);
3516:Drivers/STM32F1xx_HAL_Driver/Src/stm32f1xx_hal_spi.c ****   hspi->pTxBuffPtr++;
3517:Drivers/STM32F1xx_HAL_Driver/Src/stm32f1xx_hal_spi.c ****   hspi->TxXferCount--;
3518:Drivers/STM32F1xx_HAL_Driver/Src/stm32f1xx_hal_spi.c **** 
3519:Drivers/STM32F1xx_HAL_Driver/Src/stm32f1xx_hal_spi.c ****   if (hspi->TxXferCount == 0U)
3520:Drivers/STM32F1xx_HAL_Driver/Src/stm32f1xx_hal_spi.c ****   {
3521:Drivers/STM32F1xx_HAL_Driver/Src/stm32f1xx_hal_spi.c **** #if (USE_SPI_CRC != 0U)
3522:Drivers/STM32F1xx_HAL_Driver/Src/stm32f1xx_hal_spi.c ****     if (hspi->Init.CRCCalculation == SPI_CRCCALCULATION_ENABLE)
3523:Drivers/STM32F1xx_HAL_Driver/Src/stm32f1xx_hal_spi.c ****     {
3524:Drivers/STM32F1xx_HAL_Driver/Src/stm32f1xx_hal_spi.c ****       /* Enable CRC Transmission */
3525:Drivers/STM32F1xx_HAL_Driver/Src/stm32f1xx_hal_spi.c ****       SET_BIT(hspi->Instance->CR1, SPI_CR1_CRCNEXT);
3526:Drivers/STM32F1xx_HAL_Driver/Src/stm32f1xx_hal_spi.c ****     }
3527:Drivers/STM32F1xx_HAL_Driver/Src/stm32f1xx_hal_spi.c **** #endif /* USE_SPI_CRC */
3528:Drivers/STM32F1xx_HAL_Driver/Src/stm32f1xx_hal_spi.c ****     SPI_CloseTx_ISR(hspi);
3529:Drivers/STM32F1xx_HAL_Driver/Src/stm32f1xx_hal_spi.c ****   }
3530:Drivers/STM32F1xx_HAL_Driver/Src/stm32f1xx_hal_spi.c **** }
3531:Drivers/STM32F1xx_HAL_Driver/Src/stm32f1xx_hal_spi.c **** 
3532:Drivers/STM32F1xx_HAL_Driver/Src/stm32f1xx_hal_spi.c **** /**
3533:Drivers/STM32F1xx_HAL_Driver/Src/stm32f1xx_hal_spi.c ****   * @brief  Handle the data 16-bit transmit in Interrupt mode.
3534:Drivers/STM32F1xx_HAL_Driver/Src/stm32f1xx_hal_spi.c ****   * @param  hspi pointer to a SPI_HandleTypeDef structure that contains
3535:Drivers/STM32F1xx_HAL_Driver/Src/stm32f1xx_hal_spi.c ****   *               the configuration information for SPI module.
3536:Drivers/STM32F1xx_HAL_Driver/Src/stm32f1xx_hal_spi.c ****   * @retval None
3537:Drivers/STM32F1xx_HAL_Driver/Src/stm32f1xx_hal_spi.c ****   */
3538:Drivers/STM32F1xx_HAL_Driver/Src/stm32f1xx_hal_spi.c **** static void SPI_TxISR_16BIT(struct __SPI_HandleTypeDef *hspi)
3539:Drivers/STM32F1xx_HAL_Driver/Src/stm32f1xx_hal_spi.c **** {
3540:Drivers/STM32F1xx_HAL_Driver/Src/stm32f1xx_hal_spi.c ****   /* Transmit data in 16 Bit mode */
3541:Drivers/STM32F1xx_HAL_Driver/Src/stm32f1xx_hal_spi.c ****   hspi->Instance->DR = *((const uint16_t *)hspi->pTxBuffPtr);
3542:Drivers/STM32F1xx_HAL_Driver/Src/stm32f1xx_hal_spi.c ****   hspi->pTxBuffPtr += sizeof(uint16_t);
3543:Drivers/STM32F1xx_HAL_Driver/Src/stm32f1xx_hal_spi.c ****   hspi->TxXferCount--;
3544:Drivers/STM32F1xx_HAL_Driver/Src/stm32f1xx_hal_spi.c **** 
3545:Drivers/STM32F1xx_HAL_Driver/Src/stm32f1xx_hal_spi.c ****   if (hspi->TxXferCount == 0U)
3546:Drivers/STM32F1xx_HAL_Driver/Src/stm32f1xx_hal_spi.c ****   {
3547:Drivers/STM32F1xx_HAL_Driver/Src/stm32f1xx_hal_spi.c **** #if (USE_SPI_CRC != 0U)
3548:Drivers/STM32F1xx_HAL_Driver/Src/stm32f1xx_hal_spi.c ****     if (hspi->Init.CRCCalculation == SPI_CRCCALCULATION_ENABLE)
3549:Drivers/STM32F1xx_HAL_Driver/Src/stm32f1xx_hal_spi.c ****     {
3550:Drivers/STM32F1xx_HAL_Driver/Src/stm32f1xx_hal_spi.c ****       /* Enable CRC Transmission */
3551:Drivers/STM32F1xx_HAL_Driver/Src/stm32f1xx_hal_spi.c ****       SET_BIT(hspi->Instance->CR1, SPI_CR1_CRCNEXT);
3552:Drivers/STM32F1xx_HAL_Driver/Src/stm32f1xx_hal_spi.c ****     }
3553:Drivers/STM32F1xx_HAL_Driver/Src/stm32f1xx_hal_spi.c **** #endif /* USE_SPI_CRC */
3554:Drivers/STM32F1xx_HAL_Driver/Src/stm32f1xx_hal_spi.c ****     SPI_CloseTx_ISR(hspi);
3555:Drivers/STM32F1xx_HAL_Driver/Src/stm32f1xx_hal_spi.c ****   }
3556:Drivers/STM32F1xx_HAL_Driver/Src/stm32f1xx_hal_spi.c **** }
3557:Drivers/STM32F1xx_HAL_Driver/Src/stm32f1xx_hal_spi.c **** 
3558:Drivers/STM32F1xx_HAL_Driver/Src/stm32f1xx_hal_spi.c **** /**
3559:Drivers/STM32F1xx_HAL_Driver/Src/stm32f1xx_hal_spi.c ****   * @brief  Handle SPI Communication Timeout.
3560:Drivers/STM32F1xx_HAL_Driver/Src/stm32f1xx_hal_spi.c ****   * @param  hspi pointer to a SPI_HandleTypeDef structure that contains
3561:Drivers/STM32F1xx_HAL_Driver/Src/stm32f1xx_hal_spi.c ****   *              the configuration information for SPI module.
3562:Drivers/STM32F1xx_HAL_Driver/Src/stm32f1xx_hal_spi.c ****   * @param  Flag SPI flag to check
3563:Drivers/STM32F1xx_HAL_Driver/Src/stm32f1xx_hal_spi.c ****   * @param  State flag state to check
3564:Drivers/STM32F1xx_HAL_Driver/Src/stm32f1xx_hal_spi.c ****   * @param  Timeout Timeout duration
3565:Drivers/STM32F1xx_HAL_Driver/Src/stm32f1xx_hal_spi.c ****   * @param  Tickstart tick start value
3566:Drivers/STM32F1xx_HAL_Driver/Src/stm32f1xx_hal_spi.c ****   * @retval HAL status
ARM GAS  /tmp/cctmCgKp.s 			page 64


3567:Drivers/STM32F1xx_HAL_Driver/Src/stm32f1xx_hal_spi.c ****   */
3568:Drivers/STM32F1xx_HAL_Driver/Src/stm32f1xx_hal_spi.c **** static HAL_StatusTypeDef SPI_WaitFlagStateUntilTimeout(SPI_HandleTypeDef *hspi, uint32_t Flag, Flag
3569:Drivers/STM32F1xx_HAL_Driver/Src/stm32f1xx_hal_spi.c ****                                                        uint32_t Timeout, uint32_t Tickstart)
3570:Drivers/STM32F1xx_HAL_Driver/Src/stm32f1xx_hal_spi.c **** {
3571:Drivers/STM32F1xx_HAL_Driver/Src/stm32f1xx_hal_spi.c ****   __IO uint32_t count;
3572:Drivers/STM32F1xx_HAL_Driver/Src/stm32f1xx_hal_spi.c ****   uint32_t tmp_timeout;
3573:Drivers/STM32F1xx_HAL_Driver/Src/stm32f1xx_hal_spi.c ****   uint32_t tmp_tickstart;
3574:Drivers/STM32F1xx_HAL_Driver/Src/stm32f1xx_hal_spi.c **** 
3575:Drivers/STM32F1xx_HAL_Driver/Src/stm32f1xx_hal_spi.c ****   /* Adjust Timeout value  in case of end of transfer */
3576:Drivers/STM32F1xx_HAL_Driver/Src/stm32f1xx_hal_spi.c ****   tmp_timeout   = Timeout - (HAL_GetTick() - Tickstart);
3577:Drivers/STM32F1xx_HAL_Driver/Src/stm32f1xx_hal_spi.c ****   tmp_tickstart = HAL_GetTick();
3578:Drivers/STM32F1xx_HAL_Driver/Src/stm32f1xx_hal_spi.c **** 
3579:Drivers/STM32F1xx_HAL_Driver/Src/stm32f1xx_hal_spi.c ****   /* Calculate Timeout based on a software loop to avoid blocking issue if Systick is disabled */
3580:Drivers/STM32F1xx_HAL_Driver/Src/stm32f1xx_hal_spi.c ****   count = tmp_timeout * ((SystemCoreClock * 32U) >> 20U);
3581:Drivers/STM32F1xx_HAL_Driver/Src/stm32f1xx_hal_spi.c **** 
3582:Drivers/STM32F1xx_HAL_Driver/Src/stm32f1xx_hal_spi.c ****   while ((__HAL_SPI_GET_FLAG(hspi, Flag) ? SET : RESET) != State)
3583:Drivers/STM32F1xx_HAL_Driver/Src/stm32f1xx_hal_spi.c ****   {
3584:Drivers/STM32F1xx_HAL_Driver/Src/stm32f1xx_hal_spi.c ****     if (Timeout != HAL_MAX_DELAY)
3585:Drivers/STM32F1xx_HAL_Driver/Src/stm32f1xx_hal_spi.c ****     {
3586:Drivers/STM32F1xx_HAL_Driver/Src/stm32f1xx_hal_spi.c ****       if (((HAL_GetTick() - tmp_tickstart) >= tmp_timeout) || (tmp_timeout == 0U))
3587:Drivers/STM32F1xx_HAL_Driver/Src/stm32f1xx_hal_spi.c ****       {
3588:Drivers/STM32F1xx_HAL_Driver/Src/stm32f1xx_hal_spi.c ****         /* Disable the SPI and reset the CRC: the CRC value should be cleared
3589:Drivers/STM32F1xx_HAL_Driver/Src/stm32f1xx_hal_spi.c ****            on both master and slave sides in order to resynchronize the master
3590:Drivers/STM32F1xx_HAL_Driver/Src/stm32f1xx_hal_spi.c ****            and slave for their respective CRC calculation */
3591:Drivers/STM32F1xx_HAL_Driver/Src/stm32f1xx_hal_spi.c **** 
3592:Drivers/STM32F1xx_HAL_Driver/Src/stm32f1xx_hal_spi.c ****         /* Disable TXE, RXNE and ERR interrupts for the interrupt process */
3593:Drivers/STM32F1xx_HAL_Driver/Src/stm32f1xx_hal_spi.c ****         __HAL_SPI_DISABLE_IT(hspi, (SPI_IT_TXE | SPI_IT_RXNE | SPI_IT_ERR));
3594:Drivers/STM32F1xx_HAL_Driver/Src/stm32f1xx_hal_spi.c **** 
3595:Drivers/STM32F1xx_HAL_Driver/Src/stm32f1xx_hal_spi.c ****         if ((hspi->Init.Mode == SPI_MODE_MASTER) && ((hspi->Init.Direction == SPI_DIRECTION_1LINE)
3596:Drivers/STM32F1xx_HAL_Driver/Src/stm32f1xx_hal_spi.c ****                                                      || (hspi->Init.Direction == SPI_DIRECTION_2LIN
3597:Drivers/STM32F1xx_HAL_Driver/Src/stm32f1xx_hal_spi.c ****         {
3598:Drivers/STM32F1xx_HAL_Driver/Src/stm32f1xx_hal_spi.c ****           /* Disable SPI peripheral */
3599:Drivers/STM32F1xx_HAL_Driver/Src/stm32f1xx_hal_spi.c ****           __HAL_SPI_DISABLE(hspi);
3600:Drivers/STM32F1xx_HAL_Driver/Src/stm32f1xx_hal_spi.c ****         }
3601:Drivers/STM32F1xx_HAL_Driver/Src/stm32f1xx_hal_spi.c **** 
3602:Drivers/STM32F1xx_HAL_Driver/Src/stm32f1xx_hal_spi.c ****         /* Reset CRC Calculation */
3603:Drivers/STM32F1xx_HAL_Driver/Src/stm32f1xx_hal_spi.c ****         if (hspi->Init.CRCCalculation == SPI_CRCCALCULATION_ENABLE)
3604:Drivers/STM32F1xx_HAL_Driver/Src/stm32f1xx_hal_spi.c ****         {
3605:Drivers/STM32F1xx_HAL_Driver/Src/stm32f1xx_hal_spi.c ****           SPI_RESET_CRC(hspi);
3606:Drivers/STM32F1xx_HAL_Driver/Src/stm32f1xx_hal_spi.c ****         }
3607:Drivers/STM32F1xx_HAL_Driver/Src/stm32f1xx_hal_spi.c **** 
3608:Drivers/STM32F1xx_HAL_Driver/Src/stm32f1xx_hal_spi.c ****         hspi->State = HAL_SPI_STATE_READY;
3609:Drivers/STM32F1xx_HAL_Driver/Src/stm32f1xx_hal_spi.c **** 
3610:Drivers/STM32F1xx_HAL_Driver/Src/stm32f1xx_hal_spi.c ****         /* Process Unlocked */
3611:Drivers/STM32F1xx_HAL_Driver/Src/stm32f1xx_hal_spi.c ****         __HAL_UNLOCK(hspi);
3612:Drivers/STM32F1xx_HAL_Driver/Src/stm32f1xx_hal_spi.c **** 
3613:Drivers/STM32F1xx_HAL_Driver/Src/stm32f1xx_hal_spi.c ****         return HAL_TIMEOUT;
3614:Drivers/STM32F1xx_HAL_Driver/Src/stm32f1xx_hal_spi.c ****       }
3615:Drivers/STM32F1xx_HAL_Driver/Src/stm32f1xx_hal_spi.c ****       /* If Systick is disabled or not incremented, deactivate timeout to go in disable loop proced
3616:Drivers/STM32F1xx_HAL_Driver/Src/stm32f1xx_hal_spi.c ****       if (count == 0U)
3617:Drivers/STM32F1xx_HAL_Driver/Src/stm32f1xx_hal_spi.c ****       {
3618:Drivers/STM32F1xx_HAL_Driver/Src/stm32f1xx_hal_spi.c ****         tmp_timeout = 0U;
3619:Drivers/STM32F1xx_HAL_Driver/Src/stm32f1xx_hal_spi.c ****       }
3620:Drivers/STM32F1xx_HAL_Driver/Src/stm32f1xx_hal_spi.c ****       count--;
3621:Drivers/STM32F1xx_HAL_Driver/Src/stm32f1xx_hal_spi.c ****     }
3622:Drivers/STM32F1xx_HAL_Driver/Src/stm32f1xx_hal_spi.c ****   }
3623:Drivers/STM32F1xx_HAL_Driver/Src/stm32f1xx_hal_spi.c **** 
ARM GAS  /tmp/cctmCgKp.s 			page 65


3624:Drivers/STM32F1xx_HAL_Driver/Src/stm32f1xx_hal_spi.c ****   return HAL_OK;
3625:Drivers/STM32F1xx_HAL_Driver/Src/stm32f1xx_hal_spi.c **** }
3626:Drivers/STM32F1xx_HAL_Driver/Src/stm32f1xx_hal_spi.c **** 
3627:Drivers/STM32F1xx_HAL_Driver/Src/stm32f1xx_hal_spi.c **** /**
3628:Drivers/STM32F1xx_HAL_Driver/Src/stm32f1xx_hal_spi.c ****   * @brief  Handle the check of the RX transaction complete.
3629:Drivers/STM32F1xx_HAL_Driver/Src/stm32f1xx_hal_spi.c ****   * @param  hspi pointer to a SPI_HandleTypeDef structure that contains
3630:Drivers/STM32F1xx_HAL_Driver/Src/stm32f1xx_hal_spi.c ****   *               the configuration information for SPI module.
3631:Drivers/STM32F1xx_HAL_Driver/Src/stm32f1xx_hal_spi.c ****   * @param  Timeout Timeout duration
3632:Drivers/STM32F1xx_HAL_Driver/Src/stm32f1xx_hal_spi.c ****   * @param  Tickstart tick start value
3633:Drivers/STM32F1xx_HAL_Driver/Src/stm32f1xx_hal_spi.c ****   * @retval HAL status
3634:Drivers/STM32F1xx_HAL_Driver/Src/stm32f1xx_hal_spi.c ****   */
3635:Drivers/STM32F1xx_HAL_Driver/Src/stm32f1xx_hal_spi.c **** static HAL_StatusTypeDef SPI_EndRxTransaction(SPI_HandleTypeDef *hspi,  uint32_t Timeout, uint32_t 
3636:Drivers/STM32F1xx_HAL_Driver/Src/stm32f1xx_hal_spi.c **** {
3637:Drivers/STM32F1xx_HAL_Driver/Src/stm32f1xx_hal_spi.c ****   if ((hspi->Init.Mode == SPI_MODE_MASTER) && ((hspi->Init.Direction == SPI_DIRECTION_1LINE)
3638:Drivers/STM32F1xx_HAL_Driver/Src/stm32f1xx_hal_spi.c ****                                                || (hspi->Init.Direction == SPI_DIRECTION_2LINES_RXO
3639:Drivers/STM32F1xx_HAL_Driver/Src/stm32f1xx_hal_spi.c ****   {
3640:Drivers/STM32F1xx_HAL_Driver/Src/stm32f1xx_hal_spi.c ****     /* Disable SPI peripheral */
3641:Drivers/STM32F1xx_HAL_Driver/Src/stm32f1xx_hal_spi.c ****     __HAL_SPI_DISABLE(hspi);
3642:Drivers/STM32F1xx_HAL_Driver/Src/stm32f1xx_hal_spi.c ****   }
3643:Drivers/STM32F1xx_HAL_Driver/Src/stm32f1xx_hal_spi.c **** 
3644:Drivers/STM32F1xx_HAL_Driver/Src/stm32f1xx_hal_spi.c ****   if ((hspi->Init.Mode == SPI_MODE_MASTER) && (hspi->Init.Direction == SPI_DIRECTION_2LINES_RXONLY)
3645:Drivers/STM32F1xx_HAL_Driver/Src/stm32f1xx_hal_spi.c ****   {
3646:Drivers/STM32F1xx_HAL_Driver/Src/stm32f1xx_hal_spi.c ****     /* Wait the RXNE reset */
3647:Drivers/STM32F1xx_HAL_Driver/Src/stm32f1xx_hal_spi.c ****     if (SPI_WaitFlagStateUntilTimeout(hspi, SPI_FLAG_RXNE, RESET, Timeout, Tickstart) != HAL_OK)
3648:Drivers/STM32F1xx_HAL_Driver/Src/stm32f1xx_hal_spi.c ****     {
3649:Drivers/STM32F1xx_HAL_Driver/Src/stm32f1xx_hal_spi.c ****       SET_BIT(hspi->ErrorCode, HAL_SPI_ERROR_FLAG);
3650:Drivers/STM32F1xx_HAL_Driver/Src/stm32f1xx_hal_spi.c ****       return HAL_TIMEOUT;
3651:Drivers/STM32F1xx_HAL_Driver/Src/stm32f1xx_hal_spi.c ****     }
3652:Drivers/STM32F1xx_HAL_Driver/Src/stm32f1xx_hal_spi.c ****   }
3653:Drivers/STM32F1xx_HAL_Driver/Src/stm32f1xx_hal_spi.c ****   else
3654:Drivers/STM32F1xx_HAL_Driver/Src/stm32f1xx_hal_spi.c ****   {
3655:Drivers/STM32F1xx_HAL_Driver/Src/stm32f1xx_hal_spi.c ****     /* Control the BSY flag */
3656:Drivers/STM32F1xx_HAL_Driver/Src/stm32f1xx_hal_spi.c ****     if (SPI_WaitFlagStateUntilTimeout(hspi, SPI_FLAG_BSY, RESET, Timeout, Tickstart) != HAL_OK)
3657:Drivers/STM32F1xx_HAL_Driver/Src/stm32f1xx_hal_spi.c ****     {
3658:Drivers/STM32F1xx_HAL_Driver/Src/stm32f1xx_hal_spi.c ****       SET_BIT(hspi->ErrorCode, HAL_SPI_ERROR_FLAG);
3659:Drivers/STM32F1xx_HAL_Driver/Src/stm32f1xx_hal_spi.c ****       return HAL_TIMEOUT;
3660:Drivers/STM32F1xx_HAL_Driver/Src/stm32f1xx_hal_spi.c ****     }
3661:Drivers/STM32F1xx_HAL_Driver/Src/stm32f1xx_hal_spi.c ****   }
3662:Drivers/STM32F1xx_HAL_Driver/Src/stm32f1xx_hal_spi.c ****   return HAL_OK;
3663:Drivers/STM32F1xx_HAL_Driver/Src/stm32f1xx_hal_spi.c **** }
3664:Drivers/STM32F1xx_HAL_Driver/Src/stm32f1xx_hal_spi.c **** 
3665:Drivers/STM32F1xx_HAL_Driver/Src/stm32f1xx_hal_spi.c **** /**
3666:Drivers/STM32F1xx_HAL_Driver/Src/stm32f1xx_hal_spi.c ****   * @brief  Handle the check of the RXTX or TX transaction complete.
3667:Drivers/STM32F1xx_HAL_Driver/Src/stm32f1xx_hal_spi.c ****   * @param  hspi SPI handle
3668:Drivers/STM32F1xx_HAL_Driver/Src/stm32f1xx_hal_spi.c ****   * @param  Timeout Timeout duration
3669:Drivers/STM32F1xx_HAL_Driver/Src/stm32f1xx_hal_spi.c ****   * @param  Tickstart tick start value
3670:Drivers/STM32F1xx_HAL_Driver/Src/stm32f1xx_hal_spi.c ****   * @retval HAL status
3671:Drivers/STM32F1xx_HAL_Driver/Src/stm32f1xx_hal_spi.c ****   */
3672:Drivers/STM32F1xx_HAL_Driver/Src/stm32f1xx_hal_spi.c **** static HAL_StatusTypeDef SPI_EndRxTxTransaction(SPI_HandleTypeDef *hspi, uint32_t Timeout, uint32_t
3673:Drivers/STM32F1xx_HAL_Driver/Src/stm32f1xx_hal_spi.c **** {
3674:Drivers/STM32F1xx_HAL_Driver/Src/stm32f1xx_hal_spi.c ****   /* Wait until TXE flag */
3675:Drivers/STM32F1xx_HAL_Driver/Src/stm32f1xx_hal_spi.c ****   if (SPI_WaitFlagStateUntilTimeout(hspi, SPI_FLAG_TXE, SET, Timeout, Tickstart) != HAL_OK)
3676:Drivers/STM32F1xx_HAL_Driver/Src/stm32f1xx_hal_spi.c ****   {
3677:Drivers/STM32F1xx_HAL_Driver/Src/stm32f1xx_hal_spi.c ****     SET_BIT(hspi->ErrorCode, HAL_SPI_ERROR_FLAG);
3678:Drivers/STM32F1xx_HAL_Driver/Src/stm32f1xx_hal_spi.c ****     return HAL_TIMEOUT;
3679:Drivers/STM32F1xx_HAL_Driver/Src/stm32f1xx_hal_spi.c ****   }
3680:Drivers/STM32F1xx_HAL_Driver/Src/stm32f1xx_hal_spi.c **** 
ARM GAS  /tmp/cctmCgKp.s 			page 66


3681:Drivers/STM32F1xx_HAL_Driver/Src/stm32f1xx_hal_spi.c ****   /* Control the BSY flag */
3682:Drivers/STM32F1xx_HAL_Driver/Src/stm32f1xx_hal_spi.c ****   if (SPI_WaitFlagStateUntilTimeout(hspi, SPI_FLAG_BSY, RESET, Timeout, Tickstart) != HAL_OK)
3683:Drivers/STM32F1xx_HAL_Driver/Src/stm32f1xx_hal_spi.c ****   {
3684:Drivers/STM32F1xx_HAL_Driver/Src/stm32f1xx_hal_spi.c ****     SET_BIT(hspi->ErrorCode, HAL_SPI_ERROR_FLAG);
3685:Drivers/STM32F1xx_HAL_Driver/Src/stm32f1xx_hal_spi.c ****     return HAL_TIMEOUT;
3686:Drivers/STM32F1xx_HAL_Driver/Src/stm32f1xx_hal_spi.c ****   }
3687:Drivers/STM32F1xx_HAL_Driver/Src/stm32f1xx_hal_spi.c ****   return HAL_OK;
3688:Drivers/STM32F1xx_HAL_Driver/Src/stm32f1xx_hal_spi.c **** }
3689:Drivers/STM32F1xx_HAL_Driver/Src/stm32f1xx_hal_spi.c **** 
3690:Drivers/STM32F1xx_HAL_Driver/Src/stm32f1xx_hal_spi.c **** /**
3691:Drivers/STM32F1xx_HAL_Driver/Src/stm32f1xx_hal_spi.c ****   * @brief  Handle the end of the RXTX transaction.
3692:Drivers/STM32F1xx_HAL_Driver/Src/stm32f1xx_hal_spi.c ****   * @param  hspi pointer to a SPI_HandleTypeDef structure that contains
3693:Drivers/STM32F1xx_HAL_Driver/Src/stm32f1xx_hal_spi.c ****   *               the configuration information for SPI module.
3694:Drivers/STM32F1xx_HAL_Driver/Src/stm32f1xx_hal_spi.c ****   * @retval None
3695:Drivers/STM32F1xx_HAL_Driver/Src/stm32f1xx_hal_spi.c ****   */
3696:Drivers/STM32F1xx_HAL_Driver/Src/stm32f1xx_hal_spi.c **** static void SPI_CloseRxTx_ISR(SPI_HandleTypeDef *hspi)
3697:Drivers/STM32F1xx_HAL_Driver/Src/stm32f1xx_hal_spi.c **** {
3698:Drivers/STM32F1xx_HAL_Driver/Src/stm32f1xx_hal_spi.c ****   uint32_t tickstart;
3699:Drivers/STM32F1xx_HAL_Driver/Src/stm32f1xx_hal_spi.c ****   __IO uint32_t count = SPI_DEFAULT_TIMEOUT * (SystemCoreClock / 24U / 1000U);
3700:Drivers/STM32F1xx_HAL_Driver/Src/stm32f1xx_hal_spi.c **** 
3701:Drivers/STM32F1xx_HAL_Driver/Src/stm32f1xx_hal_spi.c ****   /* Init tickstart for timeout management */
3702:Drivers/STM32F1xx_HAL_Driver/Src/stm32f1xx_hal_spi.c ****   tickstart = HAL_GetTick();
3703:Drivers/STM32F1xx_HAL_Driver/Src/stm32f1xx_hal_spi.c **** 
3704:Drivers/STM32F1xx_HAL_Driver/Src/stm32f1xx_hal_spi.c ****   /* Disable ERR interrupt */
3705:Drivers/STM32F1xx_HAL_Driver/Src/stm32f1xx_hal_spi.c ****   __HAL_SPI_DISABLE_IT(hspi, SPI_IT_ERR);
3706:Drivers/STM32F1xx_HAL_Driver/Src/stm32f1xx_hal_spi.c **** 
3707:Drivers/STM32F1xx_HAL_Driver/Src/stm32f1xx_hal_spi.c ****   /* Wait until TXE flag is set */
3708:Drivers/STM32F1xx_HAL_Driver/Src/stm32f1xx_hal_spi.c ****   do
3709:Drivers/STM32F1xx_HAL_Driver/Src/stm32f1xx_hal_spi.c ****   {
3710:Drivers/STM32F1xx_HAL_Driver/Src/stm32f1xx_hal_spi.c ****     if (count == 0U)
3711:Drivers/STM32F1xx_HAL_Driver/Src/stm32f1xx_hal_spi.c ****     {
3712:Drivers/STM32F1xx_HAL_Driver/Src/stm32f1xx_hal_spi.c ****       SET_BIT(hspi->ErrorCode, HAL_SPI_ERROR_FLAG);
3713:Drivers/STM32F1xx_HAL_Driver/Src/stm32f1xx_hal_spi.c ****       break;
3714:Drivers/STM32F1xx_HAL_Driver/Src/stm32f1xx_hal_spi.c ****     }
3715:Drivers/STM32F1xx_HAL_Driver/Src/stm32f1xx_hal_spi.c ****     count--;
3716:Drivers/STM32F1xx_HAL_Driver/Src/stm32f1xx_hal_spi.c ****   } while ((hspi->Instance->SR & SPI_FLAG_TXE) == RESET);
3717:Drivers/STM32F1xx_HAL_Driver/Src/stm32f1xx_hal_spi.c **** 
3718:Drivers/STM32F1xx_HAL_Driver/Src/stm32f1xx_hal_spi.c ****   /* Check the end of the transaction */
3719:Drivers/STM32F1xx_HAL_Driver/Src/stm32f1xx_hal_spi.c ****   if (SPI_EndRxTxTransaction(hspi, SPI_DEFAULT_TIMEOUT, tickstart) != HAL_OK)
3720:Drivers/STM32F1xx_HAL_Driver/Src/stm32f1xx_hal_spi.c ****   {
3721:Drivers/STM32F1xx_HAL_Driver/Src/stm32f1xx_hal_spi.c ****     SET_BIT(hspi->ErrorCode, HAL_SPI_ERROR_FLAG);
3722:Drivers/STM32F1xx_HAL_Driver/Src/stm32f1xx_hal_spi.c ****   }
3723:Drivers/STM32F1xx_HAL_Driver/Src/stm32f1xx_hal_spi.c **** 
3724:Drivers/STM32F1xx_HAL_Driver/Src/stm32f1xx_hal_spi.c ****   /* Clear overrun flag in 2 Lines communication mode because received is not read */
3725:Drivers/STM32F1xx_HAL_Driver/Src/stm32f1xx_hal_spi.c ****   if (hspi->Init.Direction == SPI_DIRECTION_2LINES)
3726:Drivers/STM32F1xx_HAL_Driver/Src/stm32f1xx_hal_spi.c ****   {
3727:Drivers/STM32F1xx_HAL_Driver/Src/stm32f1xx_hal_spi.c ****     __HAL_SPI_CLEAR_OVRFLAG(hspi);
3728:Drivers/STM32F1xx_HAL_Driver/Src/stm32f1xx_hal_spi.c ****   }
3729:Drivers/STM32F1xx_HAL_Driver/Src/stm32f1xx_hal_spi.c **** 
3730:Drivers/STM32F1xx_HAL_Driver/Src/stm32f1xx_hal_spi.c **** #if (USE_SPI_CRC != 0U)
3731:Drivers/STM32F1xx_HAL_Driver/Src/stm32f1xx_hal_spi.c ****   /* Check if CRC error occurred */
3732:Drivers/STM32F1xx_HAL_Driver/Src/stm32f1xx_hal_spi.c ****   if (__HAL_SPI_GET_FLAG(hspi, SPI_FLAG_CRCERR) != RESET)
3733:Drivers/STM32F1xx_HAL_Driver/Src/stm32f1xx_hal_spi.c ****   {
3734:Drivers/STM32F1xx_HAL_Driver/Src/stm32f1xx_hal_spi.c ****     /* Check if CRC error is valid or not (workaround to be applied or not) */
3735:Drivers/STM32F1xx_HAL_Driver/Src/stm32f1xx_hal_spi.c ****     if (SPI_ISCRCErrorValid(hspi) == SPI_VALID_CRC_ERROR)
3736:Drivers/STM32F1xx_HAL_Driver/Src/stm32f1xx_hal_spi.c ****     {
3737:Drivers/STM32F1xx_HAL_Driver/Src/stm32f1xx_hal_spi.c ****       hspi->State = HAL_SPI_STATE_READY;
ARM GAS  /tmp/cctmCgKp.s 			page 67


3738:Drivers/STM32F1xx_HAL_Driver/Src/stm32f1xx_hal_spi.c ****       SET_BIT(hspi->ErrorCode, HAL_SPI_ERROR_CRC);
3739:Drivers/STM32F1xx_HAL_Driver/Src/stm32f1xx_hal_spi.c **** 
3740:Drivers/STM32F1xx_HAL_Driver/Src/stm32f1xx_hal_spi.c ****       /* Reset CRC Calculation */
3741:Drivers/STM32F1xx_HAL_Driver/Src/stm32f1xx_hal_spi.c ****       SPI_RESET_CRC(hspi);
3742:Drivers/STM32F1xx_HAL_Driver/Src/stm32f1xx_hal_spi.c **** 
3743:Drivers/STM32F1xx_HAL_Driver/Src/stm32f1xx_hal_spi.c ****       /* Call user error callback */
3744:Drivers/STM32F1xx_HAL_Driver/Src/stm32f1xx_hal_spi.c **** #if (USE_HAL_SPI_REGISTER_CALLBACKS == 1U)
3745:Drivers/STM32F1xx_HAL_Driver/Src/stm32f1xx_hal_spi.c ****       hspi->ErrorCallback(hspi);
3746:Drivers/STM32F1xx_HAL_Driver/Src/stm32f1xx_hal_spi.c **** #else
3747:Drivers/STM32F1xx_HAL_Driver/Src/stm32f1xx_hal_spi.c ****       HAL_SPI_ErrorCallback(hspi);
3748:Drivers/STM32F1xx_HAL_Driver/Src/stm32f1xx_hal_spi.c **** #endif /* USE_HAL_SPI_REGISTER_CALLBACKS */
3749:Drivers/STM32F1xx_HAL_Driver/Src/stm32f1xx_hal_spi.c ****     }
3750:Drivers/STM32F1xx_HAL_Driver/Src/stm32f1xx_hal_spi.c ****     else
3751:Drivers/STM32F1xx_HAL_Driver/Src/stm32f1xx_hal_spi.c ****     {
3752:Drivers/STM32F1xx_HAL_Driver/Src/stm32f1xx_hal_spi.c ****       __HAL_SPI_CLEAR_CRCERRFLAG(hspi);
3753:Drivers/STM32F1xx_HAL_Driver/Src/stm32f1xx_hal_spi.c ****     }
3754:Drivers/STM32F1xx_HAL_Driver/Src/stm32f1xx_hal_spi.c ****   }
3755:Drivers/STM32F1xx_HAL_Driver/Src/stm32f1xx_hal_spi.c ****   else
3756:Drivers/STM32F1xx_HAL_Driver/Src/stm32f1xx_hal_spi.c ****   {
3757:Drivers/STM32F1xx_HAL_Driver/Src/stm32f1xx_hal_spi.c **** #endif /* USE_SPI_CRC */
3758:Drivers/STM32F1xx_HAL_Driver/Src/stm32f1xx_hal_spi.c ****     if (hspi->ErrorCode == HAL_SPI_ERROR_NONE)
3759:Drivers/STM32F1xx_HAL_Driver/Src/stm32f1xx_hal_spi.c ****     {
3760:Drivers/STM32F1xx_HAL_Driver/Src/stm32f1xx_hal_spi.c ****       if (hspi->State == HAL_SPI_STATE_BUSY_RX)
3761:Drivers/STM32F1xx_HAL_Driver/Src/stm32f1xx_hal_spi.c ****       {
3762:Drivers/STM32F1xx_HAL_Driver/Src/stm32f1xx_hal_spi.c ****         hspi->State = HAL_SPI_STATE_READY;
3763:Drivers/STM32F1xx_HAL_Driver/Src/stm32f1xx_hal_spi.c ****         /* Call user Rx complete callback */
3764:Drivers/STM32F1xx_HAL_Driver/Src/stm32f1xx_hal_spi.c **** #if (USE_HAL_SPI_REGISTER_CALLBACKS == 1U)
3765:Drivers/STM32F1xx_HAL_Driver/Src/stm32f1xx_hal_spi.c ****         hspi->RxCpltCallback(hspi);
3766:Drivers/STM32F1xx_HAL_Driver/Src/stm32f1xx_hal_spi.c **** #else
3767:Drivers/STM32F1xx_HAL_Driver/Src/stm32f1xx_hal_spi.c ****         HAL_SPI_RxCpltCallback(hspi);
3768:Drivers/STM32F1xx_HAL_Driver/Src/stm32f1xx_hal_spi.c **** #endif /* USE_HAL_SPI_REGISTER_CALLBACKS */
3769:Drivers/STM32F1xx_HAL_Driver/Src/stm32f1xx_hal_spi.c ****       }
3770:Drivers/STM32F1xx_HAL_Driver/Src/stm32f1xx_hal_spi.c ****       else
3771:Drivers/STM32F1xx_HAL_Driver/Src/stm32f1xx_hal_spi.c ****       {
3772:Drivers/STM32F1xx_HAL_Driver/Src/stm32f1xx_hal_spi.c ****         hspi->State = HAL_SPI_STATE_READY;
3773:Drivers/STM32F1xx_HAL_Driver/Src/stm32f1xx_hal_spi.c ****         /* Call user TxRx complete callback */
3774:Drivers/STM32F1xx_HAL_Driver/Src/stm32f1xx_hal_spi.c **** #if (USE_HAL_SPI_REGISTER_CALLBACKS == 1U)
3775:Drivers/STM32F1xx_HAL_Driver/Src/stm32f1xx_hal_spi.c ****         hspi->TxRxCpltCallback(hspi);
3776:Drivers/STM32F1xx_HAL_Driver/Src/stm32f1xx_hal_spi.c **** #else
3777:Drivers/STM32F1xx_HAL_Driver/Src/stm32f1xx_hal_spi.c ****         HAL_SPI_TxRxCpltCallback(hspi);
3778:Drivers/STM32F1xx_HAL_Driver/Src/stm32f1xx_hal_spi.c **** #endif /* USE_HAL_SPI_REGISTER_CALLBACKS */
3779:Drivers/STM32F1xx_HAL_Driver/Src/stm32f1xx_hal_spi.c ****       }
3780:Drivers/STM32F1xx_HAL_Driver/Src/stm32f1xx_hal_spi.c ****     }
3781:Drivers/STM32F1xx_HAL_Driver/Src/stm32f1xx_hal_spi.c ****     else
3782:Drivers/STM32F1xx_HAL_Driver/Src/stm32f1xx_hal_spi.c ****     {
3783:Drivers/STM32F1xx_HAL_Driver/Src/stm32f1xx_hal_spi.c ****       hspi->State = HAL_SPI_STATE_READY;
3784:Drivers/STM32F1xx_HAL_Driver/Src/stm32f1xx_hal_spi.c ****       /* Call user error callback */
3785:Drivers/STM32F1xx_HAL_Driver/Src/stm32f1xx_hal_spi.c **** #if (USE_HAL_SPI_REGISTER_CALLBACKS == 1U)
3786:Drivers/STM32F1xx_HAL_Driver/Src/stm32f1xx_hal_spi.c ****       hspi->ErrorCallback(hspi);
3787:Drivers/STM32F1xx_HAL_Driver/Src/stm32f1xx_hal_spi.c **** #else
3788:Drivers/STM32F1xx_HAL_Driver/Src/stm32f1xx_hal_spi.c ****       HAL_SPI_ErrorCallback(hspi);
3789:Drivers/STM32F1xx_HAL_Driver/Src/stm32f1xx_hal_spi.c **** #endif /* USE_HAL_SPI_REGISTER_CALLBACKS */
3790:Drivers/STM32F1xx_HAL_Driver/Src/stm32f1xx_hal_spi.c ****     }
3791:Drivers/STM32F1xx_HAL_Driver/Src/stm32f1xx_hal_spi.c **** #if (USE_SPI_CRC != 0U)
3792:Drivers/STM32F1xx_HAL_Driver/Src/stm32f1xx_hal_spi.c ****   }
3793:Drivers/STM32F1xx_HAL_Driver/Src/stm32f1xx_hal_spi.c **** #endif /* USE_SPI_CRC */
3794:Drivers/STM32F1xx_HAL_Driver/Src/stm32f1xx_hal_spi.c **** }
ARM GAS  /tmp/cctmCgKp.s 			page 68


3795:Drivers/STM32F1xx_HAL_Driver/Src/stm32f1xx_hal_spi.c **** 
3796:Drivers/STM32F1xx_HAL_Driver/Src/stm32f1xx_hal_spi.c **** /**
3797:Drivers/STM32F1xx_HAL_Driver/Src/stm32f1xx_hal_spi.c ****   * @brief  Handle the end of the RX transaction.
3798:Drivers/STM32F1xx_HAL_Driver/Src/stm32f1xx_hal_spi.c ****   * @param  hspi pointer to a SPI_HandleTypeDef structure that contains
3799:Drivers/STM32F1xx_HAL_Driver/Src/stm32f1xx_hal_spi.c ****   *               the configuration information for SPI module.
3800:Drivers/STM32F1xx_HAL_Driver/Src/stm32f1xx_hal_spi.c ****   * @retval None
3801:Drivers/STM32F1xx_HAL_Driver/Src/stm32f1xx_hal_spi.c ****   */
3802:Drivers/STM32F1xx_HAL_Driver/Src/stm32f1xx_hal_spi.c **** static void SPI_CloseRx_ISR(SPI_HandleTypeDef *hspi)
3803:Drivers/STM32F1xx_HAL_Driver/Src/stm32f1xx_hal_spi.c **** {
3804:Drivers/STM32F1xx_HAL_Driver/Src/stm32f1xx_hal_spi.c ****   /* Disable RXNE and ERR interrupt */
3805:Drivers/STM32F1xx_HAL_Driver/Src/stm32f1xx_hal_spi.c ****   __HAL_SPI_DISABLE_IT(hspi, (SPI_IT_RXNE | SPI_IT_ERR));
3806:Drivers/STM32F1xx_HAL_Driver/Src/stm32f1xx_hal_spi.c **** 
3807:Drivers/STM32F1xx_HAL_Driver/Src/stm32f1xx_hal_spi.c ****   /* Check the end of the transaction */
3808:Drivers/STM32F1xx_HAL_Driver/Src/stm32f1xx_hal_spi.c ****   if (SPI_EndRxTransaction(hspi, SPI_DEFAULT_TIMEOUT, HAL_GetTick()) != HAL_OK)
3809:Drivers/STM32F1xx_HAL_Driver/Src/stm32f1xx_hal_spi.c ****   {
3810:Drivers/STM32F1xx_HAL_Driver/Src/stm32f1xx_hal_spi.c ****     SET_BIT(hspi->ErrorCode, HAL_SPI_ERROR_FLAG);
3811:Drivers/STM32F1xx_HAL_Driver/Src/stm32f1xx_hal_spi.c ****   }
3812:Drivers/STM32F1xx_HAL_Driver/Src/stm32f1xx_hal_spi.c **** 
3813:Drivers/STM32F1xx_HAL_Driver/Src/stm32f1xx_hal_spi.c ****   /* Clear overrun flag in 2 Lines communication mode because received is not read */
3814:Drivers/STM32F1xx_HAL_Driver/Src/stm32f1xx_hal_spi.c ****   if (hspi->Init.Direction == SPI_DIRECTION_2LINES)
3815:Drivers/STM32F1xx_HAL_Driver/Src/stm32f1xx_hal_spi.c ****   {
3816:Drivers/STM32F1xx_HAL_Driver/Src/stm32f1xx_hal_spi.c ****     __HAL_SPI_CLEAR_OVRFLAG(hspi);
3817:Drivers/STM32F1xx_HAL_Driver/Src/stm32f1xx_hal_spi.c ****   }
3818:Drivers/STM32F1xx_HAL_Driver/Src/stm32f1xx_hal_spi.c ****   hspi->State = HAL_SPI_STATE_READY;
3819:Drivers/STM32F1xx_HAL_Driver/Src/stm32f1xx_hal_spi.c **** 
3820:Drivers/STM32F1xx_HAL_Driver/Src/stm32f1xx_hal_spi.c **** #if (USE_SPI_CRC != 0U)
3821:Drivers/STM32F1xx_HAL_Driver/Src/stm32f1xx_hal_spi.c ****   /* Check if CRC error occurred */
3822:Drivers/STM32F1xx_HAL_Driver/Src/stm32f1xx_hal_spi.c ****   if (__HAL_SPI_GET_FLAG(hspi, SPI_FLAG_CRCERR) != RESET)
3823:Drivers/STM32F1xx_HAL_Driver/Src/stm32f1xx_hal_spi.c ****   {
3824:Drivers/STM32F1xx_HAL_Driver/Src/stm32f1xx_hal_spi.c ****     /* Check if CRC error is valid or not (workaround to be applied or not) */
3825:Drivers/STM32F1xx_HAL_Driver/Src/stm32f1xx_hal_spi.c ****     if (SPI_ISCRCErrorValid(hspi) == SPI_VALID_CRC_ERROR)
3826:Drivers/STM32F1xx_HAL_Driver/Src/stm32f1xx_hal_spi.c ****     {
3827:Drivers/STM32F1xx_HAL_Driver/Src/stm32f1xx_hal_spi.c ****       SET_BIT(hspi->ErrorCode, HAL_SPI_ERROR_CRC);
3828:Drivers/STM32F1xx_HAL_Driver/Src/stm32f1xx_hal_spi.c **** 
3829:Drivers/STM32F1xx_HAL_Driver/Src/stm32f1xx_hal_spi.c ****       /* Reset CRC Calculation */
3830:Drivers/STM32F1xx_HAL_Driver/Src/stm32f1xx_hal_spi.c ****       SPI_RESET_CRC(hspi);
3831:Drivers/STM32F1xx_HAL_Driver/Src/stm32f1xx_hal_spi.c **** 
3832:Drivers/STM32F1xx_HAL_Driver/Src/stm32f1xx_hal_spi.c ****       /* Call user error callback */
3833:Drivers/STM32F1xx_HAL_Driver/Src/stm32f1xx_hal_spi.c **** #if (USE_HAL_SPI_REGISTER_CALLBACKS == 1U)
3834:Drivers/STM32F1xx_HAL_Driver/Src/stm32f1xx_hal_spi.c ****       hspi->ErrorCallback(hspi);
3835:Drivers/STM32F1xx_HAL_Driver/Src/stm32f1xx_hal_spi.c **** #else
3836:Drivers/STM32F1xx_HAL_Driver/Src/stm32f1xx_hal_spi.c ****       HAL_SPI_ErrorCallback(hspi);
3837:Drivers/STM32F1xx_HAL_Driver/Src/stm32f1xx_hal_spi.c **** #endif /* USE_HAL_SPI_REGISTER_CALLBACKS */
3838:Drivers/STM32F1xx_HAL_Driver/Src/stm32f1xx_hal_spi.c ****     }
3839:Drivers/STM32F1xx_HAL_Driver/Src/stm32f1xx_hal_spi.c ****     else
3840:Drivers/STM32F1xx_HAL_Driver/Src/stm32f1xx_hal_spi.c ****     {
3841:Drivers/STM32F1xx_HAL_Driver/Src/stm32f1xx_hal_spi.c ****       __HAL_SPI_CLEAR_CRCERRFLAG(hspi);
3842:Drivers/STM32F1xx_HAL_Driver/Src/stm32f1xx_hal_spi.c ****     }
3843:Drivers/STM32F1xx_HAL_Driver/Src/stm32f1xx_hal_spi.c ****   }
3844:Drivers/STM32F1xx_HAL_Driver/Src/stm32f1xx_hal_spi.c ****   else
3845:Drivers/STM32F1xx_HAL_Driver/Src/stm32f1xx_hal_spi.c ****   {
3846:Drivers/STM32F1xx_HAL_Driver/Src/stm32f1xx_hal_spi.c **** #endif /* USE_SPI_CRC */
3847:Drivers/STM32F1xx_HAL_Driver/Src/stm32f1xx_hal_spi.c ****     if (hspi->ErrorCode == HAL_SPI_ERROR_NONE)
3848:Drivers/STM32F1xx_HAL_Driver/Src/stm32f1xx_hal_spi.c ****     {
3849:Drivers/STM32F1xx_HAL_Driver/Src/stm32f1xx_hal_spi.c ****       /* Call user Rx complete callback */
3850:Drivers/STM32F1xx_HAL_Driver/Src/stm32f1xx_hal_spi.c **** #if (USE_HAL_SPI_REGISTER_CALLBACKS == 1U)
3851:Drivers/STM32F1xx_HAL_Driver/Src/stm32f1xx_hal_spi.c ****       hspi->RxCpltCallback(hspi);
ARM GAS  /tmp/cctmCgKp.s 			page 69


3852:Drivers/STM32F1xx_HAL_Driver/Src/stm32f1xx_hal_spi.c **** #else
3853:Drivers/STM32F1xx_HAL_Driver/Src/stm32f1xx_hal_spi.c ****       HAL_SPI_RxCpltCallback(hspi);
3854:Drivers/STM32F1xx_HAL_Driver/Src/stm32f1xx_hal_spi.c **** #endif /* USE_HAL_SPI_REGISTER_CALLBACKS */
3855:Drivers/STM32F1xx_HAL_Driver/Src/stm32f1xx_hal_spi.c ****     }
3856:Drivers/STM32F1xx_HAL_Driver/Src/stm32f1xx_hal_spi.c ****     else
3857:Drivers/STM32F1xx_HAL_Driver/Src/stm32f1xx_hal_spi.c ****     {
3858:Drivers/STM32F1xx_HAL_Driver/Src/stm32f1xx_hal_spi.c ****       /* Call user error callback */
3859:Drivers/STM32F1xx_HAL_Driver/Src/stm32f1xx_hal_spi.c **** #if (USE_HAL_SPI_REGISTER_CALLBACKS == 1U)
3860:Drivers/STM32F1xx_HAL_Driver/Src/stm32f1xx_hal_spi.c ****       hspi->ErrorCallback(hspi);
3861:Drivers/STM32F1xx_HAL_Driver/Src/stm32f1xx_hal_spi.c **** #else
3862:Drivers/STM32F1xx_HAL_Driver/Src/stm32f1xx_hal_spi.c ****       HAL_SPI_ErrorCallback(hspi);
3863:Drivers/STM32F1xx_HAL_Driver/Src/stm32f1xx_hal_spi.c **** #endif /* USE_HAL_SPI_REGISTER_CALLBACKS */
3864:Drivers/STM32F1xx_HAL_Driver/Src/stm32f1xx_hal_spi.c ****     }
3865:Drivers/STM32F1xx_HAL_Driver/Src/stm32f1xx_hal_spi.c **** #if (USE_SPI_CRC != 0U)
3866:Drivers/STM32F1xx_HAL_Driver/Src/stm32f1xx_hal_spi.c ****   }
3867:Drivers/STM32F1xx_HAL_Driver/Src/stm32f1xx_hal_spi.c **** #endif /* USE_SPI_CRC */
3868:Drivers/STM32F1xx_HAL_Driver/Src/stm32f1xx_hal_spi.c **** }
3869:Drivers/STM32F1xx_HAL_Driver/Src/stm32f1xx_hal_spi.c **** 
3870:Drivers/STM32F1xx_HAL_Driver/Src/stm32f1xx_hal_spi.c **** /**
3871:Drivers/STM32F1xx_HAL_Driver/Src/stm32f1xx_hal_spi.c ****   * @brief  Handle the end of the TX transaction.
3872:Drivers/STM32F1xx_HAL_Driver/Src/stm32f1xx_hal_spi.c ****   * @param  hspi pointer to a SPI_HandleTypeDef structure that contains
3873:Drivers/STM32F1xx_HAL_Driver/Src/stm32f1xx_hal_spi.c ****   *               the configuration information for SPI module.
3874:Drivers/STM32F1xx_HAL_Driver/Src/stm32f1xx_hal_spi.c ****   * @retval None
3875:Drivers/STM32F1xx_HAL_Driver/Src/stm32f1xx_hal_spi.c ****   */
3876:Drivers/STM32F1xx_HAL_Driver/Src/stm32f1xx_hal_spi.c **** static void SPI_CloseTx_ISR(SPI_HandleTypeDef *hspi)
3877:Drivers/STM32F1xx_HAL_Driver/Src/stm32f1xx_hal_spi.c **** {
3878:Drivers/STM32F1xx_HAL_Driver/Src/stm32f1xx_hal_spi.c ****   uint32_t tickstart;
3879:Drivers/STM32F1xx_HAL_Driver/Src/stm32f1xx_hal_spi.c ****   __IO uint32_t count = SPI_DEFAULT_TIMEOUT * (SystemCoreClock / 24U / 1000U);
3880:Drivers/STM32F1xx_HAL_Driver/Src/stm32f1xx_hal_spi.c **** 
3881:Drivers/STM32F1xx_HAL_Driver/Src/stm32f1xx_hal_spi.c ****   /* Init tickstart for timeout management*/
3882:Drivers/STM32F1xx_HAL_Driver/Src/stm32f1xx_hal_spi.c ****   tickstart = HAL_GetTick();
3883:Drivers/STM32F1xx_HAL_Driver/Src/stm32f1xx_hal_spi.c **** 
3884:Drivers/STM32F1xx_HAL_Driver/Src/stm32f1xx_hal_spi.c ****   /* Wait until TXE flag is set */
3885:Drivers/STM32F1xx_HAL_Driver/Src/stm32f1xx_hal_spi.c ****   do
3886:Drivers/STM32F1xx_HAL_Driver/Src/stm32f1xx_hal_spi.c ****   {
3887:Drivers/STM32F1xx_HAL_Driver/Src/stm32f1xx_hal_spi.c ****     if (count == 0U)
3888:Drivers/STM32F1xx_HAL_Driver/Src/stm32f1xx_hal_spi.c ****     {
3889:Drivers/STM32F1xx_HAL_Driver/Src/stm32f1xx_hal_spi.c ****       SET_BIT(hspi->ErrorCode, HAL_SPI_ERROR_FLAG);
3890:Drivers/STM32F1xx_HAL_Driver/Src/stm32f1xx_hal_spi.c ****       break;
3891:Drivers/STM32F1xx_HAL_Driver/Src/stm32f1xx_hal_spi.c ****     }
3892:Drivers/STM32F1xx_HAL_Driver/Src/stm32f1xx_hal_spi.c ****     count--;
3893:Drivers/STM32F1xx_HAL_Driver/Src/stm32f1xx_hal_spi.c ****   } while ((hspi->Instance->SR & SPI_FLAG_TXE) == RESET);
3894:Drivers/STM32F1xx_HAL_Driver/Src/stm32f1xx_hal_spi.c **** 
3895:Drivers/STM32F1xx_HAL_Driver/Src/stm32f1xx_hal_spi.c ****   /* Disable TXE and ERR interrupt */
3896:Drivers/STM32F1xx_HAL_Driver/Src/stm32f1xx_hal_spi.c ****   __HAL_SPI_DISABLE_IT(hspi, (SPI_IT_TXE | SPI_IT_ERR));
3897:Drivers/STM32F1xx_HAL_Driver/Src/stm32f1xx_hal_spi.c **** 
3898:Drivers/STM32F1xx_HAL_Driver/Src/stm32f1xx_hal_spi.c ****   /* Check the end of the transaction */
3899:Drivers/STM32F1xx_HAL_Driver/Src/stm32f1xx_hal_spi.c ****   if (SPI_EndRxTxTransaction(hspi, SPI_DEFAULT_TIMEOUT, tickstart) != HAL_OK)
3900:Drivers/STM32F1xx_HAL_Driver/Src/stm32f1xx_hal_spi.c ****   {
3901:Drivers/STM32F1xx_HAL_Driver/Src/stm32f1xx_hal_spi.c ****     SET_BIT(hspi->ErrorCode, HAL_SPI_ERROR_FLAG);
3902:Drivers/STM32F1xx_HAL_Driver/Src/stm32f1xx_hal_spi.c ****   }
3903:Drivers/STM32F1xx_HAL_Driver/Src/stm32f1xx_hal_spi.c **** 
3904:Drivers/STM32F1xx_HAL_Driver/Src/stm32f1xx_hal_spi.c ****   /* Clear overrun flag in 2 Lines communication mode because received is not read */
3905:Drivers/STM32F1xx_HAL_Driver/Src/stm32f1xx_hal_spi.c ****   if (hspi->Init.Direction == SPI_DIRECTION_2LINES)
3906:Drivers/STM32F1xx_HAL_Driver/Src/stm32f1xx_hal_spi.c ****   {
3907:Drivers/STM32F1xx_HAL_Driver/Src/stm32f1xx_hal_spi.c ****     __HAL_SPI_CLEAR_OVRFLAG(hspi);
3908:Drivers/STM32F1xx_HAL_Driver/Src/stm32f1xx_hal_spi.c ****   }
ARM GAS  /tmp/cctmCgKp.s 			page 70


3909:Drivers/STM32F1xx_HAL_Driver/Src/stm32f1xx_hal_spi.c **** 
3910:Drivers/STM32F1xx_HAL_Driver/Src/stm32f1xx_hal_spi.c ****   hspi->State = HAL_SPI_STATE_READY;
3911:Drivers/STM32F1xx_HAL_Driver/Src/stm32f1xx_hal_spi.c ****   if (hspi->ErrorCode != HAL_SPI_ERROR_NONE)
3912:Drivers/STM32F1xx_HAL_Driver/Src/stm32f1xx_hal_spi.c ****   {
3913:Drivers/STM32F1xx_HAL_Driver/Src/stm32f1xx_hal_spi.c ****     /* Call user error callback */
3914:Drivers/STM32F1xx_HAL_Driver/Src/stm32f1xx_hal_spi.c **** #if (USE_HAL_SPI_REGISTER_CALLBACKS == 1U)
3915:Drivers/STM32F1xx_HAL_Driver/Src/stm32f1xx_hal_spi.c ****     hspi->ErrorCallback(hspi);
3916:Drivers/STM32F1xx_HAL_Driver/Src/stm32f1xx_hal_spi.c **** #else
3917:Drivers/STM32F1xx_HAL_Driver/Src/stm32f1xx_hal_spi.c ****     HAL_SPI_ErrorCallback(hspi);
3918:Drivers/STM32F1xx_HAL_Driver/Src/stm32f1xx_hal_spi.c **** #endif /* USE_HAL_SPI_REGISTER_CALLBACKS */
3919:Drivers/STM32F1xx_HAL_Driver/Src/stm32f1xx_hal_spi.c ****   }
3920:Drivers/STM32F1xx_HAL_Driver/Src/stm32f1xx_hal_spi.c ****   else
3921:Drivers/STM32F1xx_HAL_Driver/Src/stm32f1xx_hal_spi.c ****   {
3922:Drivers/STM32F1xx_HAL_Driver/Src/stm32f1xx_hal_spi.c ****     /* Call user Rx complete callback */
3923:Drivers/STM32F1xx_HAL_Driver/Src/stm32f1xx_hal_spi.c **** #if (USE_HAL_SPI_REGISTER_CALLBACKS == 1U)
3924:Drivers/STM32F1xx_HAL_Driver/Src/stm32f1xx_hal_spi.c ****     hspi->TxCpltCallback(hspi);
3925:Drivers/STM32F1xx_HAL_Driver/Src/stm32f1xx_hal_spi.c **** #else
3926:Drivers/STM32F1xx_HAL_Driver/Src/stm32f1xx_hal_spi.c ****     HAL_SPI_TxCpltCallback(hspi);
3927:Drivers/STM32F1xx_HAL_Driver/Src/stm32f1xx_hal_spi.c **** #endif /* USE_HAL_SPI_REGISTER_CALLBACKS */
3928:Drivers/STM32F1xx_HAL_Driver/Src/stm32f1xx_hal_spi.c ****   }
3929:Drivers/STM32F1xx_HAL_Driver/Src/stm32f1xx_hal_spi.c **** }
3930:Drivers/STM32F1xx_HAL_Driver/Src/stm32f1xx_hal_spi.c **** 
3931:Drivers/STM32F1xx_HAL_Driver/Src/stm32f1xx_hal_spi.c **** /**
3932:Drivers/STM32F1xx_HAL_Driver/Src/stm32f1xx_hal_spi.c ****   * @brief  Handle abort a Rx transaction.
3933:Drivers/STM32F1xx_HAL_Driver/Src/stm32f1xx_hal_spi.c ****   * @param  hspi pointer to a SPI_HandleTypeDef structure that contains
3934:Drivers/STM32F1xx_HAL_Driver/Src/stm32f1xx_hal_spi.c ****   *               the configuration information for SPI module.
3935:Drivers/STM32F1xx_HAL_Driver/Src/stm32f1xx_hal_spi.c ****   * @retval None
3936:Drivers/STM32F1xx_HAL_Driver/Src/stm32f1xx_hal_spi.c ****   */
3937:Drivers/STM32F1xx_HAL_Driver/Src/stm32f1xx_hal_spi.c **** static void SPI_AbortRx_ISR(SPI_HandleTypeDef *hspi)
3938:Drivers/STM32F1xx_HAL_Driver/Src/stm32f1xx_hal_spi.c **** {
  27              		.loc 1 3938 1 view -0
  28              		.cfi_startproc
  29              		@ args = 0, pretend = 0, frame = 8
  30              		@ frame_needed = 0, uses_anonymous_args = 0
  31              		@ link register save eliminated.
  32              		.loc 1 3938 1 is_stmt 0 view .LVU1
  33 0000 82B0     		sub	sp, sp, #8
  34              		.cfi_def_cfa_offset 8
3939:Drivers/STM32F1xx_HAL_Driver/Src/stm32f1xx_hal_spi.c ****   __IO uint32_t tmpreg = 0U;
  35              		.loc 1 3939 3 is_stmt 1 view .LVU2
  36              		.loc 1 3939 17 is_stmt 0 view .LVU3
  37 0002 0023     		movs	r3, #0
  38 0004 0193     		str	r3, [sp, #4]
3940:Drivers/STM32F1xx_HAL_Driver/Src/stm32f1xx_hal_spi.c ****   __IO uint32_t count = SPI_DEFAULT_TIMEOUT * (SystemCoreClock / 24U / 1000U);
  39              		.loc 1 3940 3 is_stmt 1 view .LVU4
  40              		.loc 1 3940 70 is_stmt 0 view .LVU5
  41 0006 164B     		ldr	r3, .L7
  42 0008 1B68     		ldr	r3, [r3]
  43 000a 164A     		ldr	r2, .L7+4
  44 000c A2FB0323 		umull	r2, r3, r2, r3
  45 0010 5B0A     		lsrs	r3, r3, #9
  46              		.loc 1 3940 45 view .LVU6
  47 0012 6422     		movs	r2, #100
  48 0014 02FB03F3 		mul	r3, r2, r3
  49              		.loc 1 3940 17 view .LVU7
  50 0018 0093     		str	r3, [sp]
  51              	.L4:
ARM GAS  /tmp/cctmCgKp.s 			page 71


3941:Drivers/STM32F1xx_HAL_Driver/Src/stm32f1xx_hal_spi.c **** 
3942:Drivers/STM32F1xx_HAL_Driver/Src/stm32f1xx_hal_spi.c ****   /* Wait until TXE flag is set */
3943:Drivers/STM32F1xx_HAL_Driver/Src/stm32f1xx_hal_spi.c ****   do
  52              		.loc 1 3943 3 is_stmt 1 view .LVU8
3944:Drivers/STM32F1xx_HAL_Driver/Src/stm32f1xx_hal_spi.c ****   {
3945:Drivers/STM32F1xx_HAL_Driver/Src/stm32f1xx_hal_spi.c ****     if (count == 0U)
  53              		.loc 1 3945 5 view .LVU9
  54              		.loc 1 3945 15 is_stmt 0 view .LVU10
  55 001a 009B     		ldr	r3, [sp]
  56              		.loc 1 3945 8 view .LVU11
  57 001c 43B1     		cbz	r3, .L6
3946:Drivers/STM32F1xx_HAL_Driver/Src/stm32f1xx_hal_spi.c ****     {
3947:Drivers/STM32F1xx_HAL_Driver/Src/stm32f1xx_hal_spi.c ****       SET_BIT(hspi->ErrorCode, HAL_SPI_ERROR_ABORT);
3948:Drivers/STM32F1xx_HAL_Driver/Src/stm32f1xx_hal_spi.c ****       break;
3949:Drivers/STM32F1xx_HAL_Driver/Src/stm32f1xx_hal_spi.c ****     }
3950:Drivers/STM32F1xx_HAL_Driver/Src/stm32f1xx_hal_spi.c ****     count--;
  58              		.loc 1 3950 5 is_stmt 1 view .LVU12
  59              		.loc 1 3950 10 is_stmt 0 view .LVU13
  60 001e 009B     		ldr	r3, [sp]
  61 0020 013B     		subs	r3, r3, #1
  62 0022 0093     		str	r3, [sp]
3951:Drivers/STM32F1xx_HAL_Driver/Src/stm32f1xx_hal_spi.c ****   } while ((hspi->Instance->SR & SPI_FLAG_TXE) == RESET);
  63              		.loc 1 3951 48 is_stmt 1 view .LVU14
  64              		.loc 1 3951 17 is_stmt 0 view .LVU15
  65 0024 0368     		ldr	r3, [r0]
  66              		.loc 1 3951 27 view .LVU16
  67 0026 9B68     		ldr	r3, [r3, #8]
  68              		.loc 1 3951 48 view .LVU17
  69 0028 13F0020F 		tst	r3, #2
  70 002c F5D0     		beq	.L4
  71 002e 03E0     		b	.L3
  72              	.L6:
3947:Drivers/STM32F1xx_HAL_Driver/Src/stm32f1xx_hal_spi.c ****       break;
  73              		.loc 1 3947 7 is_stmt 1 view .LVU18
  74 0030 436D     		ldr	r3, [r0, #84]
  75 0032 43F04003 		orr	r3, r3, #64
  76 0036 4365     		str	r3, [r0, #84]
3948:Drivers/STM32F1xx_HAL_Driver/Src/stm32f1xx_hal_spi.c ****     }
  77              		.loc 1 3948 7 view .LVU19
  78              	.L3:
3952:Drivers/STM32F1xx_HAL_Driver/Src/stm32f1xx_hal_spi.c **** 
3953:Drivers/STM32F1xx_HAL_Driver/Src/stm32f1xx_hal_spi.c ****   /* Disable SPI Peripheral */
3954:Drivers/STM32F1xx_HAL_Driver/Src/stm32f1xx_hal_spi.c ****   __HAL_SPI_DISABLE(hspi);
  79              		.loc 1 3954 3 view .LVU20
  80 0038 0268     		ldr	r2, [r0]
  81 003a 1368     		ldr	r3, [r2]
  82 003c 23F04003 		bic	r3, r3, #64
  83 0040 1360     		str	r3, [r2]
3955:Drivers/STM32F1xx_HAL_Driver/Src/stm32f1xx_hal_spi.c **** 
3956:Drivers/STM32F1xx_HAL_Driver/Src/stm32f1xx_hal_spi.c ****   /* Disable TXEIE, RXNEIE and ERRIE(mode fault event, overrun error, TI frame error) interrupts */
3957:Drivers/STM32F1xx_HAL_Driver/Src/stm32f1xx_hal_spi.c ****   CLEAR_BIT(hspi->Instance->CR2, (SPI_CR2_TXEIE | SPI_CR2_RXNEIE | SPI_CR2_ERRIE));
  84              		.loc 1 3957 3 view .LVU21
  85 0042 0268     		ldr	r2, [r0]
  86 0044 5368     		ldr	r3, [r2, #4]
  87 0046 23F0E003 		bic	r3, r3, #224
  88 004a 5360     		str	r3, [r2, #4]
3958:Drivers/STM32F1xx_HAL_Driver/Src/stm32f1xx_hal_spi.c **** 
ARM GAS  /tmp/cctmCgKp.s 			page 72


3959:Drivers/STM32F1xx_HAL_Driver/Src/stm32f1xx_hal_spi.c ****   /* Flush Data Register by a blank read */
3960:Drivers/STM32F1xx_HAL_Driver/Src/stm32f1xx_hal_spi.c ****   tmpreg = READ_REG(hspi->Instance->DR);
  89              		.loc 1 3960 3 view .LVU22
  90              		.loc 1 3960 12 is_stmt 0 view .LVU23
  91 004c 0368     		ldr	r3, [r0]
  92 004e DB68     		ldr	r3, [r3, #12]
  93              		.loc 1 3960 10 view .LVU24
  94 0050 0193     		str	r3, [sp, #4]
3961:Drivers/STM32F1xx_HAL_Driver/Src/stm32f1xx_hal_spi.c ****   /* To avoid GCC warning */
3962:Drivers/STM32F1xx_HAL_Driver/Src/stm32f1xx_hal_spi.c ****   UNUSED(tmpreg);
  95              		.loc 1 3962 3 is_stmt 1 view .LVU25
  96 0052 019B     		ldr	r3, [sp, #4]
3963:Drivers/STM32F1xx_HAL_Driver/Src/stm32f1xx_hal_spi.c **** 
3964:Drivers/STM32F1xx_HAL_Driver/Src/stm32f1xx_hal_spi.c ****   hspi->State = HAL_SPI_STATE_ABORT;
  97              		.loc 1 3964 3 view .LVU26
  98              		.loc 1 3964 15 is_stmt 0 view .LVU27
  99 0054 0723     		movs	r3, #7
 100 0056 80F85130 		strb	r3, [r0, #81]
3965:Drivers/STM32F1xx_HAL_Driver/Src/stm32f1xx_hal_spi.c **** }
 101              		.loc 1 3965 1 view .LVU28
 102 005a 02B0     		add	sp, sp, #8
 103              		.cfi_def_cfa_offset 0
 104              		@ sp needed
 105 005c 7047     		bx	lr
 106              	.L8:
 107 005e 00BF     		.align	2
 108              	.L7:
 109 0060 00000000 		.word	SystemCoreClock
 110 0064 F1197605 		.word	91625969
 111              		.cfi_endproc
 112              	.LFE118:
 114              		.section	.text.SPI_AbortTx_ISR,"ax",%progbits
 115              		.align	1
 116              		.syntax unified
 117              		.thumb
 118              		.thumb_func
 120              	SPI_AbortTx_ISR:
 121              	.LVL1:
 122              	.LFB119:
3966:Drivers/STM32F1xx_HAL_Driver/Src/stm32f1xx_hal_spi.c **** 
3967:Drivers/STM32F1xx_HAL_Driver/Src/stm32f1xx_hal_spi.c **** /**
3968:Drivers/STM32F1xx_HAL_Driver/Src/stm32f1xx_hal_spi.c ****   * @brief  Handle abort a Tx or Rx/Tx transaction.
3969:Drivers/STM32F1xx_HAL_Driver/Src/stm32f1xx_hal_spi.c ****   * @param  hspi pointer to a SPI_HandleTypeDef structure that contains
3970:Drivers/STM32F1xx_HAL_Driver/Src/stm32f1xx_hal_spi.c ****   *               the configuration information for SPI module.
3971:Drivers/STM32F1xx_HAL_Driver/Src/stm32f1xx_hal_spi.c ****   * @retval None
3972:Drivers/STM32F1xx_HAL_Driver/Src/stm32f1xx_hal_spi.c ****   */
3973:Drivers/STM32F1xx_HAL_Driver/Src/stm32f1xx_hal_spi.c **** static void SPI_AbortTx_ISR(SPI_HandleTypeDef *hspi)
3974:Drivers/STM32F1xx_HAL_Driver/Src/stm32f1xx_hal_spi.c **** {
 123              		.loc 1 3974 1 is_stmt 1 view -0
 124              		.cfi_startproc
 125              		@ args = 0, pretend = 0, frame = 0
 126              		@ frame_needed = 0, uses_anonymous_args = 0
 127              		@ link register save eliminated.
3975:Drivers/STM32F1xx_HAL_Driver/Src/stm32f1xx_hal_spi.c ****   /* Disable TXEIE interrupt */
3976:Drivers/STM32F1xx_HAL_Driver/Src/stm32f1xx_hal_spi.c ****   CLEAR_BIT(hspi->Instance->CR2, (SPI_CR2_TXEIE));
 128              		.loc 1 3976 3 view .LVU30
 129 0000 0268     		ldr	r2, [r0]
ARM GAS  /tmp/cctmCgKp.s 			page 73


 130 0002 5368     		ldr	r3, [r2, #4]
 131 0004 23F08003 		bic	r3, r3, #128
 132 0008 5360     		str	r3, [r2, #4]
3977:Drivers/STM32F1xx_HAL_Driver/Src/stm32f1xx_hal_spi.c **** 
3978:Drivers/STM32F1xx_HAL_Driver/Src/stm32f1xx_hal_spi.c ****   /* Disable SPI Peripheral */
3979:Drivers/STM32F1xx_HAL_Driver/Src/stm32f1xx_hal_spi.c ****   __HAL_SPI_DISABLE(hspi);
 133              		.loc 1 3979 3 view .LVU31
 134 000a 0268     		ldr	r2, [r0]
 135 000c 1368     		ldr	r3, [r2]
 136 000e 23F04003 		bic	r3, r3, #64
 137 0012 1360     		str	r3, [r2]
3980:Drivers/STM32F1xx_HAL_Driver/Src/stm32f1xx_hal_spi.c **** 
3981:Drivers/STM32F1xx_HAL_Driver/Src/stm32f1xx_hal_spi.c ****   hspi->State = HAL_SPI_STATE_ABORT;
 138              		.loc 1 3981 3 view .LVU32
 139              		.loc 1 3981 15 is_stmt 0 view .LVU33
 140 0014 0723     		movs	r3, #7
 141 0016 80F85130 		strb	r3, [r0, #81]
3982:Drivers/STM32F1xx_HAL_Driver/Src/stm32f1xx_hal_spi.c **** }
 142              		.loc 1 3982 1 view .LVU34
 143 001a 7047     		bx	lr
 144              		.cfi_endproc
 145              	.LFE119:
 147              		.section	.text.SPI_WaitFlagStateUntilTimeout,"ax",%progbits
 148              		.align	1
 149              		.syntax unified
 150              		.thumb
 151              		.thumb_func
 153              	SPI_WaitFlagStateUntilTimeout:
 154              	.LVL2:
 155              	.LFB112:
3570:Drivers/STM32F1xx_HAL_Driver/Src/stm32f1xx_hal_spi.c ****   __IO uint32_t count;
 156              		.loc 1 3570 1 is_stmt 1 view -0
 157              		.cfi_startproc
 158              		@ args = 4, pretend = 0, frame = 8
 159              		@ frame_needed = 0, uses_anonymous_args = 0
3570:Drivers/STM32F1xx_HAL_Driver/Src/stm32f1xx_hal_spi.c ****   __IO uint32_t count;
 160              		.loc 1 3570 1 is_stmt 0 view .LVU36
 161 0000 2DE9F047 		push	{r4, r5, r6, r7, r8, r9, r10, lr}
 162              		.cfi_def_cfa_offset 32
 163              		.cfi_offset 4, -32
 164              		.cfi_offset 5, -28
 165              		.cfi_offset 6, -24
 166              		.cfi_offset 7, -20
 167              		.cfi_offset 8, -16
 168              		.cfi_offset 9, -12
 169              		.cfi_offset 10, -8
 170              		.cfi_offset 14, -4
 171 0004 82B0     		sub	sp, sp, #8
 172              		.cfi_def_cfa_offset 40
 173 0006 0546     		mov	r5, r0
 174 0008 8846     		mov	r8, r1
 175 000a 1746     		mov	r7, r2
 176 000c 1E46     		mov	r6, r3
3571:Drivers/STM32F1xx_HAL_Driver/Src/stm32f1xx_hal_spi.c ****   uint32_t tmp_timeout;
 177              		.loc 1 3571 3 is_stmt 1 view .LVU37
3572:Drivers/STM32F1xx_HAL_Driver/Src/stm32f1xx_hal_spi.c ****   uint32_t tmp_tickstart;
 178              		.loc 1 3572 3 view .LVU38
ARM GAS  /tmp/cctmCgKp.s 			page 74


3573:Drivers/STM32F1xx_HAL_Driver/Src/stm32f1xx_hal_spi.c **** 
 179              		.loc 1 3573 3 view .LVU39
3576:Drivers/STM32F1xx_HAL_Driver/Src/stm32f1xx_hal_spi.c ****   tmp_tickstart = HAL_GetTick();
 180              		.loc 1 3576 3 view .LVU40
3576:Drivers/STM32F1xx_HAL_Driver/Src/stm32f1xx_hal_spi.c ****   tmp_tickstart = HAL_GetTick();
 181              		.loc 1 3576 30 is_stmt 0 view .LVU41
 182 000e FFF7FEFF 		bl	HAL_GetTick
 183              	.LVL3:
3576:Drivers/STM32F1xx_HAL_Driver/Src/stm32f1xx_hal_spi.c ****   tmp_tickstart = HAL_GetTick();
 184              		.loc 1 3576 44 discriminator 1 view .LVU42
 185 0012 0A9B     		ldr	r3, [sp, #40]
 186 0014 1B1A     		subs	r3, r3, r0
3576:Drivers/STM32F1xx_HAL_Driver/Src/stm32f1xx_hal_spi.c ****   tmp_tickstart = HAL_GetTick();
 187              		.loc 1 3576 17 discriminator 1 view .LVU43
 188 0016 03EB0609 		add	r9, r3, r6
 189              	.LVL4:
3577:Drivers/STM32F1xx_HAL_Driver/Src/stm32f1xx_hal_spi.c **** 
 190              		.loc 1 3577 3 is_stmt 1 view .LVU44
3577:Drivers/STM32F1xx_HAL_Driver/Src/stm32f1xx_hal_spi.c **** 
 191              		.loc 1 3577 19 is_stmt 0 view .LVU45
 192 001a FFF7FEFF 		bl	HAL_GetTick
 193              	.LVL5:
 194 001e 8246     		mov	r10, r0
 195              	.LVL6:
3580:Drivers/STM32F1xx_HAL_Driver/Src/stm32f1xx_hal_spi.c **** 
 196              		.loc 1 3580 3 is_stmt 1 view .LVU46
3580:Drivers/STM32F1xx_HAL_Driver/Src/stm32f1xx_hal_spi.c **** 
 197              		.loc 1 3580 43 is_stmt 0 view .LVU47
 198 0020 284B     		ldr	r3, .L25
 199 0022 1B68     		ldr	r3, [r3]
3580:Drivers/STM32F1xx_HAL_Driver/Src/stm32f1xx_hal_spi.c **** 
 200              		.loc 1 3580 50 view .LVU48
 201 0024 C3F3CB33 		ubfx	r3, r3, #15, #12
3580:Drivers/STM32F1xx_HAL_Driver/Src/stm32f1xx_hal_spi.c **** 
 202              		.loc 1 3580 23 view .LVU49
 203 0028 09FB03F3 		mul	r3, r9, r3
3580:Drivers/STM32F1xx_HAL_Driver/Src/stm32f1xx_hal_spi.c **** 
 204              		.loc 1 3580 9 view .LVU50
 205 002c 0193     		str	r3, [sp, #4]
3582:Drivers/STM32F1xx_HAL_Driver/Src/stm32f1xx_hal_spi.c ****   {
 206              		.loc 1 3582 3 is_stmt 1 view .LVU51
 207              	.LVL7:
 208              	.L12:
3582:Drivers/STM32F1xx_HAL_Driver/Src/stm32f1xx_hal_spi.c ****   {
 209              		.loc 1 3582 57 view .LVU52
3582:Drivers/STM32F1xx_HAL_Driver/Src/stm32f1xx_hal_spi.c ****   {
 210              		.loc 1 3582 11 is_stmt 0 view .LVU53
 211 002e 2B68     		ldr	r3, [r5]
 212 0030 9C68     		ldr	r4, [r3, #8]
3582:Drivers/STM32F1xx_HAL_Driver/Src/stm32f1xx_hal_spi.c ****   {
 213              		.loc 1 3582 48 view .LVU54
 214 0032 38EA0404 		bics	r4, r8, r4
 215 0036 0CBF     		ite	eq
 216 0038 0123     		moveq	r3, #1
 217 003a 0023     		movne	r3, #0
3582:Drivers/STM32F1xx_HAL_Driver/Src/stm32f1xx_hal_spi.c ****   {
 218              		.loc 1 3582 57 view .LVU55
ARM GAS  /tmp/cctmCgKp.s 			page 75


 219 003c BB42     		cmp	r3, r7
 220 003e 3DD0     		beq	.L21
3584:Drivers/STM32F1xx_HAL_Driver/Src/stm32f1xx_hal_spi.c ****     {
 221              		.loc 1 3584 5 is_stmt 1 view .LVU56
3584:Drivers/STM32F1xx_HAL_Driver/Src/stm32f1xx_hal_spi.c ****     {
 222              		.loc 1 3584 8 is_stmt 0 view .LVU57
 223 0040 B6F1FF3F 		cmp	r6, #-1
 224 0044 F3D0     		beq	.L12
3586:Drivers/STM32F1xx_HAL_Driver/Src/stm32f1xx_hal_spi.c ****       {
 225              		.loc 1 3586 7 is_stmt 1 view .LVU58
3586:Drivers/STM32F1xx_HAL_Driver/Src/stm32f1xx_hal_spi.c ****       {
 226              		.loc 1 3586 13 is_stmt 0 view .LVU59
 227 0046 FFF7FEFF 		bl	HAL_GetTick
 228              	.LVL8:
3586:Drivers/STM32F1xx_HAL_Driver/Src/stm32f1xx_hal_spi.c ****       {
 229              		.loc 1 3586 27 discriminator 1 view .LVU60
 230 004a A0EB0A00 		sub	r0, r0, r10
3586:Drivers/STM32F1xx_HAL_Driver/Src/stm32f1xx_hal_spi.c ****       {
 231              		.loc 1 3586 10 discriminator 1 view .LVU61
 232 004e 4845     		cmp	r0, r9
 233 0050 07D2     		bcs	.L22
3616:Drivers/STM32F1xx_HAL_Driver/Src/stm32f1xx_hal_spi.c ****       {
 234              		.loc 1 3616 7 is_stmt 1 view .LVU62
3616:Drivers/STM32F1xx_HAL_Driver/Src/stm32f1xx_hal_spi.c ****       {
 235              		.loc 1 3616 17 is_stmt 0 view .LVU63
 236 0052 019A     		ldr	r2, [sp, #4]
3616:Drivers/STM32F1xx_HAL_Driver/Src/stm32f1xx_hal_spi.c ****       {
 237              		.loc 1 3616 10 view .LVU64
 238 0054 02B1     		cbz	r2, .L18
 239 0056 4A46     		mov	r2, r9
 240              	.L18:
 241              	.LVL9:
3620:Drivers/STM32F1xx_HAL_Driver/Src/stm32f1xx_hal_spi.c ****     }
 242              		.loc 1 3620 7 is_stmt 1 view .LVU65
3620:Drivers/STM32F1xx_HAL_Driver/Src/stm32f1xx_hal_spi.c ****     }
 243              		.loc 1 3620 12 is_stmt 0 view .LVU66
 244 0058 019B     		ldr	r3, [sp, #4]
 245 005a 013B     		subs	r3, r3, #1
 246 005c 0193     		str	r3, [sp, #4]
 247 005e 9146     		mov	r9, r2
 248 0060 E5E7     		b	.L12
 249              	.LVL10:
 250              	.L22:
3593:Drivers/STM32F1xx_HAL_Driver/Src/stm32f1xx_hal_spi.c **** 
 251              		.loc 1 3593 9 is_stmt 1 view .LVU67
 252 0062 2A68     		ldr	r2, [r5]
 253 0064 5368     		ldr	r3, [r2, #4]
 254 0066 23F0E003 		bic	r3, r3, #224
 255 006a 5360     		str	r3, [r2, #4]
3595:Drivers/STM32F1xx_HAL_Driver/Src/stm32f1xx_hal_spi.c ****                                                      || (hspi->Init.Direction == SPI_DIRECTION_2LIN
 256              		.loc 1 3595 9 view .LVU68
3595:Drivers/STM32F1xx_HAL_Driver/Src/stm32f1xx_hal_spi.c ****                                                      || (hspi->Init.Direction == SPI_DIRECTION_2LIN
 257              		.loc 1 3595 24 is_stmt 0 view .LVU69
 258 006c 6B68     		ldr	r3, [r5, #4]
3595:Drivers/STM32F1xx_HAL_Driver/Src/stm32f1xx_hal_spi.c ****                                                      || (hspi->Init.Direction == SPI_DIRECTION_2LIN
 259              		.loc 1 3595 12 view .LVU70
 260 006e B3F5827F 		cmp	r3, #260
ARM GAS  /tmp/cctmCgKp.s 			page 76


 261 0072 0BD0     		beq	.L23
 262              	.L14:
3603:Drivers/STM32F1xx_HAL_Driver/Src/stm32f1xx_hal_spi.c ****         {
 263              		.loc 1 3603 9 is_stmt 1 view .LVU71
3603:Drivers/STM32F1xx_HAL_Driver/Src/stm32f1xx_hal_spi.c ****         {
 264              		.loc 1 3603 23 is_stmt 0 view .LVU72
 265 0074 AB6A     		ldr	r3, [r5, #40]
3603:Drivers/STM32F1xx_HAL_Driver/Src/stm32f1xx_hal_spi.c ****         {
 266              		.loc 1 3603 12 view .LVU73
 267 0076 B3F5005F 		cmp	r3, #8192
 268 007a 14D0     		beq	.L24
 269              	.L16:
3605:Drivers/STM32F1xx_HAL_Driver/Src/stm32f1xx_hal_spi.c ****         }
 270              		.loc 1 3605 11 is_stmt 1 discriminator 1 view .LVU74
3608:Drivers/STM32F1xx_HAL_Driver/Src/stm32f1xx_hal_spi.c **** 
 271              		.loc 1 3608 9 view .LVU75
3608:Drivers/STM32F1xx_HAL_Driver/Src/stm32f1xx_hal_spi.c **** 
 272              		.loc 1 3608 21 is_stmt 0 view .LVU76
 273 007c 0123     		movs	r3, #1
 274 007e 85F85130 		strb	r3, [r5, #81]
3611:Drivers/STM32F1xx_HAL_Driver/Src/stm32f1xx_hal_spi.c **** 
 275              		.loc 1 3611 9 is_stmt 1 view .LVU77
3611:Drivers/STM32F1xx_HAL_Driver/Src/stm32f1xx_hal_spi.c **** 
 276              		.loc 1 3611 9 view .LVU78
 277 0082 0023     		movs	r3, #0
 278 0084 85F85030 		strb	r3, [r5, #80]
3611:Drivers/STM32F1xx_HAL_Driver/Src/stm32f1xx_hal_spi.c **** 
 279              		.loc 1 3611 9 view .LVU79
3613:Drivers/STM32F1xx_HAL_Driver/Src/stm32f1xx_hal_spi.c ****       }
 280              		.loc 1 3613 9 view .LVU80
3613:Drivers/STM32F1xx_HAL_Driver/Src/stm32f1xx_hal_spi.c ****       }
 281              		.loc 1 3613 16 is_stmt 0 view .LVU81
 282 0088 0320     		movs	r0, #3
 283 008a 18E0     		b	.L17
 284              	.L23:
3595:Drivers/STM32F1xx_HAL_Driver/Src/stm32f1xx_hal_spi.c ****                                                      || (hspi->Init.Direction == SPI_DIRECTION_2LIN
 285              		.loc 1 3595 65 discriminator 1 view .LVU82
 286 008c AB68     		ldr	r3, [r5, #8]
3595:Drivers/STM32F1xx_HAL_Driver/Src/stm32f1xx_hal_spi.c ****                                                      || (hspi->Init.Direction == SPI_DIRECTION_2LIN
 287              		.loc 1 3595 50 discriminator 1 view .LVU83
 288 008e B3F5004F 		cmp	r3, #32768
 289 0092 02D0     		beq	.L15
3596:Drivers/STM32F1xx_HAL_Driver/Src/stm32f1xx_hal_spi.c ****         {
 290              		.loc 1 3596 54 view .LVU84
 291 0094 B3F5806F 		cmp	r3, #1024
 292 0098 ECD1     		bne	.L14
 293              	.L15:
3599:Drivers/STM32F1xx_HAL_Driver/Src/stm32f1xx_hal_spi.c ****         }
 294              		.loc 1 3599 11 is_stmt 1 view .LVU85
 295 009a 2A68     		ldr	r2, [r5]
 296 009c 1368     		ldr	r3, [r2]
 297 009e 23F04003 		bic	r3, r3, #64
 298 00a2 1360     		str	r3, [r2]
 299 00a4 E6E7     		b	.L14
 300              	.L24:
3605:Drivers/STM32F1xx_HAL_Driver/Src/stm32f1xx_hal_spi.c ****         }
 301              		.loc 1 3605 11 view .LVU86
ARM GAS  /tmp/cctmCgKp.s 			page 77


3605:Drivers/STM32F1xx_HAL_Driver/Src/stm32f1xx_hal_spi.c ****         }
 302              		.loc 1 3605 11 view .LVU87
 303 00a6 2A68     		ldr	r2, [r5]
 304 00a8 1368     		ldr	r3, [r2]
 305 00aa 23F40053 		bic	r3, r3, #8192
 306 00ae 1360     		str	r3, [r2]
3605:Drivers/STM32F1xx_HAL_Driver/Src/stm32f1xx_hal_spi.c ****         }
 307              		.loc 1 3605 11 view .LVU88
 308 00b0 2A68     		ldr	r2, [r5]
 309 00b2 1368     		ldr	r3, [r2]
 310 00b4 43F40053 		orr	r3, r3, #8192
 311 00b8 1360     		str	r3, [r2]
 312 00ba DFE7     		b	.L16
 313              	.L21:
3624:Drivers/STM32F1xx_HAL_Driver/Src/stm32f1xx_hal_spi.c **** }
 314              		.loc 1 3624 10 is_stmt 0 view .LVU89
 315 00bc 0020     		movs	r0, #0
 316              	.L17:
3625:Drivers/STM32F1xx_HAL_Driver/Src/stm32f1xx_hal_spi.c **** 
 317              		.loc 1 3625 1 view .LVU90
 318 00be 02B0     		add	sp, sp, #8
 319              		.cfi_def_cfa_offset 32
 320              		@ sp needed
 321 00c0 BDE8F087 		pop	{r4, r5, r6, r7, r8, r9, r10, pc}
 322              	.LVL11:
 323              	.L26:
3625:Drivers/STM32F1xx_HAL_Driver/Src/stm32f1xx_hal_spi.c **** 
 324              		.loc 1 3625 1 view .LVU91
 325              		.align	2
 326              	.L25:
 327 00c4 00000000 		.word	SystemCoreClock
 328              		.cfi_endproc
 329              	.LFE112:
 331              		.section	.text.SPI_EndRxTxTransaction,"ax",%progbits
 332              		.align	1
 333              		.syntax unified
 334              		.thumb
 335              		.thumb_func
 337              	SPI_EndRxTxTransaction:
 338              	.LVL12:
 339              	.LFB114:
3673:Drivers/STM32F1xx_HAL_Driver/Src/stm32f1xx_hal_spi.c ****   /* Wait until TXE flag */
 340              		.loc 1 3673 1 is_stmt 1 view -0
 341              		.cfi_startproc
 342              		@ args = 0, pretend = 0, frame = 0
 343              		@ frame_needed = 0, uses_anonymous_args = 0
3673:Drivers/STM32F1xx_HAL_Driver/Src/stm32f1xx_hal_spi.c ****   /* Wait until TXE flag */
 344              		.loc 1 3673 1 is_stmt 0 view .LVU93
 345 0000 70B5     		push	{r4, r5, r6, lr}
 346              		.cfi_def_cfa_offset 16
 347              		.cfi_offset 4, -16
 348              		.cfi_offset 5, -12
 349              		.cfi_offset 6, -8
 350              		.cfi_offset 14, -4
 351 0002 82B0     		sub	sp, sp, #8
 352              		.cfi_def_cfa_offset 24
 353 0004 0646     		mov	r6, r0
ARM GAS  /tmp/cctmCgKp.s 			page 78


 354 0006 0C46     		mov	r4, r1
 355 0008 1546     		mov	r5, r2
3675:Drivers/STM32F1xx_HAL_Driver/Src/stm32f1xx_hal_spi.c ****   {
 356              		.loc 1 3675 3 is_stmt 1 view .LVU94
3675:Drivers/STM32F1xx_HAL_Driver/Src/stm32f1xx_hal_spi.c ****   {
 357              		.loc 1 3675 7 is_stmt 0 view .LVU95
 358 000a 0092     		str	r2, [sp]
 359 000c 0B46     		mov	r3, r1
 360 000e 0122     		movs	r2, #1
 361              	.LVL13:
3675:Drivers/STM32F1xx_HAL_Driver/Src/stm32f1xx_hal_spi.c ****   {
 362              		.loc 1 3675 7 view .LVU96
 363 0010 0221     		movs	r1, #2
 364              	.LVL14:
3675:Drivers/STM32F1xx_HAL_Driver/Src/stm32f1xx_hal_spi.c ****   {
 365              		.loc 1 3675 7 view .LVU97
 366 0012 FFF7FEFF 		bl	SPI_WaitFlagStateUntilTimeout
 367              	.LVL15:
3675:Drivers/STM32F1xx_HAL_Driver/Src/stm32f1xx_hal_spi.c ****   {
 368              		.loc 1 3675 6 discriminator 1 view .LVU98
 369 0016 48B9     		cbnz	r0, .L31
3682:Drivers/STM32F1xx_HAL_Driver/Src/stm32f1xx_hal_spi.c ****   {
 370              		.loc 1 3682 3 is_stmt 1 view .LVU99
3682:Drivers/STM32F1xx_HAL_Driver/Src/stm32f1xx_hal_spi.c ****   {
 371              		.loc 1 3682 7 is_stmt 0 view .LVU100
 372 0018 0095     		str	r5, [sp]
 373 001a 2346     		mov	r3, r4
 374 001c 0022     		movs	r2, #0
 375 001e 8021     		movs	r1, #128
 376 0020 3046     		mov	r0, r6
 377 0022 FFF7FEFF 		bl	SPI_WaitFlagStateUntilTimeout
 378              	.LVL16:
3682:Drivers/STM32F1xx_HAL_Driver/Src/stm32f1xx_hal_spi.c ****   {
 379              		.loc 1 3682 6 discriminator 1 view .LVU101
 380 0026 38B9     		cbnz	r0, .L32
 381              	.L29:
3688:Drivers/STM32F1xx_HAL_Driver/Src/stm32f1xx_hal_spi.c **** 
 382              		.loc 1 3688 1 view .LVU102
 383 0028 02B0     		add	sp, sp, #8
 384              		.cfi_remember_state
 385              		.cfi_def_cfa_offset 16
 386              		@ sp needed
 387 002a 70BD     		pop	{r4, r5, r6, pc}
 388              	.LVL17:
 389              	.L31:
 390              		.cfi_restore_state
3677:Drivers/STM32F1xx_HAL_Driver/Src/stm32f1xx_hal_spi.c ****     return HAL_TIMEOUT;
 391              		.loc 1 3677 5 is_stmt 1 view .LVU103
 392 002c 736D     		ldr	r3, [r6, #84]
 393 002e 43F02003 		orr	r3, r3, #32
 394 0032 7365     		str	r3, [r6, #84]
3678:Drivers/STM32F1xx_HAL_Driver/Src/stm32f1xx_hal_spi.c ****   }
 395              		.loc 1 3678 5 view .LVU104
3678:Drivers/STM32F1xx_HAL_Driver/Src/stm32f1xx_hal_spi.c ****   }
 396              		.loc 1 3678 12 is_stmt 0 view .LVU105
 397 0034 0320     		movs	r0, #3
 398 0036 F7E7     		b	.L29
ARM GAS  /tmp/cctmCgKp.s 			page 79


 399              	.L32:
3684:Drivers/STM32F1xx_HAL_Driver/Src/stm32f1xx_hal_spi.c ****     return HAL_TIMEOUT;
 400              		.loc 1 3684 5 is_stmt 1 view .LVU106
 401 0038 736D     		ldr	r3, [r6, #84]
 402 003a 43F02003 		orr	r3, r3, #32
 403 003e 7365     		str	r3, [r6, #84]
3685:Drivers/STM32F1xx_HAL_Driver/Src/stm32f1xx_hal_spi.c ****   }
 404              		.loc 1 3685 5 view .LVU107
3685:Drivers/STM32F1xx_HAL_Driver/Src/stm32f1xx_hal_spi.c ****   }
 405              		.loc 1 3685 12 is_stmt 0 view .LVU108
 406 0040 0320     		movs	r0, #3
 407 0042 F1E7     		b	.L29
 408              		.cfi_endproc
 409              	.LFE114:
 411              		.section	.text.SPI_EndRxTransaction,"ax",%progbits
 412              		.align	1
 413              		.syntax unified
 414              		.thumb
 415              		.thumb_func
 417              	SPI_EndRxTransaction:
 418              	.LVL18:
 419              	.LFB113:
3636:Drivers/STM32F1xx_HAL_Driver/Src/stm32f1xx_hal_spi.c ****   if ((hspi->Init.Mode == SPI_MODE_MASTER) && ((hspi->Init.Direction == SPI_DIRECTION_1LINE)
 420              		.loc 1 3636 1 is_stmt 1 view -0
 421              		.cfi_startproc
 422              		@ args = 0, pretend = 0, frame = 0
 423              		@ frame_needed = 0, uses_anonymous_args = 0
3636:Drivers/STM32F1xx_HAL_Driver/Src/stm32f1xx_hal_spi.c ****   if ((hspi->Init.Mode == SPI_MODE_MASTER) && ((hspi->Init.Direction == SPI_DIRECTION_1LINE)
 424              		.loc 1 3636 1 is_stmt 0 view .LVU110
 425 0000 10B5     		push	{r4, lr}
 426              		.cfi_def_cfa_offset 8
 427              		.cfi_offset 4, -8
 428              		.cfi_offset 14, -4
 429 0002 82B0     		sub	sp, sp, #8
 430              		.cfi_def_cfa_offset 16
 431 0004 0446     		mov	r4, r0
 432 0006 0B46     		mov	r3, r1
3637:Drivers/STM32F1xx_HAL_Driver/Src/stm32f1xx_hal_spi.c ****                                                || (hspi->Init.Direction == SPI_DIRECTION_2LINES_RXO
 433              		.loc 1 3637 3 is_stmt 1 view .LVU111
3637:Drivers/STM32F1xx_HAL_Driver/Src/stm32f1xx_hal_spi.c ****                                                || (hspi->Init.Direction == SPI_DIRECTION_2LINES_RXO
 434              		.loc 1 3637 18 is_stmt 0 view .LVU112
 435 0008 4168     		ldr	r1, [r0, #4]
 436              	.LVL19:
3637:Drivers/STM32F1xx_HAL_Driver/Src/stm32f1xx_hal_spi.c ****                                                || (hspi->Init.Direction == SPI_DIRECTION_2LINES_RXO
 437              		.loc 1 3637 6 view .LVU113
 438 000a B1F5827F 		cmp	r1, #260
 439 000e 10D0     		beq	.L39
 440              	.LVL20:
 441              	.L34:
3644:Drivers/STM32F1xx_HAL_Driver/Src/stm32f1xx_hal_spi.c ****   {
 442              		.loc 1 3644 3 is_stmt 1 view .LVU114
3644:Drivers/STM32F1xx_HAL_Driver/Src/stm32f1xx_hal_spi.c ****   {
 443              		.loc 1 3644 18 is_stmt 0 view .LVU115
 444 0010 6168     		ldr	r1, [r4, #4]
3644:Drivers/STM32F1xx_HAL_Driver/Src/stm32f1xx_hal_spi.c ****   {
 445              		.loc 1 3644 6 view .LVU116
 446 0012 B1F5827F 		cmp	r1, #260
ARM GAS  /tmp/cctmCgKp.s 			page 80


 447 0016 03D1     		bne	.L36
3644:Drivers/STM32F1xx_HAL_Driver/Src/stm32f1xx_hal_spi.c ****   {
 448              		.loc 1 3644 58 discriminator 1 view .LVU117
 449 0018 A168     		ldr	r1, [r4, #8]
3644:Drivers/STM32F1xx_HAL_Driver/Src/stm32f1xx_hal_spi.c ****   {
 450              		.loc 1 3644 44 discriminator 1 view .LVU118
 451 001a B1F5806F 		cmp	r1, #1024
 452 001e 15D0     		beq	.L40
 453              	.L36:
3656:Drivers/STM32F1xx_HAL_Driver/Src/stm32f1xx_hal_spi.c ****     {
 454              		.loc 1 3656 5 is_stmt 1 view .LVU119
3656:Drivers/STM32F1xx_HAL_Driver/Src/stm32f1xx_hal_spi.c ****     {
 455              		.loc 1 3656 9 is_stmt 0 view .LVU120
 456 0020 0092     		str	r2, [sp]
 457 0022 0022     		movs	r2, #0
 458              	.LVL21:
3656:Drivers/STM32F1xx_HAL_Driver/Src/stm32f1xx_hal_spi.c ****     {
 459              		.loc 1 3656 9 view .LVU121
 460 0024 8021     		movs	r1, #128
 461 0026 2046     		mov	r0, r4
 462 0028 FFF7FEFF 		bl	SPI_WaitFlagStateUntilTimeout
 463              	.LVL22:
3656:Drivers/STM32F1xx_HAL_Driver/Src/stm32f1xx_hal_spi.c ****     {
 464              		.loc 1 3656 8 discriminator 1 view .LVU122
 465 002c E0B9     		cbnz	r0, .L41
 466              	.L37:
3663:Drivers/STM32F1xx_HAL_Driver/Src/stm32f1xx_hal_spi.c **** 
 467              		.loc 1 3663 1 view .LVU123
 468 002e 02B0     		add	sp, sp, #8
 469              		.cfi_remember_state
 470              		.cfi_def_cfa_offset 8
 471              		@ sp needed
 472 0030 10BD     		pop	{r4, pc}
 473              	.LVL23:
 474              	.L39:
 475              		.cfi_restore_state
3637:Drivers/STM32F1xx_HAL_Driver/Src/stm32f1xx_hal_spi.c ****                                                || (hspi->Init.Direction == SPI_DIRECTION_2LINES_RXO
 476              		.loc 1 3637 59 discriminator 1 view .LVU124
 477 0032 8168     		ldr	r1, [r0, #8]
3637:Drivers/STM32F1xx_HAL_Driver/Src/stm32f1xx_hal_spi.c ****                                                || (hspi->Init.Direction == SPI_DIRECTION_2LINES_RXO
 478              		.loc 1 3637 44 discriminator 1 view .LVU125
 479 0034 B1F5004F 		cmp	r1, #32768
 480 0038 02D0     		beq	.L35
3638:Drivers/STM32F1xx_HAL_Driver/Src/stm32f1xx_hal_spi.c ****   {
 481              		.loc 1 3638 48 view .LVU126
 482 003a B1F5806F 		cmp	r1, #1024
 483 003e E7D1     		bne	.L34
 484              	.L35:
3641:Drivers/STM32F1xx_HAL_Driver/Src/stm32f1xx_hal_spi.c ****   }
 485              		.loc 1 3641 5 is_stmt 1 view .LVU127
 486 0040 2068     		ldr	r0, [r4]
 487              	.LVL24:
3641:Drivers/STM32F1xx_HAL_Driver/Src/stm32f1xx_hal_spi.c ****   }
 488              		.loc 1 3641 5 is_stmt 0 view .LVU128
 489 0042 0168     		ldr	r1, [r0]
 490 0044 21F04001 		bic	r1, r1, #64
 491 0048 0160     		str	r1, [r0]
ARM GAS  /tmp/cctmCgKp.s 			page 81


 492 004a E1E7     		b	.L34
 493              	.L40:
3647:Drivers/STM32F1xx_HAL_Driver/Src/stm32f1xx_hal_spi.c ****     {
 494              		.loc 1 3647 5 is_stmt 1 view .LVU129
3647:Drivers/STM32F1xx_HAL_Driver/Src/stm32f1xx_hal_spi.c ****     {
 495              		.loc 1 3647 9 is_stmt 0 view .LVU130
 496 004c 0092     		str	r2, [sp]
 497 004e 0022     		movs	r2, #0
 498              	.LVL25:
3647:Drivers/STM32F1xx_HAL_Driver/Src/stm32f1xx_hal_spi.c ****     {
 499              		.loc 1 3647 9 view .LVU131
 500 0050 0121     		movs	r1, #1
 501 0052 2046     		mov	r0, r4
 502 0054 FFF7FEFF 		bl	SPI_WaitFlagStateUntilTimeout
 503              	.LVL26:
3647:Drivers/STM32F1xx_HAL_Driver/Src/stm32f1xx_hal_spi.c ****     {
 504              		.loc 1 3647 8 discriminator 1 view .LVU132
 505 0058 0028     		cmp	r0, #0
 506 005a E8D0     		beq	.L37
3649:Drivers/STM32F1xx_HAL_Driver/Src/stm32f1xx_hal_spi.c ****       return HAL_TIMEOUT;
 507              		.loc 1 3649 7 is_stmt 1 view .LVU133
 508 005c 636D     		ldr	r3, [r4, #84]
 509 005e 43F02003 		orr	r3, r3, #32
 510 0062 6365     		str	r3, [r4, #84]
3650:Drivers/STM32F1xx_HAL_Driver/Src/stm32f1xx_hal_spi.c ****     }
 511              		.loc 1 3650 7 view .LVU134
3650:Drivers/STM32F1xx_HAL_Driver/Src/stm32f1xx_hal_spi.c ****     }
 512              		.loc 1 3650 14 is_stmt 0 view .LVU135
 513 0064 0320     		movs	r0, #3
 514 0066 E2E7     		b	.L37
 515              	.L41:
3658:Drivers/STM32F1xx_HAL_Driver/Src/stm32f1xx_hal_spi.c ****       return HAL_TIMEOUT;
 516              		.loc 1 3658 7 is_stmt 1 view .LVU136
 517 0068 636D     		ldr	r3, [r4, #84]
 518 006a 43F02003 		orr	r3, r3, #32
 519 006e 6365     		str	r3, [r4, #84]
3659:Drivers/STM32F1xx_HAL_Driver/Src/stm32f1xx_hal_spi.c ****     }
 520              		.loc 1 3659 7 view .LVU137
3659:Drivers/STM32F1xx_HAL_Driver/Src/stm32f1xx_hal_spi.c ****     }
 521              		.loc 1 3659 14 is_stmt 0 view .LVU138
 522 0070 0320     		movs	r0, #3
 523 0072 DCE7     		b	.L37
 524              		.cfi_endproc
 525              	.LFE113:
 527              		.section	.text.HAL_SPI_MspInit,"ax",%progbits
 528              		.align	1
 529              		.weak	HAL_SPI_MspInit
 530              		.syntax unified
 531              		.thumb
 532              		.thumb_func
 534              	HAL_SPI_MspInit:
 535              	.LVL27:
 536              	.LFB67:
 508:Drivers/STM32F1xx_HAL_Driver/Src/stm32f1xx_hal_spi.c ****   /* Prevent unused argument(s) compilation warning */
 537              		.loc 1 508 1 is_stmt 1 view -0
 538              		.cfi_startproc
 539              		@ args = 0, pretend = 0, frame = 0
ARM GAS  /tmp/cctmCgKp.s 			page 82


 540              		@ frame_needed = 0, uses_anonymous_args = 0
 541              		@ link register save eliminated.
 510:Drivers/STM32F1xx_HAL_Driver/Src/stm32f1xx_hal_spi.c **** 
 542              		.loc 1 510 3 view .LVU140
 515:Drivers/STM32F1xx_HAL_Driver/Src/stm32f1xx_hal_spi.c **** 
 543              		.loc 1 515 1 is_stmt 0 view .LVU141
 544 0000 7047     		bx	lr
 545              		.cfi_endproc
 546              	.LFE67:
 548              		.section	.text.HAL_SPI_Init,"ax",%progbits
 549              		.align	1
 550              		.global	HAL_SPI_Init
 551              		.syntax unified
 552              		.thumb
 553              		.thumb_func
 555              	HAL_SPI_Init:
 556              	.LVL28:
 557              	.LFB65:
 336:Drivers/STM32F1xx_HAL_Driver/Src/stm32f1xx_hal_spi.c ****   /* Check the SPI handle allocation */
 558              		.loc 1 336 1 is_stmt 1 view -0
 559              		.cfi_startproc
 560              		@ args = 0, pretend = 0, frame = 0
 561              		@ frame_needed = 0, uses_anonymous_args = 0
 338:Drivers/STM32F1xx_HAL_Driver/Src/stm32f1xx_hal_spi.c ****   {
 562              		.loc 1 338 3 view .LVU143
 338:Drivers/STM32F1xx_HAL_Driver/Src/stm32f1xx_hal_spi.c ****   {
 563              		.loc 1 338 6 is_stmt 0 view .LVU144
 564 0000 0028     		cmp	r0, #0
 565 0002 56D0     		beq	.L48
 336:Drivers/STM32F1xx_HAL_Driver/Src/stm32f1xx_hal_spi.c ****   /* Check the SPI handle allocation */
 566              		.loc 1 336 1 view .LVU145
 567 0004 10B5     		push	{r4, lr}
 568              		.cfi_def_cfa_offset 8
 569              		.cfi_offset 4, -8
 570              		.cfi_offset 14, -4
 571 0006 0446     		mov	r4, r0
 344:Drivers/STM32F1xx_HAL_Driver/Src/stm32f1xx_hal_spi.c ****   assert_param(IS_SPI_MODE(hspi->Init.Mode));
 572              		.loc 1 344 3 is_stmt 1 view .LVU146
 345:Drivers/STM32F1xx_HAL_Driver/Src/stm32f1xx_hal_spi.c ****   assert_param(IS_SPI_DIRECTION(hspi->Init.Direction));
 573              		.loc 1 345 3 view .LVU147
 346:Drivers/STM32F1xx_HAL_Driver/Src/stm32f1xx_hal_spi.c ****   assert_param(IS_SPI_DATASIZE(hspi->Init.DataSize));
 574              		.loc 1 346 3 view .LVU148
 347:Drivers/STM32F1xx_HAL_Driver/Src/stm32f1xx_hal_spi.c ****   assert_param(IS_SPI_NSS(hspi->Init.NSS));
 575              		.loc 1 347 3 view .LVU149
 348:Drivers/STM32F1xx_HAL_Driver/Src/stm32f1xx_hal_spi.c ****   assert_param(IS_SPI_BAUDRATE_PRESCALER(hspi->Init.BaudRatePrescaler));
 576              		.loc 1 348 3 view .LVU150
 349:Drivers/STM32F1xx_HAL_Driver/Src/stm32f1xx_hal_spi.c ****   assert_param(IS_SPI_FIRST_BIT(hspi->Init.FirstBit));
 577              		.loc 1 349 3 view .LVU151
 350:Drivers/STM32F1xx_HAL_Driver/Src/stm32f1xx_hal_spi.c ****   /* TI mode is not supported on this device.
 578              		.loc 1 350 3 view .LVU152
 353:Drivers/STM32F1xx_HAL_Driver/Src/stm32f1xx_hal_spi.c ****   if (hspi->Init.TIMode == SPI_TIMODE_DISABLE)
 579              		.loc 1 353 3 view .LVU153
 354:Drivers/STM32F1xx_HAL_Driver/Src/stm32f1xx_hal_spi.c ****   {
 580              		.loc 1 354 3 view .LVU154
 354:Drivers/STM32F1xx_HAL_Driver/Src/stm32f1xx_hal_spi.c ****   {
 581              		.loc 1 354 17 is_stmt 0 view .LVU155
 582 0008 436A     		ldr	r3, [r0, #36]
ARM GAS  /tmp/cctmCgKp.s 			page 83


 354:Drivers/STM32F1xx_HAL_Driver/Src/stm32f1xx_hal_spi.c ****   {
 583              		.loc 1 354 6 view .LVU156
 584 000a 33B9     		cbnz	r3, .L45
 356:Drivers/STM32F1xx_HAL_Driver/Src/stm32f1xx_hal_spi.c ****     assert_param(IS_SPI_CPHA(hspi->Init.CLKPhase));
 585              		.loc 1 356 5 is_stmt 1 view .LVU157
 357:Drivers/STM32F1xx_HAL_Driver/Src/stm32f1xx_hal_spi.c **** 
 586              		.loc 1 357 5 view .LVU158
 359:Drivers/STM32F1xx_HAL_Driver/Src/stm32f1xx_hal_spi.c ****     {
 587              		.loc 1 359 5 view .LVU159
 359:Drivers/STM32F1xx_HAL_Driver/Src/stm32f1xx_hal_spi.c ****     {
 588              		.loc 1 359 19 is_stmt 0 view .LVU160
 589 000c 4368     		ldr	r3, [r0, #4]
 359:Drivers/STM32F1xx_HAL_Driver/Src/stm32f1xx_hal_spi.c ****     {
 590              		.loc 1 359 8 view .LVU161
 591 000e B3F5827F 		cmp	r3, #260
 592 0012 05D0     		beq	.L46
 366:Drivers/STM32F1xx_HAL_Driver/Src/stm32f1xx_hal_spi.c ****     }
 593              		.loc 1 366 7 is_stmt 1 view .LVU162
 366:Drivers/STM32F1xx_HAL_Driver/Src/stm32f1xx_hal_spi.c ****     }
 594              		.loc 1 366 36 is_stmt 0 view .LVU163
 595 0014 0023     		movs	r3, #0
 596 0016 C361     		str	r3, [r0, #28]
 597 0018 02E0     		b	.L46
 598              	.L45:
 371:Drivers/STM32F1xx_HAL_Driver/Src/stm32f1xx_hal_spi.c **** 
 599              		.loc 1 371 5 is_stmt 1 view .LVU164
 374:Drivers/STM32F1xx_HAL_Driver/Src/stm32f1xx_hal_spi.c ****     hspi->Init.CLKPhase    = SPI_PHASE_1EDGE;
 600              		.loc 1 374 5 view .LVU165
 374:Drivers/STM32F1xx_HAL_Driver/Src/stm32f1xx_hal_spi.c ****     hspi->Init.CLKPhase    = SPI_PHASE_1EDGE;
 601              		.loc 1 374 28 is_stmt 0 view .LVU166
 602 001a 0023     		movs	r3, #0
 603 001c 0361     		str	r3, [r0, #16]
 375:Drivers/STM32F1xx_HAL_Driver/Src/stm32f1xx_hal_spi.c ****   }
 604              		.loc 1 375 5 is_stmt 1 view .LVU167
 375:Drivers/STM32F1xx_HAL_Driver/Src/stm32f1xx_hal_spi.c ****   }
 605              		.loc 1 375 28 is_stmt 0 view .LVU168
 606 001e 4361     		str	r3, [r0, #20]
 607              	.L46:
 384:Drivers/STM32F1xx_HAL_Driver/Src/stm32f1xx_hal_spi.c **** #endif /* USE_SPI_CRC */
 608              		.loc 1 384 3 is_stmt 1 view .LVU169
 384:Drivers/STM32F1xx_HAL_Driver/Src/stm32f1xx_hal_spi.c **** #endif /* USE_SPI_CRC */
 609              		.loc 1 384 29 is_stmt 0 view .LVU170
 610 0020 0023     		movs	r3, #0
 611 0022 A362     		str	r3, [r4, #40]
 387:Drivers/STM32F1xx_HAL_Driver/Src/stm32f1xx_hal_spi.c ****   {
 612              		.loc 1 387 3 is_stmt 1 view .LVU171
 387:Drivers/STM32F1xx_HAL_Driver/Src/stm32f1xx_hal_spi.c ****   {
 613              		.loc 1 387 11 is_stmt 0 view .LVU172
 614 0024 94F85130 		ldrb	r3, [r4, #81]	@ zero_extendqisi2
 387:Drivers/STM32F1xx_HAL_Driver/Src/stm32f1xx_hal_spi.c ****   {
 615              		.loc 1 387 6 view .LVU173
 616 0028 002B     		cmp	r3, #0
 617 002a 3CD0     		beq	.L53
 618              	.LVL29:
 619              	.L47:
 416:Drivers/STM32F1xx_HAL_Driver/Src/stm32f1xx_hal_spi.c **** 
 620              		.loc 1 416 3 is_stmt 1 view .LVU174
ARM GAS  /tmp/cctmCgKp.s 			page 84


 416:Drivers/STM32F1xx_HAL_Driver/Src/stm32f1xx_hal_spi.c **** 
 621              		.loc 1 416 15 is_stmt 0 view .LVU175
 622 002c 0223     		movs	r3, #2
 623 002e 84F85130 		strb	r3, [r4, #81]
 419:Drivers/STM32F1xx_HAL_Driver/Src/stm32f1xx_hal_spi.c **** 
 624              		.loc 1 419 3 is_stmt 1 view .LVU176
 625 0032 2268     		ldr	r2, [r4]
 626 0034 1368     		ldr	r3, [r2]
 627 0036 23F04003 		bic	r3, r3, #64
 628 003a 1360     		str	r3, [r2]
 424:Drivers/STM32F1xx_HAL_Driver/Src/stm32f1xx_hal_spi.c ****                                   (hspi->Init.Direction & (SPI_CR1_RXONLY | SPI_CR1_BIDIMODE)) |
 629              		.loc 1 424 3 view .LVU177
 630 003c 6368     		ldr	r3, [r4, #4]
 631 003e 03F48273 		and	r3, r3, #260
 632 0042 A268     		ldr	r2, [r4, #8]
 633 0044 02F40442 		and	r2, r2, #33792
 634 0048 1343     		orrs	r3, r3, r2
 635 004a E268     		ldr	r2, [r4, #12]
 636 004c 02F40062 		and	r2, r2, #2048
 637 0050 1343     		orrs	r3, r3, r2
 638 0052 2269     		ldr	r2, [r4, #16]
 639 0054 02F00202 		and	r2, r2, #2
 640 0058 1343     		orrs	r3, r3, r2
 641 005a 6269     		ldr	r2, [r4, #20]
 642 005c 02F00102 		and	r2, r2, #1
 643 0060 1343     		orrs	r3, r3, r2
 644 0062 A269     		ldr	r2, [r4, #24]
 645 0064 02F40072 		and	r2, r2, #512
 646 0068 1343     		orrs	r3, r3, r2
 647 006a E269     		ldr	r2, [r4, #28]
 648 006c 02F03802 		and	r2, r2, #56
 649 0070 1343     		orrs	r3, r3, r2
 650 0072 226A     		ldr	r2, [r4, #32]
 651 0074 02F08002 		and	r2, r2, #128
 652 0078 1343     		orrs	r3, r3, r2
 653 007a A26A     		ldr	r2, [r4, #40]
 654 007c 02F40052 		and	r2, r2, #8192
 655 0080 2168     		ldr	r1, [r4]
 656 0082 1343     		orrs	r3, r3, r2
 657 0084 0B60     		str	r3, [r1]
 435:Drivers/STM32F1xx_HAL_Driver/Src/stm32f1xx_hal_spi.c **** 
 658              		.loc 1 435 3 view .LVU178
 659 0086 638B     		ldrh	r3, [r4, #26]
 660 0088 2268     		ldr	r2, [r4]
 661 008a 03F00403 		and	r3, r3, #4
 662 008e 5360     		str	r3, [r2, #4]
 448:Drivers/STM32F1xx_HAL_Driver/Src/stm32f1xx_hal_spi.c **** #endif /* SPI_I2SCFGR_I2SMOD */
 663              		.loc 1 448 3 view .LVU179
 664 0090 2268     		ldr	r2, [r4]
 665 0092 D369     		ldr	r3, [r2, #28]
 666 0094 23F40063 		bic	r3, r3, #2048
 667 0098 D361     		str	r3, [r2, #28]
 451:Drivers/STM32F1xx_HAL_Driver/Src/stm32f1xx_hal_spi.c ****   hspi->State     = HAL_SPI_STATE_READY;
 668              		.loc 1 451 3 view .LVU180
 451:Drivers/STM32F1xx_HAL_Driver/Src/stm32f1xx_hal_spi.c ****   hspi->State     = HAL_SPI_STATE_READY;
 669              		.loc 1 451 19 is_stmt 0 view .LVU181
 670 009a 0020     		movs	r0, #0
ARM GAS  /tmp/cctmCgKp.s 			page 85


 671 009c 6065     		str	r0, [r4, #84]
 452:Drivers/STM32F1xx_HAL_Driver/Src/stm32f1xx_hal_spi.c **** 
 672              		.loc 1 452 3 is_stmt 1 view .LVU182
 452:Drivers/STM32F1xx_HAL_Driver/Src/stm32f1xx_hal_spi.c **** 
 673              		.loc 1 452 19 is_stmt 0 view .LVU183
 674 009e 0123     		movs	r3, #1
 675 00a0 84F85130 		strb	r3, [r4, #81]
 454:Drivers/STM32F1xx_HAL_Driver/Src/stm32f1xx_hal_spi.c **** }
 676              		.loc 1 454 3 is_stmt 1 view .LVU184
 455:Drivers/STM32F1xx_HAL_Driver/Src/stm32f1xx_hal_spi.c **** 
 677              		.loc 1 455 1 is_stmt 0 view .LVU185
 678 00a4 10BD     		pop	{r4, pc}
 679              	.LVL30:
 680              	.L53:
 390:Drivers/STM32F1xx_HAL_Driver/Src/stm32f1xx_hal_spi.c **** 
 681              		.loc 1 390 5 is_stmt 1 view .LVU186
 390:Drivers/STM32F1xx_HAL_Driver/Src/stm32f1xx_hal_spi.c **** 
 682              		.loc 1 390 16 is_stmt 0 view .LVU187
 683 00a6 84F85030 		strb	r3, [r4, #80]
 412:Drivers/STM32F1xx_HAL_Driver/Src/stm32f1xx_hal_spi.c **** #endif /* USE_HAL_SPI_REGISTER_CALLBACKS */
 684              		.loc 1 412 5 is_stmt 1 view .LVU188
 685 00aa 2046     		mov	r0, r4
 686              	.LVL31:
 412:Drivers/STM32F1xx_HAL_Driver/Src/stm32f1xx_hal_spi.c **** #endif /* USE_HAL_SPI_REGISTER_CALLBACKS */
 687              		.loc 1 412 5 is_stmt 0 view .LVU189
 688 00ac FFF7FEFF 		bl	HAL_SPI_MspInit
 689              	.LVL32:
 690 00b0 BCE7     		b	.L47
 691              	.LVL33:
 692              	.L48:
 693              		.cfi_def_cfa_offset 0
 694              		.cfi_restore 4
 695              		.cfi_restore 14
 340:Drivers/STM32F1xx_HAL_Driver/Src/stm32f1xx_hal_spi.c ****   }
 696              		.loc 1 340 12 view .LVU190
 697 00b2 0120     		movs	r0, #1
 698              	.LVL34:
 455:Drivers/STM32F1xx_HAL_Driver/Src/stm32f1xx_hal_spi.c **** 
 699              		.loc 1 455 1 view .LVU191
 700 00b4 7047     		bx	lr
 701              		.cfi_endproc
 702              	.LFE65:
 704              		.section	.text.HAL_SPI_MspDeInit,"ax",%progbits
 705              		.align	1
 706              		.weak	HAL_SPI_MspDeInit
 707              		.syntax unified
 708              		.thumb
 709              		.thumb_func
 711              	HAL_SPI_MspDeInit:
 712              	.LVL35:
 713              	.LFB68:
 524:Drivers/STM32F1xx_HAL_Driver/Src/stm32f1xx_hal_spi.c ****   /* Prevent unused argument(s) compilation warning */
 714              		.loc 1 524 1 is_stmt 1 view -0
 715              		.cfi_startproc
 716              		@ args = 0, pretend = 0, frame = 0
 717              		@ frame_needed = 0, uses_anonymous_args = 0
 718              		@ link register save eliminated.
ARM GAS  /tmp/cctmCgKp.s 			page 86


 526:Drivers/STM32F1xx_HAL_Driver/Src/stm32f1xx_hal_spi.c **** 
 719              		.loc 1 526 3 view .LVU193
 531:Drivers/STM32F1xx_HAL_Driver/Src/stm32f1xx_hal_spi.c **** 
 720              		.loc 1 531 1 is_stmt 0 view .LVU194
 721 0000 7047     		bx	lr
 722              		.cfi_endproc
 723              	.LFE68:
 725              		.section	.text.HAL_SPI_DeInit,"ax",%progbits
 726              		.align	1
 727              		.global	HAL_SPI_DeInit
 728              		.syntax unified
 729              		.thumb
 730              		.thumb_func
 732              	HAL_SPI_DeInit:
 733              	.LVL36:
 734              	.LFB66:
 464:Drivers/STM32F1xx_HAL_Driver/Src/stm32f1xx_hal_spi.c ****   /* Check the SPI handle allocation */
 735              		.loc 1 464 1 is_stmt 1 view -0
 736              		.cfi_startproc
 737              		@ args = 0, pretend = 0, frame = 0
 738              		@ frame_needed = 0, uses_anonymous_args = 0
 466:Drivers/STM32F1xx_HAL_Driver/Src/stm32f1xx_hal_spi.c ****   {
 739              		.loc 1 466 3 view .LVU196
 466:Drivers/STM32F1xx_HAL_Driver/Src/stm32f1xx_hal_spi.c ****   {
 740              		.loc 1 466 6 is_stmt 0 view .LVU197
 741 0000 90B1     		cbz	r0, .L57
 464:Drivers/STM32F1xx_HAL_Driver/Src/stm32f1xx_hal_spi.c ****   /* Check the SPI handle allocation */
 742              		.loc 1 464 1 view .LVU198
 743 0002 10B5     		push	{r4, lr}
 744              		.cfi_def_cfa_offset 8
 745              		.cfi_offset 4, -8
 746              		.cfi_offset 14, -4
 747 0004 0446     		mov	r4, r0
 472:Drivers/STM32F1xx_HAL_Driver/Src/stm32f1xx_hal_spi.c **** 
 748              		.loc 1 472 3 is_stmt 1 view .LVU199
 474:Drivers/STM32F1xx_HAL_Driver/Src/stm32f1xx_hal_spi.c **** 
 749              		.loc 1 474 3 view .LVU200
 474:Drivers/STM32F1xx_HAL_Driver/Src/stm32f1xx_hal_spi.c **** 
 750              		.loc 1 474 15 is_stmt 0 view .LVU201
 751 0006 0223     		movs	r3, #2
 752 0008 80F85130 		strb	r3, [r0, #81]
 477:Drivers/STM32F1xx_HAL_Driver/Src/stm32f1xx_hal_spi.c **** 
 753              		.loc 1 477 3 is_stmt 1 view .LVU202
 754 000c 0268     		ldr	r2, [r0]
 755 000e 1368     		ldr	r3, [r2]
 756 0010 23F04003 		bic	r3, r3, #64
 757 0014 1360     		str	r3, [r2]
 489:Drivers/STM32F1xx_HAL_Driver/Src/stm32f1xx_hal_spi.c **** #endif /* USE_HAL_SPI_REGISTER_CALLBACKS */
 758              		.loc 1 489 3 view .LVU203
 759 0016 FFF7FEFF 		bl	HAL_SPI_MspDeInit
 760              	.LVL37:
 492:Drivers/STM32F1xx_HAL_Driver/Src/stm32f1xx_hal_spi.c ****   hspi->State = HAL_SPI_STATE_RESET;
 761              		.loc 1 492 3 view .LVU204
 492:Drivers/STM32F1xx_HAL_Driver/Src/stm32f1xx_hal_spi.c ****   hspi->State = HAL_SPI_STATE_RESET;
 762              		.loc 1 492 19 is_stmt 0 view .LVU205
 763 001a 0020     		movs	r0, #0
 764 001c 6065     		str	r0, [r4, #84]
ARM GAS  /tmp/cctmCgKp.s 			page 87


 493:Drivers/STM32F1xx_HAL_Driver/Src/stm32f1xx_hal_spi.c **** 
 765              		.loc 1 493 3 is_stmt 1 view .LVU206
 493:Drivers/STM32F1xx_HAL_Driver/Src/stm32f1xx_hal_spi.c **** 
 766              		.loc 1 493 15 is_stmt 0 view .LVU207
 767 001e 84F85100 		strb	r0, [r4, #81]
 496:Drivers/STM32F1xx_HAL_Driver/Src/stm32f1xx_hal_spi.c **** 
 768              		.loc 1 496 3 is_stmt 1 view .LVU208
 496:Drivers/STM32F1xx_HAL_Driver/Src/stm32f1xx_hal_spi.c **** 
 769              		.loc 1 496 3 view .LVU209
 770 0022 84F85000 		strb	r0, [r4, #80]
 496:Drivers/STM32F1xx_HAL_Driver/Src/stm32f1xx_hal_spi.c **** 
 771              		.loc 1 496 3 view .LVU210
 498:Drivers/STM32F1xx_HAL_Driver/Src/stm32f1xx_hal_spi.c **** }
 772              		.loc 1 498 3 view .LVU211
 499:Drivers/STM32F1xx_HAL_Driver/Src/stm32f1xx_hal_spi.c **** 
 773              		.loc 1 499 1 is_stmt 0 view .LVU212
 774 0026 10BD     		pop	{r4, pc}
 775              	.LVL38:
 776              	.L57:
 777              		.cfi_def_cfa_offset 0
 778              		.cfi_restore 4
 779              		.cfi_restore 14
 468:Drivers/STM32F1xx_HAL_Driver/Src/stm32f1xx_hal_spi.c ****   }
 780              		.loc 1 468 12 view .LVU213
 781 0028 0120     		movs	r0, #1
 782              	.LVL39:
 499:Drivers/STM32F1xx_HAL_Driver/Src/stm32f1xx_hal_spi.c **** 
 783              		.loc 1 499 1 view .LVU214
 784 002a 7047     		bx	lr
 785              		.cfi_endproc
 786              	.LFE66:
 788              		.section	.text.HAL_SPI_Transmit,"ax",%progbits
 789              		.align	1
 790              		.global	HAL_SPI_Transmit
 791              		.syntax unified
 792              		.thumb
 793              		.thumb_func
 795              	HAL_SPI_Transmit:
 796              	.LVL40:
 797              	.LFB69:
 796:Drivers/STM32F1xx_HAL_Driver/Src/stm32f1xx_hal_spi.c ****   uint32_t tickstart;
 798              		.loc 1 796 1 is_stmt 1 view -0
 799              		.cfi_startproc
 800              		@ args = 0, pretend = 0, frame = 8
 801              		@ frame_needed = 0, uses_anonymous_args = 0
 796:Drivers/STM32F1xx_HAL_Driver/Src/stm32f1xx_hal_spi.c ****   uint32_t tickstart;
 802              		.loc 1 796 1 is_stmt 0 view .LVU216
 803 0000 2DE9F043 		push	{r4, r5, r6, r7, r8, r9, lr}
 804              		.cfi_def_cfa_offset 28
 805              		.cfi_offset 4, -28
 806              		.cfi_offset 5, -24
 807              		.cfi_offset 6, -20
 808              		.cfi_offset 7, -16
 809              		.cfi_offset 8, -12
 810              		.cfi_offset 9, -8
 811              		.cfi_offset 14, -4
 812 0004 83B0     		sub	sp, sp, #12
ARM GAS  /tmp/cctmCgKp.s 			page 88


 813              		.cfi_def_cfa_offset 40
 814 0006 0446     		mov	r4, r0
 815 0008 8946     		mov	r9, r1
 816 000a 9046     		mov	r8, r2
 817 000c 1D46     		mov	r5, r3
 797:Drivers/STM32F1xx_HAL_Driver/Src/stm32f1xx_hal_spi.c ****   uint16_t initial_TxXferCount;
 818              		.loc 1 797 3 is_stmt 1 view .LVU217
 798:Drivers/STM32F1xx_HAL_Driver/Src/stm32f1xx_hal_spi.c **** 
 819              		.loc 1 798 3 view .LVU218
 801:Drivers/STM32F1xx_HAL_Driver/Src/stm32f1xx_hal_spi.c **** 
 820              		.loc 1 801 3 view .LVU219
 804:Drivers/STM32F1xx_HAL_Driver/Src/stm32f1xx_hal_spi.c ****   initial_TxXferCount = Size;
 821              		.loc 1 804 3 view .LVU220
 804:Drivers/STM32F1xx_HAL_Driver/Src/stm32f1xx_hal_spi.c ****   initial_TxXferCount = Size;
 822              		.loc 1 804 15 is_stmt 0 view .LVU221
 823 000e FFF7FEFF 		bl	HAL_GetTick
 824              	.LVL41:
 805:Drivers/STM32F1xx_HAL_Driver/Src/stm32f1xx_hal_spi.c **** 
 825              		.loc 1 805 3 is_stmt 1 view .LVU222
 807:Drivers/STM32F1xx_HAL_Driver/Src/stm32f1xx_hal_spi.c ****   {
 826              		.loc 1 807 3 view .LVU223
 807:Drivers/STM32F1xx_HAL_Driver/Src/stm32f1xx_hal_spi.c ****   {
 827              		.loc 1 807 11 is_stmt 0 view .LVU224
 828 0012 94F85130 		ldrb	r3, [r4, #81]	@ zero_extendqisi2
 807:Drivers/STM32F1xx_HAL_Driver/Src/stm32f1xx_hal_spi.c ****   {
 829              		.loc 1 807 6 view .LVU225
 830 0016 012B     		cmp	r3, #1
 831 0018 40F0CD80 		bne	.L86
 832 001c 0646     		mov	r6, r0
 833 001e DFB2     		uxtb	r7, r3
 812:Drivers/STM32F1xx_HAL_Driver/Src/stm32f1xx_hal_spi.c ****   {
 834              		.loc 1 812 3 is_stmt 1 view .LVU226
 812:Drivers/STM32F1xx_HAL_Driver/Src/stm32f1xx_hal_spi.c ****   {
 835              		.loc 1 812 6 is_stmt 0 view .LVU227
 836 0020 B9F1000F 		cmp	r9, #0
 837 0024 00F0C880 		beq	.L63
 812:Drivers/STM32F1xx_HAL_Driver/Src/stm32f1xx_hal_spi.c ****   {
 838              		.loc 1 812 23 discriminator 1 view .LVU228
 839 0028 B8F1000F 		cmp	r8, #0
 840 002c 00F0C480 		beq	.L63
 818:Drivers/STM32F1xx_HAL_Driver/Src/stm32f1xx_hal_spi.c **** 
 841              		.loc 1 818 3 is_stmt 1 view .LVU229
 818:Drivers/STM32F1xx_HAL_Driver/Src/stm32f1xx_hal_spi.c **** 
 842              		.loc 1 818 3 view .LVU230
 843 0030 94F85030 		ldrb	r3, [r4, #80]	@ zero_extendqisi2
 844 0034 012B     		cmp	r3, #1
 845 0036 00F0C380 		beq	.L87
 818:Drivers/STM32F1xx_HAL_Driver/Src/stm32f1xx_hal_spi.c **** 
 846              		.loc 1 818 3 discriminator 2 view .LVU231
 847 003a 0123     		movs	r3, #1
 848 003c 84F85030 		strb	r3, [r4, #80]
 818:Drivers/STM32F1xx_HAL_Driver/Src/stm32f1xx_hal_spi.c **** 
 849              		.loc 1 818 3 view .LVU232
 821:Drivers/STM32F1xx_HAL_Driver/Src/stm32f1xx_hal_spi.c ****   hspi->ErrorCode   = HAL_SPI_ERROR_NONE;
 850              		.loc 1 821 3 view .LVU233
 821:Drivers/STM32F1xx_HAL_Driver/Src/stm32f1xx_hal_spi.c ****   hspi->ErrorCode   = HAL_SPI_ERROR_NONE;
 851              		.loc 1 821 21 is_stmt 0 view .LVU234
ARM GAS  /tmp/cctmCgKp.s 			page 89


 852 0040 0323     		movs	r3, #3
 853 0042 84F85130 		strb	r3, [r4, #81]
 822:Drivers/STM32F1xx_HAL_Driver/Src/stm32f1xx_hal_spi.c ****   hspi->pTxBuffPtr  = (const uint8_t *)pData;
 854              		.loc 1 822 3 is_stmt 1 view .LVU235
 822:Drivers/STM32F1xx_HAL_Driver/Src/stm32f1xx_hal_spi.c ****   hspi->pTxBuffPtr  = (const uint8_t *)pData;
 855              		.loc 1 822 21 is_stmt 0 view .LVU236
 856 0046 0023     		movs	r3, #0
 857 0048 6365     		str	r3, [r4, #84]
 823:Drivers/STM32F1xx_HAL_Driver/Src/stm32f1xx_hal_spi.c ****   hspi->TxXferSize  = Size;
 858              		.loc 1 823 3 is_stmt 1 view .LVU237
 823:Drivers/STM32F1xx_HAL_Driver/Src/stm32f1xx_hal_spi.c ****   hspi->TxXferSize  = Size;
 859              		.loc 1 823 21 is_stmt 0 view .LVU238
 860 004a C4F83090 		str	r9, [r4, #48]
 824:Drivers/STM32F1xx_HAL_Driver/Src/stm32f1xx_hal_spi.c ****   hspi->TxXferCount = Size;
 861              		.loc 1 824 3 is_stmt 1 view .LVU239
 824:Drivers/STM32F1xx_HAL_Driver/Src/stm32f1xx_hal_spi.c ****   hspi->TxXferCount = Size;
 862              		.loc 1 824 21 is_stmt 0 view .LVU240
 863 004e A4F83480 		strh	r8, [r4, #52]	@ movhi
 825:Drivers/STM32F1xx_HAL_Driver/Src/stm32f1xx_hal_spi.c **** 
 864              		.loc 1 825 3 is_stmt 1 view .LVU241
 825:Drivers/STM32F1xx_HAL_Driver/Src/stm32f1xx_hal_spi.c **** 
 865              		.loc 1 825 21 is_stmt 0 view .LVU242
 866 0052 A4F83680 		strh	r8, [r4, #54]	@ movhi
 828:Drivers/STM32F1xx_HAL_Driver/Src/stm32f1xx_hal_spi.c ****   hspi->RxXferSize  = 0U;
 867              		.loc 1 828 3 is_stmt 1 view .LVU243
 828:Drivers/STM32F1xx_HAL_Driver/Src/stm32f1xx_hal_spi.c ****   hspi->RxXferSize  = 0U;
 868              		.loc 1 828 21 is_stmt 0 view .LVU244
 869 0056 A363     		str	r3, [r4, #56]
 829:Drivers/STM32F1xx_HAL_Driver/Src/stm32f1xx_hal_spi.c ****   hspi->RxXferCount = 0U;
 870              		.loc 1 829 3 is_stmt 1 view .LVU245
 829:Drivers/STM32F1xx_HAL_Driver/Src/stm32f1xx_hal_spi.c ****   hspi->RxXferCount = 0U;
 871              		.loc 1 829 21 is_stmt 0 view .LVU246
 872 0058 A387     		strh	r3, [r4, #60]	@ movhi
 830:Drivers/STM32F1xx_HAL_Driver/Src/stm32f1xx_hal_spi.c ****   hspi->TxISR       = NULL;
 873              		.loc 1 830 3 is_stmt 1 view .LVU247
 830:Drivers/STM32F1xx_HAL_Driver/Src/stm32f1xx_hal_spi.c ****   hspi->TxISR       = NULL;
 874              		.loc 1 830 21 is_stmt 0 view .LVU248
 875 005a E387     		strh	r3, [r4, #62]	@ movhi
 831:Drivers/STM32F1xx_HAL_Driver/Src/stm32f1xx_hal_spi.c ****   hspi->RxISR       = NULL;
 876              		.loc 1 831 3 is_stmt 1 view .LVU249
 831:Drivers/STM32F1xx_HAL_Driver/Src/stm32f1xx_hal_spi.c ****   hspi->RxISR       = NULL;
 877              		.loc 1 831 21 is_stmt 0 view .LVU250
 878 005c 6364     		str	r3, [r4, #68]
 832:Drivers/STM32F1xx_HAL_Driver/Src/stm32f1xx_hal_spi.c **** 
 879              		.loc 1 832 3 is_stmt 1 view .LVU251
 832:Drivers/STM32F1xx_HAL_Driver/Src/stm32f1xx_hal_spi.c **** 
 880              		.loc 1 832 21 is_stmt 0 view .LVU252
 881 005e 2364     		str	r3, [r4, #64]
 835:Drivers/STM32F1xx_HAL_Driver/Src/stm32f1xx_hal_spi.c ****   {
 882              		.loc 1 835 3 is_stmt 1 view .LVU253
 835:Drivers/STM32F1xx_HAL_Driver/Src/stm32f1xx_hal_spi.c ****   {
 883              		.loc 1 835 17 is_stmt 0 view .LVU254
 884 0060 A368     		ldr	r3, [r4, #8]
 835:Drivers/STM32F1xx_HAL_Driver/Src/stm32f1xx_hal_spi.c ****   {
 885              		.loc 1 835 6 view .LVU255
 886 0062 B3F5004F 		cmp	r3, #32768
 887 0066 1ED0     		beq	.L90
ARM GAS  /tmp/cctmCgKp.s 			page 90


 888              	.L64:
 851:Drivers/STM32F1xx_HAL_Driver/Src/stm32f1xx_hal_spi.c ****   {
 889              		.loc 1 851 3 is_stmt 1 view .LVU256
 851:Drivers/STM32F1xx_HAL_Driver/Src/stm32f1xx_hal_spi.c ****   {
 890              		.loc 1 851 12 is_stmt 0 view .LVU257
 891 0068 2368     		ldr	r3, [r4]
 851:Drivers/STM32F1xx_HAL_Driver/Src/stm32f1xx_hal_spi.c ****   {
 892              		.loc 1 851 22 view .LVU258
 893 006a 1A68     		ldr	r2, [r3]
 851:Drivers/STM32F1xx_HAL_Driver/Src/stm32f1xx_hal_spi.c ****   {
 894              		.loc 1 851 6 view .LVU259
 895 006c 12F0400F 		tst	r2, #64
 896 0070 03D1     		bne	.L65
 854:Drivers/STM32F1xx_HAL_Driver/Src/stm32f1xx_hal_spi.c ****   }
 897              		.loc 1 854 5 is_stmt 1 view .LVU260
 898 0072 1A68     		ldr	r2, [r3]
 899 0074 42F04002 		orr	r2, r2, #64
 900 0078 1A60     		str	r2, [r3]
 901              	.L65:
 858:Drivers/STM32F1xx_HAL_Driver/Src/stm32f1xx_hal_spi.c ****   {
 902              		.loc 1 858 3 view .LVU261
 858:Drivers/STM32F1xx_HAL_Driver/Src/stm32f1xx_hal_spi.c ****   {
 903              		.loc 1 858 17 is_stmt 0 view .LVU262
 904 007a E368     		ldr	r3, [r4, #12]
 858:Drivers/STM32F1xx_HAL_Driver/Src/stm32f1xx_hal_spi.c ****   {
 905              		.loc 1 858 6 view .LVU263
 906 007c B3F5006F 		cmp	r3, #2048
 907 0080 1CD0     		beq	.L91
 891:Drivers/STM32F1xx_HAL_Driver/Src/stm32f1xx_hal_spi.c ****     {
 908              		.loc 1 891 5 is_stmt 1 view .LVU264
 891:Drivers/STM32F1xx_HAL_Driver/Src/stm32f1xx_hal_spi.c ****     {
 909              		.loc 1 891 20 is_stmt 0 view .LVU265
 910 0082 6368     		ldr	r3, [r4, #4]
 891:Drivers/STM32F1xx_HAL_Driver/Src/stm32f1xx_hal_spi.c ****     {
 911              		.loc 1 891 8 view .LVU266
 912 0084 13B1     		cbz	r3, .L76
 891:Drivers/STM32F1xx_HAL_Driver/Src/stm32f1xx_hal_spi.c ****     {
 913              		.loc 1 891 45 discriminator 1 view .LVU267
 914 0086 B8F1010F 		cmp	r8, #1
 915 008a 5FD1     		bne	.L82
 916              	.L76:
 893:Drivers/STM32F1xx_HAL_Driver/Src/stm32f1xx_hal_spi.c ****       hspi->pTxBuffPtr += sizeof(uint8_t);
 917              		.loc 1 893 7 is_stmt 1 view .LVU268
 893:Drivers/STM32F1xx_HAL_Driver/Src/stm32f1xx_hal_spi.c ****       hspi->pTxBuffPtr += sizeof(uint8_t);
 918              		.loc 1 893 71 is_stmt 0 view .LVU269
 919 008c 226B     		ldr	r2, [r4, #48]
 893:Drivers/STM32F1xx_HAL_Driver/Src/stm32f1xx_hal_spi.c ****       hspi->pTxBuffPtr += sizeof(uint8_t);
 920              		.loc 1 893 30 view .LVU270
 921 008e 2368     		ldr	r3, [r4]
 893:Drivers/STM32F1xx_HAL_Driver/Src/stm32f1xx_hal_spi.c ****       hspi->pTxBuffPtr += sizeof(uint8_t);
 922              		.loc 1 893 48 view .LVU271
 923 0090 1278     		ldrb	r2, [r2]	@ zero_extendqisi2
 893:Drivers/STM32F1xx_HAL_Driver/Src/stm32f1xx_hal_spi.c ****       hspi->pTxBuffPtr += sizeof(uint8_t);
 924              		.loc 1 893 46 view .LVU272
 925 0092 1A73     		strb	r2, [r3, #12]
 894:Drivers/STM32F1xx_HAL_Driver/Src/stm32f1xx_hal_spi.c ****       hspi->TxXferCount--;
 926              		.loc 1 894 7 is_stmt 1 view .LVU273
ARM GAS  /tmp/cctmCgKp.s 			page 91


 894:Drivers/STM32F1xx_HAL_Driver/Src/stm32f1xx_hal_spi.c ****       hspi->TxXferCount--;
 927              		.loc 1 894 11 is_stmt 0 view .LVU274
 928 0094 236B     		ldr	r3, [r4, #48]
 894:Drivers/STM32F1xx_HAL_Driver/Src/stm32f1xx_hal_spi.c ****       hspi->TxXferCount--;
 929              		.loc 1 894 24 view .LVU275
 930 0096 0133     		adds	r3, r3, #1
 931 0098 2363     		str	r3, [r4, #48]
 895:Drivers/STM32F1xx_HAL_Driver/Src/stm32f1xx_hal_spi.c ****     }
 932              		.loc 1 895 7 is_stmt 1 view .LVU276
 895:Drivers/STM32F1xx_HAL_Driver/Src/stm32f1xx_hal_spi.c ****     }
 933              		.loc 1 895 11 is_stmt 0 view .LVU277
 934 009a E38E     		ldrh	r3, [r4, #54]
 935 009c 9BB2     		uxth	r3, r3
 895:Drivers/STM32F1xx_HAL_Driver/Src/stm32f1xx_hal_spi.c ****     }
 936              		.loc 1 895 24 view .LVU278
 937 009e 013B     		subs	r3, r3, #1
 938 00a0 9BB2     		uxth	r3, r3
 939 00a2 E386     		strh	r3, [r4, #54]	@ movhi
 940 00a4 52E0     		b	.L82
 941              	.L90:
 838:Drivers/STM32F1xx_HAL_Driver/Src/stm32f1xx_hal_spi.c ****     SPI_1LINE_TX(hspi);
 942              		.loc 1 838 5 is_stmt 1 view .LVU279
 943 00a6 2268     		ldr	r2, [r4]
 944 00a8 1368     		ldr	r3, [r2]
 945 00aa 23F04003 		bic	r3, r3, #64
 946 00ae 1360     		str	r3, [r2]
 839:Drivers/STM32F1xx_HAL_Driver/Src/stm32f1xx_hal_spi.c ****   }
 947              		.loc 1 839 5 view .LVU280
 948 00b0 2268     		ldr	r2, [r4]
 949 00b2 1368     		ldr	r3, [r2]
 950 00b4 43F48043 		orr	r3, r3, #16384
 951 00b8 1360     		str	r3, [r2]
 952 00ba D5E7     		b	.L64
 953              	.L91:
 860:Drivers/STM32F1xx_HAL_Driver/Src/stm32f1xx_hal_spi.c ****     {
 954              		.loc 1 860 5 view .LVU281
 860:Drivers/STM32F1xx_HAL_Driver/Src/stm32f1xx_hal_spi.c ****     {
 955              		.loc 1 860 20 is_stmt 0 view .LVU282
 956 00bc 6368     		ldr	r3, [r4, #4]
 860:Drivers/STM32F1xx_HAL_Driver/Src/stm32f1xx_hal_spi.c ****     {
 957              		.loc 1 860 8 view .LVU283
 958 00be 13B1     		cbz	r3, .L67
 860:Drivers/STM32F1xx_HAL_Driver/Src/stm32f1xx_hal_spi.c ****     {
 959              		.loc 1 860 45 discriminator 1 view .LVU284
 960 00c0 B8F1010F 		cmp	r8, #1
 961 00c4 15D1     		bne	.L73
 962              	.L67:
 862:Drivers/STM32F1xx_HAL_Driver/Src/stm32f1xx_hal_spi.c ****       hspi->pTxBuffPtr += sizeof(uint16_t);
 963              		.loc 1 862 7 is_stmt 1 view .LVU285
 862:Drivers/STM32F1xx_HAL_Driver/Src/stm32f1xx_hal_spi.c ****       hspi->pTxBuffPtr += sizeof(uint16_t);
 964              		.loc 1 862 52 is_stmt 0 view .LVU286
 965 00c6 226B     		ldr	r2, [r4, #48]
 862:Drivers/STM32F1xx_HAL_Driver/Src/stm32f1xx_hal_spi.c ****       hspi->pTxBuffPtr += sizeof(uint16_t);
 966              		.loc 1 862 11 view .LVU287
 967 00c8 2368     		ldr	r3, [r4]
 862:Drivers/STM32F1xx_HAL_Driver/Src/stm32f1xx_hal_spi.c ****       hspi->pTxBuffPtr += sizeof(uint16_t);
 968              		.loc 1 862 28 view .LVU288
ARM GAS  /tmp/cctmCgKp.s 			page 92


 969 00ca 1288     		ldrh	r2, [r2]
 862:Drivers/STM32F1xx_HAL_Driver/Src/stm32f1xx_hal_spi.c ****       hspi->pTxBuffPtr += sizeof(uint16_t);
 970              		.loc 1 862 26 view .LVU289
 971 00cc DA60     		str	r2, [r3, #12]
 863:Drivers/STM32F1xx_HAL_Driver/Src/stm32f1xx_hal_spi.c ****       hspi->TxXferCount--;
 972              		.loc 1 863 7 is_stmt 1 view .LVU290
 863:Drivers/STM32F1xx_HAL_Driver/Src/stm32f1xx_hal_spi.c ****       hspi->TxXferCount--;
 973              		.loc 1 863 11 is_stmt 0 view .LVU291
 974 00ce 236B     		ldr	r3, [r4, #48]
 863:Drivers/STM32F1xx_HAL_Driver/Src/stm32f1xx_hal_spi.c ****       hspi->TxXferCount--;
 975              		.loc 1 863 24 view .LVU292
 976 00d0 0233     		adds	r3, r3, #2
 977 00d2 2363     		str	r3, [r4, #48]
 864:Drivers/STM32F1xx_HAL_Driver/Src/stm32f1xx_hal_spi.c ****     }
 978              		.loc 1 864 7 is_stmt 1 view .LVU293
 864:Drivers/STM32F1xx_HAL_Driver/Src/stm32f1xx_hal_spi.c ****     }
 979              		.loc 1 864 11 is_stmt 0 view .LVU294
 980 00d4 E38E     		ldrh	r3, [r4, #54]
 981 00d6 9BB2     		uxth	r3, r3
 864:Drivers/STM32F1xx_HAL_Driver/Src/stm32f1xx_hal_spi.c ****     }
 982              		.loc 1 864 24 view .LVU295
 983 00d8 013B     		subs	r3, r3, #1
 984 00da 9BB2     		uxth	r3, r3
 985 00dc E386     		strh	r3, [r4, #54]	@ movhi
 986 00de 08E0     		b	.L73
 987              	.LVL42:
 988              	.L69:
 879:Drivers/STM32F1xx_HAL_Driver/Src/stm32f1xx_hal_spi.c ****         {
 989              		.loc 1 879 9 is_stmt 1 view .LVU296
 879:Drivers/STM32F1xx_HAL_Driver/Src/stm32f1xx_hal_spi.c ****         {
 990              		.loc 1 879 16 is_stmt 0 view .LVU297
 991 00e0 FFF7FEFF 		bl	HAL_GetTick
 992              	.LVL43:
 879:Drivers/STM32F1xx_HAL_Driver/Src/stm32f1xx_hal_spi.c ****         {
 993              		.loc 1 879 30 discriminator 1 view .LVU298
 994 00e4 801B     		subs	r0, r0, r6
 879:Drivers/STM32F1xx_HAL_Driver/Src/stm32f1xx_hal_spi.c ****         {
 995              		.loc 1 879 12 discriminator 1 view .LVU299
 996 00e6 A842     		cmp	r0, r5
 997 00e8 02D3     		bcc	.L71
 879:Drivers/STM32F1xx_HAL_Driver/Src/stm32f1xx_hal_spi.c ****         {
 998              		.loc 1 879 56 discriminator 1 view .LVU300
 999 00ea B5F1FF3F 		cmp	r5, #-1
 1000 00ee 15D1     		bne	.L72
 1001              	.L71:
 879:Drivers/STM32F1xx_HAL_Driver/Src/stm32f1xx_hal_spi.c ****         {
 1002              		.loc 1 879 87 discriminator 3 view .LVU301
 1003 00f0 A5B1     		cbz	r5, .L72
 1004              	.L73:
 867:Drivers/STM32F1xx_HAL_Driver/Src/stm32f1xx_hal_spi.c ****     {
 1005              		.loc 1 867 30 is_stmt 1 view .LVU302
 867:Drivers/STM32F1xx_HAL_Driver/Src/stm32f1xx_hal_spi.c ****     {
 1006              		.loc 1 867 16 is_stmt 0 view .LVU303
 1007 00f2 E38E     		ldrh	r3, [r4, #54]
 1008 00f4 9BB2     		uxth	r3, r3
 867:Drivers/STM32F1xx_HAL_Driver/Src/stm32f1xx_hal_spi.c ****     {
 1009              		.loc 1 867 30 view .LVU304
ARM GAS  /tmp/cctmCgKp.s 			page 93


 1010 00f6 002B     		cmp	r3, #0
 1011 00f8 42D0     		beq	.L75
 870:Drivers/STM32F1xx_HAL_Driver/Src/stm32f1xx_hal_spi.c ****       {
 1012              		.loc 1 870 7 is_stmt 1 view .LVU305
 870:Drivers/STM32F1xx_HAL_Driver/Src/stm32f1xx_hal_spi.c ****       {
 1013              		.loc 1 870 11 is_stmt 0 view .LVU306
 1014 00fa 2368     		ldr	r3, [r4]
 1015 00fc 9A68     		ldr	r2, [r3, #8]
 870:Drivers/STM32F1xx_HAL_Driver/Src/stm32f1xx_hal_spi.c ****       {
 1016              		.loc 1 870 10 view .LVU307
 1017 00fe 12F0020F 		tst	r2, #2
 1018 0102 EDD0     		beq	.L69
 872:Drivers/STM32F1xx_HAL_Driver/Src/stm32f1xx_hal_spi.c ****         hspi->pTxBuffPtr += sizeof(uint16_t);
 1019              		.loc 1 872 9 is_stmt 1 view .LVU308
 872:Drivers/STM32F1xx_HAL_Driver/Src/stm32f1xx_hal_spi.c ****         hspi->pTxBuffPtr += sizeof(uint16_t);
 1020              		.loc 1 872 54 is_stmt 0 view .LVU309
 1021 0104 226B     		ldr	r2, [r4, #48]
 872:Drivers/STM32F1xx_HAL_Driver/Src/stm32f1xx_hal_spi.c ****         hspi->pTxBuffPtr += sizeof(uint16_t);
 1022              		.loc 1 872 30 view .LVU310
 1023 0106 1288     		ldrh	r2, [r2]
 872:Drivers/STM32F1xx_HAL_Driver/Src/stm32f1xx_hal_spi.c ****         hspi->pTxBuffPtr += sizeof(uint16_t);
 1024              		.loc 1 872 28 view .LVU311
 1025 0108 DA60     		str	r2, [r3, #12]
 873:Drivers/STM32F1xx_HAL_Driver/Src/stm32f1xx_hal_spi.c ****         hspi->TxXferCount--;
 1026              		.loc 1 873 9 is_stmt 1 view .LVU312
 873:Drivers/STM32F1xx_HAL_Driver/Src/stm32f1xx_hal_spi.c ****         hspi->TxXferCount--;
 1027              		.loc 1 873 13 is_stmt 0 view .LVU313
 1028 010a 236B     		ldr	r3, [r4, #48]
 873:Drivers/STM32F1xx_HAL_Driver/Src/stm32f1xx_hal_spi.c ****         hspi->TxXferCount--;
 1029              		.loc 1 873 26 view .LVU314
 1030 010c 0233     		adds	r3, r3, #2
 1031 010e 2363     		str	r3, [r4, #48]
 874:Drivers/STM32F1xx_HAL_Driver/Src/stm32f1xx_hal_spi.c ****       }
 1032              		.loc 1 874 9 is_stmt 1 view .LVU315
 874:Drivers/STM32F1xx_HAL_Driver/Src/stm32f1xx_hal_spi.c ****       }
 1033              		.loc 1 874 13 is_stmt 0 view .LVU316
 1034 0110 E38E     		ldrh	r3, [r4, #54]
 1035 0112 9BB2     		uxth	r3, r3
 874:Drivers/STM32F1xx_HAL_Driver/Src/stm32f1xx_hal_spi.c ****       }
 1036              		.loc 1 874 26 view .LVU317
 1037 0114 013B     		subs	r3, r3, #1
 1038 0116 9BB2     		uxth	r3, r3
 1039 0118 E386     		strh	r3, [r4, #54]	@ movhi
 1040 011a EAE7     		b	.L73
 1041              	.L72:
 881:Drivers/STM32F1xx_HAL_Driver/Src/stm32f1xx_hal_spi.c ****           __HAL_UNLOCK(hspi);
 1042              		.loc 1 881 11 is_stmt 1 view .LVU318
 881:Drivers/STM32F1xx_HAL_Driver/Src/stm32f1xx_hal_spi.c ****           __HAL_UNLOCK(hspi);
 1043              		.loc 1 881 23 is_stmt 0 view .LVU319
 1044 011c 0123     		movs	r3, #1
 1045 011e 84F85130 		strb	r3, [r4, #81]
 882:Drivers/STM32F1xx_HAL_Driver/Src/stm32f1xx_hal_spi.c ****           return HAL_TIMEOUT;
 1046              		.loc 1 882 11 is_stmt 1 view .LVU320
 882:Drivers/STM32F1xx_HAL_Driver/Src/stm32f1xx_hal_spi.c ****           return HAL_TIMEOUT;
 1047              		.loc 1 882 11 view .LVU321
 1048 0122 0023     		movs	r3, #0
 1049 0124 84F85030 		strb	r3, [r4, #80]
ARM GAS  /tmp/cctmCgKp.s 			page 94


 882:Drivers/STM32F1xx_HAL_Driver/Src/stm32f1xx_hal_spi.c ****           return HAL_TIMEOUT;
 1050              		.loc 1 882 11 view .LVU322
 883:Drivers/STM32F1xx_HAL_Driver/Src/stm32f1xx_hal_spi.c ****         }
 1051              		.loc 1 883 11 view .LVU323
 883:Drivers/STM32F1xx_HAL_Driver/Src/stm32f1xx_hal_spi.c ****         }
 1052              		.loc 1 883 18 is_stmt 0 view .LVU324
 1053 0128 0327     		movs	r7, #3
 1054 012a 45E0     		b	.L63
 1055              	.L92:
 902:Drivers/STM32F1xx_HAL_Driver/Src/stm32f1xx_hal_spi.c ****         hspi->pTxBuffPtr += sizeof(uint8_t);
 1056              		.loc 1 902 9 is_stmt 1 view .LVU325
 902:Drivers/STM32F1xx_HAL_Driver/Src/stm32f1xx_hal_spi.c ****         hspi->pTxBuffPtr += sizeof(uint8_t);
 1057              		.loc 1 902 73 is_stmt 0 view .LVU326
 1058 012c 226B     		ldr	r2, [r4, #48]
 902:Drivers/STM32F1xx_HAL_Driver/Src/stm32f1xx_hal_spi.c ****         hspi->pTxBuffPtr += sizeof(uint8_t);
 1059              		.loc 1 902 50 view .LVU327
 1060 012e 1278     		ldrb	r2, [r2]	@ zero_extendqisi2
 902:Drivers/STM32F1xx_HAL_Driver/Src/stm32f1xx_hal_spi.c ****         hspi->pTxBuffPtr += sizeof(uint8_t);
 1061              		.loc 1 902 48 view .LVU328
 1062 0130 1A73     		strb	r2, [r3, #12]
 903:Drivers/STM32F1xx_HAL_Driver/Src/stm32f1xx_hal_spi.c ****         hspi->TxXferCount--;
 1063              		.loc 1 903 9 is_stmt 1 view .LVU329
 903:Drivers/STM32F1xx_HAL_Driver/Src/stm32f1xx_hal_spi.c ****         hspi->TxXferCount--;
 1064              		.loc 1 903 13 is_stmt 0 view .LVU330
 1065 0132 236B     		ldr	r3, [r4, #48]
 903:Drivers/STM32F1xx_HAL_Driver/Src/stm32f1xx_hal_spi.c ****         hspi->TxXferCount--;
 1066              		.loc 1 903 26 view .LVU331
 1067 0134 0133     		adds	r3, r3, #1
 1068 0136 2363     		str	r3, [r4, #48]
 904:Drivers/STM32F1xx_HAL_Driver/Src/stm32f1xx_hal_spi.c ****       }
 1069              		.loc 1 904 9 is_stmt 1 view .LVU332
 904:Drivers/STM32F1xx_HAL_Driver/Src/stm32f1xx_hal_spi.c ****       }
 1070              		.loc 1 904 13 is_stmt 0 view .LVU333
 1071 0138 B4F836C0 		ldrh	ip, [r4, #54]
 1072 013c 1FFA8CFC 		uxth	ip, ip
 904:Drivers/STM32F1xx_HAL_Driver/Src/stm32f1xx_hal_spi.c ****       }
 1073              		.loc 1 904 26 view .LVU334
 1074 0140 0CF1FF3C 		add	ip, ip, #-1
 1075 0144 1FFA8CFC 		uxth	ip, ip
 1076 0148 A4F836C0 		strh	ip, [r4, #54]	@ movhi
 1077              	.L82:
 897:Drivers/STM32F1xx_HAL_Driver/Src/stm32f1xx_hal_spi.c ****     {
 1078              		.loc 1 897 30 is_stmt 1 view .LVU335
 897:Drivers/STM32F1xx_HAL_Driver/Src/stm32f1xx_hal_spi.c ****     {
 1079              		.loc 1 897 16 is_stmt 0 view .LVU336
 1080 014c E38E     		ldrh	r3, [r4, #54]
 1081 014e 9BB2     		uxth	r3, r3
 897:Drivers/STM32F1xx_HAL_Driver/Src/stm32f1xx_hal_spi.c ****     {
 1082              		.loc 1 897 30 view .LVU337
 1083 0150 B3B1     		cbz	r3, .L75
 900:Drivers/STM32F1xx_HAL_Driver/Src/stm32f1xx_hal_spi.c ****       {
 1084              		.loc 1 900 7 is_stmt 1 view .LVU338
 900:Drivers/STM32F1xx_HAL_Driver/Src/stm32f1xx_hal_spi.c ****       {
 1085              		.loc 1 900 11 is_stmt 0 view .LVU339
 1086 0152 2368     		ldr	r3, [r4]
 1087 0154 9A68     		ldr	r2, [r3, #8]
 900:Drivers/STM32F1xx_HAL_Driver/Src/stm32f1xx_hal_spi.c ****       {
ARM GAS  /tmp/cctmCgKp.s 			page 95


 1088              		.loc 1 900 10 view .LVU340
 1089 0156 12F0020F 		tst	r2, #2
 1090 015a E7D1     		bne	.L92
 909:Drivers/STM32F1xx_HAL_Driver/Src/stm32f1xx_hal_spi.c ****         {
 1091              		.loc 1 909 9 is_stmt 1 view .LVU341
 909:Drivers/STM32F1xx_HAL_Driver/Src/stm32f1xx_hal_spi.c ****         {
 1092              		.loc 1 909 16 is_stmt 0 view .LVU342
 1093 015c FFF7FEFF 		bl	HAL_GetTick
 1094              	.LVL44:
 909:Drivers/STM32F1xx_HAL_Driver/Src/stm32f1xx_hal_spi.c ****         {
 1095              		.loc 1 909 30 discriminator 1 view .LVU343
 1096 0160 801B     		subs	r0, r0, r6
 909:Drivers/STM32F1xx_HAL_Driver/Src/stm32f1xx_hal_spi.c ****         {
 1097              		.loc 1 909 12 discriminator 1 view .LVU344
 1098 0162 A842     		cmp	r0, r5
 1099 0164 02D3     		bcc	.L80
 909:Drivers/STM32F1xx_HAL_Driver/Src/stm32f1xx_hal_spi.c ****         {
 1100              		.loc 1 909 56 discriminator 1 view .LVU345
 1101 0166 B5F1FF3F 		cmp	r5, #-1
 1102 016a 01D1     		bne	.L81
 1103              	.L80:
 909:Drivers/STM32F1xx_HAL_Driver/Src/stm32f1xx_hal_spi.c ****         {
 1104              		.loc 1 909 87 discriminator 3 view .LVU346
 1105 016c 002D     		cmp	r5, #0
 1106 016e EDD1     		bne	.L82
 1107              	.L81:
 911:Drivers/STM32F1xx_HAL_Driver/Src/stm32f1xx_hal_spi.c ****           __HAL_UNLOCK(hspi);
 1108              		.loc 1 911 11 is_stmt 1 view .LVU347
 911:Drivers/STM32F1xx_HAL_Driver/Src/stm32f1xx_hal_spi.c ****           __HAL_UNLOCK(hspi);
 1109              		.loc 1 911 23 is_stmt 0 view .LVU348
 1110 0170 0123     		movs	r3, #1
 1111 0172 84F85130 		strb	r3, [r4, #81]
 912:Drivers/STM32F1xx_HAL_Driver/Src/stm32f1xx_hal_spi.c ****           return HAL_TIMEOUT;
 1112              		.loc 1 912 11 is_stmt 1 view .LVU349
 912:Drivers/STM32F1xx_HAL_Driver/Src/stm32f1xx_hal_spi.c ****           return HAL_TIMEOUT;
 1113              		.loc 1 912 11 view .LVU350
 1114 0176 0023     		movs	r3, #0
 1115 0178 84F85030 		strb	r3, [r4, #80]
 912:Drivers/STM32F1xx_HAL_Driver/Src/stm32f1xx_hal_spi.c ****           return HAL_TIMEOUT;
 1116              		.loc 1 912 11 view .LVU351
 913:Drivers/STM32F1xx_HAL_Driver/Src/stm32f1xx_hal_spi.c ****         }
 1117              		.loc 1 913 11 view .LVU352
 913:Drivers/STM32F1xx_HAL_Driver/Src/stm32f1xx_hal_spi.c ****         }
 1118              		.loc 1 913 18 is_stmt 0 view .LVU353
 1119 017c 0327     		movs	r7, #3
 1120 017e 1BE0     		b	.L63
 1121              	.L75:
 927:Drivers/STM32F1xx_HAL_Driver/Src/stm32f1xx_hal_spi.c ****   {
 1122              		.loc 1 927 3 is_stmt 1 view .LVU354
 927:Drivers/STM32F1xx_HAL_Driver/Src/stm32f1xx_hal_spi.c ****   {
 1123              		.loc 1 927 7 is_stmt 0 view .LVU355
 1124 0180 3246     		mov	r2, r6
 1125 0182 2946     		mov	r1, r5
 1126 0184 2046     		mov	r0, r4
 1127 0186 FFF7FEFF 		bl	SPI_EndRxTxTransaction
 1128              	.LVL45:
 927:Drivers/STM32F1xx_HAL_Driver/Src/stm32f1xx_hal_spi.c ****   {
ARM GAS  /tmp/cctmCgKp.s 			page 96


 1129              		.loc 1 927 6 discriminator 1 view .LVU356
 1130 018a 08B1     		cbz	r0, .L84
 929:Drivers/STM32F1xx_HAL_Driver/Src/stm32f1xx_hal_spi.c ****   }
 1131              		.loc 1 929 5 is_stmt 1 view .LVU357
 929:Drivers/STM32F1xx_HAL_Driver/Src/stm32f1xx_hal_spi.c ****   }
 1132              		.loc 1 929 21 is_stmt 0 view .LVU358
 1133 018c 2023     		movs	r3, #32
 1134 018e 6365     		str	r3, [r4, #84]
 1135              	.L84:
 933:Drivers/STM32F1xx_HAL_Driver/Src/stm32f1xx_hal_spi.c ****   {
 1136              		.loc 1 933 3 is_stmt 1 view .LVU359
 933:Drivers/STM32F1xx_HAL_Driver/Src/stm32f1xx_hal_spi.c ****   {
 1137              		.loc 1 933 17 is_stmt 0 view .LVU360
 1138 0190 A368     		ldr	r3, [r4, #8]
 933:Drivers/STM32F1xx_HAL_Driver/Src/stm32f1xx_hal_spi.c ****   {
 1139              		.loc 1 933 6 view .LVU361
 1140 0192 33B9     		cbnz	r3, .L85
 935:Drivers/STM32F1xx_HAL_Driver/Src/stm32f1xx_hal_spi.c ****   }
 1141              		.loc 1 935 5 is_stmt 1 view .LVU362
 1142              	.LBB2:
 935:Drivers/STM32F1xx_HAL_Driver/Src/stm32f1xx_hal_spi.c ****   }
 1143              		.loc 1 935 5 view .LVU363
 1144 0194 0193     		str	r3, [sp, #4]
 935:Drivers/STM32F1xx_HAL_Driver/Src/stm32f1xx_hal_spi.c ****   }
 1145              		.loc 1 935 5 view .LVU364
 1146 0196 2368     		ldr	r3, [r4]
 1147 0198 DA68     		ldr	r2, [r3, #12]
 1148 019a 0192     		str	r2, [sp, #4]
 935:Drivers/STM32F1xx_HAL_Driver/Src/stm32f1xx_hal_spi.c ****   }
 1149              		.loc 1 935 5 view .LVU365
 1150 019c 9B68     		ldr	r3, [r3, #8]
 1151 019e 0193     		str	r3, [sp, #4]
 935:Drivers/STM32F1xx_HAL_Driver/Src/stm32f1xx_hal_spi.c ****   }
 1152              		.loc 1 935 5 view .LVU366
 1153 01a0 019B     		ldr	r3, [sp, #4]
 1154              	.L85:
 1155              	.LBE2:
 935:Drivers/STM32F1xx_HAL_Driver/Src/stm32f1xx_hal_spi.c ****   }
 1156              		.loc 1 935 5 discriminator 1 view .LVU367
 938:Drivers/STM32F1xx_HAL_Driver/Src/stm32f1xx_hal_spi.c ****   /* Process Unlocked */
 1157              		.loc 1 938 3 view .LVU368
 938:Drivers/STM32F1xx_HAL_Driver/Src/stm32f1xx_hal_spi.c ****   /* Process Unlocked */
 1158              		.loc 1 938 15 is_stmt 0 view .LVU369
 1159 01a2 0123     		movs	r3, #1
 1160 01a4 84F85130 		strb	r3, [r4, #81]
 940:Drivers/STM32F1xx_HAL_Driver/Src/stm32f1xx_hal_spi.c **** 
 1161              		.loc 1 940 3 is_stmt 1 view .LVU370
 940:Drivers/STM32F1xx_HAL_Driver/Src/stm32f1xx_hal_spi.c **** 
 1162              		.loc 1 940 3 view .LVU371
 1163 01a8 0023     		movs	r3, #0
 1164 01aa 84F85030 		strb	r3, [r4, #80]
 940:Drivers/STM32F1xx_HAL_Driver/Src/stm32f1xx_hal_spi.c **** 
 1165              		.loc 1 940 3 view .LVU372
 942:Drivers/STM32F1xx_HAL_Driver/Src/stm32f1xx_hal_spi.c ****   {
 1166              		.loc 1 942 3 view .LVU373
 942:Drivers/STM32F1xx_HAL_Driver/Src/stm32f1xx_hal_spi.c ****   {
 1167              		.loc 1 942 11 is_stmt 0 view .LVU374
ARM GAS  /tmp/cctmCgKp.s 			page 97


 1168 01ae 636D     		ldr	r3, [r4, #84]
 942:Drivers/STM32F1xx_HAL_Driver/Src/stm32f1xx_hal_spi.c ****   {
 1169              		.loc 1 942 6 view .LVU375
 1170 01b0 13B9     		cbnz	r3, .L63
 948:Drivers/STM32F1xx_HAL_Driver/Src/stm32f1xx_hal_spi.c ****   }
 1171              		.loc 1 948 12 view .LVU376
 1172 01b2 0027     		movs	r7, #0
 1173 01b4 00E0     		b	.L63
 1174              	.LVL46:
 1175              	.L86:
 809:Drivers/STM32F1xx_HAL_Driver/Src/stm32f1xx_hal_spi.c ****   }
 1176              		.loc 1 809 12 view .LVU377
 1177 01b6 0227     		movs	r7, #2
 1178              	.LVL47:
 1179              	.L63:
 950:Drivers/STM32F1xx_HAL_Driver/Src/stm32f1xx_hal_spi.c **** 
 1180              		.loc 1 950 1 view .LVU378
 1181 01b8 3846     		mov	r0, r7
 1182 01ba 03B0     		add	sp, sp, #12
 1183              		.cfi_remember_state
 1184              		.cfi_def_cfa_offset 28
 1185              		@ sp needed
 1186 01bc BDE8F083 		pop	{r4, r5, r6, r7, r8, r9, pc}
 1187              	.LVL48:
 1188              	.L87:
 1189              		.cfi_restore_state
 818:Drivers/STM32F1xx_HAL_Driver/Src/stm32f1xx_hal_spi.c **** 
 1190              		.loc 1 818 3 discriminator 1 view .LVU379
 1191 01c0 0227     		movs	r7, #2
 1192 01c2 F9E7     		b	.L63
 1193              		.cfi_endproc
 1194              	.LFE69:
 1196              		.section	.text.HAL_SPI_TransmitReceive,"ax",%progbits
 1197              		.align	1
 1198              		.global	HAL_SPI_TransmitReceive
 1199              		.syntax unified
 1200              		.thumb
 1201              		.thumb_func
 1203              	HAL_SPI_TransmitReceive:
 1204              	.LVL49:
 1205              	.LFB71:
1179:Drivers/STM32F1xx_HAL_Driver/Src/stm32f1xx_hal_spi.c ****   uint16_t             initial_TxXferCount;
 1206              		.loc 1 1179 1 is_stmt 1 view -0
 1207              		.cfi_startproc
 1208              		@ args = 4, pretend = 0, frame = 8
 1209              		@ frame_needed = 0, uses_anonymous_args = 0
1179:Drivers/STM32F1xx_HAL_Driver/Src/stm32f1xx_hal_spi.c ****   uint16_t             initial_TxXferCount;
 1210              		.loc 1 1179 1 is_stmt 0 view .LVU381
 1211 0000 2DE9F043 		push	{r4, r5, r6, r7, r8, r9, lr}
 1212              		.cfi_def_cfa_offset 28
 1213              		.cfi_offset 4, -28
 1214              		.cfi_offset 5, -24
 1215              		.cfi_offset 6, -20
 1216              		.cfi_offset 7, -16
 1217              		.cfi_offset 8, -12
 1218              		.cfi_offset 9, -8
 1219              		.cfi_offset 14, -4
ARM GAS  /tmp/cctmCgKp.s 			page 98


 1220 0004 83B0     		sub	sp, sp, #12
 1221              		.cfi_def_cfa_offset 40
 1222 0006 0446     		mov	r4, r0
 1223 0008 8846     		mov	r8, r1
 1224 000a 9146     		mov	r9, r2
 1225 000c 1F46     		mov	r7, r3
 1226 000e 0A9D     		ldr	r5, [sp, #40]
1180:Drivers/STM32F1xx_HAL_Driver/Src/stm32f1xx_hal_spi.c ****   uint32_t             tmp_mode;
 1227              		.loc 1 1180 3 is_stmt 1 view .LVU382
1181:Drivers/STM32F1xx_HAL_Driver/Src/stm32f1xx_hal_spi.c ****   HAL_SPI_StateTypeDef tmp_state;
 1228              		.loc 1 1181 3 view .LVU383
1182:Drivers/STM32F1xx_HAL_Driver/Src/stm32f1xx_hal_spi.c ****   uint32_t             tickstart;
 1229              		.loc 1 1182 3 view .LVU384
1183:Drivers/STM32F1xx_HAL_Driver/Src/stm32f1xx_hal_spi.c **** #if (USE_SPI_CRC != 0U)
 1230              		.loc 1 1183 3 view .LVU385
1189:Drivers/STM32F1xx_HAL_Driver/Src/stm32f1xx_hal_spi.c **** 
 1231              		.loc 1 1189 3 view .LVU386
 1232              	.LVL50:
1192:Drivers/STM32F1xx_HAL_Driver/Src/stm32f1xx_hal_spi.c **** 
 1233              		.loc 1 1192 3 view .LVU387
1195:Drivers/STM32F1xx_HAL_Driver/Src/stm32f1xx_hal_spi.c **** 
 1234              		.loc 1 1195 3 view .LVU388
1195:Drivers/STM32F1xx_HAL_Driver/Src/stm32f1xx_hal_spi.c **** 
 1235              		.loc 1 1195 15 is_stmt 0 view .LVU389
 1236 0010 FFF7FEFF 		bl	HAL_GetTick
 1237              	.LVL51:
1195:Drivers/STM32F1xx_HAL_Driver/Src/stm32f1xx_hal_spi.c **** 
 1238              		.loc 1 1195 15 view .LVU390
 1239 0014 0646     		mov	r6, r0
 1240              	.LVL52:
1198:Drivers/STM32F1xx_HAL_Driver/Src/stm32f1xx_hal_spi.c ****   tmp_mode            = hspi->Init.Mode;
 1241              		.loc 1 1198 3 is_stmt 1 view .LVU391
1198:Drivers/STM32F1xx_HAL_Driver/Src/stm32f1xx_hal_spi.c ****   tmp_mode            = hspi->Init.Mode;
 1242              		.loc 1 1198 23 is_stmt 0 view .LVU392
 1243 0016 94F85130 		ldrb	r3, [r4, #81]	@ zero_extendqisi2
 1244              	.LVL53:
1199:Drivers/STM32F1xx_HAL_Driver/Src/stm32f1xx_hal_spi.c ****   initial_TxXferCount = Size;
 1245              		.loc 1 1199 3 is_stmt 1 view .LVU393
1199:Drivers/STM32F1xx_HAL_Driver/Src/stm32f1xx_hal_spi.c ****   initial_TxXferCount = Size;
 1246              		.loc 1 1199 23 is_stmt 0 view .LVU394
 1247 001a 6268     		ldr	r2, [r4, #4]
 1248              	.LVL54:
1200:Drivers/STM32F1xx_HAL_Driver/Src/stm32f1xx_hal_spi.c **** 
 1249              		.loc 1 1200 3 is_stmt 1 view .LVU395
1202:Drivers/STM32F1xx_HAL_Driver/Src/stm32f1xx_hal_spi.c ****         ((tmp_mode == SPI_MODE_MASTER) && (hspi->Init.Direction == SPI_DIRECTION_2LINES) &&
 1250              		.loc 1 1202 3 view .LVU396
1202:Drivers/STM32F1xx_HAL_Driver/Src/stm32f1xx_hal_spi.c ****         ((tmp_mode == SPI_MODE_MASTER) && (hspi->Init.Direction == SPI_DIRECTION_2LINES) &&
 1251              		.loc 1 1202 6 is_stmt 0 view .LVU397
 1252 001c 012B     		cmp	r3, #1
 1253 001e 0BD0     		beq	.L94
 1254 0020 D9B2     		uxtb	r1, r3
1202:Drivers/STM32F1xx_HAL_Driver/Src/stm32f1xx_hal_spi.c ****         ((tmp_mode == SPI_MODE_MASTER) && (hspi->Init.Direction == SPI_DIRECTION_2LINES) &&
 1255              		.loc 1 1202 7 discriminator 1 view .LVU398
 1256 0022 B2F5827F 		cmp	r2, #260
 1257 0026 40F00481 		bne	.L116
1203:Drivers/STM32F1xx_HAL_Driver/Src/stm32f1xx_hal_spi.c ****          (tmp_state == HAL_SPI_STATE_BUSY_RX))))
 1258              		.loc 1 1203 54 view .LVU399
ARM GAS  /tmp/cctmCgKp.s 			page 99


 1259 002a A368     		ldr	r3, [r4, #8]
 1260              	.LVL55:
1203:Drivers/STM32F1xx_HAL_Driver/Src/stm32f1xx_hal_spi.c ****          (tmp_state == HAL_SPI_STATE_BUSY_RX))))
 1261              		.loc 1 1203 40 view .LVU400
 1262 002c 002B     		cmp	r3, #0
 1263 002e 40F00481 		bne	.L117
1203:Drivers/STM32F1xx_HAL_Driver/Src/stm32f1xx_hal_spi.c ****          (tmp_state == HAL_SPI_STATE_BUSY_RX))))
 1264              		.loc 1 1203 90 discriminator 1 view .LVU401
 1265 0032 0429     		cmp	r1, #4
 1266 0034 40F00381 		bne	.L118
 1267              	.LVL56:
 1268              	.L94:
1209:Drivers/STM32F1xx_HAL_Driver/Src/stm32f1xx_hal_spi.c ****   {
 1269              		.loc 1 1209 3 is_stmt 1 view .LVU402
1209:Drivers/STM32F1xx_HAL_Driver/Src/stm32f1xx_hal_spi.c ****   {
 1270              		.loc 1 1209 6 is_stmt 0 view .LVU403
 1271 0038 B8F1000F 		cmp	r8, #0
 1272 003c 00F00181 		beq	.L119
1209:Drivers/STM32F1xx_HAL_Driver/Src/stm32f1xx_hal_spi.c ****   {
 1273              		.loc 1 1209 25 discriminator 1 view .LVU404
 1274 0040 B9F1000F 		cmp	r9, #0
 1275 0044 00F0FF80 		beq	.L120
1209:Drivers/STM32F1xx_HAL_Driver/Src/stm32f1xx_hal_spi.c ****   {
 1276              		.loc 1 1209 46 discriminator 2 view .LVU405
 1277 0048 002F     		cmp	r7, #0
 1278 004a 00F0FE80 		beq	.L121
1215:Drivers/STM32F1xx_HAL_Driver/Src/stm32f1xx_hal_spi.c **** 
 1279              		.loc 1 1215 3 is_stmt 1 view .LVU406
1215:Drivers/STM32F1xx_HAL_Driver/Src/stm32f1xx_hal_spi.c **** 
 1280              		.loc 1 1215 3 view .LVU407
 1281 004e 94F85030 		ldrb	r3, [r4, #80]	@ zero_extendqisi2
 1282 0052 012B     		cmp	r3, #1
 1283 0054 00F0FB80 		beq	.L122
1215:Drivers/STM32F1xx_HAL_Driver/Src/stm32f1xx_hal_spi.c **** 
 1284              		.loc 1 1215 3 discriminator 2 view .LVU408
 1285 0058 0123     		movs	r3, #1
 1286 005a 84F85030 		strb	r3, [r4, #80]
1215:Drivers/STM32F1xx_HAL_Driver/Src/stm32f1xx_hal_spi.c **** 
 1287              		.loc 1 1215 3 view .LVU409
1218:Drivers/STM32F1xx_HAL_Driver/Src/stm32f1xx_hal_spi.c ****   {
 1288              		.loc 1 1218 3 view .LVU410
1218:Drivers/STM32F1xx_HAL_Driver/Src/stm32f1xx_hal_spi.c ****   {
 1289              		.loc 1 1218 11 is_stmt 0 view .LVU411
 1290 005e 94F85130 		ldrb	r3, [r4, #81]	@ zero_extendqisi2
1218:Drivers/STM32F1xx_HAL_Driver/Src/stm32f1xx_hal_spi.c ****   {
 1291              		.loc 1 1218 6 view .LVU412
 1292 0062 042B     		cmp	r3, #4
 1293 0064 02D0     		beq	.L96
1220:Drivers/STM32F1xx_HAL_Driver/Src/stm32f1xx_hal_spi.c ****   }
 1294              		.loc 1 1220 5 is_stmt 1 view .LVU413
1220:Drivers/STM32F1xx_HAL_Driver/Src/stm32f1xx_hal_spi.c ****   }
 1295              		.loc 1 1220 17 is_stmt 0 view .LVU414
 1296 0066 0523     		movs	r3, #5
 1297 0068 84F85130 		strb	r3, [r4, #81]
 1298              	.L96:
1224:Drivers/STM32F1xx_HAL_Driver/Src/stm32f1xx_hal_spi.c ****   hspi->pRxBuffPtr  = (uint8_t *)pRxData;
 1299              		.loc 1 1224 3 is_stmt 1 view .LVU415
ARM GAS  /tmp/cctmCgKp.s 			page 100


1224:Drivers/STM32F1xx_HAL_Driver/Src/stm32f1xx_hal_spi.c ****   hspi->pRxBuffPtr  = (uint8_t *)pRxData;
 1300              		.loc 1 1224 21 is_stmt 0 view .LVU416
 1301 006c 0023     		movs	r3, #0
 1302 006e 6365     		str	r3, [r4, #84]
1225:Drivers/STM32F1xx_HAL_Driver/Src/stm32f1xx_hal_spi.c ****   hspi->RxXferCount = Size;
 1303              		.loc 1 1225 3 is_stmt 1 view .LVU417
1225:Drivers/STM32F1xx_HAL_Driver/Src/stm32f1xx_hal_spi.c ****   hspi->RxXferCount = Size;
 1304              		.loc 1 1225 21 is_stmt 0 view .LVU418
 1305 0070 C4F83890 		str	r9, [r4, #56]
1226:Drivers/STM32F1xx_HAL_Driver/Src/stm32f1xx_hal_spi.c ****   hspi->RxXferSize  = Size;
 1306              		.loc 1 1226 3 is_stmt 1 view .LVU419
1226:Drivers/STM32F1xx_HAL_Driver/Src/stm32f1xx_hal_spi.c ****   hspi->RxXferSize  = Size;
 1307              		.loc 1 1226 21 is_stmt 0 view .LVU420
 1308 0074 E787     		strh	r7, [r4, #62]	@ movhi
1227:Drivers/STM32F1xx_HAL_Driver/Src/stm32f1xx_hal_spi.c ****   hspi->pTxBuffPtr  = (const uint8_t *)pTxData;
 1309              		.loc 1 1227 3 is_stmt 1 view .LVU421
1227:Drivers/STM32F1xx_HAL_Driver/Src/stm32f1xx_hal_spi.c ****   hspi->pTxBuffPtr  = (const uint8_t *)pTxData;
 1310              		.loc 1 1227 21 is_stmt 0 view .LVU422
 1311 0076 A787     		strh	r7, [r4, #60]	@ movhi
1228:Drivers/STM32F1xx_HAL_Driver/Src/stm32f1xx_hal_spi.c ****   hspi->TxXferCount = Size;
 1312              		.loc 1 1228 3 is_stmt 1 view .LVU423
1228:Drivers/STM32F1xx_HAL_Driver/Src/stm32f1xx_hal_spi.c ****   hspi->TxXferCount = Size;
 1313              		.loc 1 1228 21 is_stmt 0 view .LVU424
 1314 0078 C4F83080 		str	r8, [r4, #48]
1229:Drivers/STM32F1xx_HAL_Driver/Src/stm32f1xx_hal_spi.c ****   hspi->TxXferSize  = Size;
 1315              		.loc 1 1229 3 is_stmt 1 view .LVU425
1229:Drivers/STM32F1xx_HAL_Driver/Src/stm32f1xx_hal_spi.c ****   hspi->TxXferSize  = Size;
 1316              		.loc 1 1229 21 is_stmt 0 view .LVU426
 1317 007c E786     		strh	r7, [r4, #54]	@ movhi
1230:Drivers/STM32F1xx_HAL_Driver/Src/stm32f1xx_hal_spi.c **** 
 1318              		.loc 1 1230 3 is_stmt 1 view .LVU427
1230:Drivers/STM32F1xx_HAL_Driver/Src/stm32f1xx_hal_spi.c **** 
 1319              		.loc 1 1230 21 is_stmt 0 view .LVU428
 1320 007e A786     		strh	r7, [r4, #52]	@ movhi
1233:Drivers/STM32F1xx_HAL_Driver/Src/stm32f1xx_hal_spi.c ****   hspi->TxISR       = NULL;
 1321              		.loc 1 1233 3 is_stmt 1 view .LVU429
1233:Drivers/STM32F1xx_HAL_Driver/Src/stm32f1xx_hal_spi.c ****   hspi->TxISR       = NULL;
 1322              		.loc 1 1233 21 is_stmt 0 view .LVU430
 1323 0080 2364     		str	r3, [r4, #64]
1234:Drivers/STM32F1xx_HAL_Driver/Src/stm32f1xx_hal_spi.c **** 
 1324              		.loc 1 1234 3 is_stmt 1 view .LVU431
1234:Drivers/STM32F1xx_HAL_Driver/Src/stm32f1xx_hal_spi.c **** 
 1325              		.loc 1 1234 21 is_stmt 0 view .LVU432
 1326 0082 6364     		str	r3, [r4, #68]
1245:Drivers/STM32F1xx_HAL_Driver/Src/stm32f1xx_hal_spi.c ****   {
 1327              		.loc 1 1245 3 is_stmt 1 view .LVU433
1245:Drivers/STM32F1xx_HAL_Driver/Src/stm32f1xx_hal_spi.c ****   {
 1328              		.loc 1 1245 12 is_stmt 0 view .LVU434
 1329 0084 2368     		ldr	r3, [r4]
1245:Drivers/STM32F1xx_HAL_Driver/Src/stm32f1xx_hal_spi.c ****   {
 1330              		.loc 1 1245 22 view .LVU435
 1331 0086 1A68     		ldr	r2, [r3]
 1332              	.LVL57:
1245:Drivers/STM32F1xx_HAL_Driver/Src/stm32f1xx_hal_spi.c ****   {
 1333              		.loc 1 1245 6 view .LVU436
 1334 0088 12F0400F 		tst	r2, #64
 1335 008c 03D1     		bne	.L97
ARM GAS  /tmp/cctmCgKp.s 			page 101


1248:Drivers/STM32F1xx_HAL_Driver/Src/stm32f1xx_hal_spi.c ****   }
 1336              		.loc 1 1248 5 is_stmt 1 view .LVU437
 1337 008e 1A68     		ldr	r2, [r3]
 1338 0090 42F04002 		orr	r2, r2, #64
 1339 0094 1A60     		str	r2, [r3]
 1340              	.LVL58:
 1341              	.L97:
1252:Drivers/STM32F1xx_HAL_Driver/Src/stm32f1xx_hal_spi.c ****   {
 1342              		.loc 1 1252 3 view .LVU438
1252:Drivers/STM32F1xx_HAL_Driver/Src/stm32f1xx_hal_spi.c ****   {
 1343              		.loc 1 1252 17 is_stmt 0 view .LVU439
 1344 0096 E368     		ldr	r3, [r4, #12]
1252:Drivers/STM32F1xx_HAL_Driver/Src/stm32f1xx_hal_spi.c ****   {
 1345              		.loc 1 1252 6 view .LVU440
 1346 0098 B3F5006F 		cmp	r3, #2048
 1347 009c 11D0     		beq	.L124
1309:Drivers/STM32F1xx_HAL_Driver/Src/stm32f1xx_hal_spi.c ****     {
 1348              		.loc 1 1309 5 is_stmt 1 view .LVU441
1309:Drivers/STM32F1xx_HAL_Driver/Src/stm32f1xx_hal_spi.c ****     {
 1349              		.loc 1 1309 20 is_stmt 0 view .LVU442
 1350 009e 6368     		ldr	r3, [r4, #4]
1309:Drivers/STM32F1xx_HAL_Driver/Src/stm32f1xx_hal_spi.c ****     {
 1351              		.loc 1 1309 8 view .LVU443
 1352 00a0 0BB1     		cbz	r3, .L106
1309:Drivers/STM32F1xx_HAL_Driver/Src/stm32f1xx_hal_spi.c ****     {
 1353              		.loc 1 1309 45 discriminator 1 view .LVU444
 1354 00a2 012F     		cmp	r7, #1
 1355 00a4 0BD1     		bne	.L107
 1356              	.L106:
1311:Drivers/STM32F1xx_HAL_Driver/Src/stm32f1xx_hal_spi.c ****       hspi->pTxBuffPtr += sizeof(uint8_t);
 1357              		.loc 1 1311 7 is_stmt 1 view .LVU445
1311:Drivers/STM32F1xx_HAL_Driver/Src/stm32f1xx_hal_spi.c ****       hspi->pTxBuffPtr += sizeof(uint8_t);
 1358              		.loc 1 1311 71 is_stmt 0 view .LVU446
 1359 00a6 226B     		ldr	r2, [r4, #48]
1311:Drivers/STM32F1xx_HAL_Driver/Src/stm32f1xx_hal_spi.c ****       hspi->pTxBuffPtr += sizeof(uint8_t);
 1360              		.loc 1 1311 30 view .LVU447
 1361 00a8 2368     		ldr	r3, [r4]
1311:Drivers/STM32F1xx_HAL_Driver/Src/stm32f1xx_hal_spi.c ****       hspi->pTxBuffPtr += sizeof(uint8_t);
 1362              		.loc 1 1311 48 view .LVU448
 1363 00aa 1278     		ldrb	r2, [r2]	@ zero_extendqisi2
1311:Drivers/STM32F1xx_HAL_Driver/Src/stm32f1xx_hal_spi.c ****       hspi->pTxBuffPtr += sizeof(uint8_t);
 1364              		.loc 1 1311 46 view .LVU449
 1365 00ac 1A73     		strb	r2, [r3, #12]
1312:Drivers/STM32F1xx_HAL_Driver/Src/stm32f1xx_hal_spi.c ****       hspi->TxXferCount--;
 1366              		.loc 1 1312 7 is_stmt 1 view .LVU450
1312:Drivers/STM32F1xx_HAL_Driver/Src/stm32f1xx_hal_spi.c ****       hspi->TxXferCount--;
 1367              		.loc 1 1312 11 is_stmt 0 view .LVU451
 1368 00ae 236B     		ldr	r3, [r4, #48]
1312:Drivers/STM32F1xx_HAL_Driver/Src/stm32f1xx_hal_spi.c ****       hspi->TxXferCount--;
 1369              		.loc 1 1312 24 view .LVU452
 1370 00b0 0133     		adds	r3, r3, #1
 1371 00b2 2363     		str	r3, [r4, #48]
1313:Drivers/STM32F1xx_HAL_Driver/Src/stm32f1xx_hal_spi.c **** 
 1372              		.loc 1 1313 7 is_stmt 1 view .LVU453
1313:Drivers/STM32F1xx_HAL_Driver/Src/stm32f1xx_hal_spi.c **** 
 1373              		.loc 1 1313 11 is_stmt 0 view .LVU454
 1374 00b4 E38E     		ldrh	r3, [r4, #54]
ARM GAS  /tmp/cctmCgKp.s 			page 102


 1375 00b6 9BB2     		uxth	r3, r3
1313:Drivers/STM32F1xx_HAL_Driver/Src/stm32f1xx_hal_spi.c **** 
 1376              		.loc 1 1313 24 view .LVU455
 1377 00b8 013B     		subs	r3, r3, #1
 1378 00ba 9BB2     		uxth	r3, r3
 1379 00bc E386     		strh	r3, [r4, #54]	@ movhi
 1380              	.L107:
1350:Drivers/STM32F1xx_HAL_Driver/Src/stm32f1xx_hal_spi.c ****       }
 1381              		.loc 1 1350 19 view .LVU456
 1382 00be 0127     		movs	r7, #1
 1383              	.LVL59:
1350:Drivers/STM32F1xx_HAL_Driver/Src/stm32f1xx_hal_spi.c ****       }
 1384              		.loc 1 1350 19 view .LVU457
 1385 00c0 71E0     		b	.L112
 1386              	.LVL60:
 1387              	.L124:
1254:Drivers/STM32F1xx_HAL_Driver/Src/stm32f1xx_hal_spi.c ****     {
 1388              		.loc 1 1254 5 is_stmt 1 view .LVU458
1254:Drivers/STM32F1xx_HAL_Driver/Src/stm32f1xx_hal_spi.c ****     {
 1389              		.loc 1 1254 20 is_stmt 0 view .LVU459
 1390 00c2 6368     		ldr	r3, [r4, #4]
1254:Drivers/STM32F1xx_HAL_Driver/Src/stm32f1xx_hal_spi.c ****     {
 1391              		.loc 1 1254 8 view .LVU460
 1392 00c4 0BB1     		cbz	r3, .L99
1254:Drivers/STM32F1xx_HAL_Driver/Src/stm32f1xx_hal_spi.c ****     {
 1393              		.loc 1 1254 45 discriminator 1 view .LVU461
 1394 00c6 012F     		cmp	r7, #1
 1395 00c8 0BD1     		bne	.L100
 1396              	.L99:
1256:Drivers/STM32F1xx_HAL_Driver/Src/stm32f1xx_hal_spi.c ****       hspi->pTxBuffPtr += sizeof(uint16_t);
 1397              		.loc 1 1256 7 is_stmt 1 view .LVU462
1256:Drivers/STM32F1xx_HAL_Driver/Src/stm32f1xx_hal_spi.c ****       hspi->pTxBuffPtr += sizeof(uint16_t);
 1398              		.loc 1 1256 52 is_stmt 0 view .LVU463
 1399 00ca 226B     		ldr	r2, [r4, #48]
1256:Drivers/STM32F1xx_HAL_Driver/Src/stm32f1xx_hal_spi.c ****       hspi->pTxBuffPtr += sizeof(uint16_t);
 1400              		.loc 1 1256 11 view .LVU464
 1401 00cc 2368     		ldr	r3, [r4]
1256:Drivers/STM32F1xx_HAL_Driver/Src/stm32f1xx_hal_spi.c ****       hspi->pTxBuffPtr += sizeof(uint16_t);
 1402              		.loc 1 1256 28 view .LVU465
 1403 00ce 1288     		ldrh	r2, [r2]
1256:Drivers/STM32F1xx_HAL_Driver/Src/stm32f1xx_hal_spi.c ****       hspi->pTxBuffPtr += sizeof(uint16_t);
 1404              		.loc 1 1256 26 view .LVU466
 1405 00d0 DA60     		str	r2, [r3, #12]
1257:Drivers/STM32F1xx_HAL_Driver/Src/stm32f1xx_hal_spi.c ****       hspi->TxXferCount--;
 1406              		.loc 1 1257 7 is_stmt 1 view .LVU467
1257:Drivers/STM32F1xx_HAL_Driver/Src/stm32f1xx_hal_spi.c ****       hspi->TxXferCount--;
 1407              		.loc 1 1257 11 is_stmt 0 view .LVU468
 1408 00d2 236B     		ldr	r3, [r4, #48]
1257:Drivers/STM32F1xx_HAL_Driver/Src/stm32f1xx_hal_spi.c ****       hspi->TxXferCount--;
 1409              		.loc 1 1257 24 view .LVU469
 1410 00d4 0233     		adds	r3, r3, #2
 1411 00d6 2363     		str	r3, [r4, #48]
1258:Drivers/STM32F1xx_HAL_Driver/Src/stm32f1xx_hal_spi.c **** 
 1412              		.loc 1 1258 7 is_stmt 1 view .LVU470
1258:Drivers/STM32F1xx_HAL_Driver/Src/stm32f1xx_hal_spi.c **** 
 1413              		.loc 1 1258 11 is_stmt 0 view .LVU471
 1414 00d8 E38E     		ldrh	r3, [r4, #54]
ARM GAS  /tmp/cctmCgKp.s 			page 103


 1415 00da 9BB2     		uxth	r3, r3
1258:Drivers/STM32F1xx_HAL_Driver/Src/stm32f1xx_hal_spi.c **** 
 1416              		.loc 1 1258 24 view .LVU472
 1417 00dc 013B     		subs	r3, r3, #1
 1418 00de 9BB2     		uxth	r3, r3
 1419 00e0 E386     		strh	r3, [r4, #54]	@ movhi
 1420              	.L100:
1296:Drivers/STM32F1xx_HAL_Driver/Src/stm32f1xx_hal_spi.c ****       }
 1421              		.loc 1 1296 19 view .LVU473
 1422 00e2 0127     		movs	r7, #1
 1423              	.LVL61:
1296:Drivers/STM32F1xx_HAL_Driver/Src/stm32f1xx_hal_spi.c ****       }
 1424              		.loc 1 1296 19 view .LVU474
 1425 00e4 1BE0     		b	.L103
 1426              	.LVL62:
 1427              	.L101:
1290:Drivers/STM32F1xx_HAL_Driver/Src/stm32f1xx_hal_spi.c ****       {
 1428              		.loc 1 1290 7 is_stmt 1 view .LVU475
1290:Drivers/STM32F1xx_HAL_Driver/Src/stm32f1xx_hal_spi.c ****       {
 1429              		.loc 1 1290 12 is_stmt 0 view .LVU476
 1430 00e6 2368     		ldr	r3, [r4]
 1431 00e8 9A68     		ldr	r2, [r3, #8]
1290:Drivers/STM32F1xx_HAL_Driver/Src/stm32f1xx_hal_spi.c ****       {
 1432              		.loc 1 1290 10 view .LVU477
 1433 00ea 12F0010F 		tst	r2, #1
 1434 00ee 0ED0     		beq	.L102
1290:Drivers/STM32F1xx_HAL_Driver/Src/stm32f1xx_hal_spi.c ****       {
 1435              		.loc 1 1290 61 discriminator 1 view .LVU478
 1436 00f0 E28F     		ldrh	r2, [r4, #62]
 1437 00f2 92B2     		uxth	r2, r2
1290:Drivers/STM32F1xx_HAL_Driver/Src/stm32f1xx_hal_spi.c ****       {
 1438              		.loc 1 1290 53 discriminator 1 view .LVU479
 1439 00f4 5AB1     		cbz	r2, .L102
1292:Drivers/STM32F1xx_HAL_Driver/Src/stm32f1xx_hal_spi.c ****         hspi->pRxBuffPtr += sizeof(uint16_t);
 1440              		.loc 1 1292 9 is_stmt 1 view .LVU480
1292:Drivers/STM32F1xx_HAL_Driver/Src/stm32f1xx_hal_spi.c ****         hspi->pRxBuffPtr += sizeof(uint16_t);
 1441              		.loc 1 1292 67 is_stmt 0 view .LVU481
 1442 00f6 DA68     		ldr	r2, [r3, #12]
1292:Drivers/STM32F1xx_HAL_Driver/Src/stm32f1xx_hal_spi.c ****         hspi->pRxBuffPtr += sizeof(uint16_t);
 1443              		.loc 1 1292 27 view .LVU482
 1444 00f8 A36B     		ldr	r3, [r4, #56]
1292:Drivers/STM32F1xx_HAL_Driver/Src/stm32f1xx_hal_spi.c ****         hspi->pRxBuffPtr += sizeof(uint16_t);
 1445              		.loc 1 1292 41 view .LVU483
 1446 00fa 1A80     		strh	r2, [r3]	@ movhi
1293:Drivers/STM32F1xx_HAL_Driver/Src/stm32f1xx_hal_spi.c ****         hspi->RxXferCount--;
 1447              		.loc 1 1293 9 is_stmt 1 view .LVU484
1293:Drivers/STM32F1xx_HAL_Driver/Src/stm32f1xx_hal_spi.c ****         hspi->RxXferCount--;
 1448              		.loc 1 1293 13 is_stmt 0 view .LVU485
 1449 00fc A36B     		ldr	r3, [r4, #56]
1293:Drivers/STM32F1xx_HAL_Driver/Src/stm32f1xx_hal_spi.c ****         hspi->RxXferCount--;
 1450              		.loc 1 1293 26 view .LVU486
 1451 00fe 0233     		adds	r3, r3, #2
 1452 0100 A363     		str	r3, [r4, #56]
1294:Drivers/STM32F1xx_HAL_Driver/Src/stm32f1xx_hal_spi.c ****         /* Next Data is a Transmission (Tx). Tx is allowed */
 1453              		.loc 1 1294 9 is_stmt 1 view .LVU487
1294:Drivers/STM32F1xx_HAL_Driver/Src/stm32f1xx_hal_spi.c ****         /* Next Data is a Transmission (Tx). Tx is allowed */
 1454              		.loc 1 1294 13 is_stmt 0 view .LVU488
ARM GAS  /tmp/cctmCgKp.s 			page 104


 1455 0102 E38F     		ldrh	r3, [r4, #62]
 1456 0104 9BB2     		uxth	r3, r3
1294:Drivers/STM32F1xx_HAL_Driver/Src/stm32f1xx_hal_spi.c ****         /* Next Data is a Transmission (Tx). Tx is allowed */
 1457              		.loc 1 1294 26 view .LVU489
 1458 0106 013B     		subs	r3, r3, #1
 1459 0108 9BB2     		uxth	r3, r3
 1460 010a E387     		strh	r3, [r4, #62]	@ movhi
1296:Drivers/STM32F1xx_HAL_Driver/Src/stm32f1xx_hal_spi.c ****       }
 1461              		.loc 1 1296 9 is_stmt 1 view .LVU490
 1462              	.LVL63:
1296:Drivers/STM32F1xx_HAL_Driver/Src/stm32f1xx_hal_spi.c ****       }
 1463              		.loc 1 1296 19 is_stmt 0 view .LVU491
 1464 010c 0127     		movs	r7, #1
 1465              	.LVL64:
 1466              	.L102:
1298:Drivers/STM32F1xx_HAL_Driver/Src/stm32f1xx_hal_spi.c ****       {
 1467              		.loc 1 1298 7 is_stmt 1 view .LVU492
1298:Drivers/STM32F1xx_HAL_Driver/Src/stm32f1xx_hal_spi.c ****       {
 1468              		.loc 1 1298 13 is_stmt 0 view .LVU493
 1469 010e FFF7FEFF 		bl	HAL_GetTick
 1470              	.LVL65:
1298:Drivers/STM32F1xx_HAL_Driver/Src/stm32f1xx_hal_spi.c ****       {
 1471              		.loc 1 1298 27 discriminator 1 view .LVU494
 1472 0112 801B     		subs	r0, r0, r6
1298:Drivers/STM32F1xx_HAL_Driver/Src/stm32f1xx_hal_spi.c ****       {
 1473              		.loc 1 1298 10 discriminator 1 view .LVU495
 1474 0114 A842     		cmp	r0, r5
 1475 0116 02D3     		bcc	.L103
1298:Drivers/STM32F1xx_HAL_Driver/Src/stm32f1xx_hal_spi.c ****       {
 1476              		.loc 1 1298 53 discriminator 1 view .LVU496
 1477 0118 B5F1FF3F 		cmp	r5, #-1
 1478 011c 1ED1     		bne	.L125
 1479              	.LVL66:
 1480              	.L103:
1269:Drivers/STM32F1xx_HAL_Driver/Src/stm32f1xx_hal_spi.c ****     {
 1481              		.loc 1 1269 37 is_stmt 1 view .LVU497
1269:Drivers/STM32F1xx_HAL_Driver/Src/stm32f1xx_hal_spi.c ****     {
 1482              		.loc 1 1269 17 is_stmt 0 view .LVU498
 1483 011e E38E     		ldrh	r3, [r4, #54]
 1484 0120 9BB2     		uxth	r3, r3
1269:Drivers/STM32F1xx_HAL_Driver/Src/stm32f1xx_hal_spi.c ****     {
 1485              		.loc 1 1269 37 view .LVU499
 1486 0122 1BB9     		cbnz	r3, .L104
1269:Drivers/STM32F1xx_HAL_Driver/Src/stm32f1xx_hal_spi.c ****     {
 1487              		.loc 1 1269 45 discriminator 1 view .LVU500
 1488 0124 E38F     		ldrh	r3, [r4, #62]
 1489 0126 9BB2     		uxth	r3, r3
1269:Drivers/STM32F1xx_HAL_Driver/Src/stm32f1xx_hal_spi.c ****     {
 1490              		.loc 1 1269 37 discriminator 1 view .LVU501
 1491 0128 002B     		cmp	r3, #0
 1492 012a 62D0     		beq	.L105
 1493              	.L104:
1272:Drivers/STM32F1xx_HAL_Driver/Src/stm32f1xx_hal_spi.c ****       {
 1494              		.loc 1 1272 7 is_stmt 1 view .LVU502
1272:Drivers/STM32F1xx_HAL_Driver/Src/stm32f1xx_hal_spi.c ****       {
 1495              		.loc 1 1272 12 is_stmt 0 view .LVU503
 1496 012c 2368     		ldr	r3, [r4]
ARM GAS  /tmp/cctmCgKp.s 			page 105


 1497 012e 9A68     		ldr	r2, [r3, #8]
1272:Drivers/STM32F1xx_HAL_Driver/Src/stm32f1xx_hal_spi.c ****       {
 1498              		.loc 1 1272 10 view .LVU504
 1499 0130 12F0020F 		tst	r2, #2
 1500 0134 D7D0     		beq	.L101
1272:Drivers/STM32F1xx_HAL_Driver/Src/stm32f1xx_hal_spi.c ****       {
 1501              		.loc 1 1272 60 discriminator 1 view .LVU505
 1502 0136 E28E     		ldrh	r2, [r4, #54]
 1503 0138 92B2     		uxth	r2, r2
1272:Drivers/STM32F1xx_HAL_Driver/Src/stm32f1xx_hal_spi.c ****       {
 1504              		.loc 1 1272 52 discriminator 1 view .LVU506
 1505 013a 002A     		cmp	r2, #0
 1506 013c D3D0     		beq	.L101
1272:Drivers/STM32F1xx_HAL_Driver/Src/stm32f1xx_hal_spi.c ****       {
 1507              		.loc 1 1272 80 discriminator 2 view .LVU507
 1508 013e 002F     		cmp	r7, #0
 1509 0140 D1D0     		beq	.L101
1274:Drivers/STM32F1xx_HAL_Driver/Src/stm32f1xx_hal_spi.c ****         hspi->pTxBuffPtr += sizeof(uint16_t);
 1510              		.loc 1 1274 9 is_stmt 1 view .LVU508
1274:Drivers/STM32F1xx_HAL_Driver/Src/stm32f1xx_hal_spi.c ****         hspi->pTxBuffPtr += sizeof(uint16_t);
 1511              		.loc 1 1274 54 is_stmt 0 view .LVU509
 1512 0142 226B     		ldr	r2, [r4, #48]
1274:Drivers/STM32F1xx_HAL_Driver/Src/stm32f1xx_hal_spi.c ****         hspi->pTxBuffPtr += sizeof(uint16_t);
 1513              		.loc 1 1274 30 view .LVU510
 1514 0144 1288     		ldrh	r2, [r2]
1274:Drivers/STM32F1xx_HAL_Driver/Src/stm32f1xx_hal_spi.c ****         hspi->pTxBuffPtr += sizeof(uint16_t);
 1515              		.loc 1 1274 28 view .LVU511
 1516 0146 DA60     		str	r2, [r3, #12]
1275:Drivers/STM32F1xx_HAL_Driver/Src/stm32f1xx_hal_spi.c ****         hspi->TxXferCount--;
 1517              		.loc 1 1275 9 is_stmt 1 view .LVU512
1275:Drivers/STM32F1xx_HAL_Driver/Src/stm32f1xx_hal_spi.c ****         hspi->TxXferCount--;
 1518              		.loc 1 1275 13 is_stmt 0 view .LVU513
 1519 0148 236B     		ldr	r3, [r4, #48]
1275:Drivers/STM32F1xx_HAL_Driver/Src/stm32f1xx_hal_spi.c ****         hspi->TxXferCount--;
 1520              		.loc 1 1275 26 view .LVU514
 1521 014a 0233     		adds	r3, r3, #2
 1522 014c 2363     		str	r3, [r4, #48]
1276:Drivers/STM32F1xx_HAL_Driver/Src/stm32f1xx_hal_spi.c ****         /* Next Data is a reception (Rx). Tx not allowed */
 1523              		.loc 1 1276 9 is_stmt 1 view .LVU515
1276:Drivers/STM32F1xx_HAL_Driver/Src/stm32f1xx_hal_spi.c ****         /* Next Data is a reception (Rx). Tx not allowed */
 1524              		.loc 1 1276 13 is_stmt 0 view .LVU516
 1525 014e E38E     		ldrh	r3, [r4, #54]
 1526 0150 9BB2     		uxth	r3, r3
1276:Drivers/STM32F1xx_HAL_Driver/Src/stm32f1xx_hal_spi.c ****         /* Next Data is a reception (Rx). Tx not allowed */
 1527              		.loc 1 1276 26 view .LVU517
 1528 0152 013B     		subs	r3, r3, #1
 1529 0154 9BB2     		uxth	r3, r3
 1530 0156 E386     		strh	r3, [r4, #54]	@ movhi
1278:Drivers/STM32F1xx_HAL_Driver/Src/stm32f1xx_hal_spi.c **** 
 1531              		.loc 1 1278 9 is_stmt 1 view .LVU518
 1532              	.LVL67:
1278:Drivers/STM32F1xx_HAL_Driver/Src/stm32f1xx_hal_spi.c **** 
 1533              		.loc 1 1278 19 is_stmt 0 view .LVU519
 1534 0158 0027     		movs	r7, #0
 1535 015a C4E7     		b	.L101
 1536              	.LVL68:
 1537              	.L125:
ARM GAS  /tmp/cctmCgKp.s 			page 106


1300:Drivers/STM32F1xx_HAL_Driver/Src/stm32f1xx_hal_spi.c ****         __HAL_UNLOCK(hspi);
 1538              		.loc 1 1300 9 is_stmt 1 view .LVU520
1300:Drivers/STM32F1xx_HAL_Driver/Src/stm32f1xx_hal_spi.c ****         __HAL_UNLOCK(hspi);
 1539              		.loc 1 1300 21 is_stmt 0 view .LVU521
 1540 015c 0123     		movs	r3, #1
 1541 015e 84F85130 		strb	r3, [r4, #81]
1301:Drivers/STM32F1xx_HAL_Driver/Src/stm32f1xx_hal_spi.c ****         return HAL_TIMEOUT;
 1542              		.loc 1 1301 9 is_stmt 1 view .LVU522
1301:Drivers/STM32F1xx_HAL_Driver/Src/stm32f1xx_hal_spi.c ****         return HAL_TIMEOUT;
 1543              		.loc 1 1301 9 view .LVU523
 1544 0162 0023     		movs	r3, #0
 1545 0164 84F85030 		strb	r3, [r4, #80]
1301:Drivers/STM32F1xx_HAL_Driver/Src/stm32f1xx_hal_spi.c ****         return HAL_TIMEOUT;
 1546              		.loc 1 1301 9 view .LVU524
1302:Drivers/STM32F1xx_HAL_Driver/Src/stm32f1xx_hal_spi.c ****       }
 1547              		.loc 1 1302 9 view .LVU525
1302:Drivers/STM32F1xx_HAL_Driver/Src/stm32f1xx_hal_spi.c ****       }
 1548              		.loc 1 1302 16 is_stmt 0 view .LVU526
 1549 0168 0320     		movs	r0, #3
 1550 016a 63E0     		b	.L95
 1551              	.LVL69:
 1552              	.L108:
1344:Drivers/STM32F1xx_HAL_Driver/Src/stm32f1xx_hal_spi.c ****       {
 1553              		.loc 1 1344 7 is_stmt 1 view .LVU527
1344:Drivers/STM32F1xx_HAL_Driver/Src/stm32f1xx_hal_spi.c ****       {
 1554              		.loc 1 1344 12 is_stmt 0 view .LVU528
 1555 016c 2368     		ldr	r3, [r4]
 1556 016e 9A68     		ldr	r2, [r3, #8]
1344:Drivers/STM32F1xx_HAL_Driver/Src/stm32f1xx_hal_spi.c ****       {
 1557              		.loc 1 1344 10 view .LVU529
 1558 0170 12F0010F 		tst	r2, #1
 1559 0174 0ED0     		beq	.L109
1344:Drivers/STM32F1xx_HAL_Driver/Src/stm32f1xx_hal_spi.c ****       {
 1560              		.loc 1 1344 61 discriminator 1 view .LVU530
 1561 0176 E28F     		ldrh	r2, [r4, #62]
 1562 0178 92B2     		uxth	r2, r2
1344:Drivers/STM32F1xx_HAL_Driver/Src/stm32f1xx_hal_spi.c ****       {
 1563              		.loc 1 1344 53 discriminator 1 view .LVU531
 1564 017a 5AB1     		cbz	r2, .L109
1346:Drivers/STM32F1xx_HAL_Driver/Src/stm32f1xx_hal_spi.c ****         hspi->pRxBuffPtr++;
 1565              		.loc 1 1346 9 is_stmt 1 view .LVU532
1346:Drivers/STM32F1xx_HAL_Driver/Src/stm32f1xx_hal_spi.c ****         hspi->pRxBuffPtr++;
 1566              		.loc 1 1346 56 is_stmt 0 view .LVU533
 1567 017c DA68     		ldr	r2, [r3, #12]
1346:Drivers/STM32F1xx_HAL_Driver/Src/stm32f1xx_hal_spi.c ****         hspi->pRxBuffPtr++;
 1568              		.loc 1 1346 26 view .LVU534
 1569 017e A36B     		ldr	r3, [r4, #56]
1346:Drivers/STM32F1xx_HAL_Driver/Src/stm32f1xx_hal_spi.c ****         hspi->pRxBuffPtr++;
 1570              		.loc 1 1346 40 view .LVU535
 1571 0180 1A70     		strb	r2, [r3]
1347:Drivers/STM32F1xx_HAL_Driver/Src/stm32f1xx_hal_spi.c ****         hspi->RxXferCount--;
 1572              		.loc 1 1347 9 is_stmt 1 view .LVU536
1347:Drivers/STM32F1xx_HAL_Driver/Src/stm32f1xx_hal_spi.c ****         hspi->RxXferCount--;
 1573              		.loc 1 1347 13 is_stmt 0 view .LVU537
 1574 0182 A36B     		ldr	r3, [r4, #56]
1347:Drivers/STM32F1xx_HAL_Driver/Src/stm32f1xx_hal_spi.c ****         hspi->RxXferCount--;
 1575              		.loc 1 1347 25 view .LVU538
ARM GAS  /tmp/cctmCgKp.s 			page 107


 1576 0184 0133     		adds	r3, r3, #1
 1577 0186 A363     		str	r3, [r4, #56]
1348:Drivers/STM32F1xx_HAL_Driver/Src/stm32f1xx_hal_spi.c ****         /* Next Data is a Transmission (Tx). Tx is allowed */
 1578              		.loc 1 1348 9 is_stmt 1 view .LVU539
1348:Drivers/STM32F1xx_HAL_Driver/Src/stm32f1xx_hal_spi.c ****         /* Next Data is a Transmission (Tx). Tx is allowed */
 1579              		.loc 1 1348 13 is_stmt 0 view .LVU540
 1580 0188 E38F     		ldrh	r3, [r4, #62]
 1581 018a 9BB2     		uxth	r3, r3
1348:Drivers/STM32F1xx_HAL_Driver/Src/stm32f1xx_hal_spi.c ****         /* Next Data is a Transmission (Tx). Tx is allowed */
 1582              		.loc 1 1348 26 view .LVU541
 1583 018c 013B     		subs	r3, r3, #1
 1584 018e 9BB2     		uxth	r3, r3
 1585 0190 E387     		strh	r3, [r4, #62]	@ movhi
1350:Drivers/STM32F1xx_HAL_Driver/Src/stm32f1xx_hal_spi.c ****       }
 1586              		.loc 1 1350 9 is_stmt 1 view .LVU542
 1587              	.LVL70:
1350:Drivers/STM32F1xx_HAL_Driver/Src/stm32f1xx_hal_spi.c ****       }
 1588              		.loc 1 1350 19 is_stmt 0 view .LVU543
 1589 0192 0127     		movs	r7, #1
 1590              	.LVL71:
 1591              	.L109:
1352:Drivers/STM32F1xx_HAL_Driver/Src/stm32f1xx_hal_spi.c ****       {
 1592              		.loc 1 1352 7 is_stmt 1 view .LVU544
1352:Drivers/STM32F1xx_HAL_Driver/Src/stm32f1xx_hal_spi.c ****       {
 1593              		.loc 1 1352 14 is_stmt 0 view .LVU545
 1594 0194 FFF7FEFF 		bl	HAL_GetTick
 1595              	.LVL72:
1352:Drivers/STM32F1xx_HAL_Driver/Src/stm32f1xx_hal_spi.c ****       {
 1596              		.loc 1 1352 28 discriminator 1 view .LVU546
 1597 0198 831B     		subs	r3, r0, r6
1352:Drivers/STM32F1xx_HAL_Driver/Src/stm32f1xx_hal_spi.c ****       {
 1598              		.loc 1 1352 10 discriminator 1 view .LVU547
 1599 019a AB42     		cmp	r3, r5
 1600 019c 02D3     		bcc	.L110
1352:Drivers/STM32F1xx_HAL_Driver/Src/stm32f1xx_hal_spi.c ****       {
 1601              		.loc 1 1352 54 discriminator 1 view .LVU548
 1602 019e B5F1FF3F 		cmp	r5, #-1
 1603 01a2 1ED1     		bne	.L111
 1604              	.L110:
1352:Drivers/STM32F1xx_HAL_Driver/Src/stm32f1xx_hal_spi.c ****       {
 1605              		.loc 1 1352 87 discriminator 3 view .LVU549
 1606 01a4 EDB1     		cbz	r5, .L111
 1607              	.LVL73:
 1608              	.L112:
1323:Drivers/STM32F1xx_HAL_Driver/Src/stm32f1xx_hal_spi.c ****     {
 1609              		.loc 1 1323 37 is_stmt 1 view .LVU550
1323:Drivers/STM32F1xx_HAL_Driver/Src/stm32f1xx_hal_spi.c ****     {
 1610              		.loc 1 1323 17 is_stmt 0 view .LVU551
 1611 01a6 E38E     		ldrh	r3, [r4, #54]
 1612 01a8 9BB2     		uxth	r3, r3
1323:Drivers/STM32F1xx_HAL_Driver/Src/stm32f1xx_hal_spi.c ****     {
 1613              		.loc 1 1323 37 view .LVU552
 1614 01aa 13B9     		cbnz	r3, .L113
1323:Drivers/STM32F1xx_HAL_Driver/Src/stm32f1xx_hal_spi.c ****     {
 1615              		.loc 1 1323 45 discriminator 1 view .LVU553
 1616 01ac E38F     		ldrh	r3, [r4, #62]
 1617 01ae 9BB2     		uxth	r3, r3
ARM GAS  /tmp/cctmCgKp.s 			page 108


1323:Drivers/STM32F1xx_HAL_Driver/Src/stm32f1xx_hal_spi.c ****     {
 1618              		.loc 1 1323 37 discriminator 1 view .LVU554
 1619 01b0 FBB1     		cbz	r3, .L105
 1620              	.L113:
1326:Drivers/STM32F1xx_HAL_Driver/Src/stm32f1xx_hal_spi.c ****       {
 1621              		.loc 1 1326 7 is_stmt 1 view .LVU555
1326:Drivers/STM32F1xx_HAL_Driver/Src/stm32f1xx_hal_spi.c ****       {
 1622              		.loc 1 1326 12 is_stmt 0 view .LVU556
 1623 01b2 2368     		ldr	r3, [r4]
 1624 01b4 9A68     		ldr	r2, [r3, #8]
1326:Drivers/STM32F1xx_HAL_Driver/Src/stm32f1xx_hal_spi.c ****       {
 1625              		.loc 1 1326 10 view .LVU557
 1626 01b6 12F0020F 		tst	r2, #2
 1627 01ba D7D0     		beq	.L108
1326:Drivers/STM32F1xx_HAL_Driver/Src/stm32f1xx_hal_spi.c ****       {
 1628              		.loc 1 1326 60 discriminator 1 view .LVU558
 1629 01bc E28E     		ldrh	r2, [r4, #54]
 1630 01be 92B2     		uxth	r2, r2
1326:Drivers/STM32F1xx_HAL_Driver/Src/stm32f1xx_hal_spi.c ****       {
 1631              		.loc 1 1326 52 discriminator 1 view .LVU559
 1632 01c0 002A     		cmp	r2, #0
 1633 01c2 D3D0     		beq	.L108
1326:Drivers/STM32F1xx_HAL_Driver/Src/stm32f1xx_hal_spi.c ****       {
 1634              		.loc 1 1326 80 discriminator 2 view .LVU560
 1635 01c4 002F     		cmp	r7, #0
 1636 01c6 D1D0     		beq	.L108
1328:Drivers/STM32F1xx_HAL_Driver/Src/stm32f1xx_hal_spi.c ****         hspi->pTxBuffPtr++;
 1637              		.loc 1 1328 9 is_stmt 1 view .LVU561
1328:Drivers/STM32F1xx_HAL_Driver/Src/stm32f1xx_hal_spi.c ****         hspi->pTxBuffPtr++;
 1638              		.loc 1 1328 71 is_stmt 0 view .LVU562
 1639 01c8 226B     		ldr	r2, [r4, #48]
1328:Drivers/STM32F1xx_HAL_Driver/Src/stm32f1xx_hal_spi.c ****         hspi->pTxBuffPtr++;
 1640              		.loc 1 1328 48 view .LVU563
 1641 01ca 1278     		ldrb	r2, [r2]	@ zero_extendqisi2
1328:Drivers/STM32F1xx_HAL_Driver/Src/stm32f1xx_hal_spi.c ****         hspi->pTxBuffPtr++;
 1642              		.loc 1 1328 46 view .LVU564
 1643 01cc 1A73     		strb	r2, [r3, #12]
1329:Drivers/STM32F1xx_HAL_Driver/Src/stm32f1xx_hal_spi.c ****         hspi->TxXferCount--;
 1644              		.loc 1 1329 9 is_stmt 1 view .LVU565
1329:Drivers/STM32F1xx_HAL_Driver/Src/stm32f1xx_hal_spi.c ****         hspi->TxXferCount--;
 1645              		.loc 1 1329 13 is_stmt 0 view .LVU566
 1646 01ce 236B     		ldr	r3, [r4, #48]
1329:Drivers/STM32F1xx_HAL_Driver/Src/stm32f1xx_hal_spi.c ****         hspi->TxXferCount--;
 1647              		.loc 1 1329 25 view .LVU567
 1648 01d0 0133     		adds	r3, r3, #1
 1649 01d2 2363     		str	r3, [r4, #48]
1330:Drivers/STM32F1xx_HAL_Driver/Src/stm32f1xx_hal_spi.c ****         /* Next Data is a reception (Rx). Tx not allowed */
 1650              		.loc 1 1330 9 is_stmt 1 view .LVU568
1330:Drivers/STM32F1xx_HAL_Driver/Src/stm32f1xx_hal_spi.c ****         /* Next Data is a reception (Rx). Tx not allowed */
 1651              		.loc 1 1330 13 is_stmt 0 view .LVU569
 1652 01d4 E38E     		ldrh	r3, [r4, #54]
 1653 01d6 9BB2     		uxth	r3, r3
1330:Drivers/STM32F1xx_HAL_Driver/Src/stm32f1xx_hal_spi.c ****         /* Next Data is a reception (Rx). Tx not allowed */
 1654              		.loc 1 1330 26 view .LVU570
 1655 01d8 013B     		subs	r3, r3, #1
 1656 01da 9BB2     		uxth	r3, r3
 1657 01dc E386     		strh	r3, [r4, #54]	@ movhi
ARM GAS  /tmp/cctmCgKp.s 			page 109


1332:Drivers/STM32F1xx_HAL_Driver/Src/stm32f1xx_hal_spi.c **** 
 1658              		.loc 1 1332 9 is_stmt 1 view .LVU571
 1659              	.LVL74:
1332:Drivers/STM32F1xx_HAL_Driver/Src/stm32f1xx_hal_spi.c **** 
 1660              		.loc 1 1332 19 is_stmt 0 view .LVU572
 1661 01de 0027     		movs	r7, #0
 1662 01e0 C4E7     		b	.L108
 1663              	.LVL75:
 1664              	.L111:
1354:Drivers/STM32F1xx_HAL_Driver/Src/stm32f1xx_hal_spi.c ****         __HAL_UNLOCK(hspi);
 1665              		.loc 1 1354 9 is_stmt 1 view .LVU573
1354:Drivers/STM32F1xx_HAL_Driver/Src/stm32f1xx_hal_spi.c ****         __HAL_UNLOCK(hspi);
 1666              		.loc 1 1354 21 is_stmt 0 view .LVU574
 1667 01e2 0123     		movs	r3, #1
 1668 01e4 84F85130 		strb	r3, [r4, #81]
1355:Drivers/STM32F1xx_HAL_Driver/Src/stm32f1xx_hal_spi.c ****         return HAL_TIMEOUT;
 1669              		.loc 1 1355 9 is_stmt 1 view .LVU575
1355:Drivers/STM32F1xx_HAL_Driver/Src/stm32f1xx_hal_spi.c ****         return HAL_TIMEOUT;
 1670              		.loc 1 1355 9 view .LVU576
 1671 01e8 0023     		movs	r3, #0
 1672 01ea 84F85030 		strb	r3, [r4, #80]
1355:Drivers/STM32F1xx_HAL_Driver/Src/stm32f1xx_hal_spi.c ****         return HAL_TIMEOUT;
 1673              		.loc 1 1355 9 view .LVU577
1356:Drivers/STM32F1xx_HAL_Driver/Src/stm32f1xx_hal_spi.c ****       }
 1674              		.loc 1 1356 9 view .LVU578
1356:Drivers/STM32F1xx_HAL_Driver/Src/stm32f1xx_hal_spi.c ****       }
 1675              		.loc 1 1356 16 is_stmt 0 view .LVU579
 1676 01ee 0320     		movs	r0, #3
 1677 01f0 20E0     		b	.L95
 1678              	.L105:
1401:Drivers/STM32F1xx_HAL_Driver/Src/stm32f1xx_hal_spi.c ****   {
 1679              		.loc 1 1401 3 is_stmt 1 view .LVU580
1401:Drivers/STM32F1xx_HAL_Driver/Src/stm32f1xx_hal_spi.c ****   {
 1680              		.loc 1 1401 7 is_stmt 0 view .LVU581
 1681 01f2 3246     		mov	r2, r6
 1682 01f4 2946     		mov	r1, r5
 1683 01f6 2046     		mov	r0, r4
 1684 01f8 FFF7FEFF 		bl	SPI_EndRxTxTransaction
 1685              	.LVL76:
1401:Drivers/STM32F1xx_HAL_Driver/Src/stm32f1xx_hal_spi.c ****   {
 1686              		.loc 1 1401 6 discriminator 1 view .LVU582
 1687 01fc 90B9     		cbnz	r0, .L126
1409:Drivers/STM32F1xx_HAL_Driver/Src/stm32f1xx_hal_spi.c ****   {
 1688              		.loc 1 1409 3 is_stmt 1 view .LVU583
1409:Drivers/STM32F1xx_HAL_Driver/Src/stm32f1xx_hal_spi.c ****   {
 1689              		.loc 1 1409 17 is_stmt 0 view .LVU584
 1690 01fe A368     		ldr	r3, [r4, #8]
1409:Drivers/STM32F1xx_HAL_Driver/Src/stm32f1xx_hal_spi.c ****   {
 1691              		.loc 1 1409 6 view .LVU585
 1692 0200 33B9     		cbnz	r3, .L115
1411:Drivers/STM32F1xx_HAL_Driver/Src/stm32f1xx_hal_spi.c ****   }
 1693              		.loc 1 1411 5 is_stmt 1 view .LVU586
 1694              	.LBB3:
1411:Drivers/STM32F1xx_HAL_Driver/Src/stm32f1xx_hal_spi.c ****   }
 1695              		.loc 1 1411 5 view .LVU587
 1696 0202 0193     		str	r3, [sp, #4]
1411:Drivers/STM32F1xx_HAL_Driver/Src/stm32f1xx_hal_spi.c ****   }
ARM GAS  /tmp/cctmCgKp.s 			page 110


 1697              		.loc 1 1411 5 view .LVU588
 1698 0204 2368     		ldr	r3, [r4]
 1699 0206 DA68     		ldr	r2, [r3, #12]
 1700 0208 0192     		str	r2, [sp, #4]
1411:Drivers/STM32F1xx_HAL_Driver/Src/stm32f1xx_hal_spi.c ****   }
 1701              		.loc 1 1411 5 view .LVU589
 1702 020a 9B68     		ldr	r3, [r3, #8]
 1703 020c 0193     		str	r3, [sp, #4]
1411:Drivers/STM32F1xx_HAL_Driver/Src/stm32f1xx_hal_spi.c ****   }
 1704              		.loc 1 1411 5 view .LVU590
 1705 020e 019B     		ldr	r3, [sp, #4]
 1706              	.L115:
 1707              	.LBE3:
1411:Drivers/STM32F1xx_HAL_Driver/Src/stm32f1xx_hal_spi.c ****   }
 1708              		.loc 1 1411 5 discriminator 1 view .LVU591
1415:Drivers/STM32F1xx_HAL_Driver/Src/stm32f1xx_hal_spi.c ****   /* Unlock the process */
 1709              		.loc 1 1415 3 view .LVU592
1415:Drivers/STM32F1xx_HAL_Driver/Src/stm32f1xx_hal_spi.c ****   /* Unlock the process */
 1710              		.loc 1 1415 15 is_stmt 0 view .LVU593
 1711 0210 0123     		movs	r3, #1
 1712 0212 84F85130 		strb	r3, [r4, #81]
1417:Drivers/STM32F1xx_HAL_Driver/Src/stm32f1xx_hal_spi.c **** 
 1713              		.loc 1 1417 3 is_stmt 1 view .LVU594
1417:Drivers/STM32F1xx_HAL_Driver/Src/stm32f1xx_hal_spi.c **** 
 1714              		.loc 1 1417 3 view .LVU595
 1715 0216 0023     		movs	r3, #0
 1716 0218 84F85030 		strb	r3, [r4, #80]
1417:Drivers/STM32F1xx_HAL_Driver/Src/stm32f1xx_hal_spi.c **** 
 1717              		.loc 1 1417 3 view .LVU596
1419:Drivers/STM32F1xx_HAL_Driver/Src/stm32f1xx_hal_spi.c ****   {
 1718              		.loc 1 1419 3 view .LVU597
1419:Drivers/STM32F1xx_HAL_Driver/Src/stm32f1xx_hal_spi.c ****   {
 1719              		.loc 1 1419 11 is_stmt 0 view .LVU598
 1720 021c 636D     		ldr	r3, [r4, #84]
1419:Drivers/STM32F1xx_HAL_Driver/Src/stm32f1xx_hal_spi.c ****   {
 1721              		.loc 1 1419 6 view .LVU599
 1722 021e 4BB1     		cbz	r3, .L95
1421:Drivers/STM32F1xx_HAL_Driver/Src/stm32f1xx_hal_spi.c ****   }
 1723              		.loc 1 1421 12 view .LVU600
 1724 0220 0120     		movs	r0, #1
 1725 0222 07E0     		b	.L95
 1726              	.L126:
1403:Drivers/STM32F1xx_HAL_Driver/Src/stm32f1xx_hal_spi.c ****     __HAL_UNLOCK(hspi);
 1727              		.loc 1 1403 5 is_stmt 1 view .LVU601
1403:Drivers/STM32F1xx_HAL_Driver/Src/stm32f1xx_hal_spi.c ****     __HAL_UNLOCK(hspi);
 1728              		.loc 1 1403 21 is_stmt 0 view .LVU602
 1729 0224 2023     		movs	r3, #32
 1730 0226 6365     		str	r3, [r4, #84]
1404:Drivers/STM32F1xx_HAL_Driver/Src/stm32f1xx_hal_spi.c ****     return HAL_ERROR;
 1731              		.loc 1 1404 5 is_stmt 1 view .LVU603
1404:Drivers/STM32F1xx_HAL_Driver/Src/stm32f1xx_hal_spi.c ****     return HAL_ERROR;
 1732              		.loc 1 1404 5 view .LVU604
 1733 0228 0023     		movs	r3, #0
 1734 022a 84F85030 		strb	r3, [r4, #80]
1404:Drivers/STM32F1xx_HAL_Driver/Src/stm32f1xx_hal_spi.c ****     return HAL_ERROR;
 1735              		.loc 1 1404 5 view .LVU605
1405:Drivers/STM32F1xx_HAL_Driver/Src/stm32f1xx_hal_spi.c ****   }
ARM GAS  /tmp/cctmCgKp.s 			page 111


 1736              		.loc 1 1405 5 view .LVU606
1405:Drivers/STM32F1xx_HAL_Driver/Src/stm32f1xx_hal_spi.c ****   }
 1737              		.loc 1 1405 12 is_stmt 0 view .LVU607
 1738 022e 0120     		movs	r0, #1
 1739 0230 00E0     		b	.L95
 1740              	.LVL77:
 1741              	.L116:
1206:Drivers/STM32F1xx_HAL_Driver/Src/stm32f1xx_hal_spi.c ****   }
 1742              		.loc 1 1206 12 view .LVU608
 1743 0232 0220     		movs	r0, #2
 1744              	.LVL78:
 1745              	.L95:
1427:Drivers/STM32F1xx_HAL_Driver/Src/stm32f1xx_hal_spi.c **** 
 1746              		.loc 1 1427 1 view .LVU609
 1747 0234 03B0     		add	sp, sp, #12
 1748              		.cfi_remember_state
 1749              		.cfi_def_cfa_offset 28
 1750              		@ sp needed
 1751 0236 BDE8F083 		pop	{r4, r5, r6, r7, r8, r9, pc}
 1752              	.LVL79:
 1753              	.L117:
 1754              		.cfi_restore_state
1206:Drivers/STM32F1xx_HAL_Driver/Src/stm32f1xx_hal_spi.c ****   }
 1755              		.loc 1 1206 12 view .LVU610
 1756 023a 0220     		movs	r0, #2
 1757              	.LVL80:
1206:Drivers/STM32F1xx_HAL_Driver/Src/stm32f1xx_hal_spi.c ****   }
 1758              		.loc 1 1206 12 view .LVU611
 1759 023c FAE7     		b	.L95
 1760              	.LVL81:
 1761              	.L118:
1206:Drivers/STM32F1xx_HAL_Driver/Src/stm32f1xx_hal_spi.c ****   }
 1762              		.loc 1 1206 12 view .LVU612
 1763 023e 0220     		movs	r0, #2
 1764              	.LVL82:
1206:Drivers/STM32F1xx_HAL_Driver/Src/stm32f1xx_hal_spi.c ****   }
 1765              		.loc 1 1206 12 view .LVU613
 1766 0240 F8E7     		b	.L95
 1767              	.LVL83:
 1768              	.L119:
1211:Drivers/STM32F1xx_HAL_Driver/Src/stm32f1xx_hal_spi.c ****   }
 1769              		.loc 1 1211 12 view .LVU614
 1770 0242 0120     		movs	r0, #1
 1771              	.LVL84:
1211:Drivers/STM32F1xx_HAL_Driver/Src/stm32f1xx_hal_spi.c ****   }
 1772              		.loc 1 1211 12 view .LVU615
 1773 0244 F6E7     		b	.L95
 1774              	.LVL85:
 1775              	.L120:
1211:Drivers/STM32F1xx_HAL_Driver/Src/stm32f1xx_hal_spi.c ****   }
 1776              		.loc 1 1211 12 view .LVU616
 1777 0246 0120     		movs	r0, #1
 1778              	.LVL86:
1211:Drivers/STM32F1xx_HAL_Driver/Src/stm32f1xx_hal_spi.c ****   }
 1779              		.loc 1 1211 12 view .LVU617
 1780 0248 F4E7     		b	.L95
 1781              	.LVL87:
ARM GAS  /tmp/cctmCgKp.s 			page 112


 1782              	.L121:
1211:Drivers/STM32F1xx_HAL_Driver/Src/stm32f1xx_hal_spi.c ****   }
 1783              		.loc 1 1211 12 view .LVU618
 1784 024a 0120     		movs	r0, #1
 1785              	.LVL88:
1211:Drivers/STM32F1xx_HAL_Driver/Src/stm32f1xx_hal_spi.c ****   }
 1786              		.loc 1 1211 12 view .LVU619
 1787 024c F2E7     		b	.L95
 1788              	.LVL89:
 1789              	.L122:
1215:Drivers/STM32F1xx_HAL_Driver/Src/stm32f1xx_hal_spi.c **** 
 1790              		.loc 1 1215 3 discriminator 1 view .LVU620
 1791 024e 0220     		movs	r0, #2
 1792              	.LVL90:
1215:Drivers/STM32F1xx_HAL_Driver/Src/stm32f1xx_hal_spi.c **** 
 1793              		.loc 1 1215 3 discriminator 1 view .LVU621
 1794 0250 F0E7     		b	.L95
 1795              		.cfi_endproc
 1796              	.LFE71:
 1798              		.section	.text.HAL_SPI_Receive,"ax",%progbits
 1799              		.align	1
 1800              		.global	HAL_SPI_Receive
 1801              		.syntax unified
 1802              		.thumb
 1803              		.thumb_func
 1805              	HAL_SPI_Receive:
 1806              	.LVL91:
 1807              	.LFB70:
 962:Drivers/STM32F1xx_HAL_Driver/Src/stm32f1xx_hal_spi.c **** #if (USE_SPI_CRC != 0U)
 1808              		.loc 1 962 1 is_stmt 1 view -0
 1809              		.cfi_startproc
 1810              		@ args = 0, pretend = 0, frame = 0
 1811              		@ frame_needed = 0, uses_anonymous_args = 0
 962:Drivers/STM32F1xx_HAL_Driver/Src/stm32f1xx_hal_spi.c **** #if (USE_SPI_CRC != 0U)
 1812              		.loc 1 962 1 is_stmt 0 view .LVU623
 1813 0000 2DE9F043 		push	{r4, r5, r6, r7, r8, r9, lr}
 1814              		.cfi_def_cfa_offset 28
 1815              		.cfi_offset 4, -28
 1816              		.cfi_offset 5, -24
 1817              		.cfi_offset 6, -20
 1818              		.cfi_offset 7, -16
 1819              		.cfi_offset 8, -12
 1820              		.cfi_offset 9, -8
 1821              		.cfi_offset 14, -4
 1822 0004 83B0     		sub	sp, sp, #12
 1823              		.cfi_def_cfa_offset 40
 1824 0006 1D46     		mov	r5, r3
 966:Drivers/STM32F1xx_HAL_Driver/Src/stm32f1xx_hal_spi.c **** 
 1825              		.loc 1 966 3 is_stmt 1 view .LVU624
 968:Drivers/STM32F1xx_HAL_Driver/Src/stm32f1xx_hal_spi.c ****   {
 1826              		.loc 1 968 3 view .LVU625
 968:Drivers/STM32F1xx_HAL_Driver/Src/stm32f1xx_hal_spi.c ****   {
 1827              		.loc 1 968 11 is_stmt 0 view .LVU626
 1828 0008 90F85130 		ldrb	r3, [r0, #81]	@ zero_extendqisi2
 1829              	.LVL92:
 968:Drivers/STM32F1xx_HAL_Driver/Src/stm32f1xx_hal_spi.c ****   {
 1830              		.loc 1 968 6 view .LVU627
ARM GAS  /tmp/cctmCgKp.s 			page 113


 1831 000c 012B     		cmp	r3, #1
 1832 000e 40F0B480 		bne	.L146
 1833 0012 0446     		mov	r4, r0
 1834 0014 8946     		mov	r9, r1
 1835 0016 9046     		mov	r8, r2
 1836 0018 DFB2     		uxtb	r7, r3
 973:Drivers/STM32F1xx_HAL_Driver/Src/stm32f1xx_hal_spi.c ****   {
 1837              		.loc 1 973 3 is_stmt 1 view .LVU628
 973:Drivers/STM32F1xx_HAL_Driver/Src/stm32f1xx_hal_spi.c ****   {
 1838              		.loc 1 973 18 is_stmt 0 view .LVU629
 1839 001a 4368     		ldr	r3, [r0, #4]
 973:Drivers/STM32F1xx_HAL_Driver/Src/stm32f1xx_hal_spi.c ****   {
 1840              		.loc 1 973 6 view .LVU630
 1841 001c B3F5827F 		cmp	r3, #260
 1842 0020 01D1     		bne	.L129
 973:Drivers/STM32F1xx_HAL_Driver/Src/stm32f1xx_hal_spi.c ****   {
 1843              		.loc 1 973 58 discriminator 1 view .LVU631
 1844 0022 8368     		ldr	r3, [r0, #8]
 973:Drivers/STM32F1xx_HAL_Driver/Src/stm32f1xx_hal_spi.c ****   {
 1845              		.loc 1 973 44 discriminator 1 view .LVU632
 1846 0024 93B3     		cbz	r3, .L150
 1847              	.L129:
 981:Drivers/STM32F1xx_HAL_Driver/Src/stm32f1xx_hal_spi.c **** 
 1848              		.loc 1 981 3 is_stmt 1 view .LVU633
 981:Drivers/STM32F1xx_HAL_Driver/Src/stm32f1xx_hal_spi.c **** 
 1849              		.loc 1 981 15 is_stmt 0 view .LVU634
 1850 0026 FFF7FEFF 		bl	HAL_GetTick
 1851              	.LVL93:
 981:Drivers/STM32F1xx_HAL_Driver/Src/stm32f1xx_hal_spi.c **** 
 1852              		.loc 1 981 15 view .LVU635
 1853 002a 0646     		mov	r6, r0
 1854              	.LVL94:
 983:Drivers/STM32F1xx_HAL_Driver/Src/stm32f1xx_hal_spi.c ****   {
 1855              		.loc 1 983 3 is_stmt 1 view .LVU636
 983:Drivers/STM32F1xx_HAL_Driver/Src/stm32f1xx_hal_spi.c ****   {
 1856              		.loc 1 983 6 is_stmt 0 view .LVU637
 1857 002c B9F1000F 		cmp	r9, #0
 1858 0030 00F0A480 		beq	.L128
 983:Drivers/STM32F1xx_HAL_Driver/Src/stm32f1xx_hal_spi.c ****   {
 1859              		.loc 1 983 23 discriminator 1 view .LVU638
 1860 0034 B8F1000F 		cmp	r8, #0
 1861 0038 00F0A080 		beq	.L128
 989:Drivers/STM32F1xx_HAL_Driver/Src/stm32f1xx_hal_spi.c **** 
 1862              		.loc 1 989 3 is_stmt 1 view .LVU639
 989:Drivers/STM32F1xx_HAL_Driver/Src/stm32f1xx_hal_spi.c **** 
 1863              		.loc 1 989 3 view .LVU640
 1864 003c 94F85030 		ldrb	r3, [r4, #80]	@ zero_extendqisi2
 1865 0040 012B     		cmp	r3, #1
 1866 0042 00F09F80 		beq	.L147
 989:Drivers/STM32F1xx_HAL_Driver/Src/stm32f1xx_hal_spi.c **** 
 1867              		.loc 1 989 3 discriminator 2 view .LVU641
 1868 0046 0123     		movs	r3, #1
 1869 0048 84F85030 		strb	r3, [r4, #80]
 989:Drivers/STM32F1xx_HAL_Driver/Src/stm32f1xx_hal_spi.c **** 
 1870              		.loc 1 989 3 view .LVU642
 992:Drivers/STM32F1xx_HAL_Driver/Src/stm32f1xx_hal_spi.c ****   hspi->ErrorCode   = HAL_SPI_ERROR_NONE;
 1871              		.loc 1 992 3 view .LVU643
ARM GAS  /tmp/cctmCgKp.s 			page 114


 992:Drivers/STM32F1xx_HAL_Driver/Src/stm32f1xx_hal_spi.c ****   hspi->ErrorCode   = HAL_SPI_ERROR_NONE;
 1872              		.loc 1 992 21 is_stmt 0 view .LVU644
 1873 004c 0423     		movs	r3, #4
 1874 004e 84F85130 		strb	r3, [r4, #81]
 993:Drivers/STM32F1xx_HAL_Driver/Src/stm32f1xx_hal_spi.c ****   hspi->pRxBuffPtr  = (uint8_t *)pData;
 1875              		.loc 1 993 3 is_stmt 1 view .LVU645
 993:Drivers/STM32F1xx_HAL_Driver/Src/stm32f1xx_hal_spi.c ****   hspi->pRxBuffPtr  = (uint8_t *)pData;
 1876              		.loc 1 993 21 is_stmt 0 view .LVU646
 1877 0052 0023     		movs	r3, #0
 1878 0054 6365     		str	r3, [r4, #84]
 994:Drivers/STM32F1xx_HAL_Driver/Src/stm32f1xx_hal_spi.c ****   hspi->RxXferSize  = Size;
 1879              		.loc 1 994 3 is_stmt 1 view .LVU647
 994:Drivers/STM32F1xx_HAL_Driver/Src/stm32f1xx_hal_spi.c ****   hspi->RxXferSize  = Size;
 1880              		.loc 1 994 21 is_stmt 0 view .LVU648
 1881 0056 C4F83890 		str	r9, [r4, #56]
 995:Drivers/STM32F1xx_HAL_Driver/Src/stm32f1xx_hal_spi.c ****   hspi->RxXferCount = Size;
 1882              		.loc 1 995 3 is_stmt 1 view .LVU649
 995:Drivers/STM32F1xx_HAL_Driver/Src/stm32f1xx_hal_spi.c ****   hspi->RxXferCount = Size;
 1883              		.loc 1 995 21 is_stmt 0 view .LVU650
 1884 005a A4F83C80 		strh	r8, [r4, #60]	@ movhi
 996:Drivers/STM32F1xx_HAL_Driver/Src/stm32f1xx_hal_spi.c **** 
 1885              		.loc 1 996 3 is_stmt 1 view .LVU651
 996:Drivers/STM32F1xx_HAL_Driver/Src/stm32f1xx_hal_spi.c **** 
 1886              		.loc 1 996 21 is_stmt 0 view .LVU652
 1887 005e A4F83E80 		strh	r8, [r4, #62]	@ movhi
 999:Drivers/STM32F1xx_HAL_Driver/Src/stm32f1xx_hal_spi.c ****   hspi->TxXferSize  = 0U;
 1888              		.loc 1 999 3 is_stmt 1 view .LVU653
 999:Drivers/STM32F1xx_HAL_Driver/Src/stm32f1xx_hal_spi.c ****   hspi->TxXferSize  = 0U;
 1889              		.loc 1 999 21 is_stmt 0 view .LVU654
 1890 0062 2363     		str	r3, [r4, #48]
1000:Drivers/STM32F1xx_HAL_Driver/Src/stm32f1xx_hal_spi.c ****   hspi->TxXferCount = 0U;
 1891              		.loc 1 1000 3 is_stmt 1 view .LVU655
1000:Drivers/STM32F1xx_HAL_Driver/Src/stm32f1xx_hal_spi.c ****   hspi->TxXferCount = 0U;
 1892              		.loc 1 1000 21 is_stmt 0 view .LVU656
 1893 0064 A386     		strh	r3, [r4, #52]	@ movhi
1001:Drivers/STM32F1xx_HAL_Driver/Src/stm32f1xx_hal_spi.c ****   hspi->RxISR       = NULL;
 1894              		.loc 1 1001 3 is_stmt 1 view .LVU657
1001:Drivers/STM32F1xx_HAL_Driver/Src/stm32f1xx_hal_spi.c ****   hspi->RxISR       = NULL;
 1895              		.loc 1 1001 21 is_stmt 0 view .LVU658
 1896 0066 E386     		strh	r3, [r4, #54]	@ movhi
1002:Drivers/STM32F1xx_HAL_Driver/Src/stm32f1xx_hal_spi.c ****   hspi->TxISR       = NULL;
 1897              		.loc 1 1002 3 is_stmt 1 view .LVU659
1002:Drivers/STM32F1xx_HAL_Driver/Src/stm32f1xx_hal_spi.c ****   hspi->TxISR       = NULL;
 1898              		.loc 1 1002 21 is_stmt 0 view .LVU660
 1899 0068 2364     		str	r3, [r4, #64]
1003:Drivers/STM32F1xx_HAL_Driver/Src/stm32f1xx_hal_spi.c **** 
 1900              		.loc 1 1003 3 is_stmt 1 view .LVU661
1003:Drivers/STM32F1xx_HAL_Driver/Src/stm32f1xx_hal_spi.c **** 
 1901              		.loc 1 1003 21 is_stmt 0 view .LVU662
 1902 006a 6364     		str	r3, [r4, #68]
1016:Drivers/STM32F1xx_HAL_Driver/Src/stm32f1xx_hal_spi.c ****   {
 1903              		.loc 1 1016 3 is_stmt 1 view .LVU663
1016:Drivers/STM32F1xx_HAL_Driver/Src/stm32f1xx_hal_spi.c ****   {
 1904              		.loc 1 1016 17 is_stmt 0 view .LVU664
 1905 006c A368     		ldr	r3, [r4, #8]
1016:Drivers/STM32F1xx_HAL_Driver/Src/stm32f1xx_hal_spi.c ****   {
 1906              		.loc 1 1016 6 view .LVU665
ARM GAS  /tmp/cctmCgKp.s 			page 115


 1907 006e B3F5004F 		cmp	r3, #32768
 1908 0072 15D0     		beq	.L151
 1909              	.L130:
1024:Drivers/STM32F1xx_HAL_Driver/Src/stm32f1xx_hal_spi.c ****   {
 1910              		.loc 1 1024 3 is_stmt 1 view .LVU666
1024:Drivers/STM32F1xx_HAL_Driver/Src/stm32f1xx_hal_spi.c ****   {
 1911              		.loc 1 1024 12 is_stmt 0 view .LVU667
 1912 0074 2368     		ldr	r3, [r4]
1024:Drivers/STM32F1xx_HAL_Driver/Src/stm32f1xx_hal_spi.c ****   {
 1913              		.loc 1 1024 22 view .LVU668
 1914 0076 1A68     		ldr	r2, [r3]
1024:Drivers/STM32F1xx_HAL_Driver/Src/stm32f1xx_hal_spi.c ****   {
 1915              		.loc 1 1024 6 view .LVU669
 1916 0078 12F0400F 		tst	r2, #64
 1917 007c 03D1     		bne	.L131
1027:Drivers/STM32F1xx_HAL_Driver/Src/stm32f1xx_hal_spi.c ****   }
 1918              		.loc 1 1027 5 is_stmt 1 view .LVU670
 1919 007e 1A68     		ldr	r2, [r3]
 1920 0080 42F04002 		orr	r2, r2, #64
 1921 0084 1A60     		str	r2, [r3]
 1922              	.L131:
1031:Drivers/STM32F1xx_HAL_Driver/Src/stm32f1xx_hal_spi.c ****   {
 1923              		.loc 1 1031 3 view .LVU671
1031:Drivers/STM32F1xx_HAL_Driver/Src/stm32f1xx_hal_spi.c ****   {
 1924              		.loc 1 1031 17 is_stmt 0 view .LVU672
 1925 0086 E368     		ldr	r3, [r4, #12]
1031:Drivers/STM32F1xx_HAL_Driver/Src/stm32f1xx_hal_spi.c ****   {
 1926              		.loc 1 1031 6 view .LVU673
 1927 0088 F3B1     		cbz	r3, .L132
 1928 008a 43E0     		b	.L133
 1929              	.LVL95:
 1930              	.L150:
 975:Drivers/STM32F1xx_HAL_Driver/Src/stm32f1xx_hal_spi.c ****     /* Call transmit-receive function to send Dummy data on Tx line and generate clock on CLK line 
 1931              		.loc 1 975 5 is_stmt 1 view .LVU674
 975:Drivers/STM32F1xx_HAL_Driver/Src/stm32f1xx_hal_spi.c ****     /* Call transmit-receive function to send Dummy data on Tx line and generate clock on CLK line 
 1932              		.loc 1 975 17 is_stmt 0 view .LVU675
 1933 008c 0423     		movs	r3, #4
 1934 008e 80F85130 		strb	r3, [r0, #81]
 977:Drivers/STM32F1xx_HAL_Driver/Src/stm32f1xx_hal_spi.c ****   }
 1935              		.loc 1 977 5 is_stmt 1 view .LVU676
 977:Drivers/STM32F1xx_HAL_Driver/Src/stm32f1xx_hal_spi.c ****   }
 1936              		.loc 1 977 12 is_stmt 0 view .LVU677
 1937 0092 0095     		str	r5, [sp]
 1938 0094 1346     		mov	r3, r2
 1939 0096 0A46     		mov	r2, r1
 1940              	.LVL96:
 977:Drivers/STM32F1xx_HAL_Driver/Src/stm32f1xx_hal_spi.c ****   }
 1941              		.loc 1 977 12 view .LVU678
 1942 0098 FFF7FEFF 		bl	HAL_SPI_TransmitReceive
 1943              	.LVL97:
 977:Drivers/STM32F1xx_HAL_Driver/Src/stm32f1xx_hal_spi.c ****   }
 1944              		.loc 1 977 12 view .LVU679
 1945 009c 0746     		mov	r7, r0
 1946 009e 6DE0     		b	.L128
 1947              	.LVL98:
 1948              	.L151:
1019:Drivers/STM32F1xx_HAL_Driver/Src/stm32f1xx_hal_spi.c ****     SPI_1LINE_RX(hspi);
ARM GAS  /tmp/cctmCgKp.s 			page 116


 1949              		.loc 1 1019 5 is_stmt 1 view .LVU680
 1950 00a0 2268     		ldr	r2, [r4]
 1951 00a2 1368     		ldr	r3, [r2]
 1952 00a4 23F04003 		bic	r3, r3, #64
 1953 00a8 1360     		str	r3, [r2]
1020:Drivers/STM32F1xx_HAL_Driver/Src/stm32f1xx_hal_spi.c ****   }
 1954              		.loc 1 1020 5 view .LVU681
 1955 00aa 2268     		ldr	r2, [r4]
 1956 00ac 1368     		ldr	r3, [r2]
 1957 00ae 23F48043 		bic	r3, r3, #16384
 1958 00b2 1360     		str	r3, [r2]
 1959 00b4 DEE7     		b	.L130
 1960              	.LVL99:
 1961              	.L134:
1047:Drivers/STM32F1xx_HAL_Driver/Src/stm32f1xx_hal_spi.c ****         {
 1962              		.loc 1 1047 9 view .LVU682
1047:Drivers/STM32F1xx_HAL_Driver/Src/stm32f1xx_hal_spi.c ****         {
 1963              		.loc 1 1047 16 is_stmt 0 view .LVU683
 1964 00b6 FFF7FEFF 		bl	HAL_GetTick
 1965              	.LVL100:
1047:Drivers/STM32F1xx_HAL_Driver/Src/stm32f1xx_hal_spi.c ****         {
 1966              		.loc 1 1047 30 discriminator 1 view .LVU684
 1967 00ba 801B     		subs	r0, r0, r6
1047:Drivers/STM32F1xx_HAL_Driver/Src/stm32f1xx_hal_spi.c ****         {
 1968              		.loc 1 1047 12 discriminator 1 view .LVU685
 1969 00bc A842     		cmp	r0, r5
 1970 00be 02D3     		bcc	.L136
1047:Drivers/STM32F1xx_HAL_Driver/Src/stm32f1xx_hal_spi.c ****         {
 1971              		.loc 1 1047 56 discriminator 1 view .LVU686
 1972 00c0 B5F1FF3F 		cmp	r5, #-1
 1973 00c4 15D1     		bne	.L137
 1974              	.L136:
1047:Drivers/STM32F1xx_HAL_Driver/Src/stm32f1xx_hal_spi.c ****         {
 1975              		.loc 1 1047 87 discriminator 3 view .LVU687
 1976 00c6 A5B1     		cbz	r5, .L137
 1977              	.L132:
1034:Drivers/STM32F1xx_HAL_Driver/Src/stm32f1xx_hal_spi.c ****     {
 1978              		.loc 1 1034 30 is_stmt 1 view .LVU688
1034:Drivers/STM32F1xx_HAL_Driver/Src/stm32f1xx_hal_spi.c ****     {
 1979              		.loc 1 1034 16 is_stmt 0 view .LVU689
 1980 00c8 E38F     		ldrh	r3, [r4, #62]
 1981 00ca 9BB2     		uxth	r3, r3
1034:Drivers/STM32F1xx_HAL_Driver/Src/stm32f1xx_hal_spi.c ****     {
 1982              		.loc 1 1034 30 view .LVU690
 1983 00cc 002B     		cmp	r3, #0
 1984 00ce 42D0     		beq	.L139
1037:Drivers/STM32F1xx_HAL_Driver/Src/stm32f1xx_hal_spi.c ****       {
 1985              		.loc 1 1037 7 is_stmt 1 view .LVU691
1037:Drivers/STM32F1xx_HAL_Driver/Src/stm32f1xx_hal_spi.c ****       {
 1986              		.loc 1 1037 11 is_stmt 0 view .LVU692
 1987 00d0 2368     		ldr	r3, [r4]
 1988 00d2 9A68     		ldr	r2, [r3, #8]
1037:Drivers/STM32F1xx_HAL_Driver/Src/stm32f1xx_hal_spi.c ****       {
 1989              		.loc 1 1037 10 view .LVU693
 1990 00d4 12F0010F 		tst	r2, #1
 1991 00d8 EDD0     		beq	.L134
1040:Drivers/STM32F1xx_HAL_Driver/Src/stm32f1xx_hal_spi.c ****         hspi->pRxBuffPtr += sizeof(uint8_t);
ARM GAS  /tmp/cctmCgKp.s 			page 117


 1992              		.loc 1 1040 9 is_stmt 1 view .LVU694
1040:Drivers/STM32F1xx_HAL_Driver/Src/stm32f1xx_hal_spi.c ****         hspi->pRxBuffPtr += sizeof(uint8_t);
 1993              		.loc 1 1040 27 is_stmt 0 view .LVU695
 1994 00da A26B     		ldr	r2, [r4, #56]
1040:Drivers/STM32F1xx_HAL_Driver/Src/stm32f1xx_hal_spi.c ****         hspi->pRxBuffPtr += sizeof(uint8_t);
 1995              		.loc 1 1040 43 view .LVU696
 1996 00dc 1B7B     		ldrb	r3, [r3, #12]	@ zero_extendqisi2
1040:Drivers/STM32F1xx_HAL_Driver/Src/stm32f1xx_hal_spi.c ****         hspi->pRxBuffPtr += sizeof(uint8_t);
 1997              		.loc 1 1040 41 view .LVU697
 1998 00de 1370     		strb	r3, [r2]
1041:Drivers/STM32F1xx_HAL_Driver/Src/stm32f1xx_hal_spi.c ****         hspi->RxXferCount--;
 1999              		.loc 1 1041 9 is_stmt 1 view .LVU698
1041:Drivers/STM32F1xx_HAL_Driver/Src/stm32f1xx_hal_spi.c ****         hspi->RxXferCount--;
 2000              		.loc 1 1041 13 is_stmt 0 view .LVU699
 2001 00e0 A36B     		ldr	r3, [r4, #56]
1041:Drivers/STM32F1xx_HAL_Driver/Src/stm32f1xx_hal_spi.c ****         hspi->RxXferCount--;
 2002              		.loc 1 1041 26 view .LVU700
 2003 00e2 0133     		adds	r3, r3, #1
 2004 00e4 A363     		str	r3, [r4, #56]
1042:Drivers/STM32F1xx_HAL_Driver/Src/stm32f1xx_hal_spi.c ****       }
 2005              		.loc 1 1042 9 is_stmt 1 view .LVU701
1042:Drivers/STM32F1xx_HAL_Driver/Src/stm32f1xx_hal_spi.c ****       }
 2006              		.loc 1 1042 13 is_stmt 0 view .LVU702
 2007 00e6 E38F     		ldrh	r3, [r4, #62]
 2008 00e8 9BB2     		uxth	r3, r3
1042:Drivers/STM32F1xx_HAL_Driver/Src/stm32f1xx_hal_spi.c ****       }
 2009              		.loc 1 1042 26 view .LVU703
 2010 00ea 013B     		subs	r3, r3, #1
 2011 00ec 9BB2     		uxth	r3, r3
 2012 00ee E387     		strh	r3, [r4, #62]	@ movhi
 2013 00f0 EAE7     		b	.L132
 2014              	.L137:
1049:Drivers/STM32F1xx_HAL_Driver/Src/stm32f1xx_hal_spi.c ****           __HAL_UNLOCK(hspi);
 2015              		.loc 1 1049 11 is_stmt 1 view .LVU704
1049:Drivers/STM32F1xx_HAL_Driver/Src/stm32f1xx_hal_spi.c ****           __HAL_UNLOCK(hspi);
 2016              		.loc 1 1049 23 is_stmt 0 view .LVU705
 2017 00f2 0123     		movs	r3, #1
 2018 00f4 84F85130 		strb	r3, [r4, #81]
1050:Drivers/STM32F1xx_HAL_Driver/Src/stm32f1xx_hal_spi.c ****           return HAL_TIMEOUT;
 2019              		.loc 1 1050 11 is_stmt 1 view .LVU706
1050:Drivers/STM32F1xx_HAL_Driver/Src/stm32f1xx_hal_spi.c ****           return HAL_TIMEOUT;
 2020              		.loc 1 1050 11 view .LVU707
 2021 00f8 0023     		movs	r3, #0
 2022 00fa 84F85030 		strb	r3, [r4, #80]
1050:Drivers/STM32F1xx_HAL_Driver/Src/stm32f1xx_hal_spi.c ****           return HAL_TIMEOUT;
 2023              		.loc 1 1050 11 view .LVU708
1051:Drivers/STM32F1xx_HAL_Driver/Src/stm32f1xx_hal_spi.c ****         }
 2024              		.loc 1 1051 11 view .LVU709
1051:Drivers/STM32F1xx_HAL_Driver/Src/stm32f1xx_hal_spi.c ****         }
 2025              		.loc 1 1051 18 is_stmt 0 view .LVU710
 2026 00fe 0327     		movs	r7, #3
 2027 0100 3CE0     		b	.L128
 2028              	.L140:
1071:Drivers/STM32F1xx_HAL_Driver/Src/stm32f1xx_hal_spi.c ****         {
 2029              		.loc 1 1071 9 is_stmt 1 view .LVU711
1071:Drivers/STM32F1xx_HAL_Driver/Src/stm32f1xx_hal_spi.c ****         {
 2030              		.loc 1 1071 16 is_stmt 0 view .LVU712
ARM GAS  /tmp/cctmCgKp.s 			page 118


 2031 0102 FFF7FEFF 		bl	HAL_GetTick
 2032              	.LVL101:
1071:Drivers/STM32F1xx_HAL_Driver/Src/stm32f1xx_hal_spi.c ****         {
 2033              		.loc 1 1071 30 discriminator 1 view .LVU713
 2034 0106 801B     		subs	r0, r0, r6
1071:Drivers/STM32F1xx_HAL_Driver/Src/stm32f1xx_hal_spi.c ****         {
 2035              		.loc 1 1071 12 discriminator 1 view .LVU714
 2036 0108 A842     		cmp	r0, r5
 2037 010a 02D3     		bcc	.L142
1071:Drivers/STM32F1xx_HAL_Driver/Src/stm32f1xx_hal_spi.c ****         {
 2038              		.loc 1 1071 56 discriminator 1 view .LVU715
 2039 010c B5F1FF3F 		cmp	r5, #-1
 2040 0110 19D1     		bne	.L143
 2041              	.L142:
1071:Drivers/STM32F1xx_HAL_Driver/Src/stm32f1xx_hal_spi.c ****         {
 2042              		.loc 1 1071 87 discriminator 3 view .LVU716
 2043 0112 C5B1     		cbz	r5, .L143
 2044              	.L133:
1059:Drivers/STM32F1xx_HAL_Driver/Src/stm32f1xx_hal_spi.c ****     {
 2045              		.loc 1 1059 30 is_stmt 1 view .LVU717
1059:Drivers/STM32F1xx_HAL_Driver/Src/stm32f1xx_hal_spi.c ****     {
 2046              		.loc 1 1059 16 is_stmt 0 view .LVU718
 2047 0114 E38F     		ldrh	r3, [r4, #62]
 2048 0116 9BB2     		uxth	r3, r3
1059:Drivers/STM32F1xx_HAL_Driver/Src/stm32f1xx_hal_spi.c ****     {
 2049              		.loc 1 1059 30 view .LVU719
 2050 0118 EBB1     		cbz	r3, .L139
1062:Drivers/STM32F1xx_HAL_Driver/Src/stm32f1xx_hal_spi.c ****       {
 2051              		.loc 1 1062 7 is_stmt 1 view .LVU720
1062:Drivers/STM32F1xx_HAL_Driver/Src/stm32f1xx_hal_spi.c ****       {
 2052              		.loc 1 1062 11 is_stmt 0 view .LVU721
 2053 011a 2368     		ldr	r3, [r4]
 2054 011c 9A68     		ldr	r2, [r3, #8]
1062:Drivers/STM32F1xx_HAL_Driver/Src/stm32f1xx_hal_spi.c ****       {
 2055              		.loc 1 1062 10 view .LVU722
 2056 011e 12F0010F 		tst	r2, #1
 2057 0122 EED0     		beq	.L140
1064:Drivers/STM32F1xx_HAL_Driver/Src/stm32f1xx_hal_spi.c ****         hspi->pRxBuffPtr += sizeof(uint16_t);
 2058              		.loc 1 1064 9 is_stmt 1 view .LVU723
1064:Drivers/STM32F1xx_HAL_Driver/Src/stm32f1xx_hal_spi.c ****         hspi->pRxBuffPtr += sizeof(uint16_t);
 2059              		.loc 1 1064 67 is_stmt 0 view .LVU724
 2060 0124 DA68     		ldr	r2, [r3, #12]
1064:Drivers/STM32F1xx_HAL_Driver/Src/stm32f1xx_hal_spi.c ****         hspi->pRxBuffPtr += sizeof(uint16_t);
 2061              		.loc 1 1064 27 view .LVU725
 2062 0126 A36B     		ldr	r3, [r4, #56]
1064:Drivers/STM32F1xx_HAL_Driver/Src/stm32f1xx_hal_spi.c ****         hspi->pRxBuffPtr += sizeof(uint16_t);
 2063              		.loc 1 1064 41 view .LVU726
 2064 0128 1A80     		strh	r2, [r3]	@ movhi
1065:Drivers/STM32F1xx_HAL_Driver/Src/stm32f1xx_hal_spi.c ****         hspi->RxXferCount--;
 2065              		.loc 1 1065 9 is_stmt 1 view .LVU727
1065:Drivers/STM32F1xx_HAL_Driver/Src/stm32f1xx_hal_spi.c ****         hspi->RxXferCount--;
 2066              		.loc 1 1065 13 is_stmt 0 view .LVU728
 2067 012a A36B     		ldr	r3, [r4, #56]
1065:Drivers/STM32F1xx_HAL_Driver/Src/stm32f1xx_hal_spi.c ****         hspi->RxXferCount--;
 2068              		.loc 1 1065 26 view .LVU729
 2069 012c 0233     		adds	r3, r3, #2
 2070 012e A363     		str	r3, [r4, #56]
ARM GAS  /tmp/cctmCgKp.s 			page 119


1066:Drivers/STM32F1xx_HAL_Driver/Src/stm32f1xx_hal_spi.c ****       }
 2071              		.loc 1 1066 9 is_stmt 1 view .LVU730
1066:Drivers/STM32F1xx_HAL_Driver/Src/stm32f1xx_hal_spi.c ****       }
 2072              		.loc 1 1066 13 is_stmt 0 view .LVU731
 2073 0130 B4F83EC0 		ldrh	ip, [r4, #62]
 2074 0134 1FFA8CFC 		uxth	ip, ip
1066:Drivers/STM32F1xx_HAL_Driver/Src/stm32f1xx_hal_spi.c ****       }
 2075              		.loc 1 1066 26 view .LVU732
 2076 0138 0CF1FF3C 		add	ip, ip, #-1
 2077 013c 1FFA8CFC 		uxth	ip, ip
 2078 0140 A4F83EC0 		strh	ip, [r4, #62]	@ movhi
 2079 0144 E6E7     		b	.L133
 2080              	.L143:
1073:Drivers/STM32F1xx_HAL_Driver/Src/stm32f1xx_hal_spi.c ****           __HAL_UNLOCK(hspi);
 2081              		.loc 1 1073 11 is_stmt 1 view .LVU733
1073:Drivers/STM32F1xx_HAL_Driver/Src/stm32f1xx_hal_spi.c ****           __HAL_UNLOCK(hspi);
 2082              		.loc 1 1073 23 is_stmt 0 view .LVU734
 2083 0146 0123     		movs	r3, #1
 2084 0148 84F85130 		strb	r3, [r4, #81]
1074:Drivers/STM32F1xx_HAL_Driver/Src/stm32f1xx_hal_spi.c ****           return HAL_TIMEOUT;
 2085              		.loc 1 1074 11 is_stmt 1 view .LVU735
1074:Drivers/STM32F1xx_HAL_Driver/Src/stm32f1xx_hal_spi.c ****           return HAL_TIMEOUT;
 2086              		.loc 1 1074 11 view .LVU736
 2087 014c 0023     		movs	r3, #0
 2088 014e 84F85030 		strb	r3, [r4, #80]
1074:Drivers/STM32F1xx_HAL_Driver/Src/stm32f1xx_hal_spi.c ****           return HAL_TIMEOUT;
 2089              		.loc 1 1074 11 view .LVU737
1075:Drivers/STM32F1xx_HAL_Driver/Src/stm32f1xx_hal_spi.c ****         }
 2090              		.loc 1 1075 11 view .LVU738
1075:Drivers/STM32F1xx_HAL_Driver/Src/stm32f1xx_hal_spi.c ****         }
 2091              		.loc 1 1075 18 is_stmt 0 view .LVU739
 2092 0152 0327     		movs	r7, #3
 2093 0154 12E0     		b	.L128
 2094              	.L139:
1130:Drivers/STM32F1xx_HAL_Driver/Src/stm32f1xx_hal_spi.c ****   {
 2095              		.loc 1 1130 3 is_stmt 1 view .LVU740
1130:Drivers/STM32F1xx_HAL_Driver/Src/stm32f1xx_hal_spi.c ****   {
 2096              		.loc 1 1130 7 is_stmt 0 view .LVU741
 2097 0156 3246     		mov	r2, r6
 2098 0158 2946     		mov	r1, r5
 2099 015a 2046     		mov	r0, r4
 2100 015c FFF7FEFF 		bl	SPI_EndRxTransaction
 2101              	.LVL102:
1130:Drivers/STM32F1xx_HAL_Driver/Src/stm32f1xx_hal_spi.c ****   {
 2102              		.loc 1 1130 6 discriminator 1 view .LVU742
 2103 0160 08B1     		cbz	r0, .L145
1132:Drivers/STM32F1xx_HAL_Driver/Src/stm32f1xx_hal_spi.c ****   }
 2104              		.loc 1 1132 5 is_stmt 1 view .LVU743
1132:Drivers/STM32F1xx_HAL_Driver/Src/stm32f1xx_hal_spi.c ****   }
 2105              		.loc 1 1132 21 is_stmt 0 view .LVU744
 2106 0162 2023     		movs	r3, #32
 2107 0164 6365     		str	r3, [r4, #84]
 2108              	.L145:
1154:Drivers/STM32F1xx_HAL_Driver/Src/stm32f1xx_hal_spi.c ****   /* Unlock the process */
 2109              		.loc 1 1154 3 is_stmt 1 view .LVU745
1154:Drivers/STM32F1xx_HAL_Driver/Src/stm32f1xx_hal_spi.c ****   /* Unlock the process */
 2110              		.loc 1 1154 15 is_stmt 0 view .LVU746
ARM GAS  /tmp/cctmCgKp.s 			page 120


 2111 0166 0123     		movs	r3, #1
 2112 0168 84F85130 		strb	r3, [r4, #81]
1156:Drivers/STM32F1xx_HAL_Driver/Src/stm32f1xx_hal_spi.c ****   if (hspi->ErrorCode != HAL_SPI_ERROR_NONE)
 2113              		.loc 1 1156 3 is_stmt 1 view .LVU747
1156:Drivers/STM32F1xx_HAL_Driver/Src/stm32f1xx_hal_spi.c ****   if (hspi->ErrorCode != HAL_SPI_ERROR_NONE)
 2114              		.loc 1 1156 3 view .LVU748
 2115 016c 0023     		movs	r3, #0
 2116 016e 84F85030 		strb	r3, [r4, #80]
1156:Drivers/STM32F1xx_HAL_Driver/Src/stm32f1xx_hal_spi.c ****   if (hspi->ErrorCode != HAL_SPI_ERROR_NONE)
 2117              		.loc 1 1156 3 view .LVU749
1157:Drivers/STM32F1xx_HAL_Driver/Src/stm32f1xx_hal_spi.c ****   {
 2118              		.loc 1 1157 3 view .LVU750
1157:Drivers/STM32F1xx_HAL_Driver/Src/stm32f1xx_hal_spi.c ****   {
 2119              		.loc 1 1157 11 is_stmt 0 view .LVU751
 2120 0172 636D     		ldr	r3, [r4, #84]
1157:Drivers/STM32F1xx_HAL_Driver/Src/stm32f1xx_hal_spi.c ****   {
 2121              		.loc 1 1157 6 view .LVU752
 2122 0174 13B9     		cbnz	r3, .L128
1163:Drivers/STM32F1xx_HAL_Driver/Src/stm32f1xx_hal_spi.c ****   }
 2123              		.loc 1 1163 12 view .LVU753
 2124 0176 0027     		movs	r7, #0
 2125 0178 00E0     		b	.L128
 2126              	.LVL103:
 2127              	.L146:
 970:Drivers/STM32F1xx_HAL_Driver/Src/stm32f1xx_hal_spi.c ****   }
 2128              		.loc 1 970 12 view .LVU754
 2129 017a 0227     		movs	r7, #2
 2130              	.LVL104:
 2131              	.L128:
1165:Drivers/STM32F1xx_HAL_Driver/Src/stm32f1xx_hal_spi.c **** 
 2132              		.loc 1 1165 1 view .LVU755
 2133 017c 3846     		mov	r0, r7
 2134 017e 03B0     		add	sp, sp, #12
 2135              		.cfi_remember_state
 2136              		.cfi_def_cfa_offset 28
 2137              		@ sp needed
 2138 0180 BDE8F083 		pop	{r4, r5, r6, r7, r8, r9, pc}
 2139              	.LVL105:
 2140              	.L147:
 2141              		.cfi_restore_state
 989:Drivers/STM32F1xx_HAL_Driver/Src/stm32f1xx_hal_spi.c **** 
 2142              		.loc 1 989 3 discriminator 1 view .LVU756
 2143 0184 0227     		movs	r7, #2
 2144 0186 F9E7     		b	.L128
 2145              		.cfi_endproc
 2146              	.LFE70:
 2148              		.section	.text.HAL_SPI_Transmit_IT,"ax",%progbits
 2149              		.align	1
 2150              		.global	HAL_SPI_Transmit_IT
 2151              		.syntax unified
 2152              		.thumb
 2153              		.thumb_func
 2155              	HAL_SPI_Transmit_IT:
 2156              	.LVL106:
 2157              	.LFB72:
1438:Drivers/STM32F1xx_HAL_Driver/Src/stm32f1xx_hal_spi.c **** 
 2158              		.loc 1 1438 1 is_stmt 1 view -0
ARM GAS  /tmp/cctmCgKp.s 			page 121


 2159              		.cfi_startproc
 2160              		@ args = 0, pretend = 0, frame = 0
 2161              		@ frame_needed = 0, uses_anonymous_args = 0
 2162              		@ link register save eliminated.
1441:Drivers/STM32F1xx_HAL_Driver/Src/stm32f1xx_hal_spi.c **** 
 2163              		.loc 1 1441 3 view .LVU758
1444:Drivers/STM32F1xx_HAL_Driver/Src/stm32f1xx_hal_spi.c ****   {
 2164              		.loc 1 1444 3 view .LVU759
1444:Drivers/STM32F1xx_HAL_Driver/Src/stm32f1xx_hal_spi.c ****   {
 2165              		.loc 1 1444 6 is_stmt 0 view .LVU760
 2166 0000 0029     		cmp	r1, #0
 2167 0002 43D0     		beq	.L158
1438:Drivers/STM32F1xx_HAL_Driver/Src/stm32f1xx_hal_spi.c **** 
 2168              		.loc 1 1438 1 view .LVU761
 2169 0004 10B4     		push	{r4}
 2170              		.cfi_def_cfa_offset 4
 2171              		.cfi_offset 4, -4
1444:Drivers/STM32F1xx_HAL_Driver/Src/stm32f1xx_hal_spi.c ****   {
 2172              		.loc 1 1444 23 discriminator 1 view .LVU762
 2173 0006 002A     		cmp	r2, #0
 2174 0008 42D0     		beq	.L159
1449:Drivers/STM32F1xx_HAL_Driver/Src/stm32f1xx_hal_spi.c ****   {
 2175              		.loc 1 1449 3 is_stmt 1 view .LVU763
1449:Drivers/STM32F1xx_HAL_Driver/Src/stm32f1xx_hal_spi.c ****   {
 2176              		.loc 1 1449 11 is_stmt 0 view .LVU764
 2177 000a 90F85130 		ldrb	r3, [r0, #81]	@ zero_extendqisi2
1449:Drivers/STM32F1xx_HAL_Driver/Src/stm32f1xx_hal_spi.c ****   {
 2178              		.loc 1 1449 6 view .LVU765
 2179 000e 012B     		cmp	r3, #1
 2180 0010 40D1     		bne	.L160
1455:Drivers/STM32F1xx_HAL_Driver/Src/stm32f1xx_hal_spi.c **** 
 2181              		.loc 1 1455 3 is_stmt 1 view .LVU766
1455:Drivers/STM32F1xx_HAL_Driver/Src/stm32f1xx_hal_spi.c **** 
 2182              		.loc 1 1455 3 view .LVU767
 2183 0012 90F85030 		ldrb	r3, [r0, #80]	@ zero_extendqisi2
 2184 0016 012B     		cmp	r3, #1
 2185 0018 3ED0     		beq	.L161
1455:Drivers/STM32F1xx_HAL_Driver/Src/stm32f1xx_hal_spi.c **** 
 2186              		.loc 1 1455 3 discriminator 2 view .LVU768
 2187 001a 0123     		movs	r3, #1
 2188 001c 80F85030 		strb	r3, [r0, #80]
1455:Drivers/STM32F1xx_HAL_Driver/Src/stm32f1xx_hal_spi.c **** 
 2189              		.loc 1 1455 3 view .LVU769
1458:Drivers/STM32F1xx_HAL_Driver/Src/stm32f1xx_hal_spi.c ****   hspi->ErrorCode   = HAL_SPI_ERROR_NONE;
 2190              		.loc 1 1458 3 view .LVU770
1458:Drivers/STM32F1xx_HAL_Driver/Src/stm32f1xx_hal_spi.c ****   hspi->ErrorCode   = HAL_SPI_ERROR_NONE;
 2191              		.loc 1 1458 21 is_stmt 0 view .LVU771
 2192 0020 0323     		movs	r3, #3
 2193 0022 80F85130 		strb	r3, [r0, #81]
1459:Drivers/STM32F1xx_HAL_Driver/Src/stm32f1xx_hal_spi.c ****   hspi->pTxBuffPtr  = (const uint8_t *)pData;
 2194              		.loc 1 1459 3 is_stmt 1 view .LVU772
1459:Drivers/STM32F1xx_HAL_Driver/Src/stm32f1xx_hal_spi.c ****   hspi->pTxBuffPtr  = (const uint8_t *)pData;
 2195              		.loc 1 1459 21 is_stmt 0 view .LVU773
 2196 0026 0023     		movs	r3, #0
 2197 0028 4365     		str	r3, [r0, #84]
1460:Drivers/STM32F1xx_HAL_Driver/Src/stm32f1xx_hal_spi.c ****   hspi->TxXferSize  = Size;
 2198              		.loc 1 1460 3 is_stmt 1 view .LVU774
ARM GAS  /tmp/cctmCgKp.s 			page 122


1460:Drivers/STM32F1xx_HAL_Driver/Src/stm32f1xx_hal_spi.c ****   hspi->TxXferSize  = Size;
 2199              		.loc 1 1460 21 is_stmt 0 view .LVU775
 2200 002a 0163     		str	r1, [r0, #48]
1461:Drivers/STM32F1xx_HAL_Driver/Src/stm32f1xx_hal_spi.c ****   hspi->TxXferCount = Size;
 2201              		.loc 1 1461 3 is_stmt 1 view .LVU776
1461:Drivers/STM32F1xx_HAL_Driver/Src/stm32f1xx_hal_spi.c ****   hspi->TxXferCount = Size;
 2202              		.loc 1 1461 21 is_stmt 0 view .LVU777
 2203 002c 8286     		strh	r2, [r0, #52]	@ movhi
1462:Drivers/STM32F1xx_HAL_Driver/Src/stm32f1xx_hal_spi.c **** 
 2204              		.loc 1 1462 3 is_stmt 1 view .LVU778
1462:Drivers/STM32F1xx_HAL_Driver/Src/stm32f1xx_hal_spi.c **** 
 2205              		.loc 1 1462 21 is_stmt 0 view .LVU779
 2206 002e C286     		strh	r2, [r0, #54]	@ movhi
1465:Drivers/STM32F1xx_HAL_Driver/Src/stm32f1xx_hal_spi.c ****   hspi->RxXferSize  = 0U;
 2207              		.loc 1 1465 3 is_stmt 1 view .LVU780
1465:Drivers/STM32F1xx_HAL_Driver/Src/stm32f1xx_hal_spi.c ****   hspi->RxXferSize  = 0U;
 2208              		.loc 1 1465 21 is_stmt 0 view .LVU781
 2209 0030 8363     		str	r3, [r0, #56]
1466:Drivers/STM32F1xx_HAL_Driver/Src/stm32f1xx_hal_spi.c ****   hspi->RxXferCount = 0U;
 2210              		.loc 1 1466 3 is_stmt 1 view .LVU782
1466:Drivers/STM32F1xx_HAL_Driver/Src/stm32f1xx_hal_spi.c ****   hspi->RxXferCount = 0U;
 2211              		.loc 1 1466 21 is_stmt 0 view .LVU783
 2212 0032 8387     		strh	r3, [r0, #60]	@ movhi
1467:Drivers/STM32F1xx_HAL_Driver/Src/stm32f1xx_hal_spi.c ****   hspi->RxISR       = NULL;
 2213              		.loc 1 1467 3 is_stmt 1 view .LVU784
1467:Drivers/STM32F1xx_HAL_Driver/Src/stm32f1xx_hal_spi.c ****   hspi->RxISR       = NULL;
 2214              		.loc 1 1467 21 is_stmt 0 view .LVU785
 2215 0034 C387     		strh	r3, [r0, #62]	@ movhi
1468:Drivers/STM32F1xx_HAL_Driver/Src/stm32f1xx_hal_spi.c **** 
 2216              		.loc 1 1468 3 is_stmt 1 view .LVU786
1468:Drivers/STM32F1xx_HAL_Driver/Src/stm32f1xx_hal_spi.c **** 
 2217              		.loc 1 1468 21 is_stmt 0 view .LVU787
 2218 0036 0364     		str	r3, [r0, #64]
1471:Drivers/STM32F1xx_HAL_Driver/Src/stm32f1xx_hal_spi.c ****   {
 2219              		.loc 1 1471 3 is_stmt 1 view .LVU788
1471:Drivers/STM32F1xx_HAL_Driver/Src/stm32f1xx_hal_spi.c ****   {
 2220              		.loc 1 1471 17 is_stmt 0 view .LVU789
 2221 0038 C368     		ldr	r3, [r0, #12]
1471:Drivers/STM32F1xx_HAL_Driver/Src/stm32f1xx_hal_spi.c ****   {
 2222              		.loc 1 1471 6 view .LVU790
 2223 003a CBB1     		cbz	r3, .L154
1473:Drivers/STM32F1xx_HAL_Driver/Src/stm32f1xx_hal_spi.c ****   }
 2224              		.loc 1 1473 5 is_stmt 1 view .LVU791
1473:Drivers/STM32F1xx_HAL_Driver/Src/stm32f1xx_hal_spi.c ****   }
 2225              		.loc 1 1473 17 is_stmt 0 view .LVU792
 2226 003c 174B     		ldr	r3, .L167
 2227 003e 4364     		str	r3, [r0, #68]
 2228              	.L155:
1481:Drivers/STM32F1xx_HAL_Driver/Src/stm32f1xx_hal_spi.c ****   {
 2229              		.loc 1 1481 3 is_stmt 1 view .LVU793
1481:Drivers/STM32F1xx_HAL_Driver/Src/stm32f1xx_hal_spi.c ****   {
 2230              		.loc 1 1481 17 is_stmt 0 view .LVU794
 2231 0040 8368     		ldr	r3, [r0, #8]
1481:Drivers/STM32F1xx_HAL_Driver/Src/stm32f1xx_hal_spi.c ****   {
 2232              		.loc 1 1481 6 view .LVU795
 2233 0042 B3F5004F 		cmp	r3, #32768
 2234 0046 16D0     		beq	.L166
ARM GAS  /tmp/cctmCgKp.s 			page 123


 2235              	.LVL107:
 2236              	.L156:
1497:Drivers/STM32F1xx_HAL_Driver/Src/stm32f1xx_hal_spi.c ****   {
 2237              		.loc 1 1497 3 is_stmt 1 view .LVU796
1497:Drivers/STM32F1xx_HAL_Driver/Src/stm32f1xx_hal_spi.c ****   {
 2238              		.loc 1 1497 12 is_stmt 0 view .LVU797
 2239 0048 0368     		ldr	r3, [r0]
1497:Drivers/STM32F1xx_HAL_Driver/Src/stm32f1xx_hal_spi.c ****   {
 2240              		.loc 1 1497 22 view .LVU798
 2241 004a 1A68     		ldr	r2, [r3]
1497:Drivers/STM32F1xx_HAL_Driver/Src/stm32f1xx_hal_spi.c ****   {
 2242              		.loc 1 1497 6 view .LVU799
 2243 004c 12F0400F 		tst	r2, #64
 2244 0050 03D1     		bne	.L157
1500:Drivers/STM32F1xx_HAL_Driver/Src/stm32f1xx_hal_spi.c ****   }
 2245              		.loc 1 1500 5 is_stmt 1 view .LVU800
 2246 0052 1A68     		ldr	r2, [r3]
 2247 0054 42F04002 		orr	r2, r2, #64
 2248 0058 1A60     		str	r2, [r3]
 2249              	.L157:
1504:Drivers/STM32F1xx_HAL_Driver/Src/stm32f1xx_hal_spi.c ****   /* Enable TXE and ERR interrupt */
 2250              		.loc 1 1504 3 view .LVU801
1504:Drivers/STM32F1xx_HAL_Driver/Src/stm32f1xx_hal_spi.c ****   /* Enable TXE and ERR interrupt */
 2251              		.loc 1 1504 3 view .LVU802
 2252 005a 0023     		movs	r3, #0
 2253 005c 80F85030 		strb	r3, [r0, #80]
1504:Drivers/STM32F1xx_HAL_Driver/Src/stm32f1xx_hal_spi.c ****   /* Enable TXE and ERR interrupt */
 2254              		.loc 1 1504 3 view .LVU803
1506:Drivers/STM32F1xx_HAL_Driver/Src/stm32f1xx_hal_spi.c **** 
 2255              		.loc 1 1506 3 view .LVU804
 2256 0060 0168     		ldr	r1, [r0]
 2257              	.LVL108:
1506:Drivers/STM32F1xx_HAL_Driver/Src/stm32f1xx_hal_spi.c **** 
 2258              		.loc 1 1506 3 is_stmt 0 view .LVU805
 2259 0062 4A68     		ldr	r2, [r1, #4]
 2260 0064 42F0A002 		orr	r2, r2, #160
 2261 0068 4A60     		str	r2, [r1, #4]
1508:Drivers/STM32F1xx_HAL_Driver/Src/stm32f1xx_hal_spi.c **** }
 2262              		.loc 1 1508 3 is_stmt 1 view .LVU806
1508:Drivers/STM32F1xx_HAL_Driver/Src/stm32f1xx_hal_spi.c **** }
 2263              		.loc 1 1508 10 is_stmt 0 view .LVU807
 2264 006a 1846     		mov	r0, r3
 2265              	.LVL109:
 2266              	.L153:
1509:Drivers/STM32F1xx_HAL_Driver/Src/stm32f1xx_hal_spi.c **** 
 2267              		.loc 1 1509 1 view .LVU808
 2268 006c 10BC     		pop	{r4}
 2269              		.cfi_remember_state
 2270              		.cfi_restore 4
 2271              		.cfi_def_cfa_offset 0
 2272 006e 7047     		bx	lr
 2273              	.LVL110:
 2274              	.L154:
 2275              		.cfi_restore_state
1477:Drivers/STM32F1xx_HAL_Driver/Src/stm32f1xx_hal_spi.c ****   }
 2276              		.loc 1 1477 5 is_stmt 1 view .LVU809
1477:Drivers/STM32F1xx_HAL_Driver/Src/stm32f1xx_hal_spi.c ****   }
ARM GAS  /tmp/cctmCgKp.s 			page 124


 2277              		.loc 1 1477 17 is_stmt 0 view .LVU810
 2278 0070 0B4B     		ldr	r3, .L167+4
 2279 0072 4364     		str	r3, [r0, #68]
 2280 0074 E4E7     		b	.L155
 2281              	.L166:
1484:Drivers/STM32F1xx_HAL_Driver/Src/stm32f1xx_hal_spi.c ****     SPI_1LINE_TX(hspi);
 2282              		.loc 1 1484 5 is_stmt 1 view .LVU811
 2283 0076 0268     		ldr	r2, [r0]
 2284              	.LVL111:
1484:Drivers/STM32F1xx_HAL_Driver/Src/stm32f1xx_hal_spi.c ****     SPI_1LINE_TX(hspi);
 2285              		.loc 1 1484 5 is_stmt 0 view .LVU812
 2286 0078 1368     		ldr	r3, [r2]
 2287 007a 23F04003 		bic	r3, r3, #64
 2288 007e 1360     		str	r3, [r2]
 2289              	.LVL112:
1485:Drivers/STM32F1xx_HAL_Driver/Src/stm32f1xx_hal_spi.c ****   }
 2290              		.loc 1 1485 5 is_stmt 1 view .LVU813
 2291 0080 0268     		ldr	r2, [r0]
 2292 0082 1368     		ldr	r3, [r2]
 2293 0084 43F48043 		orr	r3, r3, #16384
 2294 0088 1360     		str	r3, [r2]
 2295 008a DDE7     		b	.L156
 2296              	.LVL113:
 2297              	.L158:
 2298              		.cfi_def_cfa_offset 0
 2299              		.cfi_restore 4
1446:Drivers/STM32F1xx_HAL_Driver/Src/stm32f1xx_hal_spi.c ****   }
 2300              		.loc 1 1446 12 is_stmt 0 view .LVU814
 2301 008c 0120     		movs	r0, #1
 2302              	.LVL114:
1509:Drivers/STM32F1xx_HAL_Driver/Src/stm32f1xx_hal_spi.c **** 
 2303              		.loc 1 1509 1 view .LVU815
 2304 008e 7047     		bx	lr
 2305              	.LVL115:
 2306              	.L159:
 2307              		.cfi_def_cfa_offset 4
 2308              		.cfi_offset 4, -4
1446:Drivers/STM32F1xx_HAL_Driver/Src/stm32f1xx_hal_spi.c ****   }
 2309              		.loc 1 1446 12 view .LVU816
 2310 0090 0120     		movs	r0, #1
 2311              	.LVL116:
1446:Drivers/STM32F1xx_HAL_Driver/Src/stm32f1xx_hal_spi.c ****   }
 2312              		.loc 1 1446 12 view .LVU817
 2313 0092 EBE7     		b	.L153
 2314              	.LVL117:
 2315              	.L160:
1451:Drivers/STM32F1xx_HAL_Driver/Src/stm32f1xx_hal_spi.c ****   }
 2316              		.loc 1 1451 12 view .LVU818
 2317 0094 0220     		movs	r0, #2
 2318              	.LVL118:
1451:Drivers/STM32F1xx_HAL_Driver/Src/stm32f1xx_hal_spi.c ****   }
 2319              		.loc 1 1451 12 view .LVU819
 2320 0096 E9E7     		b	.L153
 2321              	.LVL119:
 2322              	.L161:
1455:Drivers/STM32F1xx_HAL_Driver/Src/stm32f1xx_hal_spi.c **** 
 2323              		.loc 1 1455 3 discriminator 1 view .LVU820
ARM GAS  /tmp/cctmCgKp.s 			page 125


 2324 0098 0220     		movs	r0, #2
 2325              	.LVL120:
1455:Drivers/STM32F1xx_HAL_Driver/Src/stm32f1xx_hal_spi.c **** 
 2326              		.loc 1 1455 3 discriminator 1 view .LVU821
 2327 009a E7E7     		b	.L153
 2328              	.L168:
 2329              		.align	2
 2330              	.L167:
 2331 009c 00000000 		.word	SPI_TxISR_16BIT
 2332 00a0 00000000 		.word	SPI_TxISR_8BIT
 2333              		.cfi_endproc
 2334              	.LFE72:
 2336              		.section	.text.HAL_SPI_TransmitReceive_IT,"ax",%progbits
 2337              		.align	1
 2338              		.global	HAL_SPI_TransmitReceive_IT
 2339              		.syntax unified
 2340              		.thumb
 2341              		.thumb_func
 2343              	HAL_SPI_TransmitReceive_IT:
 2344              	.LVL121:
 2345              	.LFB74:
1612:Drivers/STM32F1xx_HAL_Driver/Src/stm32f1xx_hal_spi.c ****   uint32_t             tmp_mode;
 2346              		.loc 1 1612 1 is_stmt 1 view -0
 2347              		.cfi_startproc
 2348              		@ args = 0, pretend = 0, frame = 0
 2349              		@ frame_needed = 0, uses_anonymous_args = 0
1612:Drivers/STM32F1xx_HAL_Driver/Src/stm32f1xx_hal_spi.c ****   uint32_t             tmp_mode;
 2350              		.loc 1 1612 1 is_stmt 0 view .LVU823
 2351 0000 10B5     		push	{r4, lr}
 2352              		.cfi_def_cfa_offset 8
 2353              		.cfi_offset 4, -8
 2354              		.cfi_offset 14, -4
1613:Drivers/STM32F1xx_HAL_Driver/Src/stm32f1xx_hal_spi.c ****   HAL_SPI_StateTypeDef tmp_state;
 2355              		.loc 1 1613 3 is_stmt 1 view .LVU824
1614:Drivers/STM32F1xx_HAL_Driver/Src/stm32f1xx_hal_spi.c **** 
 2356              		.loc 1 1614 3 view .LVU825
1617:Drivers/STM32F1xx_HAL_Driver/Src/stm32f1xx_hal_spi.c **** 
 2357              		.loc 1 1617 3 view .LVU826
1620:Drivers/STM32F1xx_HAL_Driver/Src/stm32f1xx_hal_spi.c ****   tmp_mode            = hspi->Init.Mode;
 2358              		.loc 1 1620 3 view .LVU827
1620:Drivers/STM32F1xx_HAL_Driver/Src/stm32f1xx_hal_spi.c ****   tmp_mode            = hspi->Init.Mode;
 2359              		.loc 1 1620 23 is_stmt 0 view .LVU828
 2360 0002 90F851C0 		ldrb	ip, [r0, #81]	@ zero_extendqisi2
 2361              	.LVL122:
1621:Drivers/STM32F1xx_HAL_Driver/Src/stm32f1xx_hal_spi.c **** 
 2362              		.loc 1 1621 3 is_stmt 1 view .LVU829
1621:Drivers/STM32F1xx_HAL_Driver/Src/stm32f1xx_hal_spi.c **** 
 2363              		.loc 1 1621 23 is_stmt 0 view .LVU830
 2364 0006 4468     		ldr	r4, [r0, #4]
 2365              	.LVL123:
1623:Drivers/STM32F1xx_HAL_Driver/Src/stm32f1xx_hal_spi.c ****         ((tmp_mode == SPI_MODE_MASTER) && (hspi->Init.Direction == SPI_DIRECTION_2LINES) &&
 2366              		.loc 1 1623 3 is_stmt 1 view .LVU831
1623:Drivers/STM32F1xx_HAL_Driver/Src/stm32f1xx_hal_spi.c ****         ((tmp_mode == SPI_MODE_MASTER) && (hspi->Init.Direction == SPI_DIRECTION_2LINES) &&
 2367              		.loc 1 1623 6 is_stmt 0 view .LVU832
 2368 0008 BCF1010F 		cmp	ip, #1
 2369 000c 0AD0     		beq	.L170
 2370 000e 5FFA8CFE 		uxtb	lr, ip
ARM GAS  /tmp/cctmCgKp.s 			page 126


1623:Drivers/STM32F1xx_HAL_Driver/Src/stm32f1xx_hal_spi.c ****         ((tmp_mode == SPI_MODE_MASTER) && (hspi->Init.Direction == SPI_DIRECTION_2LINES) &&
 2371              		.loc 1 1623 7 discriminator 1 view .LVU833
 2372 0012 B4F5827F 		cmp	r4, #260
 2373 0016 3FD1     		bne	.L176
1624:Drivers/STM32F1xx_HAL_Driver/Src/stm32f1xx_hal_spi.c ****          (tmp_state == HAL_SPI_STATE_BUSY_RX))))
 2374              		.loc 1 1624 54 view .LVU834
 2375 0018 8468     		ldr	r4, [r0, #8]
 2376              	.LVL124:
1624:Drivers/STM32F1xx_HAL_Driver/Src/stm32f1xx_hal_spi.c ****          (tmp_state == HAL_SPI_STATE_BUSY_RX))))
 2377              		.loc 1 1624 40 view .LVU835
 2378 001a 002C     		cmp	r4, #0
 2379 001c 3ED1     		bne	.L177
1624:Drivers/STM32F1xx_HAL_Driver/Src/stm32f1xx_hal_spi.c ****          (tmp_state == HAL_SPI_STATE_BUSY_RX))))
 2380              		.loc 1 1624 90 discriminator 1 view .LVU836
 2381 001e BEF1040F 		cmp	lr, #4
 2382 0022 3DD1     		bne	.L178
 2383              	.L170:
1630:Drivers/STM32F1xx_HAL_Driver/Src/stm32f1xx_hal_spi.c ****   {
 2384              		.loc 1 1630 3 is_stmt 1 view .LVU837
1630:Drivers/STM32F1xx_HAL_Driver/Src/stm32f1xx_hal_spi.c ****   {
 2385              		.loc 1 1630 6 is_stmt 0 view .LVU838
 2386 0024 0029     		cmp	r1, #0
 2387 0026 3DD0     		beq	.L179
1630:Drivers/STM32F1xx_HAL_Driver/Src/stm32f1xx_hal_spi.c ****   {
 2388              		.loc 1 1630 25 discriminator 1 view .LVU839
 2389 0028 002A     		cmp	r2, #0
 2390 002a 3DD0     		beq	.L180
1630:Drivers/STM32F1xx_HAL_Driver/Src/stm32f1xx_hal_spi.c ****   {
 2391              		.loc 1 1630 46 discriminator 2 view .LVU840
 2392 002c 002B     		cmp	r3, #0
 2393 002e 3DD0     		beq	.L181
1636:Drivers/STM32F1xx_HAL_Driver/Src/stm32f1xx_hal_spi.c **** 
 2394              		.loc 1 1636 3 is_stmt 1 view .LVU841
1636:Drivers/STM32F1xx_HAL_Driver/Src/stm32f1xx_hal_spi.c **** 
 2395              		.loc 1 1636 3 view .LVU842
 2396 0030 90F85040 		ldrb	r4, [r0, #80]	@ zero_extendqisi2
 2397 0034 012C     		cmp	r4, #1
 2398 0036 3BD0     		beq	.L182
1636:Drivers/STM32F1xx_HAL_Driver/Src/stm32f1xx_hal_spi.c **** 
 2399              		.loc 1 1636 3 discriminator 2 view .LVU843
 2400 0038 0124     		movs	r4, #1
 2401 003a 80F85040 		strb	r4, [r0, #80]
1636:Drivers/STM32F1xx_HAL_Driver/Src/stm32f1xx_hal_spi.c **** 
 2402              		.loc 1 1636 3 view .LVU844
1639:Drivers/STM32F1xx_HAL_Driver/Src/stm32f1xx_hal_spi.c ****   {
 2403              		.loc 1 1639 3 view .LVU845
1639:Drivers/STM32F1xx_HAL_Driver/Src/stm32f1xx_hal_spi.c ****   {
 2404              		.loc 1 1639 11 is_stmt 0 view .LVU846
 2405 003e 90F85140 		ldrb	r4, [r0, #81]	@ zero_extendqisi2
1639:Drivers/STM32F1xx_HAL_Driver/Src/stm32f1xx_hal_spi.c ****   {
 2406              		.loc 1 1639 6 view .LVU847
 2407 0042 042C     		cmp	r4, #4
 2408 0044 02D0     		beq	.L172
1641:Drivers/STM32F1xx_HAL_Driver/Src/stm32f1xx_hal_spi.c ****   }
 2409              		.loc 1 1641 5 is_stmt 1 view .LVU848
1641:Drivers/STM32F1xx_HAL_Driver/Src/stm32f1xx_hal_spi.c ****   }
 2410              		.loc 1 1641 17 is_stmt 0 view .LVU849
ARM GAS  /tmp/cctmCgKp.s 			page 127


 2411 0046 0524     		movs	r4, #5
 2412 0048 80F85140 		strb	r4, [r0, #81]
 2413              	.L172:
1645:Drivers/STM32F1xx_HAL_Driver/Src/stm32f1xx_hal_spi.c ****   hspi->pTxBuffPtr  = (const uint8_t *)pTxData;
 2414              		.loc 1 1645 3 is_stmt 1 view .LVU850
1645:Drivers/STM32F1xx_HAL_Driver/Src/stm32f1xx_hal_spi.c ****   hspi->pTxBuffPtr  = (const uint8_t *)pTxData;
 2415              		.loc 1 1645 21 is_stmt 0 view .LVU851
 2416 004c 0024     		movs	r4, #0
 2417 004e 4465     		str	r4, [r0, #84]
1646:Drivers/STM32F1xx_HAL_Driver/Src/stm32f1xx_hal_spi.c ****   hspi->TxXferSize  = Size;
 2418              		.loc 1 1646 3 is_stmt 1 view .LVU852
1646:Drivers/STM32F1xx_HAL_Driver/Src/stm32f1xx_hal_spi.c ****   hspi->TxXferSize  = Size;
 2419              		.loc 1 1646 21 is_stmt 0 view .LVU853
 2420 0050 0163     		str	r1, [r0, #48]
1647:Drivers/STM32F1xx_HAL_Driver/Src/stm32f1xx_hal_spi.c ****   hspi->TxXferCount = Size;
 2421              		.loc 1 1647 3 is_stmt 1 view .LVU854
1647:Drivers/STM32F1xx_HAL_Driver/Src/stm32f1xx_hal_spi.c ****   hspi->TxXferCount = Size;
 2422              		.loc 1 1647 21 is_stmt 0 view .LVU855
 2423 0052 8386     		strh	r3, [r0, #52]	@ movhi
1648:Drivers/STM32F1xx_HAL_Driver/Src/stm32f1xx_hal_spi.c ****   hspi->pRxBuffPtr  = (uint8_t *)pRxData;
 2424              		.loc 1 1648 3 is_stmt 1 view .LVU856
1648:Drivers/STM32F1xx_HAL_Driver/Src/stm32f1xx_hal_spi.c ****   hspi->pRxBuffPtr  = (uint8_t *)pRxData;
 2425              		.loc 1 1648 21 is_stmt 0 view .LVU857
 2426 0054 C386     		strh	r3, [r0, #54]	@ movhi
1649:Drivers/STM32F1xx_HAL_Driver/Src/stm32f1xx_hal_spi.c ****   hspi->RxXferSize  = Size;
 2427              		.loc 1 1649 3 is_stmt 1 view .LVU858
1649:Drivers/STM32F1xx_HAL_Driver/Src/stm32f1xx_hal_spi.c ****   hspi->RxXferSize  = Size;
 2428              		.loc 1 1649 21 is_stmt 0 view .LVU859
 2429 0056 8263     		str	r2, [r0, #56]
1650:Drivers/STM32F1xx_HAL_Driver/Src/stm32f1xx_hal_spi.c ****   hspi->RxXferCount = Size;
 2430              		.loc 1 1650 3 is_stmt 1 view .LVU860
1650:Drivers/STM32F1xx_HAL_Driver/Src/stm32f1xx_hal_spi.c ****   hspi->RxXferCount = Size;
 2431              		.loc 1 1650 21 is_stmt 0 view .LVU861
 2432 0058 8387     		strh	r3, [r0, #60]	@ movhi
1651:Drivers/STM32F1xx_HAL_Driver/Src/stm32f1xx_hal_spi.c **** 
 2433              		.loc 1 1651 3 is_stmt 1 view .LVU862
1651:Drivers/STM32F1xx_HAL_Driver/Src/stm32f1xx_hal_spi.c **** 
 2434              		.loc 1 1651 21 is_stmt 0 view .LVU863
 2435 005a C387     		strh	r3, [r0, #62]	@ movhi
1654:Drivers/STM32F1xx_HAL_Driver/Src/stm32f1xx_hal_spi.c ****   {
 2436              		.loc 1 1654 3 is_stmt 1 view .LVU864
1654:Drivers/STM32F1xx_HAL_Driver/Src/stm32f1xx_hal_spi.c ****   {
 2437              		.loc 1 1654 17 is_stmt 0 view .LVU865
 2438 005c C368     		ldr	r3, [r0, #12]
 2439              	.LVL125:
1654:Drivers/STM32F1xx_HAL_Driver/Src/stm32f1xx_hal_spi.c ****   {
 2440              		.loc 1 1654 6 view .LVU866
 2441 005e B3B1     		cbz	r3, .L173
1656:Drivers/STM32F1xx_HAL_Driver/Src/stm32f1xx_hal_spi.c ****     hspi->TxISR     = SPI_2linesTxISR_16BIT;
 2442              		.loc 1 1656 5 is_stmt 1 view .LVU867
1656:Drivers/STM32F1xx_HAL_Driver/Src/stm32f1xx_hal_spi.c ****     hspi->TxISR     = SPI_2linesTxISR_16BIT;
 2443              		.loc 1 1656 21 is_stmt 0 view .LVU868
 2444 0060 144B     		ldr	r3, .L184
 2445 0062 0364     		str	r3, [r0, #64]
1657:Drivers/STM32F1xx_HAL_Driver/Src/stm32f1xx_hal_spi.c ****   }
 2446              		.loc 1 1657 5 is_stmt 1 view .LVU869
1657:Drivers/STM32F1xx_HAL_Driver/Src/stm32f1xx_hal_spi.c ****   }
ARM GAS  /tmp/cctmCgKp.s 			page 128


 2447              		.loc 1 1657 21 is_stmt 0 view .LVU870
 2448 0064 144B     		ldr	r3, .L184+4
 2449 0066 4364     		str	r3, [r0, #68]
 2450              	.L174:
1675:Drivers/STM32F1xx_HAL_Driver/Src/stm32f1xx_hal_spi.c ****   {
 2451              		.loc 1 1675 3 is_stmt 1 view .LVU871
1675:Drivers/STM32F1xx_HAL_Driver/Src/stm32f1xx_hal_spi.c ****   {
 2452              		.loc 1 1675 12 is_stmt 0 view .LVU872
 2453 0068 0368     		ldr	r3, [r0]
1675:Drivers/STM32F1xx_HAL_Driver/Src/stm32f1xx_hal_spi.c ****   {
 2454              		.loc 1 1675 22 view .LVU873
 2455 006a 1A68     		ldr	r2, [r3]
 2456              	.LVL126:
1675:Drivers/STM32F1xx_HAL_Driver/Src/stm32f1xx_hal_spi.c ****   {
 2457              		.loc 1 1675 6 view .LVU874
 2458 006c 12F0400F 		tst	r2, #64
 2459 0070 03D1     		bne	.L175
1678:Drivers/STM32F1xx_HAL_Driver/Src/stm32f1xx_hal_spi.c ****   }
 2460              		.loc 1 1678 5 is_stmt 1 view .LVU875
 2461 0072 1A68     		ldr	r2, [r3]
 2462 0074 42F04002 		orr	r2, r2, #64
 2463 0078 1A60     		str	r2, [r3]
 2464              	.LVL127:
 2465              	.L175:
1682:Drivers/STM32F1xx_HAL_Driver/Src/stm32f1xx_hal_spi.c ****   /* Enable TXE, RXNE and ERR interrupt */
 2466              		.loc 1 1682 3 view .LVU876
1682:Drivers/STM32F1xx_HAL_Driver/Src/stm32f1xx_hal_spi.c ****   /* Enable TXE, RXNE and ERR interrupt */
 2467              		.loc 1 1682 3 view .LVU877
 2468 007a 0023     		movs	r3, #0
 2469 007c 80F85030 		strb	r3, [r0, #80]
1682:Drivers/STM32F1xx_HAL_Driver/Src/stm32f1xx_hal_spi.c ****   /* Enable TXE, RXNE and ERR interrupt */
 2470              		.loc 1 1682 3 view .LVU878
1684:Drivers/STM32F1xx_HAL_Driver/Src/stm32f1xx_hal_spi.c **** 
 2471              		.loc 1 1684 3 view .LVU879
 2472 0080 0168     		ldr	r1, [r0]
 2473              	.LVL128:
1684:Drivers/STM32F1xx_HAL_Driver/Src/stm32f1xx_hal_spi.c **** 
 2474              		.loc 1 1684 3 is_stmt 0 view .LVU880
 2475 0082 4A68     		ldr	r2, [r1, #4]
 2476 0084 42F0E002 		orr	r2, r2, #224
 2477 0088 4A60     		str	r2, [r1, #4]
1686:Drivers/STM32F1xx_HAL_Driver/Src/stm32f1xx_hal_spi.c **** }
 2478              		.loc 1 1686 3 is_stmt 1 view .LVU881
1686:Drivers/STM32F1xx_HAL_Driver/Src/stm32f1xx_hal_spi.c **** }
 2479              		.loc 1 1686 10 is_stmt 0 view .LVU882
 2480 008a 1846     		mov	r0, r3
 2481              	.LVL129:
1686:Drivers/STM32F1xx_HAL_Driver/Src/stm32f1xx_hal_spi.c **** }
 2482              		.loc 1 1686 10 view .LVU883
 2483 008c 05E0     		b	.L171
 2484              	.LVL130:
 2485              	.L173:
1661:Drivers/STM32F1xx_HAL_Driver/Src/stm32f1xx_hal_spi.c ****     hspi->TxISR     = SPI_2linesTxISR_8BIT;
 2486              		.loc 1 1661 5 is_stmt 1 view .LVU884
1661:Drivers/STM32F1xx_HAL_Driver/Src/stm32f1xx_hal_spi.c ****     hspi->TxISR     = SPI_2linesTxISR_8BIT;
 2487              		.loc 1 1661 21 is_stmt 0 view .LVU885
 2488 008e 0B4B     		ldr	r3, .L184+8
ARM GAS  /tmp/cctmCgKp.s 			page 129


 2489 0090 0364     		str	r3, [r0, #64]
1662:Drivers/STM32F1xx_HAL_Driver/Src/stm32f1xx_hal_spi.c ****   }
 2490              		.loc 1 1662 5 is_stmt 1 view .LVU886
1662:Drivers/STM32F1xx_HAL_Driver/Src/stm32f1xx_hal_spi.c ****   }
 2491              		.loc 1 1662 21 is_stmt 0 view .LVU887
 2492 0092 0B4B     		ldr	r3, .L184+12
 2493 0094 4364     		str	r3, [r0, #68]
 2494 0096 E7E7     		b	.L174
 2495              	.LVL131:
 2496              	.L176:
1627:Drivers/STM32F1xx_HAL_Driver/Src/stm32f1xx_hal_spi.c ****   }
 2497              		.loc 1 1627 12 view .LVU888
 2498 0098 0220     		movs	r0, #2
 2499              	.LVL132:
 2500              	.L171:
1687:Drivers/STM32F1xx_HAL_Driver/Src/stm32f1xx_hal_spi.c **** 
 2501              		.loc 1 1687 1 view .LVU889
 2502 009a 10BD     		pop	{r4, pc}
 2503              	.LVL133:
 2504              	.L177:
1627:Drivers/STM32F1xx_HAL_Driver/Src/stm32f1xx_hal_spi.c ****   }
 2505              		.loc 1 1627 12 view .LVU890
 2506 009c 0220     		movs	r0, #2
 2507              	.LVL134:
1627:Drivers/STM32F1xx_HAL_Driver/Src/stm32f1xx_hal_spi.c ****   }
 2508              		.loc 1 1627 12 view .LVU891
 2509 009e FCE7     		b	.L171
 2510              	.LVL135:
 2511              	.L178:
1627:Drivers/STM32F1xx_HAL_Driver/Src/stm32f1xx_hal_spi.c ****   }
 2512              		.loc 1 1627 12 view .LVU892
 2513 00a0 0220     		movs	r0, #2
 2514              	.LVL136:
1627:Drivers/STM32F1xx_HAL_Driver/Src/stm32f1xx_hal_spi.c ****   }
 2515              		.loc 1 1627 12 view .LVU893
 2516 00a2 FAE7     		b	.L171
 2517              	.LVL137:
 2518              	.L179:
1632:Drivers/STM32F1xx_HAL_Driver/Src/stm32f1xx_hal_spi.c ****   }
 2519              		.loc 1 1632 12 view .LVU894
 2520 00a4 0120     		movs	r0, #1
 2521              	.LVL138:
1632:Drivers/STM32F1xx_HAL_Driver/Src/stm32f1xx_hal_spi.c ****   }
 2522              		.loc 1 1632 12 view .LVU895
 2523 00a6 F8E7     		b	.L171
 2524              	.LVL139:
 2525              	.L180:
1632:Drivers/STM32F1xx_HAL_Driver/Src/stm32f1xx_hal_spi.c ****   }
 2526              		.loc 1 1632 12 view .LVU896
 2527 00a8 0120     		movs	r0, #1
 2528              	.LVL140:
1632:Drivers/STM32F1xx_HAL_Driver/Src/stm32f1xx_hal_spi.c ****   }
 2529              		.loc 1 1632 12 view .LVU897
 2530 00aa F6E7     		b	.L171
 2531              	.LVL141:
 2532              	.L181:
1632:Drivers/STM32F1xx_HAL_Driver/Src/stm32f1xx_hal_spi.c ****   }
ARM GAS  /tmp/cctmCgKp.s 			page 130


 2533              		.loc 1 1632 12 view .LVU898
 2534 00ac 0120     		movs	r0, #1
 2535              	.LVL142:
1632:Drivers/STM32F1xx_HAL_Driver/Src/stm32f1xx_hal_spi.c ****   }
 2536              		.loc 1 1632 12 view .LVU899
 2537 00ae F4E7     		b	.L171
 2538              	.LVL143:
 2539              	.L182:
1636:Drivers/STM32F1xx_HAL_Driver/Src/stm32f1xx_hal_spi.c **** 
 2540              		.loc 1 1636 3 discriminator 1 view .LVU900
 2541 00b0 0220     		movs	r0, #2
 2542              	.LVL144:
1636:Drivers/STM32F1xx_HAL_Driver/Src/stm32f1xx_hal_spi.c **** 
 2543              		.loc 1 1636 3 discriminator 1 view .LVU901
 2544 00b2 F2E7     		b	.L171
 2545              	.L185:
 2546              		.align	2
 2547              	.L184:
 2548 00b4 00000000 		.word	SPI_2linesRxISR_16BIT
 2549 00b8 00000000 		.word	SPI_2linesTxISR_16BIT
 2550 00bc 00000000 		.word	SPI_2linesRxISR_8BIT
 2551 00c0 00000000 		.word	SPI_2linesTxISR_8BIT
 2552              		.cfi_endproc
 2553              	.LFE74:
 2555              		.section	.text.HAL_SPI_Receive_IT,"ax",%progbits
 2556              		.align	1
 2557              		.global	HAL_SPI_Receive_IT
 2558              		.syntax unified
 2559              		.thumb
 2560              		.thumb_func
 2562              	HAL_SPI_Receive_IT:
 2563              	.LVL145:
 2564              	.LFB73:
1520:Drivers/STM32F1xx_HAL_Driver/Src/stm32f1xx_hal_spi.c **** 
 2565              		.loc 1 1520 1 is_stmt 1 view -0
 2566              		.cfi_startproc
 2567              		@ args = 0, pretend = 0, frame = 0
 2568              		@ frame_needed = 0, uses_anonymous_args = 0
1522:Drivers/STM32F1xx_HAL_Driver/Src/stm32f1xx_hal_spi.c ****   {
 2569              		.loc 1 1522 3 view .LVU903
1522:Drivers/STM32F1xx_HAL_Driver/Src/stm32f1xx_hal_spi.c ****   {
 2570              		.loc 1 1522 11 is_stmt 0 view .LVU904
 2571 0000 90F85130 		ldrb	r3, [r0, #81]	@ zero_extendqisi2
1522:Drivers/STM32F1xx_HAL_Driver/Src/stm32f1xx_hal_spi.c ****   {
 2572              		.loc 1 1522 6 view .LVU905
 2573 0004 012B     		cmp	r3, #1
 2574 0006 5ED1     		bne	.L193
1520:Drivers/STM32F1xx_HAL_Driver/Src/stm32f1xx_hal_spi.c **** 
 2575              		.loc 1 1520 1 view .LVU906
 2576 0008 10B5     		push	{r4, lr}
 2577              		.cfi_def_cfa_offset 8
 2578              		.cfi_offset 4, -8
 2579              		.cfi_offset 14, -4
 2580 000a 8446     		mov	ip, r0
 2581 000c D8B2     		uxtb	r0, r3
 2582              	.LVL146:
1527:Drivers/STM32F1xx_HAL_Driver/Src/stm32f1xx_hal_spi.c ****   {
ARM GAS  /tmp/cctmCgKp.s 			page 131


 2583              		.loc 1 1527 3 is_stmt 1 view .LVU907
1527:Drivers/STM32F1xx_HAL_Driver/Src/stm32f1xx_hal_spi.c ****   {
 2584              		.loc 1 1527 18 is_stmt 0 view .LVU908
 2585 000e DCF80840 		ldr	r4, [ip, #8]
1527:Drivers/STM32F1xx_HAL_Driver/Src/stm32f1xx_hal_spi.c ****   {
 2586              		.loc 1 1527 6 view .LVU909
 2587 0012 24B9     		cbnz	r4, .L188
1527:Drivers/STM32F1xx_HAL_Driver/Src/stm32f1xx_hal_spi.c ****   {
 2588              		.loc 1 1527 68 discriminator 1 view .LVU910
 2589 0014 DCF80430 		ldr	r3, [ip, #4]
1527:Drivers/STM32F1xx_HAL_Driver/Src/stm32f1xx_hal_spi.c ****   {
 2590              		.loc 1 1527 54 discriminator 1 view .LVU911
 2591 0018 B3F5827F 		cmp	r3, #260
 2592 001c 39D0     		beq	.L199
 2593              	.L188:
1535:Drivers/STM32F1xx_HAL_Driver/Src/stm32f1xx_hal_spi.c ****   {
 2594              		.loc 1 1535 3 is_stmt 1 view .LVU912
1535:Drivers/STM32F1xx_HAL_Driver/Src/stm32f1xx_hal_spi.c ****   {
 2595              		.loc 1 1535 6 is_stmt 0 view .LVU913
 2596 001e B9B3     		cbz	r1, .L187
1535:Drivers/STM32F1xx_HAL_Driver/Src/stm32f1xx_hal_spi.c ****   {
 2597              		.loc 1 1535 23 discriminator 1 view .LVU914
 2598 0020 B2B3     		cbz	r2, .L187
1541:Drivers/STM32F1xx_HAL_Driver/Src/stm32f1xx_hal_spi.c **** 
 2599              		.loc 1 1541 3 is_stmt 1 view .LVU915
1541:Drivers/STM32F1xx_HAL_Driver/Src/stm32f1xx_hal_spi.c **** 
 2600              		.loc 1 1541 3 view .LVU916
 2601 0022 9CF85030 		ldrb	r3, [ip, #80]	@ zero_extendqisi2
 2602 0026 012B     		cmp	r3, #1
 2603 0028 4FD0     		beq	.L194
1541:Drivers/STM32F1xx_HAL_Driver/Src/stm32f1xx_hal_spi.c **** 
 2604              		.loc 1 1541 3 discriminator 2 view .LVU917
 2605 002a 0123     		movs	r3, #1
 2606 002c 8CF85030 		strb	r3, [ip, #80]
1541:Drivers/STM32F1xx_HAL_Driver/Src/stm32f1xx_hal_spi.c **** 
 2607              		.loc 1 1541 3 view .LVU918
1544:Drivers/STM32F1xx_HAL_Driver/Src/stm32f1xx_hal_spi.c ****   hspi->ErrorCode   = HAL_SPI_ERROR_NONE;
 2608              		.loc 1 1544 3 view .LVU919
1544:Drivers/STM32F1xx_HAL_Driver/Src/stm32f1xx_hal_spi.c ****   hspi->ErrorCode   = HAL_SPI_ERROR_NONE;
 2609              		.loc 1 1544 21 is_stmt 0 view .LVU920
 2610 0030 0423     		movs	r3, #4
 2611 0032 8CF85130 		strb	r3, [ip, #81]
1545:Drivers/STM32F1xx_HAL_Driver/Src/stm32f1xx_hal_spi.c ****   hspi->pRxBuffPtr  = (uint8_t *)pData;
 2612              		.loc 1 1545 3 is_stmt 1 view .LVU921
1545:Drivers/STM32F1xx_HAL_Driver/Src/stm32f1xx_hal_spi.c ****   hspi->pRxBuffPtr  = (uint8_t *)pData;
 2613              		.loc 1 1545 21 is_stmt 0 view .LVU922
 2614 0036 0023     		movs	r3, #0
 2615 0038 CCF85430 		str	r3, [ip, #84]
1546:Drivers/STM32F1xx_HAL_Driver/Src/stm32f1xx_hal_spi.c ****   hspi->RxXferSize  = Size;
 2616              		.loc 1 1546 3 is_stmt 1 view .LVU923
1546:Drivers/STM32F1xx_HAL_Driver/Src/stm32f1xx_hal_spi.c ****   hspi->RxXferSize  = Size;
 2617              		.loc 1 1546 21 is_stmt 0 view .LVU924
 2618 003c CCF83810 		str	r1, [ip, #56]
1547:Drivers/STM32F1xx_HAL_Driver/Src/stm32f1xx_hal_spi.c ****   hspi->RxXferCount = Size;
 2619              		.loc 1 1547 3 is_stmt 1 view .LVU925
1547:Drivers/STM32F1xx_HAL_Driver/Src/stm32f1xx_hal_spi.c ****   hspi->RxXferCount = Size;
 2620              		.loc 1 1547 21 is_stmt 0 view .LVU926
ARM GAS  /tmp/cctmCgKp.s 			page 132


 2621 0040 ACF83C20 		strh	r2, [ip, #60]	@ movhi
1548:Drivers/STM32F1xx_HAL_Driver/Src/stm32f1xx_hal_spi.c **** 
 2622              		.loc 1 1548 3 is_stmt 1 view .LVU927
1548:Drivers/STM32F1xx_HAL_Driver/Src/stm32f1xx_hal_spi.c **** 
 2623              		.loc 1 1548 21 is_stmt 0 view .LVU928
 2624 0044 ACF83E20 		strh	r2, [ip, #62]	@ movhi
1551:Drivers/STM32F1xx_HAL_Driver/Src/stm32f1xx_hal_spi.c ****   hspi->TxXferSize  = 0U;
 2625              		.loc 1 1551 3 is_stmt 1 view .LVU929
1551:Drivers/STM32F1xx_HAL_Driver/Src/stm32f1xx_hal_spi.c ****   hspi->TxXferSize  = 0U;
 2626              		.loc 1 1551 21 is_stmt 0 view .LVU930
 2627 0048 CCF83030 		str	r3, [ip, #48]
1552:Drivers/STM32F1xx_HAL_Driver/Src/stm32f1xx_hal_spi.c ****   hspi->TxXferCount = 0U;
 2628              		.loc 1 1552 3 is_stmt 1 view .LVU931
1552:Drivers/STM32F1xx_HAL_Driver/Src/stm32f1xx_hal_spi.c ****   hspi->TxXferCount = 0U;
 2629              		.loc 1 1552 21 is_stmt 0 view .LVU932
 2630 004c ACF83430 		strh	r3, [ip, #52]	@ movhi
1553:Drivers/STM32F1xx_HAL_Driver/Src/stm32f1xx_hal_spi.c ****   hspi->TxISR       = NULL;
 2631              		.loc 1 1553 3 is_stmt 1 view .LVU933
1553:Drivers/STM32F1xx_HAL_Driver/Src/stm32f1xx_hal_spi.c ****   hspi->TxISR       = NULL;
 2632              		.loc 1 1553 21 is_stmt 0 view .LVU934
 2633 0050 ACF83630 		strh	r3, [ip, #54]	@ movhi
1554:Drivers/STM32F1xx_HAL_Driver/Src/stm32f1xx_hal_spi.c **** 
 2634              		.loc 1 1554 3 is_stmt 1 view .LVU935
1554:Drivers/STM32F1xx_HAL_Driver/Src/stm32f1xx_hal_spi.c **** 
 2635              		.loc 1 1554 21 is_stmt 0 view .LVU936
 2636 0054 CCF84430 		str	r3, [ip, #68]
1557:Drivers/STM32F1xx_HAL_Driver/Src/stm32f1xx_hal_spi.c ****   {
 2637              		.loc 1 1557 3 is_stmt 1 view .LVU937
1557:Drivers/STM32F1xx_HAL_Driver/Src/stm32f1xx_hal_spi.c ****   {
 2638              		.loc 1 1557 17 is_stmt 0 view .LVU938
 2639 0058 DCF80C30 		ldr	r3, [ip, #12]
1557:Drivers/STM32F1xx_HAL_Driver/Src/stm32f1xx_hal_spi.c ****   {
 2640              		.loc 1 1557 6 view .LVU939
 2641 005c 13B3     		cbz	r3, .L189
1559:Drivers/STM32F1xx_HAL_Driver/Src/stm32f1xx_hal_spi.c ****   }
 2642              		.loc 1 1559 5 is_stmt 1 view .LVU940
1559:Drivers/STM32F1xx_HAL_Driver/Src/stm32f1xx_hal_spi.c ****   }
 2643              		.loc 1 1559 17 is_stmt 0 view .LVU941
 2644 005e 1C4B     		ldr	r3, .L201
 2645 0060 CCF84030 		str	r3, [ip, #64]
 2646              	.L190:
1567:Drivers/STM32F1xx_HAL_Driver/Src/stm32f1xx_hal_spi.c ****   {
 2647              		.loc 1 1567 3 is_stmt 1 view .LVU942
1567:Drivers/STM32F1xx_HAL_Driver/Src/stm32f1xx_hal_spi.c ****   {
 2648              		.loc 1 1567 6 is_stmt 0 view .LVU943
 2649 0064 B4F5004F 		cmp	r4, #32768
 2650 0068 20D0     		beq	.L200
 2651              	.LVL147:
 2652              	.L191:
1587:Drivers/STM32F1xx_HAL_Driver/Src/stm32f1xx_hal_spi.c ****   {
 2653              		.loc 1 1587 3 is_stmt 1 view .LVU944
1587:Drivers/STM32F1xx_HAL_Driver/Src/stm32f1xx_hal_spi.c ****   {
 2654              		.loc 1 1587 12 is_stmt 0 view .LVU945
 2655 006a DCF80030 		ldr	r3, [ip]
1587:Drivers/STM32F1xx_HAL_Driver/Src/stm32f1xx_hal_spi.c ****   {
 2656              		.loc 1 1587 22 view .LVU946
 2657 006e 1A68     		ldr	r2, [r3]
ARM GAS  /tmp/cctmCgKp.s 			page 133


1587:Drivers/STM32F1xx_HAL_Driver/Src/stm32f1xx_hal_spi.c ****   {
 2658              		.loc 1 1587 6 view .LVU947
 2659 0070 12F0400F 		tst	r2, #64
 2660 0074 03D1     		bne	.L192
1590:Drivers/STM32F1xx_HAL_Driver/Src/stm32f1xx_hal_spi.c ****   }
 2661              		.loc 1 1590 5 is_stmt 1 view .LVU948
 2662 0076 1A68     		ldr	r2, [r3]
 2663 0078 42F04002 		orr	r2, r2, #64
 2664 007c 1A60     		str	r2, [r3]
 2665              	.L192:
1594:Drivers/STM32F1xx_HAL_Driver/Src/stm32f1xx_hal_spi.c ****   /* Enable RXNE and ERR interrupt */
 2666              		.loc 1 1594 3 view .LVU949
1594:Drivers/STM32F1xx_HAL_Driver/Src/stm32f1xx_hal_spi.c ****   /* Enable RXNE and ERR interrupt */
 2667              		.loc 1 1594 3 view .LVU950
 2668 007e 0020     		movs	r0, #0
 2669 0080 8CF85000 		strb	r0, [ip, #80]
1594:Drivers/STM32F1xx_HAL_Driver/Src/stm32f1xx_hal_spi.c ****   /* Enable RXNE and ERR interrupt */
 2670              		.loc 1 1594 3 view .LVU951
1596:Drivers/STM32F1xx_HAL_Driver/Src/stm32f1xx_hal_spi.c **** 
 2671              		.loc 1 1596 3 view .LVU952
 2672 0084 DCF80020 		ldr	r2, [ip]
 2673 0088 5368     		ldr	r3, [r2, #4]
 2674 008a 43F06003 		orr	r3, r3, #96
 2675 008e 5360     		str	r3, [r2, #4]
1598:Drivers/STM32F1xx_HAL_Driver/Src/stm32f1xx_hal_spi.c **** }
 2676              		.loc 1 1598 3 view .LVU953
 2677              	.LVL148:
 2678              	.L187:
1599:Drivers/STM32F1xx_HAL_Driver/Src/stm32f1xx_hal_spi.c **** 
 2679              		.loc 1 1599 1 is_stmt 0 view .LVU954
 2680 0090 10BD     		pop	{r4, pc}
 2681              	.LVL149:
 2682              	.L199:
1529:Drivers/STM32F1xx_HAL_Driver/Src/stm32f1xx_hal_spi.c ****     /* Call transmit-receive function to send Dummy data on Tx line and generate clock on CLK line 
 2683              		.loc 1 1529 5 is_stmt 1 view .LVU955
1529:Drivers/STM32F1xx_HAL_Driver/Src/stm32f1xx_hal_spi.c ****     /* Call transmit-receive function to send Dummy data on Tx line and generate clock on CLK line 
 2684              		.loc 1 1529 17 is_stmt 0 view .LVU956
 2685 0092 0423     		movs	r3, #4
 2686 0094 8CF85130 		strb	r3, [ip, #81]
1531:Drivers/STM32F1xx_HAL_Driver/Src/stm32f1xx_hal_spi.c ****   }
 2687              		.loc 1 1531 5 is_stmt 1 view .LVU957
1531:Drivers/STM32F1xx_HAL_Driver/Src/stm32f1xx_hal_spi.c ****   }
 2688              		.loc 1 1531 12 is_stmt 0 view .LVU958
 2689 0098 1346     		mov	r3, r2
 2690 009a 0A46     		mov	r2, r1
 2691              	.LVL150:
1531:Drivers/STM32F1xx_HAL_Driver/Src/stm32f1xx_hal_spi.c ****   }
 2692              		.loc 1 1531 12 view .LVU959
 2693 009c 6046     		mov	r0, ip
 2694 009e FFF7FEFF 		bl	HAL_SPI_TransmitReceive_IT
 2695              	.LVL151:
1531:Drivers/STM32F1xx_HAL_Driver/Src/stm32f1xx_hal_spi.c ****   }
 2696              		.loc 1 1531 12 view .LVU960
 2697 00a2 F5E7     		b	.L187
 2698              	.LVL152:
 2699              	.L189:
1563:Drivers/STM32F1xx_HAL_Driver/Src/stm32f1xx_hal_spi.c ****   }
ARM GAS  /tmp/cctmCgKp.s 			page 134


 2700              		.loc 1 1563 5 is_stmt 1 view .LVU961
1563:Drivers/STM32F1xx_HAL_Driver/Src/stm32f1xx_hal_spi.c ****   }
 2701              		.loc 1 1563 17 is_stmt 0 view .LVU962
 2702 00a4 0B4B     		ldr	r3, .L201+4
 2703 00a6 CCF84030 		str	r3, [ip, #64]
 2704 00aa DBE7     		b	.L190
 2705              	.L200:
1570:Drivers/STM32F1xx_HAL_Driver/Src/stm32f1xx_hal_spi.c ****     SPI_1LINE_RX(hspi);
 2706              		.loc 1 1570 5 is_stmt 1 view .LVU963
 2707 00ac DCF80020 		ldr	r2, [ip]
 2708              	.LVL153:
1570:Drivers/STM32F1xx_HAL_Driver/Src/stm32f1xx_hal_spi.c ****     SPI_1LINE_RX(hspi);
 2709              		.loc 1 1570 5 is_stmt 0 view .LVU964
 2710 00b0 1368     		ldr	r3, [r2]
 2711 00b2 23F04003 		bic	r3, r3, #64
 2712 00b6 1360     		str	r3, [r2]
 2713              	.LVL154:
1571:Drivers/STM32F1xx_HAL_Driver/Src/stm32f1xx_hal_spi.c ****   }
 2714              		.loc 1 1571 5 is_stmt 1 view .LVU965
 2715 00b8 DCF80020 		ldr	r2, [ip]
 2716 00bc 1368     		ldr	r3, [r2]
 2717 00be 23F48043 		bic	r3, r3, #16384
 2718 00c2 1360     		str	r3, [r2]
 2719 00c4 D1E7     		b	.L191
 2720              	.LVL155:
 2721              	.L193:
 2722              		.cfi_def_cfa_offset 0
 2723              		.cfi_restore 4
 2724              		.cfi_restore 14
1524:Drivers/STM32F1xx_HAL_Driver/Src/stm32f1xx_hal_spi.c ****   }
 2725              		.loc 1 1524 12 is_stmt 0 view .LVU966
 2726 00c6 0220     		movs	r0, #2
 2727              	.LVL156:
1599:Drivers/STM32F1xx_HAL_Driver/Src/stm32f1xx_hal_spi.c **** 
 2728              		.loc 1 1599 1 view .LVU967
 2729 00c8 7047     		bx	lr
 2730              	.LVL157:
 2731              	.L194:
 2732              		.cfi_def_cfa_offset 8
 2733              		.cfi_offset 4, -8
 2734              		.cfi_offset 14, -4
1541:Drivers/STM32F1xx_HAL_Driver/Src/stm32f1xx_hal_spi.c **** 
 2735              		.loc 1 1541 3 discriminator 1 view .LVU968
 2736 00ca 0220     		movs	r0, #2
 2737 00cc E0E7     		b	.L187
 2738              	.L202:
 2739 00ce 00BF     		.align	2
 2740              	.L201:
 2741 00d0 00000000 		.word	SPI_RxISR_16BIT
 2742 00d4 00000000 		.word	SPI_RxISR_8BIT
 2743              		.cfi_endproc
 2744              	.LFE73:
 2746              		.section	.text.HAL_SPI_Transmit_DMA,"ax",%progbits
 2747              		.align	1
 2748              		.global	HAL_SPI_Transmit_DMA
 2749              		.syntax unified
 2750              		.thumb
ARM GAS  /tmp/cctmCgKp.s 			page 135


 2751              		.thumb_func
 2753              	HAL_SPI_Transmit_DMA:
 2754              	.LVL158:
 2755              	.LFB75:
1698:Drivers/STM32F1xx_HAL_Driver/Src/stm32f1xx_hal_spi.c **** 
 2756              		.loc 1 1698 1 is_stmt 1 view -0
 2757              		.cfi_startproc
 2758              		@ args = 0, pretend = 0, frame = 0
 2759              		@ frame_needed = 0, uses_anonymous_args = 0
1698:Drivers/STM32F1xx_HAL_Driver/Src/stm32f1xx_hal_spi.c **** 
 2760              		.loc 1 1698 1 is_stmt 0 view .LVU970
 2761 0000 38B5     		push	{r3, r4, r5, lr}
 2762              		.cfi_def_cfa_offset 16
 2763              		.cfi_offset 3, -16
 2764              		.cfi_offset 4, -12
 2765              		.cfi_offset 5, -8
 2766              		.cfi_offset 14, -4
1701:Drivers/STM32F1xx_HAL_Driver/Src/stm32f1xx_hal_spi.c **** 
 2767              		.loc 1 1701 3 is_stmt 1 view .LVU971
1704:Drivers/STM32F1xx_HAL_Driver/Src/stm32f1xx_hal_spi.c **** 
 2768              		.loc 1 1704 3 view .LVU972
1706:Drivers/STM32F1xx_HAL_Driver/Src/stm32f1xx_hal_spi.c ****   {
 2769              		.loc 1 1706 3 view .LVU973
1706:Drivers/STM32F1xx_HAL_Driver/Src/stm32f1xx_hal_spi.c ****   {
 2770              		.loc 1 1706 11 is_stmt 0 view .LVU974
 2771 0002 90F85130 		ldrb	r3, [r0, #81]	@ zero_extendqisi2
1706:Drivers/STM32F1xx_HAL_Driver/Src/stm32f1xx_hal_spi.c ****   {
 2772              		.loc 1 1706 6 view .LVU975
 2773 0006 012B     		cmp	r3, #1
 2774 0008 5ED1     		bne	.L208
 2775 000a 0446     		mov	r4, r0
 2776 000c DDB2     		uxtb	r5, r3
1711:Drivers/STM32F1xx_HAL_Driver/Src/stm32f1xx_hal_spi.c ****   {
 2777              		.loc 1 1711 3 is_stmt 1 view .LVU976
1711:Drivers/STM32F1xx_HAL_Driver/Src/stm32f1xx_hal_spi.c ****   {
 2778              		.loc 1 1711 6 is_stmt 0 view .LVU977
 2779 000e 0029     		cmp	r1, #0
 2780 0010 5BD0     		beq	.L204
1711:Drivers/STM32F1xx_HAL_Driver/Src/stm32f1xx_hal_spi.c ****   {
 2781              		.loc 1 1711 23 discriminator 1 view .LVU978
 2782 0012 002A     		cmp	r2, #0
 2783 0014 59D0     		beq	.L204
1717:Drivers/STM32F1xx_HAL_Driver/Src/stm32f1xx_hal_spi.c **** 
 2784              		.loc 1 1717 3 is_stmt 1 view .LVU979
1717:Drivers/STM32F1xx_HAL_Driver/Src/stm32f1xx_hal_spi.c **** 
 2785              		.loc 1 1717 3 view .LVU980
 2786 0016 90F85030 		ldrb	r3, [r0, #80]	@ zero_extendqisi2
 2787 001a 012B     		cmp	r3, #1
 2788 001c 57D0     		beq	.L209
1717:Drivers/STM32F1xx_HAL_Driver/Src/stm32f1xx_hal_spi.c **** 
 2789              		.loc 1 1717 3 discriminator 2 view .LVU981
 2790 001e 0123     		movs	r3, #1
 2791 0020 80F85030 		strb	r3, [r0, #80]
1717:Drivers/STM32F1xx_HAL_Driver/Src/stm32f1xx_hal_spi.c **** 
 2792              		.loc 1 1717 3 view .LVU982
1720:Drivers/STM32F1xx_HAL_Driver/Src/stm32f1xx_hal_spi.c ****   hspi->ErrorCode   = HAL_SPI_ERROR_NONE;
 2793              		.loc 1 1720 3 view .LVU983
ARM GAS  /tmp/cctmCgKp.s 			page 136


1720:Drivers/STM32F1xx_HAL_Driver/Src/stm32f1xx_hal_spi.c ****   hspi->ErrorCode   = HAL_SPI_ERROR_NONE;
 2794              		.loc 1 1720 21 is_stmt 0 view .LVU984
 2795 0024 0323     		movs	r3, #3
 2796 0026 80F85130 		strb	r3, [r0, #81]
1721:Drivers/STM32F1xx_HAL_Driver/Src/stm32f1xx_hal_spi.c ****   hspi->pTxBuffPtr  = (const uint8_t *)pData;
 2797              		.loc 1 1721 3 is_stmt 1 view .LVU985
1721:Drivers/STM32F1xx_HAL_Driver/Src/stm32f1xx_hal_spi.c ****   hspi->pTxBuffPtr  = (const uint8_t *)pData;
 2798              		.loc 1 1721 21 is_stmt 0 view .LVU986
 2799 002a 0023     		movs	r3, #0
 2800 002c 4365     		str	r3, [r0, #84]
1722:Drivers/STM32F1xx_HAL_Driver/Src/stm32f1xx_hal_spi.c ****   hspi->TxXferSize  = Size;
 2801              		.loc 1 1722 3 is_stmt 1 view .LVU987
1722:Drivers/STM32F1xx_HAL_Driver/Src/stm32f1xx_hal_spi.c ****   hspi->TxXferSize  = Size;
 2802              		.loc 1 1722 21 is_stmt 0 view .LVU988
 2803 002e 0163     		str	r1, [r0, #48]
1723:Drivers/STM32F1xx_HAL_Driver/Src/stm32f1xx_hal_spi.c ****   hspi->TxXferCount = Size;
 2804              		.loc 1 1723 3 is_stmt 1 view .LVU989
1723:Drivers/STM32F1xx_HAL_Driver/Src/stm32f1xx_hal_spi.c ****   hspi->TxXferCount = Size;
 2805              		.loc 1 1723 21 is_stmt 0 view .LVU990
 2806 0030 8286     		strh	r2, [r0, #52]	@ movhi
1724:Drivers/STM32F1xx_HAL_Driver/Src/stm32f1xx_hal_spi.c **** 
 2807              		.loc 1 1724 3 is_stmt 1 view .LVU991
1724:Drivers/STM32F1xx_HAL_Driver/Src/stm32f1xx_hal_spi.c **** 
 2808              		.loc 1 1724 21 is_stmt 0 view .LVU992
 2809 0032 C286     		strh	r2, [r0, #54]	@ movhi
1727:Drivers/STM32F1xx_HAL_Driver/Src/stm32f1xx_hal_spi.c ****   hspi->TxISR       = NULL;
 2810              		.loc 1 1727 3 is_stmt 1 view .LVU993
1727:Drivers/STM32F1xx_HAL_Driver/Src/stm32f1xx_hal_spi.c ****   hspi->TxISR       = NULL;
 2811              		.loc 1 1727 21 is_stmt 0 view .LVU994
 2812 0034 8363     		str	r3, [r0, #56]
1728:Drivers/STM32F1xx_HAL_Driver/Src/stm32f1xx_hal_spi.c ****   hspi->RxISR       = NULL;
 2813              		.loc 1 1728 3 is_stmt 1 view .LVU995
1728:Drivers/STM32F1xx_HAL_Driver/Src/stm32f1xx_hal_spi.c ****   hspi->RxISR       = NULL;
 2814              		.loc 1 1728 21 is_stmt 0 view .LVU996
 2815 0036 4364     		str	r3, [r0, #68]
1729:Drivers/STM32F1xx_HAL_Driver/Src/stm32f1xx_hal_spi.c ****   hspi->RxXferSize  = 0U;
 2816              		.loc 1 1729 3 is_stmt 1 view .LVU997
1729:Drivers/STM32F1xx_HAL_Driver/Src/stm32f1xx_hal_spi.c ****   hspi->RxXferSize  = 0U;
 2817              		.loc 1 1729 21 is_stmt 0 view .LVU998
 2818 0038 0364     		str	r3, [r0, #64]
1730:Drivers/STM32F1xx_HAL_Driver/Src/stm32f1xx_hal_spi.c ****   hspi->RxXferCount = 0U;
 2819              		.loc 1 1730 3 is_stmt 1 view .LVU999
1730:Drivers/STM32F1xx_HAL_Driver/Src/stm32f1xx_hal_spi.c ****   hspi->RxXferCount = 0U;
 2820              		.loc 1 1730 21 is_stmt 0 view .LVU1000
 2821 003a 8387     		strh	r3, [r0, #60]	@ movhi
1731:Drivers/STM32F1xx_HAL_Driver/Src/stm32f1xx_hal_spi.c **** 
 2822              		.loc 1 1731 3 is_stmt 1 view .LVU1001
1731:Drivers/STM32F1xx_HAL_Driver/Src/stm32f1xx_hal_spi.c **** 
 2823              		.loc 1 1731 21 is_stmt 0 view .LVU1002
 2824 003c C387     		strh	r3, [r0, #62]	@ movhi
1734:Drivers/STM32F1xx_HAL_Driver/Src/stm32f1xx_hal_spi.c ****   {
 2825              		.loc 1 1734 3 is_stmt 1 view .LVU1003
1734:Drivers/STM32F1xx_HAL_Driver/Src/stm32f1xx_hal_spi.c ****   {
 2826              		.loc 1 1734 17 is_stmt 0 view .LVU1004
 2827 003e 8368     		ldr	r3, [r0, #8]
1734:Drivers/STM32F1xx_HAL_Driver/Src/stm32f1xx_hal_spi.c ****   {
 2828              		.loc 1 1734 6 view .LVU1005
ARM GAS  /tmp/cctmCgKp.s 			page 137


 2829 0040 B3F5004F 		cmp	r3, #32768
 2830 0044 2DD0     		beq	.L211
 2831              	.LVL159:
 2832              	.L205:
1750:Drivers/STM32F1xx_HAL_Driver/Src/stm32f1xx_hal_spi.c **** 
 2833              		.loc 1 1750 3 is_stmt 1 view .LVU1006
1750:Drivers/STM32F1xx_HAL_Driver/Src/stm32f1xx_hal_spi.c **** 
 2834              		.loc 1 1750 7 is_stmt 0 view .LVU1007
 2835 0046 A36C     		ldr	r3, [r4, #72]
1750:Drivers/STM32F1xx_HAL_Driver/Src/stm32f1xx_hal_spi.c **** 
 2836              		.loc 1 1750 38 view .LVU1008
 2837 0048 224A     		ldr	r2, .L213
 2838 004a DA62     		str	r2, [r3, #44]
1753:Drivers/STM32F1xx_HAL_Driver/Src/stm32f1xx_hal_spi.c **** 
 2839              		.loc 1 1753 3 is_stmt 1 view .LVU1009
1753:Drivers/STM32F1xx_HAL_Driver/Src/stm32f1xx_hal_spi.c **** 
 2840              		.loc 1 1753 7 is_stmt 0 view .LVU1010
 2841 004c A36C     		ldr	r3, [r4, #72]
1753:Drivers/STM32F1xx_HAL_Driver/Src/stm32f1xx_hal_spi.c **** 
 2842              		.loc 1 1753 34 view .LVU1011
 2843 004e 224A     		ldr	r2, .L213+4
 2844 0050 9A62     		str	r2, [r3, #40]
1756:Drivers/STM32F1xx_HAL_Driver/Src/stm32f1xx_hal_spi.c **** 
 2845              		.loc 1 1756 3 is_stmt 1 view .LVU1012
1756:Drivers/STM32F1xx_HAL_Driver/Src/stm32f1xx_hal_spi.c **** 
 2846              		.loc 1 1756 7 is_stmt 0 view .LVU1013
 2847 0052 A36C     		ldr	r3, [r4, #72]
1756:Drivers/STM32F1xx_HAL_Driver/Src/stm32f1xx_hal_spi.c **** 
 2848              		.loc 1 1756 35 view .LVU1014
 2849 0054 214A     		ldr	r2, .L213+8
 2850 0056 1A63     		str	r2, [r3, #48]
1759:Drivers/STM32F1xx_HAL_Driver/Src/stm32f1xx_hal_spi.c **** 
 2851              		.loc 1 1759 3 is_stmt 1 view .LVU1015
1759:Drivers/STM32F1xx_HAL_Driver/Src/stm32f1xx_hal_spi.c **** 
 2852              		.loc 1 1759 7 is_stmt 0 view .LVU1016
 2853 0058 A36C     		ldr	r3, [r4, #72]
1759:Drivers/STM32F1xx_HAL_Driver/Src/stm32f1xx_hal_spi.c **** 
 2854              		.loc 1 1759 35 view .LVU1017
 2855 005a 0022     		movs	r2, #0
 2856 005c 5A63     		str	r2, [r3, #52]
1762:Drivers/STM32F1xx_HAL_Driver/Src/stm32f1xx_hal_spi.c ****                                  hspi->TxXferCount))
 2857              		.loc 1 1762 3 is_stmt 1 view .LVU1018
1762:Drivers/STM32F1xx_HAL_Driver/Src/stm32f1xx_hal_spi.c ****                                  hspi->TxXferCount))
 2858              		.loc 1 1762 91 is_stmt 0 view .LVU1019
 2859 005e 2268     		ldr	r2, [r4]
1763:Drivers/STM32F1xx_HAL_Driver/Src/stm32f1xx_hal_spi.c ****   {
 2860              		.loc 1 1763 38 view .LVU1020
 2861 0060 E38E     		ldrh	r3, [r4, #54]
1762:Drivers/STM32F1xx_HAL_Driver/Src/stm32f1xx_hal_spi.c ****                                  hspi->TxXferCount))
 2862              		.loc 1 1762 17 view .LVU1021
 2863 0062 9BB2     		uxth	r3, r3
 2864 0064 0C32     		adds	r2, r2, #12
 2865 0066 216B     		ldr	r1, [r4, #48]
 2866              	.LVL160:
1762:Drivers/STM32F1xx_HAL_Driver/Src/stm32f1xx_hal_spi.c ****                                  hspi->TxXferCount))
 2867              		.loc 1 1762 17 view .LVU1022
 2868 0068 A06C     		ldr	r0, [r4, #72]
ARM GAS  /tmp/cctmCgKp.s 			page 138


 2869              	.LVL161:
1762:Drivers/STM32F1xx_HAL_Driver/Src/stm32f1xx_hal_spi.c ****                                  hspi->TxXferCount))
 2870              		.loc 1 1762 17 view .LVU1023
 2871 006a FFF7FEFF 		bl	HAL_DMA_Start_IT
 2872              	.LVL162:
1762:Drivers/STM32F1xx_HAL_Driver/Src/stm32f1xx_hal_spi.c ****                                  hspi->TxXferCount))
 2873              		.loc 1 1762 6 discriminator 1 view .LVU1024
 2874 006e 0146     		mov	r1, r0
 2875 0070 10BB     		cbnz	r0, .L212
1773:Drivers/STM32F1xx_HAL_Driver/Src/stm32f1xx_hal_spi.c ****   {
 2876              		.loc 1 1773 3 is_stmt 1 view .LVU1025
1773:Drivers/STM32F1xx_HAL_Driver/Src/stm32f1xx_hal_spi.c ****   {
 2877              		.loc 1 1773 12 is_stmt 0 view .LVU1026
 2878 0072 2368     		ldr	r3, [r4]
1773:Drivers/STM32F1xx_HAL_Driver/Src/stm32f1xx_hal_spi.c ****   {
 2879              		.loc 1 1773 22 view .LVU1027
 2880 0074 1A68     		ldr	r2, [r3]
1773:Drivers/STM32F1xx_HAL_Driver/Src/stm32f1xx_hal_spi.c ****   {
 2881              		.loc 1 1773 6 view .LVU1028
 2882 0076 12F0400F 		tst	r2, #64
 2883 007a 03D1     		bne	.L207
1776:Drivers/STM32F1xx_HAL_Driver/Src/stm32f1xx_hal_spi.c ****   }
 2884              		.loc 1 1776 5 is_stmt 1 view .LVU1029
 2885 007c 1A68     		ldr	r2, [r3]
 2886 007e 42F04002 		orr	r2, r2, #64
 2887 0082 1A60     		str	r2, [r3]
 2888              	.L207:
1780:Drivers/STM32F1xx_HAL_Driver/Src/stm32f1xx_hal_spi.c **** 
 2889              		.loc 1 1780 3 view .LVU1030
1780:Drivers/STM32F1xx_HAL_Driver/Src/stm32f1xx_hal_spi.c **** 
 2890              		.loc 1 1780 3 view .LVU1031
 2891 0084 0023     		movs	r3, #0
 2892 0086 84F85030 		strb	r3, [r4, #80]
1780:Drivers/STM32F1xx_HAL_Driver/Src/stm32f1xx_hal_spi.c **** 
 2893              		.loc 1 1780 3 view .LVU1032
1783:Drivers/STM32F1xx_HAL_Driver/Src/stm32f1xx_hal_spi.c **** 
 2894              		.loc 1 1783 3 view .LVU1033
 2895 008a 2268     		ldr	r2, [r4]
 2896 008c 5368     		ldr	r3, [r2, #4]
 2897 008e 43F02003 		orr	r3, r3, #32
 2898 0092 5360     		str	r3, [r2, #4]
1786:Drivers/STM32F1xx_HAL_Driver/Src/stm32f1xx_hal_spi.c **** 
 2899              		.loc 1 1786 3 view .LVU1034
 2900 0094 2268     		ldr	r2, [r4]
 2901 0096 5368     		ldr	r3, [r2, #4]
 2902 0098 43F00203 		orr	r3, r3, #2
 2903 009c 5360     		str	r3, [r2, #4]
1788:Drivers/STM32F1xx_HAL_Driver/Src/stm32f1xx_hal_spi.c **** }
 2904              		.loc 1 1788 3 view .LVU1035
1788:Drivers/STM32F1xx_HAL_Driver/Src/stm32f1xx_hal_spi.c **** }
 2905              		.loc 1 1788 10 is_stmt 0 view .LVU1036
 2906 009e 0D46     		mov	r5, r1
 2907 00a0 13E0     		b	.L204
 2908              	.LVL163:
 2909              	.L211:
1737:Drivers/STM32F1xx_HAL_Driver/Src/stm32f1xx_hal_spi.c ****     SPI_1LINE_TX(hspi);
 2910              		.loc 1 1737 5 is_stmt 1 view .LVU1037
ARM GAS  /tmp/cctmCgKp.s 			page 139


 2911 00a2 0268     		ldr	r2, [r0]
 2912              	.LVL164:
1737:Drivers/STM32F1xx_HAL_Driver/Src/stm32f1xx_hal_spi.c ****     SPI_1LINE_TX(hspi);
 2913              		.loc 1 1737 5 is_stmt 0 view .LVU1038
 2914 00a4 1368     		ldr	r3, [r2]
 2915 00a6 23F04003 		bic	r3, r3, #64
 2916 00aa 1360     		str	r3, [r2]
 2917              	.LVL165:
1738:Drivers/STM32F1xx_HAL_Driver/Src/stm32f1xx_hal_spi.c ****   }
 2918              		.loc 1 1738 5 is_stmt 1 view .LVU1039
 2919 00ac 0268     		ldr	r2, [r0]
 2920 00ae 1368     		ldr	r3, [r2]
 2921 00b0 43F48043 		orr	r3, r3, #16384
 2922 00b4 1360     		str	r3, [r2]
 2923 00b6 C6E7     		b	.L205
 2924              	.LVL166:
 2925              	.L212:
1766:Drivers/STM32F1xx_HAL_Driver/Src/stm32f1xx_hal_spi.c ****     /* Process Unlocked */
 2926              		.loc 1 1766 5 view .LVU1040
 2927 00b8 636D     		ldr	r3, [r4, #84]
 2928 00ba 43F01003 		orr	r3, r3, #16
 2929 00be 6365     		str	r3, [r4, #84]
1768:Drivers/STM32F1xx_HAL_Driver/Src/stm32f1xx_hal_spi.c ****     return HAL_ERROR;
 2930              		.loc 1 1768 5 view .LVU1041
1768:Drivers/STM32F1xx_HAL_Driver/Src/stm32f1xx_hal_spi.c ****     return HAL_ERROR;
 2931              		.loc 1 1768 5 view .LVU1042
 2932 00c0 0023     		movs	r3, #0
 2933 00c2 84F85030 		strb	r3, [r4, #80]
1768:Drivers/STM32F1xx_HAL_Driver/Src/stm32f1xx_hal_spi.c ****     return HAL_ERROR;
 2934              		.loc 1 1768 5 view .LVU1043
1769:Drivers/STM32F1xx_HAL_Driver/Src/stm32f1xx_hal_spi.c ****   }
 2935              		.loc 1 1769 5 view .LVU1044
1769:Drivers/STM32F1xx_HAL_Driver/Src/stm32f1xx_hal_spi.c ****   }
 2936              		.loc 1 1769 12 is_stmt 0 view .LVU1045
 2937 00c6 00E0     		b	.L204
 2938              	.LVL167:
 2939              	.L208:
1708:Drivers/STM32F1xx_HAL_Driver/Src/stm32f1xx_hal_spi.c ****   }
 2940              		.loc 1 1708 12 view .LVU1046
 2941 00c8 0225     		movs	r5, #2
 2942              	.LVL168:
 2943              	.L204:
1789:Drivers/STM32F1xx_HAL_Driver/Src/stm32f1xx_hal_spi.c **** 
 2944              		.loc 1 1789 1 view .LVU1047
 2945 00ca 2846     		mov	r0, r5
 2946 00cc 38BD     		pop	{r3, r4, r5, pc}
 2947              	.LVL169:
 2948              	.L209:
1717:Drivers/STM32F1xx_HAL_Driver/Src/stm32f1xx_hal_spi.c **** 
 2949              		.loc 1 1717 3 discriminator 1 view .LVU1048
 2950 00ce 0225     		movs	r5, #2
 2951 00d0 FBE7     		b	.L204
 2952              	.L214:
 2953 00d2 00BF     		.align	2
 2954              	.L213:
 2955 00d4 00000000 		.word	SPI_DMAHalfTransmitCplt
 2956 00d8 00000000 		.word	SPI_DMATransmitCplt
ARM GAS  /tmp/cctmCgKp.s 			page 140


 2957 00dc 00000000 		.word	SPI_DMAError
 2958              		.cfi_endproc
 2959              	.LFE75:
 2961              		.section	.text.HAL_SPI_TransmitReceive_DMA,"ax",%progbits
 2962              		.align	1
 2963              		.global	HAL_SPI_TransmitReceive_DMA
 2964              		.syntax unified
 2965              		.thumb
 2966              		.thumb_func
 2968              	HAL_SPI_TransmitReceive_DMA:
 2969              	.LVL170:
 2970              	.LFB77:
1913:Drivers/STM32F1xx_HAL_Driver/Src/stm32f1xx_hal_spi.c ****   uint32_t             tmp_mode;
 2971              		.loc 1 1913 1 is_stmt 1 view -0
 2972              		.cfi_startproc
 2973              		@ args = 0, pretend = 0, frame = 0
 2974              		@ frame_needed = 0, uses_anonymous_args = 0
1913:Drivers/STM32F1xx_HAL_Driver/Src/stm32f1xx_hal_spi.c ****   uint32_t             tmp_mode;
 2975              		.loc 1 1913 1 is_stmt 0 view .LVU1050
 2976 0000 38B5     		push	{r3, r4, r5, lr}
 2977              		.cfi_def_cfa_offset 16
 2978              		.cfi_offset 3, -16
 2979              		.cfi_offset 4, -12
 2980              		.cfi_offset 5, -8
 2981              		.cfi_offset 14, -4
 2982 0002 0446     		mov	r4, r0
1914:Drivers/STM32F1xx_HAL_Driver/Src/stm32f1xx_hal_spi.c ****   HAL_SPI_StateTypeDef tmp_state;
 2983              		.loc 1 1914 3 is_stmt 1 view .LVU1051
1915:Drivers/STM32F1xx_HAL_Driver/Src/stm32f1xx_hal_spi.c **** 
 2984              		.loc 1 1915 3 view .LVU1052
1918:Drivers/STM32F1xx_HAL_Driver/Src/stm32f1xx_hal_spi.c ****   assert_param(IS_SPI_DMA_HANDLE(hspi->hdmatx));
 2985              		.loc 1 1918 3 view .LVU1053
1919:Drivers/STM32F1xx_HAL_Driver/Src/stm32f1xx_hal_spi.c **** 
 2986              		.loc 1 1919 3 view .LVU1054
1922:Drivers/STM32F1xx_HAL_Driver/Src/stm32f1xx_hal_spi.c **** 
 2987              		.loc 1 1922 3 view .LVU1055
1925:Drivers/STM32F1xx_HAL_Driver/Src/stm32f1xx_hal_spi.c ****   tmp_mode            = hspi->Init.Mode;
 2988              		.loc 1 1925 3 view .LVU1056
1925:Drivers/STM32F1xx_HAL_Driver/Src/stm32f1xx_hal_spi.c ****   tmp_mode            = hspi->Init.Mode;
 2989              		.loc 1 1925 23 is_stmt 0 view .LVU1057
 2990 0004 90F85100 		ldrb	r0, [r0, #81]	@ zero_extendqisi2
 2991              	.LVL171:
1926:Drivers/STM32F1xx_HAL_Driver/Src/stm32f1xx_hal_spi.c **** 
 2992              		.loc 1 1926 3 is_stmt 1 view .LVU1058
1926:Drivers/STM32F1xx_HAL_Driver/Src/stm32f1xx_hal_spi.c **** 
 2993              		.loc 1 1926 23 is_stmt 0 view .LVU1059
 2994 0008 6568     		ldr	r5, [r4, #4]
 2995              	.LVL172:
1928:Drivers/STM32F1xx_HAL_Driver/Src/stm32f1xx_hal_spi.c ****         ((tmp_mode == SPI_MODE_MASTER) && (hspi->Init.Direction == SPI_DIRECTION_2LINES) &&
 2996              		.loc 1 1928 3 is_stmt 1 view .LVU1060
1928:Drivers/STM32F1xx_HAL_Driver/Src/stm32f1xx_hal_spi.c ****         ((tmp_mode == SPI_MODE_MASTER) && (hspi->Init.Direction == SPI_DIRECTION_2LINES) &&
 2997              		.loc 1 1928 6 is_stmt 0 view .LVU1061
 2998 000a 0128     		cmp	r0, #1
 2999 000c 0DD0     		beq	.L216
 3000 000e 5FFA80FC 		uxtb	ip, r0
1928:Drivers/STM32F1xx_HAL_Driver/Src/stm32f1xx_hal_spi.c ****         ((tmp_mode == SPI_MODE_MASTER) && (hspi->Init.Direction == SPI_DIRECTION_2LINES) &&
 3001              		.loc 1 1928 7 discriminator 1 view .LVU1062
ARM GAS  /tmp/cctmCgKp.s 			page 141


 3002 0012 B5F5827F 		cmp	r5, #260
 3003 0016 40F08980 		bne	.L224
1929:Drivers/STM32F1xx_HAL_Driver/Src/stm32f1xx_hal_spi.c ****          (tmp_state == HAL_SPI_STATE_BUSY_RX))))
 3004              		.loc 1 1929 54 view .LVU1063
 3005 001a A068     		ldr	r0, [r4, #8]
 3006              	.LVL173:
1929:Drivers/STM32F1xx_HAL_Driver/Src/stm32f1xx_hal_spi.c ****          (tmp_state == HAL_SPI_STATE_BUSY_RX))))
 3007              		.loc 1 1929 40 view .LVU1064
 3008 001c 0028     		cmp	r0, #0
 3009 001e 40F08780 		bne	.L225
1929:Drivers/STM32F1xx_HAL_Driver/Src/stm32f1xx_hal_spi.c ****          (tmp_state == HAL_SPI_STATE_BUSY_RX))))
 3010              		.loc 1 1929 90 discriminator 1 view .LVU1065
 3011 0022 BCF1040F 		cmp	ip, #4
 3012 0026 40F08580 		bne	.L226
 3013              	.LVL174:
 3014              	.L216:
1935:Drivers/STM32F1xx_HAL_Driver/Src/stm32f1xx_hal_spi.c ****   {
 3015              		.loc 1 1935 3 is_stmt 1 view .LVU1066
1935:Drivers/STM32F1xx_HAL_Driver/Src/stm32f1xx_hal_spi.c ****   {
 3016              		.loc 1 1935 6 is_stmt 0 view .LVU1067
 3017 002a 0029     		cmp	r1, #0
 3018 002c 00F08480 		beq	.L227
1935:Drivers/STM32F1xx_HAL_Driver/Src/stm32f1xx_hal_spi.c ****   {
 3019              		.loc 1 1935 25 discriminator 1 view .LVU1068
 3020 0030 002A     		cmp	r2, #0
 3021 0032 00F08380 		beq	.L228
1935:Drivers/STM32F1xx_HAL_Driver/Src/stm32f1xx_hal_spi.c ****   {
 3022              		.loc 1 1935 46 discriminator 2 view .LVU1069
 3023 0036 002B     		cmp	r3, #0
 3024 0038 00F08280 		beq	.L229
1941:Drivers/STM32F1xx_HAL_Driver/Src/stm32f1xx_hal_spi.c **** 
 3025              		.loc 1 1941 3 is_stmt 1 view .LVU1070
1941:Drivers/STM32F1xx_HAL_Driver/Src/stm32f1xx_hal_spi.c **** 
 3026              		.loc 1 1941 3 view .LVU1071
 3027 003c 94F85000 		ldrb	r0, [r4, #80]	@ zero_extendqisi2
 3028 0040 0128     		cmp	r0, #1
 3029 0042 7FD0     		beq	.L230
1941:Drivers/STM32F1xx_HAL_Driver/Src/stm32f1xx_hal_spi.c **** 
 3030              		.loc 1 1941 3 discriminator 2 view .LVU1072
 3031 0044 0120     		movs	r0, #1
 3032 0046 84F85000 		strb	r0, [r4, #80]
1941:Drivers/STM32F1xx_HAL_Driver/Src/stm32f1xx_hal_spi.c **** 
 3033              		.loc 1 1941 3 view .LVU1073
1944:Drivers/STM32F1xx_HAL_Driver/Src/stm32f1xx_hal_spi.c ****   {
 3034              		.loc 1 1944 3 view .LVU1074
1944:Drivers/STM32F1xx_HAL_Driver/Src/stm32f1xx_hal_spi.c ****   {
 3035              		.loc 1 1944 11 is_stmt 0 view .LVU1075
 3036 004a 94F85100 		ldrb	r0, [r4, #81]	@ zero_extendqisi2
1944:Drivers/STM32F1xx_HAL_Driver/Src/stm32f1xx_hal_spi.c ****   {
 3037              		.loc 1 1944 6 view .LVU1076
 3038 004e 0428     		cmp	r0, #4
 3039 0050 02D0     		beq	.L218
1946:Drivers/STM32F1xx_HAL_Driver/Src/stm32f1xx_hal_spi.c ****   }
 3040              		.loc 1 1946 5 is_stmt 1 view .LVU1077
1946:Drivers/STM32F1xx_HAL_Driver/Src/stm32f1xx_hal_spi.c ****   }
 3041              		.loc 1 1946 17 is_stmt 0 view .LVU1078
 3042 0052 0520     		movs	r0, #5
ARM GAS  /tmp/cctmCgKp.s 			page 142


 3043 0054 84F85100 		strb	r0, [r4, #81]
 3044              	.L218:
1950:Drivers/STM32F1xx_HAL_Driver/Src/stm32f1xx_hal_spi.c ****   hspi->pTxBuffPtr  = (const uint8_t *)pTxData;
 3045              		.loc 1 1950 3 is_stmt 1 view .LVU1079
1950:Drivers/STM32F1xx_HAL_Driver/Src/stm32f1xx_hal_spi.c ****   hspi->pTxBuffPtr  = (const uint8_t *)pTxData;
 3046              		.loc 1 1950 21 is_stmt 0 view .LVU1080
 3047 0058 0020     		movs	r0, #0
 3048 005a 6065     		str	r0, [r4, #84]
1951:Drivers/STM32F1xx_HAL_Driver/Src/stm32f1xx_hal_spi.c ****   hspi->TxXferSize  = Size;
 3049              		.loc 1 1951 3 is_stmt 1 view .LVU1081
1951:Drivers/STM32F1xx_HAL_Driver/Src/stm32f1xx_hal_spi.c ****   hspi->TxXferSize  = Size;
 3050              		.loc 1 1951 21 is_stmt 0 view .LVU1082
 3051 005c 2163     		str	r1, [r4, #48]
1952:Drivers/STM32F1xx_HAL_Driver/Src/stm32f1xx_hal_spi.c ****   hspi->TxXferCount = Size;
 3052              		.loc 1 1952 3 is_stmt 1 view .LVU1083
1952:Drivers/STM32F1xx_HAL_Driver/Src/stm32f1xx_hal_spi.c ****   hspi->TxXferCount = Size;
 3053              		.loc 1 1952 21 is_stmt 0 view .LVU1084
 3054 005e A386     		strh	r3, [r4, #52]	@ movhi
1953:Drivers/STM32F1xx_HAL_Driver/Src/stm32f1xx_hal_spi.c ****   hspi->pRxBuffPtr  = (uint8_t *)pRxData;
 3055              		.loc 1 1953 3 is_stmt 1 view .LVU1085
1953:Drivers/STM32F1xx_HAL_Driver/Src/stm32f1xx_hal_spi.c ****   hspi->pRxBuffPtr  = (uint8_t *)pRxData;
 3056              		.loc 1 1953 21 is_stmt 0 view .LVU1086
 3057 0060 E386     		strh	r3, [r4, #54]	@ movhi
1954:Drivers/STM32F1xx_HAL_Driver/Src/stm32f1xx_hal_spi.c ****   hspi->RxXferSize  = Size;
 3058              		.loc 1 1954 3 is_stmt 1 view .LVU1087
1954:Drivers/STM32F1xx_HAL_Driver/Src/stm32f1xx_hal_spi.c ****   hspi->RxXferSize  = Size;
 3059              		.loc 1 1954 21 is_stmt 0 view .LVU1088
 3060 0062 A263     		str	r2, [r4, #56]
1955:Drivers/STM32F1xx_HAL_Driver/Src/stm32f1xx_hal_spi.c ****   hspi->RxXferCount = Size;
 3061              		.loc 1 1955 3 is_stmt 1 view .LVU1089
1955:Drivers/STM32F1xx_HAL_Driver/Src/stm32f1xx_hal_spi.c ****   hspi->RxXferCount = Size;
 3062              		.loc 1 1955 21 is_stmt 0 view .LVU1090
 3063 0064 A387     		strh	r3, [r4, #60]	@ movhi
1956:Drivers/STM32F1xx_HAL_Driver/Src/stm32f1xx_hal_spi.c **** 
 3064              		.loc 1 1956 3 is_stmt 1 view .LVU1091
1956:Drivers/STM32F1xx_HAL_Driver/Src/stm32f1xx_hal_spi.c **** 
 3065              		.loc 1 1956 21 is_stmt 0 view .LVU1092
 3066 0066 E387     		strh	r3, [r4, #62]	@ movhi
1959:Drivers/STM32F1xx_HAL_Driver/Src/stm32f1xx_hal_spi.c ****   hspi->TxISR       = NULL;
 3067              		.loc 1 1959 3 is_stmt 1 view .LVU1093
1959:Drivers/STM32F1xx_HAL_Driver/Src/stm32f1xx_hal_spi.c ****   hspi->TxISR       = NULL;
 3068              		.loc 1 1959 21 is_stmt 0 view .LVU1094
 3069 0068 2064     		str	r0, [r4, #64]
1960:Drivers/STM32F1xx_HAL_Driver/Src/stm32f1xx_hal_spi.c **** 
 3070              		.loc 1 1960 3 is_stmt 1 view .LVU1095
1960:Drivers/STM32F1xx_HAL_Driver/Src/stm32f1xx_hal_spi.c **** 
 3071              		.loc 1 1960 21 is_stmt 0 view .LVU1096
 3072 006a 6064     		str	r0, [r4, #68]
1971:Drivers/STM32F1xx_HAL_Driver/Src/stm32f1xx_hal_spi.c ****   {
 3073              		.loc 1 1971 3 is_stmt 1 view .LVU1097
1971:Drivers/STM32F1xx_HAL_Driver/Src/stm32f1xx_hal_spi.c ****   {
 3074              		.loc 1 1971 11 is_stmt 0 view .LVU1098
 3075 006c 94F85130 		ldrb	r3, [r4, #81]	@ zero_extendqisi2
 3076              	.LVL175:
1971:Drivers/STM32F1xx_HAL_Driver/Src/stm32f1xx_hal_spi.c ****   {
 3077              		.loc 1 1971 6 view .LVU1099
 3078 0070 042B     		cmp	r3, #4
ARM GAS  /tmp/cctmCgKp.s 			page 143


 3079 0072 1DD0     		beq	.L232
1980:Drivers/STM32F1xx_HAL_Driver/Src/stm32f1xx_hal_spi.c ****     hspi->hdmarx->XferCpltCallback     = SPI_DMATransmitReceiveCplt;
 3080              		.loc 1 1980 5 is_stmt 1 view .LVU1100
1980:Drivers/STM32F1xx_HAL_Driver/Src/stm32f1xx_hal_spi.c ****     hspi->hdmarx->XferCpltCallback     = SPI_DMATransmitReceiveCplt;
 3081              		.loc 1 1980 9 is_stmt 0 view .LVU1101
 3082 0074 E36C     		ldr	r3, [r4, #76]
1980:Drivers/STM32F1xx_HAL_Driver/Src/stm32f1xx_hal_spi.c ****     hspi->hdmarx->XferCpltCallback     = SPI_DMATransmitReceiveCplt;
 3083              		.loc 1 1980 40 view .LVU1102
 3084 0076 344A     		ldr	r2, .L234
 3085              	.LVL176:
1980:Drivers/STM32F1xx_HAL_Driver/Src/stm32f1xx_hal_spi.c ****     hspi->hdmarx->XferCpltCallback     = SPI_DMATransmitReceiveCplt;
 3086              		.loc 1 1980 40 view .LVU1103
 3087 0078 DA62     		str	r2, [r3, #44]
 3088              	.LVL177:
1981:Drivers/STM32F1xx_HAL_Driver/Src/stm32f1xx_hal_spi.c ****   }
 3089              		.loc 1 1981 5 is_stmt 1 view .LVU1104
1981:Drivers/STM32F1xx_HAL_Driver/Src/stm32f1xx_hal_spi.c ****   }
 3090              		.loc 1 1981 9 is_stmt 0 view .LVU1105
 3091 007a E36C     		ldr	r3, [r4, #76]
1981:Drivers/STM32F1xx_HAL_Driver/Src/stm32f1xx_hal_spi.c ****   }
 3092              		.loc 1 1981 40 view .LVU1106
 3093 007c 334A     		ldr	r2, .L234+4
 3094 007e 9A62     		str	r2, [r3, #40]
 3095              	.L220:
1985:Drivers/STM32F1xx_HAL_Driver/Src/stm32f1xx_hal_spi.c **** 
 3096              		.loc 1 1985 3 is_stmt 1 view .LVU1107
1985:Drivers/STM32F1xx_HAL_Driver/Src/stm32f1xx_hal_spi.c **** 
 3097              		.loc 1 1985 7 is_stmt 0 view .LVU1108
 3098 0080 E36C     		ldr	r3, [r4, #76]
1985:Drivers/STM32F1xx_HAL_Driver/Src/stm32f1xx_hal_spi.c **** 
 3099              		.loc 1 1985 35 view .LVU1109
 3100 0082 334A     		ldr	r2, .L234+8
 3101 0084 1A63     		str	r2, [r3, #48]
1988:Drivers/STM32F1xx_HAL_Driver/Src/stm32f1xx_hal_spi.c **** 
 3102              		.loc 1 1988 3 is_stmt 1 view .LVU1110
1988:Drivers/STM32F1xx_HAL_Driver/Src/stm32f1xx_hal_spi.c **** 
 3103              		.loc 1 1988 7 is_stmt 0 view .LVU1111
 3104 0086 E36C     		ldr	r3, [r4, #76]
1988:Drivers/STM32F1xx_HAL_Driver/Src/stm32f1xx_hal_spi.c **** 
 3105              		.loc 1 1988 35 view .LVU1112
 3106 0088 0022     		movs	r2, #0
 3107 008a 5A63     		str	r2, [r3, #52]
1991:Drivers/STM32F1xx_HAL_Driver/Src/stm32f1xx_hal_spi.c ****                                  hspi->RxXferCount))
 3108              		.loc 1 1991 3 is_stmt 1 view .LVU1113
1991:Drivers/STM32F1xx_HAL_Driver/Src/stm32f1xx_hal_spi.c ****                                  hspi->RxXferCount))
 3109              		.loc 1 1991 63 is_stmt 0 view .LVU1114
 3110 008c 2168     		ldr	r1, [r4]
 3111              	.LVL178:
1992:Drivers/STM32F1xx_HAL_Driver/Src/stm32f1xx_hal_spi.c ****   {
 3112              		.loc 1 1992 38 view .LVU1115
 3113 008e E38F     		ldrh	r3, [r4, #62]
1991:Drivers/STM32F1xx_HAL_Driver/Src/stm32f1xx_hal_spi.c ****                                  hspi->RxXferCount))
 3114              		.loc 1 1991 17 view .LVU1116
 3115 0090 9BB2     		uxth	r3, r3
 3116 0092 A26B     		ldr	r2, [r4, #56]
 3117 0094 0C31     		adds	r1, r1, #12
 3118 0096 E06C     		ldr	r0, [r4, #76]
ARM GAS  /tmp/cctmCgKp.s 			page 144


 3119 0098 FFF7FEFF 		bl	HAL_DMA_Start_IT
 3120              	.LVL179:
1991:Drivers/STM32F1xx_HAL_Driver/Src/stm32f1xx_hal_spi.c ****                                  hspi->RxXferCount))
 3121              		.loc 1 1991 6 discriminator 1 view .LVU1117
 3122 009c 78B1     		cbz	r0, .L221
1995:Drivers/STM32F1xx_HAL_Driver/Src/stm32f1xx_hal_spi.c ****     /* Process Unlocked */
 3123              		.loc 1 1995 5 is_stmt 1 view .LVU1118
 3124 009e 636D     		ldr	r3, [r4, #84]
 3125 00a0 43F01003 		orr	r3, r3, #16
 3126 00a4 6365     		str	r3, [r4, #84]
1997:Drivers/STM32F1xx_HAL_Driver/Src/stm32f1xx_hal_spi.c ****     return HAL_ERROR;
 3127              		.loc 1 1997 5 view .LVU1119
1997:Drivers/STM32F1xx_HAL_Driver/Src/stm32f1xx_hal_spi.c ****     return HAL_ERROR;
 3128              		.loc 1 1997 5 view .LVU1120
 3129 00a6 0023     		movs	r3, #0
 3130 00a8 84F85030 		strb	r3, [r4, #80]
1997:Drivers/STM32F1xx_HAL_Driver/Src/stm32f1xx_hal_spi.c ****     return HAL_ERROR;
 3131              		.loc 1 1997 5 view .LVU1121
1998:Drivers/STM32F1xx_HAL_Driver/Src/stm32f1xx_hal_spi.c ****   }
 3132              		.loc 1 1998 5 view .LVU1122
1998:Drivers/STM32F1xx_HAL_Driver/Src/stm32f1xx_hal_spi.c ****   }
 3133              		.loc 1 1998 12 is_stmt 0 view .LVU1123
 3134 00ac 0120     		movs	r0, #1
 3135 00ae 3EE0     		b	.L217
 3136              	.LVL180:
 3137              	.L232:
1974:Drivers/STM32F1xx_HAL_Driver/Src/stm32f1xx_hal_spi.c ****     hspi->hdmarx->XferCpltCallback     = SPI_DMAReceiveCplt;
 3138              		.loc 1 1974 5 is_stmt 1 view .LVU1124
1974:Drivers/STM32F1xx_HAL_Driver/Src/stm32f1xx_hal_spi.c ****     hspi->hdmarx->XferCpltCallback     = SPI_DMAReceiveCplt;
 3139              		.loc 1 1974 9 is_stmt 0 view .LVU1125
 3140 00b0 E36C     		ldr	r3, [r4, #76]
1974:Drivers/STM32F1xx_HAL_Driver/Src/stm32f1xx_hal_spi.c ****     hspi->hdmarx->XferCpltCallback     = SPI_DMAReceiveCplt;
 3141              		.loc 1 1974 40 view .LVU1126
 3142 00b2 284A     		ldr	r2, .L234+12
 3143              	.LVL181:
1974:Drivers/STM32F1xx_HAL_Driver/Src/stm32f1xx_hal_spi.c ****     hspi->hdmarx->XferCpltCallback     = SPI_DMAReceiveCplt;
 3144              		.loc 1 1974 40 view .LVU1127
 3145 00b4 DA62     		str	r2, [r3, #44]
 3146              	.LVL182:
1975:Drivers/STM32F1xx_HAL_Driver/Src/stm32f1xx_hal_spi.c ****   }
 3147              		.loc 1 1975 5 is_stmt 1 view .LVU1128
1975:Drivers/STM32F1xx_HAL_Driver/Src/stm32f1xx_hal_spi.c ****   }
 3148              		.loc 1 1975 9 is_stmt 0 view .LVU1129
 3149 00b6 E36C     		ldr	r3, [r4, #76]
1975:Drivers/STM32F1xx_HAL_Driver/Src/stm32f1xx_hal_spi.c ****   }
 3150              		.loc 1 1975 40 view .LVU1130
 3151 00b8 274A     		ldr	r2, .L234+16
 3152 00ba 9A62     		str	r2, [r3, #40]
 3153 00bc E0E7     		b	.L220
 3154              	.LVL183:
 3155              	.L221:
2002:Drivers/STM32F1xx_HAL_Driver/Src/stm32f1xx_hal_spi.c **** 
 3156              		.loc 1 2002 3 is_stmt 1 view .LVU1131
 3157 00be 2268     		ldr	r2, [r4]
 3158 00c0 5368     		ldr	r3, [r2, #4]
 3159 00c2 43F00103 		orr	r3, r3, #1
 3160 00c6 5360     		str	r3, [r2, #4]
ARM GAS  /tmp/cctmCgKp.s 			page 145


2006:Drivers/STM32F1xx_HAL_Driver/Src/stm32f1xx_hal_spi.c ****   hspi->hdmatx->XferCpltCallback     = NULL;
 3161              		.loc 1 2006 3 view .LVU1132
2006:Drivers/STM32F1xx_HAL_Driver/Src/stm32f1xx_hal_spi.c ****   hspi->hdmatx->XferCpltCallback     = NULL;
 3162              		.loc 1 2006 7 is_stmt 0 view .LVU1133
 3163 00c8 A26C     		ldr	r2, [r4, #72]
2006:Drivers/STM32F1xx_HAL_Driver/Src/stm32f1xx_hal_spi.c ****   hspi->hdmatx->XferCpltCallback     = NULL;
 3164              		.loc 1 2006 38 view .LVU1134
 3165 00ca 0023     		movs	r3, #0
 3166 00cc D362     		str	r3, [r2, #44]
2007:Drivers/STM32F1xx_HAL_Driver/Src/stm32f1xx_hal_spi.c ****   hspi->hdmatx->XferErrorCallback    = NULL;
 3167              		.loc 1 2007 3 is_stmt 1 view .LVU1135
2007:Drivers/STM32F1xx_HAL_Driver/Src/stm32f1xx_hal_spi.c ****   hspi->hdmatx->XferErrorCallback    = NULL;
 3168              		.loc 1 2007 7 is_stmt 0 view .LVU1136
 3169 00ce A26C     		ldr	r2, [r4, #72]
2007:Drivers/STM32F1xx_HAL_Driver/Src/stm32f1xx_hal_spi.c ****   hspi->hdmatx->XferErrorCallback    = NULL;
 3170              		.loc 1 2007 38 view .LVU1137
 3171 00d0 9362     		str	r3, [r2, #40]
2008:Drivers/STM32F1xx_HAL_Driver/Src/stm32f1xx_hal_spi.c ****   hspi->hdmatx->XferAbortCallback    = NULL;
 3172              		.loc 1 2008 3 is_stmt 1 view .LVU1138
2008:Drivers/STM32F1xx_HAL_Driver/Src/stm32f1xx_hal_spi.c ****   hspi->hdmatx->XferAbortCallback    = NULL;
 3173              		.loc 1 2008 7 is_stmt 0 view .LVU1139
 3174 00d2 A26C     		ldr	r2, [r4, #72]
2008:Drivers/STM32F1xx_HAL_Driver/Src/stm32f1xx_hal_spi.c ****   hspi->hdmatx->XferAbortCallback    = NULL;
 3175              		.loc 1 2008 38 view .LVU1140
 3176 00d4 1363     		str	r3, [r2, #48]
2009:Drivers/STM32F1xx_HAL_Driver/Src/stm32f1xx_hal_spi.c **** 
 3177              		.loc 1 2009 3 is_stmt 1 view .LVU1141
2009:Drivers/STM32F1xx_HAL_Driver/Src/stm32f1xx_hal_spi.c **** 
 3178              		.loc 1 2009 7 is_stmt 0 view .LVU1142
 3179 00d6 A26C     		ldr	r2, [r4, #72]
2009:Drivers/STM32F1xx_HAL_Driver/Src/stm32f1xx_hal_spi.c **** 
 3180              		.loc 1 2009 38 view .LVU1143
 3181 00d8 5363     		str	r3, [r2, #52]
2012:Drivers/STM32F1xx_HAL_Driver/Src/stm32f1xx_hal_spi.c ****                                  hspi->TxXferCount))
 3182              		.loc 1 2012 3 is_stmt 1 view .LVU1144
2012:Drivers/STM32F1xx_HAL_Driver/Src/stm32f1xx_hal_spi.c ****                                  hspi->TxXferCount))
 3183              		.loc 1 2012 91 is_stmt 0 view .LVU1145
 3184 00da 2268     		ldr	r2, [r4]
2013:Drivers/STM32F1xx_HAL_Driver/Src/stm32f1xx_hal_spi.c ****   {
 3185              		.loc 1 2013 38 view .LVU1146
 3186 00dc E38E     		ldrh	r3, [r4, #54]
2012:Drivers/STM32F1xx_HAL_Driver/Src/stm32f1xx_hal_spi.c ****                                  hspi->TxXferCount))
 3187              		.loc 1 2012 17 view .LVU1147
 3188 00de 9BB2     		uxth	r3, r3
 3189 00e0 0C32     		adds	r2, r2, #12
 3190 00e2 216B     		ldr	r1, [r4, #48]
 3191 00e4 A06C     		ldr	r0, [r4, #72]
 3192 00e6 FFF7FEFF 		bl	HAL_DMA_Start_IT
 3193              	.LVL184:
2012:Drivers/STM32F1xx_HAL_Driver/Src/stm32f1xx_hal_spi.c ****                                  hspi->TxXferCount))
 3194              		.loc 1 2012 6 discriminator 1 view .LVU1148
 3195 00ea B0B9     		cbnz	r0, .L233
2023:Drivers/STM32F1xx_HAL_Driver/Src/stm32f1xx_hal_spi.c ****   {
 3196              		.loc 1 2023 3 is_stmt 1 view .LVU1149
2023:Drivers/STM32F1xx_HAL_Driver/Src/stm32f1xx_hal_spi.c ****   {
 3197              		.loc 1 2023 12 is_stmt 0 view .LVU1150
 3198 00ec 2368     		ldr	r3, [r4]
ARM GAS  /tmp/cctmCgKp.s 			page 146


2023:Drivers/STM32F1xx_HAL_Driver/Src/stm32f1xx_hal_spi.c ****   {
 3199              		.loc 1 2023 22 view .LVU1151
 3200 00ee 1A68     		ldr	r2, [r3]
2023:Drivers/STM32F1xx_HAL_Driver/Src/stm32f1xx_hal_spi.c ****   {
 3201              		.loc 1 2023 6 view .LVU1152
 3202 00f0 12F0400F 		tst	r2, #64
 3203 00f4 03D1     		bne	.L223
2026:Drivers/STM32F1xx_HAL_Driver/Src/stm32f1xx_hal_spi.c ****   }
 3204              		.loc 1 2026 5 is_stmt 1 view .LVU1153
 3205 00f6 1A68     		ldr	r2, [r3]
 3206 00f8 42F04002 		orr	r2, r2, #64
 3207 00fc 1A60     		str	r2, [r3]
 3208              	.L223:
2030:Drivers/STM32F1xx_HAL_Driver/Src/stm32f1xx_hal_spi.c **** 
 3209              		.loc 1 2030 3 view .LVU1154
2030:Drivers/STM32F1xx_HAL_Driver/Src/stm32f1xx_hal_spi.c **** 
 3210              		.loc 1 2030 3 view .LVU1155
 3211 00fe 0023     		movs	r3, #0
 3212 0100 84F85030 		strb	r3, [r4, #80]
2030:Drivers/STM32F1xx_HAL_Driver/Src/stm32f1xx_hal_spi.c **** 
 3213              		.loc 1 2030 3 view .LVU1156
2033:Drivers/STM32F1xx_HAL_Driver/Src/stm32f1xx_hal_spi.c **** 
 3214              		.loc 1 2033 3 view .LVU1157
 3215 0104 2268     		ldr	r2, [r4]
 3216 0106 5368     		ldr	r3, [r2, #4]
 3217 0108 43F02003 		orr	r3, r3, #32
 3218 010c 5360     		str	r3, [r2, #4]
2036:Drivers/STM32F1xx_HAL_Driver/Src/stm32f1xx_hal_spi.c **** 
 3219              		.loc 1 2036 3 view .LVU1158
 3220 010e 2268     		ldr	r2, [r4]
 3221 0110 5368     		ldr	r3, [r2, #4]
 3222 0112 43F00203 		orr	r3, r3, #2
 3223 0116 5360     		str	r3, [r2, #4]
2038:Drivers/STM32F1xx_HAL_Driver/Src/stm32f1xx_hal_spi.c **** }
 3224              		.loc 1 2038 3 view .LVU1159
2038:Drivers/STM32F1xx_HAL_Driver/Src/stm32f1xx_hal_spi.c **** }
 3225              		.loc 1 2038 10 is_stmt 0 view .LVU1160
 3226 0118 09E0     		b	.L217
 3227              	.L233:
2016:Drivers/STM32F1xx_HAL_Driver/Src/stm32f1xx_hal_spi.c ****     /* Process Unlocked */
 3228              		.loc 1 2016 5 is_stmt 1 view .LVU1161
 3229 011a 636D     		ldr	r3, [r4, #84]
 3230 011c 43F01003 		orr	r3, r3, #16
 3231 0120 6365     		str	r3, [r4, #84]
2018:Drivers/STM32F1xx_HAL_Driver/Src/stm32f1xx_hal_spi.c ****     return HAL_ERROR;
 3232              		.loc 1 2018 5 view .LVU1162
2018:Drivers/STM32F1xx_HAL_Driver/Src/stm32f1xx_hal_spi.c ****     return HAL_ERROR;
 3233              		.loc 1 2018 5 view .LVU1163
 3234 0122 0023     		movs	r3, #0
 3235 0124 84F85030 		strb	r3, [r4, #80]
2018:Drivers/STM32F1xx_HAL_Driver/Src/stm32f1xx_hal_spi.c ****     return HAL_ERROR;
 3236              		.loc 1 2018 5 view .LVU1164
2019:Drivers/STM32F1xx_HAL_Driver/Src/stm32f1xx_hal_spi.c ****   }
 3237              		.loc 1 2019 5 view .LVU1165
2019:Drivers/STM32F1xx_HAL_Driver/Src/stm32f1xx_hal_spi.c ****   }
 3238              		.loc 1 2019 12 is_stmt 0 view .LVU1166
 3239 0128 0120     		movs	r0, #1
ARM GAS  /tmp/cctmCgKp.s 			page 147


 3240 012a 00E0     		b	.L217
 3241              	.LVL185:
 3242              	.L224:
1932:Drivers/STM32F1xx_HAL_Driver/Src/stm32f1xx_hal_spi.c ****   }
 3243              		.loc 1 1932 12 view .LVU1167
 3244 012c 0220     		movs	r0, #2
 3245              	.LVL186:
 3246              	.L217:
2039:Drivers/STM32F1xx_HAL_Driver/Src/stm32f1xx_hal_spi.c **** 
 3247              		.loc 1 2039 1 view .LVU1168
 3248 012e 38BD     		pop	{r3, r4, r5, pc}
 3249              	.LVL187:
 3250              	.L225:
1932:Drivers/STM32F1xx_HAL_Driver/Src/stm32f1xx_hal_spi.c ****   }
 3251              		.loc 1 1932 12 view .LVU1169
 3252 0130 0220     		movs	r0, #2
 3253 0132 FCE7     		b	.L217
 3254              	.L226:
 3255 0134 0220     		movs	r0, #2
 3256 0136 FAE7     		b	.L217
 3257              	.LVL188:
 3258              	.L227:
1937:Drivers/STM32F1xx_HAL_Driver/Src/stm32f1xx_hal_spi.c ****   }
 3259              		.loc 1 1937 12 view .LVU1170
 3260 0138 0120     		movs	r0, #1
 3261 013a F8E7     		b	.L217
 3262              	.L228:
 3263 013c 0120     		movs	r0, #1
 3264 013e F6E7     		b	.L217
 3265              	.L229:
 3266 0140 0120     		movs	r0, #1
 3267 0142 F4E7     		b	.L217
 3268              	.L230:
1941:Drivers/STM32F1xx_HAL_Driver/Src/stm32f1xx_hal_spi.c **** 
 3269              		.loc 1 1941 3 discriminator 1 view .LVU1171
 3270 0144 0220     		movs	r0, #2
 3271 0146 F2E7     		b	.L217
 3272              	.L235:
 3273              		.align	2
 3274              	.L234:
 3275 0148 00000000 		.word	SPI_DMAHalfTransmitReceiveCplt
 3276 014c 00000000 		.word	SPI_DMATransmitReceiveCplt
 3277 0150 00000000 		.word	SPI_DMAError
 3278 0154 00000000 		.word	SPI_DMAHalfReceiveCplt
 3279 0158 00000000 		.word	SPI_DMAReceiveCplt
 3280              		.cfi_endproc
 3281              	.LFE77:
 3283              		.section	.text.HAL_SPI_Receive_DMA,"ax",%progbits
 3284              		.align	1
 3285              		.global	HAL_SPI_Receive_DMA
 3286              		.syntax unified
 3287              		.thumb
 3288              		.thumb_func
 3290              	HAL_SPI_Receive_DMA:
 3291              	.LVL189:
 3292              	.LFB76:
1802:Drivers/STM32F1xx_HAL_Driver/Src/stm32f1xx_hal_spi.c ****   /* Check rx dma handle */
ARM GAS  /tmp/cctmCgKp.s 			page 148


 3293              		.loc 1 1802 1 is_stmt 1 view -0
 3294              		.cfi_startproc
 3295              		@ args = 0, pretend = 0, frame = 0
 3296              		@ frame_needed = 0, uses_anonymous_args = 0
1802:Drivers/STM32F1xx_HAL_Driver/Src/stm32f1xx_hal_spi.c ****   /* Check rx dma handle */
 3297              		.loc 1 1802 1 is_stmt 0 view .LVU1173
 3298 0000 38B5     		push	{r3, r4, r5, lr}
 3299              		.cfi_def_cfa_offset 16
 3300              		.cfi_offset 3, -16
 3301              		.cfi_offset 4, -12
 3302              		.cfi_offset 5, -8
 3303              		.cfi_offset 14, -4
1804:Drivers/STM32F1xx_HAL_Driver/Src/stm32f1xx_hal_spi.c **** 
 3304              		.loc 1 1804 3 is_stmt 1 view .LVU1174
1806:Drivers/STM32F1xx_HAL_Driver/Src/stm32f1xx_hal_spi.c ****   {
 3305              		.loc 1 1806 3 view .LVU1175
1806:Drivers/STM32F1xx_HAL_Driver/Src/stm32f1xx_hal_spi.c ****   {
 3306              		.loc 1 1806 11 is_stmt 0 view .LVU1176
 3307 0002 90F85130 		ldrb	r3, [r0, #81]	@ zero_extendqisi2
1806:Drivers/STM32F1xx_HAL_Driver/Src/stm32f1xx_hal_spi.c ****   {
 3308              		.loc 1 1806 6 view .LVU1177
 3309 0006 012B     		cmp	r3, #1
 3310 0008 6CD1     		bne	.L242
 3311 000a 0446     		mov	r4, r0
 3312 000c DDB2     		uxtb	r5, r3
1811:Drivers/STM32F1xx_HAL_Driver/Src/stm32f1xx_hal_spi.c ****   {
 3313              		.loc 1 1811 3 is_stmt 1 view .LVU1178
1811:Drivers/STM32F1xx_HAL_Driver/Src/stm32f1xx_hal_spi.c ****   {
 3314              		.loc 1 1811 18 is_stmt 0 view .LVU1179
 3315 000e 8068     		ldr	r0, [r0, #8]
 3316              	.LVL190:
1811:Drivers/STM32F1xx_HAL_Driver/Src/stm32f1xx_hal_spi.c ****   {
 3317              		.loc 1 1811 6 view .LVU1180
 3318 0010 18B9     		cbnz	r0, .L238
1811:Drivers/STM32F1xx_HAL_Driver/Src/stm32f1xx_hal_spi.c ****   {
 3319              		.loc 1 1811 68 discriminator 1 view .LVU1181
 3320 0012 6368     		ldr	r3, [r4, #4]
1811:Drivers/STM32F1xx_HAL_Driver/Src/stm32f1xx_hal_spi.c ****   {
 3321              		.loc 1 1811 54 discriminator 1 view .LVU1182
 3322 0014 B3F5827F 		cmp	r3, #260
 3323 0018 47D0     		beq	.L245
 3324              	.L238:
1822:Drivers/STM32F1xx_HAL_Driver/Src/stm32f1xx_hal_spi.c ****   {
 3325              		.loc 1 1822 3 is_stmt 1 view .LVU1183
1822:Drivers/STM32F1xx_HAL_Driver/Src/stm32f1xx_hal_spi.c ****   {
 3326              		.loc 1 1822 6 is_stmt 0 view .LVU1184
 3327 001a 0029     		cmp	r1, #0
 3328 001c 63D0     		beq	.L237
1822:Drivers/STM32F1xx_HAL_Driver/Src/stm32f1xx_hal_spi.c ****   {
 3329              		.loc 1 1822 23 discriminator 1 view .LVU1185
 3330 001e 002A     		cmp	r2, #0
 3331 0020 61D0     		beq	.L237
1828:Drivers/STM32F1xx_HAL_Driver/Src/stm32f1xx_hal_spi.c **** 
 3332              		.loc 1 1828 3 is_stmt 1 view .LVU1186
1828:Drivers/STM32F1xx_HAL_Driver/Src/stm32f1xx_hal_spi.c **** 
 3333              		.loc 1 1828 3 view .LVU1187
 3334 0022 94F85030 		ldrb	r3, [r4, #80]	@ zero_extendqisi2
ARM GAS  /tmp/cctmCgKp.s 			page 149


 3335 0026 012B     		cmp	r3, #1
 3336 0028 5FD0     		beq	.L243
1828:Drivers/STM32F1xx_HAL_Driver/Src/stm32f1xx_hal_spi.c **** 
 3337              		.loc 1 1828 3 discriminator 2 view .LVU1188
 3338 002a 0123     		movs	r3, #1
 3339 002c 84F85030 		strb	r3, [r4, #80]
1828:Drivers/STM32F1xx_HAL_Driver/Src/stm32f1xx_hal_spi.c **** 
 3340              		.loc 1 1828 3 view .LVU1189
1831:Drivers/STM32F1xx_HAL_Driver/Src/stm32f1xx_hal_spi.c ****   hspi->ErrorCode   = HAL_SPI_ERROR_NONE;
 3341              		.loc 1 1831 3 view .LVU1190
1831:Drivers/STM32F1xx_HAL_Driver/Src/stm32f1xx_hal_spi.c ****   hspi->ErrorCode   = HAL_SPI_ERROR_NONE;
 3342              		.loc 1 1831 21 is_stmt 0 view .LVU1191
 3343 0030 0423     		movs	r3, #4
 3344 0032 84F85130 		strb	r3, [r4, #81]
1832:Drivers/STM32F1xx_HAL_Driver/Src/stm32f1xx_hal_spi.c ****   hspi->pRxBuffPtr  = (uint8_t *)pData;
 3345              		.loc 1 1832 3 is_stmt 1 view .LVU1192
1832:Drivers/STM32F1xx_HAL_Driver/Src/stm32f1xx_hal_spi.c ****   hspi->pRxBuffPtr  = (uint8_t *)pData;
 3346              		.loc 1 1832 21 is_stmt 0 view .LVU1193
 3347 0036 0023     		movs	r3, #0
 3348 0038 6365     		str	r3, [r4, #84]
1833:Drivers/STM32F1xx_HAL_Driver/Src/stm32f1xx_hal_spi.c ****   hspi->RxXferSize  = Size;
 3349              		.loc 1 1833 3 is_stmt 1 view .LVU1194
1833:Drivers/STM32F1xx_HAL_Driver/Src/stm32f1xx_hal_spi.c ****   hspi->RxXferSize  = Size;
 3350              		.loc 1 1833 21 is_stmt 0 view .LVU1195
 3351 003a A163     		str	r1, [r4, #56]
1834:Drivers/STM32F1xx_HAL_Driver/Src/stm32f1xx_hal_spi.c ****   hspi->RxXferCount = Size;
 3352              		.loc 1 1834 3 is_stmt 1 view .LVU1196
1834:Drivers/STM32F1xx_HAL_Driver/Src/stm32f1xx_hal_spi.c ****   hspi->RxXferCount = Size;
 3353              		.loc 1 1834 21 is_stmt 0 view .LVU1197
 3354 003c A287     		strh	r2, [r4, #60]	@ movhi
1835:Drivers/STM32F1xx_HAL_Driver/Src/stm32f1xx_hal_spi.c **** 
 3355              		.loc 1 1835 3 is_stmt 1 view .LVU1198
1835:Drivers/STM32F1xx_HAL_Driver/Src/stm32f1xx_hal_spi.c **** 
 3356              		.loc 1 1835 21 is_stmt 0 view .LVU1199
 3357 003e E287     		strh	r2, [r4, #62]	@ movhi
1838:Drivers/STM32F1xx_HAL_Driver/Src/stm32f1xx_hal_spi.c ****   hspi->TxISR       = NULL;
 3358              		.loc 1 1838 3 is_stmt 1 view .LVU1200
1838:Drivers/STM32F1xx_HAL_Driver/Src/stm32f1xx_hal_spi.c ****   hspi->TxISR       = NULL;
 3359              		.loc 1 1838 21 is_stmt 0 view .LVU1201
 3360 0040 2364     		str	r3, [r4, #64]
1839:Drivers/STM32F1xx_HAL_Driver/Src/stm32f1xx_hal_spi.c ****   hspi->TxXferSize  = 0U;
 3361              		.loc 1 1839 3 is_stmt 1 view .LVU1202
1839:Drivers/STM32F1xx_HAL_Driver/Src/stm32f1xx_hal_spi.c ****   hspi->TxXferSize  = 0U;
 3362              		.loc 1 1839 21 is_stmt 0 view .LVU1203
 3363 0042 6364     		str	r3, [r4, #68]
1840:Drivers/STM32F1xx_HAL_Driver/Src/stm32f1xx_hal_spi.c ****   hspi->TxXferCount = 0U;
 3364              		.loc 1 1840 3 is_stmt 1 view .LVU1204
1840:Drivers/STM32F1xx_HAL_Driver/Src/stm32f1xx_hal_spi.c ****   hspi->TxXferCount = 0U;
 3365              		.loc 1 1840 21 is_stmt 0 view .LVU1205
 3366 0044 A386     		strh	r3, [r4, #52]	@ movhi
1841:Drivers/STM32F1xx_HAL_Driver/Src/stm32f1xx_hal_spi.c **** 
 3367              		.loc 1 1841 3 is_stmt 1 view .LVU1206
1841:Drivers/STM32F1xx_HAL_Driver/Src/stm32f1xx_hal_spi.c **** 
 3368              		.loc 1 1841 21 is_stmt 0 view .LVU1207
 3369 0046 E386     		strh	r3, [r4, #54]	@ movhi
1844:Drivers/STM32F1xx_HAL_Driver/Src/stm32f1xx_hal_spi.c ****   {
 3370              		.loc 1 1844 3 is_stmt 1 view .LVU1208
ARM GAS  /tmp/cctmCgKp.s 			page 150


1844:Drivers/STM32F1xx_HAL_Driver/Src/stm32f1xx_hal_spi.c ****   {
 3371              		.loc 1 1844 6 is_stmt 0 view .LVU1209
 3372 0048 B0F5004F 		cmp	r0, #32768
 3373 004c 37D0     		beq	.L246
 3374              	.LVL191:
 3375              	.L239:
1860:Drivers/STM32F1xx_HAL_Driver/Src/stm32f1xx_hal_spi.c **** 
 3376              		.loc 1 1860 3 is_stmt 1 view .LVU1210
1860:Drivers/STM32F1xx_HAL_Driver/Src/stm32f1xx_hal_spi.c **** 
 3377              		.loc 1 1860 7 is_stmt 0 view .LVU1211
 3378 004e E36C     		ldr	r3, [r4, #76]
1860:Drivers/STM32F1xx_HAL_Driver/Src/stm32f1xx_hal_spi.c **** 
 3379              		.loc 1 1860 38 view .LVU1212
 3380 0050 274A     		ldr	r2, .L248
 3381 0052 DA62     		str	r2, [r3, #44]
1863:Drivers/STM32F1xx_HAL_Driver/Src/stm32f1xx_hal_spi.c **** 
 3382              		.loc 1 1863 3 is_stmt 1 view .LVU1213
1863:Drivers/STM32F1xx_HAL_Driver/Src/stm32f1xx_hal_spi.c **** 
 3383              		.loc 1 1863 7 is_stmt 0 view .LVU1214
 3384 0054 E36C     		ldr	r3, [r4, #76]
1863:Drivers/STM32F1xx_HAL_Driver/Src/stm32f1xx_hal_spi.c **** 
 3385              		.loc 1 1863 34 view .LVU1215
 3386 0056 274A     		ldr	r2, .L248+4
 3387 0058 9A62     		str	r2, [r3, #40]
1866:Drivers/STM32F1xx_HAL_Driver/Src/stm32f1xx_hal_spi.c **** 
 3388              		.loc 1 1866 3 is_stmt 1 view .LVU1216
1866:Drivers/STM32F1xx_HAL_Driver/Src/stm32f1xx_hal_spi.c **** 
 3389              		.loc 1 1866 7 is_stmt 0 view .LVU1217
 3390 005a E36C     		ldr	r3, [r4, #76]
1866:Drivers/STM32F1xx_HAL_Driver/Src/stm32f1xx_hal_spi.c **** 
 3391              		.loc 1 1866 35 view .LVU1218
 3392 005c 264A     		ldr	r2, .L248+8
 3393 005e 1A63     		str	r2, [r3, #48]
1869:Drivers/STM32F1xx_HAL_Driver/Src/stm32f1xx_hal_spi.c **** 
 3394              		.loc 1 1869 3 is_stmt 1 view .LVU1219
1869:Drivers/STM32F1xx_HAL_Driver/Src/stm32f1xx_hal_spi.c **** 
 3395              		.loc 1 1869 7 is_stmt 0 view .LVU1220
 3396 0060 E36C     		ldr	r3, [r4, #76]
1869:Drivers/STM32F1xx_HAL_Driver/Src/stm32f1xx_hal_spi.c **** 
 3397              		.loc 1 1869 35 view .LVU1221
 3398 0062 0022     		movs	r2, #0
 3399 0064 5A63     		str	r2, [r3, #52]
1872:Drivers/STM32F1xx_HAL_Driver/Src/stm32f1xx_hal_spi.c ****                                  hspi->RxXferCount))
 3400              		.loc 1 1872 3 is_stmt 1 view .LVU1222
1872:Drivers/STM32F1xx_HAL_Driver/Src/stm32f1xx_hal_spi.c ****                                  hspi->RxXferCount))
 3401              		.loc 1 1872 63 is_stmt 0 view .LVU1223
 3402 0066 2168     		ldr	r1, [r4]
 3403              	.LVL192:
1873:Drivers/STM32F1xx_HAL_Driver/Src/stm32f1xx_hal_spi.c ****   {
 3404              		.loc 1 1873 38 view .LVU1224
 3405 0068 E38F     		ldrh	r3, [r4, #62]
1872:Drivers/STM32F1xx_HAL_Driver/Src/stm32f1xx_hal_spi.c ****                                  hspi->RxXferCount))
 3406              		.loc 1 1872 17 view .LVU1225
 3407 006a 9BB2     		uxth	r3, r3
 3408 006c A26B     		ldr	r2, [r4, #56]
 3409 006e 0C31     		adds	r1, r1, #12
 3410 0070 E06C     		ldr	r0, [r4, #76]
ARM GAS  /tmp/cctmCgKp.s 			page 151


 3411 0072 FFF7FEFF 		bl	HAL_DMA_Start_IT
 3412              	.LVL193:
1872:Drivers/STM32F1xx_HAL_Driver/Src/stm32f1xx_hal_spi.c ****                                  hspi->RxXferCount))
 3413              		.loc 1 1872 6 discriminator 1 view .LVU1226
 3414 0076 0146     		mov	r1, r0
 3415 0078 60BB     		cbnz	r0, .L247
1883:Drivers/STM32F1xx_HAL_Driver/Src/stm32f1xx_hal_spi.c ****   {
 3416              		.loc 1 1883 3 is_stmt 1 view .LVU1227
1883:Drivers/STM32F1xx_HAL_Driver/Src/stm32f1xx_hal_spi.c ****   {
 3417              		.loc 1 1883 12 is_stmt 0 view .LVU1228
 3418 007a 2368     		ldr	r3, [r4]
1883:Drivers/STM32F1xx_HAL_Driver/Src/stm32f1xx_hal_spi.c ****   {
 3419              		.loc 1 1883 22 view .LVU1229
 3420 007c 1A68     		ldr	r2, [r3]
1883:Drivers/STM32F1xx_HAL_Driver/Src/stm32f1xx_hal_spi.c ****   {
 3421              		.loc 1 1883 6 view .LVU1230
 3422 007e 12F0400F 		tst	r2, #64
 3423 0082 03D1     		bne	.L241
1886:Drivers/STM32F1xx_HAL_Driver/Src/stm32f1xx_hal_spi.c ****   }
 3424              		.loc 1 1886 5 is_stmt 1 view .LVU1231
 3425 0084 1A68     		ldr	r2, [r3]
 3426 0086 42F04002 		orr	r2, r2, #64
 3427 008a 1A60     		str	r2, [r3]
 3428              	.L241:
1890:Drivers/STM32F1xx_HAL_Driver/Src/stm32f1xx_hal_spi.c **** 
 3429              		.loc 1 1890 3 view .LVU1232
1890:Drivers/STM32F1xx_HAL_Driver/Src/stm32f1xx_hal_spi.c **** 
 3430              		.loc 1 1890 3 view .LVU1233
 3431 008c 0023     		movs	r3, #0
 3432 008e 84F85030 		strb	r3, [r4, #80]
1890:Drivers/STM32F1xx_HAL_Driver/Src/stm32f1xx_hal_spi.c **** 
 3433              		.loc 1 1890 3 view .LVU1234
1893:Drivers/STM32F1xx_HAL_Driver/Src/stm32f1xx_hal_spi.c **** 
 3434              		.loc 1 1893 3 view .LVU1235
 3435 0092 2268     		ldr	r2, [r4]
 3436 0094 5368     		ldr	r3, [r2, #4]
 3437 0096 43F02003 		orr	r3, r3, #32
 3438 009a 5360     		str	r3, [r2, #4]
1896:Drivers/STM32F1xx_HAL_Driver/Src/stm32f1xx_hal_spi.c **** 
 3439              		.loc 1 1896 3 view .LVU1236
 3440 009c 2268     		ldr	r2, [r4]
 3441 009e 5368     		ldr	r3, [r2, #4]
 3442 00a0 43F00103 		orr	r3, r3, #1
 3443 00a4 5360     		str	r3, [r2, #4]
1898:Drivers/STM32F1xx_HAL_Driver/Src/stm32f1xx_hal_spi.c **** }
 3444              		.loc 1 1898 3 view .LVU1237
1898:Drivers/STM32F1xx_HAL_Driver/Src/stm32f1xx_hal_spi.c **** }
 3445              		.loc 1 1898 10 is_stmt 0 view .LVU1238
 3446 00a6 0D46     		mov	r5, r1
 3447 00a8 1DE0     		b	.L237
 3448              	.LVL194:
 3449              	.L245:
1813:Drivers/STM32F1xx_HAL_Driver/Src/stm32f1xx_hal_spi.c **** 
 3450              		.loc 1 1813 5 is_stmt 1 view .LVU1239
1813:Drivers/STM32F1xx_HAL_Driver/Src/stm32f1xx_hal_spi.c **** 
 3451              		.loc 1 1813 17 is_stmt 0 view .LVU1240
 3452 00aa 0423     		movs	r3, #4
ARM GAS  /tmp/cctmCgKp.s 			page 152


 3453 00ac 84F85130 		strb	r3, [r4, #81]
1816:Drivers/STM32F1xx_HAL_Driver/Src/stm32f1xx_hal_spi.c **** 
 3454              		.loc 1 1816 5 is_stmt 1 view .LVU1241
1819:Drivers/STM32F1xx_HAL_Driver/Src/stm32f1xx_hal_spi.c ****   }
 3455              		.loc 1 1819 5 view .LVU1242
1819:Drivers/STM32F1xx_HAL_Driver/Src/stm32f1xx_hal_spi.c ****   }
 3456              		.loc 1 1819 12 is_stmt 0 view .LVU1243
 3457 00b0 1346     		mov	r3, r2
 3458 00b2 0A46     		mov	r2, r1
 3459              	.LVL195:
1819:Drivers/STM32F1xx_HAL_Driver/Src/stm32f1xx_hal_spi.c ****   }
 3460              		.loc 1 1819 12 view .LVU1244
 3461 00b4 2046     		mov	r0, r4
 3462 00b6 FFF7FEFF 		bl	HAL_SPI_TransmitReceive_DMA
 3463              	.LVL196:
1819:Drivers/STM32F1xx_HAL_Driver/Src/stm32f1xx_hal_spi.c ****   }
 3464              		.loc 1 1819 12 view .LVU1245
 3465 00ba 0546     		mov	r5, r0
 3466 00bc 13E0     		b	.L237
 3467              	.LVL197:
 3468              	.L246:
1847:Drivers/STM32F1xx_HAL_Driver/Src/stm32f1xx_hal_spi.c ****     SPI_1LINE_RX(hspi);
 3469              		.loc 1 1847 5 is_stmt 1 view .LVU1246
 3470 00be 2268     		ldr	r2, [r4]
 3471              	.LVL198:
1847:Drivers/STM32F1xx_HAL_Driver/Src/stm32f1xx_hal_spi.c ****     SPI_1LINE_RX(hspi);
 3472              		.loc 1 1847 5 is_stmt 0 view .LVU1247
 3473 00c0 1368     		ldr	r3, [r2]
 3474 00c2 23F04003 		bic	r3, r3, #64
 3475 00c6 1360     		str	r3, [r2]
 3476              	.LVL199:
1848:Drivers/STM32F1xx_HAL_Driver/Src/stm32f1xx_hal_spi.c ****   }
 3477              		.loc 1 1848 5 is_stmt 1 view .LVU1248
 3478 00c8 2268     		ldr	r2, [r4]
 3479 00ca 1368     		ldr	r3, [r2]
 3480 00cc 23F48043 		bic	r3, r3, #16384
 3481 00d0 1360     		str	r3, [r2]
 3482 00d2 BCE7     		b	.L239
 3483              	.LVL200:
 3484              	.L247:
1876:Drivers/STM32F1xx_HAL_Driver/Src/stm32f1xx_hal_spi.c ****     /* Process Unlocked */
 3485              		.loc 1 1876 5 view .LVU1249
 3486 00d4 636D     		ldr	r3, [r4, #84]
 3487 00d6 43F01003 		orr	r3, r3, #16
 3488 00da 6365     		str	r3, [r4, #84]
1878:Drivers/STM32F1xx_HAL_Driver/Src/stm32f1xx_hal_spi.c ****     return HAL_ERROR;
 3489              		.loc 1 1878 5 view .LVU1250
1878:Drivers/STM32F1xx_HAL_Driver/Src/stm32f1xx_hal_spi.c ****     return HAL_ERROR;
 3490              		.loc 1 1878 5 view .LVU1251
 3491 00dc 0023     		movs	r3, #0
 3492 00de 84F85030 		strb	r3, [r4, #80]
1878:Drivers/STM32F1xx_HAL_Driver/Src/stm32f1xx_hal_spi.c ****     return HAL_ERROR;
 3493              		.loc 1 1878 5 view .LVU1252
1879:Drivers/STM32F1xx_HAL_Driver/Src/stm32f1xx_hal_spi.c ****   }
 3494              		.loc 1 1879 5 view .LVU1253
1879:Drivers/STM32F1xx_HAL_Driver/Src/stm32f1xx_hal_spi.c ****   }
 3495              		.loc 1 1879 12 is_stmt 0 view .LVU1254
ARM GAS  /tmp/cctmCgKp.s 			page 153


 3496 00e2 00E0     		b	.L237
 3497              	.LVL201:
 3498              	.L242:
1808:Drivers/STM32F1xx_HAL_Driver/Src/stm32f1xx_hal_spi.c ****   }
 3499              		.loc 1 1808 12 view .LVU1255
 3500 00e4 0225     		movs	r5, #2
 3501              	.LVL202:
 3502              	.L237:
1899:Drivers/STM32F1xx_HAL_Driver/Src/stm32f1xx_hal_spi.c **** 
 3503              		.loc 1 1899 1 view .LVU1256
 3504 00e6 2846     		mov	r0, r5
 3505 00e8 38BD     		pop	{r3, r4, r5, pc}
 3506              	.LVL203:
 3507              	.L243:
1828:Drivers/STM32F1xx_HAL_Driver/Src/stm32f1xx_hal_spi.c **** 
 3508              		.loc 1 1828 3 discriminator 1 view .LVU1257
 3509 00ea 0225     		movs	r5, #2
 3510 00ec FBE7     		b	.L237
 3511              	.L249:
 3512 00ee 00BF     		.align	2
 3513              	.L248:
 3514 00f0 00000000 		.word	SPI_DMAHalfReceiveCplt
 3515 00f4 00000000 		.word	SPI_DMAReceiveCplt
 3516 00f8 00000000 		.word	SPI_DMAError
 3517              		.cfi_endproc
 3518              	.LFE76:
 3520              		.section	.text.HAL_SPI_Abort,"ax",%progbits
 3521              		.align	1
 3522              		.global	HAL_SPI_Abort
 3523              		.syntax unified
 3524              		.thumb
 3525              		.thumb_func
 3527              	HAL_SPI_Abort:
 3528              	.LVL204:
 3529              	.LFB78:
2055:Drivers/STM32F1xx_HAL_Driver/Src/stm32f1xx_hal_spi.c ****   HAL_StatusTypeDef errorcode;
 3530              		.loc 1 2055 1 is_stmt 1 view -0
 3531              		.cfi_startproc
 3532              		@ args = 0, pretend = 0, frame = 16
 3533              		@ frame_needed = 0, uses_anonymous_args = 0
2055:Drivers/STM32F1xx_HAL_Driver/Src/stm32f1xx_hal_spi.c ****   HAL_StatusTypeDef errorcode;
 3534              		.loc 1 2055 1 is_stmt 0 view .LVU1259
 3535 0000 10B5     		push	{r4, lr}
 3536              		.cfi_def_cfa_offset 8
 3537              		.cfi_offset 4, -8
 3538              		.cfi_offset 14, -4
 3539 0002 84B0     		sub	sp, sp, #16
 3540              		.cfi_def_cfa_offset 24
 3541 0004 0446     		mov	r4, r0
2056:Drivers/STM32F1xx_HAL_Driver/Src/stm32f1xx_hal_spi.c ****   __IO uint32_t count;
 3542              		.loc 1 2056 3 is_stmt 1 view .LVU1260
2057:Drivers/STM32F1xx_HAL_Driver/Src/stm32f1xx_hal_spi.c ****   __IO uint32_t resetcount;
 3543              		.loc 1 2057 3 view .LVU1261
2058:Drivers/STM32F1xx_HAL_Driver/Src/stm32f1xx_hal_spi.c **** 
 3544              		.loc 1 2058 3 view .LVU1262
2061:Drivers/STM32F1xx_HAL_Driver/Src/stm32f1xx_hal_spi.c ****   resetcount = SPI_DEFAULT_TIMEOUT * (SystemCoreClock / 24U / 1000U);
 3545              		.loc 1 2061 3 view .LVU1263
ARM GAS  /tmp/cctmCgKp.s 			page 154


 3546              	.LVL205:
2062:Drivers/STM32F1xx_HAL_Driver/Src/stm32f1xx_hal_spi.c ****   count = resetcount;
 3547              		.loc 1 2062 3 view .LVU1264
2062:Drivers/STM32F1xx_HAL_Driver/Src/stm32f1xx_hal_spi.c ****   count = resetcount;
 3548              		.loc 1 2062 61 is_stmt 0 view .LVU1265
 3549 0006 484B     		ldr	r3, .L271
 3550 0008 1B68     		ldr	r3, [r3]
 3551 000a 484A     		ldr	r2, .L271+4
 3552 000c A2FB0323 		umull	r2, r3, r2, r3
 3553 0010 5B0A     		lsrs	r3, r3, #9
2062:Drivers/STM32F1xx_HAL_Driver/Src/stm32f1xx_hal_spi.c ****   count = resetcount;
 3554              		.loc 1 2062 36 view .LVU1266
 3555 0012 6422     		movs	r2, #100
 3556 0014 02FB03F3 		mul	r3, r2, r3
2062:Drivers/STM32F1xx_HAL_Driver/Src/stm32f1xx_hal_spi.c ****   count = resetcount;
 3557              		.loc 1 2062 14 view .LVU1267
 3558 0018 0293     		str	r3, [sp, #8]
2063:Drivers/STM32F1xx_HAL_Driver/Src/stm32f1xx_hal_spi.c **** 
 3559              		.loc 1 2063 3 is_stmt 1 view .LVU1268
2063:Drivers/STM32F1xx_HAL_Driver/Src/stm32f1xx_hal_spi.c **** 
 3560              		.loc 1 2063 9 is_stmt 0 view .LVU1269
 3561 001a 029B     		ldr	r3, [sp, #8]
 3562 001c 0393     		str	r3, [sp, #12]
2066:Drivers/STM32F1xx_HAL_Driver/Src/stm32f1xx_hal_spi.c **** 
 3563              		.loc 1 2066 3 is_stmt 1 view .LVU1270
 3564 001e 0268     		ldr	r2, [r0]
 3565 0020 5368     		ldr	r3, [r2, #4]
 3566 0022 23F02003 		bic	r3, r3, #32
 3567 0026 5360     		str	r3, [r2, #4]
2069:Drivers/STM32F1xx_HAL_Driver/Src/stm32f1xx_hal_spi.c ****   {
 3568              		.loc 1 2069 3 view .LVU1271
2069:Drivers/STM32F1xx_HAL_Driver/Src/stm32f1xx_hal_spi.c ****   {
 3569              		.loc 1 2069 7 is_stmt 0 view .LVU1272
 3570 0028 0268     		ldr	r2, [r0]
 3571 002a 5368     		ldr	r3, [r2, #4]
2069:Drivers/STM32F1xx_HAL_Driver/Src/stm32f1xx_hal_spi.c ****   {
 3572              		.loc 1 2069 6 view .LVU1273
 3573 002c 13F0800F 		tst	r3, #128
 3574 0030 11D0     		beq	.L251
2071:Drivers/STM32F1xx_HAL_Driver/Src/stm32f1xx_hal_spi.c ****     /* Wait HAL_SPI_STATE_ABORT state */
 3575              		.loc 1 2071 5 is_stmt 1 view .LVU1274
2071:Drivers/STM32F1xx_HAL_Driver/Src/stm32f1xx_hal_spi.c ****     /* Wait HAL_SPI_STATE_ABORT state */
 3576              		.loc 1 2071 17 is_stmt 0 view .LVU1275
 3577 0032 3F4B     		ldr	r3, .L271+8
 3578 0034 4364     		str	r3, [r0, #68]
 3579              	.L254:
2073:Drivers/STM32F1xx_HAL_Driver/Src/stm32f1xx_hal_spi.c ****     {
 3580              		.loc 1 2073 5 is_stmt 1 view .LVU1276
2075:Drivers/STM32F1xx_HAL_Driver/Src/stm32f1xx_hal_spi.c ****       {
 3581              		.loc 1 2075 7 view .LVU1277
2075:Drivers/STM32F1xx_HAL_Driver/Src/stm32f1xx_hal_spi.c ****       {
 3582              		.loc 1 2075 17 is_stmt 0 view .LVU1278
 3583 0036 039B     		ldr	r3, [sp, #12]
2075:Drivers/STM32F1xx_HAL_Driver/Src/stm32f1xx_hal_spi.c ****       {
 3584              		.loc 1 2075 10 view .LVU1279
 3585 0038 3BB1     		cbz	r3, .L268
2080:Drivers/STM32F1xx_HAL_Driver/Src/stm32f1xx_hal_spi.c ****     } while (hspi->State != HAL_SPI_STATE_ABORT);
ARM GAS  /tmp/cctmCgKp.s 			page 155


 3586              		.loc 1 2080 7 is_stmt 1 view .LVU1280
2080:Drivers/STM32F1xx_HAL_Driver/Src/stm32f1xx_hal_spi.c ****     } while (hspi->State != HAL_SPI_STATE_ABORT);
 3587              		.loc 1 2080 12 is_stmt 0 view .LVU1281
 3588 003a 039B     		ldr	r3, [sp, #12]
 3589 003c 013B     		subs	r3, r3, #1
 3590 003e 0393     		str	r3, [sp, #12]
2081:Drivers/STM32F1xx_HAL_Driver/Src/stm32f1xx_hal_spi.c ****     /* Reset Timeout Counter */
 3591              		.loc 1 2081 26 is_stmt 1 view .LVU1282
2081:Drivers/STM32F1xx_HAL_Driver/Src/stm32f1xx_hal_spi.c ****     /* Reset Timeout Counter */
 3592              		.loc 1 2081 18 is_stmt 0 view .LVU1283
 3593 0040 94F85130 		ldrb	r3, [r4, #81]	@ zero_extendqisi2
2081:Drivers/STM32F1xx_HAL_Driver/Src/stm32f1xx_hal_spi.c ****     /* Reset Timeout Counter */
 3594              		.loc 1 2081 26 view .LVU1284
 3595 0044 072B     		cmp	r3, #7
 3596 0046 F6D1     		bne	.L254
 3597 0048 03E0     		b	.L253
 3598              	.L268:
2077:Drivers/STM32F1xx_HAL_Driver/Src/stm32f1xx_hal_spi.c ****         break;
 3599              		.loc 1 2077 9 is_stmt 1 view .LVU1285
 3600 004a 636D     		ldr	r3, [r4, #84]
 3601 004c 43F04003 		orr	r3, r3, #64
 3602 0050 6365     		str	r3, [r4, #84]
2078:Drivers/STM32F1xx_HAL_Driver/Src/stm32f1xx_hal_spi.c ****       }
 3603              		.loc 1 2078 9 view .LVU1286
 3604              	.L253:
2083:Drivers/STM32F1xx_HAL_Driver/Src/stm32f1xx_hal_spi.c ****   }
 3605              		.loc 1 2083 5 view .LVU1287
2083:Drivers/STM32F1xx_HAL_Driver/Src/stm32f1xx_hal_spi.c ****   }
 3606              		.loc 1 2083 11 is_stmt 0 view .LVU1288
 3607 0052 029B     		ldr	r3, [sp, #8]
 3608 0054 0393     		str	r3, [sp, #12]
 3609              	.L251:
2086:Drivers/STM32F1xx_HAL_Driver/Src/stm32f1xx_hal_spi.c ****   {
 3610              		.loc 1 2086 3 is_stmt 1 view .LVU1289
2086:Drivers/STM32F1xx_HAL_Driver/Src/stm32f1xx_hal_spi.c ****   {
 3611              		.loc 1 2086 7 is_stmt 0 view .LVU1290
 3612 0056 5368     		ldr	r3, [r2, #4]
2086:Drivers/STM32F1xx_HAL_Driver/Src/stm32f1xx_hal_spi.c ****   {
 3613              		.loc 1 2086 6 view .LVU1291
 3614 0058 13F0400F 		tst	r3, #64
 3615 005c 11D0     		beq	.L255
2088:Drivers/STM32F1xx_HAL_Driver/Src/stm32f1xx_hal_spi.c ****     /* Wait HAL_SPI_STATE_ABORT state */
 3616              		.loc 1 2088 5 is_stmt 1 view .LVU1292
2088:Drivers/STM32F1xx_HAL_Driver/Src/stm32f1xx_hal_spi.c ****     /* Wait HAL_SPI_STATE_ABORT state */
 3617              		.loc 1 2088 17 is_stmt 0 view .LVU1293
 3618 005e 354B     		ldr	r3, .L271+12
 3619 0060 2364     		str	r3, [r4, #64]
 3620              	.L258:
2090:Drivers/STM32F1xx_HAL_Driver/Src/stm32f1xx_hal_spi.c ****     {
 3621              		.loc 1 2090 5 is_stmt 1 view .LVU1294
2092:Drivers/STM32F1xx_HAL_Driver/Src/stm32f1xx_hal_spi.c ****       {
 3622              		.loc 1 2092 7 view .LVU1295
2092:Drivers/STM32F1xx_HAL_Driver/Src/stm32f1xx_hal_spi.c ****       {
 3623              		.loc 1 2092 17 is_stmt 0 view .LVU1296
 3624 0062 039B     		ldr	r3, [sp, #12]
2092:Drivers/STM32F1xx_HAL_Driver/Src/stm32f1xx_hal_spi.c ****       {
 3625              		.loc 1 2092 10 view .LVU1297
ARM GAS  /tmp/cctmCgKp.s 			page 156


 3626 0064 3BB1     		cbz	r3, .L269
2097:Drivers/STM32F1xx_HAL_Driver/Src/stm32f1xx_hal_spi.c ****     } while (hspi->State != HAL_SPI_STATE_ABORT);
 3627              		.loc 1 2097 7 is_stmt 1 view .LVU1298
2097:Drivers/STM32F1xx_HAL_Driver/Src/stm32f1xx_hal_spi.c ****     } while (hspi->State != HAL_SPI_STATE_ABORT);
 3628              		.loc 1 2097 12 is_stmt 0 view .LVU1299
 3629 0066 039B     		ldr	r3, [sp, #12]
 3630 0068 013B     		subs	r3, r3, #1
 3631 006a 0393     		str	r3, [sp, #12]
2098:Drivers/STM32F1xx_HAL_Driver/Src/stm32f1xx_hal_spi.c ****     /* Reset Timeout Counter */
 3632              		.loc 1 2098 26 is_stmt 1 view .LVU1300
2098:Drivers/STM32F1xx_HAL_Driver/Src/stm32f1xx_hal_spi.c ****     /* Reset Timeout Counter */
 3633              		.loc 1 2098 18 is_stmt 0 view .LVU1301
 3634 006c 94F85130 		ldrb	r3, [r4, #81]	@ zero_extendqisi2
2098:Drivers/STM32F1xx_HAL_Driver/Src/stm32f1xx_hal_spi.c ****     /* Reset Timeout Counter */
 3635              		.loc 1 2098 26 view .LVU1302
 3636 0070 072B     		cmp	r3, #7
 3637 0072 F6D1     		bne	.L258
 3638 0074 03E0     		b	.L257
 3639              	.L269:
2094:Drivers/STM32F1xx_HAL_Driver/Src/stm32f1xx_hal_spi.c ****         break;
 3640              		.loc 1 2094 9 is_stmt 1 view .LVU1303
 3641 0076 636D     		ldr	r3, [r4, #84]
 3642 0078 43F04003 		orr	r3, r3, #64
 3643 007c 6365     		str	r3, [r4, #84]
2095:Drivers/STM32F1xx_HAL_Driver/Src/stm32f1xx_hal_spi.c ****       }
 3644              		.loc 1 2095 9 view .LVU1304
 3645              	.L257:
2100:Drivers/STM32F1xx_HAL_Driver/Src/stm32f1xx_hal_spi.c ****   }
 3646              		.loc 1 2100 5 view .LVU1305
2100:Drivers/STM32F1xx_HAL_Driver/Src/stm32f1xx_hal_spi.c ****   }
 3647              		.loc 1 2100 11 is_stmt 0 view .LVU1306
 3648 007e 029B     		ldr	r3, [sp, #8]
 3649 0080 0393     		str	r3, [sp, #12]
 3650              	.L255:
2104:Drivers/STM32F1xx_HAL_Driver/Src/stm32f1xx_hal_spi.c ****   {
 3651              		.loc 1 2104 3 is_stmt 1 view .LVU1307
2104:Drivers/STM32F1xx_HAL_Driver/Src/stm32f1xx_hal_spi.c ****   {
 3652              		.loc 1 2104 7 is_stmt 0 view .LVU1308
 3653 0082 5368     		ldr	r3, [r2, #4]
2104:Drivers/STM32F1xx_HAL_Driver/Src/stm32f1xx_hal_spi.c ****   {
 3654              		.loc 1 2104 6 view .LVU1309
 3655 0084 13F0020F 		tst	r3, #2
 3656 0088 1DD0     		beq	.L259
2107:Drivers/STM32F1xx_HAL_Driver/Src/stm32f1xx_hal_spi.c ****     {
 3657              		.loc 1 2107 5 is_stmt 1 view .LVU1310
2107:Drivers/STM32F1xx_HAL_Driver/Src/stm32f1xx_hal_spi.c ****     {
 3658              		.loc 1 2107 13 is_stmt 0 view .LVU1311
 3659 008a A36C     		ldr	r3, [r4, #72]
2107:Drivers/STM32F1xx_HAL_Driver/Src/stm32f1xx_hal_spi.c ****     {
 3660              		.loc 1 2107 8 view .LVU1312
 3661 008c DBB1     		cbz	r3, .L259
2111:Drivers/STM32F1xx_HAL_Driver/Src/stm32f1xx_hal_spi.c **** 
 3662              		.loc 1 2111 7 is_stmt 1 view .LVU1313
2111:Drivers/STM32F1xx_HAL_Driver/Src/stm32f1xx_hal_spi.c **** 
 3663              		.loc 1 2111 39 is_stmt 0 view .LVU1314
 3664 008e 0022     		movs	r2, #0
 3665 0090 5A63     		str	r2, [r3, #52]
ARM GAS  /tmp/cctmCgKp.s 			page 157


2114:Drivers/STM32F1xx_HAL_Driver/Src/stm32f1xx_hal_spi.c ****       {
 3666              		.loc 1 2114 7 is_stmt 1 view .LVU1315
2114:Drivers/STM32F1xx_HAL_Driver/Src/stm32f1xx_hal_spi.c ****       {
 3667              		.loc 1 2114 11 is_stmt 0 view .LVU1316
 3668 0092 A06C     		ldr	r0, [r4, #72]
 3669              	.LVL206:
2114:Drivers/STM32F1xx_HAL_Driver/Src/stm32f1xx_hal_spi.c ****       {
 3670              		.loc 1 2114 11 view .LVU1317
 3671 0094 FFF7FEFF 		bl	HAL_DMA_Abort
 3672              	.LVL207:
2114:Drivers/STM32F1xx_HAL_Driver/Src/stm32f1xx_hal_spi.c ****       {
 3673              		.loc 1 2114 10 discriminator 1 view .LVU1318
 3674 0098 08B1     		cbz	r0, .L260
2116:Drivers/STM32F1xx_HAL_Driver/Src/stm32f1xx_hal_spi.c ****       }
 3675              		.loc 1 2116 9 is_stmt 1 view .LVU1319
2116:Drivers/STM32F1xx_HAL_Driver/Src/stm32f1xx_hal_spi.c ****       }
 3676              		.loc 1 2116 25 is_stmt 0 view .LVU1320
 3677 009a 4023     		movs	r3, #64
 3678 009c 6365     		str	r3, [r4, #84]
 3679              	.L260:
2120:Drivers/STM32F1xx_HAL_Driver/Src/stm32f1xx_hal_spi.c **** 
 3680              		.loc 1 2120 7 is_stmt 1 view .LVU1321
 3681 009e 2268     		ldr	r2, [r4]
 3682 00a0 5368     		ldr	r3, [r2, #4]
 3683 00a2 23F00203 		bic	r3, r3, #2
 3684 00a6 5360     		str	r3, [r2, #4]
 3685              	.L262:
2123:Drivers/STM32F1xx_HAL_Driver/Src/stm32f1xx_hal_spi.c ****       {
 3686              		.loc 1 2123 7 view .LVU1322
2125:Drivers/STM32F1xx_HAL_Driver/Src/stm32f1xx_hal_spi.c ****         {
 3687              		.loc 1 2125 9 view .LVU1323
2125:Drivers/STM32F1xx_HAL_Driver/Src/stm32f1xx_hal_spi.c ****         {
 3688              		.loc 1 2125 19 is_stmt 0 view .LVU1324
 3689 00a8 039B     		ldr	r3, [sp, #12]
2125:Drivers/STM32F1xx_HAL_Driver/Src/stm32f1xx_hal_spi.c ****         {
 3690              		.loc 1 2125 12 view .LVU1325
 3691 00aa 43B1     		cbz	r3, .L270
2130:Drivers/STM32F1xx_HAL_Driver/Src/stm32f1xx_hal_spi.c ****       } while ((hspi->Instance->SR & SPI_FLAG_TXE) == RESET);
 3692              		.loc 1 2130 9 is_stmt 1 view .LVU1326
2130:Drivers/STM32F1xx_HAL_Driver/Src/stm32f1xx_hal_spi.c ****       } while ((hspi->Instance->SR & SPI_FLAG_TXE) == RESET);
 3693              		.loc 1 2130 14 is_stmt 0 view .LVU1327
 3694 00ac 039B     		ldr	r3, [sp, #12]
 3695 00ae 013B     		subs	r3, r3, #1
 3696 00b0 0393     		str	r3, [sp, #12]
2131:Drivers/STM32F1xx_HAL_Driver/Src/stm32f1xx_hal_spi.c ****     }
 3697              		.loc 1 2131 52 is_stmt 1 view .LVU1328
2131:Drivers/STM32F1xx_HAL_Driver/Src/stm32f1xx_hal_spi.c ****     }
 3698              		.loc 1 2131 21 is_stmt 0 view .LVU1329
 3699 00b2 2368     		ldr	r3, [r4]
2131:Drivers/STM32F1xx_HAL_Driver/Src/stm32f1xx_hal_spi.c ****     }
 3700              		.loc 1 2131 31 view .LVU1330
 3701 00b4 9B68     		ldr	r3, [r3, #8]
2131:Drivers/STM32F1xx_HAL_Driver/Src/stm32f1xx_hal_spi.c ****     }
 3702              		.loc 1 2131 52 view .LVU1331
 3703 00b6 13F0020F 		tst	r3, #2
 3704 00ba F5D0     		beq	.L262
 3705 00bc 03E0     		b	.L259
ARM GAS  /tmp/cctmCgKp.s 			page 158


 3706              	.L270:
2127:Drivers/STM32F1xx_HAL_Driver/Src/stm32f1xx_hal_spi.c ****           break;
 3707              		.loc 1 2127 11 is_stmt 1 view .LVU1332
 3708 00be 636D     		ldr	r3, [r4, #84]
 3709 00c0 43F04003 		orr	r3, r3, #64
 3710 00c4 6365     		str	r3, [r4, #84]
2128:Drivers/STM32F1xx_HAL_Driver/Src/stm32f1xx_hal_spi.c ****         }
 3711              		.loc 1 2128 11 view .LVU1333
 3712              	.L259:
2136:Drivers/STM32F1xx_HAL_Driver/Src/stm32f1xx_hal_spi.c ****   {
 3713              		.loc 1 2136 3 view .LVU1334
2136:Drivers/STM32F1xx_HAL_Driver/Src/stm32f1xx_hal_spi.c ****   {
 3714              		.loc 1 2136 7 is_stmt 0 view .LVU1335
 3715 00c6 2368     		ldr	r3, [r4]
 3716 00c8 5B68     		ldr	r3, [r3, #4]
2136:Drivers/STM32F1xx_HAL_Driver/Src/stm32f1xx_hal_spi.c ****   {
 3717              		.loc 1 2136 6 view .LVU1336
 3718 00ca 13F0010F 		tst	r3, #1
 3719 00ce 13D0     		beq	.L263
2139:Drivers/STM32F1xx_HAL_Driver/Src/stm32f1xx_hal_spi.c ****     {
 3720              		.loc 1 2139 5 is_stmt 1 view .LVU1337
2139:Drivers/STM32F1xx_HAL_Driver/Src/stm32f1xx_hal_spi.c ****     {
 3721              		.loc 1 2139 13 is_stmt 0 view .LVU1338
 3722 00d0 E36C     		ldr	r3, [r4, #76]
2139:Drivers/STM32F1xx_HAL_Driver/Src/stm32f1xx_hal_spi.c ****     {
 3723              		.loc 1 2139 8 view .LVU1339
 3724 00d2 8BB1     		cbz	r3, .L263
2143:Drivers/STM32F1xx_HAL_Driver/Src/stm32f1xx_hal_spi.c **** 
 3725              		.loc 1 2143 7 is_stmt 1 view .LVU1340
2143:Drivers/STM32F1xx_HAL_Driver/Src/stm32f1xx_hal_spi.c **** 
 3726              		.loc 1 2143 39 is_stmt 0 view .LVU1341
 3727 00d4 0022     		movs	r2, #0
 3728 00d6 5A63     		str	r2, [r3, #52]
2146:Drivers/STM32F1xx_HAL_Driver/Src/stm32f1xx_hal_spi.c ****       {
 3729              		.loc 1 2146 7 is_stmt 1 view .LVU1342
2146:Drivers/STM32F1xx_HAL_Driver/Src/stm32f1xx_hal_spi.c ****       {
 3730              		.loc 1 2146 11 is_stmt 0 view .LVU1343
 3731 00d8 E06C     		ldr	r0, [r4, #76]
 3732 00da FFF7FEFF 		bl	HAL_DMA_Abort
 3733              	.LVL208:
2146:Drivers/STM32F1xx_HAL_Driver/Src/stm32f1xx_hal_spi.c ****       {
 3734              		.loc 1 2146 10 discriminator 1 view .LVU1344
 3735 00de 08B1     		cbz	r0, .L264
2148:Drivers/STM32F1xx_HAL_Driver/Src/stm32f1xx_hal_spi.c ****       }
 3736              		.loc 1 2148 9 is_stmt 1 view .LVU1345
2148:Drivers/STM32F1xx_HAL_Driver/Src/stm32f1xx_hal_spi.c ****       }
 3737              		.loc 1 2148 25 is_stmt 0 view .LVU1346
 3738 00e0 4023     		movs	r3, #64
 3739 00e2 6365     		str	r3, [r4, #84]
 3740              	.L264:
2152:Drivers/STM32F1xx_HAL_Driver/Src/stm32f1xx_hal_spi.c **** 
 3741              		.loc 1 2152 7 is_stmt 1 view .LVU1347
 3742 00e4 2268     		ldr	r2, [r4]
 3743 00e6 1368     		ldr	r3, [r2]
 3744 00e8 23F04003 		bic	r3, r3, #64
 3745 00ec 1360     		str	r3, [r2]
2155:Drivers/STM32F1xx_HAL_Driver/Src/stm32f1xx_hal_spi.c ****     }
ARM GAS  /tmp/cctmCgKp.s 			page 159


 3746              		.loc 1 2155 7 view .LVU1348
 3747 00ee 2268     		ldr	r2, [r4]
 3748 00f0 5368     		ldr	r3, [r2, #4]
 3749 00f2 23F00103 		bic	r3, r3, #1
 3750 00f6 5360     		str	r3, [r2, #4]
 3751              	.L263:
2159:Drivers/STM32F1xx_HAL_Driver/Src/stm32f1xx_hal_spi.c ****   hspi->TxXferCount = 0U;
 3752              		.loc 1 2159 3 view .LVU1349
2159:Drivers/STM32F1xx_HAL_Driver/Src/stm32f1xx_hal_spi.c ****   hspi->TxXferCount = 0U;
 3753              		.loc 1 2159 21 is_stmt 0 view .LVU1350
 3754 00f8 0023     		movs	r3, #0
 3755 00fa E387     		strh	r3, [r4, #62]	@ movhi
2160:Drivers/STM32F1xx_HAL_Driver/Src/stm32f1xx_hal_spi.c **** 
 3756              		.loc 1 2160 3 is_stmt 1 view .LVU1351
2160:Drivers/STM32F1xx_HAL_Driver/Src/stm32f1xx_hal_spi.c **** 
 3757              		.loc 1 2160 21 is_stmt 0 view .LVU1352
 3758 00fc E386     		strh	r3, [r4, #54]	@ movhi
2163:Drivers/STM32F1xx_HAL_Driver/Src/stm32f1xx_hal_spi.c ****   {
 3759              		.loc 1 2163 3 is_stmt 1 view .LVU1353
2163:Drivers/STM32F1xx_HAL_Driver/Src/stm32f1xx_hal_spi.c ****   {
 3760              		.loc 1 2163 11 is_stmt 0 view .LVU1354
 3761 00fe 636D     		ldr	r3, [r4, #84]
2163:Drivers/STM32F1xx_HAL_Driver/Src/stm32f1xx_hal_spi.c ****   {
 3762              		.loc 1 2163 6 view .LVU1355
 3763 0100 402B     		cmp	r3, #64
 3764 0102 0ED0     		beq	.L266
2171:Drivers/STM32F1xx_HAL_Driver/Src/stm32f1xx_hal_spi.c ****   }
 3765              		.loc 1 2171 5 is_stmt 1 view .LVU1356
2171:Drivers/STM32F1xx_HAL_Driver/Src/stm32f1xx_hal_spi.c ****   }
 3766              		.loc 1 2171 21 is_stmt 0 view .LVU1357
 3767 0104 0020     		movs	r0, #0
 3768 0106 6065     		str	r0, [r4, #84]
 3769              	.L265:
 3770              	.LVL209:
2175:Drivers/STM32F1xx_HAL_Driver/Src/stm32f1xx_hal_spi.c **** 
 3771              		.loc 1 2175 3 is_stmt 1 view .LVU1358
 3772              	.LBB4:
2175:Drivers/STM32F1xx_HAL_Driver/Src/stm32f1xx_hal_spi.c **** 
 3773              		.loc 1 2175 3 view .LVU1359
 3774 0108 0023     		movs	r3, #0
 3775 010a 0193     		str	r3, [sp, #4]
2175:Drivers/STM32F1xx_HAL_Driver/Src/stm32f1xx_hal_spi.c **** 
 3776              		.loc 1 2175 3 view .LVU1360
 3777 010c 2368     		ldr	r3, [r4]
 3778 010e DA68     		ldr	r2, [r3, #12]
 3779 0110 0192     		str	r2, [sp, #4]
2175:Drivers/STM32F1xx_HAL_Driver/Src/stm32f1xx_hal_spi.c **** 
 3780              		.loc 1 2175 3 view .LVU1361
 3781 0112 9B68     		ldr	r3, [r3, #8]
 3782 0114 0193     		str	r3, [sp, #4]
2175:Drivers/STM32F1xx_HAL_Driver/Src/stm32f1xx_hal_spi.c **** 
 3783              		.loc 1 2175 3 view .LVU1362
 3784 0116 019B     		ldr	r3, [sp, #4]
 3785              	.LBE4:
2175:Drivers/STM32F1xx_HAL_Driver/Src/stm32f1xx_hal_spi.c **** 
 3786              		.loc 1 2175 3 view .LVU1363
2178:Drivers/STM32F1xx_HAL_Driver/Src/stm32f1xx_hal_spi.c **** 
ARM GAS  /tmp/cctmCgKp.s 			page 160


 3787              		.loc 1 2178 3 view .LVU1364
2178:Drivers/STM32F1xx_HAL_Driver/Src/stm32f1xx_hal_spi.c **** 
 3788              		.loc 1 2178 15 is_stmt 0 view .LVU1365
 3789 0118 0123     		movs	r3, #1
 3790 011a 84F85130 		strb	r3, [r4, #81]
2180:Drivers/STM32F1xx_HAL_Driver/Src/stm32f1xx_hal_spi.c **** }
 3791              		.loc 1 2180 3 is_stmt 1 view .LVU1366
2181:Drivers/STM32F1xx_HAL_Driver/Src/stm32f1xx_hal_spi.c **** 
 3792              		.loc 1 2181 1 is_stmt 0 view .LVU1367
 3793 011e 04B0     		add	sp, sp, #16
 3794              		.cfi_remember_state
 3795              		.cfi_def_cfa_offset 8
 3796              		@ sp needed
 3797 0120 10BD     		pop	{r4, pc}
 3798              	.LVL210:
 3799              	.L266:
 3800              		.cfi_restore_state
2166:Drivers/STM32F1xx_HAL_Driver/Src/stm32f1xx_hal_spi.c ****   }
 3801              		.loc 1 2166 15 view .LVU1368
 3802 0122 0120     		movs	r0, #1
 3803 0124 F0E7     		b	.L265
 3804              	.L272:
 3805 0126 00BF     		.align	2
 3806              	.L271:
 3807 0128 00000000 		.word	SystemCoreClock
 3808 012c F1197605 		.word	91625969
 3809 0130 00000000 		.word	SPI_AbortTx_ISR
 3810 0134 00000000 		.word	SPI_AbortRx_ISR
 3811              		.cfi_endproc
 3812              	.LFE78:
 3814              		.section	.text.HAL_SPI_DMAPause,"ax",%progbits
 3815              		.align	1
 3816              		.global	HAL_SPI_DMAPause
 3817              		.syntax unified
 3818              		.thumb
 3819              		.thumb_func
 3821              	HAL_SPI_DMAPause:
 3822              	.LVL211:
 3823              	.LFB80:
2359:Drivers/STM32F1xx_HAL_Driver/Src/stm32f1xx_hal_spi.c ****   /* Process Locked */
 3824              		.loc 1 2359 1 is_stmt 1 view -0
 3825              		.cfi_startproc
 3826              		@ args = 0, pretend = 0, frame = 0
 3827              		@ frame_needed = 0, uses_anonymous_args = 0
 3828              		@ link register save eliminated.
2361:Drivers/STM32F1xx_HAL_Driver/Src/stm32f1xx_hal_spi.c **** 
 3829              		.loc 1 2361 3 view .LVU1370
2361:Drivers/STM32F1xx_HAL_Driver/Src/stm32f1xx_hal_spi.c **** 
 3830              		.loc 1 2361 3 view .LVU1371
 3831 0000 90F85030 		ldrb	r3, [r0, #80]	@ zero_extendqisi2
 3832 0004 012B     		cmp	r3, #1
 3833 0006 0CD0     		beq	.L275
2361:Drivers/STM32F1xx_HAL_Driver/Src/stm32f1xx_hal_spi.c **** 
 3834              		.loc 1 2361 3 discriminator 2 view .LVU1372
 3835 0008 0123     		movs	r3, #1
 3836 000a 80F85030 		strb	r3, [r0, #80]
2361:Drivers/STM32F1xx_HAL_Driver/Src/stm32f1xx_hal_spi.c **** 
ARM GAS  /tmp/cctmCgKp.s 			page 161


 3837              		.loc 1 2361 3 view .LVU1373
2364:Drivers/STM32F1xx_HAL_Driver/Src/stm32f1xx_hal_spi.c **** 
 3838              		.loc 1 2364 3 view .LVU1374
 3839 000e 0268     		ldr	r2, [r0]
 3840 0010 5368     		ldr	r3, [r2, #4]
 3841 0012 23F00303 		bic	r3, r3, #3
 3842 0016 5360     		str	r3, [r2, #4]
2367:Drivers/STM32F1xx_HAL_Driver/Src/stm32f1xx_hal_spi.c **** 
 3843              		.loc 1 2367 3 view .LVU1375
2367:Drivers/STM32F1xx_HAL_Driver/Src/stm32f1xx_hal_spi.c **** 
 3844              		.loc 1 2367 3 view .LVU1376
 3845 0018 0023     		movs	r3, #0
 3846 001a 80F85030 		strb	r3, [r0, #80]
2367:Drivers/STM32F1xx_HAL_Driver/Src/stm32f1xx_hal_spi.c **** 
 3847              		.loc 1 2367 3 view .LVU1377
2369:Drivers/STM32F1xx_HAL_Driver/Src/stm32f1xx_hal_spi.c **** }
 3848              		.loc 1 2369 3 view .LVU1378
2369:Drivers/STM32F1xx_HAL_Driver/Src/stm32f1xx_hal_spi.c **** }
 3849              		.loc 1 2369 10 is_stmt 0 view .LVU1379
 3850 001e 1846     		mov	r0, r3
 3851              	.LVL212:
2369:Drivers/STM32F1xx_HAL_Driver/Src/stm32f1xx_hal_spi.c **** }
 3852              		.loc 1 2369 10 view .LVU1380
 3853 0020 7047     		bx	lr
 3854              	.LVL213:
 3855              	.L275:
2361:Drivers/STM32F1xx_HAL_Driver/Src/stm32f1xx_hal_spi.c **** 
 3856              		.loc 1 2361 3 discriminator 1 view .LVU1381
 3857 0022 0220     		movs	r0, #2
 3858              	.LVL214:
2370:Drivers/STM32F1xx_HAL_Driver/Src/stm32f1xx_hal_spi.c **** 
 3859              		.loc 1 2370 1 view .LVU1382
 3860 0024 7047     		bx	lr
 3861              		.cfi_endproc
 3862              	.LFE80:
 3864              		.section	.text.HAL_SPI_DMAResume,"ax",%progbits
 3865              		.align	1
 3866              		.global	HAL_SPI_DMAResume
 3867              		.syntax unified
 3868              		.thumb
 3869              		.thumb_func
 3871              	HAL_SPI_DMAResume:
 3872              	.LVL215:
 3873              	.LFB81:
2379:Drivers/STM32F1xx_HAL_Driver/Src/stm32f1xx_hal_spi.c ****   /* Process Locked */
 3874              		.loc 1 2379 1 is_stmt 1 view -0
 3875              		.cfi_startproc
 3876              		@ args = 0, pretend = 0, frame = 0
 3877              		@ frame_needed = 0, uses_anonymous_args = 0
 3878              		@ link register save eliminated.
2381:Drivers/STM32F1xx_HAL_Driver/Src/stm32f1xx_hal_spi.c **** 
 3879              		.loc 1 2381 3 view .LVU1384
2381:Drivers/STM32F1xx_HAL_Driver/Src/stm32f1xx_hal_spi.c **** 
 3880              		.loc 1 2381 3 view .LVU1385
 3881 0000 90F85030 		ldrb	r3, [r0, #80]	@ zero_extendqisi2
 3882 0004 012B     		cmp	r3, #1
 3883 0006 0CD0     		beq	.L278
ARM GAS  /tmp/cctmCgKp.s 			page 162


2381:Drivers/STM32F1xx_HAL_Driver/Src/stm32f1xx_hal_spi.c **** 
 3884              		.loc 1 2381 3 discriminator 2 view .LVU1386
 3885 0008 0123     		movs	r3, #1
 3886 000a 80F85030 		strb	r3, [r0, #80]
2381:Drivers/STM32F1xx_HAL_Driver/Src/stm32f1xx_hal_spi.c **** 
 3887              		.loc 1 2381 3 view .LVU1387
2384:Drivers/STM32F1xx_HAL_Driver/Src/stm32f1xx_hal_spi.c **** 
 3888              		.loc 1 2384 3 view .LVU1388
 3889 000e 0268     		ldr	r2, [r0]
 3890 0010 5368     		ldr	r3, [r2, #4]
 3891 0012 43F00303 		orr	r3, r3, #3
 3892 0016 5360     		str	r3, [r2, #4]
2387:Drivers/STM32F1xx_HAL_Driver/Src/stm32f1xx_hal_spi.c **** 
 3893              		.loc 1 2387 3 view .LVU1389
2387:Drivers/STM32F1xx_HAL_Driver/Src/stm32f1xx_hal_spi.c **** 
 3894              		.loc 1 2387 3 view .LVU1390
 3895 0018 0023     		movs	r3, #0
 3896 001a 80F85030 		strb	r3, [r0, #80]
2387:Drivers/STM32F1xx_HAL_Driver/Src/stm32f1xx_hal_spi.c **** 
 3897              		.loc 1 2387 3 view .LVU1391
2389:Drivers/STM32F1xx_HAL_Driver/Src/stm32f1xx_hal_spi.c **** }
 3898              		.loc 1 2389 3 view .LVU1392
2389:Drivers/STM32F1xx_HAL_Driver/Src/stm32f1xx_hal_spi.c **** }
 3899              		.loc 1 2389 10 is_stmt 0 view .LVU1393
 3900 001e 1846     		mov	r0, r3
 3901              	.LVL216:
2389:Drivers/STM32F1xx_HAL_Driver/Src/stm32f1xx_hal_spi.c **** }
 3902              		.loc 1 2389 10 view .LVU1394
 3903 0020 7047     		bx	lr
 3904              	.LVL217:
 3905              	.L278:
2381:Drivers/STM32F1xx_HAL_Driver/Src/stm32f1xx_hal_spi.c **** 
 3906              		.loc 1 2381 3 discriminator 1 view .LVU1395
 3907 0022 0220     		movs	r0, #2
 3908              	.LVL218:
2390:Drivers/STM32F1xx_HAL_Driver/Src/stm32f1xx_hal_spi.c **** 
 3909              		.loc 1 2390 1 view .LVU1396
 3910 0024 7047     		bx	lr
 3911              		.cfi_endproc
 3912              	.LFE81:
 3914              		.section	.text.HAL_SPI_DMAStop,"ax",%progbits
 3915              		.align	1
 3916              		.global	HAL_SPI_DMAStop
 3917              		.syntax unified
 3918              		.thumb
 3919              		.thumb_func
 3921              	HAL_SPI_DMAStop:
 3922              	.LVL219:
 3923              	.LFB82:
2399:Drivers/STM32F1xx_HAL_Driver/Src/stm32f1xx_hal_spi.c ****   HAL_StatusTypeDef errorcode = HAL_OK;
 3924              		.loc 1 2399 1 is_stmt 1 view -0
 3925              		.cfi_startproc
 3926              		@ args = 0, pretend = 0, frame = 0
 3927              		@ frame_needed = 0, uses_anonymous_args = 0
2399:Drivers/STM32F1xx_HAL_Driver/Src/stm32f1xx_hal_spi.c ****   HAL_StatusTypeDef errorcode = HAL_OK;
 3928              		.loc 1 2399 1 is_stmt 0 view .LVU1398
 3929 0000 38B5     		push	{r3, r4, r5, lr}
ARM GAS  /tmp/cctmCgKp.s 			page 163


 3930              		.cfi_def_cfa_offset 16
 3931              		.cfi_offset 3, -16
 3932              		.cfi_offset 4, -12
 3933              		.cfi_offset 5, -8
 3934              		.cfi_offset 14, -4
 3935 0002 0446     		mov	r4, r0
2400:Drivers/STM32F1xx_HAL_Driver/Src/stm32f1xx_hal_spi.c ****   /* The Lock is not implemented on this API to allow the user application
 3936              		.loc 1 2400 3 is_stmt 1 view .LVU1399
 3937              	.LVL220:
2410:Drivers/STM32F1xx_HAL_Driver/Src/stm32f1xx_hal_spi.c ****   {
 3938              		.loc 1 2410 3 view .LVU1400
2410:Drivers/STM32F1xx_HAL_Driver/Src/stm32f1xx_hal_spi.c ****   {
 3939              		.loc 1 2410 11 is_stmt 0 view .LVU1401
 3940 0004 806C     		ldr	r0, [r0, #72]
 3941              	.LVL221:
2410:Drivers/STM32F1xx_HAL_Driver/Src/stm32f1xx_hal_spi.c ****   {
 3942              		.loc 1 2410 6 view .LVU1402
 3943 0006 48B1     		cbz	r0, .L282
2412:Drivers/STM32F1xx_HAL_Driver/Src/stm32f1xx_hal_spi.c ****     {
 3944              		.loc 1 2412 5 is_stmt 1 view .LVU1403
2412:Drivers/STM32F1xx_HAL_Driver/Src/stm32f1xx_hal_spi.c ****     {
 3945              		.loc 1 2412 19 is_stmt 0 view .LVU1404
 3946 0008 FFF7FEFF 		bl	HAL_DMA_Abort
 3947              	.LVL222:
2412:Drivers/STM32F1xx_HAL_Driver/Src/stm32f1xx_hal_spi.c ****     {
 3948              		.loc 1 2412 8 discriminator 1 view .LVU1405
 3949 000c 0546     		mov	r5, r0
 3950 000e 30B1     		cbz	r0, .L280
2414:Drivers/STM32F1xx_HAL_Driver/Src/stm32f1xx_hal_spi.c ****       errorcode = HAL_ERROR;
 3951              		.loc 1 2414 7 is_stmt 1 view .LVU1406
 3952 0010 636D     		ldr	r3, [r4, #84]
 3953 0012 43F01003 		orr	r3, r3, #16
 3954 0016 6365     		str	r3, [r4, #84]
2415:Drivers/STM32F1xx_HAL_Driver/Src/stm32f1xx_hal_spi.c ****     }
 3955              		.loc 1 2415 7 view .LVU1407
 3956              	.LVL223:
2415:Drivers/STM32F1xx_HAL_Driver/Src/stm32f1xx_hal_spi.c ****     }
 3957              		.loc 1 2415 17 is_stmt 0 view .LVU1408
 3958 0018 0125     		movs	r5, #1
 3959 001a 00E0     		b	.L280
 3960              	.LVL224:
 3961              	.L282:
2400:Drivers/STM32F1xx_HAL_Driver/Src/stm32f1xx_hal_spi.c ****   /* The Lock is not implemented on this API to allow the user application
 3962              		.loc 1 2400 21 view .LVU1409
 3963 001c 0025     		movs	r5, #0
 3964              	.LVL225:
 3965              	.L280:
2419:Drivers/STM32F1xx_HAL_Driver/Src/stm32f1xx_hal_spi.c ****   {
 3966              		.loc 1 2419 3 is_stmt 1 view .LVU1410
2419:Drivers/STM32F1xx_HAL_Driver/Src/stm32f1xx_hal_spi.c ****   {
 3967              		.loc 1 2419 11 is_stmt 0 view .LVU1411
 3968 001e E06C     		ldr	r0, [r4, #76]
2419:Drivers/STM32F1xx_HAL_Driver/Src/stm32f1xx_hal_spi.c ****   {
 3969              		.loc 1 2419 6 view .LVU1412
 3970 0020 38B1     		cbz	r0, .L281
2421:Drivers/STM32F1xx_HAL_Driver/Src/stm32f1xx_hal_spi.c ****     {
 3971              		.loc 1 2421 5 is_stmt 1 view .LVU1413
ARM GAS  /tmp/cctmCgKp.s 			page 164


2421:Drivers/STM32F1xx_HAL_Driver/Src/stm32f1xx_hal_spi.c ****     {
 3972              		.loc 1 2421 19 is_stmt 0 view .LVU1414
 3973 0022 FFF7FEFF 		bl	HAL_DMA_Abort
 3974              	.LVL226:
2421:Drivers/STM32F1xx_HAL_Driver/Src/stm32f1xx_hal_spi.c ****     {
 3975              		.loc 1 2421 8 discriminator 1 view .LVU1415
 3976 0026 20B1     		cbz	r0, .L281
2423:Drivers/STM32F1xx_HAL_Driver/Src/stm32f1xx_hal_spi.c ****       errorcode = HAL_ERROR;
 3977              		.loc 1 2423 7 is_stmt 1 view .LVU1416
 3978 0028 636D     		ldr	r3, [r4, #84]
 3979 002a 43F01003 		orr	r3, r3, #16
 3980 002e 6365     		str	r3, [r4, #84]
2424:Drivers/STM32F1xx_HAL_Driver/Src/stm32f1xx_hal_spi.c ****     }
 3981              		.loc 1 2424 7 view .LVU1417
 3982              	.LVL227:
2424:Drivers/STM32F1xx_HAL_Driver/Src/stm32f1xx_hal_spi.c ****     }
 3983              		.loc 1 2424 17 is_stmt 0 view .LVU1418
 3984 0030 0125     		movs	r5, #1
 3985              	.LVL228:
 3986              	.L281:
2429:Drivers/STM32F1xx_HAL_Driver/Src/stm32f1xx_hal_spi.c ****   hspi->State = HAL_SPI_STATE_READY;
 3987              		.loc 1 2429 3 is_stmt 1 view .LVU1419
 3988 0032 2268     		ldr	r2, [r4]
 3989 0034 5368     		ldr	r3, [r2, #4]
 3990 0036 23F00303 		bic	r3, r3, #3
 3991 003a 5360     		str	r3, [r2, #4]
2430:Drivers/STM32F1xx_HAL_Driver/Src/stm32f1xx_hal_spi.c ****   return errorcode;
 3992              		.loc 1 2430 3 view .LVU1420
2430:Drivers/STM32F1xx_HAL_Driver/Src/stm32f1xx_hal_spi.c ****   return errorcode;
 3993              		.loc 1 2430 15 is_stmt 0 view .LVU1421
 3994 003c 0123     		movs	r3, #1
 3995 003e 84F85130 		strb	r3, [r4, #81]
2431:Drivers/STM32F1xx_HAL_Driver/Src/stm32f1xx_hal_spi.c **** }
 3996              		.loc 1 2431 3 is_stmt 1 view .LVU1422
2432:Drivers/STM32F1xx_HAL_Driver/Src/stm32f1xx_hal_spi.c **** 
 3997              		.loc 1 2432 1 is_stmt 0 view .LVU1423
 3998 0042 2846     		mov	r0, r5
 3999 0044 38BD     		pop	{r3, r4, r5, pc}
2432:Drivers/STM32F1xx_HAL_Driver/Src/stm32f1xx_hal_spi.c **** 
 4000              		.loc 1 2432 1 view .LVU1424
 4001              		.cfi_endproc
 4002              	.LFE82:
 4004              		.section	.text.HAL_SPI_TxCpltCallback,"ax",%progbits
 4005              		.align	1
 4006              		.weak	HAL_SPI_TxCpltCallback
 4007              		.syntax unified
 4008              		.thumb
 4009              		.thumb_func
 4011              	HAL_SPI_TxCpltCallback:
 4012              	.LVL229:
 4013              	.LFB84:
2543:Drivers/STM32F1xx_HAL_Driver/Src/stm32f1xx_hal_spi.c ****   /* Prevent unused argument(s) compilation warning */
 4014              		.loc 1 2543 1 is_stmt 1 view -0
 4015              		.cfi_startproc
 4016              		@ args = 0, pretend = 0, frame = 0
 4017              		@ frame_needed = 0, uses_anonymous_args = 0
 4018              		@ link register save eliminated.
ARM GAS  /tmp/cctmCgKp.s 			page 165


2545:Drivers/STM32F1xx_HAL_Driver/Src/stm32f1xx_hal_spi.c **** 
 4019              		.loc 1 2545 3 view .LVU1426
2550:Drivers/STM32F1xx_HAL_Driver/Src/stm32f1xx_hal_spi.c **** 
 4020              		.loc 1 2550 1 is_stmt 0 view .LVU1427
 4021 0000 7047     		bx	lr
 4022              		.cfi_endproc
 4023              	.LFE84:
 4025              		.section	.text.HAL_SPI_RxCpltCallback,"ax",%progbits
 4026              		.align	1
 4027              		.weak	HAL_SPI_RxCpltCallback
 4028              		.syntax unified
 4029              		.thumb
 4030              		.thumb_func
 4032              	HAL_SPI_RxCpltCallback:
 4033              	.LVL230:
 4034              	.LFB85:
2559:Drivers/STM32F1xx_HAL_Driver/Src/stm32f1xx_hal_spi.c ****   /* Prevent unused argument(s) compilation warning */
 4035              		.loc 1 2559 1 is_stmt 1 view -0
 4036              		.cfi_startproc
 4037              		@ args = 0, pretend = 0, frame = 0
 4038              		@ frame_needed = 0, uses_anonymous_args = 0
 4039              		@ link register save eliminated.
2561:Drivers/STM32F1xx_HAL_Driver/Src/stm32f1xx_hal_spi.c **** 
 4040              		.loc 1 2561 3 view .LVU1429
2566:Drivers/STM32F1xx_HAL_Driver/Src/stm32f1xx_hal_spi.c **** 
 4041              		.loc 1 2566 1 is_stmt 0 view .LVU1430
 4042 0000 7047     		bx	lr
 4043              		.cfi_endproc
 4044              	.LFE85:
 4046              		.section	.text.HAL_SPI_TxRxCpltCallback,"ax",%progbits
 4047              		.align	1
 4048              		.weak	HAL_SPI_TxRxCpltCallback
 4049              		.syntax unified
 4050              		.thumb
 4051              		.thumb_func
 4053              	HAL_SPI_TxRxCpltCallback:
 4054              	.LVL231:
 4055              	.LFB86:
2575:Drivers/STM32F1xx_HAL_Driver/Src/stm32f1xx_hal_spi.c ****   /* Prevent unused argument(s) compilation warning */
 4056              		.loc 1 2575 1 is_stmt 1 view -0
 4057              		.cfi_startproc
 4058              		@ args = 0, pretend = 0, frame = 0
 4059              		@ frame_needed = 0, uses_anonymous_args = 0
 4060              		@ link register save eliminated.
2577:Drivers/STM32F1xx_HAL_Driver/Src/stm32f1xx_hal_spi.c **** 
 4061              		.loc 1 2577 3 view .LVU1432
2582:Drivers/STM32F1xx_HAL_Driver/Src/stm32f1xx_hal_spi.c **** 
 4062              		.loc 1 2582 1 is_stmt 0 view .LVU1433
 4063 0000 7047     		bx	lr
 4064              		.cfi_endproc
 4065              	.LFE86:
 4067              		.section	.text.HAL_SPI_TxHalfCpltCallback,"ax",%progbits
 4068              		.align	1
 4069              		.weak	HAL_SPI_TxHalfCpltCallback
 4070              		.syntax unified
 4071              		.thumb
 4072              		.thumb_func
ARM GAS  /tmp/cctmCgKp.s 			page 166


 4074              	HAL_SPI_TxHalfCpltCallback:
 4075              	.LVL232:
 4076              	.LFB87:
2591:Drivers/STM32F1xx_HAL_Driver/Src/stm32f1xx_hal_spi.c ****   /* Prevent unused argument(s) compilation warning */
 4077              		.loc 1 2591 1 is_stmt 1 view -0
 4078              		.cfi_startproc
 4079              		@ args = 0, pretend = 0, frame = 0
 4080              		@ frame_needed = 0, uses_anonymous_args = 0
 4081              		@ link register save eliminated.
2593:Drivers/STM32F1xx_HAL_Driver/Src/stm32f1xx_hal_spi.c **** 
 4082              		.loc 1 2593 3 view .LVU1435
2598:Drivers/STM32F1xx_HAL_Driver/Src/stm32f1xx_hal_spi.c **** 
 4083              		.loc 1 2598 1 is_stmt 0 view .LVU1436
 4084 0000 7047     		bx	lr
 4085              		.cfi_endproc
 4086              	.LFE87:
 4088              		.section	.text.SPI_DMAHalfTransmitCplt,"ax",%progbits
 4089              		.align	1
 4090              		.syntax unified
 4091              		.thumb
 4092              		.thumb_func
 4094              	SPI_DMAHalfTransmitCplt:
 4095              	.LVL233:
 4096              	.LFB97:
2975:Drivers/STM32F1xx_HAL_Driver/Src/stm32f1xx_hal_spi.c ****   SPI_HandleTypeDef *hspi = (SPI_HandleTypeDef *)(((DMA_HandleTypeDef *)hdma)->Parent);
 4097              		.loc 1 2975 1 is_stmt 1 view -0
 4098              		.cfi_startproc
 4099              		@ args = 0, pretend = 0, frame = 0
 4100              		@ frame_needed = 0, uses_anonymous_args = 0
2975:Drivers/STM32F1xx_HAL_Driver/Src/stm32f1xx_hal_spi.c ****   SPI_HandleTypeDef *hspi = (SPI_HandleTypeDef *)(((DMA_HandleTypeDef *)hdma)->Parent);
 4101              		.loc 1 2975 1 is_stmt 0 view .LVU1438
 4102 0000 08B5     		push	{r3, lr}
 4103              		.cfi_def_cfa_offset 8
 4104              		.cfi_offset 3, -8
 4105              		.cfi_offset 14, -4
2976:Drivers/STM32F1xx_HAL_Driver/Src/stm32f1xx_hal_spi.c **** 
 4106              		.loc 1 2976 3 is_stmt 1 view .LVU1439
 4107              	.LVL234:
2982:Drivers/STM32F1xx_HAL_Driver/Src/stm32f1xx_hal_spi.c **** #endif /* USE_HAL_SPI_REGISTER_CALLBACKS */
 4108              		.loc 1 2982 3 view .LVU1440
 4109 0002 406A     		ldr	r0, [r0, #36]
 4110              	.LVL235:
2982:Drivers/STM32F1xx_HAL_Driver/Src/stm32f1xx_hal_spi.c **** #endif /* USE_HAL_SPI_REGISTER_CALLBACKS */
 4111              		.loc 1 2982 3 is_stmt 0 view .LVU1441
 4112 0004 FFF7FEFF 		bl	HAL_SPI_TxHalfCpltCallback
 4113              	.LVL236:
2984:Drivers/STM32F1xx_HAL_Driver/Src/stm32f1xx_hal_spi.c **** 
 4114              		.loc 1 2984 1 view .LVU1442
 4115 0008 08BD     		pop	{r3, pc}
 4116              		.cfi_endproc
 4117              	.LFE97:
 4119              		.section	.text.HAL_SPI_RxHalfCpltCallback,"ax",%progbits
 4120              		.align	1
 4121              		.weak	HAL_SPI_RxHalfCpltCallback
 4122              		.syntax unified
 4123              		.thumb
 4124              		.thumb_func
ARM GAS  /tmp/cctmCgKp.s 			page 167


 4126              	HAL_SPI_RxHalfCpltCallback:
 4127              	.LVL237:
 4128              	.LFB88:
2607:Drivers/STM32F1xx_HAL_Driver/Src/stm32f1xx_hal_spi.c ****   /* Prevent unused argument(s) compilation warning */
 4129              		.loc 1 2607 1 is_stmt 1 view -0
 4130              		.cfi_startproc
 4131              		@ args = 0, pretend = 0, frame = 0
 4132              		@ frame_needed = 0, uses_anonymous_args = 0
 4133              		@ link register save eliminated.
2609:Drivers/STM32F1xx_HAL_Driver/Src/stm32f1xx_hal_spi.c **** 
 4134              		.loc 1 2609 3 view .LVU1444
2614:Drivers/STM32F1xx_HAL_Driver/Src/stm32f1xx_hal_spi.c **** 
 4135              		.loc 1 2614 1 is_stmt 0 view .LVU1445
 4136 0000 7047     		bx	lr
 4137              		.cfi_endproc
 4138              	.LFE88:
 4140              		.section	.text.SPI_DMAHalfReceiveCplt,"ax",%progbits
 4141              		.align	1
 4142              		.syntax unified
 4143              		.thumb
 4144              		.thumb_func
 4146              	SPI_DMAHalfReceiveCplt:
 4147              	.LVL238:
 4148              	.LFB98:
2993:Drivers/STM32F1xx_HAL_Driver/Src/stm32f1xx_hal_spi.c ****   SPI_HandleTypeDef *hspi = (SPI_HandleTypeDef *)(((DMA_HandleTypeDef *)hdma)->Parent);
 4149              		.loc 1 2993 1 is_stmt 1 view -0
 4150              		.cfi_startproc
 4151              		@ args = 0, pretend = 0, frame = 0
 4152              		@ frame_needed = 0, uses_anonymous_args = 0
2993:Drivers/STM32F1xx_HAL_Driver/Src/stm32f1xx_hal_spi.c ****   SPI_HandleTypeDef *hspi = (SPI_HandleTypeDef *)(((DMA_HandleTypeDef *)hdma)->Parent);
 4153              		.loc 1 2993 1 is_stmt 0 view .LVU1447
 4154 0000 08B5     		push	{r3, lr}
 4155              		.cfi_def_cfa_offset 8
 4156              		.cfi_offset 3, -8
 4157              		.cfi_offset 14, -4
2994:Drivers/STM32F1xx_HAL_Driver/Src/stm32f1xx_hal_spi.c **** 
 4158              		.loc 1 2994 3 is_stmt 1 view .LVU1448
 4159              	.LVL239:
3000:Drivers/STM32F1xx_HAL_Driver/Src/stm32f1xx_hal_spi.c **** #endif /* USE_HAL_SPI_REGISTER_CALLBACKS */
 4160              		.loc 1 3000 3 view .LVU1449
 4161 0002 406A     		ldr	r0, [r0, #36]
 4162              	.LVL240:
3000:Drivers/STM32F1xx_HAL_Driver/Src/stm32f1xx_hal_spi.c **** #endif /* USE_HAL_SPI_REGISTER_CALLBACKS */
 4163              		.loc 1 3000 3 is_stmt 0 view .LVU1450
 4164 0004 FFF7FEFF 		bl	HAL_SPI_RxHalfCpltCallback
 4165              	.LVL241:
3002:Drivers/STM32F1xx_HAL_Driver/Src/stm32f1xx_hal_spi.c **** 
 4166              		.loc 1 3002 1 view .LVU1451
 4167 0008 08BD     		pop	{r3, pc}
 4168              		.cfi_endproc
 4169              	.LFE98:
 4171              		.section	.text.HAL_SPI_TxRxHalfCpltCallback,"ax",%progbits
 4172              		.align	1
 4173              		.weak	HAL_SPI_TxRxHalfCpltCallback
 4174              		.syntax unified
 4175              		.thumb
 4176              		.thumb_func
ARM GAS  /tmp/cctmCgKp.s 			page 168


 4178              	HAL_SPI_TxRxHalfCpltCallback:
 4179              	.LVL242:
 4180              	.LFB89:
2623:Drivers/STM32F1xx_HAL_Driver/Src/stm32f1xx_hal_spi.c ****   /* Prevent unused argument(s) compilation warning */
 4181              		.loc 1 2623 1 is_stmt 1 view -0
 4182              		.cfi_startproc
 4183              		@ args = 0, pretend = 0, frame = 0
 4184              		@ frame_needed = 0, uses_anonymous_args = 0
 4185              		@ link register save eliminated.
2625:Drivers/STM32F1xx_HAL_Driver/Src/stm32f1xx_hal_spi.c **** 
 4186              		.loc 1 2625 3 view .LVU1453
2630:Drivers/STM32F1xx_HAL_Driver/Src/stm32f1xx_hal_spi.c **** 
 4187              		.loc 1 2630 1 is_stmt 0 view .LVU1454
 4188 0000 7047     		bx	lr
 4189              		.cfi_endproc
 4190              	.LFE89:
 4192              		.section	.text.SPI_DMAHalfTransmitReceiveCplt,"ax",%progbits
 4193              		.align	1
 4194              		.syntax unified
 4195              		.thumb
 4196              		.thumb_func
 4198              	SPI_DMAHalfTransmitReceiveCplt:
 4199              	.LVL243:
 4200              	.LFB99:
3011:Drivers/STM32F1xx_HAL_Driver/Src/stm32f1xx_hal_spi.c ****   SPI_HandleTypeDef *hspi = (SPI_HandleTypeDef *)(((DMA_HandleTypeDef *)hdma)->Parent);
 4201              		.loc 1 3011 1 is_stmt 1 view -0
 4202              		.cfi_startproc
 4203              		@ args = 0, pretend = 0, frame = 0
 4204              		@ frame_needed = 0, uses_anonymous_args = 0
3011:Drivers/STM32F1xx_HAL_Driver/Src/stm32f1xx_hal_spi.c ****   SPI_HandleTypeDef *hspi = (SPI_HandleTypeDef *)(((DMA_HandleTypeDef *)hdma)->Parent);
 4205              		.loc 1 3011 1 is_stmt 0 view .LVU1456
 4206 0000 08B5     		push	{r3, lr}
 4207              		.cfi_def_cfa_offset 8
 4208              		.cfi_offset 3, -8
 4209              		.cfi_offset 14, -4
3012:Drivers/STM32F1xx_HAL_Driver/Src/stm32f1xx_hal_spi.c **** 
 4210              		.loc 1 3012 3 is_stmt 1 view .LVU1457
 4211              	.LVL244:
3018:Drivers/STM32F1xx_HAL_Driver/Src/stm32f1xx_hal_spi.c **** #endif /* USE_HAL_SPI_REGISTER_CALLBACKS */
 4212              		.loc 1 3018 3 view .LVU1458
 4213 0002 406A     		ldr	r0, [r0, #36]
 4214              	.LVL245:
3018:Drivers/STM32F1xx_HAL_Driver/Src/stm32f1xx_hal_spi.c **** #endif /* USE_HAL_SPI_REGISTER_CALLBACKS */
 4215              		.loc 1 3018 3 is_stmt 0 view .LVU1459
 4216 0004 FFF7FEFF 		bl	HAL_SPI_TxRxHalfCpltCallback
 4217              	.LVL246:
3020:Drivers/STM32F1xx_HAL_Driver/Src/stm32f1xx_hal_spi.c **** 
 4218              		.loc 1 3020 1 view .LVU1460
 4219 0008 08BD     		pop	{r3, pc}
 4220              		.cfi_endproc
 4221              	.LFE99:
 4223              		.section	.text.HAL_SPI_ErrorCallback,"ax",%progbits
 4224              		.align	1
 4225              		.weak	HAL_SPI_ErrorCallback
 4226              		.syntax unified
 4227              		.thumb
 4228              		.thumb_func
ARM GAS  /tmp/cctmCgKp.s 			page 169


 4230              	HAL_SPI_ErrorCallback:
 4231              	.LVL247:
 4232              	.LFB90:
2639:Drivers/STM32F1xx_HAL_Driver/Src/stm32f1xx_hal_spi.c ****   /* Prevent unused argument(s) compilation warning */
 4233              		.loc 1 2639 1 is_stmt 1 view -0
 4234              		.cfi_startproc
 4235              		@ args = 0, pretend = 0, frame = 0
 4236              		@ frame_needed = 0, uses_anonymous_args = 0
 4237              		@ link register save eliminated.
2641:Drivers/STM32F1xx_HAL_Driver/Src/stm32f1xx_hal_spi.c **** 
 4238              		.loc 1 2641 3 view .LVU1462
2649:Drivers/STM32F1xx_HAL_Driver/Src/stm32f1xx_hal_spi.c **** 
 4239              		.loc 1 2649 1 is_stmt 0 view .LVU1463
 4240 0000 7047     		bx	lr
 4241              		.cfi_endproc
 4242              	.LFE90:
 4244              		.section	.text.SPI_CloseTx_ISR,"ax",%progbits
 4245              		.align	1
 4246              		.syntax unified
 4247              		.thumb
 4248              		.thumb_func
 4250              	SPI_CloseTx_ISR:
 4251              	.LVL248:
 4252              	.LFB117:
3877:Drivers/STM32F1xx_HAL_Driver/Src/stm32f1xx_hal_spi.c ****   uint32_t tickstart;
 4253              		.loc 1 3877 1 is_stmt 1 view -0
 4254              		.cfi_startproc
 4255              		@ args = 0, pretend = 0, frame = 8
 4256              		@ frame_needed = 0, uses_anonymous_args = 0
3877:Drivers/STM32F1xx_HAL_Driver/Src/stm32f1xx_hal_spi.c ****   uint32_t tickstart;
 4257              		.loc 1 3877 1 is_stmt 0 view .LVU1465
 4258 0000 10B5     		push	{r4, lr}
 4259              		.cfi_def_cfa_offset 8
 4260              		.cfi_offset 4, -8
 4261              		.cfi_offset 14, -4
 4262 0002 82B0     		sub	sp, sp, #8
 4263              		.cfi_def_cfa_offset 16
 4264 0004 0446     		mov	r4, r0
3878:Drivers/STM32F1xx_HAL_Driver/Src/stm32f1xx_hal_spi.c ****   __IO uint32_t count = SPI_DEFAULT_TIMEOUT * (SystemCoreClock / 24U / 1000U);
 4265              		.loc 1 3878 3 is_stmt 1 view .LVU1466
3879:Drivers/STM32F1xx_HAL_Driver/Src/stm32f1xx_hal_spi.c **** 
 4266              		.loc 1 3879 3 view .LVU1467
3879:Drivers/STM32F1xx_HAL_Driver/Src/stm32f1xx_hal_spi.c **** 
 4267              		.loc 1 3879 70 is_stmt 0 view .LVU1468
 4268 0006 204B     		ldr	r3, .L307
 4269 0008 1B68     		ldr	r3, [r3]
 4270 000a 204A     		ldr	r2, .L307+4
 4271 000c A2FB0323 		umull	r2, r3, r2, r3
 4272 0010 5B0A     		lsrs	r3, r3, #9
3879:Drivers/STM32F1xx_HAL_Driver/Src/stm32f1xx_hal_spi.c **** 
 4273              		.loc 1 3879 45 view .LVU1469
 4274 0012 6422     		movs	r2, #100
 4275 0014 02FB03F3 		mul	r3, r2, r3
3879:Drivers/STM32F1xx_HAL_Driver/Src/stm32f1xx_hal_spi.c **** 
 4276              		.loc 1 3879 17 view .LVU1470
 4277 0018 0193     		str	r3, [sp, #4]
3882:Drivers/STM32F1xx_HAL_Driver/Src/stm32f1xx_hal_spi.c **** 
ARM GAS  /tmp/cctmCgKp.s 			page 170


 4278              		.loc 1 3882 3 is_stmt 1 view .LVU1471
3882:Drivers/STM32F1xx_HAL_Driver/Src/stm32f1xx_hal_spi.c **** 
 4279              		.loc 1 3882 15 is_stmt 0 view .LVU1472
 4280 001a FFF7FEFF 		bl	HAL_GetTick
 4281              	.LVL249:
3882:Drivers/STM32F1xx_HAL_Driver/Src/stm32f1xx_hal_spi.c **** 
 4282              		.loc 1 3882 15 view .LVU1473
 4283 001e 0246     		mov	r2, r0
 4284              	.LVL250:
 4285              	.L300:
3885:Drivers/STM32F1xx_HAL_Driver/Src/stm32f1xx_hal_spi.c ****   {
 4286              		.loc 1 3885 3 is_stmt 1 view .LVU1474
3887:Drivers/STM32F1xx_HAL_Driver/Src/stm32f1xx_hal_spi.c ****     {
 4287              		.loc 1 3887 5 view .LVU1475
3887:Drivers/STM32F1xx_HAL_Driver/Src/stm32f1xx_hal_spi.c ****     {
 4288              		.loc 1 3887 15 is_stmt 0 view .LVU1476
 4289 0020 019B     		ldr	r3, [sp, #4]
3887:Drivers/STM32F1xx_HAL_Driver/Src/stm32f1xx_hal_spi.c ****     {
 4290              		.loc 1 3887 8 view .LVU1477
 4291 0022 43B1     		cbz	r3, .L306
3892:Drivers/STM32F1xx_HAL_Driver/Src/stm32f1xx_hal_spi.c ****   } while ((hspi->Instance->SR & SPI_FLAG_TXE) == RESET);
 4292              		.loc 1 3892 5 is_stmt 1 view .LVU1478
3892:Drivers/STM32F1xx_HAL_Driver/Src/stm32f1xx_hal_spi.c ****   } while ((hspi->Instance->SR & SPI_FLAG_TXE) == RESET);
 4293              		.loc 1 3892 10 is_stmt 0 view .LVU1479
 4294 0024 019B     		ldr	r3, [sp, #4]
 4295 0026 013B     		subs	r3, r3, #1
 4296 0028 0193     		str	r3, [sp, #4]
3893:Drivers/STM32F1xx_HAL_Driver/Src/stm32f1xx_hal_spi.c **** 
 4297              		.loc 1 3893 48 is_stmt 1 view .LVU1480
3893:Drivers/STM32F1xx_HAL_Driver/Src/stm32f1xx_hal_spi.c **** 
 4298              		.loc 1 3893 17 is_stmt 0 view .LVU1481
 4299 002a 2368     		ldr	r3, [r4]
3893:Drivers/STM32F1xx_HAL_Driver/Src/stm32f1xx_hal_spi.c **** 
 4300              		.loc 1 3893 27 view .LVU1482
 4301 002c 9B68     		ldr	r3, [r3, #8]
3893:Drivers/STM32F1xx_HAL_Driver/Src/stm32f1xx_hal_spi.c **** 
 4302              		.loc 1 3893 48 view .LVU1483
 4303 002e 13F0020F 		tst	r3, #2
 4304 0032 F5D0     		beq	.L300
 4305 0034 03E0     		b	.L299
 4306              	.L306:
3889:Drivers/STM32F1xx_HAL_Driver/Src/stm32f1xx_hal_spi.c ****       break;
 4307              		.loc 1 3889 7 is_stmt 1 view .LVU1484
 4308 0036 636D     		ldr	r3, [r4, #84]
 4309 0038 43F02003 		orr	r3, r3, #32
 4310 003c 6365     		str	r3, [r4, #84]
3890:Drivers/STM32F1xx_HAL_Driver/Src/stm32f1xx_hal_spi.c ****     }
 4311              		.loc 1 3890 7 view .LVU1485
 4312              	.L299:
3896:Drivers/STM32F1xx_HAL_Driver/Src/stm32f1xx_hal_spi.c **** 
 4313              		.loc 1 3896 3 view .LVU1486
 4314 003e 2168     		ldr	r1, [r4]
 4315 0040 4B68     		ldr	r3, [r1, #4]
 4316 0042 23F0A003 		bic	r3, r3, #160
 4317 0046 4B60     		str	r3, [r1, #4]
3899:Drivers/STM32F1xx_HAL_Driver/Src/stm32f1xx_hal_spi.c ****   {
 4318              		.loc 1 3899 3 view .LVU1487
ARM GAS  /tmp/cctmCgKp.s 			page 171


3899:Drivers/STM32F1xx_HAL_Driver/Src/stm32f1xx_hal_spi.c ****   {
 4319              		.loc 1 3899 7 is_stmt 0 view .LVU1488
 4320 0048 6421     		movs	r1, #100
 4321 004a 2046     		mov	r0, r4
 4322              	.LVL251:
3899:Drivers/STM32F1xx_HAL_Driver/Src/stm32f1xx_hal_spi.c ****   {
 4323              		.loc 1 3899 7 view .LVU1489
 4324 004c FFF7FEFF 		bl	SPI_EndRxTxTransaction
 4325              	.LVL252:
3899:Drivers/STM32F1xx_HAL_Driver/Src/stm32f1xx_hal_spi.c ****   {
 4326              		.loc 1 3899 6 discriminator 1 view .LVU1490
 4327 0050 18B1     		cbz	r0, .L301
3901:Drivers/STM32F1xx_HAL_Driver/Src/stm32f1xx_hal_spi.c ****   }
 4328              		.loc 1 3901 5 is_stmt 1 view .LVU1491
 4329 0052 636D     		ldr	r3, [r4, #84]
 4330 0054 43F02003 		orr	r3, r3, #32
 4331 0058 6365     		str	r3, [r4, #84]
 4332              	.L301:
3905:Drivers/STM32F1xx_HAL_Driver/Src/stm32f1xx_hal_spi.c ****   {
 4333              		.loc 1 3905 3 view .LVU1492
3905:Drivers/STM32F1xx_HAL_Driver/Src/stm32f1xx_hal_spi.c ****   {
 4334              		.loc 1 3905 17 is_stmt 0 view .LVU1493
 4335 005a A368     		ldr	r3, [r4, #8]
3905:Drivers/STM32F1xx_HAL_Driver/Src/stm32f1xx_hal_spi.c ****   {
 4336              		.loc 1 3905 6 view .LVU1494
 4337 005c 33B9     		cbnz	r3, .L302
3907:Drivers/STM32F1xx_HAL_Driver/Src/stm32f1xx_hal_spi.c ****   }
 4338              		.loc 1 3907 5 is_stmt 1 view .LVU1495
 4339              	.LBB5:
3907:Drivers/STM32F1xx_HAL_Driver/Src/stm32f1xx_hal_spi.c ****   }
 4340              		.loc 1 3907 5 view .LVU1496
 4341 005e 0093     		str	r3, [sp]
3907:Drivers/STM32F1xx_HAL_Driver/Src/stm32f1xx_hal_spi.c ****   }
 4342              		.loc 1 3907 5 view .LVU1497
 4343 0060 2368     		ldr	r3, [r4]
 4344 0062 DA68     		ldr	r2, [r3, #12]
 4345 0064 0092     		str	r2, [sp]
3907:Drivers/STM32F1xx_HAL_Driver/Src/stm32f1xx_hal_spi.c ****   }
 4346              		.loc 1 3907 5 view .LVU1498
 4347 0066 9B68     		ldr	r3, [r3, #8]
 4348 0068 0093     		str	r3, [sp]
3907:Drivers/STM32F1xx_HAL_Driver/Src/stm32f1xx_hal_spi.c ****   }
 4349              		.loc 1 3907 5 view .LVU1499
 4350 006a 009B     		ldr	r3, [sp]
 4351              	.L302:
 4352              	.LBE5:
3907:Drivers/STM32F1xx_HAL_Driver/Src/stm32f1xx_hal_spi.c ****   }
 4353              		.loc 1 3907 5 discriminator 1 view .LVU1500
3910:Drivers/STM32F1xx_HAL_Driver/Src/stm32f1xx_hal_spi.c ****   if (hspi->ErrorCode != HAL_SPI_ERROR_NONE)
 4354              		.loc 1 3910 3 view .LVU1501
3910:Drivers/STM32F1xx_HAL_Driver/Src/stm32f1xx_hal_spi.c ****   if (hspi->ErrorCode != HAL_SPI_ERROR_NONE)
 4355              		.loc 1 3910 15 is_stmt 0 view .LVU1502
 4356 006c 0123     		movs	r3, #1
 4357 006e 84F85130 		strb	r3, [r4, #81]
3911:Drivers/STM32F1xx_HAL_Driver/Src/stm32f1xx_hal_spi.c ****   {
 4358              		.loc 1 3911 3 is_stmt 1 view .LVU1503
3911:Drivers/STM32F1xx_HAL_Driver/Src/stm32f1xx_hal_spi.c ****   {
ARM GAS  /tmp/cctmCgKp.s 			page 172


 4359              		.loc 1 3911 11 is_stmt 0 view .LVU1504
 4360 0072 636D     		ldr	r3, [r4, #84]
3911:Drivers/STM32F1xx_HAL_Driver/Src/stm32f1xx_hal_spi.c ****   {
 4361              		.loc 1 3911 6 view .LVU1505
 4362 0074 23B1     		cbz	r3, .L303
3917:Drivers/STM32F1xx_HAL_Driver/Src/stm32f1xx_hal_spi.c **** #endif /* USE_HAL_SPI_REGISTER_CALLBACKS */
 4363              		.loc 1 3917 5 is_stmt 1 view .LVU1506
 4364 0076 2046     		mov	r0, r4
 4365 0078 FFF7FEFF 		bl	HAL_SPI_ErrorCallback
 4366              	.LVL253:
 4367              	.L297:
3929:Drivers/STM32F1xx_HAL_Driver/Src/stm32f1xx_hal_spi.c **** 
 4368              		.loc 1 3929 1 is_stmt 0 view .LVU1507
 4369 007c 02B0     		add	sp, sp, #8
 4370              		.cfi_remember_state
 4371              		.cfi_def_cfa_offset 8
 4372              		@ sp needed
 4373 007e 10BD     		pop	{r4, pc}
 4374              	.LVL254:
 4375              	.L303:
 4376              		.cfi_restore_state
3926:Drivers/STM32F1xx_HAL_Driver/Src/stm32f1xx_hal_spi.c **** #endif /* USE_HAL_SPI_REGISTER_CALLBACKS */
 4377              		.loc 1 3926 5 is_stmt 1 view .LVU1508
 4378 0080 2046     		mov	r0, r4
 4379 0082 FFF7FEFF 		bl	HAL_SPI_TxCpltCallback
 4380              	.LVL255:
3929:Drivers/STM32F1xx_HAL_Driver/Src/stm32f1xx_hal_spi.c **** 
 4381              		.loc 1 3929 1 is_stmt 0 view .LVU1509
 4382 0086 F9E7     		b	.L297
 4383              	.L308:
 4384              		.align	2
 4385              	.L307:
 4386 0088 00000000 		.word	SystemCoreClock
 4387 008c F1197605 		.word	91625969
 4388              		.cfi_endproc
 4389              	.LFE117:
 4391              		.section	.text.SPI_TxISR_8BIT,"ax",%progbits
 4392              		.align	1
 4393              		.syntax unified
 4394              		.thumb
 4395              		.thumb_func
 4397              	SPI_TxISR_8BIT:
 4398              	.LVL256:
 4399              	.LFB110:
3514:Drivers/STM32F1xx_HAL_Driver/Src/stm32f1xx_hal_spi.c ****   *(__IO uint8_t *)&hspi->Instance->DR = *((const uint8_t *)hspi->pTxBuffPtr);
 4400              		.loc 1 3514 1 is_stmt 1 view -0
 4401              		.cfi_startproc
 4402              		@ args = 0, pretend = 0, frame = 0
 4403              		@ frame_needed = 0, uses_anonymous_args = 0
3514:Drivers/STM32F1xx_HAL_Driver/Src/stm32f1xx_hal_spi.c ****   *(__IO uint8_t *)&hspi->Instance->DR = *((const uint8_t *)hspi->pTxBuffPtr);
 4404              		.loc 1 3514 1 is_stmt 0 view .LVU1511
 4405 0000 08B5     		push	{r3, lr}
 4406              		.cfi_def_cfa_offset 8
 4407              		.cfi_offset 3, -8
 4408              		.cfi_offset 14, -4
3515:Drivers/STM32F1xx_HAL_Driver/Src/stm32f1xx_hal_spi.c ****   hspi->pTxBuffPtr++;
 4409              		.loc 1 3515 3 is_stmt 1 view .LVU1512
ARM GAS  /tmp/cctmCgKp.s 			page 173


3515:Drivers/STM32F1xx_HAL_Driver/Src/stm32f1xx_hal_spi.c ****   hspi->pTxBuffPtr++;
 4410              		.loc 1 3515 65 is_stmt 0 view .LVU1513
 4411 0002 026B     		ldr	r2, [r0, #48]
3515:Drivers/STM32F1xx_HAL_Driver/Src/stm32f1xx_hal_spi.c ****   hspi->pTxBuffPtr++;
 4412              		.loc 1 3515 25 view .LVU1514
 4413 0004 0368     		ldr	r3, [r0]
3515:Drivers/STM32F1xx_HAL_Driver/Src/stm32f1xx_hal_spi.c ****   hspi->pTxBuffPtr++;
 4414              		.loc 1 3515 42 view .LVU1515
 4415 0006 1278     		ldrb	r2, [r2]	@ zero_extendqisi2
3515:Drivers/STM32F1xx_HAL_Driver/Src/stm32f1xx_hal_spi.c ****   hspi->pTxBuffPtr++;
 4416              		.loc 1 3515 40 view .LVU1516
 4417 0008 1A73     		strb	r2, [r3, #12]
3516:Drivers/STM32F1xx_HAL_Driver/Src/stm32f1xx_hal_spi.c ****   hspi->TxXferCount--;
 4418              		.loc 1 3516 3 is_stmt 1 view .LVU1517
3516:Drivers/STM32F1xx_HAL_Driver/Src/stm32f1xx_hal_spi.c ****   hspi->TxXferCount--;
 4419              		.loc 1 3516 7 is_stmt 0 view .LVU1518
 4420 000a 036B     		ldr	r3, [r0, #48]
3516:Drivers/STM32F1xx_HAL_Driver/Src/stm32f1xx_hal_spi.c ****   hspi->TxXferCount--;
 4421              		.loc 1 3516 19 view .LVU1519
 4422 000c 0133     		adds	r3, r3, #1
 4423 000e 0363     		str	r3, [r0, #48]
3517:Drivers/STM32F1xx_HAL_Driver/Src/stm32f1xx_hal_spi.c **** 
 4424              		.loc 1 3517 3 is_stmt 1 view .LVU1520
3517:Drivers/STM32F1xx_HAL_Driver/Src/stm32f1xx_hal_spi.c **** 
 4425              		.loc 1 3517 7 is_stmt 0 view .LVU1521
 4426 0010 C38E     		ldrh	r3, [r0, #54]
 4427 0012 9BB2     		uxth	r3, r3
3517:Drivers/STM32F1xx_HAL_Driver/Src/stm32f1xx_hal_spi.c **** 
 4428              		.loc 1 3517 20 view .LVU1522
 4429 0014 013B     		subs	r3, r3, #1
 4430 0016 9BB2     		uxth	r3, r3
 4431 0018 C386     		strh	r3, [r0, #54]	@ movhi
3519:Drivers/STM32F1xx_HAL_Driver/Src/stm32f1xx_hal_spi.c ****   {
 4432              		.loc 1 3519 3 is_stmt 1 view .LVU1523
3519:Drivers/STM32F1xx_HAL_Driver/Src/stm32f1xx_hal_spi.c ****   {
 4433              		.loc 1 3519 11 is_stmt 0 view .LVU1524
 4434 001a C38E     		ldrh	r3, [r0, #54]
 4435 001c 9BB2     		uxth	r3, r3
3519:Drivers/STM32F1xx_HAL_Driver/Src/stm32f1xx_hal_spi.c ****   {
 4436              		.loc 1 3519 6 view .LVU1525
 4437 001e 03B1     		cbz	r3, .L312
 4438              	.LVL257:
 4439              	.L309:
3530:Drivers/STM32F1xx_HAL_Driver/Src/stm32f1xx_hal_spi.c **** 
 4440              		.loc 1 3530 1 view .LVU1526
 4441 0020 08BD     		pop	{r3, pc}
 4442              	.LVL258:
 4443              	.L312:
3528:Drivers/STM32F1xx_HAL_Driver/Src/stm32f1xx_hal_spi.c ****   }
 4444              		.loc 1 3528 5 is_stmt 1 view .LVU1527
 4445 0022 FFF7FEFF 		bl	SPI_CloseTx_ISR
 4446              	.LVL259:
3530:Drivers/STM32F1xx_HAL_Driver/Src/stm32f1xx_hal_spi.c **** 
 4447              		.loc 1 3530 1 is_stmt 0 view .LVU1528
 4448 0026 FBE7     		b	.L309
 4449              		.cfi_endproc
 4450              	.LFE110:
ARM GAS  /tmp/cctmCgKp.s 			page 174


 4452              		.section	.text.SPI_TxISR_16BIT,"ax",%progbits
 4453              		.align	1
 4454              		.syntax unified
 4455              		.thumb
 4456              		.thumb_func
 4458              	SPI_TxISR_16BIT:
 4459              	.LVL260:
 4460              	.LFB111:
3539:Drivers/STM32F1xx_HAL_Driver/Src/stm32f1xx_hal_spi.c ****   /* Transmit data in 16 Bit mode */
 4461              		.loc 1 3539 1 is_stmt 1 view -0
 4462              		.cfi_startproc
 4463              		@ args = 0, pretend = 0, frame = 0
 4464              		@ frame_needed = 0, uses_anonymous_args = 0
3539:Drivers/STM32F1xx_HAL_Driver/Src/stm32f1xx_hal_spi.c ****   /* Transmit data in 16 Bit mode */
 4465              		.loc 1 3539 1 is_stmt 0 view .LVU1530
 4466 0000 08B5     		push	{r3, lr}
 4467              		.cfi_def_cfa_offset 8
 4468              		.cfi_offset 3, -8
 4469              		.cfi_offset 14, -4
3541:Drivers/STM32F1xx_HAL_Driver/Src/stm32f1xx_hal_spi.c ****   hspi->pTxBuffPtr += sizeof(uint16_t);
 4470              		.loc 1 3541 3 is_stmt 1 view .LVU1531
3541:Drivers/STM32F1xx_HAL_Driver/Src/stm32f1xx_hal_spi.c ****   hspi->pTxBuffPtr += sizeof(uint16_t);
 4471              		.loc 1 3541 48 is_stmt 0 view .LVU1532
 4472 0002 026B     		ldr	r2, [r0, #48]
3541:Drivers/STM32F1xx_HAL_Driver/Src/stm32f1xx_hal_spi.c ****   hspi->pTxBuffPtr += sizeof(uint16_t);
 4473              		.loc 1 3541 7 view .LVU1533
 4474 0004 0368     		ldr	r3, [r0]
3541:Drivers/STM32F1xx_HAL_Driver/Src/stm32f1xx_hal_spi.c ****   hspi->pTxBuffPtr += sizeof(uint16_t);
 4475              		.loc 1 3541 24 view .LVU1534
 4476 0006 1288     		ldrh	r2, [r2]
3541:Drivers/STM32F1xx_HAL_Driver/Src/stm32f1xx_hal_spi.c ****   hspi->pTxBuffPtr += sizeof(uint16_t);
 4477              		.loc 1 3541 22 view .LVU1535
 4478 0008 DA60     		str	r2, [r3, #12]
3542:Drivers/STM32F1xx_HAL_Driver/Src/stm32f1xx_hal_spi.c ****   hspi->TxXferCount--;
 4479              		.loc 1 3542 3 is_stmt 1 view .LVU1536
3542:Drivers/STM32F1xx_HAL_Driver/Src/stm32f1xx_hal_spi.c ****   hspi->TxXferCount--;
 4480              		.loc 1 3542 7 is_stmt 0 view .LVU1537
 4481 000a 036B     		ldr	r3, [r0, #48]
3542:Drivers/STM32F1xx_HAL_Driver/Src/stm32f1xx_hal_spi.c ****   hspi->TxXferCount--;
 4482              		.loc 1 3542 20 view .LVU1538
 4483 000c 0233     		adds	r3, r3, #2
 4484 000e 0363     		str	r3, [r0, #48]
3543:Drivers/STM32F1xx_HAL_Driver/Src/stm32f1xx_hal_spi.c **** 
 4485              		.loc 1 3543 3 is_stmt 1 view .LVU1539
3543:Drivers/STM32F1xx_HAL_Driver/Src/stm32f1xx_hal_spi.c **** 
 4486              		.loc 1 3543 7 is_stmt 0 view .LVU1540
 4487 0010 C38E     		ldrh	r3, [r0, #54]
 4488 0012 9BB2     		uxth	r3, r3
3543:Drivers/STM32F1xx_HAL_Driver/Src/stm32f1xx_hal_spi.c **** 
 4489              		.loc 1 3543 20 view .LVU1541
 4490 0014 013B     		subs	r3, r3, #1
 4491 0016 9BB2     		uxth	r3, r3
 4492 0018 C386     		strh	r3, [r0, #54]	@ movhi
3545:Drivers/STM32F1xx_HAL_Driver/Src/stm32f1xx_hal_spi.c ****   {
 4493              		.loc 1 3545 3 is_stmt 1 view .LVU1542
3545:Drivers/STM32F1xx_HAL_Driver/Src/stm32f1xx_hal_spi.c ****   {
 4494              		.loc 1 3545 11 is_stmt 0 view .LVU1543
ARM GAS  /tmp/cctmCgKp.s 			page 175


 4495 001a C38E     		ldrh	r3, [r0, #54]
 4496 001c 9BB2     		uxth	r3, r3
3545:Drivers/STM32F1xx_HAL_Driver/Src/stm32f1xx_hal_spi.c ****   {
 4497              		.loc 1 3545 6 view .LVU1544
 4498 001e 03B1     		cbz	r3, .L316
 4499              	.LVL261:
 4500              	.L313:
3556:Drivers/STM32F1xx_HAL_Driver/Src/stm32f1xx_hal_spi.c **** 
 4501              		.loc 1 3556 1 view .LVU1545
 4502 0020 08BD     		pop	{r3, pc}
 4503              	.LVL262:
 4504              	.L316:
3554:Drivers/STM32F1xx_HAL_Driver/Src/stm32f1xx_hal_spi.c ****   }
 4505              		.loc 1 3554 5 is_stmt 1 view .LVU1546
 4506 0022 FFF7FEFF 		bl	SPI_CloseTx_ISR
 4507              	.LVL263:
3556:Drivers/STM32F1xx_HAL_Driver/Src/stm32f1xx_hal_spi.c **** 
 4508              		.loc 1 3556 1 is_stmt 0 view .LVU1547
 4509 0026 FBE7     		b	.L313
 4510              		.cfi_endproc
 4511              	.LFE111:
 4513              		.section	.text.SPI_CloseRx_ISR,"ax",%progbits
 4514              		.align	1
 4515              		.syntax unified
 4516              		.thumb
 4517              		.thumb_func
 4519              	SPI_CloseRx_ISR:
 4520              	.LVL264:
 4521              	.LFB116:
3803:Drivers/STM32F1xx_HAL_Driver/Src/stm32f1xx_hal_spi.c ****   /* Disable RXNE and ERR interrupt */
 4522              		.loc 1 3803 1 is_stmt 1 view -0
 4523              		.cfi_startproc
 4524              		@ args = 0, pretend = 0, frame = 8
 4525              		@ frame_needed = 0, uses_anonymous_args = 0
3803:Drivers/STM32F1xx_HAL_Driver/Src/stm32f1xx_hal_spi.c ****   /* Disable RXNE and ERR interrupt */
 4526              		.loc 1 3803 1 is_stmt 0 view .LVU1549
 4527 0000 10B5     		push	{r4, lr}
 4528              		.cfi_def_cfa_offset 8
 4529              		.cfi_offset 4, -8
 4530              		.cfi_offset 14, -4
 4531 0002 82B0     		sub	sp, sp, #8
 4532              		.cfi_def_cfa_offset 16
 4533 0004 0446     		mov	r4, r0
3805:Drivers/STM32F1xx_HAL_Driver/Src/stm32f1xx_hal_spi.c **** 
 4534              		.loc 1 3805 3 is_stmt 1 view .LVU1550
 4535 0006 0268     		ldr	r2, [r0]
 4536 0008 5368     		ldr	r3, [r2, #4]
 4537 000a 23F06003 		bic	r3, r3, #96
 4538 000e 5360     		str	r3, [r2, #4]
3808:Drivers/STM32F1xx_HAL_Driver/Src/stm32f1xx_hal_spi.c ****   {
 4539              		.loc 1 3808 3 view .LVU1551
3808:Drivers/STM32F1xx_HAL_Driver/Src/stm32f1xx_hal_spi.c ****   {
 4540              		.loc 1 3808 7 is_stmt 0 view .LVU1552
 4541 0010 FFF7FEFF 		bl	HAL_GetTick
 4542              	.LVL265:
3808:Drivers/STM32F1xx_HAL_Driver/Src/stm32f1xx_hal_spi.c ****   {
 4543              		.loc 1 3808 7 view .LVU1553
ARM GAS  /tmp/cctmCgKp.s 			page 176


 4544 0014 0246     		mov	r2, r0
3808:Drivers/STM32F1xx_HAL_Driver/Src/stm32f1xx_hal_spi.c ****   {
 4545              		.loc 1 3808 7 discriminator 1 view .LVU1554
 4546 0016 6421     		movs	r1, #100
 4547 0018 2046     		mov	r0, r4
 4548 001a FFF7FEFF 		bl	SPI_EndRxTransaction
 4549              	.LVL266:
3808:Drivers/STM32F1xx_HAL_Driver/Src/stm32f1xx_hal_spi.c ****   {
 4550              		.loc 1 3808 6 discriminator 2 view .LVU1555
 4551 001e 18B1     		cbz	r0, .L318
3810:Drivers/STM32F1xx_HAL_Driver/Src/stm32f1xx_hal_spi.c ****   }
 4552              		.loc 1 3810 5 is_stmt 1 view .LVU1556
 4553 0020 636D     		ldr	r3, [r4, #84]
 4554 0022 43F02003 		orr	r3, r3, #32
 4555 0026 6365     		str	r3, [r4, #84]
 4556              	.L318:
3814:Drivers/STM32F1xx_HAL_Driver/Src/stm32f1xx_hal_spi.c ****   {
 4557              		.loc 1 3814 3 view .LVU1557
3814:Drivers/STM32F1xx_HAL_Driver/Src/stm32f1xx_hal_spi.c ****   {
 4558              		.loc 1 3814 17 is_stmt 0 view .LVU1558
 4559 0028 A368     		ldr	r3, [r4, #8]
3814:Drivers/STM32F1xx_HAL_Driver/Src/stm32f1xx_hal_spi.c ****   {
 4560              		.loc 1 3814 6 view .LVU1559
 4561 002a 33B9     		cbnz	r3, .L319
3816:Drivers/STM32F1xx_HAL_Driver/Src/stm32f1xx_hal_spi.c ****   }
 4562              		.loc 1 3816 5 is_stmt 1 view .LVU1560
 4563              	.LBB6:
3816:Drivers/STM32F1xx_HAL_Driver/Src/stm32f1xx_hal_spi.c ****   }
 4564              		.loc 1 3816 5 view .LVU1561
 4565 002c 0193     		str	r3, [sp, #4]
3816:Drivers/STM32F1xx_HAL_Driver/Src/stm32f1xx_hal_spi.c ****   }
 4566              		.loc 1 3816 5 view .LVU1562
 4567 002e 2368     		ldr	r3, [r4]
 4568 0030 DA68     		ldr	r2, [r3, #12]
 4569 0032 0192     		str	r2, [sp, #4]
3816:Drivers/STM32F1xx_HAL_Driver/Src/stm32f1xx_hal_spi.c ****   }
 4570              		.loc 1 3816 5 view .LVU1563
 4571 0034 9B68     		ldr	r3, [r3, #8]
 4572 0036 0193     		str	r3, [sp, #4]
3816:Drivers/STM32F1xx_HAL_Driver/Src/stm32f1xx_hal_spi.c ****   }
 4573              		.loc 1 3816 5 view .LVU1564
 4574 0038 019B     		ldr	r3, [sp, #4]
 4575              	.L319:
 4576              	.LBE6:
3816:Drivers/STM32F1xx_HAL_Driver/Src/stm32f1xx_hal_spi.c ****   }
 4577              		.loc 1 3816 5 discriminator 1 view .LVU1565
3818:Drivers/STM32F1xx_HAL_Driver/Src/stm32f1xx_hal_spi.c **** 
 4578              		.loc 1 3818 3 view .LVU1566
3818:Drivers/STM32F1xx_HAL_Driver/Src/stm32f1xx_hal_spi.c **** 
 4579              		.loc 1 3818 15 is_stmt 0 view .LVU1567
 4580 003a 0123     		movs	r3, #1
 4581 003c 84F85130 		strb	r3, [r4, #81]
3847:Drivers/STM32F1xx_HAL_Driver/Src/stm32f1xx_hal_spi.c ****     {
 4582              		.loc 1 3847 5 is_stmt 1 view .LVU1568
3847:Drivers/STM32F1xx_HAL_Driver/Src/stm32f1xx_hal_spi.c ****     {
 4583              		.loc 1 3847 13 is_stmt 0 view .LVU1569
 4584 0040 636D     		ldr	r3, [r4, #84]
ARM GAS  /tmp/cctmCgKp.s 			page 177


3847:Drivers/STM32F1xx_HAL_Driver/Src/stm32f1xx_hal_spi.c ****     {
 4585              		.loc 1 3847 8 view .LVU1570
 4586 0042 23B9     		cbnz	r3, .L320
3853:Drivers/STM32F1xx_HAL_Driver/Src/stm32f1xx_hal_spi.c **** #endif /* USE_HAL_SPI_REGISTER_CALLBACKS */
 4587              		.loc 1 3853 7 is_stmt 1 view .LVU1571
 4588 0044 2046     		mov	r0, r4
 4589 0046 FFF7FEFF 		bl	HAL_SPI_RxCpltCallback
 4590              	.LVL267:
 4591              	.L317:
3868:Drivers/STM32F1xx_HAL_Driver/Src/stm32f1xx_hal_spi.c **** 
 4592              		.loc 1 3868 1 is_stmt 0 view .LVU1572
 4593 004a 02B0     		add	sp, sp, #8
 4594              		.cfi_remember_state
 4595              		.cfi_def_cfa_offset 8
 4596              		@ sp needed
 4597 004c 10BD     		pop	{r4, pc}
 4598              	.LVL268:
 4599              	.L320:
 4600              		.cfi_restore_state
3862:Drivers/STM32F1xx_HAL_Driver/Src/stm32f1xx_hal_spi.c **** #endif /* USE_HAL_SPI_REGISTER_CALLBACKS */
 4601              		.loc 1 3862 7 is_stmt 1 view .LVU1573
 4602 004e 2046     		mov	r0, r4
 4603 0050 FFF7FEFF 		bl	HAL_SPI_ErrorCallback
 4604              	.LVL269:
3868:Drivers/STM32F1xx_HAL_Driver/Src/stm32f1xx_hal_spi.c **** 
 4605              		.loc 1 3868 1 is_stmt 0 view .LVU1574
 4606 0054 F9E7     		b	.L317
 4607              		.cfi_endproc
 4608              	.LFE116:
 4610              		.section	.text.SPI_RxISR_8BIT,"ax",%progbits
 4611              		.align	1
 4612              		.syntax unified
 4613              		.thumb
 4614              		.thumb_func
 4616              	SPI_RxISR_8BIT:
 4617              	.LVL270:
 4618              	.LFB108:
3411:Drivers/STM32F1xx_HAL_Driver/Src/stm32f1xx_hal_spi.c ****   *hspi->pRxBuffPtr = (*(__IO uint8_t *)&hspi->Instance->DR);
 4619              		.loc 1 3411 1 is_stmt 1 view -0
 4620              		.cfi_startproc
 4621              		@ args = 0, pretend = 0, frame = 0
 4622              		@ frame_needed = 0, uses_anonymous_args = 0
3411:Drivers/STM32F1xx_HAL_Driver/Src/stm32f1xx_hal_spi.c ****   *hspi->pRxBuffPtr = (*(__IO uint8_t *)&hspi->Instance->DR);
 4623              		.loc 1 3411 1 is_stmt 0 view .LVU1576
 4624 0000 08B5     		push	{r3, lr}
 4625              		.cfi_def_cfa_offset 8
 4626              		.cfi_offset 3, -8
 4627              		.cfi_offset 14, -4
3412:Drivers/STM32F1xx_HAL_Driver/Src/stm32f1xx_hal_spi.c ****   hspi->pRxBuffPtr++;
 4628              		.loc 1 3412 3 is_stmt 1 view .LVU1577
3412:Drivers/STM32F1xx_HAL_Driver/Src/stm32f1xx_hal_spi.c ****   hspi->pRxBuffPtr++;
 4629              		.loc 1 3412 46 is_stmt 0 view .LVU1578
 4630 0002 0268     		ldr	r2, [r0]
3412:Drivers/STM32F1xx_HAL_Driver/Src/stm32f1xx_hal_spi.c ****   hspi->pRxBuffPtr++;
 4631              		.loc 1 3412 8 view .LVU1579
 4632 0004 836B     		ldr	r3, [r0, #56]
3412:Drivers/STM32F1xx_HAL_Driver/Src/stm32f1xx_hal_spi.c ****   hspi->pRxBuffPtr++;
ARM GAS  /tmp/cctmCgKp.s 			page 178


 4633              		.loc 1 3412 24 view .LVU1580
 4634 0006 127B     		ldrb	r2, [r2, #12]	@ zero_extendqisi2
3412:Drivers/STM32F1xx_HAL_Driver/Src/stm32f1xx_hal_spi.c ****   hspi->pRxBuffPtr++;
 4635              		.loc 1 3412 21 view .LVU1581
 4636 0008 1A70     		strb	r2, [r3]
3413:Drivers/STM32F1xx_HAL_Driver/Src/stm32f1xx_hal_spi.c ****   hspi->RxXferCount--;
 4637              		.loc 1 3413 3 is_stmt 1 view .LVU1582
3413:Drivers/STM32F1xx_HAL_Driver/Src/stm32f1xx_hal_spi.c ****   hspi->RxXferCount--;
 4638              		.loc 1 3413 7 is_stmt 0 view .LVU1583
 4639 000a 836B     		ldr	r3, [r0, #56]
3413:Drivers/STM32F1xx_HAL_Driver/Src/stm32f1xx_hal_spi.c ****   hspi->RxXferCount--;
 4640              		.loc 1 3413 19 view .LVU1584
 4641 000c 0133     		adds	r3, r3, #1
 4642 000e 8363     		str	r3, [r0, #56]
3414:Drivers/STM32F1xx_HAL_Driver/Src/stm32f1xx_hal_spi.c **** 
 4643              		.loc 1 3414 3 is_stmt 1 view .LVU1585
3414:Drivers/STM32F1xx_HAL_Driver/Src/stm32f1xx_hal_spi.c **** 
 4644              		.loc 1 3414 7 is_stmt 0 view .LVU1586
 4645 0010 C38F     		ldrh	r3, [r0, #62]
 4646 0012 9BB2     		uxth	r3, r3
3414:Drivers/STM32F1xx_HAL_Driver/Src/stm32f1xx_hal_spi.c **** 
 4647              		.loc 1 3414 20 view .LVU1587
 4648 0014 013B     		subs	r3, r3, #1
 4649 0016 9BB2     		uxth	r3, r3
 4650 0018 C387     		strh	r3, [r0, #62]	@ movhi
3431:Drivers/STM32F1xx_HAL_Driver/Src/stm32f1xx_hal_spi.c ****   {
 4651              		.loc 1 3431 3 is_stmt 1 view .LVU1588
3431:Drivers/STM32F1xx_HAL_Driver/Src/stm32f1xx_hal_spi.c ****   {
 4652              		.loc 1 3431 11 is_stmt 0 view .LVU1589
 4653 001a C38F     		ldrh	r3, [r0, #62]
 4654 001c 9BB2     		uxth	r3, r3
3431:Drivers/STM32F1xx_HAL_Driver/Src/stm32f1xx_hal_spi.c ****   {
 4655              		.loc 1 3431 6 view .LVU1590
 4656 001e 03B1     		cbz	r3, .L326
 4657              	.LVL271:
 4658              	.L323:
3442:Drivers/STM32F1xx_HAL_Driver/Src/stm32f1xx_hal_spi.c **** 
 4659              		.loc 1 3442 1 view .LVU1591
 4660 0020 08BD     		pop	{r3, pc}
 4661              	.LVL272:
 4662              	.L326:
3440:Drivers/STM32F1xx_HAL_Driver/Src/stm32f1xx_hal_spi.c ****   }
 4663              		.loc 1 3440 5 is_stmt 1 view .LVU1592
 4664 0022 FFF7FEFF 		bl	SPI_CloseRx_ISR
 4665              	.LVL273:
3442:Drivers/STM32F1xx_HAL_Driver/Src/stm32f1xx_hal_spi.c **** 
 4666              		.loc 1 3442 1 is_stmt 0 view .LVU1593
 4667 0026 FBE7     		b	.L323
 4668              		.cfi_endproc
 4669              	.LFE108:
 4671              		.section	.text.SPI_RxISR_16BIT,"ax",%progbits
 4672              		.align	1
 4673              		.syntax unified
 4674              		.thumb
 4675              		.thumb_func
 4677              	SPI_RxISR_16BIT:
 4678              	.LVL274:
ARM GAS  /tmp/cctmCgKp.s 			page 179


 4679              	.LFB109:
3474:Drivers/STM32F1xx_HAL_Driver/Src/stm32f1xx_hal_spi.c ****   *((uint16_t *)hspi->pRxBuffPtr) = (uint16_t)(hspi->Instance->DR);
 4680              		.loc 1 3474 1 is_stmt 1 view -0
 4681              		.cfi_startproc
 4682              		@ args = 0, pretend = 0, frame = 0
 4683              		@ frame_needed = 0, uses_anonymous_args = 0
3474:Drivers/STM32F1xx_HAL_Driver/Src/stm32f1xx_hal_spi.c ****   *((uint16_t *)hspi->pRxBuffPtr) = (uint16_t)(hspi->Instance->DR);
 4684              		.loc 1 3474 1 is_stmt 0 view .LVU1595
 4685 0000 08B5     		push	{r3, lr}
 4686              		.cfi_def_cfa_offset 8
 4687              		.cfi_offset 3, -8
 4688              		.cfi_offset 14, -4
3475:Drivers/STM32F1xx_HAL_Driver/Src/stm32f1xx_hal_spi.c ****   hspi->pRxBuffPtr += sizeof(uint16_t);
 4689              		.loc 1 3475 3 is_stmt 1 view .LVU1596
3475:Drivers/STM32F1xx_HAL_Driver/Src/stm32f1xx_hal_spi.c ****   hspi->pRxBuffPtr += sizeof(uint16_t);
 4690              		.loc 1 3475 52 is_stmt 0 view .LVU1597
 4691 0002 0368     		ldr	r3, [r0]
3475:Drivers/STM32F1xx_HAL_Driver/Src/stm32f1xx_hal_spi.c ****   hspi->pRxBuffPtr += sizeof(uint16_t);
 4692              		.loc 1 3475 62 view .LVU1598
 4693 0004 DA68     		ldr	r2, [r3, #12]
3475:Drivers/STM32F1xx_HAL_Driver/Src/stm32f1xx_hal_spi.c ****   hspi->pRxBuffPtr += sizeof(uint16_t);
 4694              		.loc 1 3475 21 view .LVU1599
 4695 0006 836B     		ldr	r3, [r0, #56]
3475:Drivers/STM32F1xx_HAL_Driver/Src/stm32f1xx_hal_spi.c ****   hspi->pRxBuffPtr += sizeof(uint16_t);
 4696              		.loc 1 3475 35 view .LVU1600
 4697 0008 1A80     		strh	r2, [r3]	@ movhi
3476:Drivers/STM32F1xx_HAL_Driver/Src/stm32f1xx_hal_spi.c ****   hspi->RxXferCount--;
 4698              		.loc 1 3476 3 is_stmt 1 view .LVU1601
3476:Drivers/STM32F1xx_HAL_Driver/Src/stm32f1xx_hal_spi.c ****   hspi->RxXferCount--;
 4699              		.loc 1 3476 7 is_stmt 0 view .LVU1602
 4700 000a 836B     		ldr	r3, [r0, #56]
3476:Drivers/STM32F1xx_HAL_Driver/Src/stm32f1xx_hal_spi.c ****   hspi->RxXferCount--;
 4701              		.loc 1 3476 20 view .LVU1603
 4702 000c 0233     		adds	r3, r3, #2
 4703 000e 8363     		str	r3, [r0, #56]
3477:Drivers/STM32F1xx_HAL_Driver/Src/stm32f1xx_hal_spi.c **** 
 4704              		.loc 1 3477 3 is_stmt 1 view .LVU1604
3477:Drivers/STM32F1xx_HAL_Driver/Src/stm32f1xx_hal_spi.c **** 
 4705              		.loc 1 3477 7 is_stmt 0 view .LVU1605
 4706 0010 C38F     		ldrh	r3, [r0, #62]
 4707 0012 9BB2     		uxth	r3, r3
3477:Drivers/STM32F1xx_HAL_Driver/Src/stm32f1xx_hal_spi.c **** 
 4708              		.loc 1 3477 20 view .LVU1606
 4709 0014 013B     		subs	r3, r3, #1
 4710 0016 9BB2     		uxth	r3, r3
 4711 0018 C387     		strh	r3, [r0, #62]	@ movhi
3494:Drivers/STM32F1xx_HAL_Driver/Src/stm32f1xx_hal_spi.c ****   {
 4712              		.loc 1 3494 3 is_stmt 1 view .LVU1607
3494:Drivers/STM32F1xx_HAL_Driver/Src/stm32f1xx_hal_spi.c ****   {
 4713              		.loc 1 3494 11 is_stmt 0 view .LVU1608
 4714 001a C38F     		ldrh	r3, [r0, #62]
 4715 001c 9BB2     		uxth	r3, r3
3494:Drivers/STM32F1xx_HAL_Driver/Src/stm32f1xx_hal_spi.c ****   {
 4716              		.loc 1 3494 6 view .LVU1609
 4717 001e 03B1     		cbz	r3, .L330
 4718              	.LVL275:
 4719              	.L327:
ARM GAS  /tmp/cctmCgKp.s 			page 180


3505:Drivers/STM32F1xx_HAL_Driver/Src/stm32f1xx_hal_spi.c **** 
 4720              		.loc 1 3505 1 view .LVU1610
 4721 0020 08BD     		pop	{r3, pc}
 4722              	.LVL276:
 4723              	.L330:
3503:Drivers/STM32F1xx_HAL_Driver/Src/stm32f1xx_hal_spi.c ****   }
 4724              		.loc 1 3503 5 is_stmt 1 view .LVU1611
 4725 0022 FFF7FEFF 		bl	SPI_CloseRx_ISR
 4726              	.LVL277:
3505:Drivers/STM32F1xx_HAL_Driver/Src/stm32f1xx_hal_spi.c **** 
 4727              		.loc 1 3505 1 is_stmt 0 view .LVU1612
 4728 0026 FBE7     		b	.L327
 4729              		.cfi_endproc
 4730              	.LFE109:
 4732              		.section	.text.SPI_CloseRxTx_ISR,"ax",%progbits
 4733              		.align	1
 4734              		.syntax unified
 4735              		.thumb
 4736              		.thumb_func
 4738              	SPI_CloseRxTx_ISR:
 4739              	.LVL278:
 4740              	.LFB115:
3697:Drivers/STM32F1xx_HAL_Driver/Src/stm32f1xx_hal_spi.c ****   uint32_t tickstart;
 4741              		.loc 1 3697 1 is_stmt 1 view -0
 4742              		.cfi_startproc
 4743              		@ args = 0, pretend = 0, frame = 8
 4744              		@ frame_needed = 0, uses_anonymous_args = 0
3697:Drivers/STM32F1xx_HAL_Driver/Src/stm32f1xx_hal_spi.c ****   uint32_t tickstart;
 4745              		.loc 1 3697 1 is_stmt 0 view .LVU1614
 4746 0000 10B5     		push	{r4, lr}
 4747              		.cfi_def_cfa_offset 8
 4748              		.cfi_offset 4, -8
 4749              		.cfi_offset 14, -4
 4750 0002 82B0     		sub	sp, sp, #8
 4751              		.cfi_def_cfa_offset 16
 4752 0004 0446     		mov	r4, r0
3698:Drivers/STM32F1xx_HAL_Driver/Src/stm32f1xx_hal_spi.c ****   __IO uint32_t count = SPI_DEFAULT_TIMEOUT * (SystemCoreClock / 24U / 1000U);
 4753              		.loc 1 3698 3 is_stmt 1 view .LVU1615
3699:Drivers/STM32F1xx_HAL_Driver/Src/stm32f1xx_hal_spi.c **** 
 4754              		.loc 1 3699 3 view .LVU1616
3699:Drivers/STM32F1xx_HAL_Driver/Src/stm32f1xx_hal_spi.c **** 
 4755              		.loc 1 3699 70 is_stmt 0 view .LVU1617
 4756 0006 274B     		ldr	r3, .L343
 4757 0008 1B68     		ldr	r3, [r3]
 4758 000a 274A     		ldr	r2, .L343+4
 4759 000c A2FB0323 		umull	r2, r3, r2, r3
 4760 0010 5B0A     		lsrs	r3, r3, #9
3699:Drivers/STM32F1xx_HAL_Driver/Src/stm32f1xx_hal_spi.c **** 
 4761              		.loc 1 3699 45 view .LVU1618
 4762 0012 6422     		movs	r2, #100
 4763 0014 02FB03F3 		mul	r3, r2, r3
3699:Drivers/STM32F1xx_HAL_Driver/Src/stm32f1xx_hal_spi.c **** 
 4764              		.loc 1 3699 17 view .LVU1619
 4765 0018 0193     		str	r3, [sp, #4]
3702:Drivers/STM32F1xx_HAL_Driver/Src/stm32f1xx_hal_spi.c **** 
 4766              		.loc 1 3702 3 is_stmt 1 view .LVU1620
3702:Drivers/STM32F1xx_HAL_Driver/Src/stm32f1xx_hal_spi.c **** 
ARM GAS  /tmp/cctmCgKp.s 			page 181


 4767              		.loc 1 3702 15 is_stmt 0 view .LVU1621
 4768 001a FFF7FEFF 		bl	HAL_GetTick
 4769              	.LVL279:
3702:Drivers/STM32F1xx_HAL_Driver/Src/stm32f1xx_hal_spi.c **** 
 4770              		.loc 1 3702 15 view .LVU1622
 4771 001e 0246     		mov	r2, r0
 4772              	.LVL280:
3705:Drivers/STM32F1xx_HAL_Driver/Src/stm32f1xx_hal_spi.c **** 
 4773              		.loc 1 3705 3 is_stmt 1 view .LVU1623
 4774 0020 2168     		ldr	r1, [r4]
 4775 0022 4B68     		ldr	r3, [r1, #4]
 4776 0024 23F02003 		bic	r3, r3, #32
 4777 0028 4B60     		str	r3, [r1, #4]
 4778              	.L334:
3708:Drivers/STM32F1xx_HAL_Driver/Src/stm32f1xx_hal_spi.c ****   {
 4779              		.loc 1 3708 3 view .LVU1624
3710:Drivers/STM32F1xx_HAL_Driver/Src/stm32f1xx_hal_spi.c ****     {
 4780              		.loc 1 3710 5 view .LVU1625
3710:Drivers/STM32F1xx_HAL_Driver/Src/stm32f1xx_hal_spi.c ****     {
 4781              		.loc 1 3710 15 is_stmt 0 view .LVU1626
 4782 002a 019B     		ldr	r3, [sp, #4]
3710:Drivers/STM32F1xx_HAL_Driver/Src/stm32f1xx_hal_spi.c ****     {
 4783              		.loc 1 3710 8 view .LVU1627
 4784 002c 43B1     		cbz	r3, .L341
3715:Drivers/STM32F1xx_HAL_Driver/Src/stm32f1xx_hal_spi.c ****   } while ((hspi->Instance->SR & SPI_FLAG_TXE) == RESET);
 4785              		.loc 1 3715 5 is_stmt 1 view .LVU1628
3715:Drivers/STM32F1xx_HAL_Driver/Src/stm32f1xx_hal_spi.c ****   } while ((hspi->Instance->SR & SPI_FLAG_TXE) == RESET);
 4786              		.loc 1 3715 10 is_stmt 0 view .LVU1629
 4787 002e 019B     		ldr	r3, [sp, #4]
 4788 0030 013B     		subs	r3, r3, #1
 4789 0032 0193     		str	r3, [sp, #4]
3716:Drivers/STM32F1xx_HAL_Driver/Src/stm32f1xx_hal_spi.c **** 
 4790              		.loc 1 3716 48 is_stmt 1 view .LVU1630
3716:Drivers/STM32F1xx_HAL_Driver/Src/stm32f1xx_hal_spi.c **** 
 4791              		.loc 1 3716 17 is_stmt 0 view .LVU1631
 4792 0034 2368     		ldr	r3, [r4]
3716:Drivers/STM32F1xx_HAL_Driver/Src/stm32f1xx_hal_spi.c **** 
 4793              		.loc 1 3716 27 view .LVU1632
 4794 0036 9B68     		ldr	r3, [r3, #8]
3716:Drivers/STM32F1xx_HAL_Driver/Src/stm32f1xx_hal_spi.c **** 
 4795              		.loc 1 3716 48 view .LVU1633
 4796 0038 13F0020F 		tst	r3, #2
 4797 003c F5D0     		beq	.L334
 4798 003e 03E0     		b	.L333
 4799              	.L341:
3712:Drivers/STM32F1xx_HAL_Driver/Src/stm32f1xx_hal_spi.c ****       break;
 4800              		.loc 1 3712 7 is_stmt 1 view .LVU1634
 4801 0040 636D     		ldr	r3, [r4, #84]
 4802 0042 43F02003 		orr	r3, r3, #32
 4803 0046 6365     		str	r3, [r4, #84]
3713:Drivers/STM32F1xx_HAL_Driver/Src/stm32f1xx_hal_spi.c ****     }
 4804              		.loc 1 3713 7 view .LVU1635
 4805              	.L333:
3719:Drivers/STM32F1xx_HAL_Driver/Src/stm32f1xx_hal_spi.c ****   {
 4806              		.loc 1 3719 3 view .LVU1636
3719:Drivers/STM32F1xx_HAL_Driver/Src/stm32f1xx_hal_spi.c ****   {
 4807              		.loc 1 3719 7 is_stmt 0 view .LVU1637
ARM GAS  /tmp/cctmCgKp.s 			page 182


 4808 0048 6421     		movs	r1, #100
 4809 004a 2046     		mov	r0, r4
 4810              	.LVL281:
3719:Drivers/STM32F1xx_HAL_Driver/Src/stm32f1xx_hal_spi.c ****   {
 4811              		.loc 1 3719 7 view .LVU1638
 4812 004c FFF7FEFF 		bl	SPI_EndRxTxTransaction
 4813              	.LVL282:
3719:Drivers/STM32F1xx_HAL_Driver/Src/stm32f1xx_hal_spi.c ****   {
 4814              		.loc 1 3719 6 discriminator 1 view .LVU1639
 4815 0050 18B1     		cbz	r0, .L335
3721:Drivers/STM32F1xx_HAL_Driver/Src/stm32f1xx_hal_spi.c ****   }
 4816              		.loc 1 3721 5 is_stmt 1 view .LVU1640
 4817 0052 636D     		ldr	r3, [r4, #84]
 4818 0054 43F02003 		orr	r3, r3, #32
 4819 0058 6365     		str	r3, [r4, #84]
 4820              	.L335:
3725:Drivers/STM32F1xx_HAL_Driver/Src/stm32f1xx_hal_spi.c ****   {
 4821              		.loc 1 3725 3 view .LVU1641
3725:Drivers/STM32F1xx_HAL_Driver/Src/stm32f1xx_hal_spi.c ****   {
 4822              		.loc 1 3725 17 is_stmt 0 view .LVU1642
 4823 005a A368     		ldr	r3, [r4, #8]
3725:Drivers/STM32F1xx_HAL_Driver/Src/stm32f1xx_hal_spi.c ****   {
 4824              		.loc 1 3725 6 view .LVU1643
 4825 005c 33B9     		cbnz	r3, .L336
3727:Drivers/STM32F1xx_HAL_Driver/Src/stm32f1xx_hal_spi.c ****   }
 4826              		.loc 1 3727 5 is_stmt 1 view .LVU1644
 4827              	.LBB7:
3727:Drivers/STM32F1xx_HAL_Driver/Src/stm32f1xx_hal_spi.c ****   }
 4828              		.loc 1 3727 5 view .LVU1645
 4829 005e 0093     		str	r3, [sp]
3727:Drivers/STM32F1xx_HAL_Driver/Src/stm32f1xx_hal_spi.c ****   }
 4830              		.loc 1 3727 5 view .LVU1646
 4831 0060 2368     		ldr	r3, [r4]
 4832 0062 DA68     		ldr	r2, [r3, #12]
 4833 0064 0092     		str	r2, [sp]
3727:Drivers/STM32F1xx_HAL_Driver/Src/stm32f1xx_hal_spi.c ****   }
 4834              		.loc 1 3727 5 view .LVU1647
 4835 0066 9B68     		ldr	r3, [r3, #8]
 4836 0068 0093     		str	r3, [sp]
3727:Drivers/STM32F1xx_HAL_Driver/Src/stm32f1xx_hal_spi.c ****   }
 4837              		.loc 1 3727 5 view .LVU1648
 4838 006a 009B     		ldr	r3, [sp]
 4839              	.L336:
 4840              	.LBE7:
3727:Drivers/STM32F1xx_HAL_Driver/Src/stm32f1xx_hal_spi.c ****   }
 4841              		.loc 1 3727 5 discriminator 1 view .LVU1649
3758:Drivers/STM32F1xx_HAL_Driver/Src/stm32f1xx_hal_spi.c ****     {
 4842              		.loc 1 3758 5 view .LVU1650
3758:Drivers/STM32F1xx_HAL_Driver/Src/stm32f1xx_hal_spi.c ****     {
 4843              		.loc 1 3758 13 is_stmt 0 view .LVU1651
 4844 006c 636D     		ldr	r3, [r4, #84]
3758:Drivers/STM32F1xx_HAL_Driver/Src/stm32f1xx_hal_spi.c ****     {
 4845              		.loc 1 3758 8 view .LVU1652
 4846 006e 93B9     		cbnz	r3, .L337
3760:Drivers/STM32F1xx_HAL_Driver/Src/stm32f1xx_hal_spi.c ****       {
 4847              		.loc 1 3760 7 is_stmt 1 view .LVU1653
3760:Drivers/STM32F1xx_HAL_Driver/Src/stm32f1xx_hal_spi.c ****       {
ARM GAS  /tmp/cctmCgKp.s 			page 183


 4848              		.loc 1 3760 15 is_stmt 0 view .LVU1654
 4849 0070 94F85130 		ldrb	r3, [r4, #81]	@ zero_extendqisi2
3760:Drivers/STM32F1xx_HAL_Driver/Src/stm32f1xx_hal_spi.c ****       {
 4850              		.loc 1 3760 10 view .LVU1655
 4851 0074 042B     		cmp	r3, #4
 4852 0076 07D0     		beq	.L342
3772:Drivers/STM32F1xx_HAL_Driver/Src/stm32f1xx_hal_spi.c ****         /* Call user TxRx complete callback */
 4853              		.loc 1 3772 9 is_stmt 1 view .LVU1656
3772:Drivers/STM32F1xx_HAL_Driver/Src/stm32f1xx_hal_spi.c ****         /* Call user TxRx complete callback */
 4854              		.loc 1 3772 21 is_stmt 0 view .LVU1657
 4855 0078 0123     		movs	r3, #1
 4856 007a 84F85130 		strb	r3, [r4, #81]
3777:Drivers/STM32F1xx_HAL_Driver/Src/stm32f1xx_hal_spi.c **** #endif /* USE_HAL_SPI_REGISTER_CALLBACKS */
 4857              		.loc 1 3777 9 is_stmt 1 view .LVU1658
 4858 007e 2046     		mov	r0, r4
 4859 0080 FFF7FEFF 		bl	HAL_SPI_TxRxCpltCallback
 4860              	.LVL283:
 4861              	.L331:
3794:Drivers/STM32F1xx_HAL_Driver/Src/stm32f1xx_hal_spi.c **** 
 4862              		.loc 1 3794 1 is_stmt 0 view .LVU1659
 4863 0084 02B0     		add	sp, sp, #8
 4864              		.cfi_remember_state
 4865              		.cfi_def_cfa_offset 8
 4866              		@ sp needed
 4867 0086 10BD     		pop	{r4, pc}
 4868              	.LVL284:
 4869              	.L342:
 4870              		.cfi_restore_state
3762:Drivers/STM32F1xx_HAL_Driver/Src/stm32f1xx_hal_spi.c ****         /* Call user Rx complete callback */
 4871              		.loc 1 3762 9 is_stmt 1 view .LVU1660
3762:Drivers/STM32F1xx_HAL_Driver/Src/stm32f1xx_hal_spi.c ****         /* Call user Rx complete callback */
 4872              		.loc 1 3762 21 is_stmt 0 view .LVU1661
 4873 0088 0123     		movs	r3, #1
 4874 008a 84F85130 		strb	r3, [r4, #81]
3767:Drivers/STM32F1xx_HAL_Driver/Src/stm32f1xx_hal_spi.c **** #endif /* USE_HAL_SPI_REGISTER_CALLBACKS */
 4875              		.loc 1 3767 9 is_stmt 1 view .LVU1662
 4876 008e 2046     		mov	r0, r4
 4877 0090 FFF7FEFF 		bl	HAL_SPI_RxCpltCallback
 4878              	.LVL285:
 4879 0094 F6E7     		b	.L331
 4880              	.L337:
3783:Drivers/STM32F1xx_HAL_Driver/Src/stm32f1xx_hal_spi.c ****       /* Call user error callback */
 4881              		.loc 1 3783 7 view .LVU1663
3783:Drivers/STM32F1xx_HAL_Driver/Src/stm32f1xx_hal_spi.c ****       /* Call user error callback */
 4882              		.loc 1 3783 19 is_stmt 0 view .LVU1664
 4883 0096 0123     		movs	r3, #1
 4884 0098 84F85130 		strb	r3, [r4, #81]
3788:Drivers/STM32F1xx_HAL_Driver/Src/stm32f1xx_hal_spi.c **** #endif /* USE_HAL_SPI_REGISTER_CALLBACKS */
 4885              		.loc 1 3788 7 is_stmt 1 view .LVU1665
 4886 009c 2046     		mov	r0, r4
 4887 009e FFF7FEFF 		bl	HAL_SPI_ErrorCallback
 4888              	.LVL286:
3794:Drivers/STM32F1xx_HAL_Driver/Src/stm32f1xx_hal_spi.c **** 
 4889              		.loc 1 3794 1 is_stmt 0 view .LVU1666
 4890 00a2 EFE7     		b	.L331
 4891              	.L344:
 4892              		.align	2
ARM GAS  /tmp/cctmCgKp.s 			page 184


 4893              	.L343:
 4894 00a4 00000000 		.word	SystemCoreClock
 4895 00a8 F1197605 		.word	91625969
 4896              		.cfi_endproc
 4897              	.LFE115:
 4899              		.section	.text.SPI_2linesTxISR_8BIT,"ax",%progbits
 4900              		.align	1
 4901              		.syntax unified
 4902              		.thumb
 4903              		.thumb_func
 4905              	SPI_2linesTxISR_8BIT:
 4906              	.LVL287:
 4907              	.LFB105:
3259:Drivers/STM32F1xx_HAL_Driver/Src/stm32f1xx_hal_spi.c ****   *(__IO uint8_t *)&hspi->Instance->DR = *((const uint8_t *)hspi->pTxBuffPtr);
 4908              		.loc 1 3259 1 is_stmt 1 view -0
 4909              		.cfi_startproc
 4910              		@ args = 0, pretend = 0, frame = 0
 4911              		@ frame_needed = 0, uses_anonymous_args = 0
3259:Drivers/STM32F1xx_HAL_Driver/Src/stm32f1xx_hal_spi.c ****   *(__IO uint8_t *)&hspi->Instance->DR = *((const uint8_t *)hspi->pTxBuffPtr);
 4912              		.loc 1 3259 1 is_stmt 0 view .LVU1668
 4913 0000 08B5     		push	{r3, lr}
 4914              		.cfi_def_cfa_offset 8
 4915              		.cfi_offset 3, -8
 4916              		.cfi_offset 14, -4
3260:Drivers/STM32F1xx_HAL_Driver/Src/stm32f1xx_hal_spi.c ****   hspi->pTxBuffPtr++;
 4917              		.loc 1 3260 3 is_stmt 1 view .LVU1669
3260:Drivers/STM32F1xx_HAL_Driver/Src/stm32f1xx_hal_spi.c ****   hspi->pTxBuffPtr++;
 4918              		.loc 1 3260 65 is_stmt 0 view .LVU1670
 4919 0002 026B     		ldr	r2, [r0, #48]
3260:Drivers/STM32F1xx_HAL_Driver/Src/stm32f1xx_hal_spi.c ****   hspi->pTxBuffPtr++;
 4920              		.loc 1 3260 25 view .LVU1671
 4921 0004 0368     		ldr	r3, [r0]
3260:Drivers/STM32F1xx_HAL_Driver/Src/stm32f1xx_hal_spi.c ****   hspi->pTxBuffPtr++;
 4922              		.loc 1 3260 42 view .LVU1672
 4923 0006 1278     		ldrb	r2, [r2]	@ zero_extendqisi2
3260:Drivers/STM32F1xx_HAL_Driver/Src/stm32f1xx_hal_spi.c ****   hspi->pTxBuffPtr++;
 4924              		.loc 1 3260 40 view .LVU1673
 4925 0008 1A73     		strb	r2, [r3, #12]
3261:Drivers/STM32F1xx_HAL_Driver/Src/stm32f1xx_hal_spi.c ****   hspi->TxXferCount--;
 4926              		.loc 1 3261 3 is_stmt 1 view .LVU1674
3261:Drivers/STM32F1xx_HAL_Driver/Src/stm32f1xx_hal_spi.c ****   hspi->TxXferCount--;
 4927              		.loc 1 3261 7 is_stmt 0 view .LVU1675
 4928 000a 036B     		ldr	r3, [r0, #48]
3261:Drivers/STM32F1xx_HAL_Driver/Src/stm32f1xx_hal_spi.c ****   hspi->TxXferCount--;
 4929              		.loc 1 3261 19 view .LVU1676
 4930 000c 0133     		adds	r3, r3, #1
 4931 000e 0363     		str	r3, [r0, #48]
3262:Drivers/STM32F1xx_HAL_Driver/Src/stm32f1xx_hal_spi.c **** 
 4932              		.loc 1 3262 3 is_stmt 1 view .LVU1677
3262:Drivers/STM32F1xx_HAL_Driver/Src/stm32f1xx_hal_spi.c **** 
 4933              		.loc 1 3262 7 is_stmt 0 view .LVU1678
 4934 0010 C38E     		ldrh	r3, [r0, #54]
 4935 0012 9BB2     		uxth	r3, r3
3262:Drivers/STM32F1xx_HAL_Driver/Src/stm32f1xx_hal_spi.c **** 
 4936              		.loc 1 3262 20 view .LVU1679
 4937 0014 013B     		subs	r3, r3, #1
 4938 0016 9BB2     		uxth	r3, r3
ARM GAS  /tmp/cctmCgKp.s 			page 185


 4939 0018 C386     		strh	r3, [r0, #54]	@ movhi
3265:Drivers/STM32F1xx_HAL_Driver/Src/stm32f1xx_hal_spi.c ****   {
 4940              		.loc 1 3265 3 is_stmt 1 view .LVU1680
3265:Drivers/STM32F1xx_HAL_Driver/Src/stm32f1xx_hal_spi.c ****   {
 4941              		.loc 1 3265 11 is_stmt 0 view .LVU1681
 4942 001a C38E     		ldrh	r3, [r0, #54]
 4943 001c 9BB2     		uxth	r3, r3
3265:Drivers/STM32F1xx_HAL_Driver/Src/stm32f1xx_hal_spi.c ****   {
 4944              		.loc 1 3265 6 view .LVU1682
 4945 001e 3BB9     		cbnz	r3, .L345
3279:Drivers/STM32F1xx_HAL_Driver/Src/stm32f1xx_hal_spi.c **** 
 4946              		.loc 1 3279 5 is_stmt 1 view .LVU1683
 4947 0020 0268     		ldr	r2, [r0]
 4948 0022 5368     		ldr	r3, [r2, #4]
 4949 0024 23F08003 		bic	r3, r3, #128
 4950 0028 5360     		str	r3, [r2, #4]
3281:Drivers/STM32F1xx_HAL_Driver/Src/stm32f1xx_hal_spi.c ****     {
 4951              		.loc 1 3281 5 view .LVU1684
3281:Drivers/STM32F1xx_HAL_Driver/Src/stm32f1xx_hal_spi.c ****     {
 4952              		.loc 1 3281 13 is_stmt 0 view .LVU1685
 4953 002a C38F     		ldrh	r3, [r0, #62]
 4954 002c 9BB2     		uxth	r3, r3
3281:Drivers/STM32F1xx_HAL_Driver/Src/stm32f1xx_hal_spi.c ****     {
 4955              		.loc 1 3281 8 view .LVU1686
 4956 002e 03B1     		cbz	r3, .L348
 4957              	.LVL288:
 4958              	.L345:
3286:Drivers/STM32F1xx_HAL_Driver/Src/stm32f1xx_hal_spi.c **** 
 4959              		.loc 1 3286 1 view .LVU1687
 4960 0030 08BD     		pop	{r3, pc}
 4961              	.LVL289:
 4962              	.L348:
3283:Drivers/STM32F1xx_HAL_Driver/Src/stm32f1xx_hal_spi.c ****     }
 4963              		.loc 1 3283 7 is_stmt 1 view .LVU1688
 4964 0032 FFF7FEFF 		bl	SPI_CloseRxTx_ISR
 4965              	.LVL290:
3286:Drivers/STM32F1xx_HAL_Driver/Src/stm32f1xx_hal_spi.c **** 
 4966              		.loc 1 3286 1 is_stmt 0 view .LVU1689
 4967 0036 FBE7     		b	.L345
 4968              		.cfi_endproc
 4969              	.LFE105:
 4971              		.section	.text.SPI_2linesRxISR_8BIT,"ax",%progbits
 4972              		.align	1
 4973              		.syntax unified
 4974              		.thumb
 4975              		.thumb_func
 4977              	SPI_2linesRxISR_8BIT:
 4978              	.LVL291:
 4979              	.LFB104:
3196:Drivers/STM32F1xx_HAL_Driver/Src/stm32f1xx_hal_spi.c ****   /* Receive data in 8bit mode */
 4980              		.loc 1 3196 1 is_stmt 1 view -0
 4981              		.cfi_startproc
 4982              		@ args = 0, pretend = 0, frame = 0
 4983              		@ frame_needed = 0, uses_anonymous_args = 0
3196:Drivers/STM32F1xx_HAL_Driver/Src/stm32f1xx_hal_spi.c ****   /* Receive data in 8bit mode */
 4984              		.loc 1 3196 1 is_stmt 0 view .LVU1691
 4985 0000 08B5     		push	{r3, lr}
ARM GAS  /tmp/cctmCgKp.s 			page 186


 4986              		.cfi_def_cfa_offset 8
 4987              		.cfi_offset 3, -8
 4988              		.cfi_offset 14, -4
3198:Drivers/STM32F1xx_HAL_Driver/Src/stm32f1xx_hal_spi.c ****   hspi->pRxBuffPtr++;
 4989              		.loc 1 3198 3 is_stmt 1 view .LVU1692
3198:Drivers/STM32F1xx_HAL_Driver/Src/stm32f1xx_hal_spi.c ****   hspi->pRxBuffPtr++;
 4990              		.loc 1 3198 46 is_stmt 0 view .LVU1693
 4991 0002 0268     		ldr	r2, [r0]
3198:Drivers/STM32F1xx_HAL_Driver/Src/stm32f1xx_hal_spi.c ****   hspi->pRxBuffPtr++;
 4992              		.loc 1 3198 8 view .LVU1694
 4993 0004 836B     		ldr	r3, [r0, #56]
3198:Drivers/STM32F1xx_HAL_Driver/Src/stm32f1xx_hal_spi.c ****   hspi->pRxBuffPtr++;
 4994              		.loc 1 3198 23 view .LVU1695
 4995 0006 127B     		ldrb	r2, [r2, #12]	@ zero_extendqisi2
3198:Drivers/STM32F1xx_HAL_Driver/Src/stm32f1xx_hal_spi.c ****   hspi->pRxBuffPtr++;
 4996              		.loc 1 3198 21 view .LVU1696
 4997 0008 1A70     		strb	r2, [r3]
3199:Drivers/STM32F1xx_HAL_Driver/Src/stm32f1xx_hal_spi.c ****   hspi->RxXferCount--;
 4998              		.loc 1 3199 3 is_stmt 1 view .LVU1697
3199:Drivers/STM32F1xx_HAL_Driver/Src/stm32f1xx_hal_spi.c ****   hspi->RxXferCount--;
 4999              		.loc 1 3199 7 is_stmt 0 view .LVU1698
 5000 000a 836B     		ldr	r3, [r0, #56]
3199:Drivers/STM32F1xx_HAL_Driver/Src/stm32f1xx_hal_spi.c ****   hspi->RxXferCount--;
 5001              		.loc 1 3199 19 view .LVU1699
 5002 000c 0133     		adds	r3, r3, #1
 5003 000e 8363     		str	r3, [r0, #56]
3200:Drivers/STM32F1xx_HAL_Driver/Src/stm32f1xx_hal_spi.c **** 
 5004              		.loc 1 3200 3 is_stmt 1 view .LVU1700
3200:Drivers/STM32F1xx_HAL_Driver/Src/stm32f1xx_hal_spi.c **** 
 5005              		.loc 1 3200 7 is_stmt 0 view .LVU1701
 5006 0010 C38F     		ldrh	r3, [r0, #62]
 5007 0012 9BB2     		uxth	r3, r3
3200:Drivers/STM32F1xx_HAL_Driver/Src/stm32f1xx_hal_spi.c **** 
 5008              		.loc 1 3200 20 view .LVU1702
 5009 0014 013B     		subs	r3, r3, #1
 5010 0016 9BB2     		uxth	r3, r3
 5011 0018 C387     		strh	r3, [r0, #62]	@ movhi
3203:Drivers/STM32F1xx_HAL_Driver/Src/stm32f1xx_hal_spi.c ****   {
 5012              		.loc 1 3203 3 is_stmt 1 view .LVU1703
3203:Drivers/STM32F1xx_HAL_Driver/Src/stm32f1xx_hal_spi.c ****   {
 5013              		.loc 1 3203 11 is_stmt 0 view .LVU1704
 5014 001a C38F     		ldrh	r3, [r0, #62]
 5015 001c 9BB2     		uxth	r3, r3
3203:Drivers/STM32F1xx_HAL_Driver/Src/stm32f1xx_hal_spi.c ****   {
 5016              		.loc 1 3203 6 view .LVU1705
 5017 001e 3BB9     		cbnz	r3, .L349
3214:Drivers/STM32F1xx_HAL_Driver/Src/stm32f1xx_hal_spi.c **** 
 5018              		.loc 1 3214 5 is_stmt 1 view .LVU1706
 5019 0020 0268     		ldr	r2, [r0]
 5020 0022 5368     		ldr	r3, [r2, #4]
 5021 0024 23F06003 		bic	r3, r3, #96
 5022 0028 5360     		str	r3, [r2, #4]
3216:Drivers/STM32F1xx_HAL_Driver/Src/stm32f1xx_hal_spi.c ****     {
 5023              		.loc 1 3216 5 view .LVU1707
3216:Drivers/STM32F1xx_HAL_Driver/Src/stm32f1xx_hal_spi.c ****     {
 5024              		.loc 1 3216 13 is_stmt 0 view .LVU1708
 5025 002a C38E     		ldrh	r3, [r0, #54]
ARM GAS  /tmp/cctmCgKp.s 			page 187


 5026 002c 9BB2     		uxth	r3, r3
3216:Drivers/STM32F1xx_HAL_Driver/Src/stm32f1xx_hal_spi.c ****     {
 5027              		.loc 1 3216 8 view .LVU1709
 5028 002e 03B1     		cbz	r3, .L352
 5029              	.LVL292:
 5030              	.L349:
3221:Drivers/STM32F1xx_HAL_Driver/Src/stm32f1xx_hal_spi.c **** 
 5031              		.loc 1 3221 1 view .LVU1710
 5032 0030 08BD     		pop	{r3, pc}
 5033              	.LVL293:
 5034              	.L352:
3218:Drivers/STM32F1xx_HAL_Driver/Src/stm32f1xx_hal_spi.c ****     }
 5035              		.loc 1 3218 7 is_stmt 1 view .LVU1711
 5036 0032 FFF7FEFF 		bl	SPI_CloseRxTx_ISR
 5037              	.LVL294:
3221:Drivers/STM32F1xx_HAL_Driver/Src/stm32f1xx_hal_spi.c **** 
 5038              		.loc 1 3221 1 is_stmt 0 view .LVU1712
 5039 0036 FBE7     		b	.L349
 5040              		.cfi_endproc
 5041              	.LFE104:
 5043              		.section	.text.SPI_2linesTxISR_16BIT,"ax",%progbits
 5044              		.align	1
 5045              		.syntax unified
 5046              		.thumb
 5047              		.thumb_func
 5049              	SPI_2linesTxISR_16BIT:
 5050              	.LVL295:
 5051              	.LFB107:
3351:Drivers/STM32F1xx_HAL_Driver/Src/stm32f1xx_hal_spi.c ****   /* Transmit data in 16 Bit mode */
 5052              		.loc 1 3351 1 is_stmt 1 view -0
 5053              		.cfi_startproc
 5054              		@ args = 0, pretend = 0, frame = 0
 5055              		@ frame_needed = 0, uses_anonymous_args = 0
3351:Drivers/STM32F1xx_HAL_Driver/Src/stm32f1xx_hal_spi.c ****   /* Transmit data in 16 Bit mode */
 5056              		.loc 1 3351 1 is_stmt 0 view .LVU1714
 5057 0000 08B5     		push	{r3, lr}
 5058              		.cfi_def_cfa_offset 8
 5059              		.cfi_offset 3, -8
 5060              		.cfi_offset 14, -4
3353:Drivers/STM32F1xx_HAL_Driver/Src/stm32f1xx_hal_spi.c ****   hspi->pTxBuffPtr += sizeof(uint16_t);
 5061              		.loc 1 3353 3 is_stmt 1 view .LVU1715
3353:Drivers/STM32F1xx_HAL_Driver/Src/stm32f1xx_hal_spi.c ****   hspi->pTxBuffPtr += sizeof(uint16_t);
 5062              		.loc 1 3353 48 is_stmt 0 view .LVU1716
 5063 0002 026B     		ldr	r2, [r0, #48]
3353:Drivers/STM32F1xx_HAL_Driver/Src/stm32f1xx_hal_spi.c ****   hspi->pTxBuffPtr += sizeof(uint16_t);
 5064              		.loc 1 3353 7 view .LVU1717
 5065 0004 0368     		ldr	r3, [r0]
3353:Drivers/STM32F1xx_HAL_Driver/Src/stm32f1xx_hal_spi.c ****   hspi->pTxBuffPtr += sizeof(uint16_t);
 5066              		.loc 1 3353 24 view .LVU1718
 5067 0006 1288     		ldrh	r2, [r2]
3353:Drivers/STM32F1xx_HAL_Driver/Src/stm32f1xx_hal_spi.c ****   hspi->pTxBuffPtr += sizeof(uint16_t);
 5068              		.loc 1 3353 22 view .LVU1719
 5069 0008 DA60     		str	r2, [r3, #12]
3354:Drivers/STM32F1xx_HAL_Driver/Src/stm32f1xx_hal_spi.c ****   hspi->TxXferCount--;
 5070              		.loc 1 3354 3 is_stmt 1 view .LVU1720
3354:Drivers/STM32F1xx_HAL_Driver/Src/stm32f1xx_hal_spi.c ****   hspi->TxXferCount--;
 5071              		.loc 1 3354 7 is_stmt 0 view .LVU1721
ARM GAS  /tmp/cctmCgKp.s 			page 188


 5072 000a 036B     		ldr	r3, [r0, #48]
3354:Drivers/STM32F1xx_HAL_Driver/Src/stm32f1xx_hal_spi.c ****   hspi->TxXferCount--;
 5073              		.loc 1 3354 20 view .LVU1722
 5074 000c 0233     		adds	r3, r3, #2
 5075 000e 0363     		str	r3, [r0, #48]
3355:Drivers/STM32F1xx_HAL_Driver/Src/stm32f1xx_hal_spi.c **** 
 5076              		.loc 1 3355 3 is_stmt 1 view .LVU1723
3355:Drivers/STM32F1xx_HAL_Driver/Src/stm32f1xx_hal_spi.c **** 
 5077              		.loc 1 3355 7 is_stmt 0 view .LVU1724
 5078 0010 C38E     		ldrh	r3, [r0, #54]
 5079 0012 9BB2     		uxth	r3, r3
3355:Drivers/STM32F1xx_HAL_Driver/Src/stm32f1xx_hal_spi.c **** 
 5080              		.loc 1 3355 20 view .LVU1725
 5081 0014 013B     		subs	r3, r3, #1
 5082 0016 9BB2     		uxth	r3, r3
 5083 0018 C386     		strh	r3, [r0, #54]	@ movhi
3358:Drivers/STM32F1xx_HAL_Driver/Src/stm32f1xx_hal_spi.c ****   {
 5084              		.loc 1 3358 3 is_stmt 1 view .LVU1726
3358:Drivers/STM32F1xx_HAL_Driver/Src/stm32f1xx_hal_spi.c ****   {
 5085              		.loc 1 3358 11 is_stmt 0 view .LVU1727
 5086 001a C38E     		ldrh	r3, [r0, #54]
 5087 001c 9BB2     		uxth	r3, r3
3358:Drivers/STM32F1xx_HAL_Driver/Src/stm32f1xx_hal_spi.c ****   {
 5088              		.loc 1 3358 6 view .LVU1728
 5089 001e 3BB9     		cbnz	r3, .L353
3372:Drivers/STM32F1xx_HAL_Driver/Src/stm32f1xx_hal_spi.c **** 
 5090              		.loc 1 3372 5 is_stmt 1 view .LVU1729
 5091 0020 0268     		ldr	r2, [r0]
 5092 0022 5368     		ldr	r3, [r2, #4]
 5093 0024 23F08003 		bic	r3, r3, #128
 5094 0028 5360     		str	r3, [r2, #4]
3374:Drivers/STM32F1xx_HAL_Driver/Src/stm32f1xx_hal_spi.c ****     {
 5095              		.loc 1 3374 5 view .LVU1730
3374:Drivers/STM32F1xx_HAL_Driver/Src/stm32f1xx_hal_spi.c ****     {
 5096              		.loc 1 3374 13 is_stmt 0 view .LVU1731
 5097 002a C38F     		ldrh	r3, [r0, #62]
 5098 002c 9BB2     		uxth	r3, r3
3374:Drivers/STM32F1xx_HAL_Driver/Src/stm32f1xx_hal_spi.c ****     {
 5099              		.loc 1 3374 8 view .LVU1732
 5100 002e 03B1     		cbz	r3, .L356
 5101              	.LVL296:
 5102              	.L353:
3379:Drivers/STM32F1xx_HAL_Driver/Src/stm32f1xx_hal_spi.c **** 
 5103              		.loc 1 3379 1 view .LVU1733
 5104 0030 08BD     		pop	{r3, pc}
 5105              	.LVL297:
 5106              	.L356:
3376:Drivers/STM32F1xx_HAL_Driver/Src/stm32f1xx_hal_spi.c ****     }
 5107              		.loc 1 3376 7 is_stmt 1 view .LVU1734
 5108 0032 FFF7FEFF 		bl	SPI_CloseRxTx_ISR
 5109              	.LVL298:
3379:Drivers/STM32F1xx_HAL_Driver/Src/stm32f1xx_hal_spi.c **** 
 5110              		.loc 1 3379 1 is_stmt 0 view .LVU1735
 5111 0036 FBE7     		b	.L353
 5112              		.cfi_endproc
 5113              	.LFE107:
 5115              		.section	.text.SPI_2linesRxISR_16BIT,"ax",%progbits
ARM GAS  /tmp/cctmCgKp.s 			page 189


 5116              		.align	1
 5117              		.syntax unified
 5118              		.thumb
 5119              		.thumb_func
 5121              	SPI_2linesRxISR_16BIT:
 5122              	.LVL299:
 5123              	.LFB106:
3295:Drivers/STM32F1xx_HAL_Driver/Src/stm32f1xx_hal_spi.c ****   /* Receive data in 16 Bit mode */
 5124              		.loc 1 3295 1 is_stmt 1 view -0
 5125              		.cfi_startproc
 5126              		@ args = 0, pretend = 0, frame = 0
 5127              		@ frame_needed = 0, uses_anonymous_args = 0
3295:Drivers/STM32F1xx_HAL_Driver/Src/stm32f1xx_hal_spi.c ****   /* Receive data in 16 Bit mode */
 5128              		.loc 1 3295 1 is_stmt 0 view .LVU1737
 5129 0000 08B5     		push	{r3, lr}
 5130              		.cfi_def_cfa_offset 8
 5131              		.cfi_offset 3, -8
 5132              		.cfi_offset 14, -4
3297:Drivers/STM32F1xx_HAL_Driver/Src/stm32f1xx_hal_spi.c ****   hspi->pRxBuffPtr += sizeof(uint16_t);
 5133              		.loc 1 3297 3 is_stmt 1 view .LVU1738
3297:Drivers/STM32F1xx_HAL_Driver/Src/stm32f1xx_hal_spi.c ****   hspi->pRxBuffPtr += sizeof(uint16_t);
 5134              		.loc 1 3297 52 is_stmt 0 view .LVU1739
 5135 0002 0368     		ldr	r3, [r0]
3297:Drivers/STM32F1xx_HAL_Driver/Src/stm32f1xx_hal_spi.c ****   hspi->pRxBuffPtr += sizeof(uint16_t);
 5136              		.loc 1 3297 62 view .LVU1740
 5137 0004 DA68     		ldr	r2, [r3, #12]
3297:Drivers/STM32F1xx_HAL_Driver/Src/stm32f1xx_hal_spi.c ****   hspi->pRxBuffPtr += sizeof(uint16_t);
 5138              		.loc 1 3297 21 view .LVU1741
 5139 0006 836B     		ldr	r3, [r0, #56]
3297:Drivers/STM32F1xx_HAL_Driver/Src/stm32f1xx_hal_spi.c ****   hspi->pRxBuffPtr += sizeof(uint16_t);
 5140              		.loc 1 3297 35 view .LVU1742
 5141 0008 1A80     		strh	r2, [r3]	@ movhi
3298:Drivers/STM32F1xx_HAL_Driver/Src/stm32f1xx_hal_spi.c ****   hspi->RxXferCount--;
 5142              		.loc 1 3298 3 is_stmt 1 view .LVU1743
3298:Drivers/STM32F1xx_HAL_Driver/Src/stm32f1xx_hal_spi.c ****   hspi->RxXferCount--;
 5143              		.loc 1 3298 7 is_stmt 0 view .LVU1744
 5144 000a 836B     		ldr	r3, [r0, #56]
3298:Drivers/STM32F1xx_HAL_Driver/Src/stm32f1xx_hal_spi.c ****   hspi->RxXferCount--;
 5145              		.loc 1 3298 20 view .LVU1745
 5146 000c 0233     		adds	r3, r3, #2
 5147 000e 8363     		str	r3, [r0, #56]
3299:Drivers/STM32F1xx_HAL_Driver/Src/stm32f1xx_hal_spi.c **** 
 5148              		.loc 1 3299 3 is_stmt 1 view .LVU1746
3299:Drivers/STM32F1xx_HAL_Driver/Src/stm32f1xx_hal_spi.c **** 
 5149              		.loc 1 3299 7 is_stmt 0 view .LVU1747
 5150 0010 C38F     		ldrh	r3, [r0, #62]
 5151 0012 9BB2     		uxth	r3, r3
3299:Drivers/STM32F1xx_HAL_Driver/Src/stm32f1xx_hal_spi.c **** 
 5152              		.loc 1 3299 20 view .LVU1748
 5153 0014 013B     		subs	r3, r3, #1
 5154 0016 9BB2     		uxth	r3, r3
 5155 0018 C387     		strh	r3, [r0, #62]	@ movhi
3301:Drivers/STM32F1xx_HAL_Driver/Src/stm32f1xx_hal_spi.c ****   {
 5156              		.loc 1 3301 3 is_stmt 1 view .LVU1749
3301:Drivers/STM32F1xx_HAL_Driver/Src/stm32f1xx_hal_spi.c ****   {
 5157              		.loc 1 3301 11 is_stmt 0 view .LVU1750
 5158 001a C38F     		ldrh	r3, [r0, #62]
ARM GAS  /tmp/cctmCgKp.s 			page 190


 5159 001c 9BB2     		uxth	r3, r3
3301:Drivers/STM32F1xx_HAL_Driver/Src/stm32f1xx_hal_spi.c ****   {
 5160              		.loc 1 3301 6 view .LVU1751
 5161 001e 3BB9     		cbnz	r3, .L357
3312:Drivers/STM32F1xx_HAL_Driver/Src/stm32f1xx_hal_spi.c **** 
 5162              		.loc 1 3312 5 is_stmt 1 view .LVU1752
 5163 0020 0268     		ldr	r2, [r0]
 5164 0022 5368     		ldr	r3, [r2, #4]
 5165 0024 23F04003 		bic	r3, r3, #64
 5166 0028 5360     		str	r3, [r2, #4]
3314:Drivers/STM32F1xx_HAL_Driver/Src/stm32f1xx_hal_spi.c ****     {
 5167              		.loc 1 3314 5 view .LVU1753
3314:Drivers/STM32F1xx_HAL_Driver/Src/stm32f1xx_hal_spi.c ****     {
 5168              		.loc 1 3314 13 is_stmt 0 view .LVU1754
 5169 002a C38E     		ldrh	r3, [r0, #54]
 5170 002c 9BB2     		uxth	r3, r3
3314:Drivers/STM32F1xx_HAL_Driver/Src/stm32f1xx_hal_spi.c ****     {
 5171              		.loc 1 3314 8 view .LVU1755
 5172 002e 03B1     		cbz	r3, .L360
 5173              	.LVL300:
 5174              	.L357:
3319:Drivers/STM32F1xx_HAL_Driver/Src/stm32f1xx_hal_spi.c **** 
 5175              		.loc 1 3319 1 view .LVU1756
 5176 0030 08BD     		pop	{r3, pc}
 5177              	.LVL301:
 5178              	.L360:
3316:Drivers/STM32F1xx_HAL_Driver/Src/stm32f1xx_hal_spi.c ****     }
 5179              		.loc 1 3316 7 is_stmt 1 view .LVU1757
 5180 0032 FFF7FEFF 		bl	SPI_CloseRxTx_ISR
 5181              	.LVL302:
3319:Drivers/STM32F1xx_HAL_Driver/Src/stm32f1xx_hal_spi.c **** 
 5182              		.loc 1 3319 1 is_stmt 0 view .LVU1758
 5183 0036 FBE7     		b	.L357
 5184              		.cfi_endproc
 5185              	.LFE106:
 5187              		.section	.text.SPI_DMAError,"ax",%progbits
 5188              		.align	1
 5189              		.syntax unified
 5190              		.thumb
 5191              		.thumb_func
 5193              	SPI_DMAError:
 5194              	.LVL303:
 5195              	.LFB100:
3029:Drivers/STM32F1xx_HAL_Driver/Src/stm32f1xx_hal_spi.c ****   SPI_HandleTypeDef *hspi = (SPI_HandleTypeDef *)(((DMA_HandleTypeDef *)hdma)->Parent);
 5196              		.loc 1 3029 1 is_stmt 1 view -0
 5197              		.cfi_startproc
 5198              		@ args = 0, pretend = 0, frame = 0
 5199              		@ frame_needed = 0, uses_anonymous_args = 0
3029:Drivers/STM32F1xx_HAL_Driver/Src/stm32f1xx_hal_spi.c ****   SPI_HandleTypeDef *hspi = (SPI_HandleTypeDef *)(((DMA_HandleTypeDef *)hdma)->Parent);
 5200              		.loc 1 3029 1 is_stmt 0 view .LVU1760
 5201 0000 08B5     		push	{r3, lr}
 5202              		.cfi_def_cfa_offset 8
 5203              		.cfi_offset 3, -8
 5204              		.cfi_offset 14, -4
3030:Drivers/STM32F1xx_HAL_Driver/Src/stm32f1xx_hal_spi.c **** 
 5205              		.loc 1 3030 3 is_stmt 1 view .LVU1761
3030:Drivers/STM32F1xx_HAL_Driver/Src/stm32f1xx_hal_spi.c **** 
ARM GAS  /tmp/cctmCgKp.s 			page 191


 5206              		.loc 1 3030 22 is_stmt 0 view .LVU1762
 5207 0002 406A     		ldr	r0, [r0, #36]
 5208              	.LVL304:
3033:Drivers/STM32F1xx_HAL_Driver/Src/stm32f1xx_hal_spi.c **** 
 5209              		.loc 1 3033 3 is_stmt 1 view .LVU1763
 5210 0004 0268     		ldr	r2, [r0]
 5211 0006 5368     		ldr	r3, [r2, #4]
 5212 0008 23F00303 		bic	r3, r3, #3
 5213 000c 5360     		str	r3, [r2, #4]
3035:Drivers/STM32F1xx_HAL_Driver/Src/stm32f1xx_hal_spi.c ****   hspi->State = HAL_SPI_STATE_READY;
 5214              		.loc 1 3035 3 view .LVU1764
 5215 000e 436D     		ldr	r3, [r0, #84]
 5216 0010 43F01003 		orr	r3, r3, #16
 5217 0014 4365     		str	r3, [r0, #84]
3036:Drivers/STM32F1xx_HAL_Driver/Src/stm32f1xx_hal_spi.c ****   /* Call user error callback */
 5218              		.loc 1 3036 3 view .LVU1765
3036:Drivers/STM32F1xx_HAL_Driver/Src/stm32f1xx_hal_spi.c ****   /* Call user error callback */
 5219              		.loc 1 3036 15 is_stmt 0 view .LVU1766
 5220 0016 0123     		movs	r3, #1
 5221 0018 80F85130 		strb	r3, [r0, #81]
3041:Drivers/STM32F1xx_HAL_Driver/Src/stm32f1xx_hal_spi.c **** #endif /* USE_HAL_SPI_REGISTER_CALLBACKS */
 5222              		.loc 1 3041 3 is_stmt 1 view .LVU1767
 5223 001c FFF7FEFF 		bl	HAL_SPI_ErrorCallback
 5224              	.LVL305:
3043:Drivers/STM32F1xx_HAL_Driver/Src/stm32f1xx_hal_spi.c **** 
 5225              		.loc 1 3043 1 is_stmt 0 view .LVU1768
 5226 0020 08BD     		pop	{r3, pc}
 5227              		.cfi_endproc
 5228              	.LFE100:
 5230              		.section	.text.SPI_DMATransmitCplt,"ax",%progbits
 5231              		.align	1
 5232              		.syntax unified
 5233              		.thumb
 5234              		.thumb_func
 5236              	SPI_DMATransmitCplt:
 5237              	.LVL306:
 5238              	.LFB94:
2729:Drivers/STM32F1xx_HAL_Driver/Src/stm32f1xx_hal_spi.c ****   SPI_HandleTypeDef *hspi = (SPI_HandleTypeDef *)(((DMA_HandleTypeDef *)hdma)->Parent);
 5239              		.loc 1 2729 1 is_stmt 1 view -0
 5240              		.cfi_startproc
 5241              		@ args = 0, pretend = 0, frame = 8
 5242              		@ frame_needed = 0, uses_anonymous_args = 0
2729:Drivers/STM32F1xx_HAL_Driver/Src/stm32f1xx_hal_spi.c ****   SPI_HandleTypeDef *hspi = (SPI_HandleTypeDef *)(((DMA_HandleTypeDef *)hdma)->Parent);
 5243              		.loc 1 2729 1 is_stmt 0 view .LVU1770
 5244 0000 30B5     		push	{r4, r5, lr}
 5245              		.cfi_def_cfa_offset 12
 5246              		.cfi_offset 4, -12
 5247              		.cfi_offset 5, -8
 5248              		.cfi_offset 14, -4
 5249 0002 83B0     		sub	sp, sp, #12
 5250              		.cfi_def_cfa_offset 24
 5251 0004 0546     		mov	r5, r0
2730:Drivers/STM32F1xx_HAL_Driver/Src/stm32f1xx_hal_spi.c ****   uint32_t tickstart;
 5252              		.loc 1 2730 3 is_stmt 1 view .LVU1771
2730:Drivers/STM32F1xx_HAL_Driver/Src/stm32f1xx_hal_spi.c ****   uint32_t tickstart;
 5253              		.loc 1 2730 22 is_stmt 0 view .LVU1772
 5254 0006 446A     		ldr	r4, [r0, #36]
ARM GAS  /tmp/cctmCgKp.s 			page 192


 5255              	.LVL307:
2731:Drivers/STM32F1xx_HAL_Driver/Src/stm32f1xx_hal_spi.c **** 
 5256              		.loc 1 2731 3 is_stmt 1 view .LVU1773
2734:Drivers/STM32F1xx_HAL_Driver/Src/stm32f1xx_hal_spi.c **** 
 5257              		.loc 1 2734 3 view .LVU1774
2734:Drivers/STM32F1xx_HAL_Driver/Src/stm32f1xx_hal_spi.c **** 
 5258              		.loc 1 2734 15 is_stmt 0 view .LVU1775
 5259 0008 FFF7FEFF 		bl	HAL_GetTick
 5260              	.LVL308:
2737:Drivers/STM32F1xx_HAL_Driver/Src/stm32f1xx_hal_spi.c ****   {
 5261              		.loc 1 2737 3 is_stmt 1 view .LVU1776
2737:Drivers/STM32F1xx_HAL_Driver/Src/stm32f1xx_hal_spi.c ****   {
 5262              		.loc 1 2737 12 is_stmt 0 view .LVU1777
 5263 000c 2B68     		ldr	r3, [r5]
2737:Drivers/STM32F1xx_HAL_Driver/Src/stm32f1xx_hal_spi.c ****   {
 5264              		.loc 1 2737 22 view .LVU1778
 5265 000e 1B68     		ldr	r3, [r3]
2737:Drivers/STM32F1xx_HAL_Driver/Src/stm32f1xx_hal_spi.c ****   {
 5266              		.loc 1 2737 6 view .LVU1779
 5267 0010 13F0200F 		tst	r3, #32
 5268 0014 23D1     		bne	.L364
 5269 0016 0246     		mov	r2, r0
2740:Drivers/STM32F1xx_HAL_Driver/Src/stm32f1xx_hal_spi.c **** 
 5270              		.loc 1 2740 5 is_stmt 1 view .LVU1780
 5271 0018 2168     		ldr	r1, [r4]
 5272 001a 4B68     		ldr	r3, [r1, #4]
 5273 001c 23F02003 		bic	r3, r3, #32
 5274 0020 4B60     		str	r3, [r1, #4]
2743:Drivers/STM32F1xx_HAL_Driver/Src/stm32f1xx_hal_spi.c **** 
 5275              		.loc 1 2743 5 view .LVU1781
 5276 0022 2168     		ldr	r1, [r4]
 5277 0024 4B68     		ldr	r3, [r1, #4]
 5278 0026 23F00203 		bic	r3, r3, #2
 5279 002a 4B60     		str	r3, [r1, #4]
2746:Drivers/STM32F1xx_HAL_Driver/Src/stm32f1xx_hal_spi.c ****     {
 5280              		.loc 1 2746 5 view .LVU1782
2746:Drivers/STM32F1xx_HAL_Driver/Src/stm32f1xx_hal_spi.c ****     {
 5281              		.loc 1 2746 9 is_stmt 0 view .LVU1783
 5282 002c 6421     		movs	r1, #100
 5283 002e 2046     		mov	r0, r4
 5284              	.LVL309:
2746:Drivers/STM32F1xx_HAL_Driver/Src/stm32f1xx_hal_spi.c ****     {
 5285              		.loc 1 2746 9 view .LVU1784
 5286 0030 FFF7FEFF 		bl	SPI_EndRxTxTransaction
 5287              	.LVL310:
2746:Drivers/STM32F1xx_HAL_Driver/Src/stm32f1xx_hal_spi.c ****     {
 5288              		.loc 1 2746 8 discriminator 1 view .LVU1785
 5289 0034 18B1     		cbz	r0, .L365
2748:Drivers/STM32F1xx_HAL_Driver/Src/stm32f1xx_hal_spi.c ****     }
 5290              		.loc 1 2748 7 is_stmt 1 view .LVU1786
 5291 0036 636D     		ldr	r3, [r4, #84]
 5292 0038 43F02003 		orr	r3, r3, #32
 5293 003c 6365     		str	r3, [r4, #84]
 5294              	.L365:
2752:Drivers/STM32F1xx_HAL_Driver/Src/stm32f1xx_hal_spi.c ****     {
 5295              		.loc 1 2752 5 view .LVU1787
2752:Drivers/STM32F1xx_HAL_Driver/Src/stm32f1xx_hal_spi.c ****     {
ARM GAS  /tmp/cctmCgKp.s 			page 193


 5296              		.loc 1 2752 19 is_stmt 0 view .LVU1788
 5297 003e A368     		ldr	r3, [r4, #8]
2752:Drivers/STM32F1xx_HAL_Driver/Src/stm32f1xx_hal_spi.c ****     {
 5298              		.loc 1 2752 8 view .LVU1789
 5299 0040 33B9     		cbnz	r3, .L366
2754:Drivers/STM32F1xx_HAL_Driver/Src/stm32f1xx_hal_spi.c ****     }
 5300              		.loc 1 2754 7 is_stmt 1 view .LVU1790
 5301              	.LBB8:
2754:Drivers/STM32F1xx_HAL_Driver/Src/stm32f1xx_hal_spi.c ****     }
 5302              		.loc 1 2754 7 view .LVU1791
 5303 0042 0193     		str	r3, [sp, #4]
2754:Drivers/STM32F1xx_HAL_Driver/Src/stm32f1xx_hal_spi.c ****     }
 5304              		.loc 1 2754 7 view .LVU1792
 5305 0044 2368     		ldr	r3, [r4]
 5306 0046 DA68     		ldr	r2, [r3, #12]
 5307 0048 0192     		str	r2, [sp, #4]
2754:Drivers/STM32F1xx_HAL_Driver/Src/stm32f1xx_hal_spi.c ****     }
 5308              		.loc 1 2754 7 view .LVU1793
 5309 004a 9B68     		ldr	r3, [r3, #8]
 5310 004c 0193     		str	r3, [sp, #4]
2754:Drivers/STM32F1xx_HAL_Driver/Src/stm32f1xx_hal_spi.c ****     }
 5311              		.loc 1 2754 7 view .LVU1794
 5312 004e 019B     		ldr	r3, [sp, #4]
 5313              	.L366:
 5314              	.LBE8:
2754:Drivers/STM32F1xx_HAL_Driver/Src/stm32f1xx_hal_spi.c ****     }
 5315              		.loc 1 2754 7 discriminator 1 view .LVU1795
2757:Drivers/STM32F1xx_HAL_Driver/Src/stm32f1xx_hal_spi.c ****     hspi->State = HAL_SPI_STATE_READY;
 5316              		.loc 1 2757 5 view .LVU1796
2757:Drivers/STM32F1xx_HAL_Driver/Src/stm32f1xx_hal_spi.c ****     hspi->State = HAL_SPI_STATE_READY;
 5317              		.loc 1 2757 23 is_stmt 0 view .LVU1797
 5318 0050 0023     		movs	r3, #0
 5319 0052 E386     		strh	r3, [r4, #54]	@ movhi
2758:Drivers/STM32F1xx_HAL_Driver/Src/stm32f1xx_hal_spi.c **** 
 5320              		.loc 1 2758 5 is_stmt 1 view .LVU1798
2758:Drivers/STM32F1xx_HAL_Driver/Src/stm32f1xx_hal_spi.c **** 
 5321              		.loc 1 2758 17 is_stmt 0 view .LVU1799
 5322 0054 0123     		movs	r3, #1
 5323 0056 84F85130 		strb	r3, [r4, #81]
2760:Drivers/STM32F1xx_HAL_Driver/Src/stm32f1xx_hal_spi.c ****     {
 5324              		.loc 1 2760 5 is_stmt 1 view .LVU1800
2760:Drivers/STM32F1xx_HAL_Driver/Src/stm32f1xx_hal_spi.c ****     {
 5325              		.loc 1 2760 13 is_stmt 0 view .LVU1801
 5326 005a 636D     		ldr	r3, [r4, #84]
2760:Drivers/STM32F1xx_HAL_Driver/Src/stm32f1xx_hal_spi.c ****     {
 5327              		.loc 1 2760 8 view .LVU1802
 5328 005c 23B9     		cbnz	r3, .L369
 5329              	.L364:
2775:Drivers/STM32F1xx_HAL_Driver/Src/stm32f1xx_hal_spi.c **** #endif /* USE_HAL_SPI_REGISTER_CALLBACKS */
 5330              		.loc 1 2775 3 is_stmt 1 view .LVU1803
 5331 005e 2046     		mov	r0, r4
 5332 0060 FFF7FEFF 		bl	HAL_SPI_TxCpltCallback
 5333              	.LVL311:
 5334              	.L363:
2777:Drivers/STM32F1xx_HAL_Driver/Src/stm32f1xx_hal_spi.c **** 
 5335              		.loc 1 2777 1 is_stmt 0 view .LVU1804
 5336 0064 03B0     		add	sp, sp, #12
ARM GAS  /tmp/cctmCgKp.s 			page 194


 5337              		.cfi_remember_state
 5338              		.cfi_def_cfa_offset 12
 5339              		@ sp needed
 5340 0066 30BD     		pop	{r4, r5, pc}
 5341              	.LVL312:
 5342              	.L369:
 5343              		.cfi_restore_state
2766:Drivers/STM32F1xx_HAL_Driver/Src/stm32f1xx_hal_spi.c **** #endif /* USE_HAL_SPI_REGISTER_CALLBACKS */
 5344              		.loc 1 2766 7 is_stmt 1 view .LVU1805
 5345 0068 2046     		mov	r0, r4
 5346 006a FFF7FEFF 		bl	HAL_SPI_ErrorCallback
 5347              	.LVL313:
2768:Drivers/STM32F1xx_HAL_Driver/Src/stm32f1xx_hal_spi.c ****     }
 5348              		.loc 1 2768 7 view .LVU1806
 5349 006e F9E7     		b	.L363
 5350              		.cfi_endproc
 5351              	.LFE94:
 5353              		.section	.text.SPI_DMAReceiveCplt,"ax",%progbits
 5354              		.align	1
 5355              		.syntax unified
 5356              		.thumb
 5357              		.thumb_func
 5359              	SPI_DMAReceiveCplt:
 5360              	.LVL314:
 5361              	.LFB95:
2786:Drivers/STM32F1xx_HAL_Driver/Src/stm32f1xx_hal_spi.c ****   SPI_HandleTypeDef *hspi = (SPI_HandleTypeDef *)(((DMA_HandleTypeDef *)hdma)->Parent);
 5362              		.loc 1 2786 1 view -0
 5363              		.cfi_startproc
 5364              		@ args = 0, pretend = 0, frame = 0
 5365              		@ frame_needed = 0, uses_anonymous_args = 0
2786:Drivers/STM32F1xx_HAL_Driver/Src/stm32f1xx_hal_spi.c ****   SPI_HandleTypeDef *hspi = (SPI_HandleTypeDef *)(((DMA_HandleTypeDef *)hdma)->Parent);
 5366              		.loc 1 2786 1 is_stmt 0 view .LVU1808
 5367 0000 38B5     		push	{r3, r4, r5, lr}
 5368              		.cfi_def_cfa_offset 16
 5369              		.cfi_offset 3, -16
 5370              		.cfi_offset 4, -12
 5371              		.cfi_offset 5, -8
 5372              		.cfi_offset 14, -4
 5373 0002 0546     		mov	r5, r0
2787:Drivers/STM32F1xx_HAL_Driver/Src/stm32f1xx_hal_spi.c ****   uint32_t tickstart;
 5374              		.loc 1 2787 3 is_stmt 1 view .LVU1809
2787:Drivers/STM32F1xx_HAL_Driver/Src/stm32f1xx_hal_spi.c ****   uint32_t tickstart;
 5375              		.loc 1 2787 22 is_stmt 0 view .LVU1810
 5376 0004 446A     		ldr	r4, [r0, #36]
 5377              	.LVL315:
2788:Drivers/STM32F1xx_HAL_Driver/Src/stm32f1xx_hal_spi.c **** #if (USE_SPI_CRC != 0U)
 5378              		.loc 1 2788 3 is_stmt 1 view .LVU1811
2794:Drivers/STM32F1xx_HAL_Driver/Src/stm32f1xx_hal_spi.c **** 
 5379              		.loc 1 2794 3 view .LVU1812
2794:Drivers/STM32F1xx_HAL_Driver/Src/stm32f1xx_hal_spi.c **** 
 5380              		.loc 1 2794 15 is_stmt 0 view .LVU1813
 5381 0006 FFF7FEFF 		bl	HAL_GetTick
 5382              	.LVL316:
2797:Drivers/STM32F1xx_HAL_Driver/Src/stm32f1xx_hal_spi.c ****   {
 5383              		.loc 1 2797 3 is_stmt 1 view .LVU1814
2797:Drivers/STM32F1xx_HAL_Driver/Src/stm32f1xx_hal_spi.c ****   {
 5384              		.loc 1 2797 12 is_stmt 0 view .LVU1815
ARM GAS  /tmp/cctmCgKp.s 			page 195


 5385 000a 2B68     		ldr	r3, [r5]
2797:Drivers/STM32F1xx_HAL_Driver/Src/stm32f1xx_hal_spi.c ****   {
 5386              		.loc 1 2797 22 view .LVU1816
 5387 000c 1B68     		ldr	r3, [r3]
2797:Drivers/STM32F1xx_HAL_Driver/Src/stm32f1xx_hal_spi.c ****   {
 5388              		.loc 1 2797 6 view .LVU1817
 5389 000e 13F0200F 		tst	r3, #32
 5390 0012 1ED1     		bne	.L371
 5391 0014 0246     		mov	r2, r0
2800:Drivers/STM32F1xx_HAL_Driver/Src/stm32f1xx_hal_spi.c **** 
 5392              		.loc 1 2800 5 is_stmt 1 view .LVU1818
 5393 0016 2168     		ldr	r1, [r4]
 5394 0018 4B68     		ldr	r3, [r1, #4]
 5395 001a 23F02003 		bic	r3, r3, #32
 5396 001e 4B60     		str	r3, [r1, #4]
2820:Drivers/STM32F1xx_HAL_Driver/Src/stm32f1xx_hal_spi.c ****     {
 5397              		.loc 1 2820 5 view .LVU1819
2820:Drivers/STM32F1xx_HAL_Driver/Src/stm32f1xx_hal_spi.c ****     {
 5398              		.loc 1 2820 20 is_stmt 0 view .LVU1820
 5399 0020 A368     		ldr	r3, [r4, #8]
2820:Drivers/STM32F1xx_HAL_Driver/Src/stm32f1xx_hal_spi.c ****     {
 5400              		.loc 1 2820 8 view .LVU1821
 5401 0022 1BB9     		cbnz	r3, .L372
2820:Drivers/STM32F1xx_HAL_Driver/Src/stm32f1xx_hal_spi.c ****     {
 5402              		.loc 1 2820 70 discriminator 1 view .LVU1822
 5403 0024 6368     		ldr	r3, [r4, #4]
2820:Drivers/STM32F1xx_HAL_Driver/Src/stm32f1xx_hal_spi.c ****     {
 5404              		.loc 1 2820 56 discriminator 1 view .LVU1823
 5405 0026 B3F5827F 		cmp	r3, #260
 5406 002a 16D0     		beq	.L377
 5407              	.L372:
2828:Drivers/STM32F1xx_HAL_Driver/Src/stm32f1xx_hal_spi.c ****     }
 5408              		.loc 1 2828 7 is_stmt 1 view .LVU1824
 5409 002c 2168     		ldr	r1, [r4]
 5410 002e 4B68     		ldr	r3, [r1, #4]
 5411 0030 23F00103 		bic	r3, r3, #1
 5412 0034 4B60     		str	r3, [r1, #4]
 5413              	.L373:
2832:Drivers/STM32F1xx_HAL_Driver/Src/stm32f1xx_hal_spi.c ****     {
 5414              		.loc 1 2832 5 view .LVU1825
2832:Drivers/STM32F1xx_HAL_Driver/Src/stm32f1xx_hal_spi.c ****     {
 5415              		.loc 1 2832 9 is_stmt 0 view .LVU1826
 5416 0036 6421     		movs	r1, #100
 5417 0038 2046     		mov	r0, r4
 5418              	.LVL317:
2832:Drivers/STM32F1xx_HAL_Driver/Src/stm32f1xx_hal_spi.c ****     {
 5419              		.loc 1 2832 9 view .LVU1827
 5420 003a FFF7FEFF 		bl	SPI_EndRxTransaction
 5421              	.LVL318:
2832:Drivers/STM32F1xx_HAL_Driver/Src/stm32f1xx_hal_spi.c ****     {
 5422              		.loc 1 2832 8 discriminator 1 view .LVU1828
 5423 003e 08B1     		cbz	r0, .L374
2834:Drivers/STM32F1xx_HAL_Driver/Src/stm32f1xx_hal_spi.c ****     }
 5424              		.loc 1 2834 7 is_stmt 1 view .LVU1829
2834:Drivers/STM32F1xx_HAL_Driver/Src/stm32f1xx_hal_spi.c ****     }
 5425              		.loc 1 2834 23 is_stmt 0 view .LVU1830
 5426 0040 2023     		movs	r3, #32
ARM GAS  /tmp/cctmCgKp.s 			page 196


 5427 0042 6365     		str	r3, [r4, #84]
 5428              	.L374:
2837:Drivers/STM32F1xx_HAL_Driver/Src/stm32f1xx_hal_spi.c ****     hspi->State = HAL_SPI_STATE_READY;
 5429              		.loc 1 2837 5 is_stmt 1 view .LVU1831
2837:Drivers/STM32F1xx_HAL_Driver/Src/stm32f1xx_hal_spi.c ****     hspi->State = HAL_SPI_STATE_READY;
 5430              		.loc 1 2837 23 is_stmt 0 view .LVU1832
 5431 0044 0023     		movs	r3, #0
 5432 0046 E387     		strh	r3, [r4, #62]	@ movhi
2838:Drivers/STM32F1xx_HAL_Driver/Src/stm32f1xx_hal_spi.c **** 
 5433              		.loc 1 2838 5 is_stmt 1 view .LVU1833
2838:Drivers/STM32F1xx_HAL_Driver/Src/stm32f1xx_hal_spi.c **** 
 5434              		.loc 1 2838 17 is_stmt 0 view .LVU1834
 5435 0048 0123     		movs	r3, #1
 5436 004a 84F85130 		strb	r3, [r4, #81]
2859:Drivers/STM32F1xx_HAL_Driver/Src/stm32f1xx_hal_spi.c ****     {
 5437              		.loc 1 2859 5 is_stmt 1 view .LVU1835
2859:Drivers/STM32F1xx_HAL_Driver/Src/stm32f1xx_hal_spi.c ****     {
 5438              		.loc 1 2859 13 is_stmt 0 view .LVU1836
 5439 004e 636D     		ldr	r3, [r4, #84]
2859:Drivers/STM32F1xx_HAL_Driver/Src/stm32f1xx_hal_spi.c ****     {
 5440              		.loc 1 2859 8 view .LVU1837
 5441 0050 4BB9     		cbnz	r3, .L378
 5442              	.L371:
2874:Drivers/STM32F1xx_HAL_Driver/Src/stm32f1xx_hal_spi.c **** #endif /* USE_HAL_SPI_REGISTER_CALLBACKS */
 5443              		.loc 1 2874 3 is_stmt 1 view .LVU1838
 5444 0052 2046     		mov	r0, r4
 5445 0054 FFF7FEFF 		bl	HAL_SPI_RxCpltCallback
 5446              	.LVL319:
 5447              	.L370:
2876:Drivers/STM32F1xx_HAL_Driver/Src/stm32f1xx_hal_spi.c **** 
 5448              		.loc 1 2876 1 is_stmt 0 view .LVU1839
 5449 0058 38BD     		pop	{r3, r4, r5, pc}
 5450              	.LVL320:
 5451              	.L377:
2823:Drivers/STM32F1xx_HAL_Driver/Src/stm32f1xx_hal_spi.c ****     }
 5452              		.loc 1 2823 7 is_stmt 1 view .LVU1840
 5453 005a 2168     		ldr	r1, [r4]
 5454 005c 4B68     		ldr	r3, [r1, #4]
 5455 005e 23F00303 		bic	r3, r3, #3
 5456 0062 4B60     		str	r3, [r1, #4]
 5457 0064 E7E7     		b	.L373
 5458              	.LVL321:
 5459              	.L378:
2865:Drivers/STM32F1xx_HAL_Driver/Src/stm32f1xx_hal_spi.c **** #endif /* USE_HAL_SPI_REGISTER_CALLBACKS */
 5460              		.loc 1 2865 7 view .LVU1841
 5461 0066 2046     		mov	r0, r4
 5462 0068 FFF7FEFF 		bl	HAL_SPI_ErrorCallback
 5463              	.LVL322:
2867:Drivers/STM32F1xx_HAL_Driver/Src/stm32f1xx_hal_spi.c ****     }
 5464              		.loc 1 2867 7 view .LVU1842
 5465 006c F4E7     		b	.L370
 5466              		.cfi_endproc
 5467              	.LFE95:
 5469              		.section	.text.SPI_DMATransmitReceiveCplt,"ax",%progbits
 5470              		.align	1
 5471              		.syntax unified
 5472              		.thumb
ARM GAS  /tmp/cctmCgKp.s 			page 197


 5473              		.thumb_func
 5475              	SPI_DMATransmitReceiveCplt:
 5476              	.LVL323:
 5477              	.LFB96:
2885:Drivers/STM32F1xx_HAL_Driver/Src/stm32f1xx_hal_spi.c ****   SPI_HandleTypeDef *hspi = (SPI_HandleTypeDef *)(((DMA_HandleTypeDef *)hdma)->Parent);
 5478              		.loc 1 2885 1 view -0
 5479              		.cfi_startproc
 5480              		@ args = 0, pretend = 0, frame = 0
 5481              		@ frame_needed = 0, uses_anonymous_args = 0
2885:Drivers/STM32F1xx_HAL_Driver/Src/stm32f1xx_hal_spi.c ****   SPI_HandleTypeDef *hspi = (SPI_HandleTypeDef *)(((DMA_HandleTypeDef *)hdma)->Parent);
 5482              		.loc 1 2885 1 is_stmt 0 view .LVU1844
 5483 0000 38B5     		push	{r3, r4, r5, lr}
 5484              		.cfi_def_cfa_offset 16
 5485              		.cfi_offset 3, -16
 5486              		.cfi_offset 4, -12
 5487              		.cfi_offset 5, -8
 5488              		.cfi_offset 14, -4
 5489 0002 0546     		mov	r5, r0
2886:Drivers/STM32F1xx_HAL_Driver/Src/stm32f1xx_hal_spi.c ****   uint32_t tickstart;
 5490              		.loc 1 2886 3 is_stmt 1 view .LVU1845
2886:Drivers/STM32F1xx_HAL_Driver/Src/stm32f1xx_hal_spi.c ****   uint32_t tickstart;
 5491              		.loc 1 2886 22 is_stmt 0 view .LVU1846
 5492 0004 446A     		ldr	r4, [r0, #36]
 5493              	.LVL324:
2887:Drivers/STM32F1xx_HAL_Driver/Src/stm32f1xx_hal_spi.c **** #if (USE_SPI_CRC != 0U)
 5494              		.loc 1 2887 3 is_stmt 1 view .LVU1847
2893:Drivers/STM32F1xx_HAL_Driver/Src/stm32f1xx_hal_spi.c **** 
 5495              		.loc 1 2893 3 view .LVU1848
2893:Drivers/STM32F1xx_HAL_Driver/Src/stm32f1xx_hal_spi.c **** 
 5496              		.loc 1 2893 15 is_stmt 0 view .LVU1849
 5497 0006 FFF7FEFF 		bl	HAL_GetTick
 5498              	.LVL325:
2896:Drivers/STM32F1xx_HAL_Driver/Src/stm32f1xx_hal_spi.c ****   {
 5499              		.loc 1 2896 3 is_stmt 1 view .LVU1850
2896:Drivers/STM32F1xx_HAL_Driver/Src/stm32f1xx_hal_spi.c ****   {
 5500              		.loc 1 2896 12 is_stmt 0 view .LVU1851
 5501 000a 2B68     		ldr	r3, [r5]
2896:Drivers/STM32F1xx_HAL_Driver/Src/stm32f1xx_hal_spi.c ****   {
 5502              		.loc 1 2896 22 view .LVU1852
 5503 000c 1B68     		ldr	r3, [r3]
2896:Drivers/STM32F1xx_HAL_Driver/Src/stm32f1xx_hal_spi.c ****   {
 5504              		.loc 1 2896 6 view .LVU1853
 5505 000e 13F0200F 		tst	r3, #32
 5506 0012 1BD1     		bne	.L380
 5507 0014 0246     		mov	r2, r0
2899:Drivers/STM32F1xx_HAL_Driver/Src/stm32f1xx_hal_spi.c **** 
 5508              		.loc 1 2899 5 is_stmt 1 view .LVU1854
 5509 0016 2168     		ldr	r1, [r4]
 5510 0018 4B68     		ldr	r3, [r1, #4]
 5511 001a 23F02003 		bic	r3, r3, #32
 5512 001e 4B60     		str	r3, [r1, #4]
2918:Drivers/STM32F1xx_HAL_Driver/Src/stm32f1xx_hal_spi.c ****     {
 5513              		.loc 1 2918 5 view .LVU1855
2918:Drivers/STM32F1xx_HAL_Driver/Src/stm32f1xx_hal_spi.c ****     {
 5514              		.loc 1 2918 9 is_stmt 0 view .LVU1856
 5515 0020 6421     		movs	r1, #100
 5516 0022 2046     		mov	r0, r4
ARM GAS  /tmp/cctmCgKp.s 			page 198


 5517              	.LVL326:
2918:Drivers/STM32F1xx_HAL_Driver/Src/stm32f1xx_hal_spi.c ****     {
 5518              		.loc 1 2918 9 view .LVU1857
 5519 0024 FFF7FEFF 		bl	SPI_EndRxTxTransaction
 5520              	.LVL327:
2918:Drivers/STM32F1xx_HAL_Driver/Src/stm32f1xx_hal_spi.c ****     {
 5521              		.loc 1 2918 8 discriminator 1 view .LVU1858
 5522 0028 18B1     		cbz	r0, .L381
2920:Drivers/STM32F1xx_HAL_Driver/Src/stm32f1xx_hal_spi.c ****     }
 5523              		.loc 1 2920 7 is_stmt 1 view .LVU1859
 5524 002a 636D     		ldr	r3, [r4, #84]
 5525 002c 43F02003 		orr	r3, r3, #32
 5526 0030 6365     		str	r3, [r4, #84]
 5527              	.L381:
2924:Drivers/STM32F1xx_HAL_Driver/Src/stm32f1xx_hal_spi.c **** 
 5528              		.loc 1 2924 5 view .LVU1860
 5529 0032 2268     		ldr	r2, [r4]
 5530 0034 5368     		ldr	r3, [r2, #4]
 5531 0036 23F00303 		bic	r3, r3, #3
 5532 003a 5360     		str	r3, [r2, #4]
2926:Drivers/STM32F1xx_HAL_Driver/Src/stm32f1xx_hal_spi.c ****     hspi->RxXferCount = 0U;
 5533              		.loc 1 2926 5 view .LVU1861
2926:Drivers/STM32F1xx_HAL_Driver/Src/stm32f1xx_hal_spi.c ****     hspi->RxXferCount = 0U;
 5534              		.loc 1 2926 23 is_stmt 0 view .LVU1862
 5535 003c 0023     		movs	r3, #0
 5536 003e E386     		strh	r3, [r4, #54]	@ movhi
2927:Drivers/STM32F1xx_HAL_Driver/Src/stm32f1xx_hal_spi.c ****     hspi->State = HAL_SPI_STATE_READY;
 5537              		.loc 1 2927 5 is_stmt 1 view .LVU1863
2927:Drivers/STM32F1xx_HAL_Driver/Src/stm32f1xx_hal_spi.c ****     hspi->State = HAL_SPI_STATE_READY;
 5538              		.loc 1 2927 23 is_stmt 0 view .LVU1864
 5539 0040 E387     		strh	r3, [r4, #62]	@ movhi
2928:Drivers/STM32F1xx_HAL_Driver/Src/stm32f1xx_hal_spi.c **** 
 5540              		.loc 1 2928 5 is_stmt 1 view .LVU1865
2928:Drivers/STM32F1xx_HAL_Driver/Src/stm32f1xx_hal_spi.c **** 
 5541              		.loc 1 2928 17 is_stmt 0 view .LVU1866
 5542 0042 0123     		movs	r3, #1
 5543 0044 84F85130 		strb	r3, [r4, #81]
2949:Drivers/STM32F1xx_HAL_Driver/Src/stm32f1xx_hal_spi.c ****     {
 5544              		.loc 1 2949 5 is_stmt 1 view .LVU1867
2949:Drivers/STM32F1xx_HAL_Driver/Src/stm32f1xx_hal_spi.c ****     {
 5545              		.loc 1 2949 13 is_stmt 0 view .LVU1868
 5546 0048 636D     		ldr	r3, [r4, #84]
2949:Drivers/STM32F1xx_HAL_Driver/Src/stm32f1xx_hal_spi.c ****     {
 5547              		.loc 1 2949 8 view .LVU1869
 5548 004a 1BB9     		cbnz	r3, .L384
 5549              	.L380:
2964:Drivers/STM32F1xx_HAL_Driver/Src/stm32f1xx_hal_spi.c **** #endif /* USE_HAL_SPI_REGISTER_CALLBACKS */
 5550              		.loc 1 2964 3 is_stmt 1 view .LVU1870
 5551 004c 2046     		mov	r0, r4
 5552 004e FFF7FEFF 		bl	HAL_SPI_TxRxCpltCallback
 5553              	.LVL328:
 5554              	.L379:
2966:Drivers/STM32F1xx_HAL_Driver/Src/stm32f1xx_hal_spi.c **** 
 5555              		.loc 1 2966 1 is_stmt 0 view .LVU1871
 5556 0052 38BD     		pop	{r3, r4, r5, pc}
 5557              	.LVL329:
 5558              	.L384:
ARM GAS  /tmp/cctmCgKp.s 			page 199


2955:Drivers/STM32F1xx_HAL_Driver/Src/stm32f1xx_hal_spi.c **** #endif /* USE_HAL_SPI_REGISTER_CALLBACKS */
 5559              		.loc 1 2955 7 is_stmt 1 view .LVU1872
 5560 0054 2046     		mov	r0, r4
 5561 0056 FFF7FEFF 		bl	HAL_SPI_ErrorCallback
 5562              	.LVL330:
2957:Drivers/STM32F1xx_HAL_Driver/Src/stm32f1xx_hal_spi.c ****     }
 5563              		.loc 1 2957 7 view .LVU1873
 5564 005a FAE7     		b	.L379
 5565              		.cfi_endproc
 5566              	.LFE96:
 5568              		.section	.text.HAL_SPI_IRQHandler,"ax",%progbits
 5569              		.align	1
 5570              		.global	HAL_SPI_IRQHandler
 5571              		.syntax unified
 5572              		.thumb
 5573              		.thumb_func
 5575              	HAL_SPI_IRQHandler:
 5576              	.LVL331:
 5577              	.LFB83:
2441:Drivers/STM32F1xx_HAL_Driver/Src/stm32f1xx_hal_spi.c ****   uint32_t itsource = hspi->Instance->CR2;
 5578              		.loc 1 2441 1 view -0
 5579              		.cfi_startproc
 5580              		@ args = 0, pretend = 0, frame = 16
 5581              		@ frame_needed = 0, uses_anonymous_args = 0
2441:Drivers/STM32F1xx_HAL_Driver/Src/stm32f1xx_hal_spi.c ****   uint32_t itsource = hspi->Instance->CR2;
 5582              		.loc 1 2441 1 is_stmt 0 view .LVU1875
 5583 0000 30B5     		push	{r4, r5, lr}
 5584              		.cfi_def_cfa_offset 12
 5585              		.cfi_offset 4, -12
 5586              		.cfi_offset 5, -8
 5587              		.cfi_offset 14, -4
 5588 0002 85B0     		sub	sp, sp, #20
 5589              		.cfi_def_cfa_offset 32
 5590 0004 0446     		mov	r4, r0
2442:Drivers/STM32F1xx_HAL_Driver/Src/stm32f1xx_hal_spi.c ****   uint32_t itflag   = hspi->Instance->SR;
 5591              		.loc 1 2442 3 is_stmt 1 view .LVU1876
2442:Drivers/STM32F1xx_HAL_Driver/Src/stm32f1xx_hal_spi.c ****   uint32_t itflag   = hspi->Instance->SR;
 5592              		.loc 1 2442 27 is_stmt 0 view .LVU1877
 5593 0006 0268     		ldr	r2, [r0]
2442:Drivers/STM32F1xx_HAL_Driver/Src/stm32f1xx_hal_spi.c ****   uint32_t itflag   = hspi->Instance->SR;
 5594              		.loc 1 2442 12 view .LVU1878
 5595 0008 5168     		ldr	r1, [r2, #4]
 5596              	.LVL332:
2443:Drivers/STM32F1xx_HAL_Driver/Src/stm32f1xx_hal_spi.c **** 
 5597              		.loc 1 2443 3 is_stmt 1 view .LVU1879
2443:Drivers/STM32F1xx_HAL_Driver/Src/stm32f1xx_hal_spi.c **** 
 5598              		.loc 1 2443 12 is_stmt 0 view .LVU1880
 5599 000a 9368     		ldr	r3, [r2, #8]
 5600              	.LVL333:
2446:Drivers/STM32F1xx_HAL_Driver/Src/stm32f1xx_hal_spi.c ****       (SPI_CHECK_FLAG(itflag, SPI_FLAG_RXNE) != RESET) && (SPI_CHECK_IT_SOURCE(itsource, SPI_IT_RXN
 5601              		.loc 1 2446 3 is_stmt 1 view .LVU1881
 5602 000c C3F38010 		ubfx	r0, r3, #6, #1
 5603              	.LVL334:
2446:Drivers/STM32F1xx_HAL_Driver/Src/stm32f1xx_hal_spi.c ****       (SPI_CHECK_FLAG(itflag, SPI_FLAG_RXNE) != RESET) && (SPI_CHECK_IT_SOURCE(itsource, SPI_IT_RXN
 5604              		.loc 1 2446 6 is_stmt 0 view .LVU1882
 5605 0010 13F0400F 		tst	r3, #64
 5606 0014 05D1     		bne	.L386
ARM GAS  /tmp/cctmCgKp.s 			page 200


2446:Drivers/STM32F1xx_HAL_Driver/Src/stm32f1xx_hal_spi.c ****       (SPI_CHECK_FLAG(itflag, SPI_FLAG_RXNE) != RESET) && (SPI_CHECK_IT_SOURCE(itsource, SPI_IT_RXN
 5607              		.loc 1 2446 55 discriminator 1 view .LVU1883
 5608 0016 13F0010F 		tst	r3, #1
 5609 001a 02D0     		beq	.L386
2447:Drivers/STM32F1xx_HAL_Driver/Src/stm32f1xx_hal_spi.c ****   {
 5610              		.loc 1 2447 56 view .LVU1884
 5611 001c 11F0400F 		tst	r1, #64
 5612 0020 59D1     		bne	.L397
 5613              	.L386:
2454:Drivers/STM32F1xx_HAL_Driver/Src/stm32f1xx_hal_spi.c ****   {
 5614              		.loc 1 2454 3 is_stmt 1 view .LVU1885
2454:Drivers/STM32F1xx_HAL_Driver/Src/stm32f1xx_hal_spi.c ****   {
 5615              		.loc 1 2454 6 is_stmt 0 view .LVU1886
 5616 0022 13F0020F 		tst	r3, #2
 5617 0026 02D0     		beq	.L388
2454:Drivers/STM32F1xx_HAL_Driver/Src/stm32f1xx_hal_spi.c ****   {
 5618              		.loc 1 2454 55 discriminator 1 view .LVU1887
 5619 0028 11F0800F 		tst	r1, #128
 5620 002c 57D1     		bne	.L398
 5621              	.L388:
2461:Drivers/STM32F1xx_HAL_Driver/Src/stm32f1xx_hal_spi.c ****       && (SPI_CHECK_IT_SOURCE(itsource, SPI_IT_ERR) != RESET))
 5622              		.loc 1 2461 3 is_stmt 1 view .LVU1888
 5623 002e C3F34015 		ubfx	r5, r3, #5, #1
2461:Drivers/STM32F1xx_HAL_Driver/Src/stm32f1xx_hal_spi.c ****       && (SPI_CHECK_IT_SOURCE(itsource, SPI_IT_ERR) != RESET))
 5624              		.loc 1 2461 6 is_stmt 0 view .LVU1889
 5625 0032 13F0200F 		tst	r3, #32
 5626 0036 01D1     		bne	.L389
2461:Drivers/STM32F1xx_HAL_Driver/Src/stm32f1xx_hal_spi.c ****       && (SPI_CHECK_IT_SOURCE(itsource, SPI_IT_ERR) != RESET))
 5627              		.loc 1 2461 57 discriminator 1 view .LVU1890
 5628 0038 0028     		cmp	r0, #0
 5629 003a 53D0     		beq	.L385
 5630              	.L389:
2462:Drivers/STM32F1xx_HAL_Driver/Src/stm32f1xx_hal_spi.c ****   {
 5631              		.loc 1 2462 7 view .LVU1891
 5632 003c 11F0200F 		tst	r1, #32
 5633 0040 50D0     		beq	.L385
2465:Drivers/STM32F1xx_HAL_Driver/Src/stm32f1xx_hal_spi.c ****     {
 5634              		.loc 1 2465 5 is_stmt 1 view .LVU1892
2465:Drivers/STM32F1xx_HAL_Driver/Src/stm32f1xx_hal_spi.c ****     {
 5635              		.loc 1 2465 8 is_stmt 0 view .LVU1893
 5636 0042 70B1     		cbz	r0, .L390
2467:Drivers/STM32F1xx_HAL_Driver/Src/stm32f1xx_hal_spi.c ****       {
 5637              		.loc 1 2467 7 is_stmt 1 view .LVU1894
2467:Drivers/STM32F1xx_HAL_Driver/Src/stm32f1xx_hal_spi.c ****       {
 5638              		.loc 1 2467 15 is_stmt 0 view .LVU1895
 5639 0044 94F85130 		ldrb	r3, [r4, #81]	@ zero_extendqisi2
 5640              	.LVL335:
2467:Drivers/STM32F1xx_HAL_Driver/Src/stm32f1xx_hal_spi.c ****       {
 5641              		.loc 1 2467 10 view .LVU1896
 5642 0048 032B     		cmp	r3, #3
 5643 004a 4DD0     		beq	.L391
2469:Drivers/STM32F1xx_HAL_Driver/Src/stm32f1xx_hal_spi.c ****         __HAL_SPI_CLEAR_OVRFLAG(hspi);
 5644              		.loc 1 2469 9 is_stmt 1 view .LVU1897
 5645 004c 636D     		ldr	r3, [r4, #84]
 5646 004e 43F00403 		orr	r3, r3, #4
 5647 0052 6365     		str	r3, [r4, #84]
2470:Drivers/STM32F1xx_HAL_Driver/Src/stm32f1xx_hal_spi.c ****       }
ARM GAS  /tmp/cctmCgKp.s 			page 201


 5648              		.loc 1 2470 9 view .LVU1898
 5649              	.LBB9:
2470:Drivers/STM32F1xx_HAL_Driver/Src/stm32f1xx_hal_spi.c ****       }
 5650              		.loc 1 2470 9 view .LVU1899
 5651 0054 0023     		movs	r3, #0
 5652 0056 0193     		str	r3, [sp, #4]
2470:Drivers/STM32F1xx_HAL_Driver/Src/stm32f1xx_hal_spi.c ****       }
 5653              		.loc 1 2470 9 view .LVU1900
 5654 0058 D368     		ldr	r3, [r2, #12]
 5655 005a 0193     		str	r3, [sp, #4]
2470:Drivers/STM32F1xx_HAL_Driver/Src/stm32f1xx_hal_spi.c ****       }
 5656              		.loc 1 2470 9 view .LVU1901
 5657 005c 9368     		ldr	r3, [r2, #8]
 5658 005e 0193     		str	r3, [sp, #4]
2470:Drivers/STM32F1xx_HAL_Driver/Src/stm32f1xx_hal_spi.c ****       }
 5659              		.loc 1 2470 9 view .LVU1902
 5660 0060 019B     		ldr	r3, [sp, #4]
 5661              	.LBE9:
2470:Drivers/STM32F1xx_HAL_Driver/Src/stm32f1xx_hal_spi.c ****       }
 5662              		.loc 1 2470 9 view .LVU1903
 5663              	.L390:
2480:Drivers/STM32F1xx_HAL_Driver/Src/stm32f1xx_hal_spi.c ****     {
 5664              		.loc 1 2480 5 view .LVU1904
2480:Drivers/STM32F1xx_HAL_Driver/Src/stm32f1xx_hal_spi.c ****     {
 5665              		.loc 1 2480 8 is_stmt 0 view .LVU1905
 5666 0062 65B1     		cbz	r5, .L392
2482:Drivers/STM32F1xx_HAL_Driver/Src/stm32f1xx_hal_spi.c ****       __HAL_SPI_CLEAR_MODFFLAG(hspi);
 5667              		.loc 1 2482 7 is_stmt 1 view .LVU1906
 5668 0064 636D     		ldr	r3, [r4, #84]
 5669 0066 43F00103 		orr	r3, r3, #1
 5670 006a 6365     		str	r3, [r4, #84]
2483:Drivers/STM32F1xx_HAL_Driver/Src/stm32f1xx_hal_spi.c ****     }
 5671              		.loc 1 2483 7 view .LVU1907
 5672              	.LBB10:
2483:Drivers/STM32F1xx_HAL_Driver/Src/stm32f1xx_hal_spi.c ****     }
 5673              		.loc 1 2483 7 view .LVU1908
 5674 006c 0023     		movs	r3, #0
 5675 006e 0393     		str	r3, [sp, #12]
2483:Drivers/STM32F1xx_HAL_Driver/Src/stm32f1xx_hal_spi.c ****     }
 5676              		.loc 1 2483 7 view .LVU1909
 5677 0070 9368     		ldr	r3, [r2, #8]
 5678 0072 0393     		str	r3, [sp, #12]
2483:Drivers/STM32F1xx_HAL_Driver/Src/stm32f1xx_hal_spi.c ****     }
 5679              		.loc 1 2483 7 view .LVU1910
 5680 0074 1368     		ldr	r3, [r2]
 5681 0076 23F04003 		bic	r3, r3, #64
 5682 007a 1360     		str	r3, [r2]
2483:Drivers/STM32F1xx_HAL_Driver/Src/stm32f1xx_hal_spi.c ****     }
 5683              		.loc 1 2483 7 view .LVU1911
 5684 007c 039B     		ldr	r3, [sp, #12]
 5685              	.L392:
2483:Drivers/STM32F1xx_HAL_Driver/Src/stm32f1xx_hal_spi.c ****     }
 5686              		.loc 1 2483 7 is_stmt 0 view .LVU1912
 5687              	.LBE10:
2483:Drivers/STM32F1xx_HAL_Driver/Src/stm32f1xx_hal_spi.c ****     }
 5688              		.loc 1 2483 7 is_stmt 1 discriminator 1 view .LVU1913
2488:Drivers/STM32F1xx_HAL_Driver/Src/stm32f1xx_hal_spi.c ****     {
ARM GAS  /tmp/cctmCgKp.s 			page 202


 5689              		.loc 1 2488 5 view .LVU1914
2488:Drivers/STM32F1xx_HAL_Driver/Src/stm32f1xx_hal_spi.c ****     {
 5690              		.loc 1 2488 13 is_stmt 0 view .LVU1915
 5691 007e 636D     		ldr	r3, [r4, #84]
2488:Drivers/STM32F1xx_HAL_Driver/Src/stm32f1xx_hal_spi.c ****     {
 5692              		.loc 1 2488 8 view .LVU1916
 5693 0080 002B     		cmp	r3, #0
 5694 0082 2FD0     		beq	.L385
2491:Drivers/STM32F1xx_HAL_Driver/Src/stm32f1xx_hal_spi.c **** 
 5695              		.loc 1 2491 7 is_stmt 1 view .LVU1917
 5696 0084 2268     		ldr	r2, [r4]
 5697 0086 5368     		ldr	r3, [r2, #4]
 5698 0088 23F0E003 		bic	r3, r3, #224
 5699 008c 5360     		str	r3, [r2, #4]
2493:Drivers/STM32F1xx_HAL_Driver/Src/stm32f1xx_hal_spi.c ****       /* Disable the SPI DMA requests if enabled */
 5700              		.loc 1 2493 7 view .LVU1918
2493:Drivers/STM32F1xx_HAL_Driver/Src/stm32f1xx_hal_spi.c ****       /* Disable the SPI DMA requests if enabled */
 5701              		.loc 1 2493 19 is_stmt 0 view .LVU1919
 5702 008e 0123     		movs	r3, #1
 5703 0090 84F85130 		strb	r3, [r4, #81]
2495:Drivers/STM32F1xx_HAL_Driver/Src/stm32f1xx_hal_spi.c ****       {
 5704              		.loc 1 2495 7 is_stmt 1 view .LVU1920
2495:Drivers/STM32F1xx_HAL_Driver/Src/stm32f1xx_hal_spi.c ****       {
 5705              		.loc 1 2495 10 is_stmt 0 view .LVU1921
 5706 0094 11F0030F 		tst	r1, #3
 5707 0098 2ED0     		beq	.L394
2497:Drivers/STM32F1xx_HAL_Driver/Src/stm32f1xx_hal_spi.c **** 
 5708              		.loc 1 2497 9 is_stmt 1 view .LVU1922
 5709 009a 2268     		ldr	r2, [r4]
 5710 009c 5368     		ldr	r3, [r2, #4]
 5711 009e 23F00303 		bic	r3, r3, #3
 5712 00a2 5360     		str	r3, [r2, #4]
2500:Drivers/STM32F1xx_HAL_Driver/Src/stm32f1xx_hal_spi.c ****         {
 5713              		.loc 1 2500 9 view .LVU1923
2500:Drivers/STM32F1xx_HAL_Driver/Src/stm32f1xx_hal_spi.c ****         {
 5714              		.loc 1 2500 17 is_stmt 0 view .LVU1924
 5715 00a4 E36C     		ldr	r3, [r4, #76]
2500:Drivers/STM32F1xx_HAL_Driver/Src/stm32f1xx_hal_spi.c ****         {
 5716              		.loc 1 2500 12 view .LVU1925
 5717 00a6 4BB1     		cbz	r3, .L395
2504:Drivers/STM32F1xx_HAL_Driver/Src/stm32f1xx_hal_spi.c ****           if (HAL_OK != HAL_DMA_Abort_IT(hspi->hdmarx))
 5718              		.loc 1 2504 11 is_stmt 1 view .LVU1926
2504:Drivers/STM32F1xx_HAL_Driver/Src/stm32f1xx_hal_spi.c ****           if (HAL_OK != HAL_DMA_Abort_IT(hspi->hdmarx))
 5719              		.loc 1 2504 43 is_stmt 0 view .LVU1927
 5720 00a8 154A     		ldr	r2, .L399
 5721 00aa 5A63     		str	r2, [r3, #52]
2505:Drivers/STM32F1xx_HAL_Driver/Src/stm32f1xx_hal_spi.c ****           {
 5722              		.loc 1 2505 11 is_stmt 1 view .LVU1928
2505:Drivers/STM32F1xx_HAL_Driver/Src/stm32f1xx_hal_spi.c ****           {
 5723              		.loc 1 2505 25 is_stmt 0 view .LVU1929
 5724 00ac E06C     		ldr	r0, [r4, #76]
 5725 00ae FFF7FEFF 		bl	HAL_DMA_Abort_IT
 5726              	.LVL336:
2505:Drivers/STM32F1xx_HAL_Driver/Src/stm32f1xx_hal_spi.c ****           {
 5727              		.loc 1 2505 14 discriminator 1 view .LVU1930
 5728 00b2 18B1     		cbz	r0, .L395
2507:Drivers/STM32F1xx_HAL_Driver/Src/stm32f1xx_hal_spi.c ****           }
ARM GAS  /tmp/cctmCgKp.s 			page 203


 5729              		.loc 1 2507 13 is_stmt 1 view .LVU1931
 5730 00b4 636D     		ldr	r3, [r4, #84]
 5731 00b6 43F04003 		orr	r3, r3, #64
 5732 00ba 6365     		str	r3, [r4, #84]
 5733              	.L395:
2511:Drivers/STM32F1xx_HAL_Driver/Src/stm32f1xx_hal_spi.c ****         {
 5734              		.loc 1 2511 9 view .LVU1932
2511:Drivers/STM32F1xx_HAL_Driver/Src/stm32f1xx_hal_spi.c ****         {
 5735              		.loc 1 2511 17 is_stmt 0 view .LVU1933
 5736 00bc A36C     		ldr	r3, [r4, #72]
2511:Drivers/STM32F1xx_HAL_Driver/Src/stm32f1xx_hal_spi.c ****         {
 5737              		.loc 1 2511 12 view .LVU1934
 5738 00be 8BB1     		cbz	r3, .L385
2515:Drivers/STM32F1xx_HAL_Driver/Src/stm32f1xx_hal_spi.c ****           if (HAL_OK != HAL_DMA_Abort_IT(hspi->hdmatx))
 5739              		.loc 1 2515 11 is_stmt 1 view .LVU1935
2515:Drivers/STM32F1xx_HAL_Driver/Src/stm32f1xx_hal_spi.c ****           if (HAL_OK != HAL_DMA_Abort_IT(hspi->hdmatx))
 5740              		.loc 1 2515 43 is_stmt 0 view .LVU1936
 5741 00c0 0F4A     		ldr	r2, .L399
 5742 00c2 5A63     		str	r2, [r3, #52]
2516:Drivers/STM32F1xx_HAL_Driver/Src/stm32f1xx_hal_spi.c ****           {
 5743              		.loc 1 2516 11 is_stmt 1 view .LVU1937
2516:Drivers/STM32F1xx_HAL_Driver/Src/stm32f1xx_hal_spi.c ****           {
 5744              		.loc 1 2516 25 is_stmt 0 view .LVU1938
 5745 00c4 A06C     		ldr	r0, [r4, #72]
 5746 00c6 FFF7FEFF 		bl	HAL_DMA_Abort_IT
 5747              	.LVL337:
2516:Drivers/STM32F1xx_HAL_Driver/Src/stm32f1xx_hal_spi.c ****           {
 5748              		.loc 1 2516 14 discriminator 1 view .LVU1939
 5749 00ca 58B1     		cbz	r0, .L385
2518:Drivers/STM32F1xx_HAL_Driver/Src/stm32f1xx_hal_spi.c ****           }
 5750              		.loc 1 2518 13 is_stmt 1 view .LVU1940
 5751 00cc 636D     		ldr	r3, [r4, #84]
 5752 00ce 43F04003 		orr	r3, r3, #64
 5753 00d2 6365     		str	r3, [r4, #84]
 5754 00d4 06E0     		b	.L385
 5755              	.LVL338:
 5756              	.L397:
2449:Drivers/STM32F1xx_HAL_Driver/Src/stm32f1xx_hal_spi.c ****     return;
 5757              		.loc 1 2449 5 view .LVU1941
2449:Drivers/STM32F1xx_HAL_Driver/Src/stm32f1xx_hal_spi.c ****     return;
 5758              		.loc 1 2449 9 is_stmt 0 view .LVU1942
 5759 00d6 236C     		ldr	r3, [r4, #64]
 5760              	.LVL339:
2449:Drivers/STM32F1xx_HAL_Driver/Src/stm32f1xx_hal_spi.c ****     return;
 5761              		.loc 1 2449 5 view .LVU1943
 5762 00d8 2046     		mov	r0, r4
 5763 00da 9847     		blx	r3
 5764              	.LVL340:
2450:Drivers/STM32F1xx_HAL_Driver/Src/stm32f1xx_hal_spi.c ****   }
 5765              		.loc 1 2450 5 is_stmt 1 view .LVU1944
 5766 00dc 02E0     		b	.L385
 5767              	.LVL341:
 5768              	.L398:
2456:Drivers/STM32F1xx_HAL_Driver/Src/stm32f1xx_hal_spi.c ****     return;
 5769              		.loc 1 2456 5 view .LVU1945
2456:Drivers/STM32F1xx_HAL_Driver/Src/stm32f1xx_hal_spi.c ****     return;
 5770              		.loc 1 2456 9 is_stmt 0 view .LVU1946
ARM GAS  /tmp/cctmCgKp.s 			page 204


 5771 00de 636C     		ldr	r3, [r4, #68]
 5772              	.LVL342:
2456:Drivers/STM32F1xx_HAL_Driver/Src/stm32f1xx_hal_spi.c ****     return;
 5773              		.loc 1 2456 5 view .LVU1947
 5774 00e0 2046     		mov	r0, r4
 5775 00e2 9847     		blx	r3
 5776              	.LVL343:
2457:Drivers/STM32F1xx_HAL_Driver/Src/stm32f1xx_hal_spi.c ****   }
 5777              		.loc 1 2457 5 is_stmt 1 view .LVU1948
 5778              	.L385:
2534:Drivers/STM32F1xx_HAL_Driver/Src/stm32f1xx_hal_spi.c **** 
 5779              		.loc 1 2534 1 is_stmt 0 view .LVU1949
 5780 00e4 05B0     		add	sp, sp, #20
 5781              		.cfi_remember_state
 5782              		.cfi_def_cfa_offset 12
 5783              		@ sp needed
 5784 00e6 30BD     		pop	{r4, r5, pc}
 5785              	.LVL344:
 5786              	.L391:
 5787              		.cfi_restore_state
2474:Drivers/STM32F1xx_HAL_Driver/Src/stm32f1xx_hal_spi.c ****         return;
 5788              		.loc 1 2474 9 is_stmt 1 view .LVU1950
 5789              	.LBB11:
2474:Drivers/STM32F1xx_HAL_Driver/Src/stm32f1xx_hal_spi.c ****         return;
 5790              		.loc 1 2474 9 view .LVU1951
 5791 00e8 0023     		movs	r3, #0
 5792 00ea 0293     		str	r3, [sp, #8]
2474:Drivers/STM32F1xx_HAL_Driver/Src/stm32f1xx_hal_spi.c ****         return;
 5793              		.loc 1 2474 9 view .LVU1952
 5794 00ec D368     		ldr	r3, [r2, #12]
 5795 00ee 0293     		str	r3, [sp, #8]
2474:Drivers/STM32F1xx_HAL_Driver/Src/stm32f1xx_hal_spi.c ****         return;
 5796              		.loc 1 2474 9 view .LVU1953
 5797 00f0 9368     		ldr	r3, [r2, #8]
 5798 00f2 0293     		str	r3, [sp, #8]
2474:Drivers/STM32F1xx_HAL_Driver/Src/stm32f1xx_hal_spi.c ****         return;
 5799              		.loc 1 2474 9 view .LVU1954
 5800 00f4 029B     		ldr	r3, [sp, #8]
 5801              	.LBE11:
2474:Drivers/STM32F1xx_HAL_Driver/Src/stm32f1xx_hal_spi.c ****         return;
 5802              		.loc 1 2474 9 view .LVU1955
2475:Drivers/STM32F1xx_HAL_Driver/Src/stm32f1xx_hal_spi.c ****       }
 5803              		.loc 1 2475 9 view .LVU1956
 5804 00f6 F5E7     		b	.L385
 5805              	.L394:
2528:Drivers/STM32F1xx_HAL_Driver/Src/stm32f1xx_hal_spi.c **** #endif /* USE_HAL_SPI_REGISTER_CALLBACKS */
 5806              		.loc 1 2528 9 view .LVU1957
 5807 00f8 2046     		mov	r0, r4
 5808 00fa FFF7FEFF 		bl	HAL_SPI_ErrorCallback
 5809              	.LVL345:
2532:Drivers/STM32F1xx_HAL_Driver/Src/stm32f1xx_hal_spi.c ****   }
 5810              		.loc 1 2532 5 view .LVU1958
 5811 00fe F1E7     		b	.L385
 5812              	.L400:
 5813              		.align	2
 5814              	.L399:
 5815 0100 00000000 		.word	SPI_DMAAbortOnError
ARM GAS  /tmp/cctmCgKp.s 			page 205


 5816              		.cfi_endproc
 5817              	.LFE83:
 5819              		.section	.text.SPI_DMAAbortOnError,"ax",%progbits
 5820              		.align	1
 5821              		.syntax unified
 5822              		.thumb
 5823              		.thumb_func
 5825              	SPI_DMAAbortOnError:
 5826              	.LVL346:
 5827              	.LFB101:
3052:Drivers/STM32F1xx_HAL_Driver/Src/stm32f1xx_hal_spi.c ****   SPI_HandleTypeDef *hspi = (SPI_HandleTypeDef *)(((DMA_HandleTypeDef *)hdma)->Parent);
 5828              		.loc 1 3052 1 view -0
 5829              		.cfi_startproc
 5830              		@ args = 0, pretend = 0, frame = 0
 5831              		@ frame_needed = 0, uses_anonymous_args = 0
3052:Drivers/STM32F1xx_HAL_Driver/Src/stm32f1xx_hal_spi.c ****   SPI_HandleTypeDef *hspi = (SPI_HandleTypeDef *)(((DMA_HandleTypeDef *)hdma)->Parent);
 5832              		.loc 1 3052 1 is_stmt 0 view .LVU1960
 5833 0000 08B5     		push	{r3, lr}
 5834              		.cfi_def_cfa_offset 8
 5835              		.cfi_offset 3, -8
 5836              		.cfi_offset 14, -4
3053:Drivers/STM32F1xx_HAL_Driver/Src/stm32f1xx_hal_spi.c ****   hspi->RxXferCount = 0U;
 5837              		.loc 1 3053 3 is_stmt 1 view .LVU1961
3053:Drivers/STM32F1xx_HAL_Driver/Src/stm32f1xx_hal_spi.c ****   hspi->RxXferCount = 0U;
 5838              		.loc 1 3053 22 is_stmt 0 view .LVU1962
 5839 0002 406A     		ldr	r0, [r0, #36]
 5840              	.LVL347:
3054:Drivers/STM32F1xx_HAL_Driver/Src/stm32f1xx_hal_spi.c ****   hspi->TxXferCount = 0U;
 5841              		.loc 1 3054 3 is_stmt 1 view .LVU1963
3054:Drivers/STM32F1xx_HAL_Driver/Src/stm32f1xx_hal_spi.c ****   hspi->TxXferCount = 0U;
 5842              		.loc 1 3054 21 is_stmt 0 view .LVU1964
 5843 0004 0023     		movs	r3, #0
 5844 0006 C387     		strh	r3, [r0, #62]	@ movhi
3055:Drivers/STM32F1xx_HAL_Driver/Src/stm32f1xx_hal_spi.c **** 
 5845              		.loc 1 3055 3 is_stmt 1 view .LVU1965
3055:Drivers/STM32F1xx_HAL_Driver/Src/stm32f1xx_hal_spi.c **** 
 5846              		.loc 1 3055 21 is_stmt 0 view .LVU1966
 5847 0008 C386     		strh	r3, [r0, #54]	@ movhi
3061:Drivers/STM32F1xx_HAL_Driver/Src/stm32f1xx_hal_spi.c **** #endif /* USE_HAL_SPI_REGISTER_CALLBACKS */
 5848              		.loc 1 3061 3 is_stmt 1 view .LVU1967
 5849 000a FFF7FEFF 		bl	HAL_SPI_ErrorCallback
 5850              	.LVL348:
3063:Drivers/STM32F1xx_HAL_Driver/Src/stm32f1xx_hal_spi.c **** 
 5851              		.loc 1 3063 1 is_stmt 0 view .LVU1968
 5852 000e 08BD     		pop	{r3, pc}
 5853              		.cfi_endproc
 5854              	.LFE101:
 5856              		.section	.text.HAL_SPI_AbortCpltCallback,"ax",%progbits
 5857              		.align	1
 5858              		.weak	HAL_SPI_AbortCpltCallback
 5859              		.syntax unified
 5860              		.thumb
 5861              		.thumb_func
 5863              	HAL_SPI_AbortCpltCallback:
 5864              	.LVL349:
 5865              	.LFB91:
2657:Drivers/STM32F1xx_HAL_Driver/Src/stm32f1xx_hal_spi.c ****   /* Prevent unused argument(s) compilation warning */
ARM GAS  /tmp/cctmCgKp.s 			page 206


 5866              		.loc 1 2657 1 is_stmt 1 view -0
 5867              		.cfi_startproc
 5868              		@ args = 0, pretend = 0, frame = 0
 5869              		@ frame_needed = 0, uses_anonymous_args = 0
 5870              		@ link register save eliminated.
2659:Drivers/STM32F1xx_HAL_Driver/Src/stm32f1xx_hal_spi.c **** 
 5871              		.loc 1 2659 3 view .LVU1970
2664:Drivers/STM32F1xx_HAL_Driver/Src/stm32f1xx_hal_spi.c **** 
 5872              		.loc 1 2664 1 is_stmt 0 view .LVU1971
 5873 0000 7047     		bx	lr
 5874              		.cfi_endproc
 5875              	.LFE91:
 5877              		.section	.text.HAL_SPI_Abort_IT,"ax",%progbits
 5878              		.align	1
 5879              		.global	HAL_SPI_Abort_IT
 5880              		.syntax unified
 5881              		.thumb
 5882              		.thumb_func
 5884              	HAL_SPI_Abort_IT:
 5885              	.LVL350:
 5886              	.LFB79:
2199:Drivers/STM32F1xx_HAL_Driver/Src/stm32f1xx_hal_spi.c ****   HAL_StatusTypeDef errorcode;
 5887              		.loc 1 2199 1 is_stmt 1 view -0
 5888              		.cfi_startproc
 5889              		@ args = 0, pretend = 0, frame = 16
 5890              		@ frame_needed = 0, uses_anonymous_args = 0
2199:Drivers/STM32F1xx_HAL_Driver/Src/stm32f1xx_hal_spi.c ****   HAL_StatusTypeDef errorcode;
 5891              		.loc 1 2199 1 is_stmt 0 view .LVU1973
 5892 0000 70B5     		push	{r4, r5, r6, lr}
 5893              		.cfi_def_cfa_offset 16
 5894              		.cfi_offset 4, -16
 5895              		.cfi_offset 5, -12
 5896              		.cfi_offset 6, -8
 5897              		.cfi_offset 14, -4
 5898 0002 84B0     		sub	sp, sp, #16
 5899              		.cfi_def_cfa_offset 32
 5900 0004 0446     		mov	r4, r0
2200:Drivers/STM32F1xx_HAL_Driver/Src/stm32f1xx_hal_spi.c ****   uint32_t abortcplt ;
 5901              		.loc 1 2200 3 is_stmt 1 view .LVU1974
2201:Drivers/STM32F1xx_HAL_Driver/Src/stm32f1xx_hal_spi.c ****   __IO uint32_t count;
 5902              		.loc 1 2201 3 view .LVU1975
2202:Drivers/STM32F1xx_HAL_Driver/Src/stm32f1xx_hal_spi.c ****   __IO uint32_t resetcount;
 5903              		.loc 1 2202 3 view .LVU1976
2203:Drivers/STM32F1xx_HAL_Driver/Src/stm32f1xx_hal_spi.c **** 
 5904              		.loc 1 2203 3 view .LVU1977
2206:Drivers/STM32F1xx_HAL_Driver/Src/stm32f1xx_hal_spi.c ****   abortcplt = 1U;
 5905              		.loc 1 2206 3 view .LVU1978
 5906              	.LVL351:
2207:Drivers/STM32F1xx_HAL_Driver/Src/stm32f1xx_hal_spi.c ****   resetcount = SPI_DEFAULT_TIMEOUT * (SystemCoreClock / 24U / 1000U);
 5907              		.loc 1 2207 3 view .LVU1979
2208:Drivers/STM32F1xx_HAL_Driver/Src/stm32f1xx_hal_spi.c ****   count = resetcount;
 5908              		.loc 1 2208 3 view .LVU1980
2208:Drivers/STM32F1xx_HAL_Driver/Src/stm32f1xx_hal_spi.c ****   count = resetcount;
 5909              		.loc 1 2208 61 is_stmt 0 view .LVU1981
 5910 0006 4C4B     		ldr	r3, .L430
 5911 0008 1B68     		ldr	r3, [r3]
 5912 000a 4C4A     		ldr	r2, .L430+4
ARM GAS  /tmp/cctmCgKp.s 			page 207


 5913 000c A2FB0323 		umull	r2, r3, r2, r3
 5914 0010 5B0A     		lsrs	r3, r3, #9
2208:Drivers/STM32F1xx_HAL_Driver/Src/stm32f1xx_hal_spi.c ****   count = resetcount;
 5915              		.loc 1 2208 36 view .LVU1982
 5916 0012 6422     		movs	r2, #100
 5917 0014 02FB03F3 		mul	r3, r2, r3
2208:Drivers/STM32F1xx_HAL_Driver/Src/stm32f1xx_hal_spi.c ****   count = resetcount;
 5918              		.loc 1 2208 14 view .LVU1983
 5919 0018 0293     		str	r3, [sp, #8]
2209:Drivers/STM32F1xx_HAL_Driver/Src/stm32f1xx_hal_spi.c **** 
 5920              		.loc 1 2209 3 is_stmt 1 view .LVU1984
2209:Drivers/STM32F1xx_HAL_Driver/Src/stm32f1xx_hal_spi.c **** 
 5921              		.loc 1 2209 9 is_stmt 0 view .LVU1985
 5922 001a 029B     		ldr	r3, [sp, #8]
 5923 001c 0393     		str	r3, [sp, #12]
2212:Drivers/STM32F1xx_HAL_Driver/Src/stm32f1xx_hal_spi.c **** 
 5924              		.loc 1 2212 3 is_stmt 1 view .LVU1986
 5925 001e 0268     		ldr	r2, [r0]
 5926 0020 5368     		ldr	r3, [r2, #4]
 5927 0022 23F02003 		bic	r3, r3, #32
 5928 0026 5360     		str	r3, [r2, #4]
2215:Drivers/STM32F1xx_HAL_Driver/Src/stm32f1xx_hal_spi.c ****   {
 5929              		.loc 1 2215 3 view .LVU1987
2215:Drivers/STM32F1xx_HAL_Driver/Src/stm32f1xx_hal_spi.c ****   {
 5930              		.loc 1 2215 7 is_stmt 0 view .LVU1988
 5931 0028 0268     		ldr	r2, [r0]
 5932 002a 5368     		ldr	r3, [r2, #4]
2215:Drivers/STM32F1xx_HAL_Driver/Src/stm32f1xx_hal_spi.c ****   {
 5933              		.loc 1 2215 6 view .LVU1989
 5934 002c 13F0800F 		tst	r3, #128
 5935 0030 11D0     		beq	.L405
2217:Drivers/STM32F1xx_HAL_Driver/Src/stm32f1xx_hal_spi.c ****     /* Wait HAL_SPI_STATE_ABORT state */
 5936              		.loc 1 2217 5 is_stmt 1 view .LVU1990
2217:Drivers/STM32F1xx_HAL_Driver/Src/stm32f1xx_hal_spi.c ****     /* Wait HAL_SPI_STATE_ABORT state */
 5937              		.loc 1 2217 17 is_stmt 0 view .LVU1991
 5938 0032 434B     		ldr	r3, .L430+8
 5939 0034 4364     		str	r3, [r0, #68]
 5940              	.L408:
2219:Drivers/STM32F1xx_HAL_Driver/Src/stm32f1xx_hal_spi.c ****     {
 5941              		.loc 1 2219 5 is_stmt 1 view .LVU1992
2221:Drivers/STM32F1xx_HAL_Driver/Src/stm32f1xx_hal_spi.c ****       {
 5942              		.loc 1 2221 7 view .LVU1993
2221:Drivers/STM32F1xx_HAL_Driver/Src/stm32f1xx_hal_spi.c ****       {
 5943              		.loc 1 2221 17 is_stmt 0 view .LVU1994
 5944 0036 039B     		ldr	r3, [sp, #12]
2221:Drivers/STM32F1xx_HAL_Driver/Src/stm32f1xx_hal_spi.c ****       {
 5945              		.loc 1 2221 10 view .LVU1995
 5946 0038 3BB1     		cbz	r3, .L427
2226:Drivers/STM32F1xx_HAL_Driver/Src/stm32f1xx_hal_spi.c ****     } while (hspi->State != HAL_SPI_STATE_ABORT);
 5947              		.loc 1 2226 7 is_stmt 1 view .LVU1996
2226:Drivers/STM32F1xx_HAL_Driver/Src/stm32f1xx_hal_spi.c ****     } while (hspi->State != HAL_SPI_STATE_ABORT);
 5948              		.loc 1 2226 12 is_stmt 0 view .LVU1997
 5949 003a 039B     		ldr	r3, [sp, #12]
 5950 003c 013B     		subs	r3, r3, #1
 5951 003e 0393     		str	r3, [sp, #12]
2227:Drivers/STM32F1xx_HAL_Driver/Src/stm32f1xx_hal_spi.c ****     /* Reset Timeout Counter */
 5952              		.loc 1 2227 26 is_stmt 1 view .LVU1998
ARM GAS  /tmp/cctmCgKp.s 			page 208


2227:Drivers/STM32F1xx_HAL_Driver/Src/stm32f1xx_hal_spi.c ****     /* Reset Timeout Counter */
 5953              		.loc 1 2227 18 is_stmt 0 view .LVU1999
 5954 0040 94F85130 		ldrb	r3, [r4, #81]	@ zero_extendqisi2
2227:Drivers/STM32F1xx_HAL_Driver/Src/stm32f1xx_hal_spi.c ****     /* Reset Timeout Counter */
 5955              		.loc 1 2227 26 view .LVU2000
 5956 0044 072B     		cmp	r3, #7
 5957 0046 F6D1     		bne	.L408
 5958 0048 03E0     		b	.L407
 5959              	.L427:
2223:Drivers/STM32F1xx_HAL_Driver/Src/stm32f1xx_hal_spi.c ****         break;
 5960              		.loc 1 2223 9 is_stmt 1 view .LVU2001
 5961 004a 636D     		ldr	r3, [r4, #84]
 5962 004c 43F04003 		orr	r3, r3, #64
 5963 0050 6365     		str	r3, [r4, #84]
2224:Drivers/STM32F1xx_HAL_Driver/Src/stm32f1xx_hal_spi.c ****       }
 5964              		.loc 1 2224 9 view .LVU2002
 5965              	.L407:
2229:Drivers/STM32F1xx_HAL_Driver/Src/stm32f1xx_hal_spi.c ****   }
 5966              		.loc 1 2229 5 view .LVU2003
2229:Drivers/STM32F1xx_HAL_Driver/Src/stm32f1xx_hal_spi.c ****   }
 5967              		.loc 1 2229 11 is_stmt 0 view .LVU2004
 5968 0052 029B     		ldr	r3, [sp, #8]
 5969 0054 0393     		str	r3, [sp, #12]
 5970              	.L405:
2232:Drivers/STM32F1xx_HAL_Driver/Src/stm32f1xx_hal_spi.c ****   {
 5971              		.loc 1 2232 3 is_stmt 1 view .LVU2005
2232:Drivers/STM32F1xx_HAL_Driver/Src/stm32f1xx_hal_spi.c ****   {
 5972              		.loc 1 2232 7 is_stmt 0 view .LVU2006
 5973 0056 5368     		ldr	r3, [r2, #4]
2232:Drivers/STM32F1xx_HAL_Driver/Src/stm32f1xx_hal_spi.c ****   {
 5974              		.loc 1 2232 6 view .LVU2007
 5975 0058 13F0400F 		tst	r3, #64
 5976 005c 11D0     		beq	.L409
2234:Drivers/STM32F1xx_HAL_Driver/Src/stm32f1xx_hal_spi.c ****     /* Wait HAL_SPI_STATE_ABORT state */
 5977              		.loc 1 2234 5 is_stmt 1 view .LVU2008
2234:Drivers/STM32F1xx_HAL_Driver/Src/stm32f1xx_hal_spi.c ****     /* Wait HAL_SPI_STATE_ABORT state */
 5978              		.loc 1 2234 17 is_stmt 0 view .LVU2009
 5979 005e 394B     		ldr	r3, .L430+12
 5980 0060 2364     		str	r3, [r4, #64]
 5981              	.L412:
2236:Drivers/STM32F1xx_HAL_Driver/Src/stm32f1xx_hal_spi.c ****     {
 5982              		.loc 1 2236 5 is_stmt 1 view .LVU2010
2238:Drivers/STM32F1xx_HAL_Driver/Src/stm32f1xx_hal_spi.c ****       {
 5983              		.loc 1 2238 7 view .LVU2011
2238:Drivers/STM32F1xx_HAL_Driver/Src/stm32f1xx_hal_spi.c ****       {
 5984              		.loc 1 2238 17 is_stmt 0 view .LVU2012
 5985 0062 039B     		ldr	r3, [sp, #12]
2238:Drivers/STM32F1xx_HAL_Driver/Src/stm32f1xx_hal_spi.c ****       {
 5986              		.loc 1 2238 10 view .LVU2013
 5987 0064 3BB1     		cbz	r3, .L428
2243:Drivers/STM32F1xx_HAL_Driver/Src/stm32f1xx_hal_spi.c ****     } while (hspi->State != HAL_SPI_STATE_ABORT);
 5988              		.loc 1 2243 7 is_stmt 1 view .LVU2014
2243:Drivers/STM32F1xx_HAL_Driver/Src/stm32f1xx_hal_spi.c ****     } while (hspi->State != HAL_SPI_STATE_ABORT);
 5989              		.loc 1 2243 12 is_stmt 0 view .LVU2015
 5990 0066 039B     		ldr	r3, [sp, #12]
 5991 0068 013B     		subs	r3, r3, #1
 5992 006a 0393     		str	r3, [sp, #12]
ARM GAS  /tmp/cctmCgKp.s 			page 209


2244:Drivers/STM32F1xx_HAL_Driver/Src/stm32f1xx_hal_spi.c ****     /* Reset Timeout Counter */
 5993              		.loc 1 2244 26 is_stmt 1 view .LVU2016
2244:Drivers/STM32F1xx_HAL_Driver/Src/stm32f1xx_hal_spi.c ****     /* Reset Timeout Counter */
 5994              		.loc 1 2244 18 is_stmt 0 view .LVU2017
 5995 006c 94F85130 		ldrb	r3, [r4, #81]	@ zero_extendqisi2
2244:Drivers/STM32F1xx_HAL_Driver/Src/stm32f1xx_hal_spi.c ****     /* Reset Timeout Counter */
 5996              		.loc 1 2244 26 view .LVU2018
 5997 0070 072B     		cmp	r3, #7
 5998 0072 F6D1     		bne	.L412
 5999 0074 03E0     		b	.L411
 6000              	.L428:
2240:Drivers/STM32F1xx_HAL_Driver/Src/stm32f1xx_hal_spi.c ****         break;
 6001              		.loc 1 2240 9 is_stmt 1 view .LVU2019
 6002 0076 636D     		ldr	r3, [r4, #84]
 6003 0078 43F04003 		orr	r3, r3, #64
 6004 007c 6365     		str	r3, [r4, #84]
2241:Drivers/STM32F1xx_HAL_Driver/Src/stm32f1xx_hal_spi.c ****       }
 6005              		.loc 1 2241 9 view .LVU2020
 6006              	.L411:
2246:Drivers/STM32F1xx_HAL_Driver/Src/stm32f1xx_hal_spi.c ****   }
 6007              		.loc 1 2246 5 view .LVU2021
2246:Drivers/STM32F1xx_HAL_Driver/Src/stm32f1xx_hal_spi.c ****   }
 6008              		.loc 1 2246 11 is_stmt 0 view .LVU2022
 6009 007e 029B     		ldr	r3, [sp, #8]
 6010 0080 0393     		str	r3, [sp, #12]
 6011              	.L409:
2252:Drivers/STM32F1xx_HAL_Driver/Src/stm32f1xx_hal_spi.c ****   {
 6012              		.loc 1 2252 3 is_stmt 1 view .LVU2023
2252:Drivers/STM32F1xx_HAL_Driver/Src/stm32f1xx_hal_spi.c ****   {
 6013              		.loc 1 2252 11 is_stmt 0 view .LVU2024
 6014 0082 A36C     		ldr	r3, [r4, #72]
2252:Drivers/STM32F1xx_HAL_Driver/Src/stm32f1xx_hal_spi.c ****   {
 6015              		.loc 1 2252 6 view .LVU2025
 6016 0084 2BB1     		cbz	r3, .L413
2256:Drivers/STM32F1xx_HAL_Driver/Src/stm32f1xx_hal_spi.c ****     {
 6017              		.loc 1 2256 5 is_stmt 1 view .LVU2026
2256:Drivers/STM32F1xx_HAL_Driver/Src/stm32f1xx_hal_spi.c ****     {
 6018              		.loc 1 2256 9 is_stmt 0 view .LVU2027
 6019 0086 5268     		ldr	r2, [r2, #4]
2256:Drivers/STM32F1xx_HAL_Driver/Src/stm32f1xx_hal_spi.c ****     {
 6020              		.loc 1 2256 8 view .LVU2028
 6021 0088 12F0020F 		tst	r2, #2
 6022 008c 1BD0     		beq	.L414
2258:Drivers/STM32F1xx_HAL_Driver/Src/stm32f1xx_hal_spi.c ****     }
 6023              		.loc 1 2258 7 is_stmt 1 view .LVU2029
2258:Drivers/STM32F1xx_HAL_Driver/Src/stm32f1xx_hal_spi.c ****     }
 6024              		.loc 1 2258 39 is_stmt 0 view .LVU2030
 6025 008e 2E4A     		ldr	r2, .L430+16
 6026 0090 5A63     		str	r2, [r3, #52]
 6027              	.L413:
2266:Drivers/STM32F1xx_HAL_Driver/Src/stm32f1xx_hal_spi.c ****   {
 6028              		.loc 1 2266 3 is_stmt 1 view .LVU2031
2266:Drivers/STM32F1xx_HAL_Driver/Src/stm32f1xx_hal_spi.c ****   {
 6029              		.loc 1 2266 11 is_stmt 0 view .LVU2032
 6030 0092 E36C     		ldr	r3, [r4, #76]
2266:Drivers/STM32F1xx_HAL_Driver/Src/stm32f1xx_hal_spi.c ****   {
 6031              		.loc 1 2266 6 view .LVU2033
ARM GAS  /tmp/cctmCgKp.s 			page 210


 6032 0094 33B1     		cbz	r3, .L415
2270:Drivers/STM32F1xx_HAL_Driver/Src/stm32f1xx_hal_spi.c ****     {
 6033              		.loc 1 2270 5 is_stmt 1 view .LVU2034
2270:Drivers/STM32F1xx_HAL_Driver/Src/stm32f1xx_hal_spi.c ****     {
 6034              		.loc 1 2270 9 is_stmt 0 view .LVU2035
 6035 0096 2268     		ldr	r2, [r4]
 6036 0098 5268     		ldr	r2, [r2, #4]
2270:Drivers/STM32F1xx_HAL_Driver/Src/stm32f1xx_hal_spi.c ****     {
 6037              		.loc 1 2270 8 view .LVU2036
 6038 009a 12F0010F 		tst	r2, #1
 6039 009e 15D0     		beq	.L416
2272:Drivers/STM32F1xx_HAL_Driver/Src/stm32f1xx_hal_spi.c ****     }
 6040              		.loc 1 2272 7 is_stmt 1 view .LVU2037
2272:Drivers/STM32F1xx_HAL_Driver/Src/stm32f1xx_hal_spi.c ****     }
 6041              		.loc 1 2272 39 is_stmt 0 view .LVU2038
 6042 00a0 2A4A     		ldr	r2, .L430+20
 6043 00a2 5A63     		str	r2, [r3, #52]
 6044              	.L415:
2281:Drivers/STM32F1xx_HAL_Driver/Src/stm32f1xx_hal_spi.c ****   {
 6045              		.loc 1 2281 3 is_stmt 1 view .LVU2039
2281:Drivers/STM32F1xx_HAL_Driver/Src/stm32f1xx_hal_spi.c ****   {
 6046              		.loc 1 2281 7 is_stmt 0 view .LVU2040
 6047 00a4 2368     		ldr	r3, [r4]
 6048 00a6 5B68     		ldr	r3, [r3, #4]
2281:Drivers/STM32F1xx_HAL_Driver/Src/stm32f1xx_hal_spi.c ****   {
 6049              		.loc 1 2281 6 view .LVU2041
 6050 00a8 13F0020F 		tst	r3, #2
 6051 00ac 11D0     		beq	.L421
2284:Drivers/STM32F1xx_HAL_Driver/Src/stm32f1xx_hal_spi.c ****     {
 6052              		.loc 1 2284 5 is_stmt 1 view .LVU2042
2284:Drivers/STM32F1xx_HAL_Driver/Src/stm32f1xx_hal_spi.c ****     {
 6053              		.loc 1 2284 13 is_stmt 0 view .LVU2043
 6054 00ae A06C     		ldr	r0, [r4, #72]
 6055              	.LVL352:
2284:Drivers/STM32F1xx_HAL_Driver/Src/stm32f1xx_hal_spi.c ****     {
 6056              		.loc 1 2284 8 view .LVU2044
 6057 00b0 28B3     		cbz	r0, .L422
2287:Drivers/STM32F1xx_HAL_Driver/Src/stm32f1xx_hal_spi.c ****       {
 6058              		.loc 1 2287 7 is_stmt 1 view .LVU2045
2287:Drivers/STM32F1xx_HAL_Driver/Src/stm32f1xx_hal_spi.c ****       {
 6059              		.loc 1 2287 11 is_stmt 0 view .LVU2046
 6060 00b2 FFF7FEFF 		bl	HAL_DMA_Abort_IT
 6061              	.LVL353:
2287:Drivers/STM32F1xx_HAL_Driver/Src/stm32f1xx_hal_spi.c ****       {
 6062              		.loc 1 2287 10 discriminator 1 view .LVU2047
 6063 00b6 20B3     		cbz	r0, .L423
2289:Drivers/STM32F1xx_HAL_Driver/Src/stm32f1xx_hal_spi.c ****         hspi->ErrorCode = HAL_SPI_ERROR_ABORT;
 6064              		.loc 1 2289 9 is_stmt 1 view .LVU2048
2289:Drivers/STM32F1xx_HAL_Driver/Src/stm32f1xx_hal_spi.c ****         hspi->ErrorCode = HAL_SPI_ERROR_ABORT;
 6065              		.loc 1 2289 13 is_stmt 0 view .LVU2049
 6066 00b8 A36C     		ldr	r3, [r4, #72]
2289:Drivers/STM32F1xx_HAL_Driver/Src/stm32f1xx_hal_spi.c ****         hspi->ErrorCode = HAL_SPI_ERROR_ABORT;
 6067              		.loc 1 2289 41 view .LVU2050
 6068 00ba 0022     		movs	r2, #0
 6069 00bc 5A63     		str	r2, [r3, #52]
2290:Drivers/STM32F1xx_HAL_Driver/Src/stm32f1xx_hal_spi.c ****       }
 6070              		.loc 1 2290 9 is_stmt 1 view .LVU2051
ARM GAS  /tmp/cctmCgKp.s 			page 211


2290:Drivers/STM32F1xx_HAL_Driver/Src/stm32f1xx_hal_spi.c ****       }
 6071              		.loc 1 2290 25 is_stmt 0 view .LVU2052
 6072 00be 4023     		movs	r3, #64
 6073 00c0 6365     		str	r3, [r4, #84]
2207:Drivers/STM32F1xx_HAL_Driver/Src/stm32f1xx_hal_spi.c ****   resetcount = SPI_DEFAULT_TIMEOUT * (SystemCoreClock / 24U / 1000U);
 6074              		.loc 1 2207 13 view .LVU2053
 6075 00c2 0126     		movs	r6, #1
 6076 00c4 06E0     		b	.L417
 6077              	.LVL354:
 6078              	.L414:
2262:Drivers/STM32F1xx_HAL_Driver/Src/stm32f1xx_hal_spi.c ****     }
 6079              		.loc 1 2262 7 is_stmt 1 view .LVU2054
2262:Drivers/STM32F1xx_HAL_Driver/Src/stm32f1xx_hal_spi.c ****     }
 6080              		.loc 1 2262 39 is_stmt 0 view .LVU2055
 6081 00c6 0022     		movs	r2, #0
 6082 00c8 5A63     		str	r2, [r3, #52]
 6083 00ca E2E7     		b	.L413
 6084              	.L416:
2276:Drivers/STM32F1xx_HAL_Driver/Src/stm32f1xx_hal_spi.c ****     }
 6085              		.loc 1 2276 7 is_stmt 1 view .LVU2056
2276:Drivers/STM32F1xx_HAL_Driver/Src/stm32f1xx_hal_spi.c ****     }
 6086              		.loc 1 2276 39 is_stmt 0 view .LVU2057
 6087 00cc 0022     		movs	r2, #0
 6088 00ce 5A63     		str	r2, [r3, #52]
 6089 00d0 E8E7     		b	.L415
 6090              	.L421:
2207:Drivers/STM32F1xx_HAL_Driver/Src/stm32f1xx_hal_spi.c ****   resetcount = SPI_DEFAULT_TIMEOUT * (SystemCoreClock / 24U / 1000U);
 6091              		.loc 1 2207 13 view .LVU2058
 6092 00d2 0126     		movs	r6, #1
 6093              	.LVL355:
 6094              	.L417:
2299:Drivers/STM32F1xx_HAL_Driver/Src/stm32f1xx_hal_spi.c ****   {
 6095              		.loc 1 2299 3 is_stmt 1 view .LVU2059
2299:Drivers/STM32F1xx_HAL_Driver/Src/stm32f1xx_hal_spi.c ****   {
 6096              		.loc 1 2299 7 is_stmt 0 view .LVU2060
 6097 00d4 2368     		ldr	r3, [r4]
 6098 00d6 5B68     		ldr	r3, [r3, #4]
2299:Drivers/STM32F1xx_HAL_Driver/Src/stm32f1xx_hal_spi.c ****   {
 6099              		.loc 1 2299 6 view .LVU2061
 6100 00d8 13F0010F 		tst	r3, #1
 6101 00dc 0AD0     		beq	.L418
2302:Drivers/STM32F1xx_HAL_Driver/Src/stm32f1xx_hal_spi.c ****     {
 6102              		.loc 1 2302 5 is_stmt 1 view .LVU2062
2302:Drivers/STM32F1xx_HAL_Driver/Src/stm32f1xx_hal_spi.c ****     {
 6103              		.loc 1 2302 13 is_stmt 0 view .LVU2063
 6104 00de E06C     		ldr	r0, [r4, #76]
2302:Drivers/STM32F1xx_HAL_Driver/Src/stm32f1xx_hal_spi.c ****     {
 6105              		.loc 1 2302 8 view .LVU2064
 6106 00e0 40B1     		cbz	r0, .L418
2305:Drivers/STM32F1xx_HAL_Driver/Src/stm32f1xx_hal_spi.c ****       {
 6107              		.loc 1 2305 7 is_stmt 1 view .LVU2065
2305:Drivers/STM32F1xx_HAL_Driver/Src/stm32f1xx_hal_spi.c ****       {
 6108              		.loc 1 2305 11 is_stmt 0 view .LVU2066
 6109 00e2 FFF7FEFF 		bl	HAL_DMA_Abort_IT
 6110              	.LVL356:
2305:Drivers/STM32F1xx_HAL_Driver/Src/stm32f1xx_hal_spi.c ****       {
 6111              		.loc 1 2305 10 discriminator 1 view .LVU2067
ARM GAS  /tmp/cctmCgKp.s 			page 212


 6112 00e6 0546     		mov	r5, r0
 6113 00e8 30B1     		cbz	r0, .L419
2307:Drivers/STM32F1xx_HAL_Driver/Src/stm32f1xx_hal_spi.c ****         hspi->ErrorCode = HAL_SPI_ERROR_ABORT;
 6114              		.loc 1 2307 9 is_stmt 1 view .LVU2068
2307:Drivers/STM32F1xx_HAL_Driver/Src/stm32f1xx_hal_spi.c ****         hspi->ErrorCode = HAL_SPI_ERROR_ABORT;
 6115              		.loc 1 2307 13 is_stmt 0 view .LVU2069
 6116 00ea E36C     		ldr	r3, [r4, #76]
2307:Drivers/STM32F1xx_HAL_Driver/Src/stm32f1xx_hal_spi.c ****         hspi->ErrorCode = HAL_SPI_ERROR_ABORT;
 6117              		.loc 1 2307 41 view .LVU2070
 6118 00ec 0022     		movs	r2, #0
 6119 00ee 5A63     		str	r2, [r3, #52]
2308:Drivers/STM32F1xx_HAL_Driver/Src/stm32f1xx_hal_spi.c ****       }
 6120              		.loc 1 2308 9 is_stmt 1 view .LVU2071
2308:Drivers/STM32F1xx_HAL_Driver/Src/stm32f1xx_hal_spi.c ****       }
 6121              		.loc 1 2308 25 is_stmt 0 view .LVU2072
 6122 00f0 4023     		movs	r3, #64
 6123 00f2 6365     		str	r3, [r4, #84]
 6124              	.L418:
2317:Drivers/STM32F1xx_HAL_Driver/Src/stm32f1xx_hal_spi.c ****   {
 6125              		.loc 1 2317 3 is_stmt 1 view .LVU2073
2317:Drivers/STM32F1xx_HAL_Driver/Src/stm32f1xx_hal_spi.c ****   {
 6126              		.loc 1 2317 6 is_stmt 0 view .LVU2074
 6127 00f4 3EB9     		cbnz	r6, .L429
2206:Drivers/STM32F1xx_HAL_Driver/Src/stm32f1xx_hal_spi.c ****   abortcplt = 1U;
 6128              		.loc 1 2206 13 view .LVU2075
 6129 00f6 0025     		movs	r5, #0
 6130              	.LVL357:
 6131              	.L419:
2349:Drivers/STM32F1xx_HAL_Driver/Src/stm32f1xx_hal_spi.c **** }
 6132              		.loc 1 2349 3 is_stmt 1 view .LVU2076
2350:Drivers/STM32F1xx_HAL_Driver/Src/stm32f1xx_hal_spi.c **** 
 6133              		.loc 1 2350 1 is_stmt 0 view .LVU2077
 6134 00f8 2846     		mov	r0, r5
 6135 00fa 04B0     		add	sp, sp, #16
 6136              		.cfi_remember_state
 6137              		.cfi_def_cfa_offset 16
 6138              		@ sp needed
 6139 00fc 70BD     		pop	{r4, r5, r6, pc}
 6140              	.LVL358:
 6141              	.L422:
 6142              		.cfi_restore_state
2207:Drivers/STM32F1xx_HAL_Driver/Src/stm32f1xx_hal_spi.c ****   resetcount = SPI_DEFAULT_TIMEOUT * (SystemCoreClock / 24U / 1000U);
 6143              		.loc 1 2207 13 view .LVU2078
 6144 00fe 0126     		movs	r6, #1
 6145 0100 E8E7     		b	.L417
 6146              	.L423:
2294:Drivers/STM32F1xx_HAL_Driver/Src/stm32f1xx_hal_spi.c ****       }
 6147              		.loc 1 2294 19 view .LVU2079
 6148 0102 0026     		movs	r6, #0
 6149 0104 E6E7     		b	.L417
 6150              	.LVL359:
 6151              	.L429:
2320:Drivers/STM32F1xx_HAL_Driver/Src/stm32f1xx_hal_spi.c ****     hspi->TxXferCount = 0U;
 6152              		.loc 1 2320 5 is_stmt 1 view .LVU2080
2320:Drivers/STM32F1xx_HAL_Driver/Src/stm32f1xx_hal_spi.c ****     hspi->TxXferCount = 0U;
 6153              		.loc 1 2320 23 is_stmt 0 view .LVU2081
 6154 0106 0023     		movs	r3, #0
ARM GAS  /tmp/cctmCgKp.s 			page 213


 6155 0108 E387     		strh	r3, [r4, #62]	@ movhi
2321:Drivers/STM32F1xx_HAL_Driver/Src/stm32f1xx_hal_spi.c **** 
 6156              		.loc 1 2321 5 is_stmt 1 view .LVU2082
2321:Drivers/STM32F1xx_HAL_Driver/Src/stm32f1xx_hal_spi.c **** 
 6157              		.loc 1 2321 23 is_stmt 0 view .LVU2083
 6158 010a E386     		strh	r3, [r4, #54]	@ movhi
2324:Drivers/STM32F1xx_HAL_Driver/Src/stm32f1xx_hal_spi.c ****     {
 6159              		.loc 1 2324 5 is_stmt 1 view .LVU2084
2324:Drivers/STM32F1xx_HAL_Driver/Src/stm32f1xx_hal_spi.c ****     {
 6160              		.loc 1 2324 13 is_stmt 0 view .LVU2085
 6161 010c 636D     		ldr	r3, [r4, #84]
2324:Drivers/STM32F1xx_HAL_Driver/Src/stm32f1xx_hal_spi.c ****     {
 6162              		.loc 1 2324 8 view .LVU2086
 6163 010e 402B     		cmp	r3, #64
 6164 0110 10D0     		beq	.L425
2332:Drivers/STM32F1xx_HAL_Driver/Src/stm32f1xx_hal_spi.c ****     }
 6165              		.loc 1 2332 7 is_stmt 1 view .LVU2087
2332:Drivers/STM32F1xx_HAL_Driver/Src/stm32f1xx_hal_spi.c ****     }
 6166              		.loc 1 2332 23 is_stmt 0 view .LVU2088
 6167 0112 0025     		movs	r5, #0
 6168 0114 6565     		str	r5, [r4, #84]
 6169              	.L420:
 6170              	.LVL360:
2336:Drivers/STM32F1xx_HAL_Driver/Src/stm32f1xx_hal_spi.c **** 
 6171              		.loc 1 2336 5 is_stmt 1 view .LVU2089
 6172              	.LBB12:
2336:Drivers/STM32F1xx_HAL_Driver/Src/stm32f1xx_hal_spi.c **** 
 6173              		.loc 1 2336 5 view .LVU2090
 6174 0116 0023     		movs	r3, #0
 6175 0118 0193     		str	r3, [sp, #4]
2336:Drivers/STM32F1xx_HAL_Driver/Src/stm32f1xx_hal_spi.c **** 
 6176              		.loc 1 2336 5 view .LVU2091
 6177 011a 2368     		ldr	r3, [r4]
 6178 011c DA68     		ldr	r2, [r3, #12]
 6179 011e 0192     		str	r2, [sp, #4]
2336:Drivers/STM32F1xx_HAL_Driver/Src/stm32f1xx_hal_spi.c **** 
 6180              		.loc 1 2336 5 view .LVU2092
 6181 0120 9B68     		ldr	r3, [r3, #8]
 6182 0122 0193     		str	r3, [sp, #4]
2336:Drivers/STM32F1xx_HAL_Driver/Src/stm32f1xx_hal_spi.c **** 
 6183              		.loc 1 2336 5 view .LVU2093
 6184 0124 019B     		ldr	r3, [sp, #4]
 6185              	.LBE12:
2336:Drivers/STM32F1xx_HAL_Driver/Src/stm32f1xx_hal_spi.c **** 
 6186              		.loc 1 2336 5 view .LVU2094
2339:Drivers/STM32F1xx_HAL_Driver/Src/stm32f1xx_hal_spi.c **** 
 6187              		.loc 1 2339 5 view .LVU2095
2339:Drivers/STM32F1xx_HAL_Driver/Src/stm32f1xx_hal_spi.c **** 
 6188              		.loc 1 2339 17 is_stmt 0 view .LVU2096
 6189 0126 0123     		movs	r3, #1
 6190 0128 84F85130 		strb	r3, [r4, #81]
2345:Drivers/STM32F1xx_HAL_Driver/Src/stm32f1xx_hal_spi.c **** #endif /* USE_HAL_SPI_REGISTER_CALLBACKS */
 6191              		.loc 1 2345 5 is_stmt 1 view .LVU2097
 6192 012c 2046     		mov	r0, r4
 6193 012e FFF7FEFF 		bl	HAL_SPI_AbortCpltCallback
 6194              	.LVL361:
 6195 0132 E1E7     		b	.L419
ARM GAS  /tmp/cctmCgKp.s 			page 214


 6196              	.LVL362:
 6197              	.L425:
2327:Drivers/STM32F1xx_HAL_Driver/Src/stm32f1xx_hal_spi.c ****     }
 6198              		.loc 1 2327 17 is_stmt 0 view .LVU2098
 6199 0134 0125     		movs	r5, #1
 6200 0136 EEE7     		b	.L420
 6201              	.L431:
 6202              		.align	2
 6203              	.L430:
 6204 0138 00000000 		.word	SystemCoreClock
 6205 013c F1197605 		.word	91625969
 6206 0140 00000000 		.word	SPI_AbortTx_ISR
 6207 0144 00000000 		.word	SPI_AbortRx_ISR
 6208 0148 00000000 		.word	SPI_DMATxAbortCallback
 6209 014c 00000000 		.word	SPI_DMARxAbortCallback
 6210              		.cfi_endproc
 6211              	.LFE79:
 6213              		.section	.text.SPI_DMARxAbortCallback,"ax",%progbits
 6214              		.align	1
 6215              		.syntax unified
 6216              		.thumb
 6217              		.thumb_func
 6219              	SPI_DMARxAbortCallback:
 6220              	.LVL363:
 6221              	.LFB103:
3138:Drivers/STM32F1xx_HAL_Driver/Src/stm32f1xx_hal_spi.c ****   SPI_HandleTypeDef *hspi = (SPI_HandleTypeDef *)(((DMA_HandleTypeDef *)hdma)->Parent);
 6222              		.loc 1 3138 1 is_stmt 1 view -0
 6223              		.cfi_startproc
 6224              		@ args = 0, pretend = 0, frame = 8
 6225              		@ frame_needed = 0, uses_anonymous_args = 0
3138:Drivers/STM32F1xx_HAL_Driver/Src/stm32f1xx_hal_spi.c ****   SPI_HandleTypeDef *hspi = (SPI_HandleTypeDef *)(((DMA_HandleTypeDef *)hdma)->Parent);
 6226              		.loc 1 3138 1 is_stmt 0 view .LVU2100
 6227 0000 10B5     		push	{r4, lr}
 6228              		.cfi_def_cfa_offset 8
 6229              		.cfi_offset 4, -8
 6230              		.cfi_offset 14, -4
 6231 0002 82B0     		sub	sp, sp, #8
 6232              		.cfi_def_cfa_offset 16
3139:Drivers/STM32F1xx_HAL_Driver/Src/stm32f1xx_hal_spi.c **** 
 6233              		.loc 1 3139 3 is_stmt 1 view .LVU2101
3139:Drivers/STM32F1xx_HAL_Driver/Src/stm32f1xx_hal_spi.c **** 
 6234              		.loc 1 3139 22 is_stmt 0 view .LVU2102
 6235 0004 446A     		ldr	r4, [r0, #36]
 6236              	.LVL364:
3142:Drivers/STM32F1xx_HAL_Driver/Src/stm32f1xx_hal_spi.c **** 
 6237              		.loc 1 3142 3 is_stmt 1 view .LVU2103
 6238 0006 2268     		ldr	r2, [r4]
 6239 0008 1368     		ldr	r3, [r2]
 6240 000a 23F04003 		bic	r3, r3, #64
 6241 000e 1360     		str	r3, [r2]
3144:Drivers/STM32F1xx_HAL_Driver/Src/stm32f1xx_hal_spi.c **** 
 6242              		.loc 1 3144 3 view .LVU2104
3144:Drivers/STM32F1xx_HAL_Driver/Src/stm32f1xx_hal_spi.c **** 
 6243              		.loc 1 3144 7 is_stmt 0 view .LVU2105
 6244 0010 E36C     		ldr	r3, [r4, #76]
3144:Drivers/STM32F1xx_HAL_Driver/Src/stm32f1xx_hal_spi.c **** 
 6245              		.loc 1 3144 35 view .LVU2106
ARM GAS  /tmp/cctmCgKp.s 			page 215


 6246 0012 0022     		movs	r2, #0
 6247 0014 5A63     		str	r2, [r3, #52]
3147:Drivers/STM32F1xx_HAL_Driver/Src/stm32f1xx_hal_spi.c **** 
 6248              		.loc 1 3147 3 is_stmt 1 view .LVU2107
 6249 0016 2268     		ldr	r2, [r4]
 6250 0018 5368     		ldr	r3, [r2, #4]
 6251 001a 23F00103 		bic	r3, r3, #1
 6252 001e 5360     		str	r3, [r2, #4]
3150:Drivers/STM32F1xx_HAL_Driver/Src/stm32f1xx_hal_spi.c ****   {
 6253              		.loc 1 3150 3 view .LVU2108
3150:Drivers/STM32F1xx_HAL_Driver/Src/stm32f1xx_hal_spi.c ****   {
 6254              		.loc 1 3150 7 is_stmt 0 view .LVU2109
 6255 0020 FFF7FEFF 		bl	HAL_GetTick
 6256              	.LVL365:
3150:Drivers/STM32F1xx_HAL_Driver/Src/stm32f1xx_hal_spi.c ****   {
 6257              		.loc 1 3150 7 view .LVU2110
 6258 0024 0246     		mov	r2, r0
3150:Drivers/STM32F1xx_HAL_Driver/Src/stm32f1xx_hal_spi.c ****   {
 6259              		.loc 1 3150 7 discriminator 1 view .LVU2111
 6260 0026 6421     		movs	r1, #100
 6261 0028 2046     		mov	r0, r4
 6262 002a FFF7FEFF 		bl	SPI_EndRxTxTransaction
 6263              	.LVL366:
3150:Drivers/STM32F1xx_HAL_Driver/Src/stm32f1xx_hal_spi.c ****   {
 6264              		.loc 1 3150 6 discriminator 2 view .LVU2112
 6265 002e 18B1     		cbz	r0, .L433
3152:Drivers/STM32F1xx_HAL_Driver/Src/stm32f1xx_hal_spi.c ****   }
 6266              		.loc 1 3152 5 is_stmt 1 view .LVU2113
 6267 0030 636D     		ldr	r3, [r4, #84]
 6268 0032 43F04003 		orr	r3, r3, #64
 6269 0036 6365     		str	r3, [r4, #84]
 6270              	.L433:
3156:Drivers/STM32F1xx_HAL_Driver/Src/stm32f1xx_hal_spi.c ****   {
 6271              		.loc 1 3156 3 view .LVU2114
3156:Drivers/STM32F1xx_HAL_Driver/Src/stm32f1xx_hal_spi.c ****   {
 6272              		.loc 1 3156 11 is_stmt 0 view .LVU2115
 6273 0038 A36C     		ldr	r3, [r4, #72]
3156:Drivers/STM32F1xx_HAL_Driver/Src/stm32f1xx_hal_spi.c ****   {
 6274              		.loc 1 3156 6 view .LVU2116
 6275 003a 0BB1     		cbz	r3, .L434
3158:Drivers/STM32F1xx_HAL_Driver/Src/stm32f1xx_hal_spi.c ****     {
 6276              		.loc 1 3158 5 is_stmt 1 view .LVU2117
3158:Drivers/STM32F1xx_HAL_Driver/Src/stm32f1xx_hal_spi.c ****     {
 6277              		.loc 1 3158 21 is_stmt 0 view .LVU2118
 6278 003c 5B6B     		ldr	r3, [r3, #52]
3158:Drivers/STM32F1xx_HAL_Driver/Src/stm32f1xx_hal_spi.c ****     {
 6279              		.loc 1 3158 8 view .LVU2119
 6280 003e ABB9     		cbnz	r3, .L432
 6281              	.L434:
3165:Drivers/STM32F1xx_HAL_Driver/Src/stm32f1xx_hal_spi.c ****   hspi->TxXferCount = 0U;
 6282              		.loc 1 3165 3 is_stmt 1 view .LVU2120
3165:Drivers/STM32F1xx_HAL_Driver/Src/stm32f1xx_hal_spi.c ****   hspi->TxXferCount = 0U;
 6283              		.loc 1 3165 21 is_stmt 0 view .LVU2121
 6284 0040 0023     		movs	r3, #0
 6285 0042 E387     		strh	r3, [r4, #62]	@ movhi
3166:Drivers/STM32F1xx_HAL_Driver/Src/stm32f1xx_hal_spi.c **** 
 6286              		.loc 1 3166 3 is_stmt 1 view .LVU2122
ARM GAS  /tmp/cctmCgKp.s 			page 216


3166:Drivers/STM32F1xx_HAL_Driver/Src/stm32f1xx_hal_spi.c **** 
 6287              		.loc 1 3166 21 is_stmt 0 view .LVU2123
 6288 0044 E386     		strh	r3, [r4, #54]	@ movhi
3169:Drivers/STM32F1xx_HAL_Driver/Src/stm32f1xx_hal_spi.c ****   {
 6289              		.loc 1 3169 3 is_stmt 1 view .LVU2124
3169:Drivers/STM32F1xx_HAL_Driver/Src/stm32f1xx_hal_spi.c ****   {
 6290              		.loc 1 3169 11 is_stmt 0 view .LVU2125
 6291 0046 636D     		ldr	r3, [r4, #84]
3169:Drivers/STM32F1xx_HAL_Driver/Src/stm32f1xx_hal_spi.c ****   {
 6292              		.loc 1 3169 6 view .LVU2126
 6293 0048 402B     		cmp	r3, #64
 6294 004a 01D0     		beq	.L436
3172:Drivers/STM32F1xx_HAL_Driver/Src/stm32f1xx_hal_spi.c ****   }
 6295              		.loc 1 3172 5 is_stmt 1 view .LVU2127
3172:Drivers/STM32F1xx_HAL_Driver/Src/stm32f1xx_hal_spi.c ****   }
 6296              		.loc 1 3172 21 is_stmt 0 view .LVU2128
 6297 004c 0023     		movs	r3, #0
 6298 004e 6365     		str	r3, [r4, #84]
 6299              	.L436:
3176:Drivers/STM32F1xx_HAL_Driver/Src/stm32f1xx_hal_spi.c **** 
 6300              		.loc 1 3176 3 is_stmt 1 view .LVU2129
 6301              	.LBB13:
3176:Drivers/STM32F1xx_HAL_Driver/Src/stm32f1xx_hal_spi.c **** 
 6302              		.loc 1 3176 3 view .LVU2130
 6303 0050 0023     		movs	r3, #0
 6304 0052 0193     		str	r3, [sp, #4]
3176:Drivers/STM32F1xx_HAL_Driver/Src/stm32f1xx_hal_spi.c **** 
 6305              		.loc 1 3176 3 view .LVU2131
 6306 0054 2368     		ldr	r3, [r4]
 6307 0056 DA68     		ldr	r2, [r3, #12]
 6308 0058 0192     		str	r2, [sp, #4]
3176:Drivers/STM32F1xx_HAL_Driver/Src/stm32f1xx_hal_spi.c **** 
 6309              		.loc 1 3176 3 view .LVU2132
 6310 005a 9B68     		ldr	r3, [r3, #8]
 6311 005c 0193     		str	r3, [sp, #4]
3176:Drivers/STM32F1xx_HAL_Driver/Src/stm32f1xx_hal_spi.c **** 
 6312              		.loc 1 3176 3 view .LVU2133
 6313 005e 019B     		ldr	r3, [sp, #4]
 6314              	.LBE13:
3176:Drivers/STM32F1xx_HAL_Driver/Src/stm32f1xx_hal_spi.c **** 
 6315              		.loc 1 3176 3 view .LVU2134
3179:Drivers/STM32F1xx_HAL_Driver/Src/stm32f1xx_hal_spi.c **** 
 6316              		.loc 1 3179 3 view .LVU2135
3179:Drivers/STM32F1xx_HAL_Driver/Src/stm32f1xx_hal_spi.c **** 
 6317              		.loc 1 3179 16 is_stmt 0 view .LVU2136
 6318 0060 0123     		movs	r3, #1
 6319 0062 84F85130 		strb	r3, [r4, #81]
3185:Drivers/STM32F1xx_HAL_Driver/Src/stm32f1xx_hal_spi.c **** #endif /* USE_HAL_SPI_REGISTER_CALLBACKS */
 6320              		.loc 1 3185 3 is_stmt 1 view .LVU2137
 6321 0066 2046     		mov	r0, r4
 6322 0068 FFF7FEFF 		bl	HAL_SPI_AbortCpltCallback
 6323              	.LVL367:
 6324              	.L432:
3187:Drivers/STM32F1xx_HAL_Driver/Src/stm32f1xx_hal_spi.c **** 
 6325              		.loc 1 3187 1 is_stmt 0 view .LVU2138
 6326 006c 02B0     		add	sp, sp, #8
 6327              		.cfi_def_cfa_offset 8
ARM GAS  /tmp/cctmCgKp.s 			page 217


 6328              		@ sp needed
 6329 006e 10BD     		pop	{r4, pc}
3187:Drivers/STM32F1xx_HAL_Driver/Src/stm32f1xx_hal_spi.c **** 
 6330              		.loc 1 3187 1 view .LVU2139
 6331              		.cfi_endproc
 6332              	.LFE103:
 6334              		.section	.text.SPI_DMATxAbortCallback,"ax",%progbits
 6335              		.align	1
 6336              		.syntax unified
 6337              		.thumb
 6338              		.thumb_func
 6340              	SPI_DMATxAbortCallback:
 6341              	.LVL368:
 6342              	.LFB102:
3074:Drivers/STM32F1xx_HAL_Driver/Src/stm32f1xx_hal_spi.c ****   SPI_HandleTypeDef *hspi = (SPI_HandleTypeDef *)(((DMA_HandleTypeDef *)hdma)->Parent);
 6343              		.loc 1 3074 1 is_stmt 1 view -0
 6344              		.cfi_startproc
 6345              		@ args = 0, pretend = 0, frame = 8
 6346              		@ frame_needed = 0, uses_anonymous_args = 0
3074:Drivers/STM32F1xx_HAL_Driver/Src/stm32f1xx_hal_spi.c ****   SPI_HandleTypeDef *hspi = (SPI_HandleTypeDef *)(((DMA_HandleTypeDef *)hdma)->Parent);
 6347              		.loc 1 3074 1 is_stmt 0 view .LVU2141
 6348 0000 00B5     		push	{lr}
 6349              		.cfi_def_cfa_offset 4
 6350              		.cfi_offset 14, -4
 6351 0002 83B0     		sub	sp, sp, #12
 6352              		.cfi_def_cfa_offset 16
3075:Drivers/STM32F1xx_HAL_Driver/Src/stm32f1xx_hal_spi.c ****   __IO uint32_t count;
 6353              		.loc 1 3075 3 is_stmt 1 view .LVU2142
3075:Drivers/STM32F1xx_HAL_Driver/Src/stm32f1xx_hal_spi.c ****   __IO uint32_t count;
 6354              		.loc 1 3075 22 is_stmt 0 view .LVU2143
 6355 0004 406A     		ldr	r0, [r0, #36]
 6356              	.LVL369:
3076:Drivers/STM32F1xx_HAL_Driver/Src/stm32f1xx_hal_spi.c **** 
 6357              		.loc 1 3076 3 is_stmt 1 view .LVU2144
3078:Drivers/STM32F1xx_HAL_Driver/Src/stm32f1xx_hal_spi.c ****   count = SPI_DEFAULT_TIMEOUT * (SystemCoreClock / 24U / 1000U);
 6358              		.loc 1 3078 3 view .LVU2145
3078:Drivers/STM32F1xx_HAL_Driver/Src/stm32f1xx_hal_spi.c ****   count = SPI_DEFAULT_TIMEOUT * (SystemCoreClock / 24U / 1000U);
 6359              		.loc 1 3078 7 is_stmt 0 view .LVU2146
 6360 0006 836C     		ldr	r3, [r0, #72]
3078:Drivers/STM32F1xx_HAL_Driver/Src/stm32f1xx_hal_spi.c ****   count = SPI_DEFAULT_TIMEOUT * (SystemCoreClock / 24U / 1000U);
 6361              		.loc 1 3078 35 view .LVU2147
 6362 0008 0022     		movs	r2, #0
 6363 000a 5A63     		str	r2, [r3, #52]
3079:Drivers/STM32F1xx_HAL_Driver/Src/stm32f1xx_hal_spi.c **** 
 6364              		.loc 1 3079 3 is_stmt 1 view .LVU2148
3079:Drivers/STM32F1xx_HAL_Driver/Src/stm32f1xx_hal_spi.c **** 
 6365              		.loc 1 3079 56 is_stmt 0 view .LVU2149
 6366 000c 1C4B     		ldr	r3, .L447
 6367 000e 1B68     		ldr	r3, [r3]
 6368 0010 1C4A     		ldr	r2, .L447+4
 6369 0012 A2FB0323 		umull	r2, r3, r2, r3
 6370 0016 5B0A     		lsrs	r3, r3, #9
3079:Drivers/STM32F1xx_HAL_Driver/Src/stm32f1xx_hal_spi.c **** 
 6371              		.loc 1 3079 31 view .LVU2150
 6372 0018 6422     		movs	r2, #100
 6373 001a 02FB03F3 		mul	r3, r2, r3
3079:Drivers/STM32F1xx_HAL_Driver/Src/stm32f1xx_hal_spi.c **** 
ARM GAS  /tmp/cctmCgKp.s 			page 218


 6374              		.loc 1 3079 9 view .LVU2151
 6375 001e 0193     		str	r3, [sp, #4]
3082:Drivers/STM32F1xx_HAL_Driver/Src/stm32f1xx_hal_spi.c **** 
 6376              		.loc 1 3082 3 is_stmt 1 view .LVU2152
 6377 0020 0268     		ldr	r2, [r0]
 6378 0022 5368     		ldr	r3, [r2, #4]
 6379 0024 23F00203 		bic	r3, r3, #2
 6380 0028 5360     		str	r3, [r2, #4]
 6381              	.L441:
3085:Drivers/STM32F1xx_HAL_Driver/Src/stm32f1xx_hal_spi.c ****   {
 6382              		.loc 1 3085 3 view .LVU2153
3087:Drivers/STM32F1xx_HAL_Driver/Src/stm32f1xx_hal_spi.c ****     {
 6383              		.loc 1 3087 5 view .LVU2154
3087:Drivers/STM32F1xx_HAL_Driver/Src/stm32f1xx_hal_spi.c ****     {
 6384              		.loc 1 3087 15 is_stmt 0 view .LVU2155
 6385 002a 019B     		ldr	r3, [sp, #4]
3087:Drivers/STM32F1xx_HAL_Driver/Src/stm32f1xx_hal_spi.c ****     {
 6386              		.loc 1 3087 8 view .LVU2156
 6387 002c 43B1     		cbz	r3, .L446
3092:Drivers/STM32F1xx_HAL_Driver/Src/stm32f1xx_hal_spi.c ****   } while ((hspi->Instance->SR & SPI_FLAG_TXE) == RESET);
 6388              		.loc 1 3092 5 is_stmt 1 view .LVU2157
3092:Drivers/STM32F1xx_HAL_Driver/Src/stm32f1xx_hal_spi.c ****   } while ((hspi->Instance->SR & SPI_FLAG_TXE) == RESET);
 6389              		.loc 1 3092 10 is_stmt 0 view .LVU2158
 6390 002e 019B     		ldr	r3, [sp, #4]
 6391 0030 013B     		subs	r3, r3, #1
 6392 0032 0193     		str	r3, [sp, #4]
3093:Drivers/STM32F1xx_HAL_Driver/Src/stm32f1xx_hal_spi.c **** 
 6393              		.loc 1 3093 48 is_stmt 1 view .LVU2159
3093:Drivers/STM32F1xx_HAL_Driver/Src/stm32f1xx_hal_spi.c **** 
 6394              		.loc 1 3093 17 is_stmt 0 view .LVU2160
 6395 0034 0368     		ldr	r3, [r0]
3093:Drivers/STM32F1xx_HAL_Driver/Src/stm32f1xx_hal_spi.c **** 
 6396              		.loc 1 3093 27 view .LVU2161
 6397 0036 9B68     		ldr	r3, [r3, #8]
3093:Drivers/STM32F1xx_HAL_Driver/Src/stm32f1xx_hal_spi.c **** 
 6398              		.loc 1 3093 48 view .LVU2162
 6399 0038 13F0020F 		tst	r3, #2
 6400 003c F5D0     		beq	.L441
 6401 003e 03E0     		b	.L440
 6402              	.L446:
3089:Drivers/STM32F1xx_HAL_Driver/Src/stm32f1xx_hal_spi.c ****       break;
 6403              		.loc 1 3089 7 is_stmt 1 view .LVU2163
 6404 0040 436D     		ldr	r3, [r0, #84]
 6405 0042 43F04003 		orr	r3, r3, #64
 6406 0046 4365     		str	r3, [r0, #84]
3090:Drivers/STM32F1xx_HAL_Driver/Src/stm32f1xx_hal_spi.c ****     }
 6407              		.loc 1 3090 7 view .LVU2164
 6408              	.L440:
3096:Drivers/STM32F1xx_HAL_Driver/Src/stm32f1xx_hal_spi.c ****   {
 6409              		.loc 1 3096 3 view .LVU2165
3096:Drivers/STM32F1xx_HAL_Driver/Src/stm32f1xx_hal_spi.c ****   {
 6410              		.loc 1 3096 11 is_stmt 0 view .LVU2166
 6411 0048 C36C     		ldr	r3, [r0, #76]
3096:Drivers/STM32F1xx_HAL_Driver/Src/stm32f1xx_hal_spi.c ****   {
 6412              		.loc 1 3096 6 view .LVU2167
 6413 004a 0BB1     		cbz	r3, .L442
3098:Drivers/STM32F1xx_HAL_Driver/Src/stm32f1xx_hal_spi.c ****     {
ARM GAS  /tmp/cctmCgKp.s 			page 219


 6414              		.loc 1 3098 5 is_stmt 1 view .LVU2168
3098:Drivers/STM32F1xx_HAL_Driver/Src/stm32f1xx_hal_spi.c ****     {
 6415              		.loc 1 3098 21 is_stmt 0 view .LVU2169
 6416 004c 5B6B     		ldr	r3, [r3, #52]
3098:Drivers/STM32F1xx_HAL_Driver/Src/stm32f1xx_hal_spi.c ****     {
 6417              		.loc 1 3098 8 view .LVU2170
 6418 004e A3B9     		cbnz	r3, .L438
 6419              	.L442:
3105:Drivers/STM32F1xx_HAL_Driver/Src/stm32f1xx_hal_spi.c ****   hspi->TxXferCount = 0U;
 6420              		.loc 1 3105 3 is_stmt 1 view .LVU2171
3105:Drivers/STM32F1xx_HAL_Driver/Src/stm32f1xx_hal_spi.c ****   hspi->TxXferCount = 0U;
 6421              		.loc 1 3105 21 is_stmt 0 view .LVU2172
 6422 0050 0023     		movs	r3, #0
 6423 0052 C387     		strh	r3, [r0, #62]	@ movhi
3106:Drivers/STM32F1xx_HAL_Driver/Src/stm32f1xx_hal_spi.c **** 
 6424              		.loc 1 3106 3 is_stmt 1 view .LVU2173
3106:Drivers/STM32F1xx_HAL_Driver/Src/stm32f1xx_hal_spi.c **** 
 6425              		.loc 1 3106 21 is_stmt 0 view .LVU2174
 6426 0054 C386     		strh	r3, [r0, #54]	@ movhi
3109:Drivers/STM32F1xx_HAL_Driver/Src/stm32f1xx_hal_spi.c ****   {
 6427              		.loc 1 3109 3 is_stmt 1 view .LVU2175
3109:Drivers/STM32F1xx_HAL_Driver/Src/stm32f1xx_hal_spi.c ****   {
 6428              		.loc 1 3109 11 is_stmt 0 view .LVU2176
 6429 0056 436D     		ldr	r3, [r0, #84]
3109:Drivers/STM32F1xx_HAL_Driver/Src/stm32f1xx_hal_spi.c ****   {
 6430              		.loc 1 3109 6 view .LVU2177
 6431 0058 402B     		cmp	r3, #64
 6432 005a 01D0     		beq	.L444
3112:Drivers/STM32F1xx_HAL_Driver/Src/stm32f1xx_hal_spi.c ****   }
 6433              		.loc 1 3112 5 is_stmt 1 view .LVU2178
3112:Drivers/STM32F1xx_HAL_Driver/Src/stm32f1xx_hal_spi.c ****   }
 6434              		.loc 1 3112 21 is_stmt 0 view .LVU2179
 6435 005c 0023     		movs	r3, #0
 6436 005e 4365     		str	r3, [r0, #84]
 6437              	.L444:
3116:Drivers/STM32F1xx_HAL_Driver/Src/stm32f1xx_hal_spi.c **** 
 6438              		.loc 1 3116 3 is_stmt 1 view .LVU2180
 6439              	.LBB14:
3116:Drivers/STM32F1xx_HAL_Driver/Src/stm32f1xx_hal_spi.c **** 
 6440              		.loc 1 3116 3 view .LVU2181
 6441 0060 0023     		movs	r3, #0
 6442 0062 0093     		str	r3, [sp]
3116:Drivers/STM32F1xx_HAL_Driver/Src/stm32f1xx_hal_spi.c **** 
 6443              		.loc 1 3116 3 view .LVU2182
 6444 0064 0368     		ldr	r3, [r0]
 6445 0066 DA68     		ldr	r2, [r3, #12]
 6446 0068 0092     		str	r2, [sp]
3116:Drivers/STM32F1xx_HAL_Driver/Src/stm32f1xx_hal_spi.c **** 
 6447              		.loc 1 3116 3 view .LVU2183
 6448 006a 9B68     		ldr	r3, [r3, #8]
 6449 006c 0093     		str	r3, [sp]
3116:Drivers/STM32F1xx_HAL_Driver/Src/stm32f1xx_hal_spi.c **** 
 6450              		.loc 1 3116 3 view .LVU2184
 6451 006e 009B     		ldr	r3, [sp]
 6452              	.LBE14:
3116:Drivers/STM32F1xx_HAL_Driver/Src/stm32f1xx_hal_spi.c **** 
 6453              		.loc 1 3116 3 view .LVU2185
ARM GAS  /tmp/cctmCgKp.s 			page 220


3119:Drivers/STM32F1xx_HAL_Driver/Src/stm32f1xx_hal_spi.c **** 
 6454              		.loc 1 3119 3 view .LVU2186
3119:Drivers/STM32F1xx_HAL_Driver/Src/stm32f1xx_hal_spi.c **** 
 6455              		.loc 1 3119 16 is_stmt 0 view .LVU2187
 6456 0070 0123     		movs	r3, #1
 6457 0072 80F85130 		strb	r3, [r0, #81]
3125:Drivers/STM32F1xx_HAL_Driver/Src/stm32f1xx_hal_spi.c **** #endif /* USE_HAL_SPI_REGISTER_CALLBACKS */
 6458              		.loc 1 3125 3 is_stmt 1 view .LVU2188
 6459 0076 FFF7FEFF 		bl	HAL_SPI_AbortCpltCallback
 6460              	.LVL370:
 6461              	.L438:
3127:Drivers/STM32F1xx_HAL_Driver/Src/stm32f1xx_hal_spi.c **** 
 6462              		.loc 1 3127 1 is_stmt 0 view .LVU2189
 6463 007a 03B0     		add	sp, sp, #12
 6464              		.cfi_def_cfa_offset 4
 6465              		@ sp needed
 6466 007c 5DF804FB 		ldr	pc, [sp], #4
 6467              	.L448:
 6468              		.align	2
 6469              	.L447:
 6470 0080 00000000 		.word	SystemCoreClock
 6471 0084 F1197605 		.word	91625969
 6472              		.cfi_endproc
 6473              	.LFE102:
 6475              		.section	.text.HAL_SPI_GetState,"ax",%progbits
 6476              		.align	1
 6477              		.global	HAL_SPI_GetState
 6478              		.syntax unified
 6479              		.thumb
 6480              		.thumb_func
 6482              	HAL_SPI_GetState:
 6483              	.LVL371:
 6484              	.LFB92:
2692:Drivers/STM32F1xx_HAL_Driver/Src/stm32f1xx_hal_spi.c ****   /* Return SPI handle state */
 6485              		.loc 1 2692 1 is_stmt 1 view -0
 6486              		.cfi_startproc
 6487              		@ args = 0, pretend = 0, frame = 0
 6488              		@ frame_needed = 0, uses_anonymous_args = 0
 6489              		@ link register save eliminated.
2694:Drivers/STM32F1xx_HAL_Driver/Src/stm32f1xx_hal_spi.c **** }
 6490              		.loc 1 2694 3 view .LVU2191
2694:Drivers/STM32F1xx_HAL_Driver/Src/stm32f1xx_hal_spi.c **** }
 6491              		.loc 1 2694 14 is_stmt 0 view .LVU2192
 6492 0000 90F85100 		ldrb	r0, [r0, #81]	@ zero_extendqisi2
 6493              	.LVL372:
2695:Drivers/STM32F1xx_HAL_Driver/Src/stm32f1xx_hal_spi.c **** 
 6494              		.loc 1 2695 1 view .LVU2193
 6495 0004 7047     		bx	lr
 6496              		.cfi_endproc
 6497              	.LFE92:
 6499              		.section	.text.HAL_SPI_GetError,"ax",%progbits
 6500              		.align	1
 6501              		.global	HAL_SPI_GetError
 6502              		.syntax unified
 6503              		.thumb
 6504              		.thumb_func
 6506              	HAL_SPI_GetError:
ARM GAS  /tmp/cctmCgKp.s 			page 221


 6507              	.LVL373:
 6508              	.LFB93:
2704:Drivers/STM32F1xx_HAL_Driver/Src/stm32f1xx_hal_spi.c ****   /* Return SPI ErrorCode */
 6509              		.loc 1 2704 1 is_stmt 1 view -0
 6510              		.cfi_startproc
 6511              		@ args = 0, pretend = 0, frame = 0
 6512              		@ frame_needed = 0, uses_anonymous_args = 0
 6513              		@ link register save eliminated.
2706:Drivers/STM32F1xx_HAL_Driver/Src/stm32f1xx_hal_spi.c **** }
 6514              		.loc 1 2706 3 view .LVU2195
2706:Drivers/STM32F1xx_HAL_Driver/Src/stm32f1xx_hal_spi.c **** }
 6515              		.loc 1 2706 14 is_stmt 0 view .LVU2196
 6516 0000 406D     		ldr	r0, [r0, #84]
 6517              	.LVL374:
2707:Drivers/STM32F1xx_HAL_Driver/Src/stm32f1xx_hal_spi.c **** 
 6518              		.loc 1 2707 1 view .LVU2197
 6519 0002 7047     		bx	lr
 6520              		.cfi_endproc
 6521              	.LFE93:
 6523              		.text
 6524              	.Letext0:
 6525              		.file 2 "/usr/arm-none-eabi/include/machine/_default_types.h"
 6526              		.file 3 "/usr/arm-none-eabi/include/sys/_stdint.h"
 6527              		.file 4 "Drivers/CMSIS/Device/ST/STM32F1xx/Include/stm32f103xb.h"
 6528              		.file 5 "Drivers/CMSIS/Device/ST/STM32F1xx/Include/stm32f1xx.h"
 6529              		.file 6 "Drivers/STM32F1xx_HAL_Driver/Inc/stm32f1xx_hal_def.h"
 6530              		.file 7 "Drivers/STM32F1xx_HAL_Driver/Inc/stm32f1xx_hal_dma.h"
 6531              		.file 8 "Drivers/STM32F1xx_HAL_Driver/Inc/stm32f1xx_hal_spi.h"
 6532              		.file 9 "Drivers/CMSIS/Device/ST/STM32F1xx/Include/system_stm32f1xx.h"
 6533              		.file 10 "Drivers/STM32F1xx_HAL_Driver/Inc/stm32f1xx_hal.h"
ARM GAS  /tmp/cctmCgKp.s 			page 222


DEFINED SYMBOLS
                            *ABS*:00000000 stm32f1xx_hal_spi.c
     /tmp/cctmCgKp.s:19     .text.SPI_AbortRx_ISR:00000000 $t
     /tmp/cctmCgKp.s:24     .text.SPI_AbortRx_ISR:00000000 SPI_AbortRx_ISR
     /tmp/cctmCgKp.s:109    .text.SPI_AbortRx_ISR:00000060 $d
     /tmp/cctmCgKp.s:115    .text.SPI_AbortTx_ISR:00000000 $t
     /tmp/cctmCgKp.s:120    .text.SPI_AbortTx_ISR:00000000 SPI_AbortTx_ISR
     /tmp/cctmCgKp.s:148    .text.SPI_WaitFlagStateUntilTimeout:00000000 $t
     /tmp/cctmCgKp.s:153    .text.SPI_WaitFlagStateUntilTimeout:00000000 SPI_WaitFlagStateUntilTimeout
     /tmp/cctmCgKp.s:327    .text.SPI_WaitFlagStateUntilTimeout:000000c4 $d
     /tmp/cctmCgKp.s:332    .text.SPI_EndRxTxTransaction:00000000 $t
     /tmp/cctmCgKp.s:337    .text.SPI_EndRxTxTransaction:00000000 SPI_EndRxTxTransaction
     /tmp/cctmCgKp.s:412    .text.SPI_EndRxTransaction:00000000 $t
     /tmp/cctmCgKp.s:417    .text.SPI_EndRxTransaction:00000000 SPI_EndRxTransaction
     /tmp/cctmCgKp.s:528    .text.HAL_SPI_MspInit:00000000 $t
     /tmp/cctmCgKp.s:534    .text.HAL_SPI_MspInit:00000000 HAL_SPI_MspInit
     /tmp/cctmCgKp.s:549    .text.HAL_SPI_Init:00000000 $t
     /tmp/cctmCgKp.s:555    .text.HAL_SPI_Init:00000000 HAL_SPI_Init
     /tmp/cctmCgKp.s:705    .text.HAL_SPI_MspDeInit:00000000 $t
     /tmp/cctmCgKp.s:711    .text.HAL_SPI_MspDeInit:00000000 HAL_SPI_MspDeInit
     /tmp/cctmCgKp.s:726    .text.HAL_SPI_DeInit:00000000 $t
     /tmp/cctmCgKp.s:732    .text.HAL_SPI_DeInit:00000000 HAL_SPI_DeInit
     /tmp/cctmCgKp.s:789    .text.HAL_SPI_Transmit:00000000 $t
     /tmp/cctmCgKp.s:795    .text.HAL_SPI_Transmit:00000000 HAL_SPI_Transmit
     /tmp/cctmCgKp.s:1197   .text.HAL_SPI_TransmitReceive:00000000 $t
     /tmp/cctmCgKp.s:1203   .text.HAL_SPI_TransmitReceive:00000000 HAL_SPI_TransmitReceive
     /tmp/cctmCgKp.s:1799   .text.HAL_SPI_Receive:00000000 $t
     /tmp/cctmCgKp.s:1805   .text.HAL_SPI_Receive:00000000 HAL_SPI_Receive
     /tmp/cctmCgKp.s:2149   .text.HAL_SPI_Transmit_IT:00000000 $t
     /tmp/cctmCgKp.s:2155   .text.HAL_SPI_Transmit_IT:00000000 HAL_SPI_Transmit_IT
     /tmp/cctmCgKp.s:2331   .text.HAL_SPI_Transmit_IT:0000009c $d
     /tmp/cctmCgKp.s:4458   .text.SPI_TxISR_16BIT:00000000 SPI_TxISR_16BIT
     /tmp/cctmCgKp.s:4397   .text.SPI_TxISR_8BIT:00000000 SPI_TxISR_8BIT
     /tmp/cctmCgKp.s:2337   .text.HAL_SPI_TransmitReceive_IT:00000000 $t
     /tmp/cctmCgKp.s:2343   .text.HAL_SPI_TransmitReceive_IT:00000000 HAL_SPI_TransmitReceive_IT
     /tmp/cctmCgKp.s:2548   .text.HAL_SPI_TransmitReceive_IT:000000b4 $d
     /tmp/cctmCgKp.s:5121   .text.SPI_2linesRxISR_16BIT:00000000 SPI_2linesRxISR_16BIT
     /tmp/cctmCgKp.s:5049   .text.SPI_2linesTxISR_16BIT:00000000 SPI_2linesTxISR_16BIT
     /tmp/cctmCgKp.s:4977   .text.SPI_2linesRxISR_8BIT:00000000 SPI_2linesRxISR_8BIT
     /tmp/cctmCgKp.s:4905   .text.SPI_2linesTxISR_8BIT:00000000 SPI_2linesTxISR_8BIT
     /tmp/cctmCgKp.s:2556   .text.HAL_SPI_Receive_IT:00000000 $t
     /tmp/cctmCgKp.s:2562   .text.HAL_SPI_Receive_IT:00000000 HAL_SPI_Receive_IT
     /tmp/cctmCgKp.s:2741   .text.HAL_SPI_Receive_IT:000000d0 $d
     /tmp/cctmCgKp.s:4677   .text.SPI_RxISR_16BIT:00000000 SPI_RxISR_16BIT
     /tmp/cctmCgKp.s:4616   .text.SPI_RxISR_8BIT:00000000 SPI_RxISR_8BIT
     /tmp/cctmCgKp.s:2747   .text.HAL_SPI_Transmit_DMA:00000000 $t
     /tmp/cctmCgKp.s:2753   .text.HAL_SPI_Transmit_DMA:00000000 HAL_SPI_Transmit_DMA
     /tmp/cctmCgKp.s:2955   .text.HAL_SPI_Transmit_DMA:000000d4 $d
     /tmp/cctmCgKp.s:4094   .text.SPI_DMAHalfTransmitCplt:00000000 SPI_DMAHalfTransmitCplt
     /tmp/cctmCgKp.s:5236   .text.SPI_DMATransmitCplt:00000000 SPI_DMATransmitCplt
     /tmp/cctmCgKp.s:5193   .text.SPI_DMAError:00000000 SPI_DMAError
     /tmp/cctmCgKp.s:2962   .text.HAL_SPI_TransmitReceive_DMA:00000000 $t
     /tmp/cctmCgKp.s:2968   .text.HAL_SPI_TransmitReceive_DMA:00000000 HAL_SPI_TransmitReceive_DMA
     /tmp/cctmCgKp.s:3275   .text.HAL_SPI_TransmitReceive_DMA:00000148 $d
     /tmp/cctmCgKp.s:4198   .text.SPI_DMAHalfTransmitReceiveCplt:00000000 SPI_DMAHalfTransmitReceiveCplt
     /tmp/cctmCgKp.s:5475   .text.SPI_DMATransmitReceiveCplt:00000000 SPI_DMATransmitReceiveCplt
     /tmp/cctmCgKp.s:4146   .text.SPI_DMAHalfReceiveCplt:00000000 SPI_DMAHalfReceiveCplt
ARM GAS  /tmp/cctmCgKp.s 			page 223


     /tmp/cctmCgKp.s:5359   .text.SPI_DMAReceiveCplt:00000000 SPI_DMAReceiveCplt
     /tmp/cctmCgKp.s:3284   .text.HAL_SPI_Receive_DMA:00000000 $t
     /tmp/cctmCgKp.s:3290   .text.HAL_SPI_Receive_DMA:00000000 HAL_SPI_Receive_DMA
     /tmp/cctmCgKp.s:3514   .text.HAL_SPI_Receive_DMA:000000f0 $d
     /tmp/cctmCgKp.s:3521   .text.HAL_SPI_Abort:00000000 $t
     /tmp/cctmCgKp.s:3527   .text.HAL_SPI_Abort:00000000 HAL_SPI_Abort
     /tmp/cctmCgKp.s:3807   .text.HAL_SPI_Abort:00000128 $d
     /tmp/cctmCgKp.s:3815   .text.HAL_SPI_DMAPause:00000000 $t
     /tmp/cctmCgKp.s:3821   .text.HAL_SPI_DMAPause:00000000 HAL_SPI_DMAPause
     /tmp/cctmCgKp.s:3865   .text.HAL_SPI_DMAResume:00000000 $t
     /tmp/cctmCgKp.s:3871   .text.HAL_SPI_DMAResume:00000000 HAL_SPI_DMAResume
     /tmp/cctmCgKp.s:3915   .text.HAL_SPI_DMAStop:00000000 $t
     /tmp/cctmCgKp.s:3921   .text.HAL_SPI_DMAStop:00000000 HAL_SPI_DMAStop
     /tmp/cctmCgKp.s:4005   .text.HAL_SPI_TxCpltCallback:00000000 $t
     /tmp/cctmCgKp.s:4011   .text.HAL_SPI_TxCpltCallback:00000000 HAL_SPI_TxCpltCallback
     /tmp/cctmCgKp.s:4026   .text.HAL_SPI_RxCpltCallback:00000000 $t
     /tmp/cctmCgKp.s:4032   .text.HAL_SPI_RxCpltCallback:00000000 HAL_SPI_RxCpltCallback
     /tmp/cctmCgKp.s:4047   .text.HAL_SPI_TxRxCpltCallback:00000000 $t
     /tmp/cctmCgKp.s:4053   .text.HAL_SPI_TxRxCpltCallback:00000000 HAL_SPI_TxRxCpltCallback
     /tmp/cctmCgKp.s:4068   .text.HAL_SPI_TxHalfCpltCallback:00000000 $t
     /tmp/cctmCgKp.s:4074   .text.HAL_SPI_TxHalfCpltCallback:00000000 HAL_SPI_TxHalfCpltCallback
     /tmp/cctmCgKp.s:4089   .text.SPI_DMAHalfTransmitCplt:00000000 $t
     /tmp/cctmCgKp.s:4120   .text.HAL_SPI_RxHalfCpltCallback:00000000 $t
     /tmp/cctmCgKp.s:4126   .text.HAL_SPI_RxHalfCpltCallback:00000000 HAL_SPI_RxHalfCpltCallback
     /tmp/cctmCgKp.s:4141   .text.SPI_DMAHalfReceiveCplt:00000000 $t
     /tmp/cctmCgKp.s:4172   .text.HAL_SPI_TxRxHalfCpltCallback:00000000 $t
     /tmp/cctmCgKp.s:4178   .text.HAL_SPI_TxRxHalfCpltCallback:00000000 HAL_SPI_TxRxHalfCpltCallback
     /tmp/cctmCgKp.s:4193   .text.SPI_DMAHalfTransmitReceiveCplt:00000000 $t
     /tmp/cctmCgKp.s:4224   .text.HAL_SPI_ErrorCallback:00000000 $t
     /tmp/cctmCgKp.s:4230   .text.HAL_SPI_ErrorCallback:00000000 HAL_SPI_ErrorCallback
     /tmp/cctmCgKp.s:4245   .text.SPI_CloseTx_ISR:00000000 $t
     /tmp/cctmCgKp.s:4250   .text.SPI_CloseTx_ISR:00000000 SPI_CloseTx_ISR
     /tmp/cctmCgKp.s:4386   .text.SPI_CloseTx_ISR:00000088 $d
     /tmp/cctmCgKp.s:4392   .text.SPI_TxISR_8BIT:00000000 $t
     /tmp/cctmCgKp.s:4453   .text.SPI_TxISR_16BIT:00000000 $t
     /tmp/cctmCgKp.s:4514   .text.SPI_CloseRx_ISR:00000000 $t
     /tmp/cctmCgKp.s:4519   .text.SPI_CloseRx_ISR:00000000 SPI_CloseRx_ISR
     /tmp/cctmCgKp.s:4611   .text.SPI_RxISR_8BIT:00000000 $t
     /tmp/cctmCgKp.s:4672   .text.SPI_RxISR_16BIT:00000000 $t
     /tmp/cctmCgKp.s:4733   .text.SPI_CloseRxTx_ISR:00000000 $t
     /tmp/cctmCgKp.s:4738   .text.SPI_CloseRxTx_ISR:00000000 SPI_CloseRxTx_ISR
     /tmp/cctmCgKp.s:4894   .text.SPI_CloseRxTx_ISR:000000a4 $d
     /tmp/cctmCgKp.s:4900   .text.SPI_2linesTxISR_8BIT:00000000 $t
     /tmp/cctmCgKp.s:4972   .text.SPI_2linesRxISR_8BIT:00000000 $t
     /tmp/cctmCgKp.s:5044   .text.SPI_2linesTxISR_16BIT:00000000 $t
     /tmp/cctmCgKp.s:5116   .text.SPI_2linesRxISR_16BIT:00000000 $t
     /tmp/cctmCgKp.s:5188   .text.SPI_DMAError:00000000 $t
     /tmp/cctmCgKp.s:5231   .text.SPI_DMATransmitCplt:00000000 $t
     /tmp/cctmCgKp.s:5354   .text.SPI_DMAReceiveCplt:00000000 $t
     /tmp/cctmCgKp.s:5470   .text.SPI_DMATransmitReceiveCplt:00000000 $t
     /tmp/cctmCgKp.s:5569   .text.HAL_SPI_IRQHandler:00000000 $t
     /tmp/cctmCgKp.s:5575   .text.HAL_SPI_IRQHandler:00000000 HAL_SPI_IRQHandler
     /tmp/cctmCgKp.s:5815   .text.HAL_SPI_IRQHandler:00000100 $d
     /tmp/cctmCgKp.s:5825   .text.SPI_DMAAbortOnError:00000000 SPI_DMAAbortOnError
     /tmp/cctmCgKp.s:5820   .text.SPI_DMAAbortOnError:00000000 $t
     /tmp/cctmCgKp.s:5857   .text.HAL_SPI_AbortCpltCallback:00000000 $t
     /tmp/cctmCgKp.s:5863   .text.HAL_SPI_AbortCpltCallback:00000000 HAL_SPI_AbortCpltCallback
ARM GAS  /tmp/cctmCgKp.s 			page 224


     /tmp/cctmCgKp.s:5878   .text.HAL_SPI_Abort_IT:00000000 $t
     /tmp/cctmCgKp.s:5884   .text.HAL_SPI_Abort_IT:00000000 HAL_SPI_Abort_IT
     /tmp/cctmCgKp.s:6204   .text.HAL_SPI_Abort_IT:00000138 $d
     /tmp/cctmCgKp.s:6340   .text.SPI_DMATxAbortCallback:00000000 SPI_DMATxAbortCallback
     /tmp/cctmCgKp.s:6219   .text.SPI_DMARxAbortCallback:00000000 SPI_DMARxAbortCallback
     /tmp/cctmCgKp.s:6214   .text.SPI_DMARxAbortCallback:00000000 $t
     /tmp/cctmCgKp.s:6335   .text.SPI_DMATxAbortCallback:00000000 $t
     /tmp/cctmCgKp.s:6470   .text.SPI_DMATxAbortCallback:00000080 $d
     /tmp/cctmCgKp.s:6476   .text.HAL_SPI_GetState:00000000 $t
     /tmp/cctmCgKp.s:6482   .text.HAL_SPI_GetState:00000000 HAL_SPI_GetState
     /tmp/cctmCgKp.s:6500   .text.HAL_SPI_GetError:00000000 $t
     /tmp/cctmCgKp.s:6506   .text.HAL_SPI_GetError:00000000 HAL_SPI_GetError

UNDEFINED SYMBOLS
SystemCoreClock
HAL_GetTick
HAL_DMA_Start_IT
HAL_DMA_Abort
HAL_DMA_Abort_IT
