ARM GAS  /tmp/ccr982nq.s 			page 1


   1              		.cpu cortex-m3
   2              		.arch armv7-m
   3              		.fpu softvfp
   4              		.eabi_attribute 20, 1
   5              		.eabi_attribute 21, 1
   6              		.eabi_attribute 23, 3
   7              		.eabi_attribute 24, 1
   8              		.eabi_attribute 25, 1
   9              		.eabi_attribute 26, 1
  10              		.eabi_attribute 30, 1
  11              		.eabi_attribute 34, 1
  12              		.eabi_attribute 18, 4
  13              		.file	"stm32f1xx_hal_tim_ex.c"
  14              		.text
  15              	.Ltext0:
  16              		.cfi_sections	.debug_frame
  17              		.file 1 "Drivers/STM32F1xx_HAL_Driver/Src/stm32f1xx_hal_tim_ex.c"
  18              		.section	.text.TIM_CCxNChannelCmd,"ax",%progbits
  19              		.align	1
  20              		.syntax unified
  21              		.thumb
  22              		.thumb_func
  24              	TIM_CCxNChannelCmd:
  25              	.LVL0:
  26              	.LFB106:
   1:Drivers/STM32F1xx_HAL_Driver/Src/stm32f1xx_hal_tim_ex.c **** /**
   2:Drivers/STM32F1xx_HAL_Driver/Src/stm32f1xx_hal_tim_ex.c ****   ******************************************************************************
   3:Drivers/STM32F1xx_HAL_Driver/Src/stm32f1xx_hal_tim_ex.c ****   * @file    stm32f1xx_hal_tim_ex.c
   4:Drivers/STM32F1xx_HAL_Driver/Src/stm32f1xx_hal_tim_ex.c ****   * @author  MCD Application Team
   5:Drivers/STM32F1xx_HAL_Driver/Src/stm32f1xx_hal_tim_ex.c ****   * @brief   TIM HAL module driver.
   6:Drivers/STM32F1xx_HAL_Driver/Src/stm32f1xx_hal_tim_ex.c ****   *          This file provides firmware functions to manage the following
   7:Drivers/STM32F1xx_HAL_Driver/Src/stm32f1xx_hal_tim_ex.c ****   *          functionalities of the Timer Extended peripheral:
   8:Drivers/STM32F1xx_HAL_Driver/Src/stm32f1xx_hal_tim_ex.c ****   *           + Time Hall Sensor Interface Initialization
   9:Drivers/STM32F1xx_HAL_Driver/Src/stm32f1xx_hal_tim_ex.c ****   *           + Time Hall Sensor Interface Start
  10:Drivers/STM32F1xx_HAL_Driver/Src/stm32f1xx_hal_tim_ex.c ****   *           + Time Complementary signal break and dead time configuration
  11:Drivers/STM32F1xx_HAL_Driver/Src/stm32f1xx_hal_tim_ex.c ****   *           + Time Master and Slave synchronization configuration
  12:Drivers/STM32F1xx_HAL_Driver/Src/stm32f1xx_hal_tim_ex.c ****   *           + Timer remapping capabilities configuration
  13:Drivers/STM32F1xx_HAL_Driver/Src/stm32f1xx_hal_tim_ex.c ****   ******************************************************************************
  14:Drivers/STM32F1xx_HAL_Driver/Src/stm32f1xx_hal_tim_ex.c ****   * @attention
  15:Drivers/STM32F1xx_HAL_Driver/Src/stm32f1xx_hal_tim_ex.c ****   *
  16:Drivers/STM32F1xx_HAL_Driver/Src/stm32f1xx_hal_tim_ex.c ****   * Copyright (c) 2016 STMicroelectronics.
  17:Drivers/STM32F1xx_HAL_Driver/Src/stm32f1xx_hal_tim_ex.c ****   * All rights reserved.
  18:Drivers/STM32F1xx_HAL_Driver/Src/stm32f1xx_hal_tim_ex.c ****   *
  19:Drivers/STM32F1xx_HAL_Driver/Src/stm32f1xx_hal_tim_ex.c ****   * This software is licensed under terms that can be found in the LICENSE file
  20:Drivers/STM32F1xx_HAL_Driver/Src/stm32f1xx_hal_tim_ex.c ****   * in the root directory of this software component.
  21:Drivers/STM32F1xx_HAL_Driver/Src/stm32f1xx_hal_tim_ex.c ****   * If no LICENSE file comes with this software, it is provided AS-IS.
  22:Drivers/STM32F1xx_HAL_Driver/Src/stm32f1xx_hal_tim_ex.c ****   *
  23:Drivers/STM32F1xx_HAL_Driver/Src/stm32f1xx_hal_tim_ex.c ****   ******************************************************************************
  24:Drivers/STM32F1xx_HAL_Driver/Src/stm32f1xx_hal_tim_ex.c ****   @verbatim
  25:Drivers/STM32F1xx_HAL_Driver/Src/stm32f1xx_hal_tim_ex.c ****   ==============================================================================
  26:Drivers/STM32F1xx_HAL_Driver/Src/stm32f1xx_hal_tim_ex.c ****                       ##### TIMER Extended features #####
  27:Drivers/STM32F1xx_HAL_Driver/Src/stm32f1xx_hal_tim_ex.c ****   ==============================================================================
  28:Drivers/STM32F1xx_HAL_Driver/Src/stm32f1xx_hal_tim_ex.c ****   [..]
  29:Drivers/STM32F1xx_HAL_Driver/Src/stm32f1xx_hal_tim_ex.c ****     The Timer Extended features include:
  30:Drivers/STM32F1xx_HAL_Driver/Src/stm32f1xx_hal_tim_ex.c ****     (#) Complementary outputs with programmable dead-time for :
  31:Drivers/STM32F1xx_HAL_Driver/Src/stm32f1xx_hal_tim_ex.c ****         (++) Output Compare
  32:Drivers/STM32F1xx_HAL_Driver/Src/stm32f1xx_hal_tim_ex.c ****         (++) PWM generation (Edge and Center-aligned Mode)
ARM GAS  /tmp/ccr982nq.s 			page 2


  33:Drivers/STM32F1xx_HAL_Driver/Src/stm32f1xx_hal_tim_ex.c ****         (++) One-pulse mode output
  34:Drivers/STM32F1xx_HAL_Driver/Src/stm32f1xx_hal_tim_ex.c ****     (#) Synchronization circuit to control the timer with external signals and to
  35:Drivers/STM32F1xx_HAL_Driver/Src/stm32f1xx_hal_tim_ex.c ****         interconnect several timers together.
  36:Drivers/STM32F1xx_HAL_Driver/Src/stm32f1xx_hal_tim_ex.c ****     (#) Break input to put the timer output signals in reset state or in a known state.
  37:Drivers/STM32F1xx_HAL_Driver/Src/stm32f1xx_hal_tim_ex.c ****     (#) Supports incremental (quadrature) encoder and hall-sensor circuitry for
  38:Drivers/STM32F1xx_HAL_Driver/Src/stm32f1xx_hal_tim_ex.c ****         positioning purposes
  39:Drivers/STM32F1xx_HAL_Driver/Src/stm32f1xx_hal_tim_ex.c **** 
  40:Drivers/STM32F1xx_HAL_Driver/Src/stm32f1xx_hal_tim_ex.c ****             ##### How to use this driver #####
  41:Drivers/STM32F1xx_HAL_Driver/Src/stm32f1xx_hal_tim_ex.c ****   ==============================================================================
  42:Drivers/STM32F1xx_HAL_Driver/Src/stm32f1xx_hal_tim_ex.c ****     [..]
  43:Drivers/STM32F1xx_HAL_Driver/Src/stm32f1xx_hal_tim_ex.c ****      (#) Initialize the TIM low level resources by implementing the following functions
  44:Drivers/STM32F1xx_HAL_Driver/Src/stm32f1xx_hal_tim_ex.c ****          depending on the selected feature:
  45:Drivers/STM32F1xx_HAL_Driver/Src/stm32f1xx_hal_tim_ex.c ****            (++) Hall Sensor output : HAL_TIMEx_HallSensor_MspInit()
  46:Drivers/STM32F1xx_HAL_Driver/Src/stm32f1xx_hal_tim_ex.c **** 
  47:Drivers/STM32F1xx_HAL_Driver/Src/stm32f1xx_hal_tim_ex.c ****      (#) Initialize the TIM low level resources :
  48:Drivers/STM32F1xx_HAL_Driver/Src/stm32f1xx_hal_tim_ex.c ****         (##) Enable the TIM interface clock using __HAL_RCC_TIMx_CLK_ENABLE();
  49:Drivers/STM32F1xx_HAL_Driver/Src/stm32f1xx_hal_tim_ex.c ****         (##) TIM pins configuration
  50:Drivers/STM32F1xx_HAL_Driver/Src/stm32f1xx_hal_tim_ex.c ****             (+++) Enable the clock for the TIM GPIOs using the following function:
  51:Drivers/STM32F1xx_HAL_Driver/Src/stm32f1xx_hal_tim_ex.c ****               __HAL_RCC_GPIOx_CLK_ENABLE();
  52:Drivers/STM32F1xx_HAL_Driver/Src/stm32f1xx_hal_tim_ex.c ****             (+++) Configure these TIM pins in Alternate function mode using HAL_GPIO_Init();
  53:Drivers/STM32F1xx_HAL_Driver/Src/stm32f1xx_hal_tim_ex.c **** 
  54:Drivers/STM32F1xx_HAL_Driver/Src/stm32f1xx_hal_tim_ex.c ****      (#) The external Clock can be configured, if needed (the default clock is the
  55:Drivers/STM32F1xx_HAL_Driver/Src/stm32f1xx_hal_tim_ex.c ****          internal clock from the APBx), using the following function:
  56:Drivers/STM32F1xx_HAL_Driver/Src/stm32f1xx_hal_tim_ex.c ****          HAL_TIM_ConfigClockSource, the clock configuration should be done before
  57:Drivers/STM32F1xx_HAL_Driver/Src/stm32f1xx_hal_tim_ex.c ****          any start function.
  58:Drivers/STM32F1xx_HAL_Driver/Src/stm32f1xx_hal_tim_ex.c **** 
  59:Drivers/STM32F1xx_HAL_Driver/Src/stm32f1xx_hal_tim_ex.c ****      (#) Configure the TIM in the desired functioning mode using one of the
  60:Drivers/STM32F1xx_HAL_Driver/Src/stm32f1xx_hal_tim_ex.c ****          initialization function of this driver:
  61:Drivers/STM32F1xx_HAL_Driver/Src/stm32f1xx_hal_tim_ex.c ****           (++) HAL_TIMEx_HallSensor_Init() and HAL_TIMEx_ConfigCommutEvent(): to use the
  62:Drivers/STM32F1xx_HAL_Driver/Src/stm32f1xx_hal_tim_ex.c ****                Timer Hall Sensor Interface and the commutation event with the corresponding
  63:Drivers/STM32F1xx_HAL_Driver/Src/stm32f1xx_hal_tim_ex.c ****                Interrupt and DMA request if needed (Note that One Timer is used to interface
  64:Drivers/STM32F1xx_HAL_Driver/Src/stm32f1xx_hal_tim_ex.c ****                with the Hall sensor Interface and another Timer should be used to use
  65:Drivers/STM32F1xx_HAL_Driver/Src/stm32f1xx_hal_tim_ex.c ****                the commutation event).
  66:Drivers/STM32F1xx_HAL_Driver/Src/stm32f1xx_hal_tim_ex.c **** 
  67:Drivers/STM32F1xx_HAL_Driver/Src/stm32f1xx_hal_tim_ex.c ****      (#) Activate the TIM peripheral using one of the start functions:
  68:Drivers/STM32F1xx_HAL_Driver/Src/stm32f1xx_hal_tim_ex.c ****            (++) Complementary Output Compare : HAL_TIMEx_OCN_Start(), HAL_TIMEx_OCN_Start_DMA(),
  69:Drivers/STM32F1xx_HAL_Driver/Src/stm32f1xx_hal_tim_ex.c ****                 HAL_TIMEx_OCN_Start_IT()
  70:Drivers/STM32F1xx_HAL_Driver/Src/stm32f1xx_hal_tim_ex.c ****            (++) Complementary PWM generation : HAL_TIMEx_PWMN_Start(), HAL_TIMEx_PWMN_Start_DMA(),
  71:Drivers/STM32F1xx_HAL_Driver/Src/stm32f1xx_hal_tim_ex.c ****                 HAL_TIMEx_PWMN_Start_IT()
  72:Drivers/STM32F1xx_HAL_Driver/Src/stm32f1xx_hal_tim_ex.c ****            (++) Complementary One-pulse mode output : HAL_TIMEx_OnePulseN_Start(), HAL_TIMEx_OnePul
  73:Drivers/STM32F1xx_HAL_Driver/Src/stm32f1xx_hal_tim_ex.c ****            (++) Hall Sensor output : HAL_TIMEx_HallSensor_Start(), HAL_TIMEx_HallSensor_Start_DMA()
  74:Drivers/STM32F1xx_HAL_Driver/Src/stm32f1xx_hal_tim_ex.c ****                 HAL_TIMEx_HallSensor_Start_IT().
  75:Drivers/STM32F1xx_HAL_Driver/Src/stm32f1xx_hal_tim_ex.c **** 
  76:Drivers/STM32F1xx_HAL_Driver/Src/stm32f1xx_hal_tim_ex.c ****   @endverbatim
  77:Drivers/STM32F1xx_HAL_Driver/Src/stm32f1xx_hal_tim_ex.c ****   ******************************************************************************
  78:Drivers/STM32F1xx_HAL_Driver/Src/stm32f1xx_hal_tim_ex.c ****   */
  79:Drivers/STM32F1xx_HAL_Driver/Src/stm32f1xx_hal_tim_ex.c **** 
  80:Drivers/STM32F1xx_HAL_Driver/Src/stm32f1xx_hal_tim_ex.c **** /* Includes ------------------------------------------------------------------*/
  81:Drivers/STM32F1xx_HAL_Driver/Src/stm32f1xx_hal_tim_ex.c **** #include "stm32f1xx_hal.h"
  82:Drivers/STM32F1xx_HAL_Driver/Src/stm32f1xx_hal_tim_ex.c **** 
  83:Drivers/STM32F1xx_HAL_Driver/Src/stm32f1xx_hal_tim_ex.c **** /** @addtogroup STM32F1xx_HAL_Driver
  84:Drivers/STM32F1xx_HAL_Driver/Src/stm32f1xx_hal_tim_ex.c ****   * @{
  85:Drivers/STM32F1xx_HAL_Driver/Src/stm32f1xx_hal_tim_ex.c ****   */
  86:Drivers/STM32F1xx_HAL_Driver/Src/stm32f1xx_hal_tim_ex.c **** 
  87:Drivers/STM32F1xx_HAL_Driver/Src/stm32f1xx_hal_tim_ex.c **** /** @defgroup TIMEx TIMEx
  88:Drivers/STM32F1xx_HAL_Driver/Src/stm32f1xx_hal_tim_ex.c ****   * @brief TIM Extended HAL module driver
  89:Drivers/STM32F1xx_HAL_Driver/Src/stm32f1xx_hal_tim_ex.c ****   * @{
ARM GAS  /tmp/ccr982nq.s 			page 3


  90:Drivers/STM32F1xx_HAL_Driver/Src/stm32f1xx_hal_tim_ex.c ****   */
  91:Drivers/STM32F1xx_HAL_Driver/Src/stm32f1xx_hal_tim_ex.c **** 
  92:Drivers/STM32F1xx_HAL_Driver/Src/stm32f1xx_hal_tim_ex.c **** #ifdef HAL_TIM_MODULE_ENABLED
  93:Drivers/STM32F1xx_HAL_Driver/Src/stm32f1xx_hal_tim_ex.c **** 
  94:Drivers/STM32F1xx_HAL_Driver/Src/stm32f1xx_hal_tim_ex.c **** /* Private typedef -----------------------------------------------------------*/
  95:Drivers/STM32F1xx_HAL_Driver/Src/stm32f1xx_hal_tim_ex.c **** /* Private define ------------------------------------------------------------*/
  96:Drivers/STM32F1xx_HAL_Driver/Src/stm32f1xx_hal_tim_ex.c **** /* Private macros ------------------------------------------------------------*/
  97:Drivers/STM32F1xx_HAL_Driver/Src/stm32f1xx_hal_tim_ex.c **** /* Private variables ---------------------------------------------------------*/
  98:Drivers/STM32F1xx_HAL_Driver/Src/stm32f1xx_hal_tim_ex.c **** /* Private function prototypes -----------------------------------------------*/
  99:Drivers/STM32F1xx_HAL_Driver/Src/stm32f1xx_hal_tim_ex.c **** static void TIM_DMADelayPulseNCplt(DMA_HandleTypeDef *hdma);
 100:Drivers/STM32F1xx_HAL_Driver/Src/stm32f1xx_hal_tim_ex.c **** static void TIM_DMAErrorCCxN(DMA_HandleTypeDef *hdma);
 101:Drivers/STM32F1xx_HAL_Driver/Src/stm32f1xx_hal_tim_ex.c **** static void TIM_CCxNChannelCmd(TIM_TypeDef *TIMx, uint32_t Channel, uint32_t ChannelNState);
 102:Drivers/STM32F1xx_HAL_Driver/Src/stm32f1xx_hal_tim_ex.c **** 
 103:Drivers/STM32F1xx_HAL_Driver/Src/stm32f1xx_hal_tim_ex.c **** /* Exported functions --------------------------------------------------------*/
 104:Drivers/STM32F1xx_HAL_Driver/Src/stm32f1xx_hal_tim_ex.c **** /** @defgroup TIMEx_Exported_Functions TIM Extended Exported Functions
 105:Drivers/STM32F1xx_HAL_Driver/Src/stm32f1xx_hal_tim_ex.c ****   * @{
 106:Drivers/STM32F1xx_HAL_Driver/Src/stm32f1xx_hal_tim_ex.c ****   */
 107:Drivers/STM32F1xx_HAL_Driver/Src/stm32f1xx_hal_tim_ex.c **** 
 108:Drivers/STM32F1xx_HAL_Driver/Src/stm32f1xx_hal_tim_ex.c **** /** @defgroup TIMEx_Exported_Functions_Group1 Extended Timer Hall Sensor functions
 109:Drivers/STM32F1xx_HAL_Driver/Src/stm32f1xx_hal_tim_ex.c ****   * @brief    Timer Hall Sensor functions
 110:Drivers/STM32F1xx_HAL_Driver/Src/stm32f1xx_hal_tim_ex.c ****   *
 111:Drivers/STM32F1xx_HAL_Driver/Src/stm32f1xx_hal_tim_ex.c **** @verbatim
 112:Drivers/STM32F1xx_HAL_Driver/Src/stm32f1xx_hal_tim_ex.c ****   ==============================================================================
 113:Drivers/STM32F1xx_HAL_Driver/Src/stm32f1xx_hal_tim_ex.c ****                       ##### Timer Hall Sensor functions #####
 114:Drivers/STM32F1xx_HAL_Driver/Src/stm32f1xx_hal_tim_ex.c ****   ==============================================================================
 115:Drivers/STM32F1xx_HAL_Driver/Src/stm32f1xx_hal_tim_ex.c ****   [..]
 116:Drivers/STM32F1xx_HAL_Driver/Src/stm32f1xx_hal_tim_ex.c ****     This section provides functions allowing to:
 117:Drivers/STM32F1xx_HAL_Driver/Src/stm32f1xx_hal_tim_ex.c ****     (+) Initialize and configure TIM HAL Sensor.
 118:Drivers/STM32F1xx_HAL_Driver/Src/stm32f1xx_hal_tim_ex.c ****     (+) De-initialize TIM HAL Sensor.
 119:Drivers/STM32F1xx_HAL_Driver/Src/stm32f1xx_hal_tim_ex.c ****     (+) Start the Hall Sensor Interface.
 120:Drivers/STM32F1xx_HAL_Driver/Src/stm32f1xx_hal_tim_ex.c ****     (+) Stop the Hall Sensor Interface.
 121:Drivers/STM32F1xx_HAL_Driver/Src/stm32f1xx_hal_tim_ex.c ****     (+) Start the Hall Sensor Interface and enable interrupts.
 122:Drivers/STM32F1xx_HAL_Driver/Src/stm32f1xx_hal_tim_ex.c ****     (+) Stop the Hall Sensor Interface and disable interrupts.
 123:Drivers/STM32F1xx_HAL_Driver/Src/stm32f1xx_hal_tim_ex.c ****     (+) Start the Hall Sensor Interface and enable DMA transfers.
 124:Drivers/STM32F1xx_HAL_Driver/Src/stm32f1xx_hal_tim_ex.c ****     (+) Stop the Hall Sensor Interface and disable DMA transfers.
 125:Drivers/STM32F1xx_HAL_Driver/Src/stm32f1xx_hal_tim_ex.c **** 
 126:Drivers/STM32F1xx_HAL_Driver/Src/stm32f1xx_hal_tim_ex.c **** @endverbatim
 127:Drivers/STM32F1xx_HAL_Driver/Src/stm32f1xx_hal_tim_ex.c ****   * @{
 128:Drivers/STM32F1xx_HAL_Driver/Src/stm32f1xx_hal_tim_ex.c ****   */
 129:Drivers/STM32F1xx_HAL_Driver/Src/stm32f1xx_hal_tim_ex.c **** /**
 130:Drivers/STM32F1xx_HAL_Driver/Src/stm32f1xx_hal_tim_ex.c ****   * @brief  Initializes the TIM Hall Sensor Interface and initialize the associated handle.
 131:Drivers/STM32F1xx_HAL_Driver/Src/stm32f1xx_hal_tim_ex.c ****   * @note   When the timer instance is initialized in Hall Sensor Interface mode,
 132:Drivers/STM32F1xx_HAL_Driver/Src/stm32f1xx_hal_tim_ex.c ****   *         timer channels 1 and channel 2 are reserved and cannot be used for
 133:Drivers/STM32F1xx_HAL_Driver/Src/stm32f1xx_hal_tim_ex.c ****   *         other purpose.
 134:Drivers/STM32F1xx_HAL_Driver/Src/stm32f1xx_hal_tim_ex.c ****   * @param  htim TIM Hall Sensor Interface handle
 135:Drivers/STM32F1xx_HAL_Driver/Src/stm32f1xx_hal_tim_ex.c ****   * @param  sConfig TIM Hall Sensor configuration structure
 136:Drivers/STM32F1xx_HAL_Driver/Src/stm32f1xx_hal_tim_ex.c ****   * @retval HAL status
 137:Drivers/STM32F1xx_HAL_Driver/Src/stm32f1xx_hal_tim_ex.c ****   */
 138:Drivers/STM32F1xx_HAL_Driver/Src/stm32f1xx_hal_tim_ex.c **** HAL_StatusTypeDef HAL_TIMEx_HallSensor_Init(TIM_HandleTypeDef *htim, const TIM_HallSensor_InitTypeD
 139:Drivers/STM32F1xx_HAL_Driver/Src/stm32f1xx_hal_tim_ex.c **** {
 140:Drivers/STM32F1xx_HAL_Driver/Src/stm32f1xx_hal_tim_ex.c ****   TIM_OC_InitTypeDef OC_Config;
 141:Drivers/STM32F1xx_HAL_Driver/Src/stm32f1xx_hal_tim_ex.c **** 
 142:Drivers/STM32F1xx_HAL_Driver/Src/stm32f1xx_hal_tim_ex.c ****   /* Check the TIM handle allocation */
 143:Drivers/STM32F1xx_HAL_Driver/Src/stm32f1xx_hal_tim_ex.c ****   if (htim == NULL)
 144:Drivers/STM32F1xx_HAL_Driver/Src/stm32f1xx_hal_tim_ex.c ****   {
 145:Drivers/STM32F1xx_HAL_Driver/Src/stm32f1xx_hal_tim_ex.c ****     return HAL_ERROR;
 146:Drivers/STM32F1xx_HAL_Driver/Src/stm32f1xx_hal_tim_ex.c ****   }
ARM GAS  /tmp/ccr982nq.s 			page 4


 147:Drivers/STM32F1xx_HAL_Driver/Src/stm32f1xx_hal_tim_ex.c **** 
 148:Drivers/STM32F1xx_HAL_Driver/Src/stm32f1xx_hal_tim_ex.c ****   /* Check the parameters */
 149:Drivers/STM32F1xx_HAL_Driver/Src/stm32f1xx_hal_tim_ex.c ****   assert_param(IS_TIM_HALL_SENSOR_INTERFACE_INSTANCE(htim->Instance));
 150:Drivers/STM32F1xx_HAL_Driver/Src/stm32f1xx_hal_tim_ex.c ****   assert_param(IS_TIM_COUNTER_MODE(htim->Init.CounterMode));
 151:Drivers/STM32F1xx_HAL_Driver/Src/stm32f1xx_hal_tim_ex.c ****   assert_param(IS_TIM_CLOCKDIVISION_DIV(htim->Init.ClockDivision));
 152:Drivers/STM32F1xx_HAL_Driver/Src/stm32f1xx_hal_tim_ex.c ****   assert_param(IS_TIM_AUTORELOAD_PRELOAD(htim->Init.AutoReloadPreload));
 153:Drivers/STM32F1xx_HAL_Driver/Src/stm32f1xx_hal_tim_ex.c ****   assert_param(IS_TIM_IC_POLARITY(sConfig->IC1Polarity));
 154:Drivers/STM32F1xx_HAL_Driver/Src/stm32f1xx_hal_tim_ex.c ****   assert_param(IS_TIM_PERIOD(htim->Init.Period));
 155:Drivers/STM32F1xx_HAL_Driver/Src/stm32f1xx_hal_tim_ex.c ****   assert_param(IS_TIM_IC_PRESCALER(sConfig->IC1Prescaler));
 156:Drivers/STM32F1xx_HAL_Driver/Src/stm32f1xx_hal_tim_ex.c ****   assert_param(IS_TIM_IC_FILTER(sConfig->IC1Filter));
 157:Drivers/STM32F1xx_HAL_Driver/Src/stm32f1xx_hal_tim_ex.c **** 
 158:Drivers/STM32F1xx_HAL_Driver/Src/stm32f1xx_hal_tim_ex.c ****   if (htim->State == HAL_TIM_STATE_RESET)
 159:Drivers/STM32F1xx_HAL_Driver/Src/stm32f1xx_hal_tim_ex.c ****   {
 160:Drivers/STM32F1xx_HAL_Driver/Src/stm32f1xx_hal_tim_ex.c ****     /* Allocate lock resource and initialize it */
 161:Drivers/STM32F1xx_HAL_Driver/Src/stm32f1xx_hal_tim_ex.c ****     htim->Lock = HAL_UNLOCKED;
 162:Drivers/STM32F1xx_HAL_Driver/Src/stm32f1xx_hal_tim_ex.c **** 
 163:Drivers/STM32F1xx_HAL_Driver/Src/stm32f1xx_hal_tim_ex.c **** #if (USE_HAL_TIM_REGISTER_CALLBACKS == 1)
 164:Drivers/STM32F1xx_HAL_Driver/Src/stm32f1xx_hal_tim_ex.c ****     /* Reset interrupt callbacks to legacy week callbacks */
 165:Drivers/STM32F1xx_HAL_Driver/Src/stm32f1xx_hal_tim_ex.c ****     TIM_ResetCallback(htim);
 166:Drivers/STM32F1xx_HAL_Driver/Src/stm32f1xx_hal_tim_ex.c **** 
 167:Drivers/STM32F1xx_HAL_Driver/Src/stm32f1xx_hal_tim_ex.c ****     if (htim->HallSensor_MspInitCallback == NULL)
 168:Drivers/STM32F1xx_HAL_Driver/Src/stm32f1xx_hal_tim_ex.c ****     {
 169:Drivers/STM32F1xx_HAL_Driver/Src/stm32f1xx_hal_tim_ex.c ****       htim->HallSensor_MspInitCallback = HAL_TIMEx_HallSensor_MspInit;
 170:Drivers/STM32F1xx_HAL_Driver/Src/stm32f1xx_hal_tim_ex.c ****     }
 171:Drivers/STM32F1xx_HAL_Driver/Src/stm32f1xx_hal_tim_ex.c ****     /* Init the low level hardware : GPIO, CLOCK, NVIC */
 172:Drivers/STM32F1xx_HAL_Driver/Src/stm32f1xx_hal_tim_ex.c ****     htim->HallSensor_MspInitCallback(htim);
 173:Drivers/STM32F1xx_HAL_Driver/Src/stm32f1xx_hal_tim_ex.c **** #else
 174:Drivers/STM32F1xx_HAL_Driver/Src/stm32f1xx_hal_tim_ex.c ****     /* Init the low level hardware : GPIO, CLOCK, NVIC and DMA */
 175:Drivers/STM32F1xx_HAL_Driver/Src/stm32f1xx_hal_tim_ex.c ****     HAL_TIMEx_HallSensor_MspInit(htim);
 176:Drivers/STM32F1xx_HAL_Driver/Src/stm32f1xx_hal_tim_ex.c **** #endif /* USE_HAL_TIM_REGISTER_CALLBACKS */
 177:Drivers/STM32F1xx_HAL_Driver/Src/stm32f1xx_hal_tim_ex.c ****   }
 178:Drivers/STM32F1xx_HAL_Driver/Src/stm32f1xx_hal_tim_ex.c **** 
 179:Drivers/STM32F1xx_HAL_Driver/Src/stm32f1xx_hal_tim_ex.c ****   /* Set the TIM state */
 180:Drivers/STM32F1xx_HAL_Driver/Src/stm32f1xx_hal_tim_ex.c ****   htim->State = HAL_TIM_STATE_BUSY;
 181:Drivers/STM32F1xx_HAL_Driver/Src/stm32f1xx_hal_tim_ex.c **** 
 182:Drivers/STM32F1xx_HAL_Driver/Src/stm32f1xx_hal_tim_ex.c ****   /* Configure the Time base in the Encoder Mode */
 183:Drivers/STM32F1xx_HAL_Driver/Src/stm32f1xx_hal_tim_ex.c ****   TIM_Base_SetConfig(htim->Instance, &htim->Init);
 184:Drivers/STM32F1xx_HAL_Driver/Src/stm32f1xx_hal_tim_ex.c **** 
 185:Drivers/STM32F1xx_HAL_Driver/Src/stm32f1xx_hal_tim_ex.c ****   /* Configure the Channel 1 as Input Channel to interface with the three Outputs of the  Hall sens
 186:Drivers/STM32F1xx_HAL_Driver/Src/stm32f1xx_hal_tim_ex.c ****   TIM_TI1_SetConfig(htim->Instance, sConfig->IC1Polarity, TIM_ICSELECTION_TRC, sConfig->IC1Filter);
 187:Drivers/STM32F1xx_HAL_Driver/Src/stm32f1xx_hal_tim_ex.c **** 
 188:Drivers/STM32F1xx_HAL_Driver/Src/stm32f1xx_hal_tim_ex.c ****   /* Reset the IC1PSC Bits */
 189:Drivers/STM32F1xx_HAL_Driver/Src/stm32f1xx_hal_tim_ex.c ****   htim->Instance->CCMR1 &= ~TIM_CCMR1_IC1PSC;
 190:Drivers/STM32F1xx_HAL_Driver/Src/stm32f1xx_hal_tim_ex.c ****   /* Set the IC1PSC value */
 191:Drivers/STM32F1xx_HAL_Driver/Src/stm32f1xx_hal_tim_ex.c ****   htim->Instance->CCMR1 |= sConfig->IC1Prescaler;
 192:Drivers/STM32F1xx_HAL_Driver/Src/stm32f1xx_hal_tim_ex.c **** 
 193:Drivers/STM32F1xx_HAL_Driver/Src/stm32f1xx_hal_tim_ex.c ****   /* Enable the Hall sensor interface (XOR function of the three inputs) */
 194:Drivers/STM32F1xx_HAL_Driver/Src/stm32f1xx_hal_tim_ex.c ****   htim->Instance->CR2 |= TIM_CR2_TI1S;
 195:Drivers/STM32F1xx_HAL_Driver/Src/stm32f1xx_hal_tim_ex.c **** 
 196:Drivers/STM32F1xx_HAL_Driver/Src/stm32f1xx_hal_tim_ex.c ****   /* Select the TIM_TS_TI1F_ED signal as Input trigger for the TIM */
 197:Drivers/STM32F1xx_HAL_Driver/Src/stm32f1xx_hal_tim_ex.c ****   htim->Instance->SMCR &= ~TIM_SMCR_TS;
 198:Drivers/STM32F1xx_HAL_Driver/Src/stm32f1xx_hal_tim_ex.c ****   htim->Instance->SMCR |= TIM_TS_TI1F_ED;
 199:Drivers/STM32F1xx_HAL_Driver/Src/stm32f1xx_hal_tim_ex.c **** 
 200:Drivers/STM32F1xx_HAL_Driver/Src/stm32f1xx_hal_tim_ex.c ****   /* Use the TIM_TS_TI1F_ED signal to reset the TIM counter each edge detection */
 201:Drivers/STM32F1xx_HAL_Driver/Src/stm32f1xx_hal_tim_ex.c ****   htim->Instance->SMCR &= ~TIM_SMCR_SMS;
 202:Drivers/STM32F1xx_HAL_Driver/Src/stm32f1xx_hal_tim_ex.c ****   htim->Instance->SMCR |= TIM_SLAVEMODE_RESET;
 203:Drivers/STM32F1xx_HAL_Driver/Src/stm32f1xx_hal_tim_ex.c **** 
ARM GAS  /tmp/ccr982nq.s 			page 5


 204:Drivers/STM32F1xx_HAL_Driver/Src/stm32f1xx_hal_tim_ex.c ****   /* Program channel 2 in PWM 2 mode with the desired Commutation_Delay*/
 205:Drivers/STM32F1xx_HAL_Driver/Src/stm32f1xx_hal_tim_ex.c ****   OC_Config.OCFastMode = TIM_OCFAST_DISABLE;
 206:Drivers/STM32F1xx_HAL_Driver/Src/stm32f1xx_hal_tim_ex.c ****   OC_Config.OCIdleState = TIM_OCIDLESTATE_RESET;
 207:Drivers/STM32F1xx_HAL_Driver/Src/stm32f1xx_hal_tim_ex.c ****   OC_Config.OCMode = TIM_OCMODE_PWM2;
 208:Drivers/STM32F1xx_HAL_Driver/Src/stm32f1xx_hal_tim_ex.c ****   OC_Config.OCNIdleState = TIM_OCNIDLESTATE_RESET;
 209:Drivers/STM32F1xx_HAL_Driver/Src/stm32f1xx_hal_tim_ex.c ****   OC_Config.OCNPolarity = TIM_OCNPOLARITY_HIGH;
 210:Drivers/STM32F1xx_HAL_Driver/Src/stm32f1xx_hal_tim_ex.c ****   OC_Config.OCPolarity = TIM_OCPOLARITY_HIGH;
 211:Drivers/STM32F1xx_HAL_Driver/Src/stm32f1xx_hal_tim_ex.c ****   OC_Config.Pulse = sConfig->Commutation_Delay;
 212:Drivers/STM32F1xx_HAL_Driver/Src/stm32f1xx_hal_tim_ex.c **** 
 213:Drivers/STM32F1xx_HAL_Driver/Src/stm32f1xx_hal_tim_ex.c ****   TIM_OC2_SetConfig(htim->Instance, &OC_Config);
 214:Drivers/STM32F1xx_HAL_Driver/Src/stm32f1xx_hal_tim_ex.c **** 
 215:Drivers/STM32F1xx_HAL_Driver/Src/stm32f1xx_hal_tim_ex.c ****   /* Select OC2REF as trigger output on TRGO: write the MMS bits in the TIMx_CR2
 216:Drivers/STM32F1xx_HAL_Driver/Src/stm32f1xx_hal_tim_ex.c ****     register to 101 */
 217:Drivers/STM32F1xx_HAL_Driver/Src/stm32f1xx_hal_tim_ex.c ****   htim->Instance->CR2 &= ~TIM_CR2_MMS;
 218:Drivers/STM32F1xx_HAL_Driver/Src/stm32f1xx_hal_tim_ex.c ****   htim->Instance->CR2 |= TIM_TRGO_OC2REF;
 219:Drivers/STM32F1xx_HAL_Driver/Src/stm32f1xx_hal_tim_ex.c **** 
 220:Drivers/STM32F1xx_HAL_Driver/Src/stm32f1xx_hal_tim_ex.c ****   /* Initialize the DMA burst operation state */
 221:Drivers/STM32F1xx_HAL_Driver/Src/stm32f1xx_hal_tim_ex.c ****   htim->DMABurstState = HAL_DMA_BURST_STATE_READY;
 222:Drivers/STM32F1xx_HAL_Driver/Src/stm32f1xx_hal_tim_ex.c **** 
 223:Drivers/STM32F1xx_HAL_Driver/Src/stm32f1xx_hal_tim_ex.c ****   /* Initialize the TIM channels state */
 224:Drivers/STM32F1xx_HAL_Driver/Src/stm32f1xx_hal_tim_ex.c ****   TIM_CHANNEL_STATE_SET(htim, TIM_CHANNEL_1, HAL_TIM_CHANNEL_STATE_READY);
 225:Drivers/STM32F1xx_HAL_Driver/Src/stm32f1xx_hal_tim_ex.c ****   TIM_CHANNEL_STATE_SET(htim, TIM_CHANNEL_2, HAL_TIM_CHANNEL_STATE_READY);
 226:Drivers/STM32F1xx_HAL_Driver/Src/stm32f1xx_hal_tim_ex.c ****   TIM_CHANNEL_N_STATE_SET(htim, TIM_CHANNEL_1, HAL_TIM_CHANNEL_STATE_READY);
 227:Drivers/STM32F1xx_HAL_Driver/Src/stm32f1xx_hal_tim_ex.c ****   TIM_CHANNEL_N_STATE_SET(htim, TIM_CHANNEL_2, HAL_TIM_CHANNEL_STATE_READY);
 228:Drivers/STM32F1xx_HAL_Driver/Src/stm32f1xx_hal_tim_ex.c **** 
 229:Drivers/STM32F1xx_HAL_Driver/Src/stm32f1xx_hal_tim_ex.c ****   /* Initialize the TIM state*/
 230:Drivers/STM32F1xx_HAL_Driver/Src/stm32f1xx_hal_tim_ex.c ****   htim->State = HAL_TIM_STATE_READY;
 231:Drivers/STM32F1xx_HAL_Driver/Src/stm32f1xx_hal_tim_ex.c **** 
 232:Drivers/STM32F1xx_HAL_Driver/Src/stm32f1xx_hal_tim_ex.c ****   return HAL_OK;
 233:Drivers/STM32F1xx_HAL_Driver/Src/stm32f1xx_hal_tim_ex.c **** }
 234:Drivers/STM32F1xx_HAL_Driver/Src/stm32f1xx_hal_tim_ex.c **** 
 235:Drivers/STM32F1xx_HAL_Driver/Src/stm32f1xx_hal_tim_ex.c **** /**
 236:Drivers/STM32F1xx_HAL_Driver/Src/stm32f1xx_hal_tim_ex.c ****   * @brief  DeInitializes the TIM Hall Sensor interface
 237:Drivers/STM32F1xx_HAL_Driver/Src/stm32f1xx_hal_tim_ex.c ****   * @param  htim TIM Hall Sensor Interface handle
 238:Drivers/STM32F1xx_HAL_Driver/Src/stm32f1xx_hal_tim_ex.c ****   * @retval HAL status
 239:Drivers/STM32F1xx_HAL_Driver/Src/stm32f1xx_hal_tim_ex.c ****   */
 240:Drivers/STM32F1xx_HAL_Driver/Src/stm32f1xx_hal_tim_ex.c **** HAL_StatusTypeDef HAL_TIMEx_HallSensor_DeInit(TIM_HandleTypeDef *htim)
 241:Drivers/STM32F1xx_HAL_Driver/Src/stm32f1xx_hal_tim_ex.c **** {
 242:Drivers/STM32F1xx_HAL_Driver/Src/stm32f1xx_hal_tim_ex.c ****   /* Check the parameters */
 243:Drivers/STM32F1xx_HAL_Driver/Src/stm32f1xx_hal_tim_ex.c ****   assert_param(IS_TIM_INSTANCE(htim->Instance));
 244:Drivers/STM32F1xx_HAL_Driver/Src/stm32f1xx_hal_tim_ex.c **** 
 245:Drivers/STM32F1xx_HAL_Driver/Src/stm32f1xx_hal_tim_ex.c ****   htim->State = HAL_TIM_STATE_BUSY;
 246:Drivers/STM32F1xx_HAL_Driver/Src/stm32f1xx_hal_tim_ex.c **** 
 247:Drivers/STM32F1xx_HAL_Driver/Src/stm32f1xx_hal_tim_ex.c ****   /* Disable the TIM Peripheral Clock */
 248:Drivers/STM32F1xx_HAL_Driver/Src/stm32f1xx_hal_tim_ex.c ****   __HAL_TIM_DISABLE(htim);
 249:Drivers/STM32F1xx_HAL_Driver/Src/stm32f1xx_hal_tim_ex.c **** 
 250:Drivers/STM32F1xx_HAL_Driver/Src/stm32f1xx_hal_tim_ex.c **** #if (USE_HAL_TIM_REGISTER_CALLBACKS == 1)
 251:Drivers/STM32F1xx_HAL_Driver/Src/stm32f1xx_hal_tim_ex.c ****   if (htim->HallSensor_MspDeInitCallback == NULL)
 252:Drivers/STM32F1xx_HAL_Driver/Src/stm32f1xx_hal_tim_ex.c ****   {
 253:Drivers/STM32F1xx_HAL_Driver/Src/stm32f1xx_hal_tim_ex.c ****     htim->HallSensor_MspDeInitCallback = HAL_TIMEx_HallSensor_MspDeInit;
 254:Drivers/STM32F1xx_HAL_Driver/Src/stm32f1xx_hal_tim_ex.c ****   }
 255:Drivers/STM32F1xx_HAL_Driver/Src/stm32f1xx_hal_tim_ex.c ****   /* DeInit the low level hardware */
 256:Drivers/STM32F1xx_HAL_Driver/Src/stm32f1xx_hal_tim_ex.c ****   htim->HallSensor_MspDeInitCallback(htim);
 257:Drivers/STM32F1xx_HAL_Driver/Src/stm32f1xx_hal_tim_ex.c **** #else
 258:Drivers/STM32F1xx_HAL_Driver/Src/stm32f1xx_hal_tim_ex.c ****   /* DeInit the low level hardware: GPIO, CLOCK, NVIC */
 259:Drivers/STM32F1xx_HAL_Driver/Src/stm32f1xx_hal_tim_ex.c ****   HAL_TIMEx_HallSensor_MspDeInit(htim);
 260:Drivers/STM32F1xx_HAL_Driver/Src/stm32f1xx_hal_tim_ex.c **** #endif /* USE_HAL_TIM_REGISTER_CALLBACKS */
ARM GAS  /tmp/ccr982nq.s 			page 6


 261:Drivers/STM32F1xx_HAL_Driver/Src/stm32f1xx_hal_tim_ex.c **** 
 262:Drivers/STM32F1xx_HAL_Driver/Src/stm32f1xx_hal_tim_ex.c ****   /* Change the DMA burst operation state */
 263:Drivers/STM32F1xx_HAL_Driver/Src/stm32f1xx_hal_tim_ex.c ****   htim->DMABurstState = HAL_DMA_BURST_STATE_RESET;
 264:Drivers/STM32F1xx_HAL_Driver/Src/stm32f1xx_hal_tim_ex.c **** 
 265:Drivers/STM32F1xx_HAL_Driver/Src/stm32f1xx_hal_tim_ex.c ****   /* Change the TIM channels state */
 266:Drivers/STM32F1xx_HAL_Driver/Src/stm32f1xx_hal_tim_ex.c ****   TIM_CHANNEL_STATE_SET(htim, TIM_CHANNEL_1, HAL_TIM_CHANNEL_STATE_RESET);
 267:Drivers/STM32F1xx_HAL_Driver/Src/stm32f1xx_hal_tim_ex.c ****   TIM_CHANNEL_STATE_SET(htim, TIM_CHANNEL_2, HAL_TIM_CHANNEL_STATE_RESET);
 268:Drivers/STM32F1xx_HAL_Driver/Src/stm32f1xx_hal_tim_ex.c ****   TIM_CHANNEL_N_STATE_SET(htim, TIM_CHANNEL_1, HAL_TIM_CHANNEL_STATE_RESET);
 269:Drivers/STM32F1xx_HAL_Driver/Src/stm32f1xx_hal_tim_ex.c ****   TIM_CHANNEL_N_STATE_SET(htim, TIM_CHANNEL_2, HAL_TIM_CHANNEL_STATE_RESET);
 270:Drivers/STM32F1xx_HAL_Driver/Src/stm32f1xx_hal_tim_ex.c **** 
 271:Drivers/STM32F1xx_HAL_Driver/Src/stm32f1xx_hal_tim_ex.c ****   /* Change TIM state */
 272:Drivers/STM32F1xx_HAL_Driver/Src/stm32f1xx_hal_tim_ex.c ****   htim->State = HAL_TIM_STATE_RESET;
 273:Drivers/STM32F1xx_HAL_Driver/Src/stm32f1xx_hal_tim_ex.c **** 
 274:Drivers/STM32F1xx_HAL_Driver/Src/stm32f1xx_hal_tim_ex.c ****   /* Release Lock */
 275:Drivers/STM32F1xx_HAL_Driver/Src/stm32f1xx_hal_tim_ex.c ****   __HAL_UNLOCK(htim);
 276:Drivers/STM32F1xx_HAL_Driver/Src/stm32f1xx_hal_tim_ex.c **** 
 277:Drivers/STM32F1xx_HAL_Driver/Src/stm32f1xx_hal_tim_ex.c ****   return HAL_OK;
 278:Drivers/STM32F1xx_HAL_Driver/Src/stm32f1xx_hal_tim_ex.c **** }
 279:Drivers/STM32F1xx_HAL_Driver/Src/stm32f1xx_hal_tim_ex.c **** 
 280:Drivers/STM32F1xx_HAL_Driver/Src/stm32f1xx_hal_tim_ex.c **** /**
 281:Drivers/STM32F1xx_HAL_Driver/Src/stm32f1xx_hal_tim_ex.c ****   * @brief  Initializes the TIM Hall Sensor MSP.
 282:Drivers/STM32F1xx_HAL_Driver/Src/stm32f1xx_hal_tim_ex.c ****   * @param  htim TIM Hall Sensor Interface handle
 283:Drivers/STM32F1xx_HAL_Driver/Src/stm32f1xx_hal_tim_ex.c ****   * @retval None
 284:Drivers/STM32F1xx_HAL_Driver/Src/stm32f1xx_hal_tim_ex.c ****   */
 285:Drivers/STM32F1xx_HAL_Driver/Src/stm32f1xx_hal_tim_ex.c **** __weak void HAL_TIMEx_HallSensor_MspInit(TIM_HandleTypeDef *htim)
 286:Drivers/STM32F1xx_HAL_Driver/Src/stm32f1xx_hal_tim_ex.c **** {
 287:Drivers/STM32F1xx_HAL_Driver/Src/stm32f1xx_hal_tim_ex.c ****   /* Prevent unused argument(s) compilation warning */
 288:Drivers/STM32F1xx_HAL_Driver/Src/stm32f1xx_hal_tim_ex.c ****   UNUSED(htim);
 289:Drivers/STM32F1xx_HAL_Driver/Src/stm32f1xx_hal_tim_ex.c **** 
 290:Drivers/STM32F1xx_HAL_Driver/Src/stm32f1xx_hal_tim_ex.c ****   /* NOTE : This function should not be modified, when the callback is needed,
 291:Drivers/STM32F1xx_HAL_Driver/Src/stm32f1xx_hal_tim_ex.c ****             the HAL_TIMEx_HallSensor_MspInit could be implemented in the user file
 292:Drivers/STM32F1xx_HAL_Driver/Src/stm32f1xx_hal_tim_ex.c ****    */
 293:Drivers/STM32F1xx_HAL_Driver/Src/stm32f1xx_hal_tim_ex.c **** }
 294:Drivers/STM32F1xx_HAL_Driver/Src/stm32f1xx_hal_tim_ex.c **** 
 295:Drivers/STM32F1xx_HAL_Driver/Src/stm32f1xx_hal_tim_ex.c **** /**
 296:Drivers/STM32F1xx_HAL_Driver/Src/stm32f1xx_hal_tim_ex.c ****   * @brief  DeInitializes TIM Hall Sensor MSP.
 297:Drivers/STM32F1xx_HAL_Driver/Src/stm32f1xx_hal_tim_ex.c ****   * @param  htim TIM Hall Sensor Interface handle
 298:Drivers/STM32F1xx_HAL_Driver/Src/stm32f1xx_hal_tim_ex.c ****   * @retval None
 299:Drivers/STM32F1xx_HAL_Driver/Src/stm32f1xx_hal_tim_ex.c ****   */
 300:Drivers/STM32F1xx_HAL_Driver/Src/stm32f1xx_hal_tim_ex.c **** __weak void HAL_TIMEx_HallSensor_MspDeInit(TIM_HandleTypeDef *htim)
 301:Drivers/STM32F1xx_HAL_Driver/Src/stm32f1xx_hal_tim_ex.c **** {
 302:Drivers/STM32F1xx_HAL_Driver/Src/stm32f1xx_hal_tim_ex.c ****   /* Prevent unused argument(s) compilation warning */
 303:Drivers/STM32F1xx_HAL_Driver/Src/stm32f1xx_hal_tim_ex.c ****   UNUSED(htim);
 304:Drivers/STM32F1xx_HAL_Driver/Src/stm32f1xx_hal_tim_ex.c **** 
 305:Drivers/STM32F1xx_HAL_Driver/Src/stm32f1xx_hal_tim_ex.c ****   /* NOTE : This function should not be modified, when the callback is needed,
 306:Drivers/STM32F1xx_HAL_Driver/Src/stm32f1xx_hal_tim_ex.c ****             the HAL_TIMEx_HallSensor_MspDeInit could be implemented in the user file
 307:Drivers/STM32F1xx_HAL_Driver/Src/stm32f1xx_hal_tim_ex.c ****    */
 308:Drivers/STM32F1xx_HAL_Driver/Src/stm32f1xx_hal_tim_ex.c **** }
 309:Drivers/STM32F1xx_HAL_Driver/Src/stm32f1xx_hal_tim_ex.c **** 
 310:Drivers/STM32F1xx_HAL_Driver/Src/stm32f1xx_hal_tim_ex.c **** /**
 311:Drivers/STM32F1xx_HAL_Driver/Src/stm32f1xx_hal_tim_ex.c ****   * @brief  Starts the TIM Hall Sensor Interface.
 312:Drivers/STM32F1xx_HAL_Driver/Src/stm32f1xx_hal_tim_ex.c ****   * @param  htim TIM Hall Sensor Interface handle
 313:Drivers/STM32F1xx_HAL_Driver/Src/stm32f1xx_hal_tim_ex.c ****   * @retval HAL status
 314:Drivers/STM32F1xx_HAL_Driver/Src/stm32f1xx_hal_tim_ex.c ****   */
 315:Drivers/STM32F1xx_HAL_Driver/Src/stm32f1xx_hal_tim_ex.c **** HAL_StatusTypeDef HAL_TIMEx_HallSensor_Start(TIM_HandleTypeDef *htim)
 316:Drivers/STM32F1xx_HAL_Driver/Src/stm32f1xx_hal_tim_ex.c **** {
 317:Drivers/STM32F1xx_HAL_Driver/Src/stm32f1xx_hal_tim_ex.c ****   uint32_t tmpsmcr;
ARM GAS  /tmp/ccr982nq.s 			page 7


 318:Drivers/STM32F1xx_HAL_Driver/Src/stm32f1xx_hal_tim_ex.c ****   HAL_TIM_ChannelStateTypeDef channel_1_state = TIM_CHANNEL_STATE_GET(htim, TIM_CHANNEL_1);
 319:Drivers/STM32F1xx_HAL_Driver/Src/stm32f1xx_hal_tim_ex.c ****   HAL_TIM_ChannelStateTypeDef channel_2_state = TIM_CHANNEL_STATE_GET(htim, TIM_CHANNEL_2);
 320:Drivers/STM32F1xx_HAL_Driver/Src/stm32f1xx_hal_tim_ex.c ****   HAL_TIM_ChannelStateTypeDef complementary_channel_1_state = TIM_CHANNEL_N_STATE_GET(htim, TIM_CHA
 321:Drivers/STM32F1xx_HAL_Driver/Src/stm32f1xx_hal_tim_ex.c ****   HAL_TIM_ChannelStateTypeDef complementary_channel_2_state = TIM_CHANNEL_N_STATE_GET(htim, TIM_CHA
 322:Drivers/STM32F1xx_HAL_Driver/Src/stm32f1xx_hal_tim_ex.c **** 
 323:Drivers/STM32F1xx_HAL_Driver/Src/stm32f1xx_hal_tim_ex.c ****   /* Check the parameters */
 324:Drivers/STM32F1xx_HAL_Driver/Src/stm32f1xx_hal_tim_ex.c ****   assert_param(IS_TIM_HALL_SENSOR_INTERFACE_INSTANCE(htim->Instance));
 325:Drivers/STM32F1xx_HAL_Driver/Src/stm32f1xx_hal_tim_ex.c **** 
 326:Drivers/STM32F1xx_HAL_Driver/Src/stm32f1xx_hal_tim_ex.c ****   /* Check the TIM channels state */
 327:Drivers/STM32F1xx_HAL_Driver/Src/stm32f1xx_hal_tim_ex.c ****   if ((channel_1_state != HAL_TIM_CHANNEL_STATE_READY)
 328:Drivers/STM32F1xx_HAL_Driver/Src/stm32f1xx_hal_tim_ex.c ****       || (channel_2_state != HAL_TIM_CHANNEL_STATE_READY)
 329:Drivers/STM32F1xx_HAL_Driver/Src/stm32f1xx_hal_tim_ex.c ****       || (complementary_channel_1_state != HAL_TIM_CHANNEL_STATE_READY)
 330:Drivers/STM32F1xx_HAL_Driver/Src/stm32f1xx_hal_tim_ex.c ****       || (complementary_channel_2_state != HAL_TIM_CHANNEL_STATE_READY))
 331:Drivers/STM32F1xx_HAL_Driver/Src/stm32f1xx_hal_tim_ex.c ****   {
 332:Drivers/STM32F1xx_HAL_Driver/Src/stm32f1xx_hal_tim_ex.c ****     return HAL_ERROR;
 333:Drivers/STM32F1xx_HAL_Driver/Src/stm32f1xx_hal_tim_ex.c ****   }
 334:Drivers/STM32F1xx_HAL_Driver/Src/stm32f1xx_hal_tim_ex.c **** 
 335:Drivers/STM32F1xx_HAL_Driver/Src/stm32f1xx_hal_tim_ex.c ****   /* Set the TIM channels state */
 336:Drivers/STM32F1xx_HAL_Driver/Src/stm32f1xx_hal_tim_ex.c ****   TIM_CHANNEL_STATE_SET(htim, TIM_CHANNEL_1, HAL_TIM_CHANNEL_STATE_BUSY);
 337:Drivers/STM32F1xx_HAL_Driver/Src/stm32f1xx_hal_tim_ex.c ****   TIM_CHANNEL_STATE_SET(htim, TIM_CHANNEL_2, HAL_TIM_CHANNEL_STATE_BUSY);
 338:Drivers/STM32F1xx_HAL_Driver/Src/stm32f1xx_hal_tim_ex.c ****   TIM_CHANNEL_N_STATE_SET(htim, TIM_CHANNEL_1, HAL_TIM_CHANNEL_STATE_BUSY);
 339:Drivers/STM32F1xx_HAL_Driver/Src/stm32f1xx_hal_tim_ex.c ****   TIM_CHANNEL_N_STATE_SET(htim, TIM_CHANNEL_2, HAL_TIM_CHANNEL_STATE_BUSY);
 340:Drivers/STM32F1xx_HAL_Driver/Src/stm32f1xx_hal_tim_ex.c **** 
 341:Drivers/STM32F1xx_HAL_Driver/Src/stm32f1xx_hal_tim_ex.c ****   /* Enable the Input Capture channel 1
 342:Drivers/STM32F1xx_HAL_Driver/Src/stm32f1xx_hal_tim_ex.c ****   (in the Hall Sensor Interface the three possible channels that can be used are TIM_CHANNEL_1,
 343:Drivers/STM32F1xx_HAL_Driver/Src/stm32f1xx_hal_tim_ex.c ****   TIM_CHANNEL_2 and TIM_CHANNEL_3) */
 344:Drivers/STM32F1xx_HAL_Driver/Src/stm32f1xx_hal_tim_ex.c ****   TIM_CCxChannelCmd(htim->Instance, TIM_CHANNEL_1, TIM_CCx_ENABLE);
 345:Drivers/STM32F1xx_HAL_Driver/Src/stm32f1xx_hal_tim_ex.c **** 
 346:Drivers/STM32F1xx_HAL_Driver/Src/stm32f1xx_hal_tim_ex.c ****   /* Enable the Peripheral, except in trigger mode where enable is automatically done with trigger 
 347:Drivers/STM32F1xx_HAL_Driver/Src/stm32f1xx_hal_tim_ex.c ****   if (IS_TIM_SLAVE_INSTANCE(htim->Instance))
 348:Drivers/STM32F1xx_HAL_Driver/Src/stm32f1xx_hal_tim_ex.c ****   {
 349:Drivers/STM32F1xx_HAL_Driver/Src/stm32f1xx_hal_tim_ex.c ****     tmpsmcr = htim->Instance->SMCR & TIM_SMCR_SMS;
 350:Drivers/STM32F1xx_HAL_Driver/Src/stm32f1xx_hal_tim_ex.c ****     if (!IS_TIM_SLAVEMODE_TRIGGER_ENABLED(tmpsmcr))
 351:Drivers/STM32F1xx_HAL_Driver/Src/stm32f1xx_hal_tim_ex.c ****     {
 352:Drivers/STM32F1xx_HAL_Driver/Src/stm32f1xx_hal_tim_ex.c ****       __HAL_TIM_ENABLE(htim);
 353:Drivers/STM32F1xx_HAL_Driver/Src/stm32f1xx_hal_tim_ex.c ****     }
 354:Drivers/STM32F1xx_HAL_Driver/Src/stm32f1xx_hal_tim_ex.c ****   }
 355:Drivers/STM32F1xx_HAL_Driver/Src/stm32f1xx_hal_tim_ex.c ****   else
 356:Drivers/STM32F1xx_HAL_Driver/Src/stm32f1xx_hal_tim_ex.c ****   {
 357:Drivers/STM32F1xx_HAL_Driver/Src/stm32f1xx_hal_tim_ex.c ****     __HAL_TIM_ENABLE(htim);
 358:Drivers/STM32F1xx_HAL_Driver/Src/stm32f1xx_hal_tim_ex.c ****   }
 359:Drivers/STM32F1xx_HAL_Driver/Src/stm32f1xx_hal_tim_ex.c **** 
 360:Drivers/STM32F1xx_HAL_Driver/Src/stm32f1xx_hal_tim_ex.c ****   /* Return function status */
 361:Drivers/STM32F1xx_HAL_Driver/Src/stm32f1xx_hal_tim_ex.c ****   return HAL_OK;
 362:Drivers/STM32F1xx_HAL_Driver/Src/stm32f1xx_hal_tim_ex.c **** }
 363:Drivers/STM32F1xx_HAL_Driver/Src/stm32f1xx_hal_tim_ex.c **** 
 364:Drivers/STM32F1xx_HAL_Driver/Src/stm32f1xx_hal_tim_ex.c **** /**
 365:Drivers/STM32F1xx_HAL_Driver/Src/stm32f1xx_hal_tim_ex.c ****   * @brief  Stops the TIM Hall sensor Interface.
 366:Drivers/STM32F1xx_HAL_Driver/Src/stm32f1xx_hal_tim_ex.c ****   * @param  htim TIM Hall Sensor Interface handle
 367:Drivers/STM32F1xx_HAL_Driver/Src/stm32f1xx_hal_tim_ex.c ****   * @retval HAL status
 368:Drivers/STM32F1xx_HAL_Driver/Src/stm32f1xx_hal_tim_ex.c ****   */
 369:Drivers/STM32F1xx_HAL_Driver/Src/stm32f1xx_hal_tim_ex.c **** HAL_StatusTypeDef HAL_TIMEx_HallSensor_Stop(TIM_HandleTypeDef *htim)
 370:Drivers/STM32F1xx_HAL_Driver/Src/stm32f1xx_hal_tim_ex.c **** {
 371:Drivers/STM32F1xx_HAL_Driver/Src/stm32f1xx_hal_tim_ex.c ****   /* Check the parameters */
 372:Drivers/STM32F1xx_HAL_Driver/Src/stm32f1xx_hal_tim_ex.c ****   assert_param(IS_TIM_HALL_SENSOR_INTERFACE_INSTANCE(htim->Instance));
 373:Drivers/STM32F1xx_HAL_Driver/Src/stm32f1xx_hal_tim_ex.c **** 
 374:Drivers/STM32F1xx_HAL_Driver/Src/stm32f1xx_hal_tim_ex.c ****   /* Disable the Input Capture channels 1, 2 and 3
ARM GAS  /tmp/ccr982nq.s 			page 8


 375:Drivers/STM32F1xx_HAL_Driver/Src/stm32f1xx_hal_tim_ex.c ****   (in the Hall Sensor Interface the three possible channels that can be used are TIM_CHANNEL_1,
 376:Drivers/STM32F1xx_HAL_Driver/Src/stm32f1xx_hal_tim_ex.c ****   TIM_CHANNEL_2 and TIM_CHANNEL_3) */
 377:Drivers/STM32F1xx_HAL_Driver/Src/stm32f1xx_hal_tim_ex.c ****   TIM_CCxChannelCmd(htim->Instance, TIM_CHANNEL_1, TIM_CCx_DISABLE);
 378:Drivers/STM32F1xx_HAL_Driver/Src/stm32f1xx_hal_tim_ex.c **** 
 379:Drivers/STM32F1xx_HAL_Driver/Src/stm32f1xx_hal_tim_ex.c ****   /* Disable the Peripheral */
 380:Drivers/STM32F1xx_HAL_Driver/Src/stm32f1xx_hal_tim_ex.c ****   __HAL_TIM_DISABLE(htim);
 381:Drivers/STM32F1xx_HAL_Driver/Src/stm32f1xx_hal_tim_ex.c **** 
 382:Drivers/STM32F1xx_HAL_Driver/Src/stm32f1xx_hal_tim_ex.c ****   /* Set the TIM channels state */
 383:Drivers/STM32F1xx_HAL_Driver/Src/stm32f1xx_hal_tim_ex.c ****   TIM_CHANNEL_STATE_SET(htim, TIM_CHANNEL_1, HAL_TIM_CHANNEL_STATE_READY);
 384:Drivers/STM32F1xx_HAL_Driver/Src/stm32f1xx_hal_tim_ex.c ****   TIM_CHANNEL_STATE_SET(htim, TIM_CHANNEL_2, HAL_TIM_CHANNEL_STATE_READY);
 385:Drivers/STM32F1xx_HAL_Driver/Src/stm32f1xx_hal_tim_ex.c ****   TIM_CHANNEL_N_STATE_SET(htim, TIM_CHANNEL_1, HAL_TIM_CHANNEL_STATE_READY);
 386:Drivers/STM32F1xx_HAL_Driver/Src/stm32f1xx_hal_tim_ex.c ****   TIM_CHANNEL_N_STATE_SET(htim, TIM_CHANNEL_2, HAL_TIM_CHANNEL_STATE_READY);
 387:Drivers/STM32F1xx_HAL_Driver/Src/stm32f1xx_hal_tim_ex.c **** 
 388:Drivers/STM32F1xx_HAL_Driver/Src/stm32f1xx_hal_tim_ex.c ****   /* Return function status */
 389:Drivers/STM32F1xx_HAL_Driver/Src/stm32f1xx_hal_tim_ex.c ****   return HAL_OK;
 390:Drivers/STM32F1xx_HAL_Driver/Src/stm32f1xx_hal_tim_ex.c **** }
 391:Drivers/STM32F1xx_HAL_Driver/Src/stm32f1xx_hal_tim_ex.c **** 
 392:Drivers/STM32F1xx_HAL_Driver/Src/stm32f1xx_hal_tim_ex.c **** /**
 393:Drivers/STM32F1xx_HAL_Driver/Src/stm32f1xx_hal_tim_ex.c ****   * @brief  Starts the TIM Hall Sensor Interface in interrupt mode.
 394:Drivers/STM32F1xx_HAL_Driver/Src/stm32f1xx_hal_tim_ex.c ****   * @param  htim TIM Hall Sensor Interface handle
 395:Drivers/STM32F1xx_HAL_Driver/Src/stm32f1xx_hal_tim_ex.c ****   * @retval HAL status
 396:Drivers/STM32F1xx_HAL_Driver/Src/stm32f1xx_hal_tim_ex.c ****   */
 397:Drivers/STM32F1xx_HAL_Driver/Src/stm32f1xx_hal_tim_ex.c **** HAL_StatusTypeDef HAL_TIMEx_HallSensor_Start_IT(TIM_HandleTypeDef *htim)
 398:Drivers/STM32F1xx_HAL_Driver/Src/stm32f1xx_hal_tim_ex.c **** {
 399:Drivers/STM32F1xx_HAL_Driver/Src/stm32f1xx_hal_tim_ex.c ****   uint32_t tmpsmcr;
 400:Drivers/STM32F1xx_HAL_Driver/Src/stm32f1xx_hal_tim_ex.c ****   HAL_TIM_ChannelStateTypeDef channel_1_state = TIM_CHANNEL_STATE_GET(htim, TIM_CHANNEL_1);
 401:Drivers/STM32F1xx_HAL_Driver/Src/stm32f1xx_hal_tim_ex.c ****   HAL_TIM_ChannelStateTypeDef channel_2_state = TIM_CHANNEL_STATE_GET(htim, TIM_CHANNEL_2);
 402:Drivers/STM32F1xx_HAL_Driver/Src/stm32f1xx_hal_tim_ex.c ****   HAL_TIM_ChannelStateTypeDef complementary_channel_1_state = TIM_CHANNEL_N_STATE_GET(htim, TIM_CHA
 403:Drivers/STM32F1xx_HAL_Driver/Src/stm32f1xx_hal_tim_ex.c ****   HAL_TIM_ChannelStateTypeDef complementary_channel_2_state = TIM_CHANNEL_N_STATE_GET(htim, TIM_CHA
 404:Drivers/STM32F1xx_HAL_Driver/Src/stm32f1xx_hal_tim_ex.c **** 
 405:Drivers/STM32F1xx_HAL_Driver/Src/stm32f1xx_hal_tim_ex.c ****   /* Check the parameters */
 406:Drivers/STM32F1xx_HAL_Driver/Src/stm32f1xx_hal_tim_ex.c ****   assert_param(IS_TIM_HALL_SENSOR_INTERFACE_INSTANCE(htim->Instance));
 407:Drivers/STM32F1xx_HAL_Driver/Src/stm32f1xx_hal_tim_ex.c **** 
 408:Drivers/STM32F1xx_HAL_Driver/Src/stm32f1xx_hal_tim_ex.c ****   /* Check the TIM channels state */
 409:Drivers/STM32F1xx_HAL_Driver/Src/stm32f1xx_hal_tim_ex.c ****   if ((channel_1_state != HAL_TIM_CHANNEL_STATE_READY)
 410:Drivers/STM32F1xx_HAL_Driver/Src/stm32f1xx_hal_tim_ex.c ****       || (channel_2_state != HAL_TIM_CHANNEL_STATE_READY)
 411:Drivers/STM32F1xx_HAL_Driver/Src/stm32f1xx_hal_tim_ex.c ****       || (complementary_channel_1_state != HAL_TIM_CHANNEL_STATE_READY)
 412:Drivers/STM32F1xx_HAL_Driver/Src/stm32f1xx_hal_tim_ex.c ****       || (complementary_channel_2_state != HAL_TIM_CHANNEL_STATE_READY))
 413:Drivers/STM32F1xx_HAL_Driver/Src/stm32f1xx_hal_tim_ex.c ****   {
 414:Drivers/STM32F1xx_HAL_Driver/Src/stm32f1xx_hal_tim_ex.c ****     return HAL_ERROR;
 415:Drivers/STM32F1xx_HAL_Driver/Src/stm32f1xx_hal_tim_ex.c ****   }
 416:Drivers/STM32F1xx_HAL_Driver/Src/stm32f1xx_hal_tim_ex.c **** 
 417:Drivers/STM32F1xx_HAL_Driver/Src/stm32f1xx_hal_tim_ex.c ****   /* Set the TIM channels state */
 418:Drivers/STM32F1xx_HAL_Driver/Src/stm32f1xx_hal_tim_ex.c ****   TIM_CHANNEL_STATE_SET(htim, TIM_CHANNEL_1, HAL_TIM_CHANNEL_STATE_BUSY);
 419:Drivers/STM32F1xx_HAL_Driver/Src/stm32f1xx_hal_tim_ex.c ****   TIM_CHANNEL_STATE_SET(htim, TIM_CHANNEL_2, HAL_TIM_CHANNEL_STATE_BUSY);
 420:Drivers/STM32F1xx_HAL_Driver/Src/stm32f1xx_hal_tim_ex.c ****   TIM_CHANNEL_N_STATE_SET(htim, TIM_CHANNEL_1, HAL_TIM_CHANNEL_STATE_BUSY);
 421:Drivers/STM32F1xx_HAL_Driver/Src/stm32f1xx_hal_tim_ex.c ****   TIM_CHANNEL_N_STATE_SET(htim, TIM_CHANNEL_2, HAL_TIM_CHANNEL_STATE_BUSY);
 422:Drivers/STM32F1xx_HAL_Driver/Src/stm32f1xx_hal_tim_ex.c **** 
 423:Drivers/STM32F1xx_HAL_Driver/Src/stm32f1xx_hal_tim_ex.c ****   /* Enable the capture compare Interrupts 1 event */
 424:Drivers/STM32F1xx_HAL_Driver/Src/stm32f1xx_hal_tim_ex.c ****   __HAL_TIM_ENABLE_IT(htim, TIM_IT_CC1);
 425:Drivers/STM32F1xx_HAL_Driver/Src/stm32f1xx_hal_tim_ex.c **** 
 426:Drivers/STM32F1xx_HAL_Driver/Src/stm32f1xx_hal_tim_ex.c ****   /* Enable the Input Capture channel 1
 427:Drivers/STM32F1xx_HAL_Driver/Src/stm32f1xx_hal_tim_ex.c ****   (in the Hall Sensor Interface the three possible channels that can be used are TIM_CHANNEL_1,
 428:Drivers/STM32F1xx_HAL_Driver/Src/stm32f1xx_hal_tim_ex.c ****   TIM_CHANNEL_2 and TIM_CHANNEL_3) */
 429:Drivers/STM32F1xx_HAL_Driver/Src/stm32f1xx_hal_tim_ex.c ****   TIM_CCxChannelCmd(htim->Instance, TIM_CHANNEL_1, TIM_CCx_ENABLE);
 430:Drivers/STM32F1xx_HAL_Driver/Src/stm32f1xx_hal_tim_ex.c **** 
 431:Drivers/STM32F1xx_HAL_Driver/Src/stm32f1xx_hal_tim_ex.c ****   /* Enable the Peripheral, except in trigger mode where enable is automatically done with trigger 
ARM GAS  /tmp/ccr982nq.s 			page 9


 432:Drivers/STM32F1xx_HAL_Driver/Src/stm32f1xx_hal_tim_ex.c ****   if (IS_TIM_SLAVE_INSTANCE(htim->Instance))
 433:Drivers/STM32F1xx_HAL_Driver/Src/stm32f1xx_hal_tim_ex.c ****   {
 434:Drivers/STM32F1xx_HAL_Driver/Src/stm32f1xx_hal_tim_ex.c ****     tmpsmcr = htim->Instance->SMCR & TIM_SMCR_SMS;
 435:Drivers/STM32F1xx_HAL_Driver/Src/stm32f1xx_hal_tim_ex.c ****     if (!IS_TIM_SLAVEMODE_TRIGGER_ENABLED(tmpsmcr))
 436:Drivers/STM32F1xx_HAL_Driver/Src/stm32f1xx_hal_tim_ex.c ****     {
 437:Drivers/STM32F1xx_HAL_Driver/Src/stm32f1xx_hal_tim_ex.c ****       __HAL_TIM_ENABLE(htim);
 438:Drivers/STM32F1xx_HAL_Driver/Src/stm32f1xx_hal_tim_ex.c ****     }
 439:Drivers/STM32F1xx_HAL_Driver/Src/stm32f1xx_hal_tim_ex.c ****   }
 440:Drivers/STM32F1xx_HAL_Driver/Src/stm32f1xx_hal_tim_ex.c ****   else
 441:Drivers/STM32F1xx_HAL_Driver/Src/stm32f1xx_hal_tim_ex.c ****   {
 442:Drivers/STM32F1xx_HAL_Driver/Src/stm32f1xx_hal_tim_ex.c ****     __HAL_TIM_ENABLE(htim);
 443:Drivers/STM32F1xx_HAL_Driver/Src/stm32f1xx_hal_tim_ex.c ****   }
 444:Drivers/STM32F1xx_HAL_Driver/Src/stm32f1xx_hal_tim_ex.c **** 
 445:Drivers/STM32F1xx_HAL_Driver/Src/stm32f1xx_hal_tim_ex.c ****   /* Return function status */
 446:Drivers/STM32F1xx_HAL_Driver/Src/stm32f1xx_hal_tim_ex.c ****   return HAL_OK;
 447:Drivers/STM32F1xx_HAL_Driver/Src/stm32f1xx_hal_tim_ex.c **** }
 448:Drivers/STM32F1xx_HAL_Driver/Src/stm32f1xx_hal_tim_ex.c **** 
 449:Drivers/STM32F1xx_HAL_Driver/Src/stm32f1xx_hal_tim_ex.c **** /**
 450:Drivers/STM32F1xx_HAL_Driver/Src/stm32f1xx_hal_tim_ex.c ****   * @brief  Stops the TIM Hall Sensor Interface in interrupt mode.
 451:Drivers/STM32F1xx_HAL_Driver/Src/stm32f1xx_hal_tim_ex.c ****   * @param  htim TIM Hall Sensor Interface handle
 452:Drivers/STM32F1xx_HAL_Driver/Src/stm32f1xx_hal_tim_ex.c ****   * @retval HAL status
 453:Drivers/STM32F1xx_HAL_Driver/Src/stm32f1xx_hal_tim_ex.c ****   */
 454:Drivers/STM32F1xx_HAL_Driver/Src/stm32f1xx_hal_tim_ex.c **** HAL_StatusTypeDef HAL_TIMEx_HallSensor_Stop_IT(TIM_HandleTypeDef *htim)
 455:Drivers/STM32F1xx_HAL_Driver/Src/stm32f1xx_hal_tim_ex.c **** {
 456:Drivers/STM32F1xx_HAL_Driver/Src/stm32f1xx_hal_tim_ex.c ****   /* Check the parameters */
 457:Drivers/STM32F1xx_HAL_Driver/Src/stm32f1xx_hal_tim_ex.c ****   assert_param(IS_TIM_HALL_SENSOR_INTERFACE_INSTANCE(htim->Instance));
 458:Drivers/STM32F1xx_HAL_Driver/Src/stm32f1xx_hal_tim_ex.c **** 
 459:Drivers/STM32F1xx_HAL_Driver/Src/stm32f1xx_hal_tim_ex.c ****   /* Disable the Input Capture channel 1
 460:Drivers/STM32F1xx_HAL_Driver/Src/stm32f1xx_hal_tim_ex.c ****   (in the Hall Sensor Interface the three possible channels that can be used are TIM_CHANNEL_1,
 461:Drivers/STM32F1xx_HAL_Driver/Src/stm32f1xx_hal_tim_ex.c ****   TIM_CHANNEL_2 and TIM_CHANNEL_3) */
 462:Drivers/STM32F1xx_HAL_Driver/Src/stm32f1xx_hal_tim_ex.c ****   TIM_CCxChannelCmd(htim->Instance, TIM_CHANNEL_1, TIM_CCx_DISABLE);
 463:Drivers/STM32F1xx_HAL_Driver/Src/stm32f1xx_hal_tim_ex.c **** 
 464:Drivers/STM32F1xx_HAL_Driver/Src/stm32f1xx_hal_tim_ex.c ****   /* Disable the capture compare Interrupts event */
 465:Drivers/STM32F1xx_HAL_Driver/Src/stm32f1xx_hal_tim_ex.c ****   __HAL_TIM_DISABLE_IT(htim, TIM_IT_CC1);
 466:Drivers/STM32F1xx_HAL_Driver/Src/stm32f1xx_hal_tim_ex.c **** 
 467:Drivers/STM32F1xx_HAL_Driver/Src/stm32f1xx_hal_tim_ex.c ****   /* Disable the Peripheral */
 468:Drivers/STM32F1xx_HAL_Driver/Src/stm32f1xx_hal_tim_ex.c ****   __HAL_TIM_DISABLE(htim);
 469:Drivers/STM32F1xx_HAL_Driver/Src/stm32f1xx_hal_tim_ex.c **** 
 470:Drivers/STM32F1xx_HAL_Driver/Src/stm32f1xx_hal_tim_ex.c ****   /* Set the TIM channels state */
 471:Drivers/STM32F1xx_HAL_Driver/Src/stm32f1xx_hal_tim_ex.c ****   TIM_CHANNEL_STATE_SET(htim, TIM_CHANNEL_1, HAL_TIM_CHANNEL_STATE_READY);
 472:Drivers/STM32F1xx_HAL_Driver/Src/stm32f1xx_hal_tim_ex.c ****   TIM_CHANNEL_STATE_SET(htim, TIM_CHANNEL_2, HAL_TIM_CHANNEL_STATE_READY);
 473:Drivers/STM32F1xx_HAL_Driver/Src/stm32f1xx_hal_tim_ex.c ****   TIM_CHANNEL_N_STATE_SET(htim, TIM_CHANNEL_1, HAL_TIM_CHANNEL_STATE_READY);
 474:Drivers/STM32F1xx_HAL_Driver/Src/stm32f1xx_hal_tim_ex.c ****   TIM_CHANNEL_N_STATE_SET(htim, TIM_CHANNEL_2, HAL_TIM_CHANNEL_STATE_READY);
 475:Drivers/STM32F1xx_HAL_Driver/Src/stm32f1xx_hal_tim_ex.c **** 
 476:Drivers/STM32F1xx_HAL_Driver/Src/stm32f1xx_hal_tim_ex.c ****   /* Return function status */
 477:Drivers/STM32F1xx_HAL_Driver/Src/stm32f1xx_hal_tim_ex.c ****   return HAL_OK;
 478:Drivers/STM32F1xx_HAL_Driver/Src/stm32f1xx_hal_tim_ex.c **** }
 479:Drivers/STM32F1xx_HAL_Driver/Src/stm32f1xx_hal_tim_ex.c **** 
 480:Drivers/STM32F1xx_HAL_Driver/Src/stm32f1xx_hal_tim_ex.c **** /**
 481:Drivers/STM32F1xx_HAL_Driver/Src/stm32f1xx_hal_tim_ex.c ****   * @brief  Starts the TIM Hall Sensor Interface in DMA mode.
 482:Drivers/STM32F1xx_HAL_Driver/Src/stm32f1xx_hal_tim_ex.c ****   * @param  htim TIM Hall Sensor Interface handle
 483:Drivers/STM32F1xx_HAL_Driver/Src/stm32f1xx_hal_tim_ex.c ****   * @param  pData The destination Buffer address.
 484:Drivers/STM32F1xx_HAL_Driver/Src/stm32f1xx_hal_tim_ex.c ****   * @param  Length The length of data to be transferred from TIM peripheral to memory.
 485:Drivers/STM32F1xx_HAL_Driver/Src/stm32f1xx_hal_tim_ex.c ****   * @retval HAL status
 486:Drivers/STM32F1xx_HAL_Driver/Src/stm32f1xx_hal_tim_ex.c ****   */
 487:Drivers/STM32F1xx_HAL_Driver/Src/stm32f1xx_hal_tim_ex.c **** HAL_StatusTypeDef HAL_TIMEx_HallSensor_Start_DMA(TIM_HandleTypeDef *htim, uint32_t *pData, uint16_t
 488:Drivers/STM32F1xx_HAL_Driver/Src/stm32f1xx_hal_tim_ex.c **** {
ARM GAS  /tmp/ccr982nq.s 			page 10


 489:Drivers/STM32F1xx_HAL_Driver/Src/stm32f1xx_hal_tim_ex.c ****   uint32_t tmpsmcr;
 490:Drivers/STM32F1xx_HAL_Driver/Src/stm32f1xx_hal_tim_ex.c ****   HAL_TIM_ChannelStateTypeDef channel_1_state = TIM_CHANNEL_STATE_GET(htim, TIM_CHANNEL_1);
 491:Drivers/STM32F1xx_HAL_Driver/Src/stm32f1xx_hal_tim_ex.c ****   HAL_TIM_ChannelStateTypeDef complementary_channel_1_state = TIM_CHANNEL_N_STATE_GET(htim, TIM_CHA
 492:Drivers/STM32F1xx_HAL_Driver/Src/stm32f1xx_hal_tim_ex.c **** 
 493:Drivers/STM32F1xx_HAL_Driver/Src/stm32f1xx_hal_tim_ex.c ****   /* Check the parameters */
 494:Drivers/STM32F1xx_HAL_Driver/Src/stm32f1xx_hal_tim_ex.c ****   assert_param(IS_TIM_HALL_SENSOR_INTERFACE_INSTANCE(htim->Instance));
 495:Drivers/STM32F1xx_HAL_Driver/Src/stm32f1xx_hal_tim_ex.c **** 
 496:Drivers/STM32F1xx_HAL_Driver/Src/stm32f1xx_hal_tim_ex.c ****   /* Set the TIM channel state */
 497:Drivers/STM32F1xx_HAL_Driver/Src/stm32f1xx_hal_tim_ex.c ****   if ((channel_1_state == HAL_TIM_CHANNEL_STATE_BUSY)
 498:Drivers/STM32F1xx_HAL_Driver/Src/stm32f1xx_hal_tim_ex.c ****       || (complementary_channel_1_state == HAL_TIM_CHANNEL_STATE_BUSY))
 499:Drivers/STM32F1xx_HAL_Driver/Src/stm32f1xx_hal_tim_ex.c ****   {
 500:Drivers/STM32F1xx_HAL_Driver/Src/stm32f1xx_hal_tim_ex.c ****     return HAL_BUSY;
 501:Drivers/STM32F1xx_HAL_Driver/Src/stm32f1xx_hal_tim_ex.c ****   }
 502:Drivers/STM32F1xx_HAL_Driver/Src/stm32f1xx_hal_tim_ex.c ****   else if ((channel_1_state == HAL_TIM_CHANNEL_STATE_READY)
 503:Drivers/STM32F1xx_HAL_Driver/Src/stm32f1xx_hal_tim_ex.c ****            && (complementary_channel_1_state == HAL_TIM_CHANNEL_STATE_READY))
 504:Drivers/STM32F1xx_HAL_Driver/Src/stm32f1xx_hal_tim_ex.c ****   {
 505:Drivers/STM32F1xx_HAL_Driver/Src/stm32f1xx_hal_tim_ex.c ****     if ((pData == NULL) || (Length == 0U))
 506:Drivers/STM32F1xx_HAL_Driver/Src/stm32f1xx_hal_tim_ex.c ****     {
 507:Drivers/STM32F1xx_HAL_Driver/Src/stm32f1xx_hal_tim_ex.c ****       return HAL_ERROR;
 508:Drivers/STM32F1xx_HAL_Driver/Src/stm32f1xx_hal_tim_ex.c ****     }
 509:Drivers/STM32F1xx_HAL_Driver/Src/stm32f1xx_hal_tim_ex.c ****     else
 510:Drivers/STM32F1xx_HAL_Driver/Src/stm32f1xx_hal_tim_ex.c ****     {
 511:Drivers/STM32F1xx_HAL_Driver/Src/stm32f1xx_hal_tim_ex.c ****       TIM_CHANNEL_STATE_SET(htim, TIM_CHANNEL_1, HAL_TIM_CHANNEL_STATE_BUSY);
 512:Drivers/STM32F1xx_HAL_Driver/Src/stm32f1xx_hal_tim_ex.c ****       TIM_CHANNEL_N_STATE_SET(htim, TIM_CHANNEL_1, HAL_TIM_CHANNEL_STATE_BUSY);
 513:Drivers/STM32F1xx_HAL_Driver/Src/stm32f1xx_hal_tim_ex.c ****     }
 514:Drivers/STM32F1xx_HAL_Driver/Src/stm32f1xx_hal_tim_ex.c ****   }
 515:Drivers/STM32F1xx_HAL_Driver/Src/stm32f1xx_hal_tim_ex.c ****   else
 516:Drivers/STM32F1xx_HAL_Driver/Src/stm32f1xx_hal_tim_ex.c ****   {
 517:Drivers/STM32F1xx_HAL_Driver/Src/stm32f1xx_hal_tim_ex.c ****     return HAL_ERROR;
 518:Drivers/STM32F1xx_HAL_Driver/Src/stm32f1xx_hal_tim_ex.c ****   }
 519:Drivers/STM32F1xx_HAL_Driver/Src/stm32f1xx_hal_tim_ex.c **** 
 520:Drivers/STM32F1xx_HAL_Driver/Src/stm32f1xx_hal_tim_ex.c ****   /* Enable the Input Capture channel 1
 521:Drivers/STM32F1xx_HAL_Driver/Src/stm32f1xx_hal_tim_ex.c ****   (in the Hall Sensor Interface the three possible channels that can be used are TIM_CHANNEL_1,
 522:Drivers/STM32F1xx_HAL_Driver/Src/stm32f1xx_hal_tim_ex.c ****   TIM_CHANNEL_2 and TIM_CHANNEL_3) */
 523:Drivers/STM32F1xx_HAL_Driver/Src/stm32f1xx_hal_tim_ex.c ****   TIM_CCxChannelCmd(htim->Instance, TIM_CHANNEL_1, TIM_CCx_ENABLE);
 524:Drivers/STM32F1xx_HAL_Driver/Src/stm32f1xx_hal_tim_ex.c **** 
 525:Drivers/STM32F1xx_HAL_Driver/Src/stm32f1xx_hal_tim_ex.c ****   /* Set the DMA Input Capture 1 Callbacks */
 526:Drivers/STM32F1xx_HAL_Driver/Src/stm32f1xx_hal_tim_ex.c ****   htim->hdma[TIM_DMA_ID_CC1]->XferCpltCallback = TIM_DMACaptureCplt;
 527:Drivers/STM32F1xx_HAL_Driver/Src/stm32f1xx_hal_tim_ex.c ****   htim->hdma[TIM_DMA_ID_CC1]->XferHalfCpltCallback = TIM_DMACaptureHalfCplt;
 528:Drivers/STM32F1xx_HAL_Driver/Src/stm32f1xx_hal_tim_ex.c ****   /* Set the DMA error callback */
 529:Drivers/STM32F1xx_HAL_Driver/Src/stm32f1xx_hal_tim_ex.c ****   htim->hdma[TIM_DMA_ID_CC1]->XferErrorCallback = TIM_DMAError ;
 530:Drivers/STM32F1xx_HAL_Driver/Src/stm32f1xx_hal_tim_ex.c **** 
 531:Drivers/STM32F1xx_HAL_Driver/Src/stm32f1xx_hal_tim_ex.c ****   /* Enable the DMA channel for Capture 1*/
 532:Drivers/STM32F1xx_HAL_Driver/Src/stm32f1xx_hal_tim_ex.c ****   if (HAL_DMA_Start_IT(htim->hdma[TIM_DMA_ID_CC1], (uint32_t)&htim->Instance->CCR1, (uint32_t)pData
 533:Drivers/STM32F1xx_HAL_Driver/Src/stm32f1xx_hal_tim_ex.c ****   {
 534:Drivers/STM32F1xx_HAL_Driver/Src/stm32f1xx_hal_tim_ex.c ****     /* Return error status */
 535:Drivers/STM32F1xx_HAL_Driver/Src/stm32f1xx_hal_tim_ex.c ****     return HAL_ERROR;
 536:Drivers/STM32F1xx_HAL_Driver/Src/stm32f1xx_hal_tim_ex.c ****   }
 537:Drivers/STM32F1xx_HAL_Driver/Src/stm32f1xx_hal_tim_ex.c ****   /* Enable the capture compare 1 Interrupt */
 538:Drivers/STM32F1xx_HAL_Driver/Src/stm32f1xx_hal_tim_ex.c ****   __HAL_TIM_ENABLE_DMA(htim, TIM_DMA_CC1);
 539:Drivers/STM32F1xx_HAL_Driver/Src/stm32f1xx_hal_tim_ex.c **** 
 540:Drivers/STM32F1xx_HAL_Driver/Src/stm32f1xx_hal_tim_ex.c ****   /* Enable the Peripheral, except in trigger mode where enable is automatically done with trigger 
 541:Drivers/STM32F1xx_HAL_Driver/Src/stm32f1xx_hal_tim_ex.c ****   if (IS_TIM_SLAVE_INSTANCE(htim->Instance))
 542:Drivers/STM32F1xx_HAL_Driver/Src/stm32f1xx_hal_tim_ex.c ****   {
 543:Drivers/STM32F1xx_HAL_Driver/Src/stm32f1xx_hal_tim_ex.c ****     tmpsmcr = htim->Instance->SMCR & TIM_SMCR_SMS;
 544:Drivers/STM32F1xx_HAL_Driver/Src/stm32f1xx_hal_tim_ex.c ****     if (!IS_TIM_SLAVEMODE_TRIGGER_ENABLED(tmpsmcr))
 545:Drivers/STM32F1xx_HAL_Driver/Src/stm32f1xx_hal_tim_ex.c ****     {
ARM GAS  /tmp/ccr982nq.s 			page 11


 546:Drivers/STM32F1xx_HAL_Driver/Src/stm32f1xx_hal_tim_ex.c ****       __HAL_TIM_ENABLE(htim);
 547:Drivers/STM32F1xx_HAL_Driver/Src/stm32f1xx_hal_tim_ex.c ****     }
 548:Drivers/STM32F1xx_HAL_Driver/Src/stm32f1xx_hal_tim_ex.c ****   }
 549:Drivers/STM32F1xx_HAL_Driver/Src/stm32f1xx_hal_tim_ex.c ****   else
 550:Drivers/STM32F1xx_HAL_Driver/Src/stm32f1xx_hal_tim_ex.c ****   {
 551:Drivers/STM32F1xx_HAL_Driver/Src/stm32f1xx_hal_tim_ex.c ****     __HAL_TIM_ENABLE(htim);
 552:Drivers/STM32F1xx_HAL_Driver/Src/stm32f1xx_hal_tim_ex.c ****   }
 553:Drivers/STM32F1xx_HAL_Driver/Src/stm32f1xx_hal_tim_ex.c **** 
 554:Drivers/STM32F1xx_HAL_Driver/Src/stm32f1xx_hal_tim_ex.c ****   /* Return function status */
 555:Drivers/STM32F1xx_HAL_Driver/Src/stm32f1xx_hal_tim_ex.c ****   return HAL_OK;
 556:Drivers/STM32F1xx_HAL_Driver/Src/stm32f1xx_hal_tim_ex.c **** }
 557:Drivers/STM32F1xx_HAL_Driver/Src/stm32f1xx_hal_tim_ex.c **** 
 558:Drivers/STM32F1xx_HAL_Driver/Src/stm32f1xx_hal_tim_ex.c **** /**
 559:Drivers/STM32F1xx_HAL_Driver/Src/stm32f1xx_hal_tim_ex.c ****   * @brief  Stops the TIM Hall Sensor Interface in DMA mode.
 560:Drivers/STM32F1xx_HAL_Driver/Src/stm32f1xx_hal_tim_ex.c ****   * @param  htim TIM Hall Sensor Interface handle
 561:Drivers/STM32F1xx_HAL_Driver/Src/stm32f1xx_hal_tim_ex.c ****   * @retval HAL status
 562:Drivers/STM32F1xx_HAL_Driver/Src/stm32f1xx_hal_tim_ex.c ****   */
 563:Drivers/STM32F1xx_HAL_Driver/Src/stm32f1xx_hal_tim_ex.c **** HAL_StatusTypeDef HAL_TIMEx_HallSensor_Stop_DMA(TIM_HandleTypeDef *htim)
 564:Drivers/STM32F1xx_HAL_Driver/Src/stm32f1xx_hal_tim_ex.c **** {
 565:Drivers/STM32F1xx_HAL_Driver/Src/stm32f1xx_hal_tim_ex.c ****   /* Check the parameters */
 566:Drivers/STM32F1xx_HAL_Driver/Src/stm32f1xx_hal_tim_ex.c ****   assert_param(IS_TIM_HALL_SENSOR_INTERFACE_INSTANCE(htim->Instance));
 567:Drivers/STM32F1xx_HAL_Driver/Src/stm32f1xx_hal_tim_ex.c **** 
 568:Drivers/STM32F1xx_HAL_Driver/Src/stm32f1xx_hal_tim_ex.c ****   /* Disable the Input Capture channel 1
 569:Drivers/STM32F1xx_HAL_Driver/Src/stm32f1xx_hal_tim_ex.c ****   (in the Hall Sensor Interface the three possible channels that can be used are TIM_CHANNEL_1,
 570:Drivers/STM32F1xx_HAL_Driver/Src/stm32f1xx_hal_tim_ex.c ****   TIM_CHANNEL_2 and TIM_CHANNEL_3) */
 571:Drivers/STM32F1xx_HAL_Driver/Src/stm32f1xx_hal_tim_ex.c ****   TIM_CCxChannelCmd(htim->Instance, TIM_CHANNEL_1, TIM_CCx_DISABLE);
 572:Drivers/STM32F1xx_HAL_Driver/Src/stm32f1xx_hal_tim_ex.c **** 
 573:Drivers/STM32F1xx_HAL_Driver/Src/stm32f1xx_hal_tim_ex.c **** 
 574:Drivers/STM32F1xx_HAL_Driver/Src/stm32f1xx_hal_tim_ex.c ****   /* Disable the capture compare Interrupts 1 event */
 575:Drivers/STM32F1xx_HAL_Driver/Src/stm32f1xx_hal_tim_ex.c ****   __HAL_TIM_DISABLE_DMA(htim, TIM_DMA_CC1);
 576:Drivers/STM32F1xx_HAL_Driver/Src/stm32f1xx_hal_tim_ex.c **** 
 577:Drivers/STM32F1xx_HAL_Driver/Src/stm32f1xx_hal_tim_ex.c ****   (void)HAL_DMA_Abort_IT(htim->hdma[TIM_DMA_ID_CC1]);
 578:Drivers/STM32F1xx_HAL_Driver/Src/stm32f1xx_hal_tim_ex.c **** 
 579:Drivers/STM32F1xx_HAL_Driver/Src/stm32f1xx_hal_tim_ex.c ****   /* Disable the Peripheral */
 580:Drivers/STM32F1xx_HAL_Driver/Src/stm32f1xx_hal_tim_ex.c ****   __HAL_TIM_DISABLE(htim);
 581:Drivers/STM32F1xx_HAL_Driver/Src/stm32f1xx_hal_tim_ex.c **** 
 582:Drivers/STM32F1xx_HAL_Driver/Src/stm32f1xx_hal_tim_ex.c ****   /* Set the TIM channel state */
 583:Drivers/STM32F1xx_HAL_Driver/Src/stm32f1xx_hal_tim_ex.c ****   TIM_CHANNEL_STATE_SET(htim, TIM_CHANNEL_1, HAL_TIM_CHANNEL_STATE_READY);
 584:Drivers/STM32F1xx_HAL_Driver/Src/stm32f1xx_hal_tim_ex.c ****   TIM_CHANNEL_N_STATE_SET(htim, TIM_CHANNEL_1, HAL_TIM_CHANNEL_STATE_READY);
 585:Drivers/STM32F1xx_HAL_Driver/Src/stm32f1xx_hal_tim_ex.c **** 
 586:Drivers/STM32F1xx_HAL_Driver/Src/stm32f1xx_hal_tim_ex.c ****   /* Return function status */
 587:Drivers/STM32F1xx_HAL_Driver/Src/stm32f1xx_hal_tim_ex.c ****   return HAL_OK;
 588:Drivers/STM32F1xx_HAL_Driver/Src/stm32f1xx_hal_tim_ex.c **** }
 589:Drivers/STM32F1xx_HAL_Driver/Src/stm32f1xx_hal_tim_ex.c **** 
 590:Drivers/STM32F1xx_HAL_Driver/Src/stm32f1xx_hal_tim_ex.c **** /**
 591:Drivers/STM32F1xx_HAL_Driver/Src/stm32f1xx_hal_tim_ex.c ****   * @}
 592:Drivers/STM32F1xx_HAL_Driver/Src/stm32f1xx_hal_tim_ex.c ****   */
 593:Drivers/STM32F1xx_HAL_Driver/Src/stm32f1xx_hal_tim_ex.c **** 
 594:Drivers/STM32F1xx_HAL_Driver/Src/stm32f1xx_hal_tim_ex.c **** /** @defgroup TIMEx_Exported_Functions_Group2 Extended Timer Complementary Output Compare functions
 595:Drivers/STM32F1xx_HAL_Driver/Src/stm32f1xx_hal_tim_ex.c ****   *  @brief   Timer Complementary Output Compare functions
 596:Drivers/STM32F1xx_HAL_Driver/Src/stm32f1xx_hal_tim_ex.c ****   *
 597:Drivers/STM32F1xx_HAL_Driver/Src/stm32f1xx_hal_tim_ex.c **** @verbatim
 598:Drivers/STM32F1xx_HAL_Driver/Src/stm32f1xx_hal_tim_ex.c ****   ==============================================================================
 599:Drivers/STM32F1xx_HAL_Driver/Src/stm32f1xx_hal_tim_ex.c ****               ##### Timer Complementary Output Compare functions #####
 600:Drivers/STM32F1xx_HAL_Driver/Src/stm32f1xx_hal_tim_ex.c ****   ==============================================================================
 601:Drivers/STM32F1xx_HAL_Driver/Src/stm32f1xx_hal_tim_ex.c ****   [..]
 602:Drivers/STM32F1xx_HAL_Driver/Src/stm32f1xx_hal_tim_ex.c ****     This section provides functions allowing to:
ARM GAS  /tmp/ccr982nq.s 			page 12


 603:Drivers/STM32F1xx_HAL_Driver/Src/stm32f1xx_hal_tim_ex.c ****     (+) Start the Complementary Output Compare/PWM.
 604:Drivers/STM32F1xx_HAL_Driver/Src/stm32f1xx_hal_tim_ex.c ****     (+) Stop the Complementary Output Compare/PWM.
 605:Drivers/STM32F1xx_HAL_Driver/Src/stm32f1xx_hal_tim_ex.c ****     (+) Start the Complementary Output Compare/PWM and enable interrupts.
 606:Drivers/STM32F1xx_HAL_Driver/Src/stm32f1xx_hal_tim_ex.c ****     (+) Stop the Complementary Output Compare/PWM and disable interrupts.
 607:Drivers/STM32F1xx_HAL_Driver/Src/stm32f1xx_hal_tim_ex.c ****     (+) Start the Complementary Output Compare/PWM and enable DMA transfers.
 608:Drivers/STM32F1xx_HAL_Driver/Src/stm32f1xx_hal_tim_ex.c ****     (+) Stop the Complementary Output Compare/PWM and disable DMA transfers.
 609:Drivers/STM32F1xx_HAL_Driver/Src/stm32f1xx_hal_tim_ex.c **** 
 610:Drivers/STM32F1xx_HAL_Driver/Src/stm32f1xx_hal_tim_ex.c **** @endverbatim
 611:Drivers/STM32F1xx_HAL_Driver/Src/stm32f1xx_hal_tim_ex.c ****   * @{
 612:Drivers/STM32F1xx_HAL_Driver/Src/stm32f1xx_hal_tim_ex.c ****   */
 613:Drivers/STM32F1xx_HAL_Driver/Src/stm32f1xx_hal_tim_ex.c **** 
 614:Drivers/STM32F1xx_HAL_Driver/Src/stm32f1xx_hal_tim_ex.c **** /**
 615:Drivers/STM32F1xx_HAL_Driver/Src/stm32f1xx_hal_tim_ex.c ****   * @brief  Starts the TIM Output Compare signal generation on the complementary
 616:Drivers/STM32F1xx_HAL_Driver/Src/stm32f1xx_hal_tim_ex.c ****   *         output.
 617:Drivers/STM32F1xx_HAL_Driver/Src/stm32f1xx_hal_tim_ex.c ****   * @param  htim TIM Output Compare handle
 618:Drivers/STM32F1xx_HAL_Driver/Src/stm32f1xx_hal_tim_ex.c ****   * @param  Channel TIM Channel to be enabled
 619:Drivers/STM32F1xx_HAL_Driver/Src/stm32f1xx_hal_tim_ex.c ****   *          This parameter can be one of the following values:
 620:Drivers/STM32F1xx_HAL_Driver/Src/stm32f1xx_hal_tim_ex.c ****   *            @arg TIM_CHANNEL_1: TIM Channel 1 selected
 621:Drivers/STM32F1xx_HAL_Driver/Src/stm32f1xx_hal_tim_ex.c ****   *            @arg TIM_CHANNEL_2: TIM Channel 2 selected
 622:Drivers/STM32F1xx_HAL_Driver/Src/stm32f1xx_hal_tim_ex.c ****   *            @arg TIM_CHANNEL_3: TIM Channel 3 selected
 623:Drivers/STM32F1xx_HAL_Driver/Src/stm32f1xx_hal_tim_ex.c ****   * @retval HAL status
 624:Drivers/STM32F1xx_HAL_Driver/Src/stm32f1xx_hal_tim_ex.c ****   */
 625:Drivers/STM32F1xx_HAL_Driver/Src/stm32f1xx_hal_tim_ex.c **** HAL_StatusTypeDef HAL_TIMEx_OCN_Start(TIM_HandleTypeDef *htim, uint32_t Channel)
 626:Drivers/STM32F1xx_HAL_Driver/Src/stm32f1xx_hal_tim_ex.c **** {
 627:Drivers/STM32F1xx_HAL_Driver/Src/stm32f1xx_hal_tim_ex.c ****   uint32_t tmpsmcr;
 628:Drivers/STM32F1xx_HAL_Driver/Src/stm32f1xx_hal_tim_ex.c **** 
 629:Drivers/STM32F1xx_HAL_Driver/Src/stm32f1xx_hal_tim_ex.c ****   /* Check the parameters */
 630:Drivers/STM32F1xx_HAL_Driver/Src/stm32f1xx_hal_tim_ex.c ****   assert_param(IS_TIM_CCXN_INSTANCE(htim->Instance, Channel));
 631:Drivers/STM32F1xx_HAL_Driver/Src/stm32f1xx_hal_tim_ex.c **** 
 632:Drivers/STM32F1xx_HAL_Driver/Src/stm32f1xx_hal_tim_ex.c ****   /* Check the TIM complementary channel state */
 633:Drivers/STM32F1xx_HAL_Driver/Src/stm32f1xx_hal_tim_ex.c ****   if (TIM_CHANNEL_N_STATE_GET(htim, Channel) != HAL_TIM_CHANNEL_STATE_READY)
 634:Drivers/STM32F1xx_HAL_Driver/Src/stm32f1xx_hal_tim_ex.c ****   {
 635:Drivers/STM32F1xx_HAL_Driver/Src/stm32f1xx_hal_tim_ex.c ****     return HAL_ERROR;
 636:Drivers/STM32F1xx_HAL_Driver/Src/stm32f1xx_hal_tim_ex.c ****   }
 637:Drivers/STM32F1xx_HAL_Driver/Src/stm32f1xx_hal_tim_ex.c **** 
 638:Drivers/STM32F1xx_HAL_Driver/Src/stm32f1xx_hal_tim_ex.c ****   /* Set the TIM complementary channel state */
 639:Drivers/STM32F1xx_HAL_Driver/Src/stm32f1xx_hal_tim_ex.c ****   TIM_CHANNEL_N_STATE_SET(htim, Channel, HAL_TIM_CHANNEL_STATE_BUSY);
 640:Drivers/STM32F1xx_HAL_Driver/Src/stm32f1xx_hal_tim_ex.c **** 
 641:Drivers/STM32F1xx_HAL_Driver/Src/stm32f1xx_hal_tim_ex.c ****   /* Enable the Capture compare channel N */
 642:Drivers/STM32F1xx_HAL_Driver/Src/stm32f1xx_hal_tim_ex.c ****   TIM_CCxNChannelCmd(htim->Instance, Channel, TIM_CCxN_ENABLE);
 643:Drivers/STM32F1xx_HAL_Driver/Src/stm32f1xx_hal_tim_ex.c **** 
 644:Drivers/STM32F1xx_HAL_Driver/Src/stm32f1xx_hal_tim_ex.c ****   /* Enable the Main Output */
 645:Drivers/STM32F1xx_HAL_Driver/Src/stm32f1xx_hal_tim_ex.c ****   __HAL_TIM_MOE_ENABLE(htim);
 646:Drivers/STM32F1xx_HAL_Driver/Src/stm32f1xx_hal_tim_ex.c **** 
 647:Drivers/STM32F1xx_HAL_Driver/Src/stm32f1xx_hal_tim_ex.c ****   /* Enable the Peripheral, except in trigger mode where enable is automatically done with trigger 
 648:Drivers/STM32F1xx_HAL_Driver/Src/stm32f1xx_hal_tim_ex.c ****   if (IS_TIM_SLAVE_INSTANCE(htim->Instance))
 649:Drivers/STM32F1xx_HAL_Driver/Src/stm32f1xx_hal_tim_ex.c ****   {
 650:Drivers/STM32F1xx_HAL_Driver/Src/stm32f1xx_hal_tim_ex.c ****     tmpsmcr = htim->Instance->SMCR & TIM_SMCR_SMS;
 651:Drivers/STM32F1xx_HAL_Driver/Src/stm32f1xx_hal_tim_ex.c ****     if (!IS_TIM_SLAVEMODE_TRIGGER_ENABLED(tmpsmcr))
 652:Drivers/STM32F1xx_HAL_Driver/Src/stm32f1xx_hal_tim_ex.c ****     {
 653:Drivers/STM32F1xx_HAL_Driver/Src/stm32f1xx_hal_tim_ex.c ****       __HAL_TIM_ENABLE(htim);
 654:Drivers/STM32F1xx_HAL_Driver/Src/stm32f1xx_hal_tim_ex.c ****     }
 655:Drivers/STM32F1xx_HAL_Driver/Src/stm32f1xx_hal_tim_ex.c ****   }
 656:Drivers/STM32F1xx_HAL_Driver/Src/stm32f1xx_hal_tim_ex.c ****   else
 657:Drivers/STM32F1xx_HAL_Driver/Src/stm32f1xx_hal_tim_ex.c ****   {
 658:Drivers/STM32F1xx_HAL_Driver/Src/stm32f1xx_hal_tim_ex.c ****     __HAL_TIM_ENABLE(htim);
 659:Drivers/STM32F1xx_HAL_Driver/Src/stm32f1xx_hal_tim_ex.c ****   }
ARM GAS  /tmp/ccr982nq.s 			page 13


 660:Drivers/STM32F1xx_HAL_Driver/Src/stm32f1xx_hal_tim_ex.c **** 
 661:Drivers/STM32F1xx_HAL_Driver/Src/stm32f1xx_hal_tim_ex.c ****   /* Return function status */
 662:Drivers/STM32F1xx_HAL_Driver/Src/stm32f1xx_hal_tim_ex.c ****   return HAL_OK;
 663:Drivers/STM32F1xx_HAL_Driver/Src/stm32f1xx_hal_tim_ex.c **** }
 664:Drivers/STM32F1xx_HAL_Driver/Src/stm32f1xx_hal_tim_ex.c **** 
 665:Drivers/STM32F1xx_HAL_Driver/Src/stm32f1xx_hal_tim_ex.c **** /**
 666:Drivers/STM32F1xx_HAL_Driver/Src/stm32f1xx_hal_tim_ex.c ****   * @brief  Stops the TIM Output Compare signal generation on the complementary
 667:Drivers/STM32F1xx_HAL_Driver/Src/stm32f1xx_hal_tim_ex.c ****   *         output.
 668:Drivers/STM32F1xx_HAL_Driver/Src/stm32f1xx_hal_tim_ex.c ****   * @param  htim TIM handle
 669:Drivers/STM32F1xx_HAL_Driver/Src/stm32f1xx_hal_tim_ex.c ****   * @param  Channel TIM Channel to be disabled
 670:Drivers/STM32F1xx_HAL_Driver/Src/stm32f1xx_hal_tim_ex.c ****   *          This parameter can be one of the following values:
 671:Drivers/STM32F1xx_HAL_Driver/Src/stm32f1xx_hal_tim_ex.c ****   *            @arg TIM_CHANNEL_1: TIM Channel 1 selected
 672:Drivers/STM32F1xx_HAL_Driver/Src/stm32f1xx_hal_tim_ex.c ****   *            @arg TIM_CHANNEL_2: TIM Channel 2 selected
 673:Drivers/STM32F1xx_HAL_Driver/Src/stm32f1xx_hal_tim_ex.c ****   *            @arg TIM_CHANNEL_3: TIM Channel 3 selected
 674:Drivers/STM32F1xx_HAL_Driver/Src/stm32f1xx_hal_tim_ex.c ****   * @retval HAL status
 675:Drivers/STM32F1xx_HAL_Driver/Src/stm32f1xx_hal_tim_ex.c ****   */
 676:Drivers/STM32F1xx_HAL_Driver/Src/stm32f1xx_hal_tim_ex.c **** HAL_StatusTypeDef HAL_TIMEx_OCN_Stop(TIM_HandleTypeDef *htim, uint32_t Channel)
 677:Drivers/STM32F1xx_HAL_Driver/Src/stm32f1xx_hal_tim_ex.c **** {
 678:Drivers/STM32F1xx_HAL_Driver/Src/stm32f1xx_hal_tim_ex.c ****   /* Check the parameters */
 679:Drivers/STM32F1xx_HAL_Driver/Src/stm32f1xx_hal_tim_ex.c ****   assert_param(IS_TIM_CCXN_INSTANCE(htim->Instance, Channel));
 680:Drivers/STM32F1xx_HAL_Driver/Src/stm32f1xx_hal_tim_ex.c **** 
 681:Drivers/STM32F1xx_HAL_Driver/Src/stm32f1xx_hal_tim_ex.c ****   /* Disable the Capture compare channel N */
 682:Drivers/STM32F1xx_HAL_Driver/Src/stm32f1xx_hal_tim_ex.c ****   TIM_CCxNChannelCmd(htim->Instance, Channel, TIM_CCxN_DISABLE);
 683:Drivers/STM32F1xx_HAL_Driver/Src/stm32f1xx_hal_tim_ex.c **** 
 684:Drivers/STM32F1xx_HAL_Driver/Src/stm32f1xx_hal_tim_ex.c ****   /* Disable the Main Output */
 685:Drivers/STM32F1xx_HAL_Driver/Src/stm32f1xx_hal_tim_ex.c ****   __HAL_TIM_MOE_DISABLE(htim);
 686:Drivers/STM32F1xx_HAL_Driver/Src/stm32f1xx_hal_tim_ex.c **** 
 687:Drivers/STM32F1xx_HAL_Driver/Src/stm32f1xx_hal_tim_ex.c ****   /* Disable the Peripheral */
 688:Drivers/STM32F1xx_HAL_Driver/Src/stm32f1xx_hal_tim_ex.c ****   __HAL_TIM_DISABLE(htim);
 689:Drivers/STM32F1xx_HAL_Driver/Src/stm32f1xx_hal_tim_ex.c **** 
 690:Drivers/STM32F1xx_HAL_Driver/Src/stm32f1xx_hal_tim_ex.c ****   /* Set the TIM complementary channel state */
 691:Drivers/STM32F1xx_HAL_Driver/Src/stm32f1xx_hal_tim_ex.c ****   TIM_CHANNEL_N_STATE_SET(htim, Channel, HAL_TIM_CHANNEL_STATE_READY);
 692:Drivers/STM32F1xx_HAL_Driver/Src/stm32f1xx_hal_tim_ex.c **** 
 693:Drivers/STM32F1xx_HAL_Driver/Src/stm32f1xx_hal_tim_ex.c ****   /* Return function status */
 694:Drivers/STM32F1xx_HAL_Driver/Src/stm32f1xx_hal_tim_ex.c ****   return HAL_OK;
 695:Drivers/STM32F1xx_HAL_Driver/Src/stm32f1xx_hal_tim_ex.c **** }
 696:Drivers/STM32F1xx_HAL_Driver/Src/stm32f1xx_hal_tim_ex.c **** 
 697:Drivers/STM32F1xx_HAL_Driver/Src/stm32f1xx_hal_tim_ex.c **** /**
 698:Drivers/STM32F1xx_HAL_Driver/Src/stm32f1xx_hal_tim_ex.c ****   * @brief  Starts the TIM Output Compare signal generation in interrupt mode
 699:Drivers/STM32F1xx_HAL_Driver/Src/stm32f1xx_hal_tim_ex.c ****   *         on the complementary output.
 700:Drivers/STM32F1xx_HAL_Driver/Src/stm32f1xx_hal_tim_ex.c ****   * @param  htim TIM OC handle
 701:Drivers/STM32F1xx_HAL_Driver/Src/stm32f1xx_hal_tim_ex.c ****   * @param  Channel TIM Channel to be enabled
 702:Drivers/STM32F1xx_HAL_Driver/Src/stm32f1xx_hal_tim_ex.c ****   *          This parameter can be one of the following values:
 703:Drivers/STM32F1xx_HAL_Driver/Src/stm32f1xx_hal_tim_ex.c ****   *            @arg TIM_CHANNEL_1: TIM Channel 1 selected
 704:Drivers/STM32F1xx_HAL_Driver/Src/stm32f1xx_hal_tim_ex.c ****   *            @arg TIM_CHANNEL_2: TIM Channel 2 selected
 705:Drivers/STM32F1xx_HAL_Driver/Src/stm32f1xx_hal_tim_ex.c ****   *            @arg TIM_CHANNEL_3: TIM Channel 3 selected
 706:Drivers/STM32F1xx_HAL_Driver/Src/stm32f1xx_hal_tim_ex.c ****   * @retval HAL status
 707:Drivers/STM32F1xx_HAL_Driver/Src/stm32f1xx_hal_tim_ex.c ****   */
 708:Drivers/STM32F1xx_HAL_Driver/Src/stm32f1xx_hal_tim_ex.c **** HAL_StatusTypeDef HAL_TIMEx_OCN_Start_IT(TIM_HandleTypeDef *htim, uint32_t Channel)
 709:Drivers/STM32F1xx_HAL_Driver/Src/stm32f1xx_hal_tim_ex.c **** {
 710:Drivers/STM32F1xx_HAL_Driver/Src/stm32f1xx_hal_tim_ex.c ****   HAL_StatusTypeDef status = HAL_OK;
 711:Drivers/STM32F1xx_HAL_Driver/Src/stm32f1xx_hal_tim_ex.c ****   uint32_t tmpsmcr;
 712:Drivers/STM32F1xx_HAL_Driver/Src/stm32f1xx_hal_tim_ex.c **** 
 713:Drivers/STM32F1xx_HAL_Driver/Src/stm32f1xx_hal_tim_ex.c ****   /* Check the parameters */
 714:Drivers/STM32F1xx_HAL_Driver/Src/stm32f1xx_hal_tim_ex.c ****   assert_param(IS_TIM_CCXN_INSTANCE(htim->Instance, Channel));
 715:Drivers/STM32F1xx_HAL_Driver/Src/stm32f1xx_hal_tim_ex.c **** 
 716:Drivers/STM32F1xx_HAL_Driver/Src/stm32f1xx_hal_tim_ex.c ****   /* Check the TIM complementary channel state */
ARM GAS  /tmp/ccr982nq.s 			page 14


 717:Drivers/STM32F1xx_HAL_Driver/Src/stm32f1xx_hal_tim_ex.c ****   if (TIM_CHANNEL_N_STATE_GET(htim, Channel) != HAL_TIM_CHANNEL_STATE_READY)
 718:Drivers/STM32F1xx_HAL_Driver/Src/stm32f1xx_hal_tim_ex.c ****   {
 719:Drivers/STM32F1xx_HAL_Driver/Src/stm32f1xx_hal_tim_ex.c ****     return HAL_ERROR;
 720:Drivers/STM32F1xx_HAL_Driver/Src/stm32f1xx_hal_tim_ex.c ****   }
 721:Drivers/STM32F1xx_HAL_Driver/Src/stm32f1xx_hal_tim_ex.c **** 
 722:Drivers/STM32F1xx_HAL_Driver/Src/stm32f1xx_hal_tim_ex.c ****   /* Set the TIM complementary channel state */
 723:Drivers/STM32F1xx_HAL_Driver/Src/stm32f1xx_hal_tim_ex.c ****   TIM_CHANNEL_N_STATE_SET(htim, Channel, HAL_TIM_CHANNEL_STATE_BUSY);
 724:Drivers/STM32F1xx_HAL_Driver/Src/stm32f1xx_hal_tim_ex.c **** 
 725:Drivers/STM32F1xx_HAL_Driver/Src/stm32f1xx_hal_tim_ex.c ****   switch (Channel)
 726:Drivers/STM32F1xx_HAL_Driver/Src/stm32f1xx_hal_tim_ex.c ****   {
 727:Drivers/STM32F1xx_HAL_Driver/Src/stm32f1xx_hal_tim_ex.c ****     case TIM_CHANNEL_1:
 728:Drivers/STM32F1xx_HAL_Driver/Src/stm32f1xx_hal_tim_ex.c ****     {
 729:Drivers/STM32F1xx_HAL_Driver/Src/stm32f1xx_hal_tim_ex.c ****       /* Enable the TIM Output Compare interrupt */
 730:Drivers/STM32F1xx_HAL_Driver/Src/stm32f1xx_hal_tim_ex.c ****       __HAL_TIM_ENABLE_IT(htim, TIM_IT_CC1);
 731:Drivers/STM32F1xx_HAL_Driver/Src/stm32f1xx_hal_tim_ex.c ****       break;
 732:Drivers/STM32F1xx_HAL_Driver/Src/stm32f1xx_hal_tim_ex.c ****     }
 733:Drivers/STM32F1xx_HAL_Driver/Src/stm32f1xx_hal_tim_ex.c **** 
 734:Drivers/STM32F1xx_HAL_Driver/Src/stm32f1xx_hal_tim_ex.c ****     case TIM_CHANNEL_2:
 735:Drivers/STM32F1xx_HAL_Driver/Src/stm32f1xx_hal_tim_ex.c ****     {
 736:Drivers/STM32F1xx_HAL_Driver/Src/stm32f1xx_hal_tim_ex.c ****       /* Enable the TIM Output Compare interrupt */
 737:Drivers/STM32F1xx_HAL_Driver/Src/stm32f1xx_hal_tim_ex.c ****       __HAL_TIM_ENABLE_IT(htim, TIM_IT_CC2);
 738:Drivers/STM32F1xx_HAL_Driver/Src/stm32f1xx_hal_tim_ex.c ****       break;
 739:Drivers/STM32F1xx_HAL_Driver/Src/stm32f1xx_hal_tim_ex.c ****     }
 740:Drivers/STM32F1xx_HAL_Driver/Src/stm32f1xx_hal_tim_ex.c **** 
 741:Drivers/STM32F1xx_HAL_Driver/Src/stm32f1xx_hal_tim_ex.c ****     case TIM_CHANNEL_3:
 742:Drivers/STM32F1xx_HAL_Driver/Src/stm32f1xx_hal_tim_ex.c ****     {
 743:Drivers/STM32F1xx_HAL_Driver/Src/stm32f1xx_hal_tim_ex.c ****       /* Enable the TIM Output Compare interrupt */
 744:Drivers/STM32F1xx_HAL_Driver/Src/stm32f1xx_hal_tim_ex.c ****       __HAL_TIM_ENABLE_IT(htim, TIM_IT_CC3);
 745:Drivers/STM32F1xx_HAL_Driver/Src/stm32f1xx_hal_tim_ex.c ****       break;
 746:Drivers/STM32F1xx_HAL_Driver/Src/stm32f1xx_hal_tim_ex.c ****     }
 747:Drivers/STM32F1xx_HAL_Driver/Src/stm32f1xx_hal_tim_ex.c **** 
 748:Drivers/STM32F1xx_HAL_Driver/Src/stm32f1xx_hal_tim_ex.c **** 
 749:Drivers/STM32F1xx_HAL_Driver/Src/stm32f1xx_hal_tim_ex.c ****     default:
 750:Drivers/STM32F1xx_HAL_Driver/Src/stm32f1xx_hal_tim_ex.c ****       status = HAL_ERROR;
 751:Drivers/STM32F1xx_HAL_Driver/Src/stm32f1xx_hal_tim_ex.c ****       break;
 752:Drivers/STM32F1xx_HAL_Driver/Src/stm32f1xx_hal_tim_ex.c ****   }
 753:Drivers/STM32F1xx_HAL_Driver/Src/stm32f1xx_hal_tim_ex.c **** 
 754:Drivers/STM32F1xx_HAL_Driver/Src/stm32f1xx_hal_tim_ex.c ****   if (status == HAL_OK)
 755:Drivers/STM32F1xx_HAL_Driver/Src/stm32f1xx_hal_tim_ex.c ****   {
 756:Drivers/STM32F1xx_HAL_Driver/Src/stm32f1xx_hal_tim_ex.c ****     /* Enable the TIM Break interrupt */
 757:Drivers/STM32F1xx_HAL_Driver/Src/stm32f1xx_hal_tim_ex.c ****     __HAL_TIM_ENABLE_IT(htim, TIM_IT_BREAK);
 758:Drivers/STM32F1xx_HAL_Driver/Src/stm32f1xx_hal_tim_ex.c **** 
 759:Drivers/STM32F1xx_HAL_Driver/Src/stm32f1xx_hal_tim_ex.c ****     /* Enable the Capture compare channel N */
 760:Drivers/STM32F1xx_HAL_Driver/Src/stm32f1xx_hal_tim_ex.c ****     TIM_CCxNChannelCmd(htim->Instance, Channel, TIM_CCxN_ENABLE);
 761:Drivers/STM32F1xx_HAL_Driver/Src/stm32f1xx_hal_tim_ex.c **** 
 762:Drivers/STM32F1xx_HAL_Driver/Src/stm32f1xx_hal_tim_ex.c ****     /* Enable the Main Output */
 763:Drivers/STM32F1xx_HAL_Driver/Src/stm32f1xx_hal_tim_ex.c ****     __HAL_TIM_MOE_ENABLE(htim);
 764:Drivers/STM32F1xx_HAL_Driver/Src/stm32f1xx_hal_tim_ex.c **** 
 765:Drivers/STM32F1xx_HAL_Driver/Src/stm32f1xx_hal_tim_ex.c ****     /* Enable the Peripheral, except in trigger mode where enable is automatically done with trigge
 766:Drivers/STM32F1xx_HAL_Driver/Src/stm32f1xx_hal_tim_ex.c ****     if (IS_TIM_SLAVE_INSTANCE(htim->Instance))
 767:Drivers/STM32F1xx_HAL_Driver/Src/stm32f1xx_hal_tim_ex.c ****     {
 768:Drivers/STM32F1xx_HAL_Driver/Src/stm32f1xx_hal_tim_ex.c ****       tmpsmcr = htim->Instance->SMCR & TIM_SMCR_SMS;
 769:Drivers/STM32F1xx_HAL_Driver/Src/stm32f1xx_hal_tim_ex.c ****       if (!IS_TIM_SLAVEMODE_TRIGGER_ENABLED(tmpsmcr))
 770:Drivers/STM32F1xx_HAL_Driver/Src/stm32f1xx_hal_tim_ex.c ****       {
 771:Drivers/STM32F1xx_HAL_Driver/Src/stm32f1xx_hal_tim_ex.c ****         __HAL_TIM_ENABLE(htim);
 772:Drivers/STM32F1xx_HAL_Driver/Src/stm32f1xx_hal_tim_ex.c ****       }
 773:Drivers/STM32F1xx_HAL_Driver/Src/stm32f1xx_hal_tim_ex.c ****     }
ARM GAS  /tmp/ccr982nq.s 			page 15


 774:Drivers/STM32F1xx_HAL_Driver/Src/stm32f1xx_hal_tim_ex.c ****     else
 775:Drivers/STM32F1xx_HAL_Driver/Src/stm32f1xx_hal_tim_ex.c ****     {
 776:Drivers/STM32F1xx_HAL_Driver/Src/stm32f1xx_hal_tim_ex.c ****       __HAL_TIM_ENABLE(htim);
 777:Drivers/STM32F1xx_HAL_Driver/Src/stm32f1xx_hal_tim_ex.c ****     }
 778:Drivers/STM32F1xx_HAL_Driver/Src/stm32f1xx_hal_tim_ex.c ****   }
 779:Drivers/STM32F1xx_HAL_Driver/Src/stm32f1xx_hal_tim_ex.c **** 
 780:Drivers/STM32F1xx_HAL_Driver/Src/stm32f1xx_hal_tim_ex.c ****   /* Return function status */
 781:Drivers/STM32F1xx_HAL_Driver/Src/stm32f1xx_hal_tim_ex.c ****   return status;
 782:Drivers/STM32F1xx_HAL_Driver/Src/stm32f1xx_hal_tim_ex.c **** }
 783:Drivers/STM32F1xx_HAL_Driver/Src/stm32f1xx_hal_tim_ex.c **** 
 784:Drivers/STM32F1xx_HAL_Driver/Src/stm32f1xx_hal_tim_ex.c **** /**
 785:Drivers/STM32F1xx_HAL_Driver/Src/stm32f1xx_hal_tim_ex.c ****   * @brief  Stops the TIM Output Compare signal generation in interrupt mode
 786:Drivers/STM32F1xx_HAL_Driver/Src/stm32f1xx_hal_tim_ex.c ****   *         on the complementary output.
 787:Drivers/STM32F1xx_HAL_Driver/Src/stm32f1xx_hal_tim_ex.c ****   * @param  htim TIM Output Compare handle
 788:Drivers/STM32F1xx_HAL_Driver/Src/stm32f1xx_hal_tim_ex.c ****   * @param  Channel TIM Channel to be disabled
 789:Drivers/STM32F1xx_HAL_Driver/Src/stm32f1xx_hal_tim_ex.c ****   *          This parameter can be one of the following values:
 790:Drivers/STM32F1xx_HAL_Driver/Src/stm32f1xx_hal_tim_ex.c ****   *            @arg TIM_CHANNEL_1: TIM Channel 1 selected
 791:Drivers/STM32F1xx_HAL_Driver/Src/stm32f1xx_hal_tim_ex.c ****   *            @arg TIM_CHANNEL_2: TIM Channel 2 selected
 792:Drivers/STM32F1xx_HAL_Driver/Src/stm32f1xx_hal_tim_ex.c ****   *            @arg TIM_CHANNEL_3: TIM Channel 3 selected
 793:Drivers/STM32F1xx_HAL_Driver/Src/stm32f1xx_hal_tim_ex.c ****   * @retval HAL status
 794:Drivers/STM32F1xx_HAL_Driver/Src/stm32f1xx_hal_tim_ex.c ****   */
 795:Drivers/STM32F1xx_HAL_Driver/Src/stm32f1xx_hal_tim_ex.c **** HAL_StatusTypeDef HAL_TIMEx_OCN_Stop_IT(TIM_HandleTypeDef *htim, uint32_t Channel)
 796:Drivers/STM32F1xx_HAL_Driver/Src/stm32f1xx_hal_tim_ex.c **** {
 797:Drivers/STM32F1xx_HAL_Driver/Src/stm32f1xx_hal_tim_ex.c ****   HAL_StatusTypeDef status = HAL_OK;
 798:Drivers/STM32F1xx_HAL_Driver/Src/stm32f1xx_hal_tim_ex.c ****   uint32_t tmpccer;
 799:Drivers/STM32F1xx_HAL_Driver/Src/stm32f1xx_hal_tim_ex.c **** 
 800:Drivers/STM32F1xx_HAL_Driver/Src/stm32f1xx_hal_tim_ex.c ****   /* Check the parameters */
 801:Drivers/STM32F1xx_HAL_Driver/Src/stm32f1xx_hal_tim_ex.c ****   assert_param(IS_TIM_CCXN_INSTANCE(htim->Instance, Channel));
 802:Drivers/STM32F1xx_HAL_Driver/Src/stm32f1xx_hal_tim_ex.c **** 
 803:Drivers/STM32F1xx_HAL_Driver/Src/stm32f1xx_hal_tim_ex.c ****   switch (Channel)
 804:Drivers/STM32F1xx_HAL_Driver/Src/stm32f1xx_hal_tim_ex.c ****   {
 805:Drivers/STM32F1xx_HAL_Driver/Src/stm32f1xx_hal_tim_ex.c ****     case TIM_CHANNEL_1:
 806:Drivers/STM32F1xx_HAL_Driver/Src/stm32f1xx_hal_tim_ex.c ****     {
 807:Drivers/STM32F1xx_HAL_Driver/Src/stm32f1xx_hal_tim_ex.c ****       /* Disable the TIM Output Compare interrupt */
 808:Drivers/STM32F1xx_HAL_Driver/Src/stm32f1xx_hal_tim_ex.c ****       __HAL_TIM_DISABLE_IT(htim, TIM_IT_CC1);
 809:Drivers/STM32F1xx_HAL_Driver/Src/stm32f1xx_hal_tim_ex.c ****       break;
 810:Drivers/STM32F1xx_HAL_Driver/Src/stm32f1xx_hal_tim_ex.c ****     }
 811:Drivers/STM32F1xx_HAL_Driver/Src/stm32f1xx_hal_tim_ex.c **** 
 812:Drivers/STM32F1xx_HAL_Driver/Src/stm32f1xx_hal_tim_ex.c ****     case TIM_CHANNEL_2:
 813:Drivers/STM32F1xx_HAL_Driver/Src/stm32f1xx_hal_tim_ex.c ****     {
 814:Drivers/STM32F1xx_HAL_Driver/Src/stm32f1xx_hal_tim_ex.c ****       /* Disable the TIM Output Compare interrupt */
 815:Drivers/STM32F1xx_HAL_Driver/Src/stm32f1xx_hal_tim_ex.c ****       __HAL_TIM_DISABLE_IT(htim, TIM_IT_CC2);
 816:Drivers/STM32F1xx_HAL_Driver/Src/stm32f1xx_hal_tim_ex.c ****       break;
 817:Drivers/STM32F1xx_HAL_Driver/Src/stm32f1xx_hal_tim_ex.c ****     }
 818:Drivers/STM32F1xx_HAL_Driver/Src/stm32f1xx_hal_tim_ex.c **** 
 819:Drivers/STM32F1xx_HAL_Driver/Src/stm32f1xx_hal_tim_ex.c ****     case TIM_CHANNEL_3:
 820:Drivers/STM32F1xx_HAL_Driver/Src/stm32f1xx_hal_tim_ex.c ****     {
 821:Drivers/STM32F1xx_HAL_Driver/Src/stm32f1xx_hal_tim_ex.c ****       /* Disable the TIM Output Compare interrupt */
 822:Drivers/STM32F1xx_HAL_Driver/Src/stm32f1xx_hal_tim_ex.c ****       __HAL_TIM_DISABLE_IT(htim, TIM_IT_CC3);
 823:Drivers/STM32F1xx_HAL_Driver/Src/stm32f1xx_hal_tim_ex.c ****       break;
 824:Drivers/STM32F1xx_HAL_Driver/Src/stm32f1xx_hal_tim_ex.c ****     }
 825:Drivers/STM32F1xx_HAL_Driver/Src/stm32f1xx_hal_tim_ex.c **** 
 826:Drivers/STM32F1xx_HAL_Driver/Src/stm32f1xx_hal_tim_ex.c ****     default:
 827:Drivers/STM32F1xx_HAL_Driver/Src/stm32f1xx_hal_tim_ex.c ****       status = HAL_ERROR;
 828:Drivers/STM32F1xx_HAL_Driver/Src/stm32f1xx_hal_tim_ex.c ****       break;
 829:Drivers/STM32F1xx_HAL_Driver/Src/stm32f1xx_hal_tim_ex.c ****   }
 830:Drivers/STM32F1xx_HAL_Driver/Src/stm32f1xx_hal_tim_ex.c **** 
ARM GAS  /tmp/ccr982nq.s 			page 16


 831:Drivers/STM32F1xx_HAL_Driver/Src/stm32f1xx_hal_tim_ex.c ****   if (status == HAL_OK)
 832:Drivers/STM32F1xx_HAL_Driver/Src/stm32f1xx_hal_tim_ex.c ****   {
 833:Drivers/STM32F1xx_HAL_Driver/Src/stm32f1xx_hal_tim_ex.c ****     /* Disable the Capture compare channel N */
 834:Drivers/STM32F1xx_HAL_Driver/Src/stm32f1xx_hal_tim_ex.c ****     TIM_CCxNChannelCmd(htim->Instance, Channel, TIM_CCxN_DISABLE);
 835:Drivers/STM32F1xx_HAL_Driver/Src/stm32f1xx_hal_tim_ex.c **** 
 836:Drivers/STM32F1xx_HAL_Driver/Src/stm32f1xx_hal_tim_ex.c ****     /* Disable the TIM Break interrupt (only if no more channel is active) */
 837:Drivers/STM32F1xx_HAL_Driver/Src/stm32f1xx_hal_tim_ex.c ****     tmpccer = htim->Instance->CCER;
 838:Drivers/STM32F1xx_HAL_Driver/Src/stm32f1xx_hal_tim_ex.c ****     if ((tmpccer & TIM_CCER_CCxNE_MASK) == (uint32_t)RESET)
 839:Drivers/STM32F1xx_HAL_Driver/Src/stm32f1xx_hal_tim_ex.c ****     {
 840:Drivers/STM32F1xx_HAL_Driver/Src/stm32f1xx_hal_tim_ex.c ****       __HAL_TIM_DISABLE_IT(htim, TIM_IT_BREAK);
 841:Drivers/STM32F1xx_HAL_Driver/Src/stm32f1xx_hal_tim_ex.c ****     }
 842:Drivers/STM32F1xx_HAL_Driver/Src/stm32f1xx_hal_tim_ex.c **** 
 843:Drivers/STM32F1xx_HAL_Driver/Src/stm32f1xx_hal_tim_ex.c ****     /* Disable the Main Output */
 844:Drivers/STM32F1xx_HAL_Driver/Src/stm32f1xx_hal_tim_ex.c ****     __HAL_TIM_MOE_DISABLE(htim);
 845:Drivers/STM32F1xx_HAL_Driver/Src/stm32f1xx_hal_tim_ex.c **** 
 846:Drivers/STM32F1xx_HAL_Driver/Src/stm32f1xx_hal_tim_ex.c ****     /* Disable the Peripheral */
 847:Drivers/STM32F1xx_HAL_Driver/Src/stm32f1xx_hal_tim_ex.c ****     __HAL_TIM_DISABLE(htim);
 848:Drivers/STM32F1xx_HAL_Driver/Src/stm32f1xx_hal_tim_ex.c **** 
 849:Drivers/STM32F1xx_HAL_Driver/Src/stm32f1xx_hal_tim_ex.c ****     /* Set the TIM complementary channel state */
 850:Drivers/STM32F1xx_HAL_Driver/Src/stm32f1xx_hal_tim_ex.c ****     TIM_CHANNEL_N_STATE_SET(htim, Channel, HAL_TIM_CHANNEL_STATE_READY);
 851:Drivers/STM32F1xx_HAL_Driver/Src/stm32f1xx_hal_tim_ex.c ****   }
 852:Drivers/STM32F1xx_HAL_Driver/Src/stm32f1xx_hal_tim_ex.c **** 
 853:Drivers/STM32F1xx_HAL_Driver/Src/stm32f1xx_hal_tim_ex.c ****   /* Return function status */
 854:Drivers/STM32F1xx_HAL_Driver/Src/stm32f1xx_hal_tim_ex.c ****   return status;
 855:Drivers/STM32F1xx_HAL_Driver/Src/stm32f1xx_hal_tim_ex.c **** }
 856:Drivers/STM32F1xx_HAL_Driver/Src/stm32f1xx_hal_tim_ex.c **** 
 857:Drivers/STM32F1xx_HAL_Driver/Src/stm32f1xx_hal_tim_ex.c **** /**
 858:Drivers/STM32F1xx_HAL_Driver/Src/stm32f1xx_hal_tim_ex.c ****   * @brief  Starts the TIM Output Compare signal generation in DMA mode
 859:Drivers/STM32F1xx_HAL_Driver/Src/stm32f1xx_hal_tim_ex.c ****   *         on the complementary output.
 860:Drivers/STM32F1xx_HAL_Driver/Src/stm32f1xx_hal_tim_ex.c ****   * @param  htim TIM Output Compare handle
 861:Drivers/STM32F1xx_HAL_Driver/Src/stm32f1xx_hal_tim_ex.c ****   * @param  Channel TIM Channel to be enabled
 862:Drivers/STM32F1xx_HAL_Driver/Src/stm32f1xx_hal_tim_ex.c ****   *          This parameter can be one of the following values:
 863:Drivers/STM32F1xx_HAL_Driver/Src/stm32f1xx_hal_tim_ex.c ****   *            @arg TIM_CHANNEL_1: TIM Channel 1 selected
 864:Drivers/STM32F1xx_HAL_Driver/Src/stm32f1xx_hal_tim_ex.c ****   *            @arg TIM_CHANNEL_2: TIM Channel 2 selected
 865:Drivers/STM32F1xx_HAL_Driver/Src/stm32f1xx_hal_tim_ex.c ****   *            @arg TIM_CHANNEL_3: TIM Channel 3 selected
 866:Drivers/STM32F1xx_HAL_Driver/Src/stm32f1xx_hal_tim_ex.c ****   * @param  pData The source Buffer address.
 867:Drivers/STM32F1xx_HAL_Driver/Src/stm32f1xx_hal_tim_ex.c ****   * @param  Length The length of data to be transferred from memory to TIM peripheral
 868:Drivers/STM32F1xx_HAL_Driver/Src/stm32f1xx_hal_tim_ex.c ****   * @retval HAL status
 869:Drivers/STM32F1xx_HAL_Driver/Src/stm32f1xx_hal_tim_ex.c ****   */
 870:Drivers/STM32F1xx_HAL_Driver/Src/stm32f1xx_hal_tim_ex.c **** HAL_StatusTypeDef HAL_TIMEx_OCN_Start_DMA(TIM_HandleTypeDef *htim, uint32_t Channel, const uint32_t
 871:Drivers/STM32F1xx_HAL_Driver/Src/stm32f1xx_hal_tim_ex.c ****                                           uint16_t Length)
 872:Drivers/STM32F1xx_HAL_Driver/Src/stm32f1xx_hal_tim_ex.c **** {
 873:Drivers/STM32F1xx_HAL_Driver/Src/stm32f1xx_hal_tim_ex.c ****   HAL_StatusTypeDef status = HAL_OK;
 874:Drivers/STM32F1xx_HAL_Driver/Src/stm32f1xx_hal_tim_ex.c ****   uint32_t tmpsmcr;
 875:Drivers/STM32F1xx_HAL_Driver/Src/stm32f1xx_hal_tim_ex.c **** 
 876:Drivers/STM32F1xx_HAL_Driver/Src/stm32f1xx_hal_tim_ex.c ****   /* Check the parameters */
 877:Drivers/STM32F1xx_HAL_Driver/Src/stm32f1xx_hal_tim_ex.c ****   assert_param(IS_TIM_CCXN_INSTANCE(htim->Instance, Channel));
 878:Drivers/STM32F1xx_HAL_Driver/Src/stm32f1xx_hal_tim_ex.c **** 
 879:Drivers/STM32F1xx_HAL_Driver/Src/stm32f1xx_hal_tim_ex.c ****   /* Set the TIM complementary channel state */
 880:Drivers/STM32F1xx_HAL_Driver/Src/stm32f1xx_hal_tim_ex.c ****   if (TIM_CHANNEL_N_STATE_GET(htim, Channel) == HAL_TIM_CHANNEL_STATE_BUSY)
 881:Drivers/STM32F1xx_HAL_Driver/Src/stm32f1xx_hal_tim_ex.c ****   {
 882:Drivers/STM32F1xx_HAL_Driver/Src/stm32f1xx_hal_tim_ex.c ****     return HAL_BUSY;
 883:Drivers/STM32F1xx_HAL_Driver/Src/stm32f1xx_hal_tim_ex.c ****   }
 884:Drivers/STM32F1xx_HAL_Driver/Src/stm32f1xx_hal_tim_ex.c ****   else if (TIM_CHANNEL_N_STATE_GET(htim, Channel) == HAL_TIM_CHANNEL_STATE_READY)
 885:Drivers/STM32F1xx_HAL_Driver/Src/stm32f1xx_hal_tim_ex.c ****   {
 886:Drivers/STM32F1xx_HAL_Driver/Src/stm32f1xx_hal_tim_ex.c ****     if ((pData == NULL) || (Length == 0U))
 887:Drivers/STM32F1xx_HAL_Driver/Src/stm32f1xx_hal_tim_ex.c ****     {
ARM GAS  /tmp/ccr982nq.s 			page 17


 888:Drivers/STM32F1xx_HAL_Driver/Src/stm32f1xx_hal_tim_ex.c ****       return HAL_ERROR;
 889:Drivers/STM32F1xx_HAL_Driver/Src/stm32f1xx_hal_tim_ex.c ****     }
 890:Drivers/STM32F1xx_HAL_Driver/Src/stm32f1xx_hal_tim_ex.c ****     else
 891:Drivers/STM32F1xx_HAL_Driver/Src/stm32f1xx_hal_tim_ex.c ****     {
 892:Drivers/STM32F1xx_HAL_Driver/Src/stm32f1xx_hal_tim_ex.c ****       TIM_CHANNEL_N_STATE_SET(htim, Channel, HAL_TIM_CHANNEL_STATE_BUSY);
 893:Drivers/STM32F1xx_HAL_Driver/Src/stm32f1xx_hal_tim_ex.c ****     }
 894:Drivers/STM32F1xx_HAL_Driver/Src/stm32f1xx_hal_tim_ex.c ****   }
 895:Drivers/STM32F1xx_HAL_Driver/Src/stm32f1xx_hal_tim_ex.c ****   else
 896:Drivers/STM32F1xx_HAL_Driver/Src/stm32f1xx_hal_tim_ex.c ****   {
 897:Drivers/STM32F1xx_HAL_Driver/Src/stm32f1xx_hal_tim_ex.c ****     return HAL_ERROR;
 898:Drivers/STM32F1xx_HAL_Driver/Src/stm32f1xx_hal_tim_ex.c ****   }
 899:Drivers/STM32F1xx_HAL_Driver/Src/stm32f1xx_hal_tim_ex.c **** 
 900:Drivers/STM32F1xx_HAL_Driver/Src/stm32f1xx_hal_tim_ex.c ****   switch (Channel)
 901:Drivers/STM32F1xx_HAL_Driver/Src/stm32f1xx_hal_tim_ex.c ****   {
 902:Drivers/STM32F1xx_HAL_Driver/Src/stm32f1xx_hal_tim_ex.c ****     case TIM_CHANNEL_1:
 903:Drivers/STM32F1xx_HAL_Driver/Src/stm32f1xx_hal_tim_ex.c ****     {
 904:Drivers/STM32F1xx_HAL_Driver/Src/stm32f1xx_hal_tim_ex.c ****       /* Set the DMA compare callbacks */
 905:Drivers/STM32F1xx_HAL_Driver/Src/stm32f1xx_hal_tim_ex.c ****       htim->hdma[TIM_DMA_ID_CC1]->XferCpltCallback = TIM_DMADelayPulseNCplt;
 906:Drivers/STM32F1xx_HAL_Driver/Src/stm32f1xx_hal_tim_ex.c ****       htim->hdma[TIM_DMA_ID_CC1]->XferHalfCpltCallback = TIM_DMADelayPulseHalfCplt;
 907:Drivers/STM32F1xx_HAL_Driver/Src/stm32f1xx_hal_tim_ex.c **** 
 908:Drivers/STM32F1xx_HAL_Driver/Src/stm32f1xx_hal_tim_ex.c ****       /* Set the DMA error callback */
 909:Drivers/STM32F1xx_HAL_Driver/Src/stm32f1xx_hal_tim_ex.c ****       htim->hdma[TIM_DMA_ID_CC1]->XferErrorCallback = TIM_DMAErrorCCxN ;
 910:Drivers/STM32F1xx_HAL_Driver/Src/stm32f1xx_hal_tim_ex.c **** 
 911:Drivers/STM32F1xx_HAL_Driver/Src/stm32f1xx_hal_tim_ex.c ****       /* Enable the DMA channel */
 912:Drivers/STM32F1xx_HAL_Driver/Src/stm32f1xx_hal_tim_ex.c ****       if (HAL_DMA_Start_IT(htim->hdma[TIM_DMA_ID_CC1], (uint32_t)pData, (uint32_t)&htim->Instance->
 913:Drivers/STM32F1xx_HAL_Driver/Src/stm32f1xx_hal_tim_ex.c ****                            Length) != HAL_OK)
 914:Drivers/STM32F1xx_HAL_Driver/Src/stm32f1xx_hal_tim_ex.c ****       {
 915:Drivers/STM32F1xx_HAL_Driver/Src/stm32f1xx_hal_tim_ex.c ****         /* Return error status */
 916:Drivers/STM32F1xx_HAL_Driver/Src/stm32f1xx_hal_tim_ex.c ****         return HAL_ERROR;
 917:Drivers/STM32F1xx_HAL_Driver/Src/stm32f1xx_hal_tim_ex.c ****       }
 918:Drivers/STM32F1xx_HAL_Driver/Src/stm32f1xx_hal_tim_ex.c ****       /* Enable the TIM Output Compare DMA request */
 919:Drivers/STM32F1xx_HAL_Driver/Src/stm32f1xx_hal_tim_ex.c ****       __HAL_TIM_ENABLE_DMA(htim, TIM_DMA_CC1);
 920:Drivers/STM32F1xx_HAL_Driver/Src/stm32f1xx_hal_tim_ex.c ****       break;
 921:Drivers/STM32F1xx_HAL_Driver/Src/stm32f1xx_hal_tim_ex.c ****     }
 922:Drivers/STM32F1xx_HAL_Driver/Src/stm32f1xx_hal_tim_ex.c **** 
 923:Drivers/STM32F1xx_HAL_Driver/Src/stm32f1xx_hal_tim_ex.c ****     case TIM_CHANNEL_2:
 924:Drivers/STM32F1xx_HAL_Driver/Src/stm32f1xx_hal_tim_ex.c ****     {
 925:Drivers/STM32F1xx_HAL_Driver/Src/stm32f1xx_hal_tim_ex.c ****       /* Set the DMA compare callbacks */
 926:Drivers/STM32F1xx_HAL_Driver/Src/stm32f1xx_hal_tim_ex.c ****       htim->hdma[TIM_DMA_ID_CC2]->XferCpltCallback = TIM_DMADelayPulseNCplt;
 927:Drivers/STM32F1xx_HAL_Driver/Src/stm32f1xx_hal_tim_ex.c ****       htim->hdma[TIM_DMA_ID_CC2]->XferHalfCpltCallback = TIM_DMADelayPulseHalfCplt;
 928:Drivers/STM32F1xx_HAL_Driver/Src/stm32f1xx_hal_tim_ex.c **** 
 929:Drivers/STM32F1xx_HAL_Driver/Src/stm32f1xx_hal_tim_ex.c ****       /* Set the DMA error callback */
 930:Drivers/STM32F1xx_HAL_Driver/Src/stm32f1xx_hal_tim_ex.c ****       htim->hdma[TIM_DMA_ID_CC2]->XferErrorCallback = TIM_DMAErrorCCxN ;
 931:Drivers/STM32F1xx_HAL_Driver/Src/stm32f1xx_hal_tim_ex.c **** 
 932:Drivers/STM32F1xx_HAL_Driver/Src/stm32f1xx_hal_tim_ex.c ****       /* Enable the DMA channel */
 933:Drivers/STM32F1xx_HAL_Driver/Src/stm32f1xx_hal_tim_ex.c ****       if (HAL_DMA_Start_IT(htim->hdma[TIM_DMA_ID_CC2], (uint32_t)pData, (uint32_t)&htim->Instance->
 934:Drivers/STM32F1xx_HAL_Driver/Src/stm32f1xx_hal_tim_ex.c ****                            Length) != HAL_OK)
 935:Drivers/STM32F1xx_HAL_Driver/Src/stm32f1xx_hal_tim_ex.c ****       {
 936:Drivers/STM32F1xx_HAL_Driver/Src/stm32f1xx_hal_tim_ex.c ****         /* Return error status */
 937:Drivers/STM32F1xx_HAL_Driver/Src/stm32f1xx_hal_tim_ex.c ****         return HAL_ERROR;
 938:Drivers/STM32F1xx_HAL_Driver/Src/stm32f1xx_hal_tim_ex.c ****       }
 939:Drivers/STM32F1xx_HAL_Driver/Src/stm32f1xx_hal_tim_ex.c ****       /* Enable the TIM Output Compare DMA request */
 940:Drivers/STM32F1xx_HAL_Driver/Src/stm32f1xx_hal_tim_ex.c ****       __HAL_TIM_ENABLE_DMA(htim, TIM_DMA_CC2);
 941:Drivers/STM32F1xx_HAL_Driver/Src/stm32f1xx_hal_tim_ex.c ****       break;
 942:Drivers/STM32F1xx_HAL_Driver/Src/stm32f1xx_hal_tim_ex.c ****     }
 943:Drivers/STM32F1xx_HAL_Driver/Src/stm32f1xx_hal_tim_ex.c **** 
 944:Drivers/STM32F1xx_HAL_Driver/Src/stm32f1xx_hal_tim_ex.c ****     case TIM_CHANNEL_3:
ARM GAS  /tmp/ccr982nq.s 			page 18


 945:Drivers/STM32F1xx_HAL_Driver/Src/stm32f1xx_hal_tim_ex.c ****     {
 946:Drivers/STM32F1xx_HAL_Driver/Src/stm32f1xx_hal_tim_ex.c ****       /* Set the DMA compare callbacks */
 947:Drivers/STM32F1xx_HAL_Driver/Src/stm32f1xx_hal_tim_ex.c ****       htim->hdma[TIM_DMA_ID_CC3]->XferCpltCallback = TIM_DMADelayPulseNCplt;
 948:Drivers/STM32F1xx_HAL_Driver/Src/stm32f1xx_hal_tim_ex.c ****       htim->hdma[TIM_DMA_ID_CC3]->XferHalfCpltCallback = TIM_DMADelayPulseHalfCplt;
 949:Drivers/STM32F1xx_HAL_Driver/Src/stm32f1xx_hal_tim_ex.c **** 
 950:Drivers/STM32F1xx_HAL_Driver/Src/stm32f1xx_hal_tim_ex.c ****       /* Set the DMA error callback */
 951:Drivers/STM32F1xx_HAL_Driver/Src/stm32f1xx_hal_tim_ex.c ****       htim->hdma[TIM_DMA_ID_CC3]->XferErrorCallback = TIM_DMAErrorCCxN ;
 952:Drivers/STM32F1xx_HAL_Driver/Src/stm32f1xx_hal_tim_ex.c **** 
 953:Drivers/STM32F1xx_HAL_Driver/Src/stm32f1xx_hal_tim_ex.c ****       /* Enable the DMA channel */
 954:Drivers/STM32F1xx_HAL_Driver/Src/stm32f1xx_hal_tim_ex.c ****       if (HAL_DMA_Start_IT(htim->hdma[TIM_DMA_ID_CC3], (uint32_t)pData, (uint32_t)&htim->Instance->
 955:Drivers/STM32F1xx_HAL_Driver/Src/stm32f1xx_hal_tim_ex.c ****                            Length) != HAL_OK)
 956:Drivers/STM32F1xx_HAL_Driver/Src/stm32f1xx_hal_tim_ex.c ****       {
 957:Drivers/STM32F1xx_HAL_Driver/Src/stm32f1xx_hal_tim_ex.c ****         /* Return error status */
 958:Drivers/STM32F1xx_HAL_Driver/Src/stm32f1xx_hal_tim_ex.c ****         return HAL_ERROR;
 959:Drivers/STM32F1xx_HAL_Driver/Src/stm32f1xx_hal_tim_ex.c ****       }
 960:Drivers/STM32F1xx_HAL_Driver/Src/stm32f1xx_hal_tim_ex.c ****       /* Enable the TIM Output Compare DMA request */
 961:Drivers/STM32F1xx_HAL_Driver/Src/stm32f1xx_hal_tim_ex.c ****       __HAL_TIM_ENABLE_DMA(htim, TIM_DMA_CC3);
 962:Drivers/STM32F1xx_HAL_Driver/Src/stm32f1xx_hal_tim_ex.c ****       break;
 963:Drivers/STM32F1xx_HAL_Driver/Src/stm32f1xx_hal_tim_ex.c ****     }
 964:Drivers/STM32F1xx_HAL_Driver/Src/stm32f1xx_hal_tim_ex.c **** 
 965:Drivers/STM32F1xx_HAL_Driver/Src/stm32f1xx_hal_tim_ex.c ****     default:
 966:Drivers/STM32F1xx_HAL_Driver/Src/stm32f1xx_hal_tim_ex.c ****       status = HAL_ERROR;
 967:Drivers/STM32F1xx_HAL_Driver/Src/stm32f1xx_hal_tim_ex.c ****       break;
 968:Drivers/STM32F1xx_HAL_Driver/Src/stm32f1xx_hal_tim_ex.c ****   }
 969:Drivers/STM32F1xx_HAL_Driver/Src/stm32f1xx_hal_tim_ex.c **** 
 970:Drivers/STM32F1xx_HAL_Driver/Src/stm32f1xx_hal_tim_ex.c ****   if (status == HAL_OK)
 971:Drivers/STM32F1xx_HAL_Driver/Src/stm32f1xx_hal_tim_ex.c ****   {
 972:Drivers/STM32F1xx_HAL_Driver/Src/stm32f1xx_hal_tim_ex.c ****     /* Enable the Capture compare channel N */
 973:Drivers/STM32F1xx_HAL_Driver/Src/stm32f1xx_hal_tim_ex.c ****     TIM_CCxNChannelCmd(htim->Instance, Channel, TIM_CCxN_ENABLE);
 974:Drivers/STM32F1xx_HAL_Driver/Src/stm32f1xx_hal_tim_ex.c **** 
 975:Drivers/STM32F1xx_HAL_Driver/Src/stm32f1xx_hal_tim_ex.c ****     /* Enable the Main Output */
 976:Drivers/STM32F1xx_HAL_Driver/Src/stm32f1xx_hal_tim_ex.c ****     __HAL_TIM_MOE_ENABLE(htim);
 977:Drivers/STM32F1xx_HAL_Driver/Src/stm32f1xx_hal_tim_ex.c **** 
 978:Drivers/STM32F1xx_HAL_Driver/Src/stm32f1xx_hal_tim_ex.c ****     /* Enable the Peripheral, except in trigger mode where enable is automatically done with trigge
 979:Drivers/STM32F1xx_HAL_Driver/Src/stm32f1xx_hal_tim_ex.c ****     if (IS_TIM_SLAVE_INSTANCE(htim->Instance))
 980:Drivers/STM32F1xx_HAL_Driver/Src/stm32f1xx_hal_tim_ex.c ****     {
 981:Drivers/STM32F1xx_HAL_Driver/Src/stm32f1xx_hal_tim_ex.c ****       tmpsmcr = htim->Instance->SMCR & TIM_SMCR_SMS;
 982:Drivers/STM32F1xx_HAL_Driver/Src/stm32f1xx_hal_tim_ex.c ****       if (!IS_TIM_SLAVEMODE_TRIGGER_ENABLED(tmpsmcr))
 983:Drivers/STM32F1xx_HAL_Driver/Src/stm32f1xx_hal_tim_ex.c ****       {
 984:Drivers/STM32F1xx_HAL_Driver/Src/stm32f1xx_hal_tim_ex.c ****         __HAL_TIM_ENABLE(htim);
 985:Drivers/STM32F1xx_HAL_Driver/Src/stm32f1xx_hal_tim_ex.c ****       }
 986:Drivers/STM32F1xx_HAL_Driver/Src/stm32f1xx_hal_tim_ex.c ****     }
 987:Drivers/STM32F1xx_HAL_Driver/Src/stm32f1xx_hal_tim_ex.c ****     else
 988:Drivers/STM32F1xx_HAL_Driver/Src/stm32f1xx_hal_tim_ex.c ****     {
 989:Drivers/STM32F1xx_HAL_Driver/Src/stm32f1xx_hal_tim_ex.c ****       __HAL_TIM_ENABLE(htim);
 990:Drivers/STM32F1xx_HAL_Driver/Src/stm32f1xx_hal_tim_ex.c ****     }
 991:Drivers/STM32F1xx_HAL_Driver/Src/stm32f1xx_hal_tim_ex.c ****   }
 992:Drivers/STM32F1xx_HAL_Driver/Src/stm32f1xx_hal_tim_ex.c **** 
 993:Drivers/STM32F1xx_HAL_Driver/Src/stm32f1xx_hal_tim_ex.c ****   /* Return function status */
 994:Drivers/STM32F1xx_HAL_Driver/Src/stm32f1xx_hal_tim_ex.c ****   return status;
 995:Drivers/STM32F1xx_HAL_Driver/Src/stm32f1xx_hal_tim_ex.c **** }
 996:Drivers/STM32F1xx_HAL_Driver/Src/stm32f1xx_hal_tim_ex.c **** 
 997:Drivers/STM32F1xx_HAL_Driver/Src/stm32f1xx_hal_tim_ex.c **** /**
 998:Drivers/STM32F1xx_HAL_Driver/Src/stm32f1xx_hal_tim_ex.c ****   * @brief  Stops the TIM Output Compare signal generation in DMA mode
 999:Drivers/STM32F1xx_HAL_Driver/Src/stm32f1xx_hal_tim_ex.c ****   *         on the complementary output.
1000:Drivers/STM32F1xx_HAL_Driver/Src/stm32f1xx_hal_tim_ex.c ****   * @param  htim TIM Output Compare handle
1001:Drivers/STM32F1xx_HAL_Driver/Src/stm32f1xx_hal_tim_ex.c ****   * @param  Channel TIM Channel to be disabled
ARM GAS  /tmp/ccr982nq.s 			page 19


1002:Drivers/STM32F1xx_HAL_Driver/Src/stm32f1xx_hal_tim_ex.c ****   *          This parameter can be one of the following values:
1003:Drivers/STM32F1xx_HAL_Driver/Src/stm32f1xx_hal_tim_ex.c ****   *            @arg TIM_CHANNEL_1: TIM Channel 1 selected
1004:Drivers/STM32F1xx_HAL_Driver/Src/stm32f1xx_hal_tim_ex.c ****   *            @arg TIM_CHANNEL_2: TIM Channel 2 selected
1005:Drivers/STM32F1xx_HAL_Driver/Src/stm32f1xx_hal_tim_ex.c ****   *            @arg TIM_CHANNEL_3: TIM Channel 3 selected
1006:Drivers/STM32F1xx_HAL_Driver/Src/stm32f1xx_hal_tim_ex.c ****   * @retval HAL status
1007:Drivers/STM32F1xx_HAL_Driver/Src/stm32f1xx_hal_tim_ex.c ****   */
1008:Drivers/STM32F1xx_HAL_Driver/Src/stm32f1xx_hal_tim_ex.c **** HAL_StatusTypeDef HAL_TIMEx_OCN_Stop_DMA(TIM_HandleTypeDef *htim, uint32_t Channel)
1009:Drivers/STM32F1xx_HAL_Driver/Src/stm32f1xx_hal_tim_ex.c **** {
1010:Drivers/STM32F1xx_HAL_Driver/Src/stm32f1xx_hal_tim_ex.c ****   HAL_StatusTypeDef status = HAL_OK;
1011:Drivers/STM32F1xx_HAL_Driver/Src/stm32f1xx_hal_tim_ex.c **** 
1012:Drivers/STM32F1xx_HAL_Driver/Src/stm32f1xx_hal_tim_ex.c ****   /* Check the parameters */
1013:Drivers/STM32F1xx_HAL_Driver/Src/stm32f1xx_hal_tim_ex.c ****   assert_param(IS_TIM_CCXN_INSTANCE(htim->Instance, Channel));
1014:Drivers/STM32F1xx_HAL_Driver/Src/stm32f1xx_hal_tim_ex.c **** 
1015:Drivers/STM32F1xx_HAL_Driver/Src/stm32f1xx_hal_tim_ex.c ****   switch (Channel)
1016:Drivers/STM32F1xx_HAL_Driver/Src/stm32f1xx_hal_tim_ex.c ****   {
1017:Drivers/STM32F1xx_HAL_Driver/Src/stm32f1xx_hal_tim_ex.c ****     case TIM_CHANNEL_1:
1018:Drivers/STM32F1xx_HAL_Driver/Src/stm32f1xx_hal_tim_ex.c ****     {
1019:Drivers/STM32F1xx_HAL_Driver/Src/stm32f1xx_hal_tim_ex.c ****       /* Disable the TIM Output Compare DMA request */
1020:Drivers/STM32F1xx_HAL_Driver/Src/stm32f1xx_hal_tim_ex.c ****       __HAL_TIM_DISABLE_DMA(htim, TIM_DMA_CC1);
1021:Drivers/STM32F1xx_HAL_Driver/Src/stm32f1xx_hal_tim_ex.c ****       (void)HAL_DMA_Abort_IT(htim->hdma[TIM_DMA_ID_CC1]);
1022:Drivers/STM32F1xx_HAL_Driver/Src/stm32f1xx_hal_tim_ex.c ****       break;
1023:Drivers/STM32F1xx_HAL_Driver/Src/stm32f1xx_hal_tim_ex.c ****     }
1024:Drivers/STM32F1xx_HAL_Driver/Src/stm32f1xx_hal_tim_ex.c **** 
1025:Drivers/STM32F1xx_HAL_Driver/Src/stm32f1xx_hal_tim_ex.c ****     case TIM_CHANNEL_2:
1026:Drivers/STM32F1xx_HAL_Driver/Src/stm32f1xx_hal_tim_ex.c ****     {
1027:Drivers/STM32F1xx_HAL_Driver/Src/stm32f1xx_hal_tim_ex.c ****       /* Disable the TIM Output Compare DMA request */
1028:Drivers/STM32F1xx_HAL_Driver/Src/stm32f1xx_hal_tim_ex.c ****       __HAL_TIM_DISABLE_DMA(htim, TIM_DMA_CC2);
1029:Drivers/STM32F1xx_HAL_Driver/Src/stm32f1xx_hal_tim_ex.c ****       (void)HAL_DMA_Abort_IT(htim->hdma[TIM_DMA_ID_CC2]);
1030:Drivers/STM32F1xx_HAL_Driver/Src/stm32f1xx_hal_tim_ex.c ****       break;
1031:Drivers/STM32F1xx_HAL_Driver/Src/stm32f1xx_hal_tim_ex.c ****     }
1032:Drivers/STM32F1xx_HAL_Driver/Src/stm32f1xx_hal_tim_ex.c **** 
1033:Drivers/STM32F1xx_HAL_Driver/Src/stm32f1xx_hal_tim_ex.c ****     case TIM_CHANNEL_3:
1034:Drivers/STM32F1xx_HAL_Driver/Src/stm32f1xx_hal_tim_ex.c ****     {
1035:Drivers/STM32F1xx_HAL_Driver/Src/stm32f1xx_hal_tim_ex.c ****       /* Disable the TIM Output Compare DMA request */
1036:Drivers/STM32F1xx_HAL_Driver/Src/stm32f1xx_hal_tim_ex.c ****       __HAL_TIM_DISABLE_DMA(htim, TIM_DMA_CC3);
1037:Drivers/STM32F1xx_HAL_Driver/Src/stm32f1xx_hal_tim_ex.c ****       (void)HAL_DMA_Abort_IT(htim->hdma[TIM_DMA_ID_CC3]);
1038:Drivers/STM32F1xx_HAL_Driver/Src/stm32f1xx_hal_tim_ex.c ****       break;
1039:Drivers/STM32F1xx_HAL_Driver/Src/stm32f1xx_hal_tim_ex.c ****     }
1040:Drivers/STM32F1xx_HAL_Driver/Src/stm32f1xx_hal_tim_ex.c **** 
1041:Drivers/STM32F1xx_HAL_Driver/Src/stm32f1xx_hal_tim_ex.c ****     default:
1042:Drivers/STM32F1xx_HAL_Driver/Src/stm32f1xx_hal_tim_ex.c ****       status = HAL_ERROR;
1043:Drivers/STM32F1xx_HAL_Driver/Src/stm32f1xx_hal_tim_ex.c ****       break;
1044:Drivers/STM32F1xx_HAL_Driver/Src/stm32f1xx_hal_tim_ex.c ****   }
1045:Drivers/STM32F1xx_HAL_Driver/Src/stm32f1xx_hal_tim_ex.c **** 
1046:Drivers/STM32F1xx_HAL_Driver/Src/stm32f1xx_hal_tim_ex.c ****   if (status == HAL_OK)
1047:Drivers/STM32F1xx_HAL_Driver/Src/stm32f1xx_hal_tim_ex.c ****   {
1048:Drivers/STM32F1xx_HAL_Driver/Src/stm32f1xx_hal_tim_ex.c ****     /* Disable the Capture compare channel N */
1049:Drivers/STM32F1xx_HAL_Driver/Src/stm32f1xx_hal_tim_ex.c ****     TIM_CCxNChannelCmd(htim->Instance, Channel, TIM_CCxN_DISABLE);
1050:Drivers/STM32F1xx_HAL_Driver/Src/stm32f1xx_hal_tim_ex.c **** 
1051:Drivers/STM32F1xx_HAL_Driver/Src/stm32f1xx_hal_tim_ex.c ****     /* Disable the Main Output */
1052:Drivers/STM32F1xx_HAL_Driver/Src/stm32f1xx_hal_tim_ex.c ****     __HAL_TIM_MOE_DISABLE(htim);
1053:Drivers/STM32F1xx_HAL_Driver/Src/stm32f1xx_hal_tim_ex.c **** 
1054:Drivers/STM32F1xx_HAL_Driver/Src/stm32f1xx_hal_tim_ex.c ****     /* Disable the Peripheral */
1055:Drivers/STM32F1xx_HAL_Driver/Src/stm32f1xx_hal_tim_ex.c ****     __HAL_TIM_DISABLE(htim);
1056:Drivers/STM32F1xx_HAL_Driver/Src/stm32f1xx_hal_tim_ex.c **** 
1057:Drivers/STM32F1xx_HAL_Driver/Src/stm32f1xx_hal_tim_ex.c ****     /* Set the TIM complementary channel state */
1058:Drivers/STM32F1xx_HAL_Driver/Src/stm32f1xx_hal_tim_ex.c ****     TIM_CHANNEL_N_STATE_SET(htim, Channel, HAL_TIM_CHANNEL_STATE_READY);
ARM GAS  /tmp/ccr982nq.s 			page 20


1059:Drivers/STM32F1xx_HAL_Driver/Src/stm32f1xx_hal_tim_ex.c ****   }
1060:Drivers/STM32F1xx_HAL_Driver/Src/stm32f1xx_hal_tim_ex.c **** 
1061:Drivers/STM32F1xx_HAL_Driver/Src/stm32f1xx_hal_tim_ex.c ****   /* Return function status */
1062:Drivers/STM32F1xx_HAL_Driver/Src/stm32f1xx_hal_tim_ex.c ****   return status;
1063:Drivers/STM32F1xx_HAL_Driver/Src/stm32f1xx_hal_tim_ex.c **** }
1064:Drivers/STM32F1xx_HAL_Driver/Src/stm32f1xx_hal_tim_ex.c **** 
1065:Drivers/STM32F1xx_HAL_Driver/Src/stm32f1xx_hal_tim_ex.c **** /**
1066:Drivers/STM32F1xx_HAL_Driver/Src/stm32f1xx_hal_tim_ex.c ****   * @}
1067:Drivers/STM32F1xx_HAL_Driver/Src/stm32f1xx_hal_tim_ex.c ****   */
1068:Drivers/STM32F1xx_HAL_Driver/Src/stm32f1xx_hal_tim_ex.c **** 
1069:Drivers/STM32F1xx_HAL_Driver/Src/stm32f1xx_hal_tim_ex.c **** /** @defgroup TIMEx_Exported_Functions_Group3 Extended Timer Complementary PWM functions
1070:Drivers/STM32F1xx_HAL_Driver/Src/stm32f1xx_hal_tim_ex.c ****   * @brief    Timer Complementary PWM functions
1071:Drivers/STM32F1xx_HAL_Driver/Src/stm32f1xx_hal_tim_ex.c ****   *
1072:Drivers/STM32F1xx_HAL_Driver/Src/stm32f1xx_hal_tim_ex.c **** @verbatim
1073:Drivers/STM32F1xx_HAL_Driver/Src/stm32f1xx_hal_tim_ex.c ****   ==============================================================================
1074:Drivers/STM32F1xx_HAL_Driver/Src/stm32f1xx_hal_tim_ex.c ****                  ##### Timer Complementary PWM functions #####
1075:Drivers/STM32F1xx_HAL_Driver/Src/stm32f1xx_hal_tim_ex.c ****   ==============================================================================
1076:Drivers/STM32F1xx_HAL_Driver/Src/stm32f1xx_hal_tim_ex.c ****   [..]
1077:Drivers/STM32F1xx_HAL_Driver/Src/stm32f1xx_hal_tim_ex.c ****     This section provides functions allowing to:
1078:Drivers/STM32F1xx_HAL_Driver/Src/stm32f1xx_hal_tim_ex.c ****     (+) Start the Complementary PWM.
1079:Drivers/STM32F1xx_HAL_Driver/Src/stm32f1xx_hal_tim_ex.c ****     (+) Stop the Complementary PWM.
1080:Drivers/STM32F1xx_HAL_Driver/Src/stm32f1xx_hal_tim_ex.c ****     (+) Start the Complementary PWM and enable interrupts.
1081:Drivers/STM32F1xx_HAL_Driver/Src/stm32f1xx_hal_tim_ex.c ****     (+) Stop the Complementary PWM and disable interrupts.
1082:Drivers/STM32F1xx_HAL_Driver/Src/stm32f1xx_hal_tim_ex.c ****     (+) Start the Complementary PWM and enable DMA transfers.
1083:Drivers/STM32F1xx_HAL_Driver/Src/stm32f1xx_hal_tim_ex.c ****     (+) Stop the Complementary PWM and disable DMA transfers.
1084:Drivers/STM32F1xx_HAL_Driver/Src/stm32f1xx_hal_tim_ex.c **** @endverbatim
1085:Drivers/STM32F1xx_HAL_Driver/Src/stm32f1xx_hal_tim_ex.c ****   * @{
1086:Drivers/STM32F1xx_HAL_Driver/Src/stm32f1xx_hal_tim_ex.c ****   */
1087:Drivers/STM32F1xx_HAL_Driver/Src/stm32f1xx_hal_tim_ex.c **** 
1088:Drivers/STM32F1xx_HAL_Driver/Src/stm32f1xx_hal_tim_ex.c **** /**
1089:Drivers/STM32F1xx_HAL_Driver/Src/stm32f1xx_hal_tim_ex.c ****   * @brief  Starts the PWM signal generation on the complementary output.
1090:Drivers/STM32F1xx_HAL_Driver/Src/stm32f1xx_hal_tim_ex.c ****   * @param  htim TIM handle
1091:Drivers/STM32F1xx_HAL_Driver/Src/stm32f1xx_hal_tim_ex.c ****   * @param  Channel TIM Channel to be enabled
1092:Drivers/STM32F1xx_HAL_Driver/Src/stm32f1xx_hal_tim_ex.c ****   *          This parameter can be one of the following values:
1093:Drivers/STM32F1xx_HAL_Driver/Src/stm32f1xx_hal_tim_ex.c ****   *            @arg TIM_CHANNEL_1: TIM Channel 1 selected
1094:Drivers/STM32F1xx_HAL_Driver/Src/stm32f1xx_hal_tim_ex.c ****   *            @arg TIM_CHANNEL_2: TIM Channel 2 selected
1095:Drivers/STM32F1xx_HAL_Driver/Src/stm32f1xx_hal_tim_ex.c ****   *            @arg TIM_CHANNEL_3: TIM Channel 3 selected
1096:Drivers/STM32F1xx_HAL_Driver/Src/stm32f1xx_hal_tim_ex.c ****   * @retval HAL status
1097:Drivers/STM32F1xx_HAL_Driver/Src/stm32f1xx_hal_tim_ex.c ****   */
1098:Drivers/STM32F1xx_HAL_Driver/Src/stm32f1xx_hal_tim_ex.c **** HAL_StatusTypeDef HAL_TIMEx_PWMN_Start(TIM_HandleTypeDef *htim, uint32_t Channel)
1099:Drivers/STM32F1xx_HAL_Driver/Src/stm32f1xx_hal_tim_ex.c **** {
1100:Drivers/STM32F1xx_HAL_Driver/Src/stm32f1xx_hal_tim_ex.c ****   uint32_t tmpsmcr;
1101:Drivers/STM32F1xx_HAL_Driver/Src/stm32f1xx_hal_tim_ex.c **** 
1102:Drivers/STM32F1xx_HAL_Driver/Src/stm32f1xx_hal_tim_ex.c ****   /* Check the parameters */
1103:Drivers/STM32F1xx_HAL_Driver/Src/stm32f1xx_hal_tim_ex.c ****   assert_param(IS_TIM_CCXN_INSTANCE(htim->Instance, Channel));
1104:Drivers/STM32F1xx_HAL_Driver/Src/stm32f1xx_hal_tim_ex.c **** 
1105:Drivers/STM32F1xx_HAL_Driver/Src/stm32f1xx_hal_tim_ex.c ****   /* Check the TIM complementary channel state */
1106:Drivers/STM32F1xx_HAL_Driver/Src/stm32f1xx_hal_tim_ex.c ****   if (TIM_CHANNEL_N_STATE_GET(htim, Channel) != HAL_TIM_CHANNEL_STATE_READY)
1107:Drivers/STM32F1xx_HAL_Driver/Src/stm32f1xx_hal_tim_ex.c ****   {
1108:Drivers/STM32F1xx_HAL_Driver/Src/stm32f1xx_hal_tim_ex.c ****     return HAL_ERROR;
1109:Drivers/STM32F1xx_HAL_Driver/Src/stm32f1xx_hal_tim_ex.c ****   }
1110:Drivers/STM32F1xx_HAL_Driver/Src/stm32f1xx_hal_tim_ex.c **** 
1111:Drivers/STM32F1xx_HAL_Driver/Src/stm32f1xx_hal_tim_ex.c ****   /* Set the TIM complementary channel state */
1112:Drivers/STM32F1xx_HAL_Driver/Src/stm32f1xx_hal_tim_ex.c ****   TIM_CHANNEL_N_STATE_SET(htim, Channel, HAL_TIM_CHANNEL_STATE_BUSY);
1113:Drivers/STM32F1xx_HAL_Driver/Src/stm32f1xx_hal_tim_ex.c **** 
1114:Drivers/STM32F1xx_HAL_Driver/Src/stm32f1xx_hal_tim_ex.c ****   /* Enable the complementary PWM output  */
1115:Drivers/STM32F1xx_HAL_Driver/Src/stm32f1xx_hal_tim_ex.c ****   TIM_CCxNChannelCmd(htim->Instance, Channel, TIM_CCxN_ENABLE);
ARM GAS  /tmp/ccr982nq.s 			page 21


1116:Drivers/STM32F1xx_HAL_Driver/Src/stm32f1xx_hal_tim_ex.c **** 
1117:Drivers/STM32F1xx_HAL_Driver/Src/stm32f1xx_hal_tim_ex.c ****   /* Enable the Main Output */
1118:Drivers/STM32F1xx_HAL_Driver/Src/stm32f1xx_hal_tim_ex.c ****   __HAL_TIM_MOE_ENABLE(htim);
1119:Drivers/STM32F1xx_HAL_Driver/Src/stm32f1xx_hal_tim_ex.c **** 
1120:Drivers/STM32F1xx_HAL_Driver/Src/stm32f1xx_hal_tim_ex.c ****   /* Enable the Peripheral, except in trigger mode where enable is automatically done with trigger 
1121:Drivers/STM32F1xx_HAL_Driver/Src/stm32f1xx_hal_tim_ex.c ****   if (IS_TIM_SLAVE_INSTANCE(htim->Instance))
1122:Drivers/STM32F1xx_HAL_Driver/Src/stm32f1xx_hal_tim_ex.c ****   {
1123:Drivers/STM32F1xx_HAL_Driver/Src/stm32f1xx_hal_tim_ex.c ****     tmpsmcr = htim->Instance->SMCR & TIM_SMCR_SMS;
1124:Drivers/STM32F1xx_HAL_Driver/Src/stm32f1xx_hal_tim_ex.c ****     if (!IS_TIM_SLAVEMODE_TRIGGER_ENABLED(tmpsmcr))
1125:Drivers/STM32F1xx_HAL_Driver/Src/stm32f1xx_hal_tim_ex.c ****     {
1126:Drivers/STM32F1xx_HAL_Driver/Src/stm32f1xx_hal_tim_ex.c ****       __HAL_TIM_ENABLE(htim);
1127:Drivers/STM32F1xx_HAL_Driver/Src/stm32f1xx_hal_tim_ex.c ****     }
1128:Drivers/STM32F1xx_HAL_Driver/Src/stm32f1xx_hal_tim_ex.c ****   }
1129:Drivers/STM32F1xx_HAL_Driver/Src/stm32f1xx_hal_tim_ex.c ****   else
1130:Drivers/STM32F1xx_HAL_Driver/Src/stm32f1xx_hal_tim_ex.c ****   {
1131:Drivers/STM32F1xx_HAL_Driver/Src/stm32f1xx_hal_tim_ex.c ****     __HAL_TIM_ENABLE(htim);
1132:Drivers/STM32F1xx_HAL_Driver/Src/stm32f1xx_hal_tim_ex.c ****   }
1133:Drivers/STM32F1xx_HAL_Driver/Src/stm32f1xx_hal_tim_ex.c **** 
1134:Drivers/STM32F1xx_HAL_Driver/Src/stm32f1xx_hal_tim_ex.c ****   /* Return function status */
1135:Drivers/STM32F1xx_HAL_Driver/Src/stm32f1xx_hal_tim_ex.c ****   return HAL_OK;
1136:Drivers/STM32F1xx_HAL_Driver/Src/stm32f1xx_hal_tim_ex.c **** }
1137:Drivers/STM32F1xx_HAL_Driver/Src/stm32f1xx_hal_tim_ex.c **** 
1138:Drivers/STM32F1xx_HAL_Driver/Src/stm32f1xx_hal_tim_ex.c **** /**
1139:Drivers/STM32F1xx_HAL_Driver/Src/stm32f1xx_hal_tim_ex.c ****   * @brief  Stops the PWM signal generation on the complementary output.
1140:Drivers/STM32F1xx_HAL_Driver/Src/stm32f1xx_hal_tim_ex.c ****   * @param  htim TIM handle
1141:Drivers/STM32F1xx_HAL_Driver/Src/stm32f1xx_hal_tim_ex.c ****   * @param  Channel TIM Channel to be disabled
1142:Drivers/STM32F1xx_HAL_Driver/Src/stm32f1xx_hal_tim_ex.c ****   *          This parameter can be one of the following values:
1143:Drivers/STM32F1xx_HAL_Driver/Src/stm32f1xx_hal_tim_ex.c ****   *            @arg TIM_CHANNEL_1: TIM Channel 1 selected
1144:Drivers/STM32F1xx_HAL_Driver/Src/stm32f1xx_hal_tim_ex.c ****   *            @arg TIM_CHANNEL_2: TIM Channel 2 selected
1145:Drivers/STM32F1xx_HAL_Driver/Src/stm32f1xx_hal_tim_ex.c ****   *            @arg TIM_CHANNEL_3: TIM Channel 3 selected
1146:Drivers/STM32F1xx_HAL_Driver/Src/stm32f1xx_hal_tim_ex.c ****   * @retval HAL status
1147:Drivers/STM32F1xx_HAL_Driver/Src/stm32f1xx_hal_tim_ex.c ****   */
1148:Drivers/STM32F1xx_HAL_Driver/Src/stm32f1xx_hal_tim_ex.c **** HAL_StatusTypeDef HAL_TIMEx_PWMN_Stop(TIM_HandleTypeDef *htim, uint32_t Channel)
1149:Drivers/STM32F1xx_HAL_Driver/Src/stm32f1xx_hal_tim_ex.c **** {
1150:Drivers/STM32F1xx_HAL_Driver/Src/stm32f1xx_hal_tim_ex.c ****   /* Check the parameters */
1151:Drivers/STM32F1xx_HAL_Driver/Src/stm32f1xx_hal_tim_ex.c ****   assert_param(IS_TIM_CCXN_INSTANCE(htim->Instance, Channel));
1152:Drivers/STM32F1xx_HAL_Driver/Src/stm32f1xx_hal_tim_ex.c **** 
1153:Drivers/STM32F1xx_HAL_Driver/Src/stm32f1xx_hal_tim_ex.c ****   /* Disable the complementary PWM output  */
1154:Drivers/STM32F1xx_HAL_Driver/Src/stm32f1xx_hal_tim_ex.c ****   TIM_CCxNChannelCmd(htim->Instance, Channel, TIM_CCxN_DISABLE);
1155:Drivers/STM32F1xx_HAL_Driver/Src/stm32f1xx_hal_tim_ex.c **** 
1156:Drivers/STM32F1xx_HAL_Driver/Src/stm32f1xx_hal_tim_ex.c ****   /* Disable the Main Output */
1157:Drivers/STM32F1xx_HAL_Driver/Src/stm32f1xx_hal_tim_ex.c ****   __HAL_TIM_MOE_DISABLE(htim);
1158:Drivers/STM32F1xx_HAL_Driver/Src/stm32f1xx_hal_tim_ex.c **** 
1159:Drivers/STM32F1xx_HAL_Driver/Src/stm32f1xx_hal_tim_ex.c ****   /* Disable the Peripheral */
1160:Drivers/STM32F1xx_HAL_Driver/Src/stm32f1xx_hal_tim_ex.c ****   __HAL_TIM_DISABLE(htim);
1161:Drivers/STM32F1xx_HAL_Driver/Src/stm32f1xx_hal_tim_ex.c **** 
1162:Drivers/STM32F1xx_HAL_Driver/Src/stm32f1xx_hal_tim_ex.c ****   /* Set the TIM complementary channel state */
1163:Drivers/STM32F1xx_HAL_Driver/Src/stm32f1xx_hal_tim_ex.c ****   TIM_CHANNEL_N_STATE_SET(htim, Channel, HAL_TIM_CHANNEL_STATE_READY);
1164:Drivers/STM32F1xx_HAL_Driver/Src/stm32f1xx_hal_tim_ex.c **** 
1165:Drivers/STM32F1xx_HAL_Driver/Src/stm32f1xx_hal_tim_ex.c ****   /* Return function status */
1166:Drivers/STM32F1xx_HAL_Driver/Src/stm32f1xx_hal_tim_ex.c ****   return HAL_OK;
1167:Drivers/STM32F1xx_HAL_Driver/Src/stm32f1xx_hal_tim_ex.c **** }
1168:Drivers/STM32F1xx_HAL_Driver/Src/stm32f1xx_hal_tim_ex.c **** 
1169:Drivers/STM32F1xx_HAL_Driver/Src/stm32f1xx_hal_tim_ex.c **** /**
1170:Drivers/STM32F1xx_HAL_Driver/Src/stm32f1xx_hal_tim_ex.c ****   * @brief  Starts the PWM signal generation in interrupt mode on the
1171:Drivers/STM32F1xx_HAL_Driver/Src/stm32f1xx_hal_tim_ex.c ****   *         complementary output.
1172:Drivers/STM32F1xx_HAL_Driver/Src/stm32f1xx_hal_tim_ex.c ****   * @param  htim TIM handle
ARM GAS  /tmp/ccr982nq.s 			page 22


1173:Drivers/STM32F1xx_HAL_Driver/Src/stm32f1xx_hal_tim_ex.c ****   * @param  Channel TIM Channel to be disabled
1174:Drivers/STM32F1xx_HAL_Driver/Src/stm32f1xx_hal_tim_ex.c ****   *          This parameter can be one of the following values:
1175:Drivers/STM32F1xx_HAL_Driver/Src/stm32f1xx_hal_tim_ex.c ****   *            @arg TIM_CHANNEL_1: TIM Channel 1 selected
1176:Drivers/STM32F1xx_HAL_Driver/Src/stm32f1xx_hal_tim_ex.c ****   *            @arg TIM_CHANNEL_2: TIM Channel 2 selected
1177:Drivers/STM32F1xx_HAL_Driver/Src/stm32f1xx_hal_tim_ex.c ****   *            @arg TIM_CHANNEL_3: TIM Channel 3 selected
1178:Drivers/STM32F1xx_HAL_Driver/Src/stm32f1xx_hal_tim_ex.c ****   * @retval HAL status
1179:Drivers/STM32F1xx_HAL_Driver/Src/stm32f1xx_hal_tim_ex.c ****   */
1180:Drivers/STM32F1xx_HAL_Driver/Src/stm32f1xx_hal_tim_ex.c **** HAL_StatusTypeDef HAL_TIMEx_PWMN_Start_IT(TIM_HandleTypeDef *htim, uint32_t Channel)
1181:Drivers/STM32F1xx_HAL_Driver/Src/stm32f1xx_hal_tim_ex.c **** {
1182:Drivers/STM32F1xx_HAL_Driver/Src/stm32f1xx_hal_tim_ex.c ****   HAL_StatusTypeDef status = HAL_OK;
1183:Drivers/STM32F1xx_HAL_Driver/Src/stm32f1xx_hal_tim_ex.c ****   uint32_t tmpsmcr;
1184:Drivers/STM32F1xx_HAL_Driver/Src/stm32f1xx_hal_tim_ex.c **** 
1185:Drivers/STM32F1xx_HAL_Driver/Src/stm32f1xx_hal_tim_ex.c ****   /* Check the parameters */
1186:Drivers/STM32F1xx_HAL_Driver/Src/stm32f1xx_hal_tim_ex.c ****   assert_param(IS_TIM_CCXN_INSTANCE(htim->Instance, Channel));
1187:Drivers/STM32F1xx_HAL_Driver/Src/stm32f1xx_hal_tim_ex.c **** 
1188:Drivers/STM32F1xx_HAL_Driver/Src/stm32f1xx_hal_tim_ex.c ****   /* Check the TIM complementary channel state */
1189:Drivers/STM32F1xx_HAL_Driver/Src/stm32f1xx_hal_tim_ex.c ****   if (TIM_CHANNEL_N_STATE_GET(htim, Channel) != HAL_TIM_CHANNEL_STATE_READY)
1190:Drivers/STM32F1xx_HAL_Driver/Src/stm32f1xx_hal_tim_ex.c ****   {
1191:Drivers/STM32F1xx_HAL_Driver/Src/stm32f1xx_hal_tim_ex.c ****     return HAL_ERROR;
1192:Drivers/STM32F1xx_HAL_Driver/Src/stm32f1xx_hal_tim_ex.c ****   }
1193:Drivers/STM32F1xx_HAL_Driver/Src/stm32f1xx_hal_tim_ex.c **** 
1194:Drivers/STM32F1xx_HAL_Driver/Src/stm32f1xx_hal_tim_ex.c ****   /* Set the TIM complementary channel state */
1195:Drivers/STM32F1xx_HAL_Driver/Src/stm32f1xx_hal_tim_ex.c ****   TIM_CHANNEL_N_STATE_SET(htim, Channel, HAL_TIM_CHANNEL_STATE_BUSY);
1196:Drivers/STM32F1xx_HAL_Driver/Src/stm32f1xx_hal_tim_ex.c **** 
1197:Drivers/STM32F1xx_HAL_Driver/Src/stm32f1xx_hal_tim_ex.c ****   switch (Channel)
1198:Drivers/STM32F1xx_HAL_Driver/Src/stm32f1xx_hal_tim_ex.c ****   {
1199:Drivers/STM32F1xx_HAL_Driver/Src/stm32f1xx_hal_tim_ex.c ****     case TIM_CHANNEL_1:
1200:Drivers/STM32F1xx_HAL_Driver/Src/stm32f1xx_hal_tim_ex.c ****     {
1201:Drivers/STM32F1xx_HAL_Driver/Src/stm32f1xx_hal_tim_ex.c ****       /* Enable the TIM Capture/Compare 1 interrupt */
1202:Drivers/STM32F1xx_HAL_Driver/Src/stm32f1xx_hal_tim_ex.c ****       __HAL_TIM_ENABLE_IT(htim, TIM_IT_CC1);
1203:Drivers/STM32F1xx_HAL_Driver/Src/stm32f1xx_hal_tim_ex.c ****       break;
1204:Drivers/STM32F1xx_HAL_Driver/Src/stm32f1xx_hal_tim_ex.c ****     }
1205:Drivers/STM32F1xx_HAL_Driver/Src/stm32f1xx_hal_tim_ex.c **** 
1206:Drivers/STM32F1xx_HAL_Driver/Src/stm32f1xx_hal_tim_ex.c ****     case TIM_CHANNEL_2:
1207:Drivers/STM32F1xx_HAL_Driver/Src/stm32f1xx_hal_tim_ex.c ****     {
1208:Drivers/STM32F1xx_HAL_Driver/Src/stm32f1xx_hal_tim_ex.c ****       /* Enable the TIM Capture/Compare 2 interrupt */
1209:Drivers/STM32F1xx_HAL_Driver/Src/stm32f1xx_hal_tim_ex.c ****       __HAL_TIM_ENABLE_IT(htim, TIM_IT_CC2);
1210:Drivers/STM32F1xx_HAL_Driver/Src/stm32f1xx_hal_tim_ex.c ****       break;
1211:Drivers/STM32F1xx_HAL_Driver/Src/stm32f1xx_hal_tim_ex.c ****     }
1212:Drivers/STM32F1xx_HAL_Driver/Src/stm32f1xx_hal_tim_ex.c **** 
1213:Drivers/STM32F1xx_HAL_Driver/Src/stm32f1xx_hal_tim_ex.c ****     case TIM_CHANNEL_3:
1214:Drivers/STM32F1xx_HAL_Driver/Src/stm32f1xx_hal_tim_ex.c ****     {
1215:Drivers/STM32F1xx_HAL_Driver/Src/stm32f1xx_hal_tim_ex.c ****       /* Enable the TIM Capture/Compare 3 interrupt */
1216:Drivers/STM32F1xx_HAL_Driver/Src/stm32f1xx_hal_tim_ex.c ****       __HAL_TIM_ENABLE_IT(htim, TIM_IT_CC3);
1217:Drivers/STM32F1xx_HAL_Driver/Src/stm32f1xx_hal_tim_ex.c ****       break;
1218:Drivers/STM32F1xx_HAL_Driver/Src/stm32f1xx_hal_tim_ex.c ****     }
1219:Drivers/STM32F1xx_HAL_Driver/Src/stm32f1xx_hal_tim_ex.c **** 
1220:Drivers/STM32F1xx_HAL_Driver/Src/stm32f1xx_hal_tim_ex.c ****     default:
1221:Drivers/STM32F1xx_HAL_Driver/Src/stm32f1xx_hal_tim_ex.c ****       status = HAL_ERROR;
1222:Drivers/STM32F1xx_HAL_Driver/Src/stm32f1xx_hal_tim_ex.c ****       break;
1223:Drivers/STM32F1xx_HAL_Driver/Src/stm32f1xx_hal_tim_ex.c ****   }
1224:Drivers/STM32F1xx_HAL_Driver/Src/stm32f1xx_hal_tim_ex.c **** 
1225:Drivers/STM32F1xx_HAL_Driver/Src/stm32f1xx_hal_tim_ex.c ****   if (status == HAL_OK)
1226:Drivers/STM32F1xx_HAL_Driver/Src/stm32f1xx_hal_tim_ex.c ****   {
1227:Drivers/STM32F1xx_HAL_Driver/Src/stm32f1xx_hal_tim_ex.c ****     /* Enable the TIM Break interrupt */
1228:Drivers/STM32F1xx_HAL_Driver/Src/stm32f1xx_hal_tim_ex.c ****     __HAL_TIM_ENABLE_IT(htim, TIM_IT_BREAK);
1229:Drivers/STM32F1xx_HAL_Driver/Src/stm32f1xx_hal_tim_ex.c **** 
ARM GAS  /tmp/ccr982nq.s 			page 23


1230:Drivers/STM32F1xx_HAL_Driver/Src/stm32f1xx_hal_tim_ex.c ****     /* Enable the complementary PWM output  */
1231:Drivers/STM32F1xx_HAL_Driver/Src/stm32f1xx_hal_tim_ex.c ****     TIM_CCxNChannelCmd(htim->Instance, Channel, TIM_CCxN_ENABLE);
1232:Drivers/STM32F1xx_HAL_Driver/Src/stm32f1xx_hal_tim_ex.c **** 
1233:Drivers/STM32F1xx_HAL_Driver/Src/stm32f1xx_hal_tim_ex.c ****     /* Enable the Main Output */
1234:Drivers/STM32F1xx_HAL_Driver/Src/stm32f1xx_hal_tim_ex.c ****     __HAL_TIM_MOE_ENABLE(htim);
1235:Drivers/STM32F1xx_HAL_Driver/Src/stm32f1xx_hal_tim_ex.c **** 
1236:Drivers/STM32F1xx_HAL_Driver/Src/stm32f1xx_hal_tim_ex.c ****     /* Enable the Peripheral, except in trigger mode where enable is automatically done with trigge
1237:Drivers/STM32F1xx_HAL_Driver/Src/stm32f1xx_hal_tim_ex.c ****     if (IS_TIM_SLAVE_INSTANCE(htim->Instance))
1238:Drivers/STM32F1xx_HAL_Driver/Src/stm32f1xx_hal_tim_ex.c ****     {
1239:Drivers/STM32F1xx_HAL_Driver/Src/stm32f1xx_hal_tim_ex.c ****       tmpsmcr = htim->Instance->SMCR & TIM_SMCR_SMS;
1240:Drivers/STM32F1xx_HAL_Driver/Src/stm32f1xx_hal_tim_ex.c ****       if (!IS_TIM_SLAVEMODE_TRIGGER_ENABLED(tmpsmcr))
1241:Drivers/STM32F1xx_HAL_Driver/Src/stm32f1xx_hal_tim_ex.c ****       {
1242:Drivers/STM32F1xx_HAL_Driver/Src/stm32f1xx_hal_tim_ex.c ****         __HAL_TIM_ENABLE(htim);
1243:Drivers/STM32F1xx_HAL_Driver/Src/stm32f1xx_hal_tim_ex.c ****       }
1244:Drivers/STM32F1xx_HAL_Driver/Src/stm32f1xx_hal_tim_ex.c ****     }
1245:Drivers/STM32F1xx_HAL_Driver/Src/stm32f1xx_hal_tim_ex.c ****     else
1246:Drivers/STM32F1xx_HAL_Driver/Src/stm32f1xx_hal_tim_ex.c ****     {
1247:Drivers/STM32F1xx_HAL_Driver/Src/stm32f1xx_hal_tim_ex.c ****       __HAL_TIM_ENABLE(htim);
1248:Drivers/STM32F1xx_HAL_Driver/Src/stm32f1xx_hal_tim_ex.c ****     }
1249:Drivers/STM32F1xx_HAL_Driver/Src/stm32f1xx_hal_tim_ex.c ****   }
1250:Drivers/STM32F1xx_HAL_Driver/Src/stm32f1xx_hal_tim_ex.c **** 
1251:Drivers/STM32F1xx_HAL_Driver/Src/stm32f1xx_hal_tim_ex.c ****   /* Return function status */
1252:Drivers/STM32F1xx_HAL_Driver/Src/stm32f1xx_hal_tim_ex.c ****   return status;
1253:Drivers/STM32F1xx_HAL_Driver/Src/stm32f1xx_hal_tim_ex.c **** }
1254:Drivers/STM32F1xx_HAL_Driver/Src/stm32f1xx_hal_tim_ex.c **** 
1255:Drivers/STM32F1xx_HAL_Driver/Src/stm32f1xx_hal_tim_ex.c **** /**
1256:Drivers/STM32F1xx_HAL_Driver/Src/stm32f1xx_hal_tim_ex.c ****   * @brief  Stops the PWM signal generation in interrupt mode on the
1257:Drivers/STM32F1xx_HAL_Driver/Src/stm32f1xx_hal_tim_ex.c ****   *         complementary output.
1258:Drivers/STM32F1xx_HAL_Driver/Src/stm32f1xx_hal_tim_ex.c ****   * @param  htim TIM handle
1259:Drivers/STM32F1xx_HAL_Driver/Src/stm32f1xx_hal_tim_ex.c ****   * @param  Channel TIM Channel to be disabled
1260:Drivers/STM32F1xx_HAL_Driver/Src/stm32f1xx_hal_tim_ex.c ****   *          This parameter can be one of the following values:
1261:Drivers/STM32F1xx_HAL_Driver/Src/stm32f1xx_hal_tim_ex.c ****   *            @arg TIM_CHANNEL_1: TIM Channel 1 selected
1262:Drivers/STM32F1xx_HAL_Driver/Src/stm32f1xx_hal_tim_ex.c ****   *            @arg TIM_CHANNEL_2: TIM Channel 2 selected
1263:Drivers/STM32F1xx_HAL_Driver/Src/stm32f1xx_hal_tim_ex.c ****   *            @arg TIM_CHANNEL_3: TIM Channel 3 selected
1264:Drivers/STM32F1xx_HAL_Driver/Src/stm32f1xx_hal_tim_ex.c ****   * @retval HAL status
1265:Drivers/STM32F1xx_HAL_Driver/Src/stm32f1xx_hal_tim_ex.c ****   */
1266:Drivers/STM32F1xx_HAL_Driver/Src/stm32f1xx_hal_tim_ex.c **** HAL_StatusTypeDef HAL_TIMEx_PWMN_Stop_IT(TIM_HandleTypeDef *htim, uint32_t Channel)
1267:Drivers/STM32F1xx_HAL_Driver/Src/stm32f1xx_hal_tim_ex.c **** {
1268:Drivers/STM32F1xx_HAL_Driver/Src/stm32f1xx_hal_tim_ex.c ****   HAL_StatusTypeDef status = HAL_OK;
1269:Drivers/STM32F1xx_HAL_Driver/Src/stm32f1xx_hal_tim_ex.c ****   uint32_t tmpccer;
1270:Drivers/STM32F1xx_HAL_Driver/Src/stm32f1xx_hal_tim_ex.c **** 
1271:Drivers/STM32F1xx_HAL_Driver/Src/stm32f1xx_hal_tim_ex.c ****   /* Check the parameters */
1272:Drivers/STM32F1xx_HAL_Driver/Src/stm32f1xx_hal_tim_ex.c ****   assert_param(IS_TIM_CCXN_INSTANCE(htim->Instance, Channel));
1273:Drivers/STM32F1xx_HAL_Driver/Src/stm32f1xx_hal_tim_ex.c **** 
1274:Drivers/STM32F1xx_HAL_Driver/Src/stm32f1xx_hal_tim_ex.c ****   switch (Channel)
1275:Drivers/STM32F1xx_HAL_Driver/Src/stm32f1xx_hal_tim_ex.c ****   {
1276:Drivers/STM32F1xx_HAL_Driver/Src/stm32f1xx_hal_tim_ex.c ****     case TIM_CHANNEL_1:
1277:Drivers/STM32F1xx_HAL_Driver/Src/stm32f1xx_hal_tim_ex.c ****     {
1278:Drivers/STM32F1xx_HAL_Driver/Src/stm32f1xx_hal_tim_ex.c ****       /* Disable the TIM Capture/Compare 1 interrupt */
1279:Drivers/STM32F1xx_HAL_Driver/Src/stm32f1xx_hal_tim_ex.c ****       __HAL_TIM_DISABLE_IT(htim, TIM_IT_CC1);
1280:Drivers/STM32F1xx_HAL_Driver/Src/stm32f1xx_hal_tim_ex.c ****       break;
1281:Drivers/STM32F1xx_HAL_Driver/Src/stm32f1xx_hal_tim_ex.c ****     }
1282:Drivers/STM32F1xx_HAL_Driver/Src/stm32f1xx_hal_tim_ex.c **** 
1283:Drivers/STM32F1xx_HAL_Driver/Src/stm32f1xx_hal_tim_ex.c ****     case TIM_CHANNEL_2:
1284:Drivers/STM32F1xx_HAL_Driver/Src/stm32f1xx_hal_tim_ex.c ****     {
1285:Drivers/STM32F1xx_HAL_Driver/Src/stm32f1xx_hal_tim_ex.c ****       /* Disable the TIM Capture/Compare 2 interrupt */
1286:Drivers/STM32F1xx_HAL_Driver/Src/stm32f1xx_hal_tim_ex.c ****       __HAL_TIM_DISABLE_IT(htim, TIM_IT_CC2);
ARM GAS  /tmp/ccr982nq.s 			page 24


1287:Drivers/STM32F1xx_HAL_Driver/Src/stm32f1xx_hal_tim_ex.c ****       break;
1288:Drivers/STM32F1xx_HAL_Driver/Src/stm32f1xx_hal_tim_ex.c ****     }
1289:Drivers/STM32F1xx_HAL_Driver/Src/stm32f1xx_hal_tim_ex.c **** 
1290:Drivers/STM32F1xx_HAL_Driver/Src/stm32f1xx_hal_tim_ex.c ****     case TIM_CHANNEL_3:
1291:Drivers/STM32F1xx_HAL_Driver/Src/stm32f1xx_hal_tim_ex.c ****     {
1292:Drivers/STM32F1xx_HAL_Driver/Src/stm32f1xx_hal_tim_ex.c ****       /* Disable the TIM Capture/Compare 3 interrupt */
1293:Drivers/STM32F1xx_HAL_Driver/Src/stm32f1xx_hal_tim_ex.c ****       __HAL_TIM_DISABLE_IT(htim, TIM_IT_CC3);
1294:Drivers/STM32F1xx_HAL_Driver/Src/stm32f1xx_hal_tim_ex.c ****       break;
1295:Drivers/STM32F1xx_HAL_Driver/Src/stm32f1xx_hal_tim_ex.c ****     }
1296:Drivers/STM32F1xx_HAL_Driver/Src/stm32f1xx_hal_tim_ex.c **** 
1297:Drivers/STM32F1xx_HAL_Driver/Src/stm32f1xx_hal_tim_ex.c ****     default:
1298:Drivers/STM32F1xx_HAL_Driver/Src/stm32f1xx_hal_tim_ex.c ****       status = HAL_ERROR;
1299:Drivers/STM32F1xx_HAL_Driver/Src/stm32f1xx_hal_tim_ex.c ****       break;
1300:Drivers/STM32F1xx_HAL_Driver/Src/stm32f1xx_hal_tim_ex.c ****   }
1301:Drivers/STM32F1xx_HAL_Driver/Src/stm32f1xx_hal_tim_ex.c **** 
1302:Drivers/STM32F1xx_HAL_Driver/Src/stm32f1xx_hal_tim_ex.c ****   if (status == HAL_OK)
1303:Drivers/STM32F1xx_HAL_Driver/Src/stm32f1xx_hal_tim_ex.c ****   {
1304:Drivers/STM32F1xx_HAL_Driver/Src/stm32f1xx_hal_tim_ex.c ****     /* Disable the complementary PWM output  */
1305:Drivers/STM32F1xx_HAL_Driver/Src/stm32f1xx_hal_tim_ex.c ****     TIM_CCxNChannelCmd(htim->Instance, Channel, TIM_CCxN_DISABLE);
1306:Drivers/STM32F1xx_HAL_Driver/Src/stm32f1xx_hal_tim_ex.c **** 
1307:Drivers/STM32F1xx_HAL_Driver/Src/stm32f1xx_hal_tim_ex.c ****     /* Disable the TIM Break interrupt (only if no more channel is active) */
1308:Drivers/STM32F1xx_HAL_Driver/Src/stm32f1xx_hal_tim_ex.c ****     tmpccer = htim->Instance->CCER;
1309:Drivers/STM32F1xx_HAL_Driver/Src/stm32f1xx_hal_tim_ex.c ****     if ((tmpccer & TIM_CCER_CCxNE_MASK) == (uint32_t)RESET)
1310:Drivers/STM32F1xx_HAL_Driver/Src/stm32f1xx_hal_tim_ex.c ****     {
1311:Drivers/STM32F1xx_HAL_Driver/Src/stm32f1xx_hal_tim_ex.c ****       __HAL_TIM_DISABLE_IT(htim, TIM_IT_BREAK);
1312:Drivers/STM32F1xx_HAL_Driver/Src/stm32f1xx_hal_tim_ex.c ****     }
1313:Drivers/STM32F1xx_HAL_Driver/Src/stm32f1xx_hal_tim_ex.c **** 
1314:Drivers/STM32F1xx_HAL_Driver/Src/stm32f1xx_hal_tim_ex.c ****     /* Disable the Main Output */
1315:Drivers/STM32F1xx_HAL_Driver/Src/stm32f1xx_hal_tim_ex.c ****     __HAL_TIM_MOE_DISABLE(htim);
1316:Drivers/STM32F1xx_HAL_Driver/Src/stm32f1xx_hal_tim_ex.c **** 
1317:Drivers/STM32F1xx_HAL_Driver/Src/stm32f1xx_hal_tim_ex.c ****     /* Disable the Peripheral */
1318:Drivers/STM32F1xx_HAL_Driver/Src/stm32f1xx_hal_tim_ex.c ****     __HAL_TIM_DISABLE(htim);
1319:Drivers/STM32F1xx_HAL_Driver/Src/stm32f1xx_hal_tim_ex.c **** 
1320:Drivers/STM32F1xx_HAL_Driver/Src/stm32f1xx_hal_tim_ex.c ****     /* Set the TIM complementary channel state */
1321:Drivers/STM32F1xx_HAL_Driver/Src/stm32f1xx_hal_tim_ex.c ****     TIM_CHANNEL_N_STATE_SET(htim, Channel, HAL_TIM_CHANNEL_STATE_READY);
1322:Drivers/STM32F1xx_HAL_Driver/Src/stm32f1xx_hal_tim_ex.c ****   }
1323:Drivers/STM32F1xx_HAL_Driver/Src/stm32f1xx_hal_tim_ex.c **** 
1324:Drivers/STM32F1xx_HAL_Driver/Src/stm32f1xx_hal_tim_ex.c ****   /* Return function status */
1325:Drivers/STM32F1xx_HAL_Driver/Src/stm32f1xx_hal_tim_ex.c ****   return status;
1326:Drivers/STM32F1xx_HAL_Driver/Src/stm32f1xx_hal_tim_ex.c **** }
1327:Drivers/STM32F1xx_HAL_Driver/Src/stm32f1xx_hal_tim_ex.c **** 
1328:Drivers/STM32F1xx_HAL_Driver/Src/stm32f1xx_hal_tim_ex.c **** /**
1329:Drivers/STM32F1xx_HAL_Driver/Src/stm32f1xx_hal_tim_ex.c ****   * @brief  Starts the TIM PWM signal generation in DMA mode on the
1330:Drivers/STM32F1xx_HAL_Driver/Src/stm32f1xx_hal_tim_ex.c ****   *         complementary output
1331:Drivers/STM32F1xx_HAL_Driver/Src/stm32f1xx_hal_tim_ex.c ****   * @param  htim TIM handle
1332:Drivers/STM32F1xx_HAL_Driver/Src/stm32f1xx_hal_tim_ex.c ****   * @param  Channel TIM Channel to be enabled
1333:Drivers/STM32F1xx_HAL_Driver/Src/stm32f1xx_hal_tim_ex.c ****   *          This parameter can be one of the following values:
1334:Drivers/STM32F1xx_HAL_Driver/Src/stm32f1xx_hal_tim_ex.c ****   *            @arg TIM_CHANNEL_1: TIM Channel 1 selected
1335:Drivers/STM32F1xx_HAL_Driver/Src/stm32f1xx_hal_tim_ex.c ****   *            @arg TIM_CHANNEL_2: TIM Channel 2 selected
1336:Drivers/STM32F1xx_HAL_Driver/Src/stm32f1xx_hal_tim_ex.c ****   *            @arg TIM_CHANNEL_3: TIM Channel 3 selected
1337:Drivers/STM32F1xx_HAL_Driver/Src/stm32f1xx_hal_tim_ex.c ****   * @param  pData The source Buffer address.
1338:Drivers/STM32F1xx_HAL_Driver/Src/stm32f1xx_hal_tim_ex.c ****   * @param  Length The length of data to be transferred from memory to TIM peripheral
1339:Drivers/STM32F1xx_HAL_Driver/Src/stm32f1xx_hal_tim_ex.c ****   * @retval HAL status
1340:Drivers/STM32F1xx_HAL_Driver/Src/stm32f1xx_hal_tim_ex.c ****   */
1341:Drivers/STM32F1xx_HAL_Driver/Src/stm32f1xx_hal_tim_ex.c **** HAL_StatusTypeDef HAL_TIMEx_PWMN_Start_DMA(TIM_HandleTypeDef *htim, uint32_t Channel, const uint32_
1342:Drivers/STM32F1xx_HAL_Driver/Src/stm32f1xx_hal_tim_ex.c ****                                            uint16_t Length)
1343:Drivers/STM32F1xx_HAL_Driver/Src/stm32f1xx_hal_tim_ex.c **** {
ARM GAS  /tmp/ccr982nq.s 			page 25


1344:Drivers/STM32F1xx_HAL_Driver/Src/stm32f1xx_hal_tim_ex.c ****   HAL_StatusTypeDef status = HAL_OK;
1345:Drivers/STM32F1xx_HAL_Driver/Src/stm32f1xx_hal_tim_ex.c ****   uint32_t tmpsmcr;
1346:Drivers/STM32F1xx_HAL_Driver/Src/stm32f1xx_hal_tim_ex.c **** 
1347:Drivers/STM32F1xx_HAL_Driver/Src/stm32f1xx_hal_tim_ex.c ****   /* Check the parameters */
1348:Drivers/STM32F1xx_HAL_Driver/Src/stm32f1xx_hal_tim_ex.c ****   assert_param(IS_TIM_CCXN_INSTANCE(htim->Instance, Channel));
1349:Drivers/STM32F1xx_HAL_Driver/Src/stm32f1xx_hal_tim_ex.c **** 
1350:Drivers/STM32F1xx_HAL_Driver/Src/stm32f1xx_hal_tim_ex.c ****   /* Set the TIM complementary channel state */
1351:Drivers/STM32F1xx_HAL_Driver/Src/stm32f1xx_hal_tim_ex.c ****   if (TIM_CHANNEL_N_STATE_GET(htim, Channel) == HAL_TIM_CHANNEL_STATE_BUSY)
1352:Drivers/STM32F1xx_HAL_Driver/Src/stm32f1xx_hal_tim_ex.c ****   {
1353:Drivers/STM32F1xx_HAL_Driver/Src/stm32f1xx_hal_tim_ex.c ****     return HAL_BUSY;
1354:Drivers/STM32F1xx_HAL_Driver/Src/stm32f1xx_hal_tim_ex.c ****   }
1355:Drivers/STM32F1xx_HAL_Driver/Src/stm32f1xx_hal_tim_ex.c ****   else if (TIM_CHANNEL_N_STATE_GET(htim, Channel) == HAL_TIM_CHANNEL_STATE_READY)
1356:Drivers/STM32F1xx_HAL_Driver/Src/stm32f1xx_hal_tim_ex.c ****   {
1357:Drivers/STM32F1xx_HAL_Driver/Src/stm32f1xx_hal_tim_ex.c ****     if ((pData == NULL) || (Length == 0U))
1358:Drivers/STM32F1xx_HAL_Driver/Src/stm32f1xx_hal_tim_ex.c ****     {
1359:Drivers/STM32F1xx_HAL_Driver/Src/stm32f1xx_hal_tim_ex.c ****       return HAL_ERROR;
1360:Drivers/STM32F1xx_HAL_Driver/Src/stm32f1xx_hal_tim_ex.c ****     }
1361:Drivers/STM32F1xx_HAL_Driver/Src/stm32f1xx_hal_tim_ex.c ****     else
1362:Drivers/STM32F1xx_HAL_Driver/Src/stm32f1xx_hal_tim_ex.c ****     {
1363:Drivers/STM32F1xx_HAL_Driver/Src/stm32f1xx_hal_tim_ex.c ****       TIM_CHANNEL_N_STATE_SET(htim, Channel, HAL_TIM_CHANNEL_STATE_BUSY);
1364:Drivers/STM32F1xx_HAL_Driver/Src/stm32f1xx_hal_tim_ex.c ****     }
1365:Drivers/STM32F1xx_HAL_Driver/Src/stm32f1xx_hal_tim_ex.c ****   }
1366:Drivers/STM32F1xx_HAL_Driver/Src/stm32f1xx_hal_tim_ex.c ****   else
1367:Drivers/STM32F1xx_HAL_Driver/Src/stm32f1xx_hal_tim_ex.c ****   {
1368:Drivers/STM32F1xx_HAL_Driver/Src/stm32f1xx_hal_tim_ex.c ****     return HAL_ERROR;
1369:Drivers/STM32F1xx_HAL_Driver/Src/stm32f1xx_hal_tim_ex.c ****   }
1370:Drivers/STM32F1xx_HAL_Driver/Src/stm32f1xx_hal_tim_ex.c **** 
1371:Drivers/STM32F1xx_HAL_Driver/Src/stm32f1xx_hal_tim_ex.c ****   switch (Channel)
1372:Drivers/STM32F1xx_HAL_Driver/Src/stm32f1xx_hal_tim_ex.c ****   {
1373:Drivers/STM32F1xx_HAL_Driver/Src/stm32f1xx_hal_tim_ex.c ****     case TIM_CHANNEL_1:
1374:Drivers/STM32F1xx_HAL_Driver/Src/stm32f1xx_hal_tim_ex.c ****     {
1375:Drivers/STM32F1xx_HAL_Driver/Src/stm32f1xx_hal_tim_ex.c ****       /* Set the DMA compare callbacks */
1376:Drivers/STM32F1xx_HAL_Driver/Src/stm32f1xx_hal_tim_ex.c ****       htim->hdma[TIM_DMA_ID_CC1]->XferCpltCallback = TIM_DMADelayPulseNCplt;
1377:Drivers/STM32F1xx_HAL_Driver/Src/stm32f1xx_hal_tim_ex.c ****       htim->hdma[TIM_DMA_ID_CC1]->XferHalfCpltCallback = TIM_DMADelayPulseHalfCplt;
1378:Drivers/STM32F1xx_HAL_Driver/Src/stm32f1xx_hal_tim_ex.c **** 
1379:Drivers/STM32F1xx_HAL_Driver/Src/stm32f1xx_hal_tim_ex.c ****       /* Set the DMA error callback */
1380:Drivers/STM32F1xx_HAL_Driver/Src/stm32f1xx_hal_tim_ex.c ****       htim->hdma[TIM_DMA_ID_CC1]->XferErrorCallback = TIM_DMAErrorCCxN ;
1381:Drivers/STM32F1xx_HAL_Driver/Src/stm32f1xx_hal_tim_ex.c **** 
1382:Drivers/STM32F1xx_HAL_Driver/Src/stm32f1xx_hal_tim_ex.c ****       /* Enable the DMA channel */
1383:Drivers/STM32F1xx_HAL_Driver/Src/stm32f1xx_hal_tim_ex.c ****       if (HAL_DMA_Start_IT(htim->hdma[TIM_DMA_ID_CC1], (uint32_t)pData, (uint32_t)&htim->Instance->
1384:Drivers/STM32F1xx_HAL_Driver/Src/stm32f1xx_hal_tim_ex.c ****                            Length) != HAL_OK)
1385:Drivers/STM32F1xx_HAL_Driver/Src/stm32f1xx_hal_tim_ex.c ****       {
1386:Drivers/STM32F1xx_HAL_Driver/Src/stm32f1xx_hal_tim_ex.c ****         /* Return error status */
1387:Drivers/STM32F1xx_HAL_Driver/Src/stm32f1xx_hal_tim_ex.c ****         return HAL_ERROR;
1388:Drivers/STM32F1xx_HAL_Driver/Src/stm32f1xx_hal_tim_ex.c ****       }
1389:Drivers/STM32F1xx_HAL_Driver/Src/stm32f1xx_hal_tim_ex.c ****       /* Enable the TIM Capture/Compare 1 DMA request */
1390:Drivers/STM32F1xx_HAL_Driver/Src/stm32f1xx_hal_tim_ex.c ****       __HAL_TIM_ENABLE_DMA(htim, TIM_DMA_CC1);
1391:Drivers/STM32F1xx_HAL_Driver/Src/stm32f1xx_hal_tim_ex.c ****       break;
1392:Drivers/STM32F1xx_HAL_Driver/Src/stm32f1xx_hal_tim_ex.c ****     }
1393:Drivers/STM32F1xx_HAL_Driver/Src/stm32f1xx_hal_tim_ex.c **** 
1394:Drivers/STM32F1xx_HAL_Driver/Src/stm32f1xx_hal_tim_ex.c ****     case TIM_CHANNEL_2:
1395:Drivers/STM32F1xx_HAL_Driver/Src/stm32f1xx_hal_tim_ex.c ****     {
1396:Drivers/STM32F1xx_HAL_Driver/Src/stm32f1xx_hal_tim_ex.c ****       /* Set the DMA compare callbacks */
1397:Drivers/STM32F1xx_HAL_Driver/Src/stm32f1xx_hal_tim_ex.c ****       htim->hdma[TIM_DMA_ID_CC2]->XferCpltCallback = TIM_DMADelayPulseNCplt;
1398:Drivers/STM32F1xx_HAL_Driver/Src/stm32f1xx_hal_tim_ex.c ****       htim->hdma[TIM_DMA_ID_CC2]->XferHalfCpltCallback = TIM_DMADelayPulseHalfCplt;
1399:Drivers/STM32F1xx_HAL_Driver/Src/stm32f1xx_hal_tim_ex.c **** 
1400:Drivers/STM32F1xx_HAL_Driver/Src/stm32f1xx_hal_tim_ex.c ****       /* Set the DMA error callback */
ARM GAS  /tmp/ccr982nq.s 			page 26


1401:Drivers/STM32F1xx_HAL_Driver/Src/stm32f1xx_hal_tim_ex.c ****       htim->hdma[TIM_DMA_ID_CC2]->XferErrorCallback = TIM_DMAErrorCCxN ;
1402:Drivers/STM32F1xx_HAL_Driver/Src/stm32f1xx_hal_tim_ex.c **** 
1403:Drivers/STM32F1xx_HAL_Driver/Src/stm32f1xx_hal_tim_ex.c ****       /* Enable the DMA channel */
1404:Drivers/STM32F1xx_HAL_Driver/Src/stm32f1xx_hal_tim_ex.c ****       if (HAL_DMA_Start_IT(htim->hdma[TIM_DMA_ID_CC2], (uint32_t)pData, (uint32_t)&htim->Instance->
1405:Drivers/STM32F1xx_HAL_Driver/Src/stm32f1xx_hal_tim_ex.c ****                            Length) != HAL_OK)
1406:Drivers/STM32F1xx_HAL_Driver/Src/stm32f1xx_hal_tim_ex.c ****       {
1407:Drivers/STM32F1xx_HAL_Driver/Src/stm32f1xx_hal_tim_ex.c ****         /* Return error status */
1408:Drivers/STM32F1xx_HAL_Driver/Src/stm32f1xx_hal_tim_ex.c ****         return HAL_ERROR;
1409:Drivers/STM32F1xx_HAL_Driver/Src/stm32f1xx_hal_tim_ex.c ****       }
1410:Drivers/STM32F1xx_HAL_Driver/Src/stm32f1xx_hal_tim_ex.c ****       /* Enable the TIM Capture/Compare 2 DMA request */
1411:Drivers/STM32F1xx_HAL_Driver/Src/stm32f1xx_hal_tim_ex.c ****       __HAL_TIM_ENABLE_DMA(htim, TIM_DMA_CC2);
1412:Drivers/STM32F1xx_HAL_Driver/Src/stm32f1xx_hal_tim_ex.c ****       break;
1413:Drivers/STM32F1xx_HAL_Driver/Src/stm32f1xx_hal_tim_ex.c ****     }
1414:Drivers/STM32F1xx_HAL_Driver/Src/stm32f1xx_hal_tim_ex.c **** 
1415:Drivers/STM32F1xx_HAL_Driver/Src/stm32f1xx_hal_tim_ex.c ****     case TIM_CHANNEL_3:
1416:Drivers/STM32F1xx_HAL_Driver/Src/stm32f1xx_hal_tim_ex.c ****     {
1417:Drivers/STM32F1xx_HAL_Driver/Src/stm32f1xx_hal_tim_ex.c ****       /* Set the DMA compare callbacks */
1418:Drivers/STM32F1xx_HAL_Driver/Src/stm32f1xx_hal_tim_ex.c ****       htim->hdma[TIM_DMA_ID_CC3]->XferCpltCallback = TIM_DMADelayPulseNCplt;
1419:Drivers/STM32F1xx_HAL_Driver/Src/stm32f1xx_hal_tim_ex.c ****       htim->hdma[TIM_DMA_ID_CC3]->XferHalfCpltCallback = TIM_DMADelayPulseHalfCplt;
1420:Drivers/STM32F1xx_HAL_Driver/Src/stm32f1xx_hal_tim_ex.c **** 
1421:Drivers/STM32F1xx_HAL_Driver/Src/stm32f1xx_hal_tim_ex.c ****       /* Set the DMA error callback */
1422:Drivers/STM32F1xx_HAL_Driver/Src/stm32f1xx_hal_tim_ex.c ****       htim->hdma[TIM_DMA_ID_CC3]->XferErrorCallback = TIM_DMAErrorCCxN ;
1423:Drivers/STM32F1xx_HAL_Driver/Src/stm32f1xx_hal_tim_ex.c **** 
1424:Drivers/STM32F1xx_HAL_Driver/Src/stm32f1xx_hal_tim_ex.c ****       /* Enable the DMA channel */
1425:Drivers/STM32F1xx_HAL_Driver/Src/stm32f1xx_hal_tim_ex.c ****       if (HAL_DMA_Start_IT(htim->hdma[TIM_DMA_ID_CC3], (uint32_t)pData, (uint32_t)&htim->Instance->
1426:Drivers/STM32F1xx_HAL_Driver/Src/stm32f1xx_hal_tim_ex.c ****                            Length) != HAL_OK)
1427:Drivers/STM32F1xx_HAL_Driver/Src/stm32f1xx_hal_tim_ex.c ****       {
1428:Drivers/STM32F1xx_HAL_Driver/Src/stm32f1xx_hal_tim_ex.c ****         /* Return error status */
1429:Drivers/STM32F1xx_HAL_Driver/Src/stm32f1xx_hal_tim_ex.c ****         return HAL_ERROR;
1430:Drivers/STM32F1xx_HAL_Driver/Src/stm32f1xx_hal_tim_ex.c ****       }
1431:Drivers/STM32F1xx_HAL_Driver/Src/stm32f1xx_hal_tim_ex.c ****       /* Enable the TIM Capture/Compare 3 DMA request */
1432:Drivers/STM32F1xx_HAL_Driver/Src/stm32f1xx_hal_tim_ex.c ****       __HAL_TIM_ENABLE_DMA(htim, TIM_DMA_CC3);
1433:Drivers/STM32F1xx_HAL_Driver/Src/stm32f1xx_hal_tim_ex.c ****       break;
1434:Drivers/STM32F1xx_HAL_Driver/Src/stm32f1xx_hal_tim_ex.c ****     }
1435:Drivers/STM32F1xx_HAL_Driver/Src/stm32f1xx_hal_tim_ex.c **** 
1436:Drivers/STM32F1xx_HAL_Driver/Src/stm32f1xx_hal_tim_ex.c ****     default:
1437:Drivers/STM32F1xx_HAL_Driver/Src/stm32f1xx_hal_tim_ex.c ****       status = HAL_ERROR;
1438:Drivers/STM32F1xx_HAL_Driver/Src/stm32f1xx_hal_tim_ex.c ****       break;
1439:Drivers/STM32F1xx_HAL_Driver/Src/stm32f1xx_hal_tim_ex.c ****   }
1440:Drivers/STM32F1xx_HAL_Driver/Src/stm32f1xx_hal_tim_ex.c **** 
1441:Drivers/STM32F1xx_HAL_Driver/Src/stm32f1xx_hal_tim_ex.c ****   if (status == HAL_OK)
1442:Drivers/STM32F1xx_HAL_Driver/Src/stm32f1xx_hal_tim_ex.c ****   {
1443:Drivers/STM32F1xx_HAL_Driver/Src/stm32f1xx_hal_tim_ex.c ****     /* Enable the complementary PWM output  */
1444:Drivers/STM32F1xx_HAL_Driver/Src/stm32f1xx_hal_tim_ex.c ****     TIM_CCxNChannelCmd(htim->Instance, Channel, TIM_CCxN_ENABLE);
1445:Drivers/STM32F1xx_HAL_Driver/Src/stm32f1xx_hal_tim_ex.c **** 
1446:Drivers/STM32F1xx_HAL_Driver/Src/stm32f1xx_hal_tim_ex.c ****     /* Enable the Main Output */
1447:Drivers/STM32F1xx_HAL_Driver/Src/stm32f1xx_hal_tim_ex.c ****     __HAL_TIM_MOE_ENABLE(htim);
1448:Drivers/STM32F1xx_HAL_Driver/Src/stm32f1xx_hal_tim_ex.c **** 
1449:Drivers/STM32F1xx_HAL_Driver/Src/stm32f1xx_hal_tim_ex.c ****     /* Enable the Peripheral, except in trigger mode where enable is automatically done with trigge
1450:Drivers/STM32F1xx_HAL_Driver/Src/stm32f1xx_hal_tim_ex.c ****     if (IS_TIM_SLAVE_INSTANCE(htim->Instance))
1451:Drivers/STM32F1xx_HAL_Driver/Src/stm32f1xx_hal_tim_ex.c ****     {
1452:Drivers/STM32F1xx_HAL_Driver/Src/stm32f1xx_hal_tim_ex.c ****       tmpsmcr = htim->Instance->SMCR & TIM_SMCR_SMS;
1453:Drivers/STM32F1xx_HAL_Driver/Src/stm32f1xx_hal_tim_ex.c ****       if (!IS_TIM_SLAVEMODE_TRIGGER_ENABLED(tmpsmcr))
1454:Drivers/STM32F1xx_HAL_Driver/Src/stm32f1xx_hal_tim_ex.c ****       {
1455:Drivers/STM32F1xx_HAL_Driver/Src/stm32f1xx_hal_tim_ex.c ****         __HAL_TIM_ENABLE(htim);
1456:Drivers/STM32F1xx_HAL_Driver/Src/stm32f1xx_hal_tim_ex.c ****       }
1457:Drivers/STM32F1xx_HAL_Driver/Src/stm32f1xx_hal_tim_ex.c ****     }
ARM GAS  /tmp/ccr982nq.s 			page 27


1458:Drivers/STM32F1xx_HAL_Driver/Src/stm32f1xx_hal_tim_ex.c ****     else
1459:Drivers/STM32F1xx_HAL_Driver/Src/stm32f1xx_hal_tim_ex.c ****     {
1460:Drivers/STM32F1xx_HAL_Driver/Src/stm32f1xx_hal_tim_ex.c ****       __HAL_TIM_ENABLE(htim);
1461:Drivers/STM32F1xx_HAL_Driver/Src/stm32f1xx_hal_tim_ex.c ****     }
1462:Drivers/STM32F1xx_HAL_Driver/Src/stm32f1xx_hal_tim_ex.c ****   }
1463:Drivers/STM32F1xx_HAL_Driver/Src/stm32f1xx_hal_tim_ex.c **** 
1464:Drivers/STM32F1xx_HAL_Driver/Src/stm32f1xx_hal_tim_ex.c ****   /* Return function status */
1465:Drivers/STM32F1xx_HAL_Driver/Src/stm32f1xx_hal_tim_ex.c ****   return status;
1466:Drivers/STM32F1xx_HAL_Driver/Src/stm32f1xx_hal_tim_ex.c **** }
1467:Drivers/STM32F1xx_HAL_Driver/Src/stm32f1xx_hal_tim_ex.c **** 
1468:Drivers/STM32F1xx_HAL_Driver/Src/stm32f1xx_hal_tim_ex.c **** /**
1469:Drivers/STM32F1xx_HAL_Driver/Src/stm32f1xx_hal_tim_ex.c ****   * @brief  Stops the TIM PWM signal generation in DMA mode on the complementary
1470:Drivers/STM32F1xx_HAL_Driver/Src/stm32f1xx_hal_tim_ex.c ****   *         output
1471:Drivers/STM32F1xx_HAL_Driver/Src/stm32f1xx_hal_tim_ex.c ****   * @param  htim TIM handle
1472:Drivers/STM32F1xx_HAL_Driver/Src/stm32f1xx_hal_tim_ex.c ****   * @param  Channel TIM Channel to be disabled
1473:Drivers/STM32F1xx_HAL_Driver/Src/stm32f1xx_hal_tim_ex.c ****   *          This parameter can be one of the following values:
1474:Drivers/STM32F1xx_HAL_Driver/Src/stm32f1xx_hal_tim_ex.c ****   *            @arg TIM_CHANNEL_1: TIM Channel 1 selected
1475:Drivers/STM32F1xx_HAL_Driver/Src/stm32f1xx_hal_tim_ex.c ****   *            @arg TIM_CHANNEL_2: TIM Channel 2 selected
1476:Drivers/STM32F1xx_HAL_Driver/Src/stm32f1xx_hal_tim_ex.c ****   *            @arg TIM_CHANNEL_3: TIM Channel 3 selected
1477:Drivers/STM32F1xx_HAL_Driver/Src/stm32f1xx_hal_tim_ex.c ****   * @retval HAL status
1478:Drivers/STM32F1xx_HAL_Driver/Src/stm32f1xx_hal_tim_ex.c ****   */
1479:Drivers/STM32F1xx_HAL_Driver/Src/stm32f1xx_hal_tim_ex.c **** HAL_StatusTypeDef HAL_TIMEx_PWMN_Stop_DMA(TIM_HandleTypeDef *htim, uint32_t Channel)
1480:Drivers/STM32F1xx_HAL_Driver/Src/stm32f1xx_hal_tim_ex.c **** {
1481:Drivers/STM32F1xx_HAL_Driver/Src/stm32f1xx_hal_tim_ex.c ****   HAL_StatusTypeDef status = HAL_OK;
1482:Drivers/STM32F1xx_HAL_Driver/Src/stm32f1xx_hal_tim_ex.c **** 
1483:Drivers/STM32F1xx_HAL_Driver/Src/stm32f1xx_hal_tim_ex.c ****   /* Check the parameters */
1484:Drivers/STM32F1xx_HAL_Driver/Src/stm32f1xx_hal_tim_ex.c ****   assert_param(IS_TIM_CCXN_INSTANCE(htim->Instance, Channel));
1485:Drivers/STM32F1xx_HAL_Driver/Src/stm32f1xx_hal_tim_ex.c **** 
1486:Drivers/STM32F1xx_HAL_Driver/Src/stm32f1xx_hal_tim_ex.c ****   switch (Channel)
1487:Drivers/STM32F1xx_HAL_Driver/Src/stm32f1xx_hal_tim_ex.c ****   {
1488:Drivers/STM32F1xx_HAL_Driver/Src/stm32f1xx_hal_tim_ex.c ****     case TIM_CHANNEL_1:
1489:Drivers/STM32F1xx_HAL_Driver/Src/stm32f1xx_hal_tim_ex.c ****     {
1490:Drivers/STM32F1xx_HAL_Driver/Src/stm32f1xx_hal_tim_ex.c ****       /* Disable the TIM Capture/Compare 1 DMA request */
1491:Drivers/STM32F1xx_HAL_Driver/Src/stm32f1xx_hal_tim_ex.c ****       __HAL_TIM_DISABLE_DMA(htim, TIM_DMA_CC1);
1492:Drivers/STM32F1xx_HAL_Driver/Src/stm32f1xx_hal_tim_ex.c ****       (void)HAL_DMA_Abort_IT(htim->hdma[TIM_DMA_ID_CC1]);
1493:Drivers/STM32F1xx_HAL_Driver/Src/stm32f1xx_hal_tim_ex.c ****       break;
1494:Drivers/STM32F1xx_HAL_Driver/Src/stm32f1xx_hal_tim_ex.c ****     }
1495:Drivers/STM32F1xx_HAL_Driver/Src/stm32f1xx_hal_tim_ex.c **** 
1496:Drivers/STM32F1xx_HAL_Driver/Src/stm32f1xx_hal_tim_ex.c ****     case TIM_CHANNEL_2:
1497:Drivers/STM32F1xx_HAL_Driver/Src/stm32f1xx_hal_tim_ex.c ****     {
1498:Drivers/STM32F1xx_HAL_Driver/Src/stm32f1xx_hal_tim_ex.c ****       /* Disable the TIM Capture/Compare 2 DMA request */
1499:Drivers/STM32F1xx_HAL_Driver/Src/stm32f1xx_hal_tim_ex.c ****       __HAL_TIM_DISABLE_DMA(htim, TIM_DMA_CC2);
1500:Drivers/STM32F1xx_HAL_Driver/Src/stm32f1xx_hal_tim_ex.c ****       (void)HAL_DMA_Abort_IT(htim->hdma[TIM_DMA_ID_CC2]);
1501:Drivers/STM32F1xx_HAL_Driver/Src/stm32f1xx_hal_tim_ex.c ****       break;
1502:Drivers/STM32F1xx_HAL_Driver/Src/stm32f1xx_hal_tim_ex.c ****     }
1503:Drivers/STM32F1xx_HAL_Driver/Src/stm32f1xx_hal_tim_ex.c **** 
1504:Drivers/STM32F1xx_HAL_Driver/Src/stm32f1xx_hal_tim_ex.c ****     case TIM_CHANNEL_3:
1505:Drivers/STM32F1xx_HAL_Driver/Src/stm32f1xx_hal_tim_ex.c ****     {
1506:Drivers/STM32F1xx_HAL_Driver/Src/stm32f1xx_hal_tim_ex.c ****       /* Disable the TIM Capture/Compare 3 DMA request */
1507:Drivers/STM32F1xx_HAL_Driver/Src/stm32f1xx_hal_tim_ex.c ****       __HAL_TIM_DISABLE_DMA(htim, TIM_DMA_CC3);
1508:Drivers/STM32F1xx_HAL_Driver/Src/stm32f1xx_hal_tim_ex.c ****       (void)HAL_DMA_Abort_IT(htim->hdma[TIM_DMA_ID_CC3]);
1509:Drivers/STM32F1xx_HAL_Driver/Src/stm32f1xx_hal_tim_ex.c ****       break;
1510:Drivers/STM32F1xx_HAL_Driver/Src/stm32f1xx_hal_tim_ex.c ****     }
1511:Drivers/STM32F1xx_HAL_Driver/Src/stm32f1xx_hal_tim_ex.c **** 
1512:Drivers/STM32F1xx_HAL_Driver/Src/stm32f1xx_hal_tim_ex.c ****     default:
1513:Drivers/STM32F1xx_HAL_Driver/Src/stm32f1xx_hal_tim_ex.c ****       status = HAL_ERROR;
1514:Drivers/STM32F1xx_HAL_Driver/Src/stm32f1xx_hal_tim_ex.c ****       break;
ARM GAS  /tmp/ccr982nq.s 			page 28


1515:Drivers/STM32F1xx_HAL_Driver/Src/stm32f1xx_hal_tim_ex.c ****   }
1516:Drivers/STM32F1xx_HAL_Driver/Src/stm32f1xx_hal_tim_ex.c **** 
1517:Drivers/STM32F1xx_HAL_Driver/Src/stm32f1xx_hal_tim_ex.c ****   if (status == HAL_OK)
1518:Drivers/STM32F1xx_HAL_Driver/Src/stm32f1xx_hal_tim_ex.c ****   {
1519:Drivers/STM32F1xx_HAL_Driver/Src/stm32f1xx_hal_tim_ex.c ****     /* Disable the complementary PWM output */
1520:Drivers/STM32F1xx_HAL_Driver/Src/stm32f1xx_hal_tim_ex.c ****     TIM_CCxNChannelCmd(htim->Instance, Channel, TIM_CCxN_DISABLE);
1521:Drivers/STM32F1xx_HAL_Driver/Src/stm32f1xx_hal_tim_ex.c **** 
1522:Drivers/STM32F1xx_HAL_Driver/Src/stm32f1xx_hal_tim_ex.c ****     /* Disable the Main Output */
1523:Drivers/STM32F1xx_HAL_Driver/Src/stm32f1xx_hal_tim_ex.c ****     __HAL_TIM_MOE_DISABLE(htim);
1524:Drivers/STM32F1xx_HAL_Driver/Src/stm32f1xx_hal_tim_ex.c **** 
1525:Drivers/STM32F1xx_HAL_Driver/Src/stm32f1xx_hal_tim_ex.c ****     /* Disable the Peripheral */
1526:Drivers/STM32F1xx_HAL_Driver/Src/stm32f1xx_hal_tim_ex.c ****     __HAL_TIM_DISABLE(htim);
1527:Drivers/STM32F1xx_HAL_Driver/Src/stm32f1xx_hal_tim_ex.c **** 
1528:Drivers/STM32F1xx_HAL_Driver/Src/stm32f1xx_hal_tim_ex.c ****     /* Set the TIM complementary channel state */
1529:Drivers/STM32F1xx_HAL_Driver/Src/stm32f1xx_hal_tim_ex.c ****     TIM_CHANNEL_N_STATE_SET(htim, Channel, HAL_TIM_CHANNEL_STATE_READY);
1530:Drivers/STM32F1xx_HAL_Driver/Src/stm32f1xx_hal_tim_ex.c ****   }
1531:Drivers/STM32F1xx_HAL_Driver/Src/stm32f1xx_hal_tim_ex.c **** 
1532:Drivers/STM32F1xx_HAL_Driver/Src/stm32f1xx_hal_tim_ex.c ****   /* Return function status */
1533:Drivers/STM32F1xx_HAL_Driver/Src/stm32f1xx_hal_tim_ex.c ****   return status;
1534:Drivers/STM32F1xx_HAL_Driver/Src/stm32f1xx_hal_tim_ex.c **** }
1535:Drivers/STM32F1xx_HAL_Driver/Src/stm32f1xx_hal_tim_ex.c **** 
1536:Drivers/STM32F1xx_HAL_Driver/Src/stm32f1xx_hal_tim_ex.c **** /**
1537:Drivers/STM32F1xx_HAL_Driver/Src/stm32f1xx_hal_tim_ex.c ****   * @}
1538:Drivers/STM32F1xx_HAL_Driver/Src/stm32f1xx_hal_tim_ex.c ****   */
1539:Drivers/STM32F1xx_HAL_Driver/Src/stm32f1xx_hal_tim_ex.c **** 
1540:Drivers/STM32F1xx_HAL_Driver/Src/stm32f1xx_hal_tim_ex.c **** /** @defgroup TIMEx_Exported_Functions_Group4 Extended Timer Complementary One Pulse functions
1541:Drivers/STM32F1xx_HAL_Driver/Src/stm32f1xx_hal_tim_ex.c ****   * @brief    Timer Complementary One Pulse functions
1542:Drivers/STM32F1xx_HAL_Driver/Src/stm32f1xx_hal_tim_ex.c ****   *
1543:Drivers/STM32F1xx_HAL_Driver/Src/stm32f1xx_hal_tim_ex.c **** @verbatim
1544:Drivers/STM32F1xx_HAL_Driver/Src/stm32f1xx_hal_tim_ex.c ****   ==============================================================================
1545:Drivers/STM32F1xx_HAL_Driver/Src/stm32f1xx_hal_tim_ex.c ****                 ##### Timer Complementary One Pulse functions #####
1546:Drivers/STM32F1xx_HAL_Driver/Src/stm32f1xx_hal_tim_ex.c ****   ==============================================================================
1547:Drivers/STM32F1xx_HAL_Driver/Src/stm32f1xx_hal_tim_ex.c ****   [..]
1548:Drivers/STM32F1xx_HAL_Driver/Src/stm32f1xx_hal_tim_ex.c ****     This section provides functions allowing to:
1549:Drivers/STM32F1xx_HAL_Driver/Src/stm32f1xx_hal_tim_ex.c ****     (+) Start the Complementary One Pulse generation.
1550:Drivers/STM32F1xx_HAL_Driver/Src/stm32f1xx_hal_tim_ex.c ****     (+) Stop the Complementary One Pulse.
1551:Drivers/STM32F1xx_HAL_Driver/Src/stm32f1xx_hal_tim_ex.c ****     (+) Start the Complementary One Pulse and enable interrupts.
1552:Drivers/STM32F1xx_HAL_Driver/Src/stm32f1xx_hal_tim_ex.c ****     (+) Stop the Complementary One Pulse and disable interrupts.
1553:Drivers/STM32F1xx_HAL_Driver/Src/stm32f1xx_hal_tim_ex.c **** 
1554:Drivers/STM32F1xx_HAL_Driver/Src/stm32f1xx_hal_tim_ex.c **** @endverbatim
1555:Drivers/STM32F1xx_HAL_Driver/Src/stm32f1xx_hal_tim_ex.c ****   * @{
1556:Drivers/STM32F1xx_HAL_Driver/Src/stm32f1xx_hal_tim_ex.c ****   */
1557:Drivers/STM32F1xx_HAL_Driver/Src/stm32f1xx_hal_tim_ex.c **** 
1558:Drivers/STM32F1xx_HAL_Driver/Src/stm32f1xx_hal_tim_ex.c **** /**
1559:Drivers/STM32F1xx_HAL_Driver/Src/stm32f1xx_hal_tim_ex.c ****   * @brief  Starts the TIM One Pulse signal generation on the complementary
1560:Drivers/STM32F1xx_HAL_Driver/Src/stm32f1xx_hal_tim_ex.c ****   *         output.
1561:Drivers/STM32F1xx_HAL_Driver/Src/stm32f1xx_hal_tim_ex.c ****   * @note OutputChannel must match the pulse output channel chosen when calling
1562:Drivers/STM32F1xx_HAL_Driver/Src/stm32f1xx_hal_tim_ex.c ****   *       @ref HAL_TIM_OnePulse_ConfigChannel().
1563:Drivers/STM32F1xx_HAL_Driver/Src/stm32f1xx_hal_tim_ex.c ****   * @param  htim TIM One Pulse handle
1564:Drivers/STM32F1xx_HAL_Driver/Src/stm32f1xx_hal_tim_ex.c ****   * @param  OutputChannel pulse output channel to enable
1565:Drivers/STM32F1xx_HAL_Driver/Src/stm32f1xx_hal_tim_ex.c ****   *          This parameter can be one of the following values:
1566:Drivers/STM32F1xx_HAL_Driver/Src/stm32f1xx_hal_tim_ex.c ****   *            @arg TIM_CHANNEL_1: TIM Channel 1 selected
1567:Drivers/STM32F1xx_HAL_Driver/Src/stm32f1xx_hal_tim_ex.c ****   *            @arg TIM_CHANNEL_2: TIM Channel 2 selected
1568:Drivers/STM32F1xx_HAL_Driver/Src/stm32f1xx_hal_tim_ex.c ****   * @retval HAL status
1569:Drivers/STM32F1xx_HAL_Driver/Src/stm32f1xx_hal_tim_ex.c ****   */
1570:Drivers/STM32F1xx_HAL_Driver/Src/stm32f1xx_hal_tim_ex.c **** HAL_StatusTypeDef HAL_TIMEx_OnePulseN_Start(TIM_HandleTypeDef *htim, uint32_t OutputChannel)
1571:Drivers/STM32F1xx_HAL_Driver/Src/stm32f1xx_hal_tim_ex.c **** {
ARM GAS  /tmp/ccr982nq.s 			page 29


1572:Drivers/STM32F1xx_HAL_Driver/Src/stm32f1xx_hal_tim_ex.c ****   uint32_t input_channel = (OutputChannel == TIM_CHANNEL_1) ? TIM_CHANNEL_2 : TIM_CHANNEL_1;
1573:Drivers/STM32F1xx_HAL_Driver/Src/stm32f1xx_hal_tim_ex.c ****   HAL_TIM_ChannelStateTypeDef channel_1_state = TIM_CHANNEL_STATE_GET(htim, TIM_CHANNEL_1);
1574:Drivers/STM32F1xx_HAL_Driver/Src/stm32f1xx_hal_tim_ex.c ****   HAL_TIM_ChannelStateTypeDef channel_2_state = TIM_CHANNEL_STATE_GET(htim, TIM_CHANNEL_2);
1575:Drivers/STM32F1xx_HAL_Driver/Src/stm32f1xx_hal_tim_ex.c ****   HAL_TIM_ChannelStateTypeDef complementary_channel_1_state = TIM_CHANNEL_N_STATE_GET(htim, TIM_CHA
1576:Drivers/STM32F1xx_HAL_Driver/Src/stm32f1xx_hal_tim_ex.c ****   HAL_TIM_ChannelStateTypeDef complementary_channel_2_state = TIM_CHANNEL_N_STATE_GET(htim, TIM_CHA
1577:Drivers/STM32F1xx_HAL_Driver/Src/stm32f1xx_hal_tim_ex.c **** 
1578:Drivers/STM32F1xx_HAL_Driver/Src/stm32f1xx_hal_tim_ex.c ****   /* Check the parameters */
1579:Drivers/STM32F1xx_HAL_Driver/Src/stm32f1xx_hal_tim_ex.c ****   assert_param(IS_TIM_CCXN_INSTANCE(htim->Instance, OutputChannel));
1580:Drivers/STM32F1xx_HAL_Driver/Src/stm32f1xx_hal_tim_ex.c **** 
1581:Drivers/STM32F1xx_HAL_Driver/Src/stm32f1xx_hal_tim_ex.c ****   /* Check the TIM channels state */
1582:Drivers/STM32F1xx_HAL_Driver/Src/stm32f1xx_hal_tim_ex.c ****   if ((channel_1_state != HAL_TIM_CHANNEL_STATE_READY)
1583:Drivers/STM32F1xx_HAL_Driver/Src/stm32f1xx_hal_tim_ex.c ****       || (channel_2_state != HAL_TIM_CHANNEL_STATE_READY)
1584:Drivers/STM32F1xx_HAL_Driver/Src/stm32f1xx_hal_tim_ex.c ****       || (complementary_channel_1_state != HAL_TIM_CHANNEL_STATE_READY)
1585:Drivers/STM32F1xx_HAL_Driver/Src/stm32f1xx_hal_tim_ex.c ****       || (complementary_channel_2_state != HAL_TIM_CHANNEL_STATE_READY))
1586:Drivers/STM32F1xx_HAL_Driver/Src/stm32f1xx_hal_tim_ex.c ****   {
1587:Drivers/STM32F1xx_HAL_Driver/Src/stm32f1xx_hal_tim_ex.c ****     return HAL_ERROR;
1588:Drivers/STM32F1xx_HAL_Driver/Src/stm32f1xx_hal_tim_ex.c ****   }
1589:Drivers/STM32F1xx_HAL_Driver/Src/stm32f1xx_hal_tim_ex.c **** 
1590:Drivers/STM32F1xx_HAL_Driver/Src/stm32f1xx_hal_tim_ex.c ****   /* Set the TIM channels state */
1591:Drivers/STM32F1xx_HAL_Driver/Src/stm32f1xx_hal_tim_ex.c ****   TIM_CHANNEL_STATE_SET(htim, TIM_CHANNEL_1, HAL_TIM_CHANNEL_STATE_BUSY);
1592:Drivers/STM32F1xx_HAL_Driver/Src/stm32f1xx_hal_tim_ex.c ****   TIM_CHANNEL_STATE_SET(htim, TIM_CHANNEL_2, HAL_TIM_CHANNEL_STATE_BUSY);
1593:Drivers/STM32F1xx_HAL_Driver/Src/stm32f1xx_hal_tim_ex.c ****   TIM_CHANNEL_N_STATE_SET(htim, TIM_CHANNEL_1, HAL_TIM_CHANNEL_STATE_BUSY);
1594:Drivers/STM32F1xx_HAL_Driver/Src/stm32f1xx_hal_tim_ex.c ****   TIM_CHANNEL_N_STATE_SET(htim, TIM_CHANNEL_2, HAL_TIM_CHANNEL_STATE_BUSY);
1595:Drivers/STM32F1xx_HAL_Driver/Src/stm32f1xx_hal_tim_ex.c **** 
1596:Drivers/STM32F1xx_HAL_Driver/Src/stm32f1xx_hal_tim_ex.c ****   /* Enable the complementary One Pulse output channel and the Input Capture channel */
1597:Drivers/STM32F1xx_HAL_Driver/Src/stm32f1xx_hal_tim_ex.c ****   TIM_CCxNChannelCmd(htim->Instance, OutputChannel, TIM_CCxN_ENABLE);
1598:Drivers/STM32F1xx_HAL_Driver/Src/stm32f1xx_hal_tim_ex.c ****   TIM_CCxChannelCmd(htim->Instance, input_channel, TIM_CCx_ENABLE);
1599:Drivers/STM32F1xx_HAL_Driver/Src/stm32f1xx_hal_tim_ex.c **** 
1600:Drivers/STM32F1xx_HAL_Driver/Src/stm32f1xx_hal_tim_ex.c ****   /* Enable the Main Output */
1601:Drivers/STM32F1xx_HAL_Driver/Src/stm32f1xx_hal_tim_ex.c ****   __HAL_TIM_MOE_ENABLE(htim);
1602:Drivers/STM32F1xx_HAL_Driver/Src/stm32f1xx_hal_tim_ex.c **** 
1603:Drivers/STM32F1xx_HAL_Driver/Src/stm32f1xx_hal_tim_ex.c ****   /* Return function status */
1604:Drivers/STM32F1xx_HAL_Driver/Src/stm32f1xx_hal_tim_ex.c ****   return HAL_OK;
1605:Drivers/STM32F1xx_HAL_Driver/Src/stm32f1xx_hal_tim_ex.c **** }
1606:Drivers/STM32F1xx_HAL_Driver/Src/stm32f1xx_hal_tim_ex.c **** 
1607:Drivers/STM32F1xx_HAL_Driver/Src/stm32f1xx_hal_tim_ex.c **** /**
1608:Drivers/STM32F1xx_HAL_Driver/Src/stm32f1xx_hal_tim_ex.c ****   * @brief  Stops the TIM One Pulse signal generation on the complementary
1609:Drivers/STM32F1xx_HAL_Driver/Src/stm32f1xx_hal_tim_ex.c ****   *         output.
1610:Drivers/STM32F1xx_HAL_Driver/Src/stm32f1xx_hal_tim_ex.c ****   * @note OutputChannel must match the pulse output channel chosen when calling
1611:Drivers/STM32F1xx_HAL_Driver/Src/stm32f1xx_hal_tim_ex.c ****   *       @ref HAL_TIM_OnePulse_ConfigChannel().
1612:Drivers/STM32F1xx_HAL_Driver/Src/stm32f1xx_hal_tim_ex.c ****   * @param  htim TIM One Pulse handle
1613:Drivers/STM32F1xx_HAL_Driver/Src/stm32f1xx_hal_tim_ex.c ****   * @param  OutputChannel pulse output channel to disable
1614:Drivers/STM32F1xx_HAL_Driver/Src/stm32f1xx_hal_tim_ex.c ****   *          This parameter can be one of the following values:
1615:Drivers/STM32F1xx_HAL_Driver/Src/stm32f1xx_hal_tim_ex.c ****   *            @arg TIM_CHANNEL_1: TIM Channel 1 selected
1616:Drivers/STM32F1xx_HAL_Driver/Src/stm32f1xx_hal_tim_ex.c ****   *            @arg TIM_CHANNEL_2: TIM Channel 2 selected
1617:Drivers/STM32F1xx_HAL_Driver/Src/stm32f1xx_hal_tim_ex.c ****   * @retval HAL status
1618:Drivers/STM32F1xx_HAL_Driver/Src/stm32f1xx_hal_tim_ex.c ****   */
1619:Drivers/STM32F1xx_HAL_Driver/Src/stm32f1xx_hal_tim_ex.c **** HAL_StatusTypeDef HAL_TIMEx_OnePulseN_Stop(TIM_HandleTypeDef *htim, uint32_t OutputChannel)
1620:Drivers/STM32F1xx_HAL_Driver/Src/stm32f1xx_hal_tim_ex.c **** {
1621:Drivers/STM32F1xx_HAL_Driver/Src/stm32f1xx_hal_tim_ex.c ****   uint32_t input_channel = (OutputChannel == TIM_CHANNEL_1) ? TIM_CHANNEL_2 : TIM_CHANNEL_1;
1622:Drivers/STM32F1xx_HAL_Driver/Src/stm32f1xx_hal_tim_ex.c **** 
1623:Drivers/STM32F1xx_HAL_Driver/Src/stm32f1xx_hal_tim_ex.c ****   /* Check the parameters */
1624:Drivers/STM32F1xx_HAL_Driver/Src/stm32f1xx_hal_tim_ex.c ****   assert_param(IS_TIM_CCXN_INSTANCE(htim->Instance, OutputChannel));
1625:Drivers/STM32F1xx_HAL_Driver/Src/stm32f1xx_hal_tim_ex.c **** 
1626:Drivers/STM32F1xx_HAL_Driver/Src/stm32f1xx_hal_tim_ex.c ****   /* Disable the complementary One Pulse output channel and the Input Capture channel */
1627:Drivers/STM32F1xx_HAL_Driver/Src/stm32f1xx_hal_tim_ex.c ****   TIM_CCxNChannelCmd(htim->Instance, OutputChannel, TIM_CCxN_DISABLE);
1628:Drivers/STM32F1xx_HAL_Driver/Src/stm32f1xx_hal_tim_ex.c ****   TIM_CCxChannelCmd(htim->Instance, input_channel, TIM_CCx_DISABLE);
ARM GAS  /tmp/ccr982nq.s 			page 30


1629:Drivers/STM32F1xx_HAL_Driver/Src/stm32f1xx_hal_tim_ex.c **** 
1630:Drivers/STM32F1xx_HAL_Driver/Src/stm32f1xx_hal_tim_ex.c ****   /* Disable the Main Output */
1631:Drivers/STM32F1xx_HAL_Driver/Src/stm32f1xx_hal_tim_ex.c ****   __HAL_TIM_MOE_DISABLE(htim);
1632:Drivers/STM32F1xx_HAL_Driver/Src/stm32f1xx_hal_tim_ex.c **** 
1633:Drivers/STM32F1xx_HAL_Driver/Src/stm32f1xx_hal_tim_ex.c ****   /* Disable the Peripheral */
1634:Drivers/STM32F1xx_HAL_Driver/Src/stm32f1xx_hal_tim_ex.c ****   __HAL_TIM_DISABLE(htim);
1635:Drivers/STM32F1xx_HAL_Driver/Src/stm32f1xx_hal_tim_ex.c **** 
1636:Drivers/STM32F1xx_HAL_Driver/Src/stm32f1xx_hal_tim_ex.c ****   /* Set the TIM  channels state */
1637:Drivers/STM32F1xx_HAL_Driver/Src/stm32f1xx_hal_tim_ex.c ****   TIM_CHANNEL_STATE_SET(htim, TIM_CHANNEL_1, HAL_TIM_CHANNEL_STATE_READY);
1638:Drivers/STM32F1xx_HAL_Driver/Src/stm32f1xx_hal_tim_ex.c ****   TIM_CHANNEL_STATE_SET(htim, TIM_CHANNEL_2, HAL_TIM_CHANNEL_STATE_READY);
1639:Drivers/STM32F1xx_HAL_Driver/Src/stm32f1xx_hal_tim_ex.c ****   TIM_CHANNEL_N_STATE_SET(htim, TIM_CHANNEL_1, HAL_TIM_CHANNEL_STATE_READY);
1640:Drivers/STM32F1xx_HAL_Driver/Src/stm32f1xx_hal_tim_ex.c ****   TIM_CHANNEL_N_STATE_SET(htim, TIM_CHANNEL_2, HAL_TIM_CHANNEL_STATE_READY);
1641:Drivers/STM32F1xx_HAL_Driver/Src/stm32f1xx_hal_tim_ex.c **** 
1642:Drivers/STM32F1xx_HAL_Driver/Src/stm32f1xx_hal_tim_ex.c ****   /* Return function status */
1643:Drivers/STM32F1xx_HAL_Driver/Src/stm32f1xx_hal_tim_ex.c ****   return HAL_OK;
1644:Drivers/STM32F1xx_HAL_Driver/Src/stm32f1xx_hal_tim_ex.c **** }
1645:Drivers/STM32F1xx_HAL_Driver/Src/stm32f1xx_hal_tim_ex.c **** 
1646:Drivers/STM32F1xx_HAL_Driver/Src/stm32f1xx_hal_tim_ex.c **** /**
1647:Drivers/STM32F1xx_HAL_Driver/Src/stm32f1xx_hal_tim_ex.c ****   * @brief  Starts the TIM One Pulse signal generation in interrupt mode on the
1648:Drivers/STM32F1xx_HAL_Driver/Src/stm32f1xx_hal_tim_ex.c ****   *         complementary channel.
1649:Drivers/STM32F1xx_HAL_Driver/Src/stm32f1xx_hal_tim_ex.c ****   * @note OutputChannel must match the pulse output channel chosen when calling
1650:Drivers/STM32F1xx_HAL_Driver/Src/stm32f1xx_hal_tim_ex.c ****   *       @ref HAL_TIM_OnePulse_ConfigChannel().
1651:Drivers/STM32F1xx_HAL_Driver/Src/stm32f1xx_hal_tim_ex.c ****   * @param  htim TIM One Pulse handle
1652:Drivers/STM32F1xx_HAL_Driver/Src/stm32f1xx_hal_tim_ex.c ****   * @param  OutputChannel pulse output channel to enable
1653:Drivers/STM32F1xx_HAL_Driver/Src/stm32f1xx_hal_tim_ex.c ****   *          This parameter can be one of the following values:
1654:Drivers/STM32F1xx_HAL_Driver/Src/stm32f1xx_hal_tim_ex.c ****   *            @arg TIM_CHANNEL_1: TIM Channel 1 selected
1655:Drivers/STM32F1xx_HAL_Driver/Src/stm32f1xx_hal_tim_ex.c ****   *            @arg TIM_CHANNEL_2: TIM Channel 2 selected
1656:Drivers/STM32F1xx_HAL_Driver/Src/stm32f1xx_hal_tim_ex.c ****   * @retval HAL status
1657:Drivers/STM32F1xx_HAL_Driver/Src/stm32f1xx_hal_tim_ex.c ****   */
1658:Drivers/STM32F1xx_HAL_Driver/Src/stm32f1xx_hal_tim_ex.c **** HAL_StatusTypeDef HAL_TIMEx_OnePulseN_Start_IT(TIM_HandleTypeDef *htim, uint32_t OutputChannel)
1659:Drivers/STM32F1xx_HAL_Driver/Src/stm32f1xx_hal_tim_ex.c **** {
1660:Drivers/STM32F1xx_HAL_Driver/Src/stm32f1xx_hal_tim_ex.c ****   uint32_t input_channel = (OutputChannel == TIM_CHANNEL_1) ? TIM_CHANNEL_2 : TIM_CHANNEL_1;
1661:Drivers/STM32F1xx_HAL_Driver/Src/stm32f1xx_hal_tim_ex.c ****   HAL_TIM_ChannelStateTypeDef channel_1_state = TIM_CHANNEL_STATE_GET(htim, TIM_CHANNEL_1);
1662:Drivers/STM32F1xx_HAL_Driver/Src/stm32f1xx_hal_tim_ex.c ****   HAL_TIM_ChannelStateTypeDef channel_2_state = TIM_CHANNEL_STATE_GET(htim, TIM_CHANNEL_2);
1663:Drivers/STM32F1xx_HAL_Driver/Src/stm32f1xx_hal_tim_ex.c ****   HAL_TIM_ChannelStateTypeDef complementary_channel_1_state = TIM_CHANNEL_N_STATE_GET(htim, TIM_CHA
1664:Drivers/STM32F1xx_HAL_Driver/Src/stm32f1xx_hal_tim_ex.c ****   HAL_TIM_ChannelStateTypeDef complementary_channel_2_state = TIM_CHANNEL_N_STATE_GET(htim, TIM_CHA
1665:Drivers/STM32F1xx_HAL_Driver/Src/stm32f1xx_hal_tim_ex.c **** 
1666:Drivers/STM32F1xx_HAL_Driver/Src/stm32f1xx_hal_tim_ex.c ****   /* Check the parameters */
1667:Drivers/STM32F1xx_HAL_Driver/Src/stm32f1xx_hal_tim_ex.c ****   assert_param(IS_TIM_CCXN_INSTANCE(htim->Instance, OutputChannel));
1668:Drivers/STM32F1xx_HAL_Driver/Src/stm32f1xx_hal_tim_ex.c **** 
1669:Drivers/STM32F1xx_HAL_Driver/Src/stm32f1xx_hal_tim_ex.c ****   /* Check the TIM channels state */
1670:Drivers/STM32F1xx_HAL_Driver/Src/stm32f1xx_hal_tim_ex.c ****   if ((channel_1_state != HAL_TIM_CHANNEL_STATE_READY)
1671:Drivers/STM32F1xx_HAL_Driver/Src/stm32f1xx_hal_tim_ex.c ****       || (channel_2_state != HAL_TIM_CHANNEL_STATE_READY)
1672:Drivers/STM32F1xx_HAL_Driver/Src/stm32f1xx_hal_tim_ex.c ****       || (complementary_channel_1_state != HAL_TIM_CHANNEL_STATE_READY)
1673:Drivers/STM32F1xx_HAL_Driver/Src/stm32f1xx_hal_tim_ex.c ****       || (complementary_channel_2_state != HAL_TIM_CHANNEL_STATE_READY))
1674:Drivers/STM32F1xx_HAL_Driver/Src/stm32f1xx_hal_tim_ex.c ****   {
1675:Drivers/STM32F1xx_HAL_Driver/Src/stm32f1xx_hal_tim_ex.c ****     return HAL_ERROR;
1676:Drivers/STM32F1xx_HAL_Driver/Src/stm32f1xx_hal_tim_ex.c ****   }
1677:Drivers/STM32F1xx_HAL_Driver/Src/stm32f1xx_hal_tim_ex.c **** 
1678:Drivers/STM32F1xx_HAL_Driver/Src/stm32f1xx_hal_tim_ex.c ****   /* Set the TIM channels state */
1679:Drivers/STM32F1xx_HAL_Driver/Src/stm32f1xx_hal_tim_ex.c ****   TIM_CHANNEL_STATE_SET(htim, TIM_CHANNEL_1, HAL_TIM_CHANNEL_STATE_BUSY);
1680:Drivers/STM32F1xx_HAL_Driver/Src/stm32f1xx_hal_tim_ex.c ****   TIM_CHANNEL_STATE_SET(htim, TIM_CHANNEL_2, HAL_TIM_CHANNEL_STATE_BUSY);
1681:Drivers/STM32F1xx_HAL_Driver/Src/stm32f1xx_hal_tim_ex.c ****   TIM_CHANNEL_N_STATE_SET(htim, TIM_CHANNEL_1, HAL_TIM_CHANNEL_STATE_BUSY);
1682:Drivers/STM32F1xx_HAL_Driver/Src/stm32f1xx_hal_tim_ex.c ****   TIM_CHANNEL_N_STATE_SET(htim, TIM_CHANNEL_2, HAL_TIM_CHANNEL_STATE_BUSY);
1683:Drivers/STM32F1xx_HAL_Driver/Src/stm32f1xx_hal_tim_ex.c **** 
1684:Drivers/STM32F1xx_HAL_Driver/Src/stm32f1xx_hal_tim_ex.c ****   /* Enable the TIM Capture/Compare 1 interrupt */
1685:Drivers/STM32F1xx_HAL_Driver/Src/stm32f1xx_hal_tim_ex.c ****   __HAL_TIM_ENABLE_IT(htim, TIM_IT_CC1);
ARM GAS  /tmp/ccr982nq.s 			page 31


1686:Drivers/STM32F1xx_HAL_Driver/Src/stm32f1xx_hal_tim_ex.c **** 
1687:Drivers/STM32F1xx_HAL_Driver/Src/stm32f1xx_hal_tim_ex.c ****   /* Enable the TIM Capture/Compare 2 interrupt */
1688:Drivers/STM32F1xx_HAL_Driver/Src/stm32f1xx_hal_tim_ex.c ****   __HAL_TIM_ENABLE_IT(htim, TIM_IT_CC2);
1689:Drivers/STM32F1xx_HAL_Driver/Src/stm32f1xx_hal_tim_ex.c **** 
1690:Drivers/STM32F1xx_HAL_Driver/Src/stm32f1xx_hal_tim_ex.c ****   /* Enable the complementary One Pulse output channel and the Input Capture channel */
1691:Drivers/STM32F1xx_HAL_Driver/Src/stm32f1xx_hal_tim_ex.c ****   TIM_CCxNChannelCmd(htim->Instance, OutputChannel, TIM_CCxN_ENABLE);
1692:Drivers/STM32F1xx_HAL_Driver/Src/stm32f1xx_hal_tim_ex.c ****   TIM_CCxChannelCmd(htim->Instance, input_channel, TIM_CCx_ENABLE);
1693:Drivers/STM32F1xx_HAL_Driver/Src/stm32f1xx_hal_tim_ex.c **** 
1694:Drivers/STM32F1xx_HAL_Driver/Src/stm32f1xx_hal_tim_ex.c ****   /* Enable the Main Output */
1695:Drivers/STM32F1xx_HAL_Driver/Src/stm32f1xx_hal_tim_ex.c ****   __HAL_TIM_MOE_ENABLE(htim);
1696:Drivers/STM32F1xx_HAL_Driver/Src/stm32f1xx_hal_tim_ex.c **** 
1697:Drivers/STM32F1xx_HAL_Driver/Src/stm32f1xx_hal_tim_ex.c ****   /* Return function status */
1698:Drivers/STM32F1xx_HAL_Driver/Src/stm32f1xx_hal_tim_ex.c ****   return HAL_OK;
1699:Drivers/STM32F1xx_HAL_Driver/Src/stm32f1xx_hal_tim_ex.c **** }
1700:Drivers/STM32F1xx_HAL_Driver/Src/stm32f1xx_hal_tim_ex.c **** 
1701:Drivers/STM32F1xx_HAL_Driver/Src/stm32f1xx_hal_tim_ex.c **** /**
1702:Drivers/STM32F1xx_HAL_Driver/Src/stm32f1xx_hal_tim_ex.c ****   * @brief  Stops the TIM One Pulse signal generation in interrupt mode on the
1703:Drivers/STM32F1xx_HAL_Driver/Src/stm32f1xx_hal_tim_ex.c ****   *         complementary channel.
1704:Drivers/STM32F1xx_HAL_Driver/Src/stm32f1xx_hal_tim_ex.c ****   * @note OutputChannel must match the pulse output channel chosen when calling
1705:Drivers/STM32F1xx_HAL_Driver/Src/stm32f1xx_hal_tim_ex.c ****   *       @ref HAL_TIM_OnePulse_ConfigChannel().
1706:Drivers/STM32F1xx_HAL_Driver/Src/stm32f1xx_hal_tim_ex.c ****   * @param  htim TIM One Pulse handle
1707:Drivers/STM32F1xx_HAL_Driver/Src/stm32f1xx_hal_tim_ex.c ****   * @param  OutputChannel pulse output channel to disable
1708:Drivers/STM32F1xx_HAL_Driver/Src/stm32f1xx_hal_tim_ex.c ****   *          This parameter can be one of the following values:
1709:Drivers/STM32F1xx_HAL_Driver/Src/stm32f1xx_hal_tim_ex.c ****   *            @arg TIM_CHANNEL_1: TIM Channel 1 selected
1710:Drivers/STM32F1xx_HAL_Driver/Src/stm32f1xx_hal_tim_ex.c ****   *            @arg TIM_CHANNEL_2: TIM Channel 2 selected
1711:Drivers/STM32F1xx_HAL_Driver/Src/stm32f1xx_hal_tim_ex.c ****   * @retval HAL status
1712:Drivers/STM32F1xx_HAL_Driver/Src/stm32f1xx_hal_tim_ex.c ****   */
1713:Drivers/STM32F1xx_HAL_Driver/Src/stm32f1xx_hal_tim_ex.c **** HAL_StatusTypeDef HAL_TIMEx_OnePulseN_Stop_IT(TIM_HandleTypeDef *htim, uint32_t OutputChannel)
1714:Drivers/STM32F1xx_HAL_Driver/Src/stm32f1xx_hal_tim_ex.c **** {
1715:Drivers/STM32F1xx_HAL_Driver/Src/stm32f1xx_hal_tim_ex.c ****   uint32_t input_channel = (OutputChannel == TIM_CHANNEL_1) ? TIM_CHANNEL_2 : TIM_CHANNEL_1;
1716:Drivers/STM32F1xx_HAL_Driver/Src/stm32f1xx_hal_tim_ex.c **** 
1717:Drivers/STM32F1xx_HAL_Driver/Src/stm32f1xx_hal_tim_ex.c ****   /* Check the parameters */
1718:Drivers/STM32F1xx_HAL_Driver/Src/stm32f1xx_hal_tim_ex.c ****   assert_param(IS_TIM_CCXN_INSTANCE(htim->Instance, OutputChannel));
1719:Drivers/STM32F1xx_HAL_Driver/Src/stm32f1xx_hal_tim_ex.c **** 
1720:Drivers/STM32F1xx_HAL_Driver/Src/stm32f1xx_hal_tim_ex.c ****   /* Disable the TIM Capture/Compare 1 interrupt */
1721:Drivers/STM32F1xx_HAL_Driver/Src/stm32f1xx_hal_tim_ex.c ****   __HAL_TIM_DISABLE_IT(htim, TIM_IT_CC1);
1722:Drivers/STM32F1xx_HAL_Driver/Src/stm32f1xx_hal_tim_ex.c **** 
1723:Drivers/STM32F1xx_HAL_Driver/Src/stm32f1xx_hal_tim_ex.c ****   /* Disable the TIM Capture/Compare 2 interrupt */
1724:Drivers/STM32F1xx_HAL_Driver/Src/stm32f1xx_hal_tim_ex.c ****   __HAL_TIM_DISABLE_IT(htim, TIM_IT_CC2);
1725:Drivers/STM32F1xx_HAL_Driver/Src/stm32f1xx_hal_tim_ex.c **** 
1726:Drivers/STM32F1xx_HAL_Driver/Src/stm32f1xx_hal_tim_ex.c ****   /* Disable the complementary One Pulse output channel and the Input Capture channel */
1727:Drivers/STM32F1xx_HAL_Driver/Src/stm32f1xx_hal_tim_ex.c ****   TIM_CCxNChannelCmd(htim->Instance, OutputChannel, TIM_CCxN_DISABLE);
1728:Drivers/STM32F1xx_HAL_Driver/Src/stm32f1xx_hal_tim_ex.c ****   TIM_CCxChannelCmd(htim->Instance, input_channel, TIM_CCx_DISABLE);
1729:Drivers/STM32F1xx_HAL_Driver/Src/stm32f1xx_hal_tim_ex.c **** 
1730:Drivers/STM32F1xx_HAL_Driver/Src/stm32f1xx_hal_tim_ex.c ****   /* Disable the Main Output */
1731:Drivers/STM32F1xx_HAL_Driver/Src/stm32f1xx_hal_tim_ex.c ****   __HAL_TIM_MOE_DISABLE(htim);
1732:Drivers/STM32F1xx_HAL_Driver/Src/stm32f1xx_hal_tim_ex.c **** 
1733:Drivers/STM32F1xx_HAL_Driver/Src/stm32f1xx_hal_tim_ex.c ****   /* Disable the Peripheral */
1734:Drivers/STM32F1xx_HAL_Driver/Src/stm32f1xx_hal_tim_ex.c ****   __HAL_TIM_DISABLE(htim);
1735:Drivers/STM32F1xx_HAL_Driver/Src/stm32f1xx_hal_tim_ex.c **** 
1736:Drivers/STM32F1xx_HAL_Driver/Src/stm32f1xx_hal_tim_ex.c ****   /* Set the TIM  channels state */
1737:Drivers/STM32F1xx_HAL_Driver/Src/stm32f1xx_hal_tim_ex.c ****   TIM_CHANNEL_STATE_SET(htim, TIM_CHANNEL_1, HAL_TIM_CHANNEL_STATE_READY);
1738:Drivers/STM32F1xx_HAL_Driver/Src/stm32f1xx_hal_tim_ex.c ****   TIM_CHANNEL_STATE_SET(htim, TIM_CHANNEL_2, HAL_TIM_CHANNEL_STATE_READY);
1739:Drivers/STM32F1xx_HAL_Driver/Src/stm32f1xx_hal_tim_ex.c ****   TIM_CHANNEL_N_STATE_SET(htim, TIM_CHANNEL_1, HAL_TIM_CHANNEL_STATE_READY);
1740:Drivers/STM32F1xx_HAL_Driver/Src/stm32f1xx_hal_tim_ex.c ****   TIM_CHANNEL_N_STATE_SET(htim, TIM_CHANNEL_2, HAL_TIM_CHANNEL_STATE_READY);
1741:Drivers/STM32F1xx_HAL_Driver/Src/stm32f1xx_hal_tim_ex.c **** 
1742:Drivers/STM32F1xx_HAL_Driver/Src/stm32f1xx_hal_tim_ex.c ****   /* Return function status */
ARM GAS  /tmp/ccr982nq.s 			page 32


1743:Drivers/STM32F1xx_HAL_Driver/Src/stm32f1xx_hal_tim_ex.c ****   return HAL_OK;
1744:Drivers/STM32F1xx_HAL_Driver/Src/stm32f1xx_hal_tim_ex.c **** }
1745:Drivers/STM32F1xx_HAL_Driver/Src/stm32f1xx_hal_tim_ex.c **** 
1746:Drivers/STM32F1xx_HAL_Driver/Src/stm32f1xx_hal_tim_ex.c **** /**
1747:Drivers/STM32F1xx_HAL_Driver/Src/stm32f1xx_hal_tim_ex.c ****   * @}
1748:Drivers/STM32F1xx_HAL_Driver/Src/stm32f1xx_hal_tim_ex.c ****   */
1749:Drivers/STM32F1xx_HAL_Driver/Src/stm32f1xx_hal_tim_ex.c **** 
1750:Drivers/STM32F1xx_HAL_Driver/Src/stm32f1xx_hal_tim_ex.c **** /** @defgroup TIMEx_Exported_Functions_Group5 Extended Peripheral Control functions
1751:Drivers/STM32F1xx_HAL_Driver/Src/stm32f1xx_hal_tim_ex.c ****   * @brief    Peripheral Control functions
1752:Drivers/STM32F1xx_HAL_Driver/Src/stm32f1xx_hal_tim_ex.c ****   *
1753:Drivers/STM32F1xx_HAL_Driver/Src/stm32f1xx_hal_tim_ex.c **** @verbatim
1754:Drivers/STM32F1xx_HAL_Driver/Src/stm32f1xx_hal_tim_ex.c ****   ==============================================================================
1755:Drivers/STM32F1xx_HAL_Driver/Src/stm32f1xx_hal_tim_ex.c ****                     ##### Peripheral Control functions #####
1756:Drivers/STM32F1xx_HAL_Driver/Src/stm32f1xx_hal_tim_ex.c ****   ==============================================================================
1757:Drivers/STM32F1xx_HAL_Driver/Src/stm32f1xx_hal_tim_ex.c ****   [..]
1758:Drivers/STM32F1xx_HAL_Driver/Src/stm32f1xx_hal_tim_ex.c ****     This section provides functions allowing to:
1759:Drivers/STM32F1xx_HAL_Driver/Src/stm32f1xx_hal_tim_ex.c ****       (+) Configure the commutation event in case of use of the Hall sensor interface.
1760:Drivers/STM32F1xx_HAL_Driver/Src/stm32f1xx_hal_tim_ex.c ****       (+) Configure Output channels for OC and PWM mode.
1761:Drivers/STM32F1xx_HAL_Driver/Src/stm32f1xx_hal_tim_ex.c **** 
1762:Drivers/STM32F1xx_HAL_Driver/Src/stm32f1xx_hal_tim_ex.c ****       (+) Configure Complementary channels, break features and dead time.
1763:Drivers/STM32F1xx_HAL_Driver/Src/stm32f1xx_hal_tim_ex.c ****       (+) Configure Master synchronization.
1764:Drivers/STM32F1xx_HAL_Driver/Src/stm32f1xx_hal_tim_ex.c ****       (+) Configure timer remapping capabilities.
1765:Drivers/STM32F1xx_HAL_Driver/Src/stm32f1xx_hal_tim_ex.c **** 
1766:Drivers/STM32F1xx_HAL_Driver/Src/stm32f1xx_hal_tim_ex.c **** @endverbatim
1767:Drivers/STM32F1xx_HAL_Driver/Src/stm32f1xx_hal_tim_ex.c ****   * @{
1768:Drivers/STM32F1xx_HAL_Driver/Src/stm32f1xx_hal_tim_ex.c ****   */
1769:Drivers/STM32F1xx_HAL_Driver/Src/stm32f1xx_hal_tim_ex.c **** 
1770:Drivers/STM32F1xx_HAL_Driver/Src/stm32f1xx_hal_tim_ex.c **** /**
1771:Drivers/STM32F1xx_HAL_Driver/Src/stm32f1xx_hal_tim_ex.c ****   * @brief  Configure the TIM commutation event sequence.
1772:Drivers/STM32F1xx_HAL_Driver/Src/stm32f1xx_hal_tim_ex.c ****   * @note  This function is mandatory to use the commutation event in order to
1773:Drivers/STM32F1xx_HAL_Driver/Src/stm32f1xx_hal_tim_ex.c ****   *        update the configuration at each commutation detection on the TRGI input of the Timer,
1774:Drivers/STM32F1xx_HAL_Driver/Src/stm32f1xx_hal_tim_ex.c ****   *        the typical use of this feature is with the use of another Timer(interface Timer)
1775:Drivers/STM32F1xx_HAL_Driver/Src/stm32f1xx_hal_tim_ex.c ****   *        configured in Hall sensor interface, this interface Timer will generate the
1776:Drivers/STM32F1xx_HAL_Driver/Src/stm32f1xx_hal_tim_ex.c ****   *        commutation at its TRGO output (connected to Timer used in this function) each time
1777:Drivers/STM32F1xx_HAL_Driver/Src/stm32f1xx_hal_tim_ex.c ****   *        the TI1 of the Interface Timer detect a commutation at its input TI1.
1778:Drivers/STM32F1xx_HAL_Driver/Src/stm32f1xx_hal_tim_ex.c ****   * @param  htim TIM handle
1779:Drivers/STM32F1xx_HAL_Driver/Src/stm32f1xx_hal_tim_ex.c ****   * @param  InputTrigger the Internal trigger corresponding to the Timer Interfacing with the Hall 
1780:Drivers/STM32F1xx_HAL_Driver/Src/stm32f1xx_hal_tim_ex.c ****   *          This parameter can be one of the following values:
1781:Drivers/STM32F1xx_HAL_Driver/Src/stm32f1xx_hal_tim_ex.c ****   *            @arg TIM_TS_ITR0: Internal trigger 0 selected
1782:Drivers/STM32F1xx_HAL_Driver/Src/stm32f1xx_hal_tim_ex.c ****   *            @arg TIM_TS_ITR1: Internal trigger 1 selected
1783:Drivers/STM32F1xx_HAL_Driver/Src/stm32f1xx_hal_tim_ex.c ****   *            @arg TIM_TS_ITR2: Internal trigger 2 selected
1784:Drivers/STM32F1xx_HAL_Driver/Src/stm32f1xx_hal_tim_ex.c ****   *            @arg TIM_TS_ITR3: Internal trigger 3 selected
1785:Drivers/STM32F1xx_HAL_Driver/Src/stm32f1xx_hal_tim_ex.c ****   *            @arg TIM_TS_NONE: No trigger is needed
1786:Drivers/STM32F1xx_HAL_Driver/Src/stm32f1xx_hal_tim_ex.c ****   * @param  CommutationSource the Commutation Event source
1787:Drivers/STM32F1xx_HAL_Driver/Src/stm32f1xx_hal_tim_ex.c ****   *          This parameter can be one of the following values:
1788:Drivers/STM32F1xx_HAL_Driver/Src/stm32f1xx_hal_tim_ex.c ****   *            @arg TIM_COMMUTATION_TRGI: Commutation source is the TRGI of the Interface Timer
1789:Drivers/STM32F1xx_HAL_Driver/Src/stm32f1xx_hal_tim_ex.c ****   *            @arg TIM_COMMUTATION_SOFTWARE:  Commutation source is set by software using the COMG
1790:Drivers/STM32F1xx_HAL_Driver/Src/stm32f1xx_hal_tim_ex.c ****   * @retval HAL status
1791:Drivers/STM32F1xx_HAL_Driver/Src/stm32f1xx_hal_tim_ex.c ****   */
1792:Drivers/STM32F1xx_HAL_Driver/Src/stm32f1xx_hal_tim_ex.c **** HAL_StatusTypeDef HAL_TIMEx_ConfigCommutEvent(TIM_HandleTypeDef *htim, uint32_t  InputTrigger,
1793:Drivers/STM32F1xx_HAL_Driver/Src/stm32f1xx_hal_tim_ex.c ****                                               uint32_t  CommutationSource)
1794:Drivers/STM32F1xx_HAL_Driver/Src/stm32f1xx_hal_tim_ex.c **** {
1795:Drivers/STM32F1xx_HAL_Driver/Src/stm32f1xx_hal_tim_ex.c ****   /* Check the parameters */
1796:Drivers/STM32F1xx_HAL_Driver/Src/stm32f1xx_hal_tim_ex.c ****   assert_param(IS_TIM_COMMUTATION_EVENT_INSTANCE(htim->Instance));
1797:Drivers/STM32F1xx_HAL_Driver/Src/stm32f1xx_hal_tim_ex.c ****   assert_param(IS_TIM_INTERNAL_TRIGGEREVENT_SELECTION(InputTrigger));
1798:Drivers/STM32F1xx_HAL_Driver/Src/stm32f1xx_hal_tim_ex.c **** 
1799:Drivers/STM32F1xx_HAL_Driver/Src/stm32f1xx_hal_tim_ex.c ****   __HAL_LOCK(htim);
ARM GAS  /tmp/ccr982nq.s 			page 33


1800:Drivers/STM32F1xx_HAL_Driver/Src/stm32f1xx_hal_tim_ex.c **** 
1801:Drivers/STM32F1xx_HAL_Driver/Src/stm32f1xx_hal_tim_ex.c ****   if ((InputTrigger == TIM_TS_ITR0) || (InputTrigger == TIM_TS_ITR1) ||
1802:Drivers/STM32F1xx_HAL_Driver/Src/stm32f1xx_hal_tim_ex.c ****       (InputTrigger == TIM_TS_ITR2) || (InputTrigger == TIM_TS_ITR3))
1803:Drivers/STM32F1xx_HAL_Driver/Src/stm32f1xx_hal_tim_ex.c ****   {
1804:Drivers/STM32F1xx_HAL_Driver/Src/stm32f1xx_hal_tim_ex.c ****     /* Select the Input trigger */
1805:Drivers/STM32F1xx_HAL_Driver/Src/stm32f1xx_hal_tim_ex.c ****     htim->Instance->SMCR &= ~TIM_SMCR_TS;
1806:Drivers/STM32F1xx_HAL_Driver/Src/stm32f1xx_hal_tim_ex.c ****     htim->Instance->SMCR |= InputTrigger;
1807:Drivers/STM32F1xx_HAL_Driver/Src/stm32f1xx_hal_tim_ex.c ****   }
1808:Drivers/STM32F1xx_HAL_Driver/Src/stm32f1xx_hal_tim_ex.c **** 
1809:Drivers/STM32F1xx_HAL_Driver/Src/stm32f1xx_hal_tim_ex.c ****   /* Select the Capture Compare preload feature */
1810:Drivers/STM32F1xx_HAL_Driver/Src/stm32f1xx_hal_tim_ex.c ****   htim->Instance->CR2 |= TIM_CR2_CCPC;
1811:Drivers/STM32F1xx_HAL_Driver/Src/stm32f1xx_hal_tim_ex.c ****   /* Select the Commutation event source */
1812:Drivers/STM32F1xx_HAL_Driver/Src/stm32f1xx_hal_tim_ex.c ****   htim->Instance->CR2 &= ~TIM_CR2_CCUS;
1813:Drivers/STM32F1xx_HAL_Driver/Src/stm32f1xx_hal_tim_ex.c ****   htim->Instance->CR2 |= CommutationSource;
1814:Drivers/STM32F1xx_HAL_Driver/Src/stm32f1xx_hal_tim_ex.c **** 
1815:Drivers/STM32F1xx_HAL_Driver/Src/stm32f1xx_hal_tim_ex.c ****   /* Disable Commutation Interrupt */
1816:Drivers/STM32F1xx_HAL_Driver/Src/stm32f1xx_hal_tim_ex.c ****   __HAL_TIM_DISABLE_IT(htim, TIM_IT_COM);
1817:Drivers/STM32F1xx_HAL_Driver/Src/stm32f1xx_hal_tim_ex.c **** 
1818:Drivers/STM32F1xx_HAL_Driver/Src/stm32f1xx_hal_tim_ex.c ****   /* Disable Commutation DMA request */
1819:Drivers/STM32F1xx_HAL_Driver/Src/stm32f1xx_hal_tim_ex.c ****   __HAL_TIM_DISABLE_DMA(htim, TIM_DMA_COM);
1820:Drivers/STM32F1xx_HAL_Driver/Src/stm32f1xx_hal_tim_ex.c **** 
1821:Drivers/STM32F1xx_HAL_Driver/Src/stm32f1xx_hal_tim_ex.c ****   __HAL_UNLOCK(htim);
1822:Drivers/STM32F1xx_HAL_Driver/Src/stm32f1xx_hal_tim_ex.c **** 
1823:Drivers/STM32F1xx_HAL_Driver/Src/stm32f1xx_hal_tim_ex.c ****   return HAL_OK;
1824:Drivers/STM32F1xx_HAL_Driver/Src/stm32f1xx_hal_tim_ex.c **** }
1825:Drivers/STM32F1xx_HAL_Driver/Src/stm32f1xx_hal_tim_ex.c **** 
1826:Drivers/STM32F1xx_HAL_Driver/Src/stm32f1xx_hal_tim_ex.c **** /**
1827:Drivers/STM32F1xx_HAL_Driver/Src/stm32f1xx_hal_tim_ex.c ****   * @brief  Configure the TIM commutation event sequence with interrupt.
1828:Drivers/STM32F1xx_HAL_Driver/Src/stm32f1xx_hal_tim_ex.c ****   * @note  This function is mandatory to use the commutation event in order to
1829:Drivers/STM32F1xx_HAL_Driver/Src/stm32f1xx_hal_tim_ex.c ****   *        update the configuration at each commutation detection on the TRGI input of the Timer,
1830:Drivers/STM32F1xx_HAL_Driver/Src/stm32f1xx_hal_tim_ex.c ****   *        the typical use of this feature is with the use of another Timer(interface Timer)
1831:Drivers/STM32F1xx_HAL_Driver/Src/stm32f1xx_hal_tim_ex.c ****   *        configured in Hall sensor interface, this interface Timer will generate the
1832:Drivers/STM32F1xx_HAL_Driver/Src/stm32f1xx_hal_tim_ex.c ****   *        commutation at its TRGO output (connected to Timer used in this function) each time
1833:Drivers/STM32F1xx_HAL_Driver/Src/stm32f1xx_hal_tim_ex.c ****   *        the TI1 of the Interface Timer detect a commutation at its input TI1.
1834:Drivers/STM32F1xx_HAL_Driver/Src/stm32f1xx_hal_tim_ex.c ****   * @param  htim TIM handle
1835:Drivers/STM32F1xx_HAL_Driver/Src/stm32f1xx_hal_tim_ex.c ****   * @param  InputTrigger the Internal trigger corresponding to the Timer Interfacing with the Hall 
1836:Drivers/STM32F1xx_HAL_Driver/Src/stm32f1xx_hal_tim_ex.c ****   *          This parameter can be one of the following values:
1837:Drivers/STM32F1xx_HAL_Driver/Src/stm32f1xx_hal_tim_ex.c ****   *            @arg TIM_TS_ITR0: Internal trigger 0 selected
1838:Drivers/STM32F1xx_HAL_Driver/Src/stm32f1xx_hal_tim_ex.c ****   *            @arg TIM_TS_ITR1: Internal trigger 1 selected
1839:Drivers/STM32F1xx_HAL_Driver/Src/stm32f1xx_hal_tim_ex.c ****   *            @arg TIM_TS_ITR2: Internal trigger 2 selected
1840:Drivers/STM32F1xx_HAL_Driver/Src/stm32f1xx_hal_tim_ex.c ****   *            @arg TIM_TS_ITR3: Internal trigger 3 selected
1841:Drivers/STM32F1xx_HAL_Driver/Src/stm32f1xx_hal_tim_ex.c ****   *            @arg TIM_TS_NONE: No trigger is needed
1842:Drivers/STM32F1xx_HAL_Driver/Src/stm32f1xx_hal_tim_ex.c ****   * @param  CommutationSource the Commutation Event source
1843:Drivers/STM32F1xx_HAL_Driver/Src/stm32f1xx_hal_tim_ex.c ****   *          This parameter can be one of the following values:
1844:Drivers/STM32F1xx_HAL_Driver/Src/stm32f1xx_hal_tim_ex.c ****   *            @arg TIM_COMMUTATION_TRGI: Commutation source is the TRGI of the Interface Timer
1845:Drivers/STM32F1xx_HAL_Driver/Src/stm32f1xx_hal_tim_ex.c ****   *            @arg TIM_COMMUTATION_SOFTWARE:  Commutation source is set by software using the COMG
1846:Drivers/STM32F1xx_HAL_Driver/Src/stm32f1xx_hal_tim_ex.c ****   * @retval HAL status
1847:Drivers/STM32F1xx_HAL_Driver/Src/stm32f1xx_hal_tim_ex.c ****   */
1848:Drivers/STM32F1xx_HAL_Driver/Src/stm32f1xx_hal_tim_ex.c **** HAL_StatusTypeDef HAL_TIMEx_ConfigCommutEvent_IT(TIM_HandleTypeDef *htim, uint32_t  InputTrigger,
1849:Drivers/STM32F1xx_HAL_Driver/Src/stm32f1xx_hal_tim_ex.c ****                                                  uint32_t  CommutationSource)
1850:Drivers/STM32F1xx_HAL_Driver/Src/stm32f1xx_hal_tim_ex.c **** {
1851:Drivers/STM32F1xx_HAL_Driver/Src/stm32f1xx_hal_tim_ex.c ****   /* Check the parameters */
1852:Drivers/STM32F1xx_HAL_Driver/Src/stm32f1xx_hal_tim_ex.c ****   assert_param(IS_TIM_COMMUTATION_EVENT_INSTANCE(htim->Instance));
1853:Drivers/STM32F1xx_HAL_Driver/Src/stm32f1xx_hal_tim_ex.c ****   assert_param(IS_TIM_INTERNAL_TRIGGEREVENT_SELECTION(InputTrigger));
1854:Drivers/STM32F1xx_HAL_Driver/Src/stm32f1xx_hal_tim_ex.c **** 
1855:Drivers/STM32F1xx_HAL_Driver/Src/stm32f1xx_hal_tim_ex.c ****   __HAL_LOCK(htim);
1856:Drivers/STM32F1xx_HAL_Driver/Src/stm32f1xx_hal_tim_ex.c **** 
ARM GAS  /tmp/ccr982nq.s 			page 34


1857:Drivers/STM32F1xx_HAL_Driver/Src/stm32f1xx_hal_tim_ex.c ****   if ((InputTrigger == TIM_TS_ITR0) || (InputTrigger == TIM_TS_ITR1) ||
1858:Drivers/STM32F1xx_HAL_Driver/Src/stm32f1xx_hal_tim_ex.c ****       (InputTrigger == TIM_TS_ITR2) || (InputTrigger == TIM_TS_ITR3))
1859:Drivers/STM32F1xx_HAL_Driver/Src/stm32f1xx_hal_tim_ex.c ****   {
1860:Drivers/STM32F1xx_HAL_Driver/Src/stm32f1xx_hal_tim_ex.c ****     /* Select the Input trigger */
1861:Drivers/STM32F1xx_HAL_Driver/Src/stm32f1xx_hal_tim_ex.c ****     htim->Instance->SMCR &= ~TIM_SMCR_TS;
1862:Drivers/STM32F1xx_HAL_Driver/Src/stm32f1xx_hal_tim_ex.c ****     htim->Instance->SMCR |= InputTrigger;
1863:Drivers/STM32F1xx_HAL_Driver/Src/stm32f1xx_hal_tim_ex.c ****   }
1864:Drivers/STM32F1xx_HAL_Driver/Src/stm32f1xx_hal_tim_ex.c **** 
1865:Drivers/STM32F1xx_HAL_Driver/Src/stm32f1xx_hal_tim_ex.c ****   /* Select the Capture Compare preload feature */
1866:Drivers/STM32F1xx_HAL_Driver/Src/stm32f1xx_hal_tim_ex.c ****   htim->Instance->CR2 |= TIM_CR2_CCPC;
1867:Drivers/STM32F1xx_HAL_Driver/Src/stm32f1xx_hal_tim_ex.c ****   /* Select the Commutation event source */
1868:Drivers/STM32F1xx_HAL_Driver/Src/stm32f1xx_hal_tim_ex.c ****   htim->Instance->CR2 &= ~TIM_CR2_CCUS;
1869:Drivers/STM32F1xx_HAL_Driver/Src/stm32f1xx_hal_tim_ex.c ****   htim->Instance->CR2 |= CommutationSource;
1870:Drivers/STM32F1xx_HAL_Driver/Src/stm32f1xx_hal_tim_ex.c **** 
1871:Drivers/STM32F1xx_HAL_Driver/Src/stm32f1xx_hal_tim_ex.c ****   /* Disable Commutation DMA request */
1872:Drivers/STM32F1xx_HAL_Driver/Src/stm32f1xx_hal_tim_ex.c ****   __HAL_TIM_DISABLE_DMA(htim, TIM_DMA_COM);
1873:Drivers/STM32F1xx_HAL_Driver/Src/stm32f1xx_hal_tim_ex.c **** 
1874:Drivers/STM32F1xx_HAL_Driver/Src/stm32f1xx_hal_tim_ex.c ****   /* Enable the Commutation Interrupt */
1875:Drivers/STM32F1xx_HAL_Driver/Src/stm32f1xx_hal_tim_ex.c ****   __HAL_TIM_ENABLE_IT(htim, TIM_IT_COM);
1876:Drivers/STM32F1xx_HAL_Driver/Src/stm32f1xx_hal_tim_ex.c **** 
1877:Drivers/STM32F1xx_HAL_Driver/Src/stm32f1xx_hal_tim_ex.c ****   __HAL_UNLOCK(htim);
1878:Drivers/STM32F1xx_HAL_Driver/Src/stm32f1xx_hal_tim_ex.c **** 
1879:Drivers/STM32F1xx_HAL_Driver/Src/stm32f1xx_hal_tim_ex.c ****   return HAL_OK;
1880:Drivers/STM32F1xx_HAL_Driver/Src/stm32f1xx_hal_tim_ex.c **** }
1881:Drivers/STM32F1xx_HAL_Driver/Src/stm32f1xx_hal_tim_ex.c **** 
1882:Drivers/STM32F1xx_HAL_Driver/Src/stm32f1xx_hal_tim_ex.c **** /**
1883:Drivers/STM32F1xx_HAL_Driver/Src/stm32f1xx_hal_tim_ex.c ****   * @brief  Configure the TIM commutation event sequence with DMA.
1884:Drivers/STM32F1xx_HAL_Driver/Src/stm32f1xx_hal_tim_ex.c ****   * @note  This function is mandatory to use the commutation event in order to
1885:Drivers/STM32F1xx_HAL_Driver/Src/stm32f1xx_hal_tim_ex.c ****   *        update the configuration at each commutation detection on the TRGI input of the Timer,
1886:Drivers/STM32F1xx_HAL_Driver/Src/stm32f1xx_hal_tim_ex.c ****   *        the typical use of this feature is with the use of another Timer(interface Timer)
1887:Drivers/STM32F1xx_HAL_Driver/Src/stm32f1xx_hal_tim_ex.c ****   *        configured in Hall sensor interface, this interface Timer will generate the
1888:Drivers/STM32F1xx_HAL_Driver/Src/stm32f1xx_hal_tim_ex.c ****   *        commutation at its TRGO output (connected to Timer used in this function) each time
1889:Drivers/STM32F1xx_HAL_Driver/Src/stm32f1xx_hal_tim_ex.c ****   *        the TI1 of the Interface Timer detect a commutation at its input TI1.
1890:Drivers/STM32F1xx_HAL_Driver/Src/stm32f1xx_hal_tim_ex.c ****   * @note  The user should configure the DMA in his own software, in This function only the COMDE b
1891:Drivers/STM32F1xx_HAL_Driver/Src/stm32f1xx_hal_tim_ex.c ****   * @param  htim TIM handle
1892:Drivers/STM32F1xx_HAL_Driver/Src/stm32f1xx_hal_tim_ex.c ****   * @param  InputTrigger the Internal trigger corresponding to the Timer Interfacing with the Hall 
1893:Drivers/STM32F1xx_HAL_Driver/Src/stm32f1xx_hal_tim_ex.c ****   *          This parameter can be one of the following values:
1894:Drivers/STM32F1xx_HAL_Driver/Src/stm32f1xx_hal_tim_ex.c ****   *            @arg TIM_TS_ITR0: Internal trigger 0 selected
1895:Drivers/STM32F1xx_HAL_Driver/Src/stm32f1xx_hal_tim_ex.c ****   *            @arg TIM_TS_ITR1: Internal trigger 1 selected
1896:Drivers/STM32F1xx_HAL_Driver/Src/stm32f1xx_hal_tim_ex.c ****   *            @arg TIM_TS_ITR2: Internal trigger 2 selected
1897:Drivers/STM32F1xx_HAL_Driver/Src/stm32f1xx_hal_tim_ex.c ****   *            @arg TIM_TS_ITR3: Internal trigger 3 selected
1898:Drivers/STM32F1xx_HAL_Driver/Src/stm32f1xx_hal_tim_ex.c ****   *            @arg TIM_TS_NONE: No trigger is needed
1899:Drivers/STM32F1xx_HAL_Driver/Src/stm32f1xx_hal_tim_ex.c ****   * @param  CommutationSource the Commutation Event source
1900:Drivers/STM32F1xx_HAL_Driver/Src/stm32f1xx_hal_tim_ex.c ****   *          This parameter can be one of the following values:
1901:Drivers/STM32F1xx_HAL_Driver/Src/stm32f1xx_hal_tim_ex.c ****   *            @arg TIM_COMMUTATION_TRGI: Commutation source is the TRGI of the Interface Timer
1902:Drivers/STM32F1xx_HAL_Driver/Src/stm32f1xx_hal_tim_ex.c ****   *            @arg TIM_COMMUTATION_SOFTWARE:  Commutation source is set by software using the COMG
1903:Drivers/STM32F1xx_HAL_Driver/Src/stm32f1xx_hal_tim_ex.c ****   * @retval HAL status
1904:Drivers/STM32F1xx_HAL_Driver/Src/stm32f1xx_hal_tim_ex.c ****   */
1905:Drivers/STM32F1xx_HAL_Driver/Src/stm32f1xx_hal_tim_ex.c **** HAL_StatusTypeDef HAL_TIMEx_ConfigCommutEvent_DMA(TIM_HandleTypeDef *htim, uint32_t  InputTrigger,
1906:Drivers/STM32F1xx_HAL_Driver/Src/stm32f1xx_hal_tim_ex.c ****                                                   uint32_t  CommutationSource)
1907:Drivers/STM32F1xx_HAL_Driver/Src/stm32f1xx_hal_tim_ex.c **** {
1908:Drivers/STM32F1xx_HAL_Driver/Src/stm32f1xx_hal_tim_ex.c ****   /* Check the parameters */
1909:Drivers/STM32F1xx_HAL_Driver/Src/stm32f1xx_hal_tim_ex.c ****   assert_param(IS_TIM_COMMUTATION_EVENT_INSTANCE(htim->Instance));
1910:Drivers/STM32F1xx_HAL_Driver/Src/stm32f1xx_hal_tim_ex.c ****   assert_param(IS_TIM_INTERNAL_TRIGGEREVENT_SELECTION(InputTrigger));
1911:Drivers/STM32F1xx_HAL_Driver/Src/stm32f1xx_hal_tim_ex.c **** 
1912:Drivers/STM32F1xx_HAL_Driver/Src/stm32f1xx_hal_tim_ex.c ****   __HAL_LOCK(htim);
1913:Drivers/STM32F1xx_HAL_Driver/Src/stm32f1xx_hal_tim_ex.c **** 
ARM GAS  /tmp/ccr982nq.s 			page 35


1914:Drivers/STM32F1xx_HAL_Driver/Src/stm32f1xx_hal_tim_ex.c ****   if ((InputTrigger == TIM_TS_ITR0) || (InputTrigger == TIM_TS_ITR1) ||
1915:Drivers/STM32F1xx_HAL_Driver/Src/stm32f1xx_hal_tim_ex.c ****       (InputTrigger == TIM_TS_ITR2) || (InputTrigger == TIM_TS_ITR3))
1916:Drivers/STM32F1xx_HAL_Driver/Src/stm32f1xx_hal_tim_ex.c ****   {
1917:Drivers/STM32F1xx_HAL_Driver/Src/stm32f1xx_hal_tim_ex.c ****     /* Select the Input trigger */
1918:Drivers/STM32F1xx_HAL_Driver/Src/stm32f1xx_hal_tim_ex.c ****     htim->Instance->SMCR &= ~TIM_SMCR_TS;
1919:Drivers/STM32F1xx_HAL_Driver/Src/stm32f1xx_hal_tim_ex.c ****     htim->Instance->SMCR |= InputTrigger;
1920:Drivers/STM32F1xx_HAL_Driver/Src/stm32f1xx_hal_tim_ex.c ****   }
1921:Drivers/STM32F1xx_HAL_Driver/Src/stm32f1xx_hal_tim_ex.c **** 
1922:Drivers/STM32F1xx_HAL_Driver/Src/stm32f1xx_hal_tim_ex.c ****   /* Select the Capture Compare preload feature */
1923:Drivers/STM32F1xx_HAL_Driver/Src/stm32f1xx_hal_tim_ex.c ****   htim->Instance->CR2 |= TIM_CR2_CCPC;
1924:Drivers/STM32F1xx_HAL_Driver/Src/stm32f1xx_hal_tim_ex.c ****   /* Select the Commutation event source */
1925:Drivers/STM32F1xx_HAL_Driver/Src/stm32f1xx_hal_tim_ex.c ****   htim->Instance->CR2 &= ~TIM_CR2_CCUS;
1926:Drivers/STM32F1xx_HAL_Driver/Src/stm32f1xx_hal_tim_ex.c ****   htim->Instance->CR2 |= CommutationSource;
1927:Drivers/STM32F1xx_HAL_Driver/Src/stm32f1xx_hal_tim_ex.c **** 
1928:Drivers/STM32F1xx_HAL_Driver/Src/stm32f1xx_hal_tim_ex.c ****   /* Enable the Commutation DMA Request */
1929:Drivers/STM32F1xx_HAL_Driver/Src/stm32f1xx_hal_tim_ex.c ****   /* Set the DMA Commutation Callback */
1930:Drivers/STM32F1xx_HAL_Driver/Src/stm32f1xx_hal_tim_ex.c ****   htim->hdma[TIM_DMA_ID_COMMUTATION]->XferCpltCallback = TIMEx_DMACommutationCplt;
1931:Drivers/STM32F1xx_HAL_Driver/Src/stm32f1xx_hal_tim_ex.c ****   htim->hdma[TIM_DMA_ID_COMMUTATION]->XferHalfCpltCallback = TIMEx_DMACommutationHalfCplt;
1932:Drivers/STM32F1xx_HAL_Driver/Src/stm32f1xx_hal_tim_ex.c ****   /* Set the DMA error callback */
1933:Drivers/STM32F1xx_HAL_Driver/Src/stm32f1xx_hal_tim_ex.c ****   htim->hdma[TIM_DMA_ID_COMMUTATION]->XferErrorCallback = TIM_DMAError;
1934:Drivers/STM32F1xx_HAL_Driver/Src/stm32f1xx_hal_tim_ex.c **** 
1935:Drivers/STM32F1xx_HAL_Driver/Src/stm32f1xx_hal_tim_ex.c ****   /* Disable Commutation Interrupt */
1936:Drivers/STM32F1xx_HAL_Driver/Src/stm32f1xx_hal_tim_ex.c ****   __HAL_TIM_DISABLE_IT(htim, TIM_IT_COM);
1937:Drivers/STM32F1xx_HAL_Driver/Src/stm32f1xx_hal_tim_ex.c **** 
1938:Drivers/STM32F1xx_HAL_Driver/Src/stm32f1xx_hal_tim_ex.c ****   /* Enable the Commutation DMA Request */
1939:Drivers/STM32F1xx_HAL_Driver/Src/stm32f1xx_hal_tim_ex.c ****   __HAL_TIM_ENABLE_DMA(htim, TIM_DMA_COM);
1940:Drivers/STM32F1xx_HAL_Driver/Src/stm32f1xx_hal_tim_ex.c **** 
1941:Drivers/STM32F1xx_HAL_Driver/Src/stm32f1xx_hal_tim_ex.c ****   __HAL_UNLOCK(htim);
1942:Drivers/STM32F1xx_HAL_Driver/Src/stm32f1xx_hal_tim_ex.c **** 
1943:Drivers/STM32F1xx_HAL_Driver/Src/stm32f1xx_hal_tim_ex.c ****   return HAL_OK;
1944:Drivers/STM32F1xx_HAL_Driver/Src/stm32f1xx_hal_tim_ex.c **** }
1945:Drivers/STM32F1xx_HAL_Driver/Src/stm32f1xx_hal_tim_ex.c **** 
1946:Drivers/STM32F1xx_HAL_Driver/Src/stm32f1xx_hal_tim_ex.c **** /**
1947:Drivers/STM32F1xx_HAL_Driver/Src/stm32f1xx_hal_tim_ex.c ****   * @brief  Configures the TIM in master mode.
1948:Drivers/STM32F1xx_HAL_Driver/Src/stm32f1xx_hal_tim_ex.c ****   * @param  htim TIM handle.
1949:Drivers/STM32F1xx_HAL_Driver/Src/stm32f1xx_hal_tim_ex.c ****   * @param  sMasterConfig pointer to a TIM_MasterConfigTypeDef structure that
1950:Drivers/STM32F1xx_HAL_Driver/Src/stm32f1xx_hal_tim_ex.c ****   *         contains the selected trigger output (TRGO) and the Master/Slave
1951:Drivers/STM32F1xx_HAL_Driver/Src/stm32f1xx_hal_tim_ex.c ****   *         mode.
1952:Drivers/STM32F1xx_HAL_Driver/Src/stm32f1xx_hal_tim_ex.c ****   * @retval HAL status
1953:Drivers/STM32F1xx_HAL_Driver/Src/stm32f1xx_hal_tim_ex.c ****   */
1954:Drivers/STM32F1xx_HAL_Driver/Src/stm32f1xx_hal_tim_ex.c **** HAL_StatusTypeDef HAL_TIMEx_MasterConfigSynchronization(TIM_HandleTypeDef *htim,
1955:Drivers/STM32F1xx_HAL_Driver/Src/stm32f1xx_hal_tim_ex.c ****                                                         const TIM_MasterConfigTypeDef *sMasterConfi
1956:Drivers/STM32F1xx_HAL_Driver/Src/stm32f1xx_hal_tim_ex.c **** {
1957:Drivers/STM32F1xx_HAL_Driver/Src/stm32f1xx_hal_tim_ex.c ****   uint32_t tmpcr2;
1958:Drivers/STM32F1xx_HAL_Driver/Src/stm32f1xx_hal_tim_ex.c ****   uint32_t tmpsmcr;
1959:Drivers/STM32F1xx_HAL_Driver/Src/stm32f1xx_hal_tim_ex.c **** 
1960:Drivers/STM32F1xx_HAL_Driver/Src/stm32f1xx_hal_tim_ex.c ****   /* Check the parameters */
1961:Drivers/STM32F1xx_HAL_Driver/Src/stm32f1xx_hal_tim_ex.c ****   assert_param(IS_TIM_MASTER_INSTANCE(htim->Instance));
1962:Drivers/STM32F1xx_HAL_Driver/Src/stm32f1xx_hal_tim_ex.c ****   assert_param(IS_TIM_TRGO_SOURCE(sMasterConfig->MasterOutputTrigger));
1963:Drivers/STM32F1xx_HAL_Driver/Src/stm32f1xx_hal_tim_ex.c ****   assert_param(IS_TIM_MSM_STATE(sMasterConfig->MasterSlaveMode));
1964:Drivers/STM32F1xx_HAL_Driver/Src/stm32f1xx_hal_tim_ex.c **** 
1965:Drivers/STM32F1xx_HAL_Driver/Src/stm32f1xx_hal_tim_ex.c ****   /* Check input state */
1966:Drivers/STM32F1xx_HAL_Driver/Src/stm32f1xx_hal_tim_ex.c ****   __HAL_LOCK(htim);
1967:Drivers/STM32F1xx_HAL_Driver/Src/stm32f1xx_hal_tim_ex.c **** 
1968:Drivers/STM32F1xx_HAL_Driver/Src/stm32f1xx_hal_tim_ex.c ****   /* Change the handler state */
1969:Drivers/STM32F1xx_HAL_Driver/Src/stm32f1xx_hal_tim_ex.c ****   htim->State = HAL_TIM_STATE_BUSY;
1970:Drivers/STM32F1xx_HAL_Driver/Src/stm32f1xx_hal_tim_ex.c **** 
ARM GAS  /tmp/ccr982nq.s 			page 36


1971:Drivers/STM32F1xx_HAL_Driver/Src/stm32f1xx_hal_tim_ex.c ****   /* Get the TIMx CR2 register value */
1972:Drivers/STM32F1xx_HAL_Driver/Src/stm32f1xx_hal_tim_ex.c ****   tmpcr2 = htim->Instance->CR2;
1973:Drivers/STM32F1xx_HAL_Driver/Src/stm32f1xx_hal_tim_ex.c **** 
1974:Drivers/STM32F1xx_HAL_Driver/Src/stm32f1xx_hal_tim_ex.c ****   /* Get the TIMx SMCR register value */
1975:Drivers/STM32F1xx_HAL_Driver/Src/stm32f1xx_hal_tim_ex.c ****   tmpsmcr = htim->Instance->SMCR;
1976:Drivers/STM32F1xx_HAL_Driver/Src/stm32f1xx_hal_tim_ex.c **** 
1977:Drivers/STM32F1xx_HAL_Driver/Src/stm32f1xx_hal_tim_ex.c ****   /* Reset the MMS Bits */
1978:Drivers/STM32F1xx_HAL_Driver/Src/stm32f1xx_hal_tim_ex.c ****   tmpcr2 &= ~TIM_CR2_MMS;
1979:Drivers/STM32F1xx_HAL_Driver/Src/stm32f1xx_hal_tim_ex.c ****   /* Select the TRGO source */
1980:Drivers/STM32F1xx_HAL_Driver/Src/stm32f1xx_hal_tim_ex.c ****   tmpcr2 |=  sMasterConfig->MasterOutputTrigger;
1981:Drivers/STM32F1xx_HAL_Driver/Src/stm32f1xx_hal_tim_ex.c **** 
1982:Drivers/STM32F1xx_HAL_Driver/Src/stm32f1xx_hal_tim_ex.c ****   /* Update TIMx CR2 */
1983:Drivers/STM32F1xx_HAL_Driver/Src/stm32f1xx_hal_tim_ex.c ****   htim->Instance->CR2 = tmpcr2;
1984:Drivers/STM32F1xx_HAL_Driver/Src/stm32f1xx_hal_tim_ex.c **** 
1985:Drivers/STM32F1xx_HAL_Driver/Src/stm32f1xx_hal_tim_ex.c ****   if (IS_TIM_SLAVE_INSTANCE(htim->Instance))
1986:Drivers/STM32F1xx_HAL_Driver/Src/stm32f1xx_hal_tim_ex.c ****   {
1987:Drivers/STM32F1xx_HAL_Driver/Src/stm32f1xx_hal_tim_ex.c ****     /* Reset the MSM Bit */
1988:Drivers/STM32F1xx_HAL_Driver/Src/stm32f1xx_hal_tim_ex.c ****     tmpsmcr &= ~TIM_SMCR_MSM;
1989:Drivers/STM32F1xx_HAL_Driver/Src/stm32f1xx_hal_tim_ex.c ****     /* Set master mode */
1990:Drivers/STM32F1xx_HAL_Driver/Src/stm32f1xx_hal_tim_ex.c ****     tmpsmcr |= sMasterConfig->MasterSlaveMode;
1991:Drivers/STM32F1xx_HAL_Driver/Src/stm32f1xx_hal_tim_ex.c **** 
1992:Drivers/STM32F1xx_HAL_Driver/Src/stm32f1xx_hal_tim_ex.c ****     /* Update TIMx SMCR */
1993:Drivers/STM32F1xx_HAL_Driver/Src/stm32f1xx_hal_tim_ex.c ****     htim->Instance->SMCR = tmpsmcr;
1994:Drivers/STM32F1xx_HAL_Driver/Src/stm32f1xx_hal_tim_ex.c ****   }
1995:Drivers/STM32F1xx_HAL_Driver/Src/stm32f1xx_hal_tim_ex.c **** 
1996:Drivers/STM32F1xx_HAL_Driver/Src/stm32f1xx_hal_tim_ex.c ****   /* Change the htim state */
1997:Drivers/STM32F1xx_HAL_Driver/Src/stm32f1xx_hal_tim_ex.c ****   htim->State = HAL_TIM_STATE_READY;
1998:Drivers/STM32F1xx_HAL_Driver/Src/stm32f1xx_hal_tim_ex.c **** 
1999:Drivers/STM32F1xx_HAL_Driver/Src/stm32f1xx_hal_tim_ex.c ****   __HAL_UNLOCK(htim);
2000:Drivers/STM32F1xx_HAL_Driver/Src/stm32f1xx_hal_tim_ex.c **** 
2001:Drivers/STM32F1xx_HAL_Driver/Src/stm32f1xx_hal_tim_ex.c ****   return HAL_OK;
2002:Drivers/STM32F1xx_HAL_Driver/Src/stm32f1xx_hal_tim_ex.c **** }
2003:Drivers/STM32F1xx_HAL_Driver/Src/stm32f1xx_hal_tim_ex.c **** 
2004:Drivers/STM32F1xx_HAL_Driver/Src/stm32f1xx_hal_tim_ex.c **** /**
2005:Drivers/STM32F1xx_HAL_Driver/Src/stm32f1xx_hal_tim_ex.c ****   * @brief  Configures the Break feature, dead time, Lock level, OSSI/OSSR State
2006:Drivers/STM32F1xx_HAL_Driver/Src/stm32f1xx_hal_tim_ex.c ****   *         and the AOE(automatic output enable).
2007:Drivers/STM32F1xx_HAL_Driver/Src/stm32f1xx_hal_tim_ex.c ****   * @param  htim TIM handle
2008:Drivers/STM32F1xx_HAL_Driver/Src/stm32f1xx_hal_tim_ex.c ****   * @param  sBreakDeadTimeConfig pointer to a TIM_ConfigBreakDeadConfigTypeDef structure that
2009:Drivers/STM32F1xx_HAL_Driver/Src/stm32f1xx_hal_tim_ex.c ****   *         contains the BDTR Register configuration  information for the TIM peripheral.
2010:Drivers/STM32F1xx_HAL_Driver/Src/stm32f1xx_hal_tim_ex.c ****   * @note   Interrupts can be generated when an active level is detected on the
2011:Drivers/STM32F1xx_HAL_Driver/Src/stm32f1xx_hal_tim_ex.c ****   *         break input, the break 2 input or the system break input. Break
2012:Drivers/STM32F1xx_HAL_Driver/Src/stm32f1xx_hal_tim_ex.c ****   *         interrupt can be enabled by calling the @ref __HAL_TIM_ENABLE_IT macro.
2013:Drivers/STM32F1xx_HAL_Driver/Src/stm32f1xx_hal_tim_ex.c ****   * @retval HAL status
2014:Drivers/STM32F1xx_HAL_Driver/Src/stm32f1xx_hal_tim_ex.c ****   */
2015:Drivers/STM32F1xx_HAL_Driver/Src/stm32f1xx_hal_tim_ex.c **** HAL_StatusTypeDef HAL_TIMEx_ConfigBreakDeadTime(TIM_HandleTypeDef *htim,
2016:Drivers/STM32F1xx_HAL_Driver/Src/stm32f1xx_hal_tim_ex.c ****                                                 const TIM_BreakDeadTimeConfigTypeDef *sBreakDeadTim
2017:Drivers/STM32F1xx_HAL_Driver/Src/stm32f1xx_hal_tim_ex.c **** {
2018:Drivers/STM32F1xx_HAL_Driver/Src/stm32f1xx_hal_tim_ex.c ****   /* Keep this variable initialized to 0 as it is used to configure BDTR register */
2019:Drivers/STM32F1xx_HAL_Driver/Src/stm32f1xx_hal_tim_ex.c ****   uint32_t tmpbdtr = 0U;
2020:Drivers/STM32F1xx_HAL_Driver/Src/stm32f1xx_hal_tim_ex.c **** 
2021:Drivers/STM32F1xx_HAL_Driver/Src/stm32f1xx_hal_tim_ex.c ****   /* Check the parameters */
2022:Drivers/STM32F1xx_HAL_Driver/Src/stm32f1xx_hal_tim_ex.c ****   assert_param(IS_TIM_BREAK_INSTANCE(htim->Instance));
2023:Drivers/STM32F1xx_HAL_Driver/Src/stm32f1xx_hal_tim_ex.c ****   assert_param(IS_TIM_OSSR_STATE(sBreakDeadTimeConfig->OffStateRunMode));
2024:Drivers/STM32F1xx_HAL_Driver/Src/stm32f1xx_hal_tim_ex.c ****   assert_param(IS_TIM_OSSI_STATE(sBreakDeadTimeConfig->OffStateIDLEMode));
2025:Drivers/STM32F1xx_HAL_Driver/Src/stm32f1xx_hal_tim_ex.c ****   assert_param(IS_TIM_LOCK_LEVEL(sBreakDeadTimeConfig->LockLevel));
2026:Drivers/STM32F1xx_HAL_Driver/Src/stm32f1xx_hal_tim_ex.c ****   assert_param(IS_TIM_DEADTIME(sBreakDeadTimeConfig->DeadTime));
2027:Drivers/STM32F1xx_HAL_Driver/Src/stm32f1xx_hal_tim_ex.c ****   assert_param(IS_TIM_BREAK_STATE(sBreakDeadTimeConfig->BreakState));
ARM GAS  /tmp/ccr982nq.s 			page 37


2028:Drivers/STM32F1xx_HAL_Driver/Src/stm32f1xx_hal_tim_ex.c ****   assert_param(IS_TIM_BREAK_POLARITY(sBreakDeadTimeConfig->BreakPolarity));
2029:Drivers/STM32F1xx_HAL_Driver/Src/stm32f1xx_hal_tim_ex.c ****   assert_param(IS_TIM_AUTOMATIC_OUTPUT_STATE(sBreakDeadTimeConfig->AutomaticOutput));
2030:Drivers/STM32F1xx_HAL_Driver/Src/stm32f1xx_hal_tim_ex.c **** 
2031:Drivers/STM32F1xx_HAL_Driver/Src/stm32f1xx_hal_tim_ex.c ****   /* Check input state */
2032:Drivers/STM32F1xx_HAL_Driver/Src/stm32f1xx_hal_tim_ex.c ****   __HAL_LOCK(htim);
2033:Drivers/STM32F1xx_HAL_Driver/Src/stm32f1xx_hal_tim_ex.c **** 
2034:Drivers/STM32F1xx_HAL_Driver/Src/stm32f1xx_hal_tim_ex.c ****   /* Set the Lock level, the Break enable Bit and the Polarity, the OSSR State,
2035:Drivers/STM32F1xx_HAL_Driver/Src/stm32f1xx_hal_tim_ex.c ****      the OSSI State, the dead time value and the Automatic Output Enable Bit */
2036:Drivers/STM32F1xx_HAL_Driver/Src/stm32f1xx_hal_tim_ex.c **** 
2037:Drivers/STM32F1xx_HAL_Driver/Src/stm32f1xx_hal_tim_ex.c ****   /* Set the BDTR bits */
2038:Drivers/STM32F1xx_HAL_Driver/Src/stm32f1xx_hal_tim_ex.c ****   MODIFY_REG(tmpbdtr, TIM_BDTR_DTG, sBreakDeadTimeConfig->DeadTime);
2039:Drivers/STM32F1xx_HAL_Driver/Src/stm32f1xx_hal_tim_ex.c ****   MODIFY_REG(tmpbdtr, TIM_BDTR_LOCK, sBreakDeadTimeConfig->LockLevel);
2040:Drivers/STM32F1xx_HAL_Driver/Src/stm32f1xx_hal_tim_ex.c ****   MODIFY_REG(tmpbdtr, TIM_BDTR_OSSI, sBreakDeadTimeConfig->OffStateIDLEMode);
2041:Drivers/STM32F1xx_HAL_Driver/Src/stm32f1xx_hal_tim_ex.c ****   MODIFY_REG(tmpbdtr, TIM_BDTR_OSSR, sBreakDeadTimeConfig->OffStateRunMode);
2042:Drivers/STM32F1xx_HAL_Driver/Src/stm32f1xx_hal_tim_ex.c ****   MODIFY_REG(tmpbdtr, TIM_BDTR_BKE, sBreakDeadTimeConfig->BreakState);
2043:Drivers/STM32F1xx_HAL_Driver/Src/stm32f1xx_hal_tim_ex.c ****   MODIFY_REG(tmpbdtr, TIM_BDTR_BKP, sBreakDeadTimeConfig->BreakPolarity);
2044:Drivers/STM32F1xx_HAL_Driver/Src/stm32f1xx_hal_tim_ex.c ****   MODIFY_REG(tmpbdtr, TIM_BDTR_AOE, sBreakDeadTimeConfig->AutomaticOutput);
2045:Drivers/STM32F1xx_HAL_Driver/Src/stm32f1xx_hal_tim_ex.c **** 
2046:Drivers/STM32F1xx_HAL_Driver/Src/stm32f1xx_hal_tim_ex.c **** 
2047:Drivers/STM32F1xx_HAL_Driver/Src/stm32f1xx_hal_tim_ex.c ****   /* Set TIMx_BDTR */
2048:Drivers/STM32F1xx_HAL_Driver/Src/stm32f1xx_hal_tim_ex.c ****   htim->Instance->BDTR = tmpbdtr;
2049:Drivers/STM32F1xx_HAL_Driver/Src/stm32f1xx_hal_tim_ex.c **** 
2050:Drivers/STM32F1xx_HAL_Driver/Src/stm32f1xx_hal_tim_ex.c ****   __HAL_UNLOCK(htim);
2051:Drivers/STM32F1xx_HAL_Driver/Src/stm32f1xx_hal_tim_ex.c **** 
2052:Drivers/STM32F1xx_HAL_Driver/Src/stm32f1xx_hal_tim_ex.c ****   return HAL_OK;
2053:Drivers/STM32F1xx_HAL_Driver/Src/stm32f1xx_hal_tim_ex.c **** }
2054:Drivers/STM32F1xx_HAL_Driver/Src/stm32f1xx_hal_tim_ex.c **** 
2055:Drivers/STM32F1xx_HAL_Driver/Src/stm32f1xx_hal_tim_ex.c **** /**
2056:Drivers/STM32F1xx_HAL_Driver/Src/stm32f1xx_hal_tim_ex.c ****   * @brief  Configures the TIMx Remapping input capabilities.
2057:Drivers/STM32F1xx_HAL_Driver/Src/stm32f1xx_hal_tim_ex.c ****   * @param  htim TIM handle.
2058:Drivers/STM32F1xx_HAL_Driver/Src/stm32f1xx_hal_tim_ex.c ****   * @param  Remap specifies the TIM remapping source.
2059:Drivers/STM32F1xx_HAL_Driver/Src/stm32f1xx_hal_tim_ex.c ****   *
2060:Drivers/STM32F1xx_HAL_Driver/Src/stm32f1xx_hal_tim_ex.c ****   * @retval HAL status
2061:Drivers/STM32F1xx_HAL_Driver/Src/stm32f1xx_hal_tim_ex.c ****   */
2062:Drivers/STM32F1xx_HAL_Driver/Src/stm32f1xx_hal_tim_ex.c **** HAL_StatusTypeDef HAL_TIMEx_RemapConfig(TIM_HandleTypeDef *htim, uint32_t Remap)
2063:Drivers/STM32F1xx_HAL_Driver/Src/stm32f1xx_hal_tim_ex.c **** {
2064:Drivers/STM32F1xx_HAL_Driver/Src/stm32f1xx_hal_tim_ex.c ****   /* Prevent unused argument(s) compilation warning */
2065:Drivers/STM32F1xx_HAL_Driver/Src/stm32f1xx_hal_tim_ex.c ****   UNUSED(htim);
2066:Drivers/STM32F1xx_HAL_Driver/Src/stm32f1xx_hal_tim_ex.c ****   UNUSED(Remap);
2067:Drivers/STM32F1xx_HAL_Driver/Src/stm32f1xx_hal_tim_ex.c **** 
2068:Drivers/STM32F1xx_HAL_Driver/Src/stm32f1xx_hal_tim_ex.c ****   return HAL_OK;
2069:Drivers/STM32F1xx_HAL_Driver/Src/stm32f1xx_hal_tim_ex.c **** }
2070:Drivers/STM32F1xx_HAL_Driver/Src/stm32f1xx_hal_tim_ex.c **** 
2071:Drivers/STM32F1xx_HAL_Driver/Src/stm32f1xx_hal_tim_ex.c **** /**
2072:Drivers/STM32F1xx_HAL_Driver/Src/stm32f1xx_hal_tim_ex.c ****   * @}
2073:Drivers/STM32F1xx_HAL_Driver/Src/stm32f1xx_hal_tim_ex.c ****   */
2074:Drivers/STM32F1xx_HAL_Driver/Src/stm32f1xx_hal_tim_ex.c **** 
2075:Drivers/STM32F1xx_HAL_Driver/Src/stm32f1xx_hal_tim_ex.c **** /** @defgroup TIMEx_Exported_Functions_Group6 Extended Callbacks functions
2076:Drivers/STM32F1xx_HAL_Driver/Src/stm32f1xx_hal_tim_ex.c ****   * @brief    Extended Callbacks functions
2077:Drivers/STM32F1xx_HAL_Driver/Src/stm32f1xx_hal_tim_ex.c ****   *
2078:Drivers/STM32F1xx_HAL_Driver/Src/stm32f1xx_hal_tim_ex.c **** @verbatim
2079:Drivers/STM32F1xx_HAL_Driver/Src/stm32f1xx_hal_tim_ex.c ****   ==============================================================================
2080:Drivers/STM32F1xx_HAL_Driver/Src/stm32f1xx_hal_tim_ex.c ****                     ##### Extended Callbacks functions #####
2081:Drivers/STM32F1xx_HAL_Driver/Src/stm32f1xx_hal_tim_ex.c ****   ==============================================================================
2082:Drivers/STM32F1xx_HAL_Driver/Src/stm32f1xx_hal_tim_ex.c ****   [..]
2083:Drivers/STM32F1xx_HAL_Driver/Src/stm32f1xx_hal_tim_ex.c ****     This section provides Extended TIM callback functions:
2084:Drivers/STM32F1xx_HAL_Driver/Src/stm32f1xx_hal_tim_ex.c ****     (+) Timer Commutation callback
ARM GAS  /tmp/ccr982nq.s 			page 38


2085:Drivers/STM32F1xx_HAL_Driver/Src/stm32f1xx_hal_tim_ex.c ****     (+) Timer Break callback
2086:Drivers/STM32F1xx_HAL_Driver/Src/stm32f1xx_hal_tim_ex.c **** 
2087:Drivers/STM32F1xx_HAL_Driver/Src/stm32f1xx_hal_tim_ex.c **** @endverbatim
2088:Drivers/STM32F1xx_HAL_Driver/Src/stm32f1xx_hal_tim_ex.c ****   * @{
2089:Drivers/STM32F1xx_HAL_Driver/Src/stm32f1xx_hal_tim_ex.c ****   */
2090:Drivers/STM32F1xx_HAL_Driver/Src/stm32f1xx_hal_tim_ex.c **** 
2091:Drivers/STM32F1xx_HAL_Driver/Src/stm32f1xx_hal_tim_ex.c **** /**
2092:Drivers/STM32F1xx_HAL_Driver/Src/stm32f1xx_hal_tim_ex.c ****   * @brief  Commutation callback in non-blocking mode
2093:Drivers/STM32F1xx_HAL_Driver/Src/stm32f1xx_hal_tim_ex.c ****   * @param  htim TIM handle
2094:Drivers/STM32F1xx_HAL_Driver/Src/stm32f1xx_hal_tim_ex.c ****   * @retval None
2095:Drivers/STM32F1xx_HAL_Driver/Src/stm32f1xx_hal_tim_ex.c ****   */
2096:Drivers/STM32F1xx_HAL_Driver/Src/stm32f1xx_hal_tim_ex.c **** __weak void HAL_TIMEx_CommutCallback(TIM_HandleTypeDef *htim)
2097:Drivers/STM32F1xx_HAL_Driver/Src/stm32f1xx_hal_tim_ex.c **** {
2098:Drivers/STM32F1xx_HAL_Driver/Src/stm32f1xx_hal_tim_ex.c ****   /* Prevent unused argument(s) compilation warning */
2099:Drivers/STM32F1xx_HAL_Driver/Src/stm32f1xx_hal_tim_ex.c ****   UNUSED(htim);
2100:Drivers/STM32F1xx_HAL_Driver/Src/stm32f1xx_hal_tim_ex.c **** 
2101:Drivers/STM32F1xx_HAL_Driver/Src/stm32f1xx_hal_tim_ex.c ****   /* NOTE : This function should not be modified, when the callback is needed,
2102:Drivers/STM32F1xx_HAL_Driver/Src/stm32f1xx_hal_tim_ex.c ****             the HAL_TIMEx_CommutCallback could be implemented in the user file
2103:Drivers/STM32F1xx_HAL_Driver/Src/stm32f1xx_hal_tim_ex.c ****    */
2104:Drivers/STM32F1xx_HAL_Driver/Src/stm32f1xx_hal_tim_ex.c **** }
2105:Drivers/STM32F1xx_HAL_Driver/Src/stm32f1xx_hal_tim_ex.c **** /**
2106:Drivers/STM32F1xx_HAL_Driver/Src/stm32f1xx_hal_tim_ex.c ****   * @brief  Commutation half complete callback in non-blocking mode
2107:Drivers/STM32F1xx_HAL_Driver/Src/stm32f1xx_hal_tim_ex.c ****   * @param  htim TIM handle
2108:Drivers/STM32F1xx_HAL_Driver/Src/stm32f1xx_hal_tim_ex.c ****   * @retval None
2109:Drivers/STM32F1xx_HAL_Driver/Src/stm32f1xx_hal_tim_ex.c ****   */
2110:Drivers/STM32F1xx_HAL_Driver/Src/stm32f1xx_hal_tim_ex.c **** __weak void HAL_TIMEx_CommutHalfCpltCallback(TIM_HandleTypeDef *htim)
2111:Drivers/STM32F1xx_HAL_Driver/Src/stm32f1xx_hal_tim_ex.c **** {
2112:Drivers/STM32F1xx_HAL_Driver/Src/stm32f1xx_hal_tim_ex.c ****   /* Prevent unused argument(s) compilation warning */
2113:Drivers/STM32F1xx_HAL_Driver/Src/stm32f1xx_hal_tim_ex.c ****   UNUSED(htim);
2114:Drivers/STM32F1xx_HAL_Driver/Src/stm32f1xx_hal_tim_ex.c **** 
2115:Drivers/STM32F1xx_HAL_Driver/Src/stm32f1xx_hal_tim_ex.c ****   /* NOTE : This function should not be modified, when the callback is needed,
2116:Drivers/STM32F1xx_HAL_Driver/Src/stm32f1xx_hal_tim_ex.c ****             the HAL_TIMEx_CommutHalfCpltCallback could be implemented in the user file
2117:Drivers/STM32F1xx_HAL_Driver/Src/stm32f1xx_hal_tim_ex.c ****    */
2118:Drivers/STM32F1xx_HAL_Driver/Src/stm32f1xx_hal_tim_ex.c **** }
2119:Drivers/STM32F1xx_HAL_Driver/Src/stm32f1xx_hal_tim_ex.c **** 
2120:Drivers/STM32F1xx_HAL_Driver/Src/stm32f1xx_hal_tim_ex.c **** /**
2121:Drivers/STM32F1xx_HAL_Driver/Src/stm32f1xx_hal_tim_ex.c ****   * @brief  Break detection callback in non-blocking mode
2122:Drivers/STM32F1xx_HAL_Driver/Src/stm32f1xx_hal_tim_ex.c ****   * @param  htim TIM handle
2123:Drivers/STM32F1xx_HAL_Driver/Src/stm32f1xx_hal_tim_ex.c ****   * @retval None
2124:Drivers/STM32F1xx_HAL_Driver/Src/stm32f1xx_hal_tim_ex.c ****   */
2125:Drivers/STM32F1xx_HAL_Driver/Src/stm32f1xx_hal_tim_ex.c **** __weak void HAL_TIMEx_BreakCallback(TIM_HandleTypeDef *htim)
2126:Drivers/STM32F1xx_HAL_Driver/Src/stm32f1xx_hal_tim_ex.c **** {
2127:Drivers/STM32F1xx_HAL_Driver/Src/stm32f1xx_hal_tim_ex.c ****   /* Prevent unused argument(s) compilation warning */
2128:Drivers/STM32F1xx_HAL_Driver/Src/stm32f1xx_hal_tim_ex.c ****   UNUSED(htim);
2129:Drivers/STM32F1xx_HAL_Driver/Src/stm32f1xx_hal_tim_ex.c **** 
2130:Drivers/STM32F1xx_HAL_Driver/Src/stm32f1xx_hal_tim_ex.c ****   /* NOTE : This function should not be modified, when the callback is needed,
2131:Drivers/STM32F1xx_HAL_Driver/Src/stm32f1xx_hal_tim_ex.c ****             the HAL_TIMEx_BreakCallback could be implemented in the user file
2132:Drivers/STM32F1xx_HAL_Driver/Src/stm32f1xx_hal_tim_ex.c ****    */
2133:Drivers/STM32F1xx_HAL_Driver/Src/stm32f1xx_hal_tim_ex.c **** }
2134:Drivers/STM32F1xx_HAL_Driver/Src/stm32f1xx_hal_tim_ex.c **** /**
2135:Drivers/STM32F1xx_HAL_Driver/Src/stm32f1xx_hal_tim_ex.c ****   * @}
2136:Drivers/STM32F1xx_HAL_Driver/Src/stm32f1xx_hal_tim_ex.c ****   */
2137:Drivers/STM32F1xx_HAL_Driver/Src/stm32f1xx_hal_tim_ex.c **** 
2138:Drivers/STM32F1xx_HAL_Driver/Src/stm32f1xx_hal_tim_ex.c **** /** @defgroup TIMEx_Exported_Functions_Group7 Extended Peripheral State functions
2139:Drivers/STM32F1xx_HAL_Driver/Src/stm32f1xx_hal_tim_ex.c ****   * @brief    Extended Peripheral State functions
2140:Drivers/STM32F1xx_HAL_Driver/Src/stm32f1xx_hal_tim_ex.c ****   *
2141:Drivers/STM32F1xx_HAL_Driver/Src/stm32f1xx_hal_tim_ex.c **** @verbatim
ARM GAS  /tmp/ccr982nq.s 			page 39


2142:Drivers/STM32F1xx_HAL_Driver/Src/stm32f1xx_hal_tim_ex.c ****   ==============================================================================
2143:Drivers/STM32F1xx_HAL_Driver/Src/stm32f1xx_hal_tim_ex.c ****                 ##### Extended Peripheral State functions #####
2144:Drivers/STM32F1xx_HAL_Driver/Src/stm32f1xx_hal_tim_ex.c ****   ==============================================================================
2145:Drivers/STM32F1xx_HAL_Driver/Src/stm32f1xx_hal_tim_ex.c ****   [..]
2146:Drivers/STM32F1xx_HAL_Driver/Src/stm32f1xx_hal_tim_ex.c ****     This subsection permits to get in run-time the status of the peripheral
2147:Drivers/STM32F1xx_HAL_Driver/Src/stm32f1xx_hal_tim_ex.c ****     and the data flow.
2148:Drivers/STM32F1xx_HAL_Driver/Src/stm32f1xx_hal_tim_ex.c **** 
2149:Drivers/STM32F1xx_HAL_Driver/Src/stm32f1xx_hal_tim_ex.c **** @endverbatim
2150:Drivers/STM32F1xx_HAL_Driver/Src/stm32f1xx_hal_tim_ex.c ****   * @{
2151:Drivers/STM32F1xx_HAL_Driver/Src/stm32f1xx_hal_tim_ex.c ****   */
2152:Drivers/STM32F1xx_HAL_Driver/Src/stm32f1xx_hal_tim_ex.c **** 
2153:Drivers/STM32F1xx_HAL_Driver/Src/stm32f1xx_hal_tim_ex.c **** /**
2154:Drivers/STM32F1xx_HAL_Driver/Src/stm32f1xx_hal_tim_ex.c ****   * @brief  Return the TIM Hall Sensor interface handle state.
2155:Drivers/STM32F1xx_HAL_Driver/Src/stm32f1xx_hal_tim_ex.c ****   * @param  htim TIM Hall Sensor handle
2156:Drivers/STM32F1xx_HAL_Driver/Src/stm32f1xx_hal_tim_ex.c ****   * @retval HAL state
2157:Drivers/STM32F1xx_HAL_Driver/Src/stm32f1xx_hal_tim_ex.c ****   */
2158:Drivers/STM32F1xx_HAL_Driver/Src/stm32f1xx_hal_tim_ex.c **** HAL_TIM_StateTypeDef HAL_TIMEx_HallSensor_GetState(const TIM_HandleTypeDef *htim)
2159:Drivers/STM32F1xx_HAL_Driver/Src/stm32f1xx_hal_tim_ex.c **** {
2160:Drivers/STM32F1xx_HAL_Driver/Src/stm32f1xx_hal_tim_ex.c ****   return htim->State;
2161:Drivers/STM32F1xx_HAL_Driver/Src/stm32f1xx_hal_tim_ex.c **** }
2162:Drivers/STM32F1xx_HAL_Driver/Src/stm32f1xx_hal_tim_ex.c **** 
2163:Drivers/STM32F1xx_HAL_Driver/Src/stm32f1xx_hal_tim_ex.c **** /**
2164:Drivers/STM32F1xx_HAL_Driver/Src/stm32f1xx_hal_tim_ex.c ****   * @brief  Return actual state of the TIM complementary channel.
2165:Drivers/STM32F1xx_HAL_Driver/Src/stm32f1xx_hal_tim_ex.c ****   * @param  htim TIM handle
2166:Drivers/STM32F1xx_HAL_Driver/Src/stm32f1xx_hal_tim_ex.c ****   * @param  ChannelN TIM Complementary channel
2167:Drivers/STM32F1xx_HAL_Driver/Src/stm32f1xx_hal_tim_ex.c ****   *          This parameter can be one of the following values:
2168:Drivers/STM32F1xx_HAL_Driver/Src/stm32f1xx_hal_tim_ex.c ****   *            @arg TIM_CHANNEL_1: TIM Channel 1
2169:Drivers/STM32F1xx_HAL_Driver/Src/stm32f1xx_hal_tim_ex.c ****   *            @arg TIM_CHANNEL_2: TIM Channel 2
2170:Drivers/STM32F1xx_HAL_Driver/Src/stm32f1xx_hal_tim_ex.c ****   *            @arg TIM_CHANNEL_3: TIM Channel 3
2171:Drivers/STM32F1xx_HAL_Driver/Src/stm32f1xx_hal_tim_ex.c ****   * @retval TIM Complementary channel state
2172:Drivers/STM32F1xx_HAL_Driver/Src/stm32f1xx_hal_tim_ex.c ****   */
2173:Drivers/STM32F1xx_HAL_Driver/Src/stm32f1xx_hal_tim_ex.c **** HAL_TIM_ChannelStateTypeDef HAL_TIMEx_GetChannelNState(const TIM_HandleTypeDef *htim,  uint32_t Cha
2174:Drivers/STM32F1xx_HAL_Driver/Src/stm32f1xx_hal_tim_ex.c **** {
2175:Drivers/STM32F1xx_HAL_Driver/Src/stm32f1xx_hal_tim_ex.c ****   HAL_TIM_ChannelStateTypeDef channel_state;
2176:Drivers/STM32F1xx_HAL_Driver/Src/stm32f1xx_hal_tim_ex.c **** 
2177:Drivers/STM32F1xx_HAL_Driver/Src/stm32f1xx_hal_tim_ex.c ****   /* Check the parameters */
2178:Drivers/STM32F1xx_HAL_Driver/Src/stm32f1xx_hal_tim_ex.c ****   assert_param(IS_TIM_CCXN_INSTANCE(htim->Instance, ChannelN));
2179:Drivers/STM32F1xx_HAL_Driver/Src/stm32f1xx_hal_tim_ex.c **** 
2180:Drivers/STM32F1xx_HAL_Driver/Src/stm32f1xx_hal_tim_ex.c ****   channel_state = TIM_CHANNEL_N_STATE_GET(htim, ChannelN);
2181:Drivers/STM32F1xx_HAL_Driver/Src/stm32f1xx_hal_tim_ex.c **** 
2182:Drivers/STM32F1xx_HAL_Driver/Src/stm32f1xx_hal_tim_ex.c ****   return channel_state;
2183:Drivers/STM32F1xx_HAL_Driver/Src/stm32f1xx_hal_tim_ex.c **** }
2184:Drivers/STM32F1xx_HAL_Driver/Src/stm32f1xx_hal_tim_ex.c **** /**
2185:Drivers/STM32F1xx_HAL_Driver/Src/stm32f1xx_hal_tim_ex.c ****   * @}
2186:Drivers/STM32F1xx_HAL_Driver/Src/stm32f1xx_hal_tim_ex.c ****   */
2187:Drivers/STM32F1xx_HAL_Driver/Src/stm32f1xx_hal_tim_ex.c **** 
2188:Drivers/STM32F1xx_HAL_Driver/Src/stm32f1xx_hal_tim_ex.c **** /**
2189:Drivers/STM32F1xx_HAL_Driver/Src/stm32f1xx_hal_tim_ex.c ****   * @}
2190:Drivers/STM32F1xx_HAL_Driver/Src/stm32f1xx_hal_tim_ex.c ****   */
2191:Drivers/STM32F1xx_HAL_Driver/Src/stm32f1xx_hal_tim_ex.c **** 
2192:Drivers/STM32F1xx_HAL_Driver/Src/stm32f1xx_hal_tim_ex.c **** /* Private functions ---------------------------------------------------------*/
2193:Drivers/STM32F1xx_HAL_Driver/Src/stm32f1xx_hal_tim_ex.c **** /** @defgroup TIMEx_Private_Functions TIM Extended Private Functions
2194:Drivers/STM32F1xx_HAL_Driver/Src/stm32f1xx_hal_tim_ex.c ****   * @{
2195:Drivers/STM32F1xx_HAL_Driver/Src/stm32f1xx_hal_tim_ex.c ****   */
2196:Drivers/STM32F1xx_HAL_Driver/Src/stm32f1xx_hal_tim_ex.c **** 
2197:Drivers/STM32F1xx_HAL_Driver/Src/stm32f1xx_hal_tim_ex.c **** /**
2198:Drivers/STM32F1xx_HAL_Driver/Src/stm32f1xx_hal_tim_ex.c ****   * @brief  TIM DMA Commutation callback.
ARM GAS  /tmp/ccr982nq.s 			page 40


2199:Drivers/STM32F1xx_HAL_Driver/Src/stm32f1xx_hal_tim_ex.c ****   * @param  hdma pointer to DMA handle.
2200:Drivers/STM32F1xx_HAL_Driver/Src/stm32f1xx_hal_tim_ex.c ****   * @retval None
2201:Drivers/STM32F1xx_HAL_Driver/Src/stm32f1xx_hal_tim_ex.c ****   */
2202:Drivers/STM32F1xx_HAL_Driver/Src/stm32f1xx_hal_tim_ex.c **** void TIMEx_DMACommutationCplt(DMA_HandleTypeDef *hdma)
2203:Drivers/STM32F1xx_HAL_Driver/Src/stm32f1xx_hal_tim_ex.c **** {
2204:Drivers/STM32F1xx_HAL_Driver/Src/stm32f1xx_hal_tim_ex.c ****   TIM_HandleTypeDef *htim = (TIM_HandleTypeDef *)((DMA_HandleTypeDef *)hdma)->Parent;
2205:Drivers/STM32F1xx_HAL_Driver/Src/stm32f1xx_hal_tim_ex.c **** 
2206:Drivers/STM32F1xx_HAL_Driver/Src/stm32f1xx_hal_tim_ex.c ****   /* Change the htim state */
2207:Drivers/STM32F1xx_HAL_Driver/Src/stm32f1xx_hal_tim_ex.c ****   htim->State = HAL_TIM_STATE_READY;
2208:Drivers/STM32F1xx_HAL_Driver/Src/stm32f1xx_hal_tim_ex.c **** 
2209:Drivers/STM32F1xx_HAL_Driver/Src/stm32f1xx_hal_tim_ex.c **** #if (USE_HAL_TIM_REGISTER_CALLBACKS == 1)
2210:Drivers/STM32F1xx_HAL_Driver/Src/stm32f1xx_hal_tim_ex.c ****   htim->CommutationCallback(htim);
2211:Drivers/STM32F1xx_HAL_Driver/Src/stm32f1xx_hal_tim_ex.c **** #else
2212:Drivers/STM32F1xx_HAL_Driver/Src/stm32f1xx_hal_tim_ex.c ****   HAL_TIMEx_CommutCallback(htim);
2213:Drivers/STM32F1xx_HAL_Driver/Src/stm32f1xx_hal_tim_ex.c **** #endif /* USE_HAL_TIM_REGISTER_CALLBACKS */
2214:Drivers/STM32F1xx_HAL_Driver/Src/stm32f1xx_hal_tim_ex.c **** }
2215:Drivers/STM32F1xx_HAL_Driver/Src/stm32f1xx_hal_tim_ex.c **** 
2216:Drivers/STM32F1xx_HAL_Driver/Src/stm32f1xx_hal_tim_ex.c **** /**
2217:Drivers/STM32F1xx_HAL_Driver/Src/stm32f1xx_hal_tim_ex.c ****   * @brief  TIM DMA Commutation half complete callback.
2218:Drivers/STM32F1xx_HAL_Driver/Src/stm32f1xx_hal_tim_ex.c ****   * @param  hdma pointer to DMA handle.
2219:Drivers/STM32F1xx_HAL_Driver/Src/stm32f1xx_hal_tim_ex.c ****   * @retval None
2220:Drivers/STM32F1xx_HAL_Driver/Src/stm32f1xx_hal_tim_ex.c ****   */
2221:Drivers/STM32F1xx_HAL_Driver/Src/stm32f1xx_hal_tim_ex.c **** void TIMEx_DMACommutationHalfCplt(DMA_HandleTypeDef *hdma)
2222:Drivers/STM32F1xx_HAL_Driver/Src/stm32f1xx_hal_tim_ex.c **** {
2223:Drivers/STM32F1xx_HAL_Driver/Src/stm32f1xx_hal_tim_ex.c ****   TIM_HandleTypeDef *htim = (TIM_HandleTypeDef *)((DMA_HandleTypeDef *)hdma)->Parent;
2224:Drivers/STM32F1xx_HAL_Driver/Src/stm32f1xx_hal_tim_ex.c **** 
2225:Drivers/STM32F1xx_HAL_Driver/Src/stm32f1xx_hal_tim_ex.c ****   /* Change the htim state */
2226:Drivers/STM32F1xx_HAL_Driver/Src/stm32f1xx_hal_tim_ex.c ****   htim->State = HAL_TIM_STATE_READY;
2227:Drivers/STM32F1xx_HAL_Driver/Src/stm32f1xx_hal_tim_ex.c **** 
2228:Drivers/STM32F1xx_HAL_Driver/Src/stm32f1xx_hal_tim_ex.c **** #if (USE_HAL_TIM_REGISTER_CALLBACKS == 1)
2229:Drivers/STM32F1xx_HAL_Driver/Src/stm32f1xx_hal_tim_ex.c ****   htim->CommutationHalfCpltCallback(htim);
2230:Drivers/STM32F1xx_HAL_Driver/Src/stm32f1xx_hal_tim_ex.c **** #else
2231:Drivers/STM32F1xx_HAL_Driver/Src/stm32f1xx_hal_tim_ex.c ****   HAL_TIMEx_CommutHalfCpltCallback(htim);
2232:Drivers/STM32F1xx_HAL_Driver/Src/stm32f1xx_hal_tim_ex.c **** #endif /* USE_HAL_TIM_REGISTER_CALLBACKS */
2233:Drivers/STM32F1xx_HAL_Driver/Src/stm32f1xx_hal_tim_ex.c **** }
2234:Drivers/STM32F1xx_HAL_Driver/Src/stm32f1xx_hal_tim_ex.c **** 
2235:Drivers/STM32F1xx_HAL_Driver/Src/stm32f1xx_hal_tim_ex.c **** 
2236:Drivers/STM32F1xx_HAL_Driver/Src/stm32f1xx_hal_tim_ex.c **** /**
2237:Drivers/STM32F1xx_HAL_Driver/Src/stm32f1xx_hal_tim_ex.c ****   * @brief  TIM DMA Delay Pulse complete callback (complementary channel).
2238:Drivers/STM32F1xx_HAL_Driver/Src/stm32f1xx_hal_tim_ex.c ****   * @param  hdma pointer to DMA handle.
2239:Drivers/STM32F1xx_HAL_Driver/Src/stm32f1xx_hal_tim_ex.c ****   * @retval None
2240:Drivers/STM32F1xx_HAL_Driver/Src/stm32f1xx_hal_tim_ex.c ****   */
2241:Drivers/STM32F1xx_HAL_Driver/Src/stm32f1xx_hal_tim_ex.c **** static void TIM_DMADelayPulseNCplt(DMA_HandleTypeDef *hdma)
2242:Drivers/STM32F1xx_HAL_Driver/Src/stm32f1xx_hal_tim_ex.c **** {
2243:Drivers/STM32F1xx_HAL_Driver/Src/stm32f1xx_hal_tim_ex.c ****   TIM_HandleTypeDef *htim = (TIM_HandleTypeDef *)((DMA_HandleTypeDef *)hdma)->Parent;
2244:Drivers/STM32F1xx_HAL_Driver/Src/stm32f1xx_hal_tim_ex.c **** 
2245:Drivers/STM32F1xx_HAL_Driver/Src/stm32f1xx_hal_tim_ex.c ****   if (hdma == htim->hdma[TIM_DMA_ID_CC1])
2246:Drivers/STM32F1xx_HAL_Driver/Src/stm32f1xx_hal_tim_ex.c ****   {
2247:Drivers/STM32F1xx_HAL_Driver/Src/stm32f1xx_hal_tim_ex.c ****     htim->Channel = HAL_TIM_ACTIVE_CHANNEL_1;
2248:Drivers/STM32F1xx_HAL_Driver/Src/stm32f1xx_hal_tim_ex.c **** 
2249:Drivers/STM32F1xx_HAL_Driver/Src/stm32f1xx_hal_tim_ex.c ****     if (hdma->Init.Mode == DMA_NORMAL)
2250:Drivers/STM32F1xx_HAL_Driver/Src/stm32f1xx_hal_tim_ex.c ****     {
2251:Drivers/STM32F1xx_HAL_Driver/Src/stm32f1xx_hal_tim_ex.c ****       TIM_CHANNEL_N_STATE_SET(htim, TIM_CHANNEL_1, HAL_TIM_CHANNEL_STATE_READY);
2252:Drivers/STM32F1xx_HAL_Driver/Src/stm32f1xx_hal_tim_ex.c ****     }
2253:Drivers/STM32F1xx_HAL_Driver/Src/stm32f1xx_hal_tim_ex.c ****   }
2254:Drivers/STM32F1xx_HAL_Driver/Src/stm32f1xx_hal_tim_ex.c ****   else if (hdma == htim->hdma[TIM_DMA_ID_CC2])
2255:Drivers/STM32F1xx_HAL_Driver/Src/stm32f1xx_hal_tim_ex.c ****   {
ARM GAS  /tmp/ccr982nq.s 			page 41


2256:Drivers/STM32F1xx_HAL_Driver/Src/stm32f1xx_hal_tim_ex.c ****     htim->Channel = HAL_TIM_ACTIVE_CHANNEL_2;
2257:Drivers/STM32F1xx_HAL_Driver/Src/stm32f1xx_hal_tim_ex.c **** 
2258:Drivers/STM32F1xx_HAL_Driver/Src/stm32f1xx_hal_tim_ex.c ****     if (hdma->Init.Mode == DMA_NORMAL)
2259:Drivers/STM32F1xx_HAL_Driver/Src/stm32f1xx_hal_tim_ex.c ****     {
2260:Drivers/STM32F1xx_HAL_Driver/Src/stm32f1xx_hal_tim_ex.c ****       TIM_CHANNEL_N_STATE_SET(htim, TIM_CHANNEL_2, HAL_TIM_CHANNEL_STATE_READY);
2261:Drivers/STM32F1xx_HAL_Driver/Src/stm32f1xx_hal_tim_ex.c ****     }
2262:Drivers/STM32F1xx_HAL_Driver/Src/stm32f1xx_hal_tim_ex.c ****   }
2263:Drivers/STM32F1xx_HAL_Driver/Src/stm32f1xx_hal_tim_ex.c ****   else if (hdma == htim->hdma[TIM_DMA_ID_CC3])
2264:Drivers/STM32F1xx_HAL_Driver/Src/stm32f1xx_hal_tim_ex.c ****   {
2265:Drivers/STM32F1xx_HAL_Driver/Src/stm32f1xx_hal_tim_ex.c ****     htim->Channel = HAL_TIM_ACTIVE_CHANNEL_3;
2266:Drivers/STM32F1xx_HAL_Driver/Src/stm32f1xx_hal_tim_ex.c **** 
2267:Drivers/STM32F1xx_HAL_Driver/Src/stm32f1xx_hal_tim_ex.c ****     if (hdma->Init.Mode == DMA_NORMAL)
2268:Drivers/STM32F1xx_HAL_Driver/Src/stm32f1xx_hal_tim_ex.c ****     {
2269:Drivers/STM32F1xx_HAL_Driver/Src/stm32f1xx_hal_tim_ex.c ****       TIM_CHANNEL_N_STATE_SET(htim, TIM_CHANNEL_3, HAL_TIM_CHANNEL_STATE_READY);
2270:Drivers/STM32F1xx_HAL_Driver/Src/stm32f1xx_hal_tim_ex.c ****     }
2271:Drivers/STM32F1xx_HAL_Driver/Src/stm32f1xx_hal_tim_ex.c ****   }
2272:Drivers/STM32F1xx_HAL_Driver/Src/stm32f1xx_hal_tim_ex.c ****   else
2273:Drivers/STM32F1xx_HAL_Driver/Src/stm32f1xx_hal_tim_ex.c ****   {
2274:Drivers/STM32F1xx_HAL_Driver/Src/stm32f1xx_hal_tim_ex.c ****     /* nothing to do */
2275:Drivers/STM32F1xx_HAL_Driver/Src/stm32f1xx_hal_tim_ex.c ****   }
2276:Drivers/STM32F1xx_HAL_Driver/Src/stm32f1xx_hal_tim_ex.c **** 
2277:Drivers/STM32F1xx_HAL_Driver/Src/stm32f1xx_hal_tim_ex.c **** #if (USE_HAL_TIM_REGISTER_CALLBACKS == 1)
2278:Drivers/STM32F1xx_HAL_Driver/Src/stm32f1xx_hal_tim_ex.c ****   htim->PWM_PulseFinishedCallback(htim);
2279:Drivers/STM32F1xx_HAL_Driver/Src/stm32f1xx_hal_tim_ex.c **** #else
2280:Drivers/STM32F1xx_HAL_Driver/Src/stm32f1xx_hal_tim_ex.c ****   HAL_TIM_PWM_PulseFinishedCallback(htim);
2281:Drivers/STM32F1xx_HAL_Driver/Src/stm32f1xx_hal_tim_ex.c **** #endif /* USE_HAL_TIM_REGISTER_CALLBACKS */
2282:Drivers/STM32F1xx_HAL_Driver/Src/stm32f1xx_hal_tim_ex.c **** 
2283:Drivers/STM32F1xx_HAL_Driver/Src/stm32f1xx_hal_tim_ex.c ****   htim->Channel = HAL_TIM_ACTIVE_CHANNEL_CLEARED;
2284:Drivers/STM32F1xx_HAL_Driver/Src/stm32f1xx_hal_tim_ex.c **** }
2285:Drivers/STM32F1xx_HAL_Driver/Src/stm32f1xx_hal_tim_ex.c **** 
2286:Drivers/STM32F1xx_HAL_Driver/Src/stm32f1xx_hal_tim_ex.c **** /**
2287:Drivers/STM32F1xx_HAL_Driver/Src/stm32f1xx_hal_tim_ex.c ****   * @brief  TIM DMA error callback (complementary channel)
2288:Drivers/STM32F1xx_HAL_Driver/Src/stm32f1xx_hal_tim_ex.c ****   * @param  hdma pointer to DMA handle.
2289:Drivers/STM32F1xx_HAL_Driver/Src/stm32f1xx_hal_tim_ex.c ****   * @retval None
2290:Drivers/STM32F1xx_HAL_Driver/Src/stm32f1xx_hal_tim_ex.c ****   */
2291:Drivers/STM32F1xx_HAL_Driver/Src/stm32f1xx_hal_tim_ex.c **** static void TIM_DMAErrorCCxN(DMA_HandleTypeDef *hdma)
2292:Drivers/STM32F1xx_HAL_Driver/Src/stm32f1xx_hal_tim_ex.c **** {
2293:Drivers/STM32F1xx_HAL_Driver/Src/stm32f1xx_hal_tim_ex.c ****   TIM_HandleTypeDef *htim = (TIM_HandleTypeDef *)((DMA_HandleTypeDef *)hdma)->Parent;
2294:Drivers/STM32F1xx_HAL_Driver/Src/stm32f1xx_hal_tim_ex.c **** 
2295:Drivers/STM32F1xx_HAL_Driver/Src/stm32f1xx_hal_tim_ex.c ****   if (hdma == htim->hdma[TIM_DMA_ID_CC1])
2296:Drivers/STM32F1xx_HAL_Driver/Src/stm32f1xx_hal_tim_ex.c ****   {
2297:Drivers/STM32F1xx_HAL_Driver/Src/stm32f1xx_hal_tim_ex.c ****     htim->Channel = HAL_TIM_ACTIVE_CHANNEL_1;
2298:Drivers/STM32F1xx_HAL_Driver/Src/stm32f1xx_hal_tim_ex.c ****     TIM_CHANNEL_N_STATE_SET(htim, TIM_CHANNEL_1, HAL_TIM_CHANNEL_STATE_READY);
2299:Drivers/STM32F1xx_HAL_Driver/Src/stm32f1xx_hal_tim_ex.c ****   }
2300:Drivers/STM32F1xx_HAL_Driver/Src/stm32f1xx_hal_tim_ex.c ****   else if (hdma == htim->hdma[TIM_DMA_ID_CC2])
2301:Drivers/STM32F1xx_HAL_Driver/Src/stm32f1xx_hal_tim_ex.c ****   {
2302:Drivers/STM32F1xx_HAL_Driver/Src/stm32f1xx_hal_tim_ex.c ****     htim->Channel = HAL_TIM_ACTIVE_CHANNEL_2;
2303:Drivers/STM32F1xx_HAL_Driver/Src/stm32f1xx_hal_tim_ex.c ****     TIM_CHANNEL_N_STATE_SET(htim, TIM_CHANNEL_2, HAL_TIM_CHANNEL_STATE_READY);
2304:Drivers/STM32F1xx_HAL_Driver/Src/stm32f1xx_hal_tim_ex.c ****   }
2305:Drivers/STM32F1xx_HAL_Driver/Src/stm32f1xx_hal_tim_ex.c ****   else if (hdma == htim->hdma[TIM_DMA_ID_CC3])
2306:Drivers/STM32F1xx_HAL_Driver/Src/stm32f1xx_hal_tim_ex.c ****   {
2307:Drivers/STM32F1xx_HAL_Driver/Src/stm32f1xx_hal_tim_ex.c ****     htim->Channel = HAL_TIM_ACTIVE_CHANNEL_3;
2308:Drivers/STM32F1xx_HAL_Driver/Src/stm32f1xx_hal_tim_ex.c ****     TIM_CHANNEL_N_STATE_SET(htim, TIM_CHANNEL_3, HAL_TIM_CHANNEL_STATE_READY);
2309:Drivers/STM32F1xx_HAL_Driver/Src/stm32f1xx_hal_tim_ex.c ****   }
2310:Drivers/STM32F1xx_HAL_Driver/Src/stm32f1xx_hal_tim_ex.c ****   else
2311:Drivers/STM32F1xx_HAL_Driver/Src/stm32f1xx_hal_tim_ex.c ****   {
2312:Drivers/STM32F1xx_HAL_Driver/Src/stm32f1xx_hal_tim_ex.c ****     /* nothing to do */
ARM GAS  /tmp/ccr982nq.s 			page 42


2313:Drivers/STM32F1xx_HAL_Driver/Src/stm32f1xx_hal_tim_ex.c ****   }
2314:Drivers/STM32F1xx_HAL_Driver/Src/stm32f1xx_hal_tim_ex.c **** 
2315:Drivers/STM32F1xx_HAL_Driver/Src/stm32f1xx_hal_tim_ex.c **** #if (USE_HAL_TIM_REGISTER_CALLBACKS == 1)
2316:Drivers/STM32F1xx_HAL_Driver/Src/stm32f1xx_hal_tim_ex.c ****   htim->ErrorCallback(htim);
2317:Drivers/STM32F1xx_HAL_Driver/Src/stm32f1xx_hal_tim_ex.c **** #else
2318:Drivers/STM32F1xx_HAL_Driver/Src/stm32f1xx_hal_tim_ex.c ****   HAL_TIM_ErrorCallback(htim);
2319:Drivers/STM32F1xx_HAL_Driver/Src/stm32f1xx_hal_tim_ex.c **** #endif /* USE_HAL_TIM_REGISTER_CALLBACKS */
2320:Drivers/STM32F1xx_HAL_Driver/Src/stm32f1xx_hal_tim_ex.c **** 
2321:Drivers/STM32F1xx_HAL_Driver/Src/stm32f1xx_hal_tim_ex.c ****   htim->Channel = HAL_TIM_ACTIVE_CHANNEL_CLEARED;
2322:Drivers/STM32F1xx_HAL_Driver/Src/stm32f1xx_hal_tim_ex.c **** }
2323:Drivers/STM32F1xx_HAL_Driver/Src/stm32f1xx_hal_tim_ex.c **** 
2324:Drivers/STM32F1xx_HAL_Driver/Src/stm32f1xx_hal_tim_ex.c **** /**
2325:Drivers/STM32F1xx_HAL_Driver/Src/stm32f1xx_hal_tim_ex.c ****   * @brief  Enables or disables the TIM Capture Compare Channel xN.
2326:Drivers/STM32F1xx_HAL_Driver/Src/stm32f1xx_hal_tim_ex.c ****   * @param  TIMx to select the TIM peripheral
2327:Drivers/STM32F1xx_HAL_Driver/Src/stm32f1xx_hal_tim_ex.c ****   * @param  Channel specifies the TIM Channel
2328:Drivers/STM32F1xx_HAL_Driver/Src/stm32f1xx_hal_tim_ex.c ****   *          This parameter can be one of the following values:
2329:Drivers/STM32F1xx_HAL_Driver/Src/stm32f1xx_hal_tim_ex.c ****   *            @arg TIM_CHANNEL_1: TIM Channel 1
2330:Drivers/STM32F1xx_HAL_Driver/Src/stm32f1xx_hal_tim_ex.c ****   *            @arg TIM_CHANNEL_2: TIM Channel 2
2331:Drivers/STM32F1xx_HAL_Driver/Src/stm32f1xx_hal_tim_ex.c ****   *            @arg TIM_CHANNEL_3: TIM Channel 3
2332:Drivers/STM32F1xx_HAL_Driver/Src/stm32f1xx_hal_tim_ex.c ****   * @param  ChannelNState specifies the TIM Channel CCxNE bit new state.
2333:Drivers/STM32F1xx_HAL_Driver/Src/stm32f1xx_hal_tim_ex.c ****   *          This parameter can be: TIM_CCxN_ENABLE or TIM_CCxN_Disable.
2334:Drivers/STM32F1xx_HAL_Driver/Src/stm32f1xx_hal_tim_ex.c ****   * @retval None
2335:Drivers/STM32F1xx_HAL_Driver/Src/stm32f1xx_hal_tim_ex.c ****   */
2336:Drivers/STM32F1xx_HAL_Driver/Src/stm32f1xx_hal_tim_ex.c **** static void TIM_CCxNChannelCmd(TIM_TypeDef *TIMx, uint32_t Channel, uint32_t ChannelNState)
2337:Drivers/STM32F1xx_HAL_Driver/Src/stm32f1xx_hal_tim_ex.c **** {
  27              		.loc 1 2337 1 view -0
  28              		.cfi_startproc
  29              		@ args = 0, pretend = 0, frame = 0
  30              		@ frame_needed = 0, uses_anonymous_args = 0
  31              		@ link register save eliminated.
2338:Drivers/STM32F1xx_HAL_Driver/Src/stm32f1xx_hal_tim_ex.c ****   uint32_t tmp;
  32              		.loc 1 2338 3 view .LVU1
2339:Drivers/STM32F1xx_HAL_Driver/Src/stm32f1xx_hal_tim_ex.c **** 
2340:Drivers/STM32F1xx_HAL_Driver/Src/stm32f1xx_hal_tim_ex.c ****   tmp = TIM_CCER_CC1NE << (Channel & 0xFU); /* 0xFU = 15 bits max shift */
  33              		.loc 1 2340 3 view .LVU2
  34              		.loc 1 2340 36 is_stmt 0 view .LVU3
  35 0000 01F00F01 		and	r1, r1, #15
  36              	.LVL1:
  37              		.loc 1 2340 7 view .LVU4
  38 0004 4FF0040C 		mov	ip, #4
  39 0008 0CFA01FC 		lsl	ip, ip, r1
  40              	.LVL2:
2341:Drivers/STM32F1xx_HAL_Driver/Src/stm32f1xx_hal_tim_ex.c **** 
2342:Drivers/STM32F1xx_HAL_Driver/Src/stm32f1xx_hal_tim_ex.c ****   /* Reset the CCxNE Bit */
2343:Drivers/STM32F1xx_HAL_Driver/Src/stm32f1xx_hal_tim_ex.c ****   TIMx->CCER &=  ~tmp;
  41              		.loc 1 2343 3 is_stmt 1 view .LVU5
  42              		.loc 1 2343 7 is_stmt 0 view .LVU6
  43 000c 036A     		ldr	r3, [r0, #32]
  44              		.loc 1 2343 14 view .LVU7
  45 000e 23EA0C03 		bic	r3, r3, ip
  46 0012 0362     		str	r3, [r0, #32]
2344:Drivers/STM32F1xx_HAL_Driver/Src/stm32f1xx_hal_tim_ex.c **** 
2345:Drivers/STM32F1xx_HAL_Driver/Src/stm32f1xx_hal_tim_ex.c ****   /* Set or reset the CCxNE Bit */
2346:Drivers/STM32F1xx_HAL_Driver/Src/stm32f1xx_hal_tim_ex.c ****   TIMx->CCER |= (uint32_t)(ChannelNState << (Channel & 0xFU)); /* 0xFU = 15 bits max shift */
  47              		.loc 1 2346 3 is_stmt 1 view .LVU8
  48              		.loc 1 2346 7 is_stmt 0 view .LVU9
  49 0014 036A     		ldr	r3, [r0, #32]
ARM GAS  /tmp/ccr982nq.s 			page 43


  50              		.loc 1 2346 42 view .LVU10
  51 0016 8A40     		lsls	r2, r2, r1
  52              	.LVL3:
  53              		.loc 1 2346 14 view .LVU11
  54 0018 1343     		orrs	r3, r3, r2
  55 001a 0362     		str	r3, [r0, #32]
2347:Drivers/STM32F1xx_HAL_Driver/Src/stm32f1xx_hal_tim_ex.c **** }
  56              		.loc 1 2347 1 view .LVU12
  57 001c 7047     		bx	lr
  58              		.cfi_endproc
  59              	.LFE106:
  61              		.section	.text.TIM_DMAErrorCCxN,"ax",%progbits
  62              		.align	1
  63              		.syntax unified
  64              		.thumb
  65              		.thumb_func
  67              	TIM_DMAErrorCCxN:
  68              	.LVL4:
  69              	.LFB105:
2292:Drivers/STM32F1xx_HAL_Driver/Src/stm32f1xx_hal_tim_ex.c ****   TIM_HandleTypeDef *htim = (TIM_HandleTypeDef *)((DMA_HandleTypeDef *)hdma)->Parent;
  70              		.loc 1 2292 1 is_stmt 1 view -0
  71              		.cfi_startproc
  72              		@ args = 0, pretend = 0, frame = 0
  73              		@ frame_needed = 0, uses_anonymous_args = 0
2292:Drivers/STM32F1xx_HAL_Driver/Src/stm32f1xx_hal_tim_ex.c ****   TIM_HandleTypeDef *htim = (TIM_HandleTypeDef *)((DMA_HandleTypeDef *)hdma)->Parent;
  74              		.loc 1 2292 1 is_stmt 0 view .LVU14
  75 0000 10B5     		push	{r4, lr}
  76              		.cfi_def_cfa_offset 8
  77              		.cfi_offset 4, -8
  78              		.cfi_offset 14, -4
2293:Drivers/STM32F1xx_HAL_Driver/Src/stm32f1xx_hal_tim_ex.c **** 
  79              		.loc 1 2293 3 is_stmt 1 view .LVU15
2293:Drivers/STM32F1xx_HAL_Driver/Src/stm32f1xx_hal_tim_ex.c **** 
  80              		.loc 1 2293 22 is_stmt 0 view .LVU16
  81 0002 446A     		ldr	r4, [r0, #36]
  82              	.LVL5:
2295:Drivers/STM32F1xx_HAL_Driver/Src/stm32f1xx_hal_tim_ex.c ****   {
  83              		.loc 1 2295 3 is_stmt 1 view .LVU17
2295:Drivers/STM32F1xx_HAL_Driver/Src/stm32f1xx_hal_tim_ex.c ****   {
  84              		.loc 1 2295 25 is_stmt 0 view .LVU18
  85 0004 636A     		ldr	r3, [r4, #36]
2295:Drivers/STM32F1xx_HAL_Driver/Src/stm32f1xx_hal_tim_ex.c ****   {
  86              		.loc 1 2295 6 view .LVU19
  87 0006 8342     		cmp	r3, r0
  88 0008 0BD0     		beq	.L7
2300:Drivers/STM32F1xx_HAL_Driver/Src/stm32f1xx_hal_tim_ex.c ****   {
  89              		.loc 1 2300 8 is_stmt 1 view .LVU20
2300:Drivers/STM32F1xx_HAL_Driver/Src/stm32f1xx_hal_tim_ex.c ****   {
  90              		.loc 1 2300 30 is_stmt 0 view .LVU21
  91 000a A36A     		ldr	r3, [r4, #40]
2300:Drivers/STM32F1xx_HAL_Driver/Src/stm32f1xx_hal_tim_ex.c ****   {
  92              		.loc 1 2300 11 view .LVU22
  93 000c 8342     		cmp	r3, r0
  94 000e 0DD0     		beq	.L8
2305:Drivers/STM32F1xx_HAL_Driver/Src/stm32f1xx_hal_tim_ex.c ****   {
  95              		.loc 1 2305 8 is_stmt 1 view .LVU23
2305:Drivers/STM32F1xx_HAL_Driver/Src/stm32f1xx_hal_tim_ex.c ****   {
ARM GAS  /tmp/ccr982nq.s 			page 44


  96              		.loc 1 2305 30 is_stmt 0 view .LVU24
  97 0010 E36A     		ldr	r3, [r4, #44]
2305:Drivers/STM32F1xx_HAL_Driver/Src/stm32f1xx_hal_tim_ex.c ****   {
  98              		.loc 1 2305 11 view .LVU25
  99 0012 8342     		cmp	r3, r0
 100 0014 10D0     		beq	.L9
 101              	.L4:
2313:Drivers/STM32F1xx_HAL_Driver/Src/stm32f1xx_hal_tim_ex.c **** 
 102              		.loc 1 2313 3 is_stmt 1 view .LVU26
2318:Drivers/STM32F1xx_HAL_Driver/Src/stm32f1xx_hal_tim_ex.c **** #endif /* USE_HAL_TIM_REGISTER_CALLBACKS */
 103              		.loc 1 2318 3 view .LVU27
 104 0016 2046     		mov	r0, r4
 105              	.LVL6:
2318:Drivers/STM32F1xx_HAL_Driver/Src/stm32f1xx_hal_tim_ex.c **** #endif /* USE_HAL_TIM_REGISTER_CALLBACKS */
 106              		.loc 1 2318 3 is_stmt 0 view .LVU28
 107 0018 FFF7FEFF 		bl	HAL_TIM_ErrorCallback
 108              	.LVL7:
2321:Drivers/STM32F1xx_HAL_Driver/Src/stm32f1xx_hal_tim_ex.c **** }
 109              		.loc 1 2321 3 is_stmt 1 view .LVU29
2321:Drivers/STM32F1xx_HAL_Driver/Src/stm32f1xx_hal_tim_ex.c **** }
 110              		.loc 1 2321 17 is_stmt 0 view .LVU30
 111 001c 0023     		movs	r3, #0
 112 001e 2377     		strb	r3, [r4, #28]
2322:Drivers/STM32F1xx_HAL_Driver/Src/stm32f1xx_hal_tim_ex.c **** 
 113              		.loc 1 2322 1 view .LVU31
 114 0020 10BD     		pop	{r4, pc}
 115              	.LVL8:
 116              	.L7:
2297:Drivers/STM32F1xx_HAL_Driver/Src/stm32f1xx_hal_tim_ex.c ****     TIM_CHANNEL_N_STATE_SET(htim, TIM_CHANNEL_1, HAL_TIM_CHANNEL_STATE_READY);
 117              		.loc 1 2297 5 is_stmt 1 view .LVU32
2297:Drivers/STM32F1xx_HAL_Driver/Src/stm32f1xx_hal_tim_ex.c ****     TIM_CHANNEL_N_STATE_SET(htim, TIM_CHANNEL_1, HAL_TIM_CHANNEL_STATE_READY);
 118              		.loc 1 2297 19 is_stmt 0 view .LVU33
 119 0022 0123     		movs	r3, #1
 120 0024 2377     		strb	r3, [r4, #28]
2298:Drivers/STM32F1xx_HAL_Driver/Src/stm32f1xx_hal_tim_ex.c ****   }
 121              		.loc 1 2298 5 is_stmt 1 view .LVU34
 122 0026 84F84230 		strb	r3, [r4, #66]
 123 002a F4E7     		b	.L4
 124              	.L8:
2302:Drivers/STM32F1xx_HAL_Driver/Src/stm32f1xx_hal_tim_ex.c ****     TIM_CHANNEL_N_STATE_SET(htim, TIM_CHANNEL_2, HAL_TIM_CHANNEL_STATE_READY);
 125              		.loc 1 2302 5 view .LVU35
2302:Drivers/STM32F1xx_HAL_Driver/Src/stm32f1xx_hal_tim_ex.c ****     TIM_CHANNEL_N_STATE_SET(htim, TIM_CHANNEL_2, HAL_TIM_CHANNEL_STATE_READY);
 126              		.loc 1 2302 19 is_stmt 0 view .LVU36
 127 002c 0223     		movs	r3, #2
 128 002e 2377     		strb	r3, [r4, #28]
2303:Drivers/STM32F1xx_HAL_Driver/Src/stm32f1xx_hal_tim_ex.c ****   }
 129              		.loc 1 2303 5 is_stmt 1 view .LVU37
 130 0030 0123     		movs	r3, #1
 131 0032 84F84330 		strb	r3, [r4, #67]
 132 0036 EEE7     		b	.L4
 133              	.L9:
2307:Drivers/STM32F1xx_HAL_Driver/Src/stm32f1xx_hal_tim_ex.c ****     TIM_CHANNEL_N_STATE_SET(htim, TIM_CHANNEL_3, HAL_TIM_CHANNEL_STATE_READY);
 134              		.loc 1 2307 5 view .LVU38
2307:Drivers/STM32F1xx_HAL_Driver/Src/stm32f1xx_hal_tim_ex.c ****     TIM_CHANNEL_N_STATE_SET(htim, TIM_CHANNEL_3, HAL_TIM_CHANNEL_STATE_READY);
 135              		.loc 1 2307 19 is_stmt 0 view .LVU39
 136 0038 0423     		movs	r3, #4
 137 003a 2377     		strb	r3, [r4, #28]
ARM GAS  /tmp/ccr982nq.s 			page 45


2308:Drivers/STM32F1xx_HAL_Driver/Src/stm32f1xx_hal_tim_ex.c ****   }
 138              		.loc 1 2308 5 is_stmt 1 view .LVU40
 139 003c 0123     		movs	r3, #1
 140 003e 84F84430 		strb	r3, [r4, #68]
 141 0042 E8E7     		b	.L4
 142              		.cfi_endproc
 143              	.LFE105:
 145              		.section	.text.TIM_DMADelayPulseNCplt,"ax",%progbits
 146              		.align	1
 147              		.syntax unified
 148              		.thumb
 149              		.thumb_func
 151              	TIM_DMADelayPulseNCplt:
 152              	.LVL9:
 153              	.LFB104:
2242:Drivers/STM32F1xx_HAL_Driver/Src/stm32f1xx_hal_tim_ex.c ****   TIM_HandleTypeDef *htim = (TIM_HandleTypeDef *)((DMA_HandleTypeDef *)hdma)->Parent;
 154              		.loc 1 2242 1 view -0
 155              		.cfi_startproc
 156              		@ args = 0, pretend = 0, frame = 0
 157              		@ frame_needed = 0, uses_anonymous_args = 0
2242:Drivers/STM32F1xx_HAL_Driver/Src/stm32f1xx_hal_tim_ex.c ****   TIM_HandleTypeDef *htim = (TIM_HandleTypeDef *)((DMA_HandleTypeDef *)hdma)->Parent;
 158              		.loc 1 2242 1 is_stmt 0 view .LVU42
 159 0000 10B5     		push	{r4, lr}
 160              		.cfi_def_cfa_offset 8
 161              		.cfi_offset 4, -8
 162              		.cfi_offset 14, -4
2243:Drivers/STM32F1xx_HAL_Driver/Src/stm32f1xx_hal_tim_ex.c **** 
 163              		.loc 1 2243 3 is_stmt 1 view .LVU43
2243:Drivers/STM32F1xx_HAL_Driver/Src/stm32f1xx_hal_tim_ex.c **** 
 164              		.loc 1 2243 22 is_stmt 0 view .LVU44
 165 0002 446A     		ldr	r4, [r0, #36]
 166              	.LVL10:
2245:Drivers/STM32F1xx_HAL_Driver/Src/stm32f1xx_hal_tim_ex.c ****   {
 167              		.loc 1 2245 3 is_stmt 1 view .LVU45
2245:Drivers/STM32F1xx_HAL_Driver/Src/stm32f1xx_hal_tim_ex.c ****   {
 168              		.loc 1 2245 25 is_stmt 0 view .LVU46
 169 0004 636A     		ldr	r3, [r4, #36]
2245:Drivers/STM32F1xx_HAL_Driver/Src/stm32f1xx_hal_tim_ex.c ****   {
 170              		.loc 1 2245 6 view .LVU47
 171 0006 8342     		cmp	r3, r0
 172 0008 0BD0     		beq	.L15
2254:Drivers/STM32F1xx_HAL_Driver/Src/stm32f1xx_hal_tim_ex.c ****   {
 173              		.loc 1 2254 8 is_stmt 1 view .LVU48
2254:Drivers/STM32F1xx_HAL_Driver/Src/stm32f1xx_hal_tim_ex.c ****   {
 174              		.loc 1 2254 30 is_stmt 0 view .LVU49
 175 000a A36A     		ldr	r3, [r4, #40]
2254:Drivers/STM32F1xx_HAL_Driver/Src/stm32f1xx_hal_tim_ex.c ****   {
 176              		.loc 1 2254 11 view .LVU50
 177 000c 8342     		cmp	r3, r0
 178 000e 11D0     		beq	.L16
2263:Drivers/STM32F1xx_HAL_Driver/Src/stm32f1xx_hal_tim_ex.c ****   {
 179              		.loc 1 2263 8 is_stmt 1 view .LVU51
2263:Drivers/STM32F1xx_HAL_Driver/Src/stm32f1xx_hal_tim_ex.c ****   {
 180              		.loc 1 2263 30 is_stmt 0 view .LVU52
 181 0010 E36A     		ldr	r3, [r4, #44]
2263:Drivers/STM32F1xx_HAL_Driver/Src/stm32f1xx_hal_tim_ex.c ****   {
 182              		.loc 1 2263 11 view .LVU53
ARM GAS  /tmp/ccr982nq.s 			page 46


 183 0012 8342     		cmp	r3, r0
 184 0014 17D0     		beq	.L17
 185              	.L12:
2275:Drivers/STM32F1xx_HAL_Driver/Src/stm32f1xx_hal_tim_ex.c **** 
 186              		.loc 1 2275 3 is_stmt 1 view .LVU54
2280:Drivers/STM32F1xx_HAL_Driver/Src/stm32f1xx_hal_tim_ex.c **** #endif /* USE_HAL_TIM_REGISTER_CALLBACKS */
 187              		.loc 1 2280 3 view .LVU55
 188 0016 2046     		mov	r0, r4
 189              	.LVL11:
2280:Drivers/STM32F1xx_HAL_Driver/Src/stm32f1xx_hal_tim_ex.c **** #endif /* USE_HAL_TIM_REGISTER_CALLBACKS */
 190              		.loc 1 2280 3 is_stmt 0 view .LVU56
 191 0018 FFF7FEFF 		bl	HAL_TIM_PWM_PulseFinishedCallback
 192              	.LVL12:
2283:Drivers/STM32F1xx_HAL_Driver/Src/stm32f1xx_hal_tim_ex.c **** }
 193              		.loc 1 2283 3 is_stmt 1 view .LVU57
2283:Drivers/STM32F1xx_HAL_Driver/Src/stm32f1xx_hal_tim_ex.c **** }
 194              		.loc 1 2283 17 is_stmt 0 view .LVU58
 195 001c 0023     		movs	r3, #0
 196 001e 2377     		strb	r3, [r4, #28]
2284:Drivers/STM32F1xx_HAL_Driver/Src/stm32f1xx_hal_tim_ex.c **** 
 197              		.loc 1 2284 1 view .LVU59
 198 0020 10BD     		pop	{r4, pc}
 199              	.LVL13:
 200              	.L15:
2247:Drivers/STM32F1xx_HAL_Driver/Src/stm32f1xx_hal_tim_ex.c **** 
 201              		.loc 1 2247 5 is_stmt 1 view .LVU60
2247:Drivers/STM32F1xx_HAL_Driver/Src/stm32f1xx_hal_tim_ex.c **** 
 202              		.loc 1 2247 19 is_stmt 0 view .LVU61
 203 0022 0123     		movs	r3, #1
 204 0024 2377     		strb	r3, [r4, #28]
2249:Drivers/STM32F1xx_HAL_Driver/Src/stm32f1xx_hal_tim_ex.c ****     {
 205              		.loc 1 2249 5 is_stmt 1 view .LVU62
2249:Drivers/STM32F1xx_HAL_Driver/Src/stm32f1xx_hal_tim_ex.c ****     {
 206              		.loc 1 2249 19 is_stmt 0 view .LVU63
 207 0026 8369     		ldr	r3, [r0, #24]
2249:Drivers/STM32F1xx_HAL_Driver/Src/stm32f1xx_hal_tim_ex.c ****     {
 208              		.loc 1 2249 8 view .LVU64
 209 0028 002B     		cmp	r3, #0
 210 002a F4D1     		bne	.L12
2251:Drivers/STM32F1xx_HAL_Driver/Src/stm32f1xx_hal_tim_ex.c ****     }
 211              		.loc 1 2251 7 is_stmt 1 view .LVU65
 212 002c 0123     		movs	r3, #1
 213 002e 84F84230 		strb	r3, [r4, #66]
 214 0032 F0E7     		b	.L12
 215              	.L16:
2256:Drivers/STM32F1xx_HAL_Driver/Src/stm32f1xx_hal_tim_ex.c **** 
 216              		.loc 1 2256 5 view .LVU66
2256:Drivers/STM32F1xx_HAL_Driver/Src/stm32f1xx_hal_tim_ex.c **** 
 217              		.loc 1 2256 19 is_stmt 0 view .LVU67
 218 0034 0223     		movs	r3, #2
 219 0036 2377     		strb	r3, [r4, #28]
2258:Drivers/STM32F1xx_HAL_Driver/Src/stm32f1xx_hal_tim_ex.c ****     {
 220              		.loc 1 2258 5 is_stmt 1 view .LVU68
2258:Drivers/STM32F1xx_HAL_Driver/Src/stm32f1xx_hal_tim_ex.c ****     {
 221              		.loc 1 2258 19 is_stmt 0 view .LVU69
 222 0038 8369     		ldr	r3, [r0, #24]
2258:Drivers/STM32F1xx_HAL_Driver/Src/stm32f1xx_hal_tim_ex.c ****     {
ARM GAS  /tmp/ccr982nq.s 			page 47


 223              		.loc 1 2258 8 view .LVU70
 224 003a 002B     		cmp	r3, #0
 225 003c EBD1     		bne	.L12
2260:Drivers/STM32F1xx_HAL_Driver/Src/stm32f1xx_hal_tim_ex.c ****     }
 226              		.loc 1 2260 7 is_stmt 1 view .LVU71
 227 003e 0123     		movs	r3, #1
 228 0040 84F84330 		strb	r3, [r4, #67]
 229 0044 E7E7     		b	.L12
 230              	.L17:
2265:Drivers/STM32F1xx_HAL_Driver/Src/stm32f1xx_hal_tim_ex.c **** 
 231              		.loc 1 2265 5 view .LVU72
2265:Drivers/STM32F1xx_HAL_Driver/Src/stm32f1xx_hal_tim_ex.c **** 
 232              		.loc 1 2265 19 is_stmt 0 view .LVU73
 233 0046 0423     		movs	r3, #4
 234 0048 2377     		strb	r3, [r4, #28]
2267:Drivers/STM32F1xx_HAL_Driver/Src/stm32f1xx_hal_tim_ex.c ****     {
 235              		.loc 1 2267 5 is_stmt 1 view .LVU74
2267:Drivers/STM32F1xx_HAL_Driver/Src/stm32f1xx_hal_tim_ex.c ****     {
 236              		.loc 1 2267 19 is_stmt 0 view .LVU75
 237 004a 8369     		ldr	r3, [r0, #24]
2267:Drivers/STM32F1xx_HAL_Driver/Src/stm32f1xx_hal_tim_ex.c ****     {
 238              		.loc 1 2267 8 view .LVU76
 239 004c 002B     		cmp	r3, #0
 240 004e E2D1     		bne	.L12
2269:Drivers/STM32F1xx_HAL_Driver/Src/stm32f1xx_hal_tim_ex.c ****     }
 241              		.loc 1 2269 7 is_stmt 1 view .LVU77
 242 0050 0123     		movs	r3, #1
 243 0052 84F84430 		strb	r3, [r4, #68]
 244 0056 DEE7     		b	.L12
 245              		.cfi_endproc
 246              	.LFE104:
 248              		.section	.text.HAL_TIMEx_HallSensor_MspInit,"ax",%progbits
 249              		.align	1
 250              		.weak	HAL_TIMEx_HallSensor_MspInit
 251              		.syntax unified
 252              		.thumb
 253              		.thumb_func
 255              	HAL_TIMEx_HallSensor_MspInit:
 256              	.LVL14:
 257              	.LFB67:
 286:Drivers/STM32F1xx_HAL_Driver/Src/stm32f1xx_hal_tim_ex.c ****   /* Prevent unused argument(s) compilation warning */
 258              		.loc 1 286 1 view -0
 259              		.cfi_startproc
 260              		@ args = 0, pretend = 0, frame = 0
 261              		@ frame_needed = 0, uses_anonymous_args = 0
 262              		@ link register save eliminated.
 288:Drivers/STM32F1xx_HAL_Driver/Src/stm32f1xx_hal_tim_ex.c **** 
 263              		.loc 1 288 3 view .LVU79
 293:Drivers/STM32F1xx_HAL_Driver/Src/stm32f1xx_hal_tim_ex.c **** 
 264              		.loc 1 293 1 is_stmt 0 view .LVU80
 265 0000 7047     		bx	lr
 266              		.cfi_endproc
 267              	.LFE67:
 269              		.section	.text.HAL_TIMEx_HallSensor_Init,"ax",%progbits
 270              		.align	1
 271              		.global	HAL_TIMEx_HallSensor_Init
 272              		.syntax unified
ARM GAS  /tmp/ccr982nq.s 			page 48


 273              		.thumb
 274              		.thumb_func
 276              	HAL_TIMEx_HallSensor_Init:
 277              	.LVL15:
 278              	.LFB65:
 139:Drivers/STM32F1xx_HAL_Driver/Src/stm32f1xx_hal_tim_ex.c ****   TIM_OC_InitTypeDef OC_Config;
 279              		.loc 1 139 1 is_stmt 1 view -0
 280              		.cfi_startproc
 281              		@ args = 0, pretend = 0, frame = 32
 282              		@ frame_needed = 0, uses_anonymous_args = 0
 140:Drivers/STM32F1xx_HAL_Driver/Src/stm32f1xx_hal_tim_ex.c **** 
 283              		.loc 1 140 3 view .LVU82
 143:Drivers/STM32F1xx_HAL_Driver/Src/stm32f1xx_hal_tim_ex.c ****   {
 284              		.loc 1 143 3 view .LVU83
 143:Drivers/STM32F1xx_HAL_Driver/Src/stm32f1xx_hal_tim_ex.c ****   {
 285              		.loc 1 143 6 is_stmt 0 view .LVU84
 286 0000 0028     		cmp	r0, #0
 287 0002 65D0     		beq	.L22
 139:Drivers/STM32F1xx_HAL_Driver/Src/stm32f1xx_hal_tim_ex.c ****   TIM_OC_InitTypeDef OC_Config;
 288              		.loc 1 139 1 view .LVU85
 289 0004 70B5     		push	{r4, r5, r6, lr}
 290              		.cfi_def_cfa_offset 16
 291              		.cfi_offset 4, -16
 292              		.cfi_offset 5, -12
 293              		.cfi_offset 6, -8
 294              		.cfi_offset 14, -4
 295 0006 88B0     		sub	sp, sp, #32
 296              		.cfi_def_cfa_offset 48
 297 0008 0E46     		mov	r6, r1
 298 000a 0446     		mov	r4, r0
 149:Drivers/STM32F1xx_HAL_Driver/Src/stm32f1xx_hal_tim_ex.c ****   assert_param(IS_TIM_COUNTER_MODE(htim->Init.CounterMode));
 299              		.loc 1 149 3 is_stmt 1 view .LVU86
 150:Drivers/STM32F1xx_HAL_Driver/Src/stm32f1xx_hal_tim_ex.c ****   assert_param(IS_TIM_CLOCKDIVISION_DIV(htim->Init.ClockDivision));
 300              		.loc 1 150 3 view .LVU87
 151:Drivers/STM32F1xx_HAL_Driver/Src/stm32f1xx_hal_tim_ex.c ****   assert_param(IS_TIM_AUTORELOAD_PRELOAD(htim->Init.AutoReloadPreload));
 301              		.loc 1 151 3 view .LVU88
 152:Drivers/STM32F1xx_HAL_Driver/Src/stm32f1xx_hal_tim_ex.c ****   assert_param(IS_TIM_IC_POLARITY(sConfig->IC1Polarity));
 302              		.loc 1 152 3 view .LVU89
 153:Drivers/STM32F1xx_HAL_Driver/Src/stm32f1xx_hal_tim_ex.c ****   assert_param(IS_TIM_PERIOD(htim->Init.Period));
 303              		.loc 1 153 3 view .LVU90
 154:Drivers/STM32F1xx_HAL_Driver/Src/stm32f1xx_hal_tim_ex.c ****   assert_param(IS_TIM_IC_PRESCALER(sConfig->IC1Prescaler));
 304              		.loc 1 154 3 view .LVU91
 155:Drivers/STM32F1xx_HAL_Driver/Src/stm32f1xx_hal_tim_ex.c ****   assert_param(IS_TIM_IC_FILTER(sConfig->IC1Filter));
 305              		.loc 1 155 3 view .LVU92
 156:Drivers/STM32F1xx_HAL_Driver/Src/stm32f1xx_hal_tim_ex.c **** 
 306              		.loc 1 156 3 view .LVU93
 158:Drivers/STM32F1xx_HAL_Driver/Src/stm32f1xx_hal_tim_ex.c ****   {
 307              		.loc 1 158 3 view .LVU94
 158:Drivers/STM32F1xx_HAL_Driver/Src/stm32f1xx_hal_tim_ex.c ****   {
 308              		.loc 1 158 11 is_stmt 0 view .LVU95
 309 000c 90F83D30 		ldrb	r3, [r0, #61]	@ zero_extendqisi2
 158:Drivers/STM32F1xx_HAL_Driver/Src/stm32f1xx_hal_tim_ex.c ****   {
 310              		.loc 1 158 6 view .LVU96
 311 0010 002B     		cmp	r3, #0
 312 0012 58D0     		beq	.L27
 313              	.LVL16:
 314              	.L21:
ARM GAS  /tmp/ccr982nq.s 			page 49


 180:Drivers/STM32F1xx_HAL_Driver/Src/stm32f1xx_hal_tim_ex.c **** 
 315              		.loc 1 180 3 is_stmt 1 view .LVU97
 180:Drivers/STM32F1xx_HAL_Driver/Src/stm32f1xx_hal_tim_ex.c **** 
 316              		.loc 1 180 15 is_stmt 0 view .LVU98
 317 0014 0223     		movs	r3, #2
 318 0016 84F83D30 		strb	r3, [r4, #61]
 183:Drivers/STM32F1xx_HAL_Driver/Src/stm32f1xx_hal_tim_ex.c **** 
 319              		.loc 1 183 3 is_stmt 1 view .LVU99
 183:Drivers/STM32F1xx_HAL_Driver/Src/stm32f1xx_hal_tim_ex.c **** 
 320              		.loc 1 183 38 is_stmt 0 view .LVU100
 321 001a 2146     		mov	r1, r4
 183:Drivers/STM32F1xx_HAL_Driver/Src/stm32f1xx_hal_tim_ex.c **** 
 322              		.loc 1 183 3 view .LVU101
 323 001c 51F8040B 		ldr	r0, [r1], #4
 324 0020 FFF7FEFF 		bl	TIM_Base_SetConfig
 325              	.LVL17:
 186:Drivers/STM32F1xx_HAL_Driver/Src/stm32f1xx_hal_tim_ex.c **** 
 326              		.loc 1 186 3 is_stmt 1 view .LVU102
 327 0024 B368     		ldr	r3, [r6, #8]
 328 0026 0322     		movs	r2, #3
 329 0028 3168     		ldr	r1, [r6]
 330 002a 2068     		ldr	r0, [r4]
 331 002c FFF7FEFF 		bl	TIM_TI1_SetConfig
 332              	.LVL18:
 189:Drivers/STM32F1xx_HAL_Driver/Src/stm32f1xx_hal_tim_ex.c ****   /* Set the IC1PSC value */
 333              		.loc 1 189 3 view .LVU103
 189:Drivers/STM32F1xx_HAL_Driver/Src/stm32f1xx_hal_tim_ex.c ****   /* Set the IC1PSC value */
 334              		.loc 1 189 7 is_stmt 0 view .LVU104
 335 0030 2268     		ldr	r2, [r4]
 189:Drivers/STM32F1xx_HAL_Driver/Src/stm32f1xx_hal_tim_ex.c ****   /* Set the IC1PSC value */
 336              		.loc 1 189 17 view .LVU105
 337 0032 9369     		ldr	r3, [r2, #24]
 189:Drivers/STM32F1xx_HAL_Driver/Src/stm32f1xx_hal_tim_ex.c ****   /* Set the IC1PSC value */
 338              		.loc 1 189 25 view .LVU106
 339 0034 23F00C03 		bic	r3, r3, #12
 340 0038 9361     		str	r3, [r2, #24]
 191:Drivers/STM32F1xx_HAL_Driver/Src/stm32f1xx_hal_tim_ex.c **** 
 341              		.loc 1 191 3 is_stmt 1 view .LVU107
 191:Drivers/STM32F1xx_HAL_Driver/Src/stm32f1xx_hal_tim_ex.c **** 
 342              		.loc 1 191 7 is_stmt 0 view .LVU108
 343 003a 2268     		ldr	r2, [r4]
 191:Drivers/STM32F1xx_HAL_Driver/Src/stm32f1xx_hal_tim_ex.c **** 
 344              		.loc 1 191 17 view .LVU109
 345 003c 9369     		ldr	r3, [r2, #24]
 191:Drivers/STM32F1xx_HAL_Driver/Src/stm32f1xx_hal_tim_ex.c **** 
 346              		.loc 1 191 35 view .LVU110
 347 003e 7168     		ldr	r1, [r6, #4]
 191:Drivers/STM32F1xx_HAL_Driver/Src/stm32f1xx_hal_tim_ex.c **** 
 348              		.loc 1 191 25 view .LVU111
 349 0040 0B43     		orrs	r3, r3, r1
 350 0042 9361     		str	r3, [r2, #24]
 194:Drivers/STM32F1xx_HAL_Driver/Src/stm32f1xx_hal_tim_ex.c **** 
 351              		.loc 1 194 3 is_stmt 1 view .LVU112
 194:Drivers/STM32F1xx_HAL_Driver/Src/stm32f1xx_hal_tim_ex.c **** 
 352              		.loc 1 194 7 is_stmt 0 view .LVU113
 353 0044 2268     		ldr	r2, [r4]
 194:Drivers/STM32F1xx_HAL_Driver/Src/stm32f1xx_hal_tim_ex.c **** 
ARM GAS  /tmp/ccr982nq.s 			page 50


 354              		.loc 1 194 17 view .LVU114
 355 0046 5368     		ldr	r3, [r2, #4]
 194:Drivers/STM32F1xx_HAL_Driver/Src/stm32f1xx_hal_tim_ex.c **** 
 356              		.loc 1 194 23 view .LVU115
 357 0048 43F08003 		orr	r3, r3, #128
 358 004c 5360     		str	r3, [r2, #4]
 197:Drivers/STM32F1xx_HAL_Driver/Src/stm32f1xx_hal_tim_ex.c ****   htim->Instance->SMCR |= TIM_TS_TI1F_ED;
 359              		.loc 1 197 3 is_stmt 1 view .LVU116
 197:Drivers/STM32F1xx_HAL_Driver/Src/stm32f1xx_hal_tim_ex.c ****   htim->Instance->SMCR |= TIM_TS_TI1F_ED;
 360              		.loc 1 197 7 is_stmt 0 view .LVU117
 361 004e 2268     		ldr	r2, [r4]
 197:Drivers/STM32F1xx_HAL_Driver/Src/stm32f1xx_hal_tim_ex.c ****   htim->Instance->SMCR |= TIM_TS_TI1F_ED;
 362              		.loc 1 197 17 view .LVU118
 363 0050 9368     		ldr	r3, [r2, #8]
 197:Drivers/STM32F1xx_HAL_Driver/Src/stm32f1xx_hal_tim_ex.c ****   htim->Instance->SMCR |= TIM_TS_TI1F_ED;
 364              		.loc 1 197 24 view .LVU119
 365 0052 23F07003 		bic	r3, r3, #112
 366 0056 9360     		str	r3, [r2, #8]
 198:Drivers/STM32F1xx_HAL_Driver/Src/stm32f1xx_hal_tim_ex.c **** 
 367              		.loc 1 198 3 is_stmt 1 view .LVU120
 198:Drivers/STM32F1xx_HAL_Driver/Src/stm32f1xx_hal_tim_ex.c **** 
 368              		.loc 1 198 7 is_stmt 0 view .LVU121
 369 0058 2268     		ldr	r2, [r4]
 198:Drivers/STM32F1xx_HAL_Driver/Src/stm32f1xx_hal_tim_ex.c **** 
 370              		.loc 1 198 17 view .LVU122
 371 005a 9368     		ldr	r3, [r2, #8]
 198:Drivers/STM32F1xx_HAL_Driver/Src/stm32f1xx_hal_tim_ex.c **** 
 372              		.loc 1 198 24 view .LVU123
 373 005c 43F04003 		orr	r3, r3, #64
 374 0060 9360     		str	r3, [r2, #8]
 201:Drivers/STM32F1xx_HAL_Driver/Src/stm32f1xx_hal_tim_ex.c ****   htim->Instance->SMCR |= TIM_SLAVEMODE_RESET;
 375              		.loc 1 201 3 is_stmt 1 view .LVU124
 201:Drivers/STM32F1xx_HAL_Driver/Src/stm32f1xx_hal_tim_ex.c ****   htim->Instance->SMCR |= TIM_SLAVEMODE_RESET;
 376              		.loc 1 201 7 is_stmt 0 view .LVU125
 377 0062 2268     		ldr	r2, [r4]
 201:Drivers/STM32F1xx_HAL_Driver/Src/stm32f1xx_hal_tim_ex.c ****   htim->Instance->SMCR |= TIM_SLAVEMODE_RESET;
 378              		.loc 1 201 17 view .LVU126
 379 0064 9368     		ldr	r3, [r2, #8]
 201:Drivers/STM32F1xx_HAL_Driver/Src/stm32f1xx_hal_tim_ex.c ****   htim->Instance->SMCR |= TIM_SLAVEMODE_RESET;
 380              		.loc 1 201 24 view .LVU127
 381 0066 23F00703 		bic	r3, r3, #7
 382 006a 9360     		str	r3, [r2, #8]
 202:Drivers/STM32F1xx_HAL_Driver/Src/stm32f1xx_hal_tim_ex.c **** 
 383              		.loc 1 202 3 is_stmt 1 view .LVU128
 202:Drivers/STM32F1xx_HAL_Driver/Src/stm32f1xx_hal_tim_ex.c **** 
 384              		.loc 1 202 7 is_stmt 0 view .LVU129
 385 006c 2268     		ldr	r2, [r4]
 202:Drivers/STM32F1xx_HAL_Driver/Src/stm32f1xx_hal_tim_ex.c **** 
 386              		.loc 1 202 17 view .LVU130
 387 006e 9368     		ldr	r3, [r2, #8]
 202:Drivers/STM32F1xx_HAL_Driver/Src/stm32f1xx_hal_tim_ex.c **** 
 388              		.loc 1 202 24 view .LVU131
 389 0070 43F00403 		orr	r3, r3, #4
 390 0074 9360     		str	r3, [r2, #8]
 205:Drivers/STM32F1xx_HAL_Driver/Src/stm32f1xx_hal_tim_ex.c ****   OC_Config.OCIdleState = TIM_OCIDLESTATE_RESET;
 391              		.loc 1 205 3 is_stmt 1 view .LVU132
 205:Drivers/STM32F1xx_HAL_Driver/Src/stm32f1xx_hal_tim_ex.c ****   OC_Config.OCIdleState = TIM_OCIDLESTATE_RESET;
ARM GAS  /tmp/ccr982nq.s 			page 51


 392              		.loc 1 205 24 is_stmt 0 view .LVU133
 393 0076 0025     		movs	r5, #0
 394 0078 0595     		str	r5, [sp, #20]
 206:Drivers/STM32F1xx_HAL_Driver/Src/stm32f1xx_hal_tim_ex.c ****   OC_Config.OCMode = TIM_OCMODE_PWM2;
 395              		.loc 1 206 3 is_stmt 1 view .LVU134
 206:Drivers/STM32F1xx_HAL_Driver/Src/stm32f1xx_hal_tim_ex.c ****   OC_Config.OCMode = TIM_OCMODE_PWM2;
 396              		.loc 1 206 25 is_stmt 0 view .LVU135
 397 007a 0695     		str	r5, [sp, #24]
 207:Drivers/STM32F1xx_HAL_Driver/Src/stm32f1xx_hal_tim_ex.c ****   OC_Config.OCNIdleState = TIM_OCNIDLESTATE_RESET;
 398              		.loc 1 207 3 is_stmt 1 view .LVU136
 207:Drivers/STM32F1xx_HAL_Driver/Src/stm32f1xx_hal_tim_ex.c ****   OC_Config.OCNIdleState = TIM_OCNIDLESTATE_RESET;
 399              		.loc 1 207 20 is_stmt 0 view .LVU137
 400 007c 7023     		movs	r3, #112
 401 007e 0193     		str	r3, [sp, #4]
 208:Drivers/STM32F1xx_HAL_Driver/Src/stm32f1xx_hal_tim_ex.c ****   OC_Config.OCNPolarity = TIM_OCNPOLARITY_HIGH;
 402              		.loc 1 208 3 is_stmt 1 view .LVU138
 208:Drivers/STM32F1xx_HAL_Driver/Src/stm32f1xx_hal_tim_ex.c ****   OC_Config.OCNPolarity = TIM_OCNPOLARITY_HIGH;
 403              		.loc 1 208 26 is_stmt 0 view .LVU139
 404 0080 0795     		str	r5, [sp, #28]
 209:Drivers/STM32F1xx_HAL_Driver/Src/stm32f1xx_hal_tim_ex.c ****   OC_Config.OCPolarity = TIM_OCPOLARITY_HIGH;
 405              		.loc 1 209 3 is_stmt 1 view .LVU140
 209:Drivers/STM32F1xx_HAL_Driver/Src/stm32f1xx_hal_tim_ex.c ****   OC_Config.OCPolarity = TIM_OCPOLARITY_HIGH;
 406              		.loc 1 209 25 is_stmt 0 view .LVU141
 407 0082 0495     		str	r5, [sp, #16]
 210:Drivers/STM32F1xx_HAL_Driver/Src/stm32f1xx_hal_tim_ex.c ****   OC_Config.Pulse = sConfig->Commutation_Delay;
 408              		.loc 1 210 3 is_stmt 1 view .LVU142
 210:Drivers/STM32F1xx_HAL_Driver/Src/stm32f1xx_hal_tim_ex.c ****   OC_Config.Pulse = sConfig->Commutation_Delay;
 409              		.loc 1 210 24 is_stmt 0 view .LVU143
 410 0084 0395     		str	r5, [sp, #12]
 211:Drivers/STM32F1xx_HAL_Driver/Src/stm32f1xx_hal_tim_ex.c **** 
 411              		.loc 1 211 3 is_stmt 1 view .LVU144
 211:Drivers/STM32F1xx_HAL_Driver/Src/stm32f1xx_hal_tim_ex.c **** 
 412              		.loc 1 211 28 is_stmt 0 view .LVU145
 413 0086 F368     		ldr	r3, [r6, #12]
 211:Drivers/STM32F1xx_HAL_Driver/Src/stm32f1xx_hal_tim_ex.c **** 
 414              		.loc 1 211 19 view .LVU146
 415 0088 0293     		str	r3, [sp, #8]
 213:Drivers/STM32F1xx_HAL_Driver/Src/stm32f1xx_hal_tim_ex.c **** 
 416              		.loc 1 213 3 is_stmt 1 view .LVU147
 417 008a 01A9     		add	r1, sp, #4
 418 008c 2068     		ldr	r0, [r4]
 419 008e FFF7FEFF 		bl	TIM_OC2_SetConfig
 420              	.LVL19:
 217:Drivers/STM32F1xx_HAL_Driver/Src/stm32f1xx_hal_tim_ex.c ****   htim->Instance->CR2 |= TIM_TRGO_OC2REF;
 421              		.loc 1 217 3 view .LVU148
 217:Drivers/STM32F1xx_HAL_Driver/Src/stm32f1xx_hal_tim_ex.c ****   htim->Instance->CR2 |= TIM_TRGO_OC2REF;
 422              		.loc 1 217 7 is_stmt 0 view .LVU149
 423 0092 2268     		ldr	r2, [r4]
 217:Drivers/STM32F1xx_HAL_Driver/Src/stm32f1xx_hal_tim_ex.c ****   htim->Instance->CR2 |= TIM_TRGO_OC2REF;
 424              		.loc 1 217 17 view .LVU150
 425 0094 5368     		ldr	r3, [r2, #4]
 217:Drivers/STM32F1xx_HAL_Driver/Src/stm32f1xx_hal_tim_ex.c ****   htim->Instance->CR2 |= TIM_TRGO_OC2REF;
 426              		.loc 1 217 23 view .LVU151
 427 0096 23F07003 		bic	r3, r3, #112
 428 009a 5360     		str	r3, [r2, #4]
 218:Drivers/STM32F1xx_HAL_Driver/Src/stm32f1xx_hal_tim_ex.c **** 
 429              		.loc 1 218 3 is_stmt 1 view .LVU152
ARM GAS  /tmp/ccr982nq.s 			page 52


 218:Drivers/STM32F1xx_HAL_Driver/Src/stm32f1xx_hal_tim_ex.c **** 
 430              		.loc 1 218 7 is_stmt 0 view .LVU153
 431 009c 2268     		ldr	r2, [r4]
 218:Drivers/STM32F1xx_HAL_Driver/Src/stm32f1xx_hal_tim_ex.c **** 
 432              		.loc 1 218 17 view .LVU154
 433 009e 5368     		ldr	r3, [r2, #4]
 218:Drivers/STM32F1xx_HAL_Driver/Src/stm32f1xx_hal_tim_ex.c **** 
 434              		.loc 1 218 23 view .LVU155
 435 00a0 43F05003 		orr	r3, r3, #80
 436 00a4 5360     		str	r3, [r2, #4]
 221:Drivers/STM32F1xx_HAL_Driver/Src/stm32f1xx_hal_tim_ex.c **** 
 437              		.loc 1 221 3 is_stmt 1 view .LVU156
 221:Drivers/STM32F1xx_HAL_Driver/Src/stm32f1xx_hal_tim_ex.c **** 
 438              		.loc 1 221 23 is_stmt 0 view .LVU157
 439 00a6 0123     		movs	r3, #1
 440 00a8 84F84630 		strb	r3, [r4, #70]
 224:Drivers/STM32F1xx_HAL_Driver/Src/stm32f1xx_hal_tim_ex.c ****   TIM_CHANNEL_STATE_SET(htim, TIM_CHANNEL_2, HAL_TIM_CHANNEL_STATE_READY);
 441              		.loc 1 224 3 is_stmt 1 view .LVU158
 442 00ac 84F83E30 		strb	r3, [r4, #62]
 225:Drivers/STM32F1xx_HAL_Driver/Src/stm32f1xx_hal_tim_ex.c ****   TIM_CHANNEL_N_STATE_SET(htim, TIM_CHANNEL_1, HAL_TIM_CHANNEL_STATE_READY);
 443              		.loc 1 225 3 view .LVU159
 444 00b0 84F83F30 		strb	r3, [r4, #63]
 226:Drivers/STM32F1xx_HAL_Driver/Src/stm32f1xx_hal_tim_ex.c ****   TIM_CHANNEL_N_STATE_SET(htim, TIM_CHANNEL_2, HAL_TIM_CHANNEL_STATE_READY);
 445              		.loc 1 226 3 view .LVU160
 446 00b4 84F84230 		strb	r3, [r4, #66]
 227:Drivers/STM32F1xx_HAL_Driver/Src/stm32f1xx_hal_tim_ex.c **** 
 447              		.loc 1 227 3 view .LVU161
 448 00b8 84F84330 		strb	r3, [r4, #67]
 230:Drivers/STM32F1xx_HAL_Driver/Src/stm32f1xx_hal_tim_ex.c **** 
 449              		.loc 1 230 3 view .LVU162
 230:Drivers/STM32F1xx_HAL_Driver/Src/stm32f1xx_hal_tim_ex.c **** 
 450              		.loc 1 230 15 is_stmt 0 view .LVU163
 451 00bc 84F83D30 		strb	r3, [r4, #61]
 232:Drivers/STM32F1xx_HAL_Driver/Src/stm32f1xx_hal_tim_ex.c **** }
 452              		.loc 1 232 3 is_stmt 1 view .LVU164
 232:Drivers/STM32F1xx_HAL_Driver/Src/stm32f1xx_hal_tim_ex.c **** }
 453              		.loc 1 232 10 is_stmt 0 view .LVU165
 454 00c0 2846     		mov	r0, r5
 233:Drivers/STM32F1xx_HAL_Driver/Src/stm32f1xx_hal_tim_ex.c **** 
 455              		.loc 1 233 1 view .LVU166
 456 00c2 08B0     		add	sp, sp, #32
 457              		.cfi_remember_state
 458              		.cfi_def_cfa_offset 16
 459              		@ sp needed
 460 00c4 70BD     		pop	{r4, r5, r6, pc}
 461              	.LVL20:
 462              	.L27:
 463              		.cfi_restore_state
 161:Drivers/STM32F1xx_HAL_Driver/Src/stm32f1xx_hal_tim_ex.c **** 
 464              		.loc 1 161 5 is_stmt 1 view .LVU167
 161:Drivers/STM32F1xx_HAL_Driver/Src/stm32f1xx_hal_tim_ex.c **** 
 465              		.loc 1 161 16 is_stmt 0 view .LVU168
 466 00c6 80F83C30 		strb	r3, [r0, #60]
 175:Drivers/STM32F1xx_HAL_Driver/Src/stm32f1xx_hal_tim_ex.c **** #endif /* USE_HAL_TIM_REGISTER_CALLBACKS */
 467              		.loc 1 175 5 is_stmt 1 view .LVU169
 468 00ca FFF7FEFF 		bl	HAL_TIMEx_HallSensor_MspInit
 469              	.LVL21:
ARM GAS  /tmp/ccr982nq.s 			page 53


 175:Drivers/STM32F1xx_HAL_Driver/Src/stm32f1xx_hal_tim_ex.c **** #endif /* USE_HAL_TIM_REGISTER_CALLBACKS */
 470              		.loc 1 175 5 is_stmt 0 view .LVU170
 471 00ce A1E7     		b	.L21
 472              	.LVL22:
 473              	.L22:
 474              		.cfi_def_cfa_offset 0
 475              		.cfi_restore 4
 476              		.cfi_restore 5
 477              		.cfi_restore 6
 478              		.cfi_restore 14
 145:Drivers/STM32F1xx_HAL_Driver/Src/stm32f1xx_hal_tim_ex.c ****   }
 479              		.loc 1 145 12 view .LVU171
 480 00d0 0120     		movs	r0, #1
 481              	.LVL23:
 233:Drivers/STM32F1xx_HAL_Driver/Src/stm32f1xx_hal_tim_ex.c **** 
 482              		.loc 1 233 1 view .LVU172
 483 00d2 7047     		bx	lr
 484              		.cfi_endproc
 485              	.LFE65:
 487              		.section	.text.HAL_TIMEx_HallSensor_MspDeInit,"ax",%progbits
 488              		.align	1
 489              		.weak	HAL_TIMEx_HallSensor_MspDeInit
 490              		.syntax unified
 491              		.thumb
 492              		.thumb_func
 494              	HAL_TIMEx_HallSensor_MspDeInit:
 495              	.LVL24:
 496              	.LFB68:
 301:Drivers/STM32F1xx_HAL_Driver/Src/stm32f1xx_hal_tim_ex.c ****   /* Prevent unused argument(s) compilation warning */
 497              		.loc 1 301 1 is_stmt 1 view -0
 498              		.cfi_startproc
 499              		@ args = 0, pretend = 0, frame = 0
 500              		@ frame_needed = 0, uses_anonymous_args = 0
 501              		@ link register save eliminated.
 303:Drivers/STM32F1xx_HAL_Driver/Src/stm32f1xx_hal_tim_ex.c **** 
 502              		.loc 1 303 3 view .LVU174
 308:Drivers/STM32F1xx_HAL_Driver/Src/stm32f1xx_hal_tim_ex.c **** 
 503              		.loc 1 308 1 is_stmt 0 view .LVU175
 504 0000 7047     		bx	lr
 505              		.cfi_endproc
 506              	.LFE68:
 508              		.section	.text.HAL_TIMEx_HallSensor_DeInit,"ax",%progbits
 509              		.align	1
 510              		.global	HAL_TIMEx_HallSensor_DeInit
 511              		.syntax unified
 512              		.thumb
 513              		.thumb_func
 515              	HAL_TIMEx_HallSensor_DeInit:
 516              	.LVL25:
 517              	.LFB66:
 241:Drivers/STM32F1xx_HAL_Driver/Src/stm32f1xx_hal_tim_ex.c ****   /* Check the parameters */
 518              		.loc 1 241 1 is_stmt 1 view -0
 519              		.cfi_startproc
 520              		@ args = 0, pretend = 0, frame = 0
 521              		@ frame_needed = 0, uses_anonymous_args = 0
 241:Drivers/STM32F1xx_HAL_Driver/Src/stm32f1xx_hal_tim_ex.c ****   /* Check the parameters */
 522              		.loc 1 241 1 is_stmt 0 view .LVU177
ARM GAS  /tmp/ccr982nq.s 			page 54


 523 0000 10B5     		push	{r4, lr}
 524              		.cfi_def_cfa_offset 8
 525              		.cfi_offset 4, -8
 526              		.cfi_offset 14, -4
 527 0002 0446     		mov	r4, r0
 243:Drivers/STM32F1xx_HAL_Driver/Src/stm32f1xx_hal_tim_ex.c **** 
 528              		.loc 1 243 3 is_stmt 1 view .LVU178
 245:Drivers/STM32F1xx_HAL_Driver/Src/stm32f1xx_hal_tim_ex.c **** 
 529              		.loc 1 245 3 view .LVU179
 245:Drivers/STM32F1xx_HAL_Driver/Src/stm32f1xx_hal_tim_ex.c **** 
 530              		.loc 1 245 15 is_stmt 0 view .LVU180
 531 0004 0223     		movs	r3, #2
 532 0006 80F83D30 		strb	r3, [r0, #61]
 248:Drivers/STM32F1xx_HAL_Driver/Src/stm32f1xx_hal_tim_ex.c **** 
 533              		.loc 1 248 3 is_stmt 1 view .LVU181
 248:Drivers/STM32F1xx_HAL_Driver/Src/stm32f1xx_hal_tim_ex.c **** 
 534              		.loc 1 248 3 view .LVU182
 535 000a 0368     		ldr	r3, [r0]
 536 000c 196A     		ldr	r1, [r3, #32]
 537 000e 41F21112 		movw	r2, #4369
 538 0012 1142     		tst	r1, r2
 539 0014 08D1     		bne	.L30
 248:Drivers/STM32F1xx_HAL_Driver/Src/stm32f1xx_hal_tim_ex.c **** 
 540              		.loc 1 248 3 discriminator 1 view .LVU183
 541 0016 196A     		ldr	r1, [r3, #32]
 542 0018 40F24442 		movw	r2, #1092
 543 001c 1142     		tst	r1, r2
 544 001e 03D1     		bne	.L30
 248:Drivers/STM32F1xx_HAL_Driver/Src/stm32f1xx_hal_tim_ex.c **** 
 545              		.loc 1 248 3 discriminator 3 view .LVU184
 546 0020 1A68     		ldr	r2, [r3]
 547 0022 22F00102 		bic	r2, r2, #1
 548 0026 1A60     		str	r2, [r3]
 549              	.L30:
 248:Drivers/STM32F1xx_HAL_Driver/Src/stm32f1xx_hal_tim_ex.c **** 
 550              		.loc 1 248 3 discriminator 5 view .LVU185
 259:Drivers/STM32F1xx_HAL_Driver/Src/stm32f1xx_hal_tim_ex.c **** #endif /* USE_HAL_TIM_REGISTER_CALLBACKS */
 551              		.loc 1 259 3 view .LVU186
 552 0028 2046     		mov	r0, r4
 553              	.LVL26:
 259:Drivers/STM32F1xx_HAL_Driver/Src/stm32f1xx_hal_tim_ex.c **** #endif /* USE_HAL_TIM_REGISTER_CALLBACKS */
 554              		.loc 1 259 3 is_stmt 0 view .LVU187
 555 002a FFF7FEFF 		bl	HAL_TIMEx_HallSensor_MspDeInit
 556              	.LVL27:
 263:Drivers/STM32F1xx_HAL_Driver/Src/stm32f1xx_hal_tim_ex.c **** 
 557              		.loc 1 263 3 is_stmt 1 view .LVU188
 263:Drivers/STM32F1xx_HAL_Driver/Src/stm32f1xx_hal_tim_ex.c **** 
 558              		.loc 1 263 23 is_stmt 0 view .LVU189
 559 002e 0020     		movs	r0, #0
 560 0030 84F84600 		strb	r0, [r4, #70]
 266:Drivers/STM32F1xx_HAL_Driver/Src/stm32f1xx_hal_tim_ex.c ****   TIM_CHANNEL_STATE_SET(htim, TIM_CHANNEL_2, HAL_TIM_CHANNEL_STATE_RESET);
 561              		.loc 1 266 3 is_stmt 1 view .LVU190
 562 0034 84F83E00 		strb	r0, [r4, #62]
 267:Drivers/STM32F1xx_HAL_Driver/Src/stm32f1xx_hal_tim_ex.c ****   TIM_CHANNEL_N_STATE_SET(htim, TIM_CHANNEL_1, HAL_TIM_CHANNEL_STATE_RESET);
 563              		.loc 1 267 3 view .LVU191
 564 0038 84F83F00 		strb	r0, [r4, #63]
 268:Drivers/STM32F1xx_HAL_Driver/Src/stm32f1xx_hal_tim_ex.c ****   TIM_CHANNEL_N_STATE_SET(htim, TIM_CHANNEL_2, HAL_TIM_CHANNEL_STATE_RESET);
ARM GAS  /tmp/ccr982nq.s 			page 55


 565              		.loc 1 268 3 view .LVU192
 566 003c 84F84200 		strb	r0, [r4, #66]
 269:Drivers/STM32F1xx_HAL_Driver/Src/stm32f1xx_hal_tim_ex.c **** 
 567              		.loc 1 269 3 view .LVU193
 568 0040 84F84300 		strb	r0, [r4, #67]
 272:Drivers/STM32F1xx_HAL_Driver/Src/stm32f1xx_hal_tim_ex.c **** 
 569              		.loc 1 272 3 view .LVU194
 272:Drivers/STM32F1xx_HAL_Driver/Src/stm32f1xx_hal_tim_ex.c **** 
 570              		.loc 1 272 15 is_stmt 0 view .LVU195
 571 0044 84F83D00 		strb	r0, [r4, #61]
 275:Drivers/STM32F1xx_HAL_Driver/Src/stm32f1xx_hal_tim_ex.c **** 
 572              		.loc 1 275 3 is_stmt 1 view .LVU196
 275:Drivers/STM32F1xx_HAL_Driver/Src/stm32f1xx_hal_tim_ex.c **** 
 573              		.loc 1 275 3 view .LVU197
 574 0048 84F83C00 		strb	r0, [r4, #60]
 275:Drivers/STM32F1xx_HAL_Driver/Src/stm32f1xx_hal_tim_ex.c **** 
 575              		.loc 1 275 3 view .LVU198
 277:Drivers/STM32F1xx_HAL_Driver/Src/stm32f1xx_hal_tim_ex.c **** }
 576              		.loc 1 277 3 view .LVU199
 278:Drivers/STM32F1xx_HAL_Driver/Src/stm32f1xx_hal_tim_ex.c **** 
 577              		.loc 1 278 1 is_stmt 0 view .LVU200
 578 004c 10BD     		pop	{r4, pc}
 278:Drivers/STM32F1xx_HAL_Driver/Src/stm32f1xx_hal_tim_ex.c **** 
 579              		.loc 1 278 1 view .LVU201
 580              		.cfi_endproc
 581              	.LFE66:
 583              		.section	.text.HAL_TIMEx_HallSensor_Start,"ax",%progbits
 584              		.align	1
 585              		.global	HAL_TIMEx_HallSensor_Start
 586              		.syntax unified
 587              		.thumb
 588              		.thumb_func
 590              	HAL_TIMEx_HallSensor_Start:
 591              	.LVL28:
 592              	.LFB69:
 316:Drivers/STM32F1xx_HAL_Driver/Src/stm32f1xx_hal_tim_ex.c ****   uint32_t tmpsmcr;
 593              		.loc 1 316 1 is_stmt 1 view -0
 594              		.cfi_startproc
 595              		@ args = 0, pretend = 0, frame = 0
 596              		@ frame_needed = 0, uses_anonymous_args = 0
 316:Drivers/STM32F1xx_HAL_Driver/Src/stm32f1xx_hal_tim_ex.c ****   uint32_t tmpsmcr;
 597              		.loc 1 316 1 is_stmt 0 view .LVU203
 598 0000 10B5     		push	{r4, lr}
 599              		.cfi_def_cfa_offset 8
 600              		.cfi_offset 4, -8
 601              		.cfi_offset 14, -4
 602 0002 0446     		mov	r4, r0
 317:Drivers/STM32F1xx_HAL_Driver/Src/stm32f1xx_hal_tim_ex.c ****   HAL_TIM_ChannelStateTypeDef channel_1_state = TIM_CHANNEL_STATE_GET(htim, TIM_CHANNEL_1);
 603              		.loc 1 317 3 is_stmt 1 view .LVU204
 318:Drivers/STM32F1xx_HAL_Driver/Src/stm32f1xx_hal_tim_ex.c ****   HAL_TIM_ChannelStateTypeDef channel_2_state = TIM_CHANNEL_STATE_GET(htim, TIM_CHANNEL_2);
 604              		.loc 1 318 3 view .LVU205
 318:Drivers/STM32F1xx_HAL_Driver/Src/stm32f1xx_hal_tim_ex.c ****   HAL_TIM_ChannelStateTypeDef channel_2_state = TIM_CHANNEL_STATE_GET(htim, TIM_CHANNEL_2);
 605              		.loc 1 318 31 is_stmt 0 view .LVU206
 606 0004 90F83EC0 		ldrb	ip, [r0, #62]	@ zero_extendqisi2
 607              	.LVL29:
 319:Drivers/STM32F1xx_HAL_Driver/Src/stm32f1xx_hal_tim_ex.c ****   HAL_TIM_ChannelStateTypeDef complementary_channel_1_state = TIM_CHANNEL_N_STATE_GET(htim, TIM_CHA
 608              		.loc 1 319 3 is_stmt 1 view .LVU207
ARM GAS  /tmp/ccr982nq.s 			page 56


 319:Drivers/STM32F1xx_HAL_Driver/Src/stm32f1xx_hal_tim_ex.c ****   HAL_TIM_ChannelStateTypeDef complementary_channel_1_state = TIM_CHANNEL_N_STATE_GET(htim, TIM_CHA
 609              		.loc 1 319 31 is_stmt 0 view .LVU208
 610 0008 90F83F30 		ldrb	r3, [r0, #63]	@ zero_extendqisi2
 611              	.LVL30:
 320:Drivers/STM32F1xx_HAL_Driver/Src/stm32f1xx_hal_tim_ex.c ****   HAL_TIM_ChannelStateTypeDef complementary_channel_2_state = TIM_CHANNEL_N_STATE_GET(htim, TIM_CHA
 612              		.loc 1 320 3 is_stmt 1 view .LVU209
 320:Drivers/STM32F1xx_HAL_Driver/Src/stm32f1xx_hal_tim_ex.c ****   HAL_TIM_ChannelStateTypeDef complementary_channel_2_state = TIM_CHANNEL_N_STATE_GET(htim, TIM_CHA
 613              		.loc 1 320 31 is_stmt 0 view .LVU210
 614 000c 90F84220 		ldrb	r2, [r0, #66]	@ zero_extendqisi2
 615              	.LVL31:
 321:Drivers/STM32F1xx_HAL_Driver/Src/stm32f1xx_hal_tim_ex.c **** 
 616              		.loc 1 321 3 is_stmt 1 view .LVU211
 321:Drivers/STM32F1xx_HAL_Driver/Src/stm32f1xx_hal_tim_ex.c **** 
 617              		.loc 1 321 31 is_stmt 0 view .LVU212
 618 0010 90F84310 		ldrb	r1, [r0, #67]	@ zero_extendqisi2
 619              	.LVL32:
 324:Drivers/STM32F1xx_HAL_Driver/Src/stm32f1xx_hal_tim_ex.c **** 
 620              		.loc 1 324 3 is_stmt 1 view .LVU213
 327:Drivers/STM32F1xx_HAL_Driver/Src/stm32f1xx_hal_tim_ex.c ****       || (channel_2_state != HAL_TIM_CHANNEL_STATE_READY)
 621              		.loc 1 327 3 view .LVU214
 327:Drivers/STM32F1xx_HAL_Driver/Src/stm32f1xx_hal_tim_ex.c ****       || (channel_2_state != HAL_TIM_CHANNEL_STATE_READY)
 622              		.loc 1 327 6 is_stmt 0 view .LVU215
 623 0014 BCF1010F 		cmp	ip, #1
 624 0018 39D1     		bne	.L36
 625 001a 5FFA8CF0 		uxtb	r0, ip
 626              	.LVL33:
 327:Drivers/STM32F1xx_HAL_Driver/Src/stm32f1xx_hal_tim_ex.c ****       || (channel_2_state != HAL_TIM_CHANNEL_STATE_READY)
 627              		.loc 1 327 6 view .LVU216
 628 001e DBB2     		uxtb	r3, r3
 327:Drivers/STM32F1xx_HAL_Driver/Src/stm32f1xx_hal_tim_ex.c ****       || (channel_2_state != HAL_TIM_CHANNEL_STATE_READY)
 629              		.loc 1 327 6 view .LVU217
 630 0020 D2B2     		uxtb	r2, r2
 327:Drivers/STM32F1xx_HAL_Driver/Src/stm32f1xx_hal_tim_ex.c ****       || (channel_2_state != HAL_TIM_CHANNEL_STATE_READY)
 631              		.loc 1 327 6 view .LVU218
 632 0022 C9B2     		uxtb	r1, r1
 328:Drivers/STM32F1xx_HAL_Driver/Src/stm32f1xx_hal_tim_ex.c ****       || (complementary_channel_1_state != HAL_TIM_CHANNEL_STATE_READY)
 633              		.loc 1 328 7 view .LVU219
 634 0024 012B     		cmp	r3, #1
 635 0026 33D1     		bne	.L33
 329:Drivers/STM32F1xx_HAL_Driver/Src/stm32f1xx_hal_tim_ex.c ****       || (complementary_channel_2_state != HAL_TIM_CHANNEL_STATE_READY))
 636              		.loc 1 329 7 view .LVU220
 637 0028 012A     		cmp	r2, #1
 638 002a 32D1     		bne	.L37
 330:Drivers/STM32F1xx_HAL_Driver/Src/stm32f1xx_hal_tim_ex.c ****   {
 639              		.loc 1 330 7 view .LVU221
 640 002c 0129     		cmp	r1, #1
 641 002e 01D0     		beq	.L41
 332:Drivers/STM32F1xx_HAL_Driver/Src/stm32f1xx_hal_tim_ex.c ****   }
 642              		.loc 1 332 12 view .LVU222
 643 0030 1046     		mov	r0, r2
 644 0032 2DE0     		b	.L33
 645              	.L41:
 336:Drivers/STM32F1xx_HAL_Driver/Src/stm32f1xx_hal_tim_ex.c ****   TIM_CHANNEL_STATE_SET(htim, TIM_CHANNEL_2, HAL_TIM_CHANNEL_STATE_BUSY);
 646              		.loc 1 336 3 is_stmt 1 view .LVU223
 647 0034 0223     		movs	r3, #2
 648              	.LVL34:
 336:Drivers/STM32F1xx_HAL_Driver/Src/stm32f1xx_hal_tim_ex.c ****   TIM_CHANNEL_STATE_SET(htim, TIM_CHANNEL_2, HAL_TIM_CHANNEL_STATE_BUSY);
ARM GAS  /tmp/ccr982nq.s 			page 57


 649              		.loc 1 336 3 is_stmt 0 view .LVU224
 650 0036 84F83E30 		strb	r3, [r4, #62]
 337:Drivers/STM32F1xx_HAL_Driver/Src/stm32f1xx_hal_tim_ex.c ****   TIM_CHANNEL_N_STATE_SET(htim, TIM_CHANNEL_1, HAL_TIM_CHANNEL_STATE_BUSY);
 651              		.loc 1 337 3 is_stmt 1 view .LVU225
 652 003a 84F83F30 		strb	r3, [r4, #63]
 338:Drivers/STM32F1xx_HAL_Driver/Src/stm32f1xx_hal_tim_ex.c ****   TIM_CHANNEL_N_STATE_SET(htim, TIM_CHANNEL_2, HAL_TIM_CHANNEL_STATE_BUSY);
 653              		.loc 1 338 3 view .LVU226
 654 003e 84F84230 		strb	r3, [r4, #66]
 339:Drivers/STM32F1xx_HAL_Driver/Src/stm32f1xx_hal_tim_ex.c **** 
 655              		.loc 1 339 3 view .LVU227
 656 0042 84F84330 		strb	r3, [r4, #67]
 344:Drivers/STM32F1xx_HAL_Driver/Src/stm32f1xx_hal_tim_ex.c **** 
 657              		.loc 1 344 3 view .LVU228
 658 0046 0021     		movs	r1, #0
 659              	.LVL35:
 344:Drivers/STM32F1xx_HAL_Driver/Src/stm32f1xx_hal_tim_ex.c **** 
 660              		.loc 1 344 3 is_stmt 0 view .LVU229
 661 0048 2068     		ldr	r0, [r4]
 662 004a FFF7FEFF 		bl	TIM_CCxChannelCmd
 663              	.LVL36:
 347:Drivers/STM32F1xx_HAL_Driver/Src/stm32f1xx_hal_tim_ex.c ****   {
 664              		.loc 1 347 3 is_stmt 1 view .LVU230
 347:Drivers/STM32F1xx_HAL_Driver/Src/stm32f1xx_hal_tim_ex.c ****   {
 665              		.loc 1 347 7 is_stmt 0 view .LVU231
 666 004e 2368     		ldr	r3, [r4]
 347:Drivers/STM32F1xx_HAL_Driver/Src/stm32f1xx_hal_tim_ex.c ****   {
 667              		.loc 1 347 6 view .LVU232
 668 0050 124A     		ldr	r2, .L42
 669 0052 9342     		cmp	r3, r2
 670 0054 10D0     		beq	.L34
 347:Drivers/STM32F1xx_HAL_Driver/Src/stm32f1xx_hal_tim_ex.c ****   {
 671              		.loc 1 347 7 discriminator 1 view .LVU233
 672 0056 B3F1804F 		cmp	r3, #1073741824
 673 005a 0DD0     		beq	.L34
 347:Drivers/STM32F1xx_HAL_Driver/Src/stm32f1xx_hal_tim_ex.c ****   {
 674              		.loc 1 347 7 discriminator 2 view .LVU234
 675 005c A2F59432 		sub	r2, r2, #75776
 676 0060 9342     		cmp	r3, r2
 677 0062 09D0     		beq	.L34
 347:Drivers/STM32F1xx_HAL_Driver/Src/stm32f1xx_hal_tim_ex.c ****   {
 678              		.loc 1 347 7 discriminator 3 view .LVU235
 679 0064 02F58062 		add	r2, r2, #1024
 680 0068 9342     		cmp	r3, r2
 681 006a 05D0     		beq	.L34
 357:Drivers/STM32F1xx_HAL_Driver/Src/stm32f1xx_hal_tim_ex.c ****   }
 682              		.loc 1 357 5 is_stmt 1 view .LVU236
 683 006c 1A68     		ldr	r2, [r3]
 684 006e 42F00102 		orr	r2, r2, #1
 685 0072 1A60     		str	r2, [r3]
 361:Drivers/STM32F1xx_HAL_Driver/Src/stm32f1xx_hal_tim_ex.c **** }
 686              		.loc 1 361 10 is_stmt 0 view .LVU237
 687 0074 0020     		movs	r0, #0
 688 0076 0BE0     		b	.L33
 689              	.L34:
 349:Drivers/STM32F1xx_HAL_Driver/Src/stm32f1xx_hal_tim_ex.c ****     if (!IS_TIM_SLAVEMODE_TRIGGER_ENABLED(tmpsmcr))
 690              		.loc 1 349 5 is_stmt 1 view .LVU238
 349:Drivers/STM32F1xx_HAL_Driver/Src/stm32f1xx_hal_tim_ex.c ****     if (!IS_TIM_SLAVEMODE_TRIGGER_ENABLED(tmpsmcr))
ARM GAS  /tmp/ccr982nq.s 			page 58


 691              		.loc 1 349 29 is_stmt 0 view .LVU239
 692 0078 9A68     		ldr	r2, [r3, #8]
 349:Drivers/STM32F1xx_HAL_Driver/Src/stm32f1xx_hal_tim_ex.c ****     if (!IS_TIM_SLAVEMODE_TRIGGER_ENABLED(tmpsmcr))
 693              		.loc 1 349 13 view .LVU240
 694 007a 02F00702 		and	r2, r2, #7
 695              	.LVL37:
 350:Drivers/STM32F1xx_HAL_Driver/Src/stm32f1xx_hal_tim_ex.c ****     {
 696              		.loc 1 350 5 is_stmt 1 view .LVU241
 350:Drivers/STM32F1xx_HAL_Driver/Src/stm32f1xx_hal_tim_ex.c ****     {
 697              		.loc 1 350 8 is_stmt 0 view .LVU242
 698 007e 062A     		cmp	r2, #6
 699 0080 09D0     		beq	.L39
 352:Drivers/STM32F1xx_HAL_Driver/Src/stm32f1xx_hal_tim_ex.c ****     }
 700              		.loc 1 352 7 is_stmt 1 view .LVU243
 701 0082 1A68     		ldr	r2, [r3]
 702              	.LVL38:
 352:Drivers/STM32F1xx_HAL_Driver/Src/stm32f1xx_hal_tim_ex.c ****     }
 703              		.loc 1 352 7 is_stmt 0 view .LVU244
 704 0084 42F00102 		orr	r2, r2, #1
 705 0088 1A60     		str	r2, [r3]
 361:Drivers/STM32F1xx_HAL_Driver/Src/stm32f1xx_hal_tim_ex.c **** }
 706              		.loc 1 361 10 view .LVU245
 707 008a 0020     		movs	r0, #0
 708 008c 00E0     		b	.L33
 709              	.LVL39:
 710              	.L36:
 332:Drivers/STM32F1xx_HAL_Driver/Src/stm32f1xx_hal_tim_ex.c ****   }
 711              		.loc 1 332 12 view .LVU246
 712 008e 0120     		movs	r0, #1
 713              	.LVL40:
 714              	.L33:
 362:Drivers/STM32F1xx_HAL_Driver/Src/stm32f1xx_hal_tim_ex.c **** 
 715              		.loc 1 362 1 view .LVU247
 716 0090 10BD     		pop	{r4, pc}
 717              	.LVL41:
 718              	.L37:
 332:Drivers/STM32F1xx_HAL_Driver/Src/stm32f1xx_hal_tim_ex.c ****   }
 719              		.loc 1 332 12 view .LVU248
 720 0092 1846     		mov	r0, r3
 721 0094 FCE7     		b	.L33
 722              	.LVL42:
 723              	.L39:
 361:Drivers/STM32F1xx_HAL_Driver/Src/stm32f1xx_hal_tim_ex.c **** }
 724              		.loc 1 361 10 view .LVU249
 725 0096 0020     		movs	r0, #0
 726 0098 FAE7     		b	.L33
 727              	.L43:
 728 009a 00BF     		.align	2
 729              	.L42:
 730 009c 002C0140 		.word	1073818624
 731              		.cfi_endproc
 732              	.LFE69:
 734              		.section	.text.HAL_TIMEx_HallSensor_Stop,"ax",%progbits
 735              		.align	1
 736              		.global	HAL_TIMEx_HallSensor_Stop
 737              		.syntax unified
 738              		.thumb
ARM GAS  /tmp/ccr982nq.s 			page 59


 739              		.thumb_func
 741              	HAL_TIMEx_HallSensor_Stop:
 742              	.LVL43:
 743              	.LFB70:
 370:Drivers/STM32F1xx_HAL_Driver/Src/stm32f1xx_hal_tim_ex.c ****   /* Check the parameters */
 744              		.loc 1 370 1 is_stmt 1 view -0
 745              		.cfi_startproc
 746              		@ args = 0, pretend = 0, frame = 0
 747              		@ frame_needed = 0, uses_anonymous_args = 0
 370:Drivers/STM32F1xx_HAL_Driver/Src/stm32f1xx_hal_tim_ex.c ****   /* Check the parameters */
 748              		.loc 1 370 1 is_stmt 0 view .LVU251
 749 0000 10B5     		push	{r4, lr}
 750              		.cfi_def_cfa_offset 8
 751              		.cfi_offset 4, -8
 752              		.cfi_offset 14, -4
 753 0002 0446     		mov	r4, r0
 372:Drivers/STM32F1xx_HAL_Driver/Src/stm32f1xx_hal_tim_ex.c **** 
 754              		.loc 1 372 3 is_stmt 1 view .LVU252
 377:Drivers/STM32F1xx_HAL_Driver/Src/stm32f1xx_hal_tim_ex.c **** 
 755              		.loc 1 377 3 view .LVU253
 756 0004 0022     		movs	r2, #0
 757 0006 1146     		mov	r1, r2
 758 0008 0068     		ldr	r0, [r0]
 759              	.LVL44:
 377:Drivers/STM32F1xx_HAL_Driver/Src/stm32f1xx_hal_tim_ex.c **** 
 760              		.loc 1 377 3 is_stmt 0 view .LVU254
 761 000a FFF7FEFF 		bl	TIM_CCxChannelCmd
 762              	.LVL45:
 380:Drivers/STM32F1xx_HAL_Driver/Src/stm32f1xx_hal_tim_ex.c **** 
 763              		.loc 1 380 3 is_stmt 1 view .LVU255
 380:Drivers/STM32F1xx_HAL_Driver/Src/stm32f1xx_hal_tim_ex.c **** 
 764              		.loc 1 380 3 view .LVU256
 765 000e 2368     		ldr	r3, [r4]
 766 0010 196A     		ldr	r1, [r3, #32]
 767 0012 41F21112 		movw	r2, #4369
 768 0016 1142     		tst	r1, r2
 769 0018 08D1     		bne	.L45
 380:Drivers/STM32F1xx_HAL_Driver/Src/stm32f1xx_hal_tim_ex.c **** 
 770              		.loc 1 380 3 discriminator 1 view .LVU257
 771 001a 196A     		ldr	r1, [r3, #32]
 772 001c 40F24442 		movw	r2, #1092
 773 0020 1142     		tst	r1, r2
 774 0022 03D1     		bne	.L45
 380:Drivers/STM32F1xx_HAL_Driver/Src/stm32f1xx_hal_tim_ex.c **** 
 775              		.loc 1 380 3 discriminator 3 view .LVU258
 776 0024 1A68     		ldr	r2, [r3]
 777 0026 22F00102 		bic	r2, r2, #1
 778 002a 1A60     		str	r2, [r3]
 779              	.L45:
 380:Drivers/STM32F1xx_HAL_Driver/Src/stm32f1xx_hal_tim_ex.c **** 
 780              		.loc 1 380 3 discriminator 5 view .LVU259
 383:Drivers/STM32F1xx_HAL_Driver/Src/stm32f1xx_hal_tim_ex.c ****   TIM_CHANNEL_STATE_SET(htim, TIM_CHANNEL_2, HAL_TIM_CHANNEL_STATE_READY);
 781              		.loc 1 383 3 view .LVU260
 782 002c 0123     		movs	r3, #1
 783 002e 84F83E30 		strb	r3, [r4, #62]
 384:Drivers/STM32F1xx_HAL_Driver/Src/stm32f1xx_hal_tim_ex.c ****   TIM_CHANNEL_N_STATE_SET(htim, TIM_CHANNEL_1, HAL_TIM_CHANNEL_STATE_READY);
 784              		.loc 1 384 3 view .LVU261
ARM GAS  /tmp/ccr982nq.s 			page 60


 785 0032 84F83F30 		strb	r3, [r4, #63]
 385:Drivers/STM32F1xx_HAL_Driver/Src/stm32f1xx_hal_tim_ex.c ****   TIM_CHANNEL_N_STATE_SET(htim, TIM_CHANNEL_2, HAL_TIM_CHANNEL_STATE_READY);
 786              		.loc 1 385 3 view .LVU262
 787 0036 84F84230 		strb	r3, [r4, #66]
 386:Drivers/STM32F1xx_HAL_Driver/Src/stm32f1xx_hal_tim_ex.c **** 
 788              		.loc 1 386 3 view .LVU263
 789 003a 84F84330 		strb	r3, [r4, #67]
 389:Drivers/STM32F1xx_HAL_Driver/Src/stm32f1xx_hal_tim_ex.c **** }
 790              		.loc 1 389 3 view .LVU264
 390:Drivers/STM32F1xx_HAL_Driver/Src/stm32f1xx_hal_tim_ex.c **** 
 791              		.loc 1 390 1 is_stmt 0 view .LVU265
 792 003e 0020     		movs	r0, #0
 793 0040 10BD     		pop	{r4, pc}
 390:Drivers/STM32F1xx_HAL_Driver/Src/stm32f1xx_hal_tim_ex.c **** 
 794              		.loc 1 390 1 view .LVU266
 795              		.cfi_endproc
 796              	.LFE70:
 798              		.section	.text.HAL_TIMEx_HallSensor_Start_IT,"ax",%progbits
 799              		.align	1
 800              		.global	HAL_TIMEx_HallSensor_Start_IT
 801              		.syntax unified
 802              		.thumb
 803              		.thumb_func
 805              	HAL_TIMEx_HallSensor_Start_IT:
 806              	.LVL46:
 807              	.LFB71:
 398:Drivers/STM32F1xx_HAL_Driver/Src/stm32f1xx_hal_tim_ex.c ****   uint32_t tmpsmcr;
 808              		.loc 1 398 1 is_stmt 1 view -0
 809              		.cfi_startproc
 810              		@ args = 0, pretend = 0, frame = 0
 811              		@ frame_needed = 0, uses_anonymous_args = 0
 398:Drivers/STM32F1xx_HAL_Driver/Src/stm32f1xx_hal_tim_ex.c ****   uint32_t tmpsmcr;
 812              		.loc 1 398 1 is_stmt 0 view .LVU268
 813 0000 10B5     		push	{r4, lr}
 814              		.cfi_def_cfa_offset 8
 815              		.cfi_offset 4, -8
 816              		.cfi_offset 14, -4
 817 0002 0446     		mov	r4, r0
 399:Drivers/STM32F1xx_HAL_Driver/Src/stm32f1xx_hal_tim_ex.c ****   HAL_TIM_ChannelStateTypeDef channel_1_state = TIM_CHANNEL_STATE_GET(htim, TIM_CHANNEL_1);
 818              		.loc 1 399 3 is_stmt 1 view .LVU269
 400:Drivers/STM32F1xx_HAL_Driver/Src/stm32f1xx_hal_tim_ex.c ****   HAL_TIM_ChannelStateTypeDef channel_2_state = TIM_CHANNEL_STATE_GET(htim, TIM_CHANNEL_2);
 819              		.loc 1 400 3 view .LVU270
 400:Drivers/STM32F1xx_HAL_Driver/Src/stm32f1xx_hal_tim_ex.c ****   HAL_TIM_ChannelStateTypeDef channel_2_state = TIM_CHANNEL_STATE_GET(htim, TIM_CHANNEL_2);
 820              		.loc 1 400 31 is_stmt 0 view .LVU271
 821 0004 90F83EC0 		ldrb	ip, [r0, #62]	@ zero_extendqisi2
 822              	.LVL47:
 401:Drivers/STM32F1xx_HAL_Driver/Src/stm32f1xx_hal_tim_ex.c ****   HAL_TIM_ChannelStateTypeDef complementary_channel_1_state = TIM_CHANNEL_N_STATE_GET(htim, TIM_CHA
 823              		.loc 1 401 3 is_stmt 1 view .LVU272
 401:Drivers/STM32F1xx_HAL_Driver/Src/stm32f1xx_hal_tim_ex.c ****   HAL_TIM_ChannelStateTypeDef complementary_channel_1_state = TIM_CHANNEL_N_STATE_GET(htim, TIM_CHA
 824              		.loc 1 401 31 is_stmt 0 view .LVU273
 825 0008 90F83F30 		ldrb	r3, [r0, #63]	@ zero_extendqisi2
 826              	.LVL48:
 402:Drivers/STM32F1xx_HAL_Driver/Src/stm32f1xx_hal_tim_ex.c ****   HAL_TIM_ChannelStateTypeDef complementary_channel_2_state = TIM_CHANNEL_N_STATE_GET(htim, TIM_CHA
 827              		.loc 1 402 3 is_stmt 1 view .LVU274
 402:Drivers/STM32F1xx_HAL_Driver/Src/stm32f1xx_hal_tim_ex.c ****   HAL_TIM_ChannelStateTypeDef complementary_channel_2_state = TIM_CHANNEL_N_STATE_GET(htim, TIM_CHA
 828              		.loc 1 402 31 is_stmt 0 view .LVU275
 829 000c 90F84220 		ldrb	r2, [r0, #66]	@ zero_extendqisi2
ARM GAS  /tmp/ccr982nq.s 			page 61


 830              	.LVL49:
 403:Drivers/STM32F1xx_HAL_Driver/Src/stm32f1xx_hal_tim_ex.c **** 
 831              		.loc 1 403 3 is_stmt 1 view .LVU276
 403:Drivers/STM32F1xx_HAL_Driver/Src/stm32f1xx_hal_tim_ex.c **** 
 832              		.loc 1 403 31 is_stmt 0 view .LVU277
 833 0010 90F84310 		ldrb	r1, [r0, #67]	@ zero_extendqisi2
 834              	.LVL50:
 406:Drivers/STM32F1xx_HAL_Driver/Src/stm32f1xx_hal_tim_ex.c **** 
 835              		.loc 1 406 3 is_stmt 1 view .LVU278
 409:Drivers/STM32F1xx_HAL_Driver/Src/stm32f1xx_hal_tim_ex.c ****       || (channel_2_state != HAL_TIM_CHANNEL_STATE_READY)
 836              		.loc 1 409 3 view .LVU279
 409:Drivers/STM32F1xx_HAL_Driver/Src/stm32f1xx_hal_tim_ex.c ****       || (channel_2_state != HAL_TIM_CHANNEL_STATE_READY)
 837              		.loc 1 409 6 is_stmt 0 view .LVU280
 838 0014 BCF1010F 		cmp	ip, #1
 839 0018 3FD1     		bne	.L51
 840 001a 5FFA8CF0 		uxtb	r0, ip
 841              	.LVL51:
 409:Drivers/STM32F1xx_HAL_Driver/Src/stm32f1xx_hal_tim_ex.c ****       || (channel_2_state != HAL_TIM_CHANNEL_STATE_READY)
 842              		.loc 1 409 6 view .LVU281
 843 001e DBB2     		uxtb	r3, r3
 409:Drivers/STM32F1xx_HAL_Driver/Src/stm32f1xx_hal_tim_ex.c ****       || (channel_2_state != HAL_TIM_CHANNEL_STATE_READY)
 844              		.loc 1 409 6 view .LVU282
 845 0020 D2B2     		uxtb	r2, r2
 409:Drivers/STM32F1xx_HAL_Driver/Src/stm32f1xx_hal_tim_ex.c ****       || (channel_2_state != HAL_TIM_CHANNEL_STATE_READY)
 846              		.loc 1 409 6 view .LVU283
 847 0022 C9B2     		uxtb	r1, r1
 410:Drivers/STM32F1xx_HAL_Driver/Src/stm32f1xx_hal_tim_ex.c ****       || (complementary_channel_1_state != HAL_TIM_CHANNEL_STATE_READY)
 848              		.loc 1 410 7 view .LVU284
 849 0024 012B     		cmp	r3, #1
 850 0026 39D1     		bne	.L48
 411:Drivers/STM32F1xx_HAL_Driver/Src/stm32f1xx_hal_tim_ex.c ****       || (complementary_channel_2_state != HAL_TIM_CHANNEL_STATE_READY))
 851              		.loc 1 411 7 view .LVU285
 852 0028 012A     		cmp	r2, #1
 853 002a 38D1     		bne	.L52
 412:Drivers/STM32F1xx_HAL_Driver/Src/stm32f1xx_hal_tim_ex.c ****   {
 854              		.loc 1 412 7 view .LVU286
 855 002c 0129     		cmp	r1, #1
 856 002e 01D0     		beq	.L56
 414:Drivers/STM32F1xx_HAL_Driver/Src/stm32f1xx_hal_tim_ex.c ****   }
 857              		.loc 1 414 12 view .LVU287
 858 0030 1046     		mov	r0, r2
 859 0032 33E0     		b	.L48
 860              	.L56:
 418:Drivers/STM32F1xx_HAL_Driver/Src/stm32f1xx_hal_tim_ex.c ****   TIM_CHANNEL_STATE_SET(htim, TIM_CHANNEL_2, HAL_TIM_CHANNEL_STATE_BUSY);
 861              		.loc 1 418 3 is_stmt 1 view .LVU288
 862 0034 0223     		movs	r3, #2
 863              	.LVL52:
 418:Drivers/STM32F1xx_HAL_Driver/Src/stm32f1xx_hal_tim_ex.c ****   TIM_CHANNEL_STATE_SET(htim, TIM_CHANNEL_2, HAL_TIM_CHANNEL_STATE_BUSY);
 864              		.loc 1 418 3 is_stmt 0 view .LVU289
 865 0036 84F83E30 		strb	r3, [r4, #62]
 419:Drivers/STM32F1xx_HAL_Driver/Src/stm32f1xx_hal_tim_ex.c ****   TIM_CHANNEL_N_STATE_SET(htim, TIM_CHANNEL_1, HAL_TIM_CHANNEL_STATE_BUSY);
 866              		.loc 1 419 3 is_stmt 1 view .LVU290
 867 003a 84F83F30 		strb	r3, [r4, #63]
 420:Drivers/STM32F1xx_HAL_Driver/Src/stm32f1xx_hal_tim_ex.c ****   TIM_CHANNEL_N_STATE_SET(htim, TIM_CHANNEL_2, HAL_TIM_CHANNEL_STATE_BUSY);
 868              		.loc 1 420 3 view .LVU291
 869 003e 84F84230 		strb	r3, [r4, #66]
 421:Drivers/STM32F1xx_HAL_Driver/Src/stm32f1xx_hal_tim_ex.c **** 
ARM GAS  /tmp/ccr982nq.s 			page 62


 870              		.loc 1 421 3 view .LVU292
 871 0042 84F84330 		strb	r3, [r4, #67]
 424:Drivers/STM32F1xx_HAL_Driver/Src/stm32f1xx_hal_tim_ex.c **** 
 872              		.loc 1 424 3 view .LVU293
 873 0046 2268     		ldr	r2, [r4]
 874              	.LVL53:
 424:Drivers/STM32F1xx_HAL_Driver/Src/stm32f1xx_hal_tim_ex.c **** 
 875              		.loc 1 424 3 is_stmt 0 view .LVU294
 876 0048 D368     		ldr	r3, [r2, #12]
 877 004a 43F00203 		orr	r3, r3, #2
 878 004e D360     		str	r3, [r2, #12]
 429:Drivers/STM32F1xx_HAL_Driver/Src/stm32f1xx_hal_tim_ex.c **** 
 879              		.loc 1 429 3 is_stmt 1 view .LVU295
 880 0050 0122     		movs	r2, #1
 881 0052 0021     		movs	r1, #0
 882              	.LVL54:
 429:Drivers/STM32F1xx_HAL_Driver/Src/stm32f1xx_hal_tim_ex.c **** 
 883              		.loc 1 429 3 is_stmt 0 view .LVU296
 884 0054 2068     		ldr	r0, [r4]
 885 0056 FFF7FEFF 		bl	TIM_CCxChannelCmd
 886              	.LVL55:
 432:Drivers/STM32F1xx_HAL_Driver/Src/stm32f1xx_hal_tim_ex.c ****   {
 887              		.loc 1 432 3 is_stmt 1 view .LVU297
 432:Drivers/STM32F1xx_HAL_Driver/Src/stm32f1xx_hal_tim_ex.c ****   {
 888              		.loc 1 432 7 is_stmt 0 view .LVU298
 889 005a 2368     		ldr	r3, [r4]
 432:Drivers/STM32F1xx_HAL_Driver/Src/stm32f1xx_hal_tim_ex.c ****   {
 890              		.loc 1 432 6 view .LVU299
 891 005c 124A     		ldr	r2, .L57
 892 005e 9342     		cmp	r3, r2
 893 0060 10D0     		beq	.L49
 432:Drivers/STM32F1xx_HAL_Driver/Src/stm32f1xx_hal_tim_ex.c ****   {
 894              		.loc 1 432 7 discriminator 1 view .LVU300
 895 0062 B3F1804F 		cmp	r3, #1073741824
 896 0066 0DD0     		beq	.L49
 432:Drivers/STM32F1xx_HAL_Driver/Src/stm32f1xx_hal_tim_ex.c ****   {
 897              		.loc 1 432 7 discriminator 2 view .LVU301
 898 0068 A2F59432 		sub	r2, r2, #75776
 899 006c 9342     		cmp	r3, r2
 900 006e 09D0     		beq	.L49
 432:Drivers/STM32F1xx_HAL_Driver/Src/stm32f1xx_hal_tim_ex.c ****   {
 901              		.loc 1 432 7 discriminator 3 view .LVU302
 902 0070 02F58062 		add	r2, r2, #1024
 903 0074 9342     		cmp	r3, r2
 904 0076 05D0     		beq	.L49
 442:Drivers/STM32F1xx_HAL_Driver/Src/stm32f1xx_hal_tim_ex.c ****   }
 905              		.loc 1 442 5 is_stmt 1 view .LVU303
 906 0078 1A68     		ldr	r2, [r3]
 907 007a 42F00102 		orr	r2, r2, #1
 908 007e 1A60     		str	r2, [r3]
 446:Drivers/STM32F1xx_HAL_Driver/Src/stm32f1xx_hal_tim_ex.c **** }
 909              		.loc 1 446 10 is_stmt 0 view .LVU304
 910 0080 0020     		movs	r0, #0
 911 0082 0BE0     		b	.L48
 912              	.L49:
 434:Drivers/STM32F1xx_HAL_Driver/Src/stm32f1xx_hal_tim_ex.c ****     if (!IS_TIM_SLAVEMODE_TRIGGER_ENABLED(tmpsmcr))
 913              		.loc 1 434 5 is_stmt 1 view .LVU305
ARM GAS  /tmp/ccr982nq.s 			page 63


 434:Drivers/STM32F1xx_HAL_Driver/Src/stm32f1xx_hal_tim_ex.c ****     if (!IS_TIM_SLAVEMODE_TRIGGER_ENABLED(tmpsmcr))
 914              		.loc 1 434 29 is_stmt 0 view .LVU306
 915 0084 9A68     		ldr	r2, [r3, #8]
 434:Drivers/STM32F1xx_HAL_Driver/Src/stm32f1xx_hal_tim_ex.c ****     if (!IS_TIM_SLAVEMODE_TRIGGER_ENABLED(tmpsmcr))
 916              		.loc 1 434 13 view .LVU307
 917 0086 02F00702 		and	r2, r2, #7
 918              	.LVL56:
 435:Drivers/STM32F1xx_HAL_Driver/Src/stm32f1xx_hal_tim_ex.c ****     {
 919              		.loc 1 435 5 is_stmt 1 view .LVU308
 435:Drivers/STM32F1xx_HAL_Driver/Src/stm32f1xx_hal_tim_ex.c ****     {
 920              		.loc 1 435 8 is_stmt 0 view .LVU309
 921 008a 062A     		cmp	r2, #6
 922 008c 09D0     		beq	.L54
 437:Drivers/STM32F1xx_HAL_Driver/Src/stm32f1xx_hal_tim_ex.c ****     }
 923              		.loc 1 437 7 is_stmt 1 view .LVU310
 924 008e 1A68     		ldr	r2, [r3]
 925              	.LVL57:
 437:Drivers/STM32F1xx_HAL_Driver/Src/stm32f1xx_hal_tim_ex.c ****     }
 926              		.loc 1 437 7 is_stmt 0 view .LVU311
 927 0090 42F00102 		orr	r2, r2, #1
 928 0094 1A60     		str	r2, [r3]
 446:Drivers/STM32F1xx_HAL_Driver/Src/stm32f1xx_hal_tim_ex.c **** }
 929              		.loc 1 446 10 view .LVU312
 930 0096 0020     		movs	r0, #0
 931 0098 00E0     		b	.L48
 932              	.LVL58:
 933              	.L51:
 414:Drivers/STM32F1xx_HAL_Driver/Src/stm32f1xx_hal_tim_ex.c ****   }
 934              		.loc 1 414 12 view .LVU313
 935 009a 0120     		movs	r0, #1
 936              	.LVL59:
 937              	.L48:
 447:Drivers/STM32F1xx_HAL_Driver/Src/stm32f1xx_hal_tim_ex.c **** 
 938              		.loc 1 447 1 view .LVU314
 939 009c 10BD     		pop	{r4, pc}
 940              	.LVL60:
 941              	.L52:
 414:Drivers/STM32F1xx_HAL_Driver/Src/stm32f1xx_hal_tim_ex.c ****   }
 942              		.loc 1 414 12 view .LVU315
 943 009e 1846     		mov	r0, r3
 944 00a0 FCE7     		b	.L48
 945              	.LVL61:
 946              	.L54:
 446:Drivers/STM32F1xx_HAL_Driver/Src/stm32f1xx_hal_tim_ex.c **** }
 947              		.loc 1 446 10 view .LVU316
 948 00a2 0020     		movs	r0, #0
 949 00a4 FAE7     		b	.L48
 950              	.L58:
 951 00a6 00BF     		.align	2
 952              	.L57:
 953 00a8 002C0140 		.word	1073818624
 954              		.cfi_endproc
 955              	.LFE71:
 957              		.section	.text.HAL_TIMEx_HallSensor_Stop_IT,"ax",%progbits
 958              		.align	1
 959              		.global	HAL_TIMEx_HallSensor_Stop_IT
 960              		.syntax unified
ARM GAS  /tmp/ccr982nq.s 			page 64


 961              		.thumb
 962              		.thumb_func
 964              	HAL_TIMEx_HallSensor_Stop_IT:
 965              	.LVL62:
 966              	.LFB72:
 455:Drivers/STM32F1xx_HAL_Driver/Src/stm32f1xx_hal_tim_ex.c ****   /* Check the parameters */
 967              		.loc 1 455 1 is_stmt 1 view -0
 968              		.cfi_startproc
 969              		@ args = 0, pretend = 0, frame = 0
 970              		@ frame_needed = 0, uses_anonymous_args = 0
 455:Drivers/STM32F1xx_HAL_Driver/Src/stm32f1xx_hal_tim_ex.c ****   /* Check the parameters */
 971              		.loc 1 455 1 is_stmt 0 view .LVU318
 972 0000 10B5     		push	{r4, lr}
 973              		.cfi_def_cfa_offset 8
 974              		.cfi_offset 4, -8
 975              		.cfi_offset 14, -4
 976 0002 0446     		mov	r4, r0
 457:Drivers/STM32F1xx_HAL_Driver/Src/stm32f1xx_hal_tim_ex.c **** 
 977              		.loc 1 457 3 is_stmt 1 view .LVU319
 462:Drivers/STM32F1xx_HAL_Driver/Src/stm32f1xx_hal_tim_ex.c **** 
 978              		.loc 1 462 3 view .LVU320
 979 0004 0022     		movs	r2, #0
 980 0006 1146     		mov	r1, r2
 981 0008 0068     		ldr	r0, [r0]
 982              	.LVL63:
 462:Drivers/STM32F1xx_HAL_Driver/Src/stm32f1xx_hal_tim_ex.c **** 
 983              		.loc 1 462 3 is_stmt 0 view .LVU321
 984 000a FFF7FEFF 		bl	TIM_CCxChannelCmd
 985              	.LVL64:
 465:Drivers/STM32F1xx_HAL_Driver/Src/stm32f1xx_hal_tim_ex.c **** 
 986              		.loc 1 465 3 is_stmt 1 view .LVU322
 987 000e 2268     		ldr	r2, [r4]
 988 0010 D368     		ldr	r3, [r2, #12]
 989 0012 23F00203 		bic	r3, r3, #2
 990 0016 D360     		str	r3, [r2, #12]
 468:Drivers/STM32F1xx_HAL_Driver/Src/stm32f1xx_hal_tim_ex.c **** 
 991              		.loc 1 468 3 view .LVU323
 468:Drivers/STM32F1xx_HAL_Driver/Src/stm32f1xx_hal_tim_ex.c **** 
 992              		.loc 1 468 3 view .LVU324
 993 0018 2368     		ldr	r3, [r4]
 994 001a 196A     		ldr	r1, [r3, #32]
 995 001c 41F21112 		movw	r2, #4369
 996 0020 1142     		tst	r1, r2
 997 0022 08D1     		bne	.L60
 468:Drivers/STM32F1xx_HAL_Driver/Src/stm32f1xx_hal_tim_ex.c **** 
 998              		.loc 1 468 3 discriminator 1 view .LVU325
 999 0024 196A     		ldr	r1, [r3, #32]
 1000 0026 40F24442 		movw	r2, #1092
 1001 002a 1142     		tst	r1, r2
 1002 002c 03D1     		bne	.L60
 468:Drivers/STM32F1xx_HAL_Driver/Src/stm32f1xx_hal_tim_ex.c **** 
 1003              		.loc 1 468 3 discriminator 3 view .LVU326
 1004 002e 1A68     		ldr	r2, [r3]
 1005 0030 22F00102 		bic	r2, r2, #1
 1006 0034 1A60     		str	r2, [r3]
 1007              	.L60:
 468:Drivers/STM32F1xx_HAL_Driver/Src/stm32f1xx_hal_tim_ex.c **** 
ARM GAS  /tmp/ccr982nq.s 			page 65


 1008              		.loc 1 468 3 discriminator 5 view .LVU327
 471:Drivers/STM32F1xx_HAL_Driver/Src/stm32f1xx_hal_tim_ex.c ****   TIM_CHANNEL_STATE_SET(htim, TIM_CHANNEL_2, HAL_TIM_CHANNEL_STATE_READY);
 1009              		.loc 1 471 3 view .LVU328
 1010 0036 0123     		movs	r3, #1
 1011 0038 84F83E30 		strb	r3, [r4, #62]
 472:Drivers/STM32F1xx_HAL_Driver/Src/stm32f1xx_hal_tim_ex.c ****   TIM_CHANNEL_N_STATE_SET(htim, TIM_CHANNEL_1, HAL_TIM_CHANNEL_STATE_READY);
 1012              		.loc 1 472 3 view .LVU329
 1013 003c 84F83F30 		strb	r3, [r4, #63]
 473:Drivers/STM32F1xx_HAL_Driver/Src/stm32f1xx_hal_tim_ex.c ****   TIM_CHANNEL_N_STATE_SET(htim, TIM_CHANNEL_2, HAL_TIM_CHANNEL_STATE_READY);
 1014              		.loc 1 473 3 view .LVU330
 1015 0040 84F84230 		strb	r3, [r4, #66]
 474:Drivers/STM32F1xx_HAL_Driver/Src/stm32f1xx_hal_tim_ex.c **** 
 1016              		.loc 1 474 3 view .LVU331
 1017 0044 84F84330 		strb	r3, [r4, #67]
 477:Drivers/STM32F1xx_HAL_Driver/Src/stm32f1xx_hal_tim_ex.c **** }
 1018              		.loc 1 477 3 view .LVU332
 478:Drivers/STM32F1xx_HAL_Driver/Src/stm32f1xx_hal_tim_ex.c **** 
 1019              		.loc 1 478 1 is_stmt 0 view .LVU333
 1020 0048 0020     		movs	r0, #0
 1021 004a 10BD     		pop	{r4, pc}
 478:Drivers/STM32F1xx_HAL_Driver/Src/stm32f1xx_hal_tim_ex.c **** 
 1022              		.loc 1 478 1 view .LVU334
 1023              		.cfi_endproc
 1024              	.LFE72:
 1026              		.section	.text.HAL_TIMEx_HallSensor_Start_DMA,"ax",%progbits
 1027              		.align	1
 1028              		.global	HAL_TIMEx_HallSensor_Start_DMA
 1029              		.syntax unified
 1030              		.thumb
 1031              		.thumb_func
 1033              	HAL_TIMEx_HallSensor_Start_DMA:
 1034              	.LVL65:
 1035              	.LFB73:
 488:Drivers/STM32F1xx_HAL_Driver/Src/stm32f1xx_hal_tim_ex.c ****   uint32_t tmpsmcr;
 1036              		.loc 1 488 1 is_stmt 1 view -0
 1037              		.cfi_startproc
 1038              		@ args = 0, pretend = 0, frame = 0
 1039              		@ frame_needed = 0, uses_anonymous_args = 0
 488:Drivers/STM32F1xx_HAL_Driver/Src/stm32f1xx_hal_tim_ex.c ****   uint32_t tmpsmcr;
 1040              		.loc 1 488 1 is_stmt 0 view .LVU336
 1041 0000 F8B5     		push	{r3, r4, r5, r6, r7, lr}
 1042              		.cfi_def_cfa_offset 24
 1043              		.cfi_offset 3, -24
 1044              		.cfi_offset 4, -20
 1045              		.cfi_offset 5, -16
 1046              		.cfi_offset 6, -12
 1047              		.cfi_offset 7, -8
 1048              		.cfi_offset 14, -4
 1049 0002 0446     		mov	r4, r0
 489:Drivers/STM32F1xx_HAL_Driver/Src/stm32f1xx_hal_tim_ex.c ****   HAL_TIM_ChannelStateTypeDef channel_1_state = TIM_CHANNEL_STATE_GET(htim, TIM_CHANNEL_1);
 1050              		.loc 1 489 3 is_stmt 1 view .LVU337
 490:Drivers/STM32F1xx_HAL_Driver/Src/stm32f1xx_hal_tim_ex.c ****   HAL_TIM_ChannelStateTypeDef complementary_channel_1_state = TIM_CHANNEL_N_STATE_GET(htim, TIM_CHA
 1051              		.loc 1 490 3 view .LVU338
 490:Drivers/STM32F1xx_HAL_Driver/Src/stm32f1xx_hal_tim_ex.c ****   HAL_TIM_ChannelStateTypeDef complementary_channel_1_state = TIM_CHANNEL_N_STATE_GET(htim, TIM_CHA
 1052              		.loc 1 490 31 is_stmt 0 view .LVU339
 1053 0004 90F83EC0 		ldrb	ip, [r0, #62]	@ zero_extendqisi2
 1054 0008 5FFA8CF0 		uxtb	r0, ip
ARM GAS  /tmp/ccr982nq.s 			page 66


 1055              	.LVL66:
 491:Drivers/STM32F1xx_HAL_Driver/Src/stm32f1xx_hal_tim_ex.c **** 
 1056              		.loc 1 491 3 is_stmt 1 view .LVU340
 491:Drivers/STM32F1xx_HAL_Driver/Src/stm32f1xx_hal_tim_ex.c **** 
 1057              		.loc 1 491 31 is_stmt 0 view .LVU341
 1058 000c 94F84250 		ldrb	r5, [r4, #66]	@ zero_extendqisi2
 1059              	.LVL67:
 494:Drivers/STM32F1xx_HAL_Driver/Src/stm32f1xx_hal_tim_ex.c **** 
 1060              		.loc 1 494 3 is_stmt 1 view .LVU342
 497:Drivers/STM32F1xx_HAL_Driver/Src/stm32f1xx_hal_tim_ex.c ****       || (complementary_channel_1_state == HAL_TIM_CHANNEL_STATE_BUSY))
 1061              		.loc 1 497 3 view .LVU343
 497:Drivers/STM32F1xx_HAL_Driver/Src/stm32f1xx_hal_tim_ex.c ****       || (complementary_channel_1_state == HAL_TIM_CHANNEL_STATE_BUSY))
 1062              		.loc 1 497 6 is_stmt 0 view .LVU344
 1063 0010 BCF1020F 		cmp	ip, #2
 1064 0014 4ED0     		beq	.L63
 1065 0016 0F46     		mov	r7, r1
 1066 0018 1646     		mov	r6, r2
 1067 001a EDB2     		uxtb	r5, r5
 498:Drivers/STM32F1xx_HAL_Driver/Src/stm32f1xx_hal_tim_ex.c ****   {
 1068              		.loc 1 498 7 view .LVU345
 1069 001c 022D     		cmp	r5, #2
 1070 001e 46D0     		beq	.L66
 502:Drivers/STM32F1xx_HAL_Driver/Src/stm32f1xx_hal_tim_ex.c ****            && (complementary_channel_1_state == HAL_TIM_CHANNEL_STATE_READY))
 1071              		.loc 1 502 8 is_stmt 1 view .LVU346
 502:Drivers/STM32F1xx_HAL_Driver/Src/stm32f1xx_hal_tim_ex.c ****            && (complementary_channel_1_state == HAL_TIM_CHANNEL_STATE_READY))
 1072              		.loc 1 502 11 is_stmt 0 view .LVU347
 1073 0020 0128     		cmp	r0, #1
 1074 0022 46D1     		bne	.L67
 503:Drivers/STM32F1xx_HAL_Driver/Src/stm32f1xx_hal_tim_ex.c ****   {
 1075              		.loc 1 503 12 view .LVU348
 1076 0024 012D     		cmp	r5, #1
 1077 0026 45D1     		bne	.L63
 505:Drivers/STM32F1xx_HAL_Driver/Src/stm32f1xx_hal_tim_ex.c ****     {
 1078              		.loc 1 505 5 is_stmt 1 view .LVU349
 505:Drivers/STM32F1xx_HAL_Driver/Src/stm32f1xx_hal_tim_ex.c ****     {
 1079              		.loc 1 505 8 is_stmt 0 view .LVU350
 1080 0028 0029     		cmp	r1, #0
 1081 002a 44D0     		beq	.L68
 505:Drivers/STM32F1xx_HAL_Driver/Src/stm32f1xx_hal_tim_ex.c ****     {
 1082              		.loc 1 505 25 discriminator 1 view .LVU351
 1083 002c 0AB9     		cbnz	r2, .L72
 507:Drivers/STM32F1xx_HAL_Driver/Src/stm32f1xx_hal_tim_ex.c ****     }
 1084              		.loc 1 507 14 view .LVU352
 1085 002e 2846     		mov	r0, r5
 1086              	.LVL68:
 507:Drivers/STM32F1xx_HAL_Driver/Src/stm32f1xx_hal_tim_ex.c ****     }
 1087              		.loc 1 507 14 view .LVU353
 1088 0030 40E0     		b	.L63
 1089              	.LVL69:
 1090              	.L72:
 511:Drivers/STM32F1xx_HAL_Driver/Src/stm32f1xx_hal_tim_ex.c ****       TIM_CHANNEL_N_STATE_SET(htim, TIM_CHANNEL_1, HAL_TIM_CHANNEL_STATE_BUSY);
 1091              		.loc 1 511 7 is_stmt 1 view .LVU354
 1092 0032 0223     		movs	r3, #2
 1093 0034 84F83E30 		strb	r3, [r4, #62]
 512:Drivers/STM32F1xx_HAL_Driver/Src/stm32f1xx_hal_tim_ex.c ****     }
 1094              		.loc 1 512 7 view .LVU355
 1095 0038 84F84230 		strb	r3, [r4, #66]
ARM GAS  /tmp/ccr982nq.s 			page 67


 523:Drivers/STM32F1xx_HAL_Driver/Src/stm32f1xx_hal_tim_ex.c **** 
 1096              		.loc 1 523 3 view .LVU356
 1097 003c 0122     		movs	r2, #1
 1098              	.LVL70:
 523:Drivers/STM32F1xx_HAL_Driver/Src/stm32f1xx_hal_tim_ex.c **** 
 1099              		.loc 1 523 3 is_stmt 0 view .LVU357
 1100 003e 0021     		movs	r1, #0
 1101              	.LVL71:
 523:Drivers/STM32F1xx_HAL_Driver/Src/stm32f1xx_hal_tim_ex.c **** 
 1102              		.loc 1 523 3 view .LVU358
 1103 0040 2068     		ldr	r0, [r4]
 1104              	.LVL72:
 523:Drivers/STM32F1xx_HAL_Driver/Src/stm32f1xx_hal_tim_ex.c **** 
 1105              		.loc 1 523 3 view .LVU359
 1106 0042 FFF7FEFF 		bl	TIM_CCxChannelCmd
 1107              	.LVL73:
 526:Drivers/STM32F1xx_HAL_Driver/Src/stm32f1xx_hal_tim_ex.c ****   htim->hdma[TIM_DMA_ID_CC1]->XferHalfCpltCallback = TIM_DMACaptureHalfCplt;
 1108              		.loc 1 526 3 is_stmt 1 view .LVU360
 526:Drivers/STM32F1xx_HAL_Driver/Src/stm32f1xx_hal_tim_ex.c ****   htim->hdma[TIM_DMA_ID_CC1]->XferHalfCpltCallback = TIM_DMACaptureHalfCplt;
 1109              		.loc 1 526 13 is_stmt 0 view .LVU361
 1110 0046 636A     		ldr	r3, [r4, #36]
 526:Drivers/STM32F1xx_HAL_Driver/Src/stm32f1xx_hal_tim_ex.c ****   htim->hdma[TIM_DMA_ID_CC1]->XferHalfCpltCallback = TIM_DMACaptureHalfCplt;
 1111              		.loc 1 526 48 view .LVU362
 1112 0048 1D4A     		ldr	r2, .L73
 1113 004a 9A62     		str	r2, [r3, #40]
 527:Drivers/STM32F1xx_HAL_Driver/Src/stm32f1xx_hal_tim_ex.c ****   /* Set the DMA error callback */
 1114              		.loc 1 527 3 is_stmt 1 view .LVU363
 527:Drivers/STM32F1xx_HAL_Driver/Src/stm32f1xx_hal_tim_ex.c ****   /* Set the DMA error callback */
 1115              		.loc 1 527 13 is_stmt 0 view .LVU364
 1116 004c 636A     		ldr	r3, [r4, #36]
 527:Drivers/STM32F1xx_HAL_Driver/Src/stm32f1xx_hal_tim_ex.c ****   /* Set the DMA error callback */
 1117              		.loc 1 527 52 view .LVU365
 1118 004e 1D4A     		ldr	r2, .L73+4
 1119 0050 DA62     		str	r2, [r3, #44]
 529:Drivers/STM32F1xx_HAL_Driver/Src/stm32f1xx_hal_tim_ex.c **** 
 1120              		.loc 1 529 3 is_stmt 1 view .LVU366
 529:Drivers/STM32F1xx_HAL_Driver/Src/stm32f1xx_hal_tim_ex.c **** 
 1121              		.loc 1 529 13 is_stmt 0 view .LVU367
 1122 0052 636A     		ldr	r3, [r4, #36]
 529:Drivers/STM32F1xx_HAL_Driver/Src/stm32f1xx_hal_tim_ex.c **** 
 1123              		.loc 1 529 49 view .LVU368
 1124 0054 1C4A     		ldr	r2, .L73+8
 1125 0056 1A63     		str	r2, [r3, #48]
 532:Drivers/STM32F1xx_HAL_Driver/Src/stm32f1xx_hal_tim_ex.c ****   {
 1126              		.loc 1 532 3 is_stmt 1 view .LVU369
 532:Drivers/STM32F1xx_HAL_Driver/Src/stm32f1xx_hal_tim_ex.c ****   {
 1127              		.loc 1 532 67 is_stmt 0 view .LVU370
 1128 0058 2168     		ldr	r1, [r4]
 532:Drivers/STM32F1xx_HAL_Driver/Src/stm32f1xx_hal_tim_ex.c ****   {
 1129              		.loc 1 532 7 view .LVU371
 1130 005a 3346     		mov	r3, r6
 1131 005c 3A46     		mov	r2, r7
 1132 005e 3431     		adds	r1, r1, #52
 1133 0060 606A     		ldr	r0, [r4, #36]
 1134 0062 FFF7FEFF 		bl	HAL_DMA_Start_IT
 1135              	.LVL74:
 532:Drivers/STM32F1xx_HAL_Driver/Src/stm32f1xx_hal_tim_ex.c ****   {
ARM GAS  /tmp/ccr982nq.s 			page 68


 1136              		.loc 1 532 6 discriminator 1 view .LVU372
 1137 0066 40BB     		cbnz	r0, .L70
 538:Drivers/STM32F1xx_HAL_Driver/Src/stm32f1xx_hal_tim_ex.c **** 
 1138              		.loc 1 538 3 is_stmt 1 view .LVU373
 1139 0068 2268     		ldr	r2, [r4]
 1140 006a D368     		ldr	r3, [r2, #12]
 1141 006c 43F40073 		orr	r3, r3, #512
 1142 0070 D360     		str	r3, [r2, #12]
 541:Drivers/STM32F1xx_HAL_Driver/Src/stm32f1xx_hal_tim_ex.c ****   {
 1143              		.loc 1 541 3 view .LVU374
 541:Drivers/STM32F1xx_HAL_Driver/Src/stm32f1xx_hal_tim_ex.c ****   {
 1144              		.loc 1 541 7 is_stmt 0 view .LVU375
 1145 0072 2368     		ldr	r3, [r4]
 541:Drivers/STM32F1xx_HAL_Driver/Src/stm32f1xx_hal_tim_ex.c ****   {
 1146              		.loc 1 541 6 view .LVU376
 1147 0074 154A     		ldr	r2, .L73+12
 1148 0076 9342     		cmp	r3, r2
 1149 0078 0FD0     		beq	.L64
 541:Drivers/STM32F1xx_HAL_Driver/Src/stm32f1xx_hal_tim_ex.c ****   {
 1150              		.loc 1 541 7 discriminator 1 view .LVU377
 1151 007a B3F1804F 		cmp	r3, #1073741824
 1152 007e 0CD0     		beq	.L64
 541:Drivers/STM32F1xx_HAL_Driver/Src/stm32f1xx_hal_tim_ex.c ****   {
 1153              		.loc 1 541 7 discriminator 2 view .LVU378
 1154 0080 A2F59432 		sub	r2, r2, #75776
 1155 0084 9342     		cmp	r3, r2
 1156 0086 08D0     		beq	.L64
 541:Drivers/STM32F1xx_HAL_Driver/Src/stm32f1xx_hal_tim_ex.c ****   {
 1157              		.loc 1 541 7 discriminator 3 view .LVU379
 1158 0088 02F58062 		add	r2, r2, #1024
 1159 008c 9342     		cmp	r3, r2
 1160 008e 04D0     		beq	.L64
 551:Drivers/STM32F1xx_HAL_Driver/Src/stm32f1xx_hal_tim_ex.c ****   }
 1161              		.loc 1 551 5 is_stmt 1 view .LVU380
 1162 0090 1A68     		ldr	r2, [r3]
 1163 0092 42F00102 		orr	r2, r2, #1
 1164 0096 1A60     		str	r2, [r3]
 1165 0098 0CE0     		b	.L63
 1166              	.L64:
 543:Drivers/STM32F1xx_HAL_Driver/Src/stm32f1xx_hal_tim_ex.c ****     if (!IS_TIM_SLAVEMODE_TRIGGER_ENABLED(tmpsmcr))
 1167              		.loc 1 543 5 view .LVU381
 543:Drivers/STM32F1xx_HAL_Driver/Src/stm32f1xx_hal_tim_ex.c ****     if (!IS_TIM_SLAVEMODE_TRIGGER_ENABLED(tmpsmcr))
 1168              		.loc 1 543 29 is_stmt 0 view .LVU382
 1169 009a 9A68     		ldr	r2, [r3, #8]
 543:Drivers/STM32F1xx_HAL_Driver/Src/stm32f1xx_hal_tim_ex.c ****     if (!IS_TIM_SLAVEMODE_TRIGGER_ENABLED(tmpsmcr))
 1170              		.loc 1 543 13 view .LVU383
 1171 009c 02F00702 		and	r2, r2, #7
 1172              	.LVL75:
 544:Drivers/STM32F1xx_HAL_Driver/Src/stm32f1xx_hal_tim_ex.c ****     {
 1173              		.loc 1 544 5 is_stmt 1 view .LVU384
 544:Drivers/STM32F1xx_HAL_Driver/Src/stm32f1xx_hal_tim_ex.c ****     {
 1174              		.loc 1 544 8 is_stmt 0 view .LVU385
 1175 00a0 062A     		cmp	r2, #6
 1176 00a2 07D0     		beq	.L63
 546:Drivers/STM32F1xx_HAL_Driver/Src/stm32f1xx_hal_tim_ex.c ****     }
 1177              		.loc 1 546 7 is_stmt 1 view .LVU386
 1178 00a4 1A68     		ldr	r2, [r3]
ARM GAS  /tmp/ccr982nq.s 			page 69


 1179              	.LVL76:
 546:Drivers/STM32F1xx_HAL_Driver/Src/stm32f1xx_hal_tim_ex.c ****     }
 1180              		.loc 1 546 7 is_stmt 0 view .LVU387
 1181 00a6 42F00102 		orr	r2, r2, #1
 1182 00aa 1A60     		str	r2, [r3]
 1183 00ac 02E0     		b	.L63
 1184              	.LVL77:
 1185              	.L66:
 500:Drivers/STM32F1xx_HAL_Driver/Src/stm32f1xx_hal_tim_ex.c ****   }
 1186              		.loc 1 500 12 view .LVU388
 1187 00ae 2846     		mov	r0, r5
 1188              	.LVL78:
 500:Drivers/STM32F1xx_HAL_Driver/Src/stm32f1xx_hal_tim_ex.c ****   }
 1189              		.loc 1 500 12 view .LVU389
 1190 00b0 00E0     		b	.L63
 1191              	.LVL79:
 1192              	.L67:
 517:Drivers/STM32F1xx_HAL_Driver/Src/stm32f1xx_hal_tim_ex.c ****   }
 1193              		.loc 1 517 12 view .LVU390
 1194 00b2 0120     		movs	r0, #1
 1195              	.LVL80:
 1196              	.L63:
 556:Drivers/STM32F1xx_HAL_Driver/Src/stm32f1xx_hal_tim_ex.c **** 
 1197              		.loc 1 556 1 view .LVU391
 1198 00b4 F8BD     		pop	{r3, r4, r5, r6, r7, pc}
 1199              	.LVL81:
 1200              	.L68:
 507:Drivers/STM32F1xx_HAL_Driver/Src/stm32f1xx_hal_tim_ex.c ****     }
 1201              		.loc 1 507 14 view .LVU392
 1202 00b6 2846     		mov	r0, r5
 1203              	.LVL82:
 507:Drivers/STM32F1xx_HAL_Driver/Src/stm32f1xx_hal_tim_ex.c ****     }
 1204              		.loc 1 507 14 view .LVU393
 1205 00b8 FCE7     		b	.L63
 1206              	.LVL83:
 1207              	.L70:
 535:Drivers/STM32F1xx_HAL_Driver/Src/stm32f1xx_hal_tim_ex.c ****   }
 1208              		.loc 1 535 12 view .LVU394
 1209 00ba 2846     		mov	r0, r5
 1210 00bc FAE7     		b	.L63
 1211              	.L74:
 1212 00be 00BF     		.align	2
 1213              	.L73:
 1214 00c0 00000000 		.word	TIM_DMACaptureCplt
 1215 00c4 00000000 		.word	TIM_DMACaptureHalfCplt
 1216 00c8 00000000 		.word	TIM_DMAError
 1217 00cc 002C0140 		.word	1073818624
 1218              		.cfi_endproc
 1219              	.LFE73:
 1221              		.section	.text.HAL_TIMEx_HallSensor_Stop_DMA,"ax",%progbits
 1222              		.align	1
 1223              		.global	HAL_TIMEx_HallSensor_Stop_DMA
 1224              		.syntax unified
 1225              		.thumb
 1226              		.thumb_func
 1228              	HAL_TIMEx_HallSensor_Stop_DMA:
 1229              	.LVL84:
ARM GAS  /tmp/ccr982nq.s 			page 70


 1230              	.LFB74:
 564:Drivers/STM32F1xx_HAL_Driver/Src/stm32f1xx_hal_tim_ex.c ****   /* Check the parameters */
 1231              		.loc 1 564 1 is_stmt 1 view -0
 1232              		.cfi_startproc
 1233              		@ args = 0, pretend = 0, frame = 0
 1234              		@ frame_needed = 0, uses_anonymous_args = 0
 564:Drivers/STM32F1xx_HAL_Driver/Src/stm32f1xx_hal_tim_ex.c ****   /* Check the parameters */
 1235              		.loc 1 564 1 is_stmt 0 view .LVU396
 1236 0000 10B5     		push	{r4, lr}
 1237              		.cfi_def_cfa_offset 8
 1238              		.cfi_offset 4, -8
 1239              		.cfi_offset 14, -4
 1240 0002 0446     		mov	r4, r0
 566:Drivers/STM32F1xx_HAL_Driver/Src/stm32f1xx_hal_tim_ex.c **** 
 1241              		.loc 1 566 3 is_stmt 1 view .LVU397
 571:Drivers/STM32F1xx_HAL_Driver/Src/stm32f1xx_hal_tim_ex.c **** 
 1242              		.loc 1 571 3 view .LVU398
 1243 0004 0022     		movs	r2, #0
 1244 0006 1146     		mov	r1, r2
 1245 0008 0068     		ldr	r0, [r0]
 1246              	.LVL85:
 571:Drivers/STM32F1xx_HAL_Driver/Src/stm32f1xx_hal_tim_ex.c **** 
 1247              		.loc 1 571 3 is_stmt 0 view .LVU399
 1248 000a FFF7FEFF 		bl	TIM_CCxChannelCmd
 1249              	.LVL86:
 575:Drivers/STM32F1xx_HAL_Driver/Src/stm32f1xx_hal_tim_ex.c **** 
 1250              		.loc 1 575 3 is_stmt 1 view .LVU400
 1251 000e 2268     		ldr	r2, [r4]
 1252 0010 D368     		ldr	r3, [r2, #12]
 1253 0012 23F40073 		bic	r3, r3, #512
 1254 0016 D360     		str	r3, [r2, #12]
 577:Drivers/STM32F1xx_HAL_Driver/Src/stm32f1xx_hal_tim_ex.c **** 
 1255              		.loc 1 577 3 view .LVU401
 577:Drivers/STM32F1xx_HAL_Driver/Src/stm32f1xx_hal_tim_ex.c **** 
 1256              		.loc 1 577 9 is_stmt 0 view .LVU402
 1257 0018 606A     		ldr	r0, [r4, #36]
 1258 001a FFF7FEFF 		bl	HAL_DMA_Abort_IT
 1259              	.LVL87:
 580:Drivers/STM32F1xx_HAL_Driver/Src/stm32f1xx_hal_tim_ex.c **** 
 1260              		.loc 1 580 3 is_stmt 1 view .LVU403
 580:Drivers/STM32F1xx_HAL_Driver/Src/stm32f1xx_hal_tim_ex.c **** 
 1261              		.loc 1 580 3 view .LVU404
 1262 001e 2368     		ldr	r3, [r4]
 1263 0020 196A     		ldr	r1, [r3, #32]
 1264 0022 41F21112 		movw	r2, #4369
 1265 0026 1142     		tst	r1, r2
 1266 0028 08D1     		bne	.L76
 580:Drivers/STM32F1xx_HAL_Driver/Src/stm32f1xx_hal_tim_ex.c **** 
 1267              		.loc 1 580 3 discriminator 1 view .LVU405
 1268 002a 196A     		ldr	r1, [r3, #32]
 1269 002c 40F24442 		movw	r2, #1092
 1270 0030 1142     		tst	r1, r2
 1271 0032 03D1     		bne	.L76
 580:Drivers/STM32F1xx_HAL_Driver/Src/stm32f1xx_hal_tim_ex.c **** 
 1272              		.loc 1 580 3 discriminator 3 view .LVU406
 1273 0034 1A68     		ldr	r2, [r3]
 1274 0036 22F00102 		bic	r2, r2, #1
ARM GAS  /tmp/ccr982nq.s 			page 71


 1275 003a 1A60     		str	r2, [r3]
 1276              	.L76:
 580:Drivers/STM32F1xx_HAL_Driver/Src/stm32f1xx_hal_tim_ex.c **** 
 1277              		.loc 1 580 3 discriminator 5 view .LVU407
 583:Drivers/STM32F1xx_HAL_Driver/Src/stm32f1xx_hal_tim_ex.c ****   TIM_CHANNEL_N_STATE_SET(htim, TIM_CHANNEL_1, HAL_TIM_CHANNEL_STATE_READY);
 1278              		.loc 1 583 3 view .LVU408
 1279 003c 0123     		movs	r3, #1
 1280 003e 84F83E30 		strb	r3, [r4, #62]
 584:Drivers/STM32F1xx_HAL_Driver/Src/stm32f1xx_hal_tim_ex.c **** 
 1281              		.loc 1 584 3 view .LVU409
 1282 0042 84F84230 		strb	r3, [r4, #66]
 587:Drivers/STM32F1xx_HAL_Driver/Src/stm32f1xx_hal_tim_ex.c **** }
 1283              		.loc 1 587 3 view .LVU410
 588:Drivers/STM32F1xx_HAL_Driver/Src/stm32f1xx_hal_tim_ex.c **** 
 1284              		.loc 1 588 1 is_stmt 0 view .LVU411
 1285 0046 0020     		movs	r0, #0
 1286 0048 10BD     		pop	{r4, pc}
 588:Drivers/STM32F1xx_HAL_Driver/Src/stm32f1xx_hal_tim_ex.c **** 
 1287              		.loc 1 588 1 view .LVU412
 1288              		.cfi_endproc
 1289              	.LFE74:
 1291              		.section	.text.HAL_TIMEx_OCN_Start,"ax",%progbits
 1292              		.align	1
 1293              		.global	HAL_TIMEx_OCN_Start
 1294              		.syntax unified
 1295              		.thumb
 1296              		.thumb_func
 1298              	HAL_TIMEx_OCN_Start:
 1299              	.LVL88:
 1300              	.LFB75:
 626:Drivers/STM32F1xx_HAL_Driver/Src/stm32f1xx_hal_tim_ex.c ****   uint32_t tmpsmcr;
 1301              		.loc 1 626 1 is_stmt 1 view -0
 1302              		.cfi_startproc
 1303              		@ args = 0, pretend = 0, frame = 0
 1304              		@ frame_needed = 0, uses_anonymous_args = 0
 626:Drivers/STM32F1xx_HAL_Driver/Src/stm32f1xx_hal_tim_ex.c ****   uint32_t tmpsmcr;
 1305              		.loc 1 626 1 is_stmt 0 view .LVU414
 1306 0000 10B5     		push	{r4, lr}
 1307              		.cfi_def_cfa_offset 8
 1308              		.cfi_offset 4, -8
 1309              		.cfi_offset 14, -4
 1310 0002 0446     		mov	r4, r0
 627:Drivers/STM32F1xx_HAL_Driver/Src/stm32f1xx_hal_tim_ex.c **** 
 1311              		.loc 1 627 3 is_stmt 1 view .LVU415
 630:Drivers/STM32F1xx_HAL_Driver/Src/stm32f1xx_hal_tim_ex.c **** 
 1312              		.loc 1 630 3 view .LVU416
 633:Drivers/STM32F1xx_HAL_Driver/Src/stm32f1xx_hal_tim_ex.c ****   {
 1313              		.loc 1 633 3 view .LVU417
 633:Drivers/STM32F1xx_HAL_Driver/Src/stm32f1xx_hal_tim_ex.c ****   {
 1314              		.loc 1 633 46 is_stmt 0 view .LVU418
 1315 0004 0846     		mov	r0, r1
 1316              	.LVL89:
 633:Drivers/STM32F1xx_HAL_Driver/Src/stm32f1xx_hal_tim_ex.c ****   {
 1317              		.loc 1 633 46 view .LVU419
 1318 0006 51BB     		cbnz	r1, .L79
 633:Drivers/STM32F1xx_HAL_Driver/Src/stm32f1xx_hal_tim_ex.c ****   {
 1319              		.loc 1 633 7 discriminator 1 view .LVU420
ARM GAS  /tmp/ccr982nq.s 			page 72


 1320 0008 94F84230 		ldrb	r3, [r4, #66]	@ zero_extendqisi2
 633:Drivers/STM32F1xx_HAL_Driver/Src/stm32f1xx_hal_tim_ex.c ****   {
 1321              		.loc 1 633 46 discriminator 1 view .LVU421
 1322 000c 013B     		subs	r3, r3, #1
 1323 000e 18BF     		it	ne
 1324 0010 0123     		movne	r3, #1
 1325              	.L80:
 633:Drivers/STM32F1xx_HAL_Driver/Src/stm32f1xx_hal_tim_ex.c ****   {
 1326              		.loc 1 633 6 discriminator 12 view .LVU422
 1327 0012 002B     		cmp	r3, #0
 1328 0014 54D1     		bne	.L90
 639:Drivers/STM32F1xx_HAL_Driver/Src/stm32f1xx_hal_tim_ex.c **** 
 1329              		.loc 1 639 3 is_stmt 1 view .LVU423
 1330 0016 0028     		cmp	r0, #0
 1331 0018 37D1     		bne	.L84
 639:Drivers/STM32F1xx_HAL_Driver/Src/stm32f1xx_hal_tim_ex.c **** 
 1332              		.loc 1 639 3 is_stmt 0 discriminator 1 view .LVU424
 1333 001a 0223     		movs	r3, #2
 1334 001c 84F84230 		strb	r3, [r4, #66]
 1335              	.L85:
 642:Drivers/STM32F1xx_HAL_Driver/Src/stm32f1xx_hal_tim_ex.c **** 
 1336              		.loc 1 642 3 is_stmt 1 view .LVU425
 1337 0020 0422     		movs	r2, #4
 1338 0022 0146     		mov	r1, r0
 1339              	.LVL90:
 642:Drivers/STM32F1xx_HAL_Driver/Src/stm32f1xx_hal_tim_ex.c **** 
 1340              		.loc 1 642 3 is_stmt 0 view .LVU426
 1341 0024 2068     		ldr	r0, [r4]
 1342              	.LVL91:
 642:Drivers/STM32F1xx_HAL_Driver/Src/stm32f1xx_hal_tim_ex.c **** 
 1343              		.loc 1 642 3 view .LVU427
 1344 0026 FFF7FEFF 		bl	TIM_CCxNChannelCmd
 1345              	.LVL92:
 645:Drivers/STM32F1xx_HAL_Driver/Src/stm32f1xx_hal_tim_ex.c **** 
 1346              		.loc 1 645 3 is_stmt 1 view .LVU428
 1347 002a 2268     		ldr	r2, [r4]
 1348 002c 536C     		ldr	r3, [r2, #68]
 1349 002e 43F40043 		orr	r3, r3, #32768
 1350 0032 5364     		str	r3, [r2, #68]
 648:Drivers/STM32F1xx_HAL_Driver/Src/stm32f1xx_hal_tim_ex.c ****   {
 1351              		.loc 1 648 3 view .LVU429
 648:Drivers/STM32F1xx_HAL_Driver/Src/stm32f1xx_hal_tim_ex.c ****   {
 1352              		.loc 1 648 7 is_stmt 0 view .LVU430
 1353 0034 2368     		ldr	r3, [r4]
 648:Drivers/STM32F1xx_HAL_Driver/Src/stm32f1xx_hal_tim_ex.c ****   {
 1354              		.loc 1 648 6 view .LVU431
 1355 0036 244A     		ldr	r2, .L97
 1356 0038 9342     		cmp	r3, r2
 1357 003a 36D0     		beq	.L88
 648:Drivers/STM32F1xx_HAL_Driver/Src/stm32f1xx_hal_tim_ex.c ****   {
 1358              		.loc 1 648 7 discriminator 1 view .LVU432
 1359 003c B3F1804F 		cmp	r3, #1073741824
 1360 0040 33D0     		beq	.L88
 648:Drivers/STM32F1xx_HAL_Driver/Src/stm32f1xx_hal_tim_ex.c ****   {
 1361              		.loc 1 648 7 discriminator 2 view .LVU433
 1362 0042 A2F59432 		sub	r2, r2, #75776
 1363 0046 9342     		cmp	r3, r2
ARM GAS  /tmp/ccr982nq.s 			page 73


 1364 0048 2FD0     		beq	.L88
 648:Drivers/STM32F1xx_HAL_Driver/Src/stm32f1xx_hal_tim_ex.c ****   {
 1365              		.loc 1 648 7 discriminator 3 view .LVU434
 1366 004a 02F58062 		add	r2, r2, #1024
 1367 004e 9342     		cmp	r3, r2
 1368 0050 2BD0     		beq	.L88
 658:Drivers/STM32F1xx_HAL_Driver/Src/stm32f1xx_hal_tim_ex.c ****   }
 1369              		.loc 1 658 5 is_stmt 1 view .LVU435
 1370 0052 1A68     		ldr	r2, [r3]
 1371 0054 42F00102 		orr	r2, r2, #1
 1372 0058 1A60     		str	r2, [r3]
 662:Drivers/STM32F1xx_HAL_Driver/Src/stm32f1xx_hal_tim_ex.c **** }
 1373              		.loc 1 662 10 is_stmt 0 view .LVU436
 1374 005a 0020     		movs	r0, #0
 1375 005c 31E0     		b	.L83
 1376              	.LVL93:
 1377              	.L79:
 633:Drivers/STM32F1xx_HAL_Driver/Src/stm32f1xx_hal_tim_ex.c ****   {
 1378              		.loc 1 633 46 discriminator 2 view .LVU437
 1379 005e 0429     		cmp	r1, #4
 1380 0060 07D0     		beq	.L93
 633:Drivers/STM32F1xx_HAL_Driver/Src/stm32f1xx_hal_tim_ex.c ****   {
 1381              		.loc 1 633 46 discriminator 5 view .LVU438
 1382 0062 0829     		cmp	r1, #8
 1383 0064 0BD0     		beq	.L94
 633:Drivers/STM32F1xx_HAL_Driver/Src/stm32f1xx_hal_tim_ex.c ****   {
 1384              		.loc 1 633 7 discriminator 8 view .LVU439
 1385 0066 94F84530 		ldrb	r3, [r4, #69]	@ zero_extendqisi2
 633:Drivers/STM32F1xx_HAL_Driver/Src/stm32f1xx_hal_tim_ex.c ****   {
 1386              		.loc 1 633 46 discriminator 8 view .LVU440
 1387 006a 013B     		subs	r3, r3, #1
 1388 006c 18BF     		it	ne
 1389 006e 0123     		movne	r3, #1
 1390 0070 CFE7     		b	.L80
 1391              	.L93:
 633:Drivers/STM32F1xx_HAL_Driver/Src/stm32f1xx_hal_tim_ex.c ****   {
 1392              		.loc 1 633 7 discriminator 4 view .LVU441
 1393 0072 94F84330 		ldrb	r3, [r4, #67]	@ zero_extendqisi2
 633:Drivers/STM32F1xx_HAL_Driver/Src/stm32f1xx_hal_tim_ex.c ****   {
 1394              		.loc 1 633 46 discriminator 4 view .LVU442
 1395 0076 013B     		subs	r3, r3, #1
 1396 0078 18BF     		it	ne
 1397 007a 0123     		movne	r3, #1
 1398 007c C9E7     		b	.L80
 1399              	.L94:
 633:Drivers/STM32F1xx_HAL_Driver/Src/stm32f1xx_hal_tim_ex.c ****   {
 1400              		.loc 1 633 7 discriminator 7 view .LVU443
 1401 007e 94F84430 		ldrb	r3, [r4, #68]	@ zero_extendqisi2
 633:Drivers/STM32F1xx_HAL_Driver/Src/stm32f1xx_hal_tim_ex.c ****   {
 1402              		.loc 1 633 46 discriminator 7 view .LVU444
 1403 0082 013B     		subs	r3, r3, #1
 1404 0084 18BF     		it	ne
 1405 0086 0123     		movne	r3, #1
 1406 0088 C3E7     		b	.L80
 1407              	.L84:
 639:Drivers/STM32F1xx_HAL_Driver/Src/stm32f1xx_hal_tim_ex.c **** 
 1408              		.loc 1 639 3 discriminator 2 view .LVU445
ARM GAS  /tmp/ccr982nq.s 			page 74


 1409 008a 0428     		cmp	r0, #4
 1410 008c 05D0     		beq	.L95
 639:Drivers/STM32F1xx_HAL_Driver/Src/stm32f1xx_hal_tim_ex.c **** 
 1411              		.loc 1 639 3 discriminator 4 view .LVU446
 1412 008e 0828     		cmp	r0, #8
 1413 0090 07D0     		beq	.L96
 639:Drivers/STM32F1xx_HAL_Driver/Src/stm32f1xx_hal_tim_ex.c **** 
 1414              		.loc 1 639 3 discriminator 7 view .LVU447
 1415 0092 0223     		movs	r3, #2
 1416 0094 84F84530 		strb	r3, [r4, #69]
 1417 0098 C2E7     		b	.L85
 1418              	.L95:
 639:Drivers/STM32F1xx_HAL_Driver/Src/stm32f1xx_hal_tim_ex.c **** 
 1419              		.loc 1 639 3 discriminator 3 view .LVU448
 1420 009a 0223     		movs	r3, #2
 1421 009c 84F84330 		strb	r3, [r4, #67]
 1422 00a0 BEE7     		b	.L85
 1423              	.L96:
 639:Drivers/STM32F1xx_HAL_Driver/Src/stm32f1xx_hal_tim_ex.c **** 
 1424              		.loc 1 639 3 discriminator 6 view .LVU449
 1425 00a2 0223     		movs	r3, #2
 1426 00a4 84F84430 		strb	r3, [r4, #68]
 1427 00a8 BAE7     		b	.L85
 1428              	.LVL94:
 1429              	.L88:
 650:Drivers/STM32F1xx_HAL_Driver/Src/stm32f1xx_hal_tim_ex.c ****     if (!IS_TIM_SLAVEMODE_TRIGGER_ENABLED(tmpsmcr))
 1430              		.loc 1 650 5 is_stmt 1 view .LVU450
 650:Drivers/STM32F1xx_HAL_Driver/Src/stm32f1xx_hal_tim_ex.c ****     if (!IS_TIM_SLAVEMODE_TRIGGER_ENABLED(tmpsmcr))
 1431              		.loc 1 650 29 is_stmt 0 view .LVU451
 1432 00aa 9A68     		ldr	r2, [r3, #8]
 650:Drivers/STM32F1xx_HAL_Driver/Src/stm32f1xx_hal_tim_ex.c ****     if (!IS_TIM_SLAVEMODE_TRIGGER_ENABLED(tmpsmcr))
 1433              		.loc 1 650 13 view .LVU452
 1434 00ac 02F00702 		and	r2, r2, #7
 1435              	.LVL95:
 651:Drivers/STM32F1xx_HAL_Driver/Src/stm32f1xx_hal_tim_ex.c ****     {
 1436              		.loc 1 651 5 is_stmt 1 view .LVU453
 651:Drivers/STM32F1xx_HAL_Driver/Src/stm32f1xx_hal_tim_ex.c ****     {
 1437              		.loc 1 651 8 is_stmt 0 view .LVU454
 1438 00b0 062A     		cmp	r2, #6
 1439 00b2 07D0     		beq	.L91
 653:Drivers/STM32F1xx_HAL_Driver/Src/stm32f1xx_hal_tim_ex.c ****     }
 1440              		.loc 1 653 7 is_stmt 1 view .LVU455
 1441 00b4 1A68     		ldr	r2, [r3]
 1442              	.LVL96:
 653:Drivers/STM32F1xx_HAL_Driver/Src/stm32f1xx_hal_tim_ex.c ****     }
 1443              		.loc 1 653 7 is_stmt 0 view .LVU456
 1444 00b6 42F00102 		orr	r2, r2, #1
 1445 00ba 1A60     		str	r2, [r3]
 662:Drivers/STM32F1xx_HAL_Driver/Src/stm32f1xx_hal_tim_ex.c **** }
 1446              		.loc 1 662 10 view .LVU457
 1447 00bc 0020     		movs	r0, #0
 1448 00be 00E0     		b	.L83
 1449              	.LVL97:
 1450              	.L90:
 635:Drivers/STM32F1xx_HAL_Driver/Src/stm32f1xx_hal_tim_ex.c ****   }
 1451              		.loc 1 635 12 view .LVU458
 1452 00c0 0120     		movs	r0, #1
ARM GAS  /tmp/ccr982nq.s 			page 75


 1453              	.LVL98:
 1454              	.L83:
 663:Drivers/STM32F1xx_HAL_Driver/Src/stm32f1xx_hal_tim_ex.c **** 
 1455              		.loc 1 663 1 view .LVU459
 1456 00c2 10BD     		pop	{r4, pc}
 1457              	.LVL99:
 1458              	.L91:
 662:Drivers/STM32F1xx_HAL_Driver/Src/stm32f1xx_hal_tim_ex.c **** }
 1459              		.loc 1 662 10 view .LVU460
 1460 00c4 0020     		movs	r0, #0
 1461 00c6 FCE7     		b	.L83
 1462              	.L98:
 1463              		.align	2
 1464              	.L97:
 1465 00c8 002C0140 		.word	1073818624
 1466              		.cfi_endproc
 1467              	.LFE75:
 1469              		.section	.text.HAL_TIMEx_OCN_Stop,"ax",%progbits
 1470              		.align	1
 1471              		.global	HAL_TIMEx_OCN_Stop
 1472              		.syntax unified
 1473              		.thumb
 1474              		.thumb_func
 1476              	HAL_TIMEx_OCN_Stop:
 1477              	.LVL100:
 1478              	.LFB76:
 677:Drivers/STM32F1xx_HAL_Driver/Src/stm32f1xx_hal_tim_ex.c ****   /* Check the parameters */
 1479              		.loc 1 677 1 is_stmt 1 view -0
 1480              		.cfi_startproc
 1481              		@ args = 0, pretend = 0, frame = 0
 1482              		@ frame_needed = 0, uses_anonymous_args = 0
 677:Drivers/STM32F1xx_HAL_Driver/Src/stm32f1xx_hal_tim_ex.c ****   /* Check the parameters */
 1483              		.loc 1 677 1 is_stmt 0 view .LVU462
 1484 0000 38B5     		push	{r3, r4, r5, lr}
 1485              		.cfi_def_cfa_offset 16
 1486              		.cfi_offset 3, -16
 1487              		.cfi_offset 4, -12
 1488              		.cfi_offset 5, -8
 1489              		.cfi_offset 14, -4
 1490 0002 0446     		mov	r4, r0
 1491 0004 0D46     		mov	r5, r1
 679:Drivers/STM32F1xx_HAL_Driver/Src/stm32f1xx_hal_tim_ex.c **** 
 1492              		.loc 1 679 3 is_stmt 1 view .LVU463
 682:Drivers/STM32F1xx_HAL_Driver/Src/stm32f1xx_hal_tim_ex.c **** 
 1493              		.loc 1 682 3 view .LVU464
 1494 0006 0022     		movs	r2, #0
 1495 0008 0068     		ldr	r0, [r0]
 1496              	.LVL101:
 682:Drivers/STM32F1xx_HAL_Driver/Src/stm32f1xx_hal_tim_ex.c **** 
 1497              		.loc 1 682 3 is_stmt 0 view .LVU465
 1498 000a FFF7FEFF 		bl	TIM_CCxNChannelCmd
 1499              	.LVL102:
 685:Drivers/STM32F1xx_HAL_Driver/Src/stm32f1xx_hal_tim_ex.c **** 
 1500              		.loc 1 685 3 is_stmt 1 view .LVU466
 685:Drivers/STM32F1xx_HAL_Driver/Src/stm32f1xx_hal_tim_ex.c **** 
 1501              		.loc 1 685 3 view .LVU467
 1502 000e 2368     		ldr	r3, [r4]
ARM GAS  /tmp/ccr982nq.s 			page 76


 1503 0010 196A     		ldr	r1, [r3, #32]
 1504 0012 41F21112 		movw	r2, #4369
 1505 0016 1142     		tst	r1, r2
 1506 0018 08D1     		bne	.L100
 685:Drivers/STM32F1xx_HAL_Driver/Src/stm32f1xx_hal_tim_ex.c **** 
 1507              		.loc 1 685 3 discriminator 1 view .LVU468
 1508 001a 196A     		ldr	r1, [r3, #32]
 1509 001c 40F24442 		movw	r2, #1092
 1510 0020 1142     		tst	r1, r2
 1511 0022 03D1     		bne	.L100
 685:Drivers/STM32F1xx_HAL_Driver/Src/stm32f1xx_hal_tim_ex.c **** 
 1512              		.loc 1 685 3 discriminator 3 view .LVU469
 1513 0024 5A6C     		ldr	r2, [r3, #68]
 1514 0026 22F40042 		bic	r2, r2, #32768
 1515 002a 5A64     		str	r2, [r3, #68]
 1516              	.L100:
 685:Drivers/STM32F1xx_HAL_Driver/Src/stm32f1xx_hal_tim_ex.c **** 
 1517              		.loc 1 685 3 discriminator 5 view .LVU470
 688:Drivers/STM32F1xx_HAL_Driver/Src/stm32f1xx_hal_tim_ex.c **** 
 1518              		.loc 1 688 3 view .LVU471
 688:Drivers/STM32F1xx_HAL_Driver/Src/stm32f1xx_hal_tim_ex.c **** 
 1519              		.loc 1 688 3 view .LVU472
 1520 002c 2368     		ldr	r3, [r4]
 1521 002e 196A     		ldr	r1, [r3, #32]
 1522 0030 41F21112 		movw	r2, #4369
 1523 0034 1142     		tst	r1, r2
 1524 0036 08D1     		bne	.L101
 688:Drivers/STM32F1xx_HAL_Driver/Src/stm32f1xx_hal_tim_ex.c **** 
 1525              		.loc 1 688 3 discriminator 1 view .LVU473
 1526 0038 196A     		ldr	r1, [r3, #32]
 1527 003a 40F24442 		movw	r2, #1092
 1528 003e 1142     		tst	r1, r2
 1529 0040 03D1     		bne	.L101
 688:Drivers/STM32F1xx_HAL_Driver/Src/stm32f1xx_hal_tim_ex.c **** 
 1530              		.loc 1 688 3 discriminator 3 view .LVU474
 1531 0042 1A68     		ldr	r2, [r3]
 1532 0044 22F00102 		bic	r2, r2, #1
 1533 0048 1A60     		str	r2, [r3]
 1534              	.L101:
 688:Drivers/STM32F1xx_HAL_Driver/Src/stm32f1xx_hal_tim_ex.c **** 
 1535              		.loc 1 688 3 discriminator 5 view .LVU475
 691:Drivers/STM32F1xx_HAL_Driver/Src/stm32f1xx_hal_tim_ex.c **** 
 1536              		.loc 1 691 3 view .LVU476
 1537 004a 25B9     		cbnz	r5, .L102
 691:Drivers/STM32F1xx_HAL_Driver/Src/stm32f1xx_hal_tim_ex.c **** 
 1538              		.loc 1 691 3 is_stmt 0 discriminator 1 view .LVU477
 1539 004c 0123     		movs	r3, #1
 1540 004e 84F84230 		strb	r3, [r4, #66]
 1541              	.L103:
 694:Drivers/STM32F1xx_HAL_Driver/Src/stm32f1xx_hal_tim_ex.c **** }
 1542              		.loc 1 694 3 is_stmt 1 view .LVU478
 695:Drivers/STM32F1xx_HAL_Driver/Src/stm32f1xx_hal_tim_ex.c **** 
 1543              		.loc 1 695 1 is_stmt 0 view .LVU479
 1544 0052 0020     		movs	r0, #0
 1545 0054 38BD     		pop	{r3, r4, r5, pc}
 1546              	.LVL103:
 1547              	.L102:
ARM GAS  /tmp/ccr982nq.s 			page 77


 691:Drivers/STM32F1xx_HAL_Driver/Src/stm32f1xx_hal_tim_ex.c **** 
 1548              		.loc 1 691 3 discriminator 2 view .LVU480
 1549 0056 042D     		cmp	r5, #4
 1550 0058 05D0     		beq	.L107
 691:Drivers/STM32F1xx_HAL_Driver/Src/stm32f1xx_hal_tim_ex.c **** 
 1551              		.loc 1 691 3 discriminator 4 view .LVU481
 1552 005a 082D     		cmp	r5, #8
 1553 005c 07D0     		beq	.L108
 691:Drivers/STM32F1xx_HAL_Driver/Src/stm32f1xx_hal_tim_ex.c **** 
 1554              		.loc 1 691 3 discriminator 7 view .LVU482
 1555 005e 0123     		movs	r3, #1
 1556 0060 84F84530 		strb	r3, [r4, #69]
 1557 0064 F5E7     		b	.L103
 1558              	.L107:
 691:Drivers/STM32F1xx_HAL_Driver/Src/stm32f1xx_hal_tim_ex.c **** 
 1559              		.loc 1 691 3 discriminator 3 view .LVU483
 1560 0066 0123     		movs	r3, #1
 1561 0068 84F84330 		strb	r3, [r4, #67]
 1562 006c F1E7     		b	.L103
 1563              	.L108:
 691:Drivers/STM32F1xx_HAL_Driver/Src/stm32f1xx_hal_tim_ex.c **** 
 1564              		.loc 1 691 3 discriminator 6 view .LVU484
 1565 006e 0123     		movs	r3, #1
 1566 0070 84F84430 		strb	r3, [r4, #68]
 1567 0074 EDE7     		b	.L103
 1568              		.cfi_endproc
 1569              	.LFE76:
 1571              		.section	.text.HAL_TIMEx_OCN_Start_IT,"ax",%progbits
 1572              		.align	1
 1573              		.global	HAL_TIMEx_OCN_Start_IT
 1574              		.syntax unified
 1575              		.thumb
 1576              		.thumb_func
 1578              	HAL_TIMEx_OCN_Start_IT:
 1579              	.LVL104:
 1580              	.LFB77:
 709:Drivers/STM32F1xx_HAL_Driver/Src/stm32f1xx_hal_tim_ex.c ****   HAL_StatusTypeDef status = HAL_OK;
 1581              		.loc 1 709 1 is_stmt 1 view -0
 1582              		.cfi_startproc
 1583              		@ args = 0, pretend = 0, frame = 0
 1584              		@ frame_needed = 0, uses_anonymous_args = 0
 709:Drivers/STM32F1xx_HAL_Driver/Src/stm32f1xx_hal_tim_ex.c ****   HAL_StatusTypeDef status = HAL_OK;
 1585              		.loc 1 709 1 is_stmt 0 view .LVU486
 1586 0000 10B5     		push	{r4, lr}
 1587              		.cfi_def_cfa_offset 8
 1588              		.cfi_offset 4, -8
 1589              		.cfi_offset 14, -4
 1590 0002 0446     		mov	r4, r0
 710:Drivers/STM32F1xx_HAL_Driver/Src/stm32f1xx_hal_tim_ex.c ****   uint32_t tmpsmcr;
 1591              		.loc 1 710 3 is_stmt 1 view .LVU487
 1592              	.LVL105:
 711:Drivers/STM32F1xx_HAL_Driver/Src/stm32f1xx_hal_tim_ex.c **** 
 1593              		.loc 1 711 3 view .LVU488
 714:Drivers/STM32F1xx_HAL_Driver/Src/stm32f1xx_hal_tim_ex.c **** 
 1594              		.loc 1 714 3 view .LVU489
 717:Drivers/STM32F1xx_HAL_Driver/Src/stm32f1xx_hal_tim_ex.c ****   {
 1595              		.loc 1 717 3 view .LVU490
ARM GAS  /tmp/ccr982nq.s 			page 78


 717:Drivers/STM32F1xx_HAL_Driver/Src/stm32f1xx_hal_tim_ex.c ****   {
 1596              		.loc 1 717 46 is_stmt 0 view .LVU491
 1597 0004 0846     		mov	r0, r1
 1598              	.LVL106:
 717:Drivers/STM32F1xx_HAL_Driver/Src/stm32f1xx_hal_tim_ex.c ****   {
 1599              		.loc 1 717 46 view .LVU492
 1600 0006 0029     		cmp	r1, #0
 1601 0008 34D1     		bne	.L110
 717:Drivers/STM32F1xx_HAL_Driver/Src/stm32f1xx_hal_tim_ex.c ****   {
 1602              		.loc 1 717 7 discriminator 1 view .LVU493
 1603 000a 94F84230 		ldrb	r3, [r4, #66]	@ zero_extendqisi2
 717:Drivers/STM32F1xx_HAL_Driver/Src/stm32f1xx_hal_tim_ex.c ****   {
 1604              		.loc 1 717 46 discriminator 1 view .LVU494
 1605 000e 013B     		subs	r3, r3, #1
 1606 0010 18BF     		it	ne
 1607 0012 0123     		movne	r3, #1
 1608              	.L111:
 717:Drivers/STM32F1xx_HAL_Driver/Src/stm32f1xx_hal_tim_ex.c ****   {
 1609              		.loc 1 717 6 discriminator 12 view .LVU495
 1610 0014 002B     		cmp	r3, #0
 1611 0016 6FD1     		bne	.L124
 723:Drivers/STM32F1xx_HAL_Driver/Src/stm32f1xx_hal_tim_ex.c **** 
 1612              		.loc 1 723 3 is_stmt 1 view .LVU496
 1613 0018 0028     		cmp	r0, #0
 1614 001a 41D1     		bne	.L115
 723:Drivers/STM32F1xx_HAL_Driver/Src/stm32f1xx_hal_tim_ex.c **** 
 1615              		.loc 1 723 3 is_stmt 0 discriminator 1 view .LVU497
 1616 001c 0223     		movs	r3, #2
 1617 001e 84F84230 		strb	r3, [r4, #66]
 725:Drivers/STM32F1xx_HAL_Driver/Src/stm32f1xx_hal_tim_ex.c ****   {
 1618              		.loc 1 725 3 is_stmt 1 view .LVU498
 1619              	.L116:
 730:Drivers/STM32F1xx_HAL_Driver/Src/stm32f1xx_hal_tim_ex.c ****       break;
 1620              		.loc 1 730 7 view .LVU499
 1621 0022 2268     		ldr	r2, [r4]
 1622 0024 D368     		ldr	r3, [r2, #12]
 1623 0026 43F00203 		orr	r3, r3, #2
 1624 002a D360     		str	r3, [r2, #12]
 731:Drivers/STM32F1xx_HAL_Driver/Src/stm32f1xx_hal_tim_ex.c ****     }
 1625              		.loc 1 731 7 view .LVU500
 754:Drivers/STM32F1xx_HAL_Driver/Src/stm32f1xx_hal_tim_ex.c ****   {
 1626              		.loc 1 754 3 view .LVU501
 1627              	.L121:
 757:Drivers/STM32F1xx_HAL_Driver/Src/stm32f1xx_hal_tim_ex.c **** 
 1628              		.loc 1 757 5 view .LVU502
 1629 002c 2268     		ldr	r2, [r4]
 1630 002e D368     		ldr	r3, [r2, #12]
 1631 0030 43F08003 		orr	r3, r3, #128
 1632 0034 D360     		str	r3, [r2, #12]
 760:Drivers/STM32F1xx_HAL_Driver/Src/stm32f1xx_hal_tim_ex.c **** 
 1633              		.loc 1 760 5 view .LVU503
 1634 0036 0422     		movs	r2, #4
 1635 0038 0146     		mov	r1, r0
 1636              	.LVL107:
 760:Drivers/STM32F1xx_HAL_Driver/Src/stm32f1xx_hal_tim_ex.c **** 
 1637              		.loc 1 760 5 is_stmt 0 view .LVU504
 1638 003a 2068     		ldr	r0, [r4]
ARM GAS  /tmp/ccr982nq.s 			page 79


 1639              	.LVL108:
 760:Drivers/STM32F1xx_HAL_Driver/Src/stm32f1xx_hal_tim_ex.c **** 
 1640              		.loc 1 760 5 view .LVU505
 1641 003c FFF7FEFF 		bl	TIM_CCxNChannelCmd
 1642              	.LVL109:
 763:Drivers/STM32F1xx_HAL_Driver/Src/stm32f1xx_hal_tim_ex.c **** 
 1643              		.loc 1 763 5 is_stmt 1 view .LVU506
 1644 0040 2268     		ldr	r2, [r4]
 1645 0042 536C     		ldr	r3, [r2, #68]
 1646 0044 43F40043 		orr	r3, r3, #32768
 1647 0048 5364     		str	r3, [r2, #68]
 766:Drivers/STM32F1xx_HAL_Driver/Src/stm32f1xx_hal_tim_ex.c ****     {
 1648              		.loc 1 766 5 view .LVU507
 766:Drivers/STM32F1xx_HAL_Driver/Src/stm32f1xx_hal_tim_ex.c ****     {
 1649              		.loc 1 766 9 is_stmt 0 view .LVU508
 1650 004a 2368     		ldr	r3, [r4]
 766:Drivers/STM32F1xx_HAL_Driver/Src/stm32f1xx_hal_tim_ex.c ****     {
 1651              		.loc 1 766 8 view .LVU509
 1652 004c 2C4A     		ldr	r2, .L132
 1653 004e 9342     		cmp	r3, r2
 1654 0050 47D0     		beq	.L122
 766:Drivers/STM32F1xx_HAL_Driver/Src/stm32f1xx_hal_tim_ex.c ****     {
 1655              		.loc 1 766 9 discriminator 1 view .LVU510
 1656 0052 B3F1804F 		cmp	r3, #1073741824
 1657 0056 44D0     		beq	.L122
 766:Drivers/STM32F1xx_HAL_Driver/Src/stm32f1xx_hal_tim_ex.c ****     {
 1658              		.loc 1 766 9 discriminator 2 view .LVU511
 1659 0058 A2F59432 		sub	r2, r2, #75776
 1660 005c 9342     		cmp	r3, r2
 1661 005e 40D0     		beq	.L122
 766:Drivers/STM32F1xx_HAL_Driver/Src/stm32f1xx_hal_tim_ex.c ****     {
 1662              		.loc 1 766 9 discriminator 3 view .LVU512
 1663 0060 02F58062 		add	r2, r2, #1024
 1664 0064 9342     		cmp	r3, r2
 1665 0066 3CD0     		beq	.L122
 776:Drivers/STM32F1xx_HAL_Driver/Src/stm32f1xx_hal_tim_ex.c ****     }
 1666              		.loc 1 776 7 is_stmt 1 view .LVU513
 1667 0068 1A68     		ldr	r2, [r3]
 1668 006a 42F00102 		orr	r2, r2, #1
 1669 006e 1A60     		str	r2, [r3]
 1670 0070 0020     		movs	r0, #0
 1671 0072 42E0     		b	.L114
 1672              	.LVL110:
 1673              	.L110:
 717:Drivers/STM32F1xx_HAL_Driver/Src/stm32f1xx_hal_tim_ex.c ****   {
 1674              		.loc 1 717 46 is_stmt 0 discriminator 2 view .LVU514
 1675 0074 0429     		cmp	r1, #4
 1676 0076 07D0     		beq	.L128
 717:Drivers/STM32F1xx_HAL_Driver/Src/stm32f1xx_hal_tim_ex.c ****   {
 1677              		.loc 1 717 46 discriminator 5 view .LVU515
 1678 0078 0829     		cmp	r1, #8
 1679 007a 0BD0     		beq	.L129
 717:Drivers/STM32F1xx_HAL_Driver/Src/stm32f1xx_hal_tim_ex.c ****   {
 1680              		.loc 1 717 7 discriminator 8 view .LVU516
 1681 007c 94F84530 		ldrb	r3, [r4, #69]	@ zero_extendqisi2
 717:Drivers/STM32F1xx_HAL_Driver/Src/stm32f1xx_hal_tim_ex.c ****   {
 1682              		.loc 1 717 46 discriminator 8 view .LVU517
ARM GAS  /tmp/ccr982nq.s 			page 80


 1683 0080 013B     		subs	r3, r3, #1
 1684 0082 18BF     		it	ne
 1685 0084 0123     		movne	r3, #1
 1686 0086 C5E7     		b	.L111
 1687              	.L128:
 717:Drivers/STM32F1xx_HAL_Driver/Src/stm32f1xx_hal_tim_ex.c ****   {
 1688              		.loc 1 717 7 discriminator 4 view .LVU518
 1689 0088 94F84330 		ldrb	r3, [r4, #67]	@ zero_extendqisi2
 717:Drivers/STM32F1xx_HAL_Driver/Src/stm32f1xx_hal_tim_ex.c ****   {
 1690              		.loc 1 717 46 discriminator 4 view .LVU519
 1691 008c 013B     		subs	r3, r3, #1
 1692 008e 18BF     		it	ne
 1693 0090 0123     		movne	r3, #1
 1694 0092 BFE7     		b	.L111
 1695              	.L129:
 717:Drivers/STM32F1xx_HAL_Driver/Src/stm32f1xx_hal_tim_ex.c ****   {
 1696              		.loc 1 717 7 discriminator 7 view .LVU520
 1697 0094 94F84430 		ldrb	r3, [r4, #68]	@ zero_extendqisi2
 717:Drivers/STM32F1xx_HAL_Driver/Src/stm32f1xx_hal_tim_ex.c ****   {
 1698              		.loc 1 717 46 discriminator 7 view .LVU521
 1699 0098 013B     		subs	r3, r3, #1
 1700 009a 18BF     		it	ne
 1701 009c 0123     		movne	r3, #1
 1702 009e B9E7     		b	.L111
 1703              	.L115:
 723:Drivers/STM32F1xx_HAL_Driver/Src/stm32f1xx_hal_tim_ex.c **** 
 1704              		.loc 1 723 3 discriminator 2 view .LVU522
 1705 00a0 0428     		cmp	r0, #4
 1706 00a2 0CD0     		beq	.L130
 723:Drivers/STM32F1xx_HAL_Driver/Src/stm32f1xx_hal_tim_ex.c **** 
 1707              		.loc 1 723 3 discriminator 4 view .LVU523
 1708 00a4 0828     		cmp	r0, #8
 1709 00a6 13D0     		beq	.L131
 723:Drivers/STM32F1xx_HAL_Driver/Src/stm32f1xx_hal_tim_ex.c **** 
 1710              		.loc 1 723 3 discriminator 7 view .LVU524
 1711 00a8 0223     		movs	r3, #2
 1712 00aa 84F84530 		strb	r3, [r4, #69]
 725:Drivers/STM32F1xx_HAL_Driver/Src/stm32f1xx_hal_tim_ex.c ****   {
 1713              		.loc 1 725 3 is_stmt 1 view .LVU525
 1714 00ae 0428     		cmp	r0, #4
 1715 00b0 08D0     		beq	.L118
 1716 00b2 0828     		cmp	r0, #8
 1717 00b4 0FD0     		beq	.L120
 1718 00b6 0028     		cmp	r0, #0
 1719 00b8 B3D0     		beq	.L116
 1720 00ba 0120     		movs	r0, #1
 1721              	.LVL111:
 725:Drivers/STM32F1xx_HAL_Driver/Src/stm32f1xx_hal_tim_ex.c ****   {
 1722              		.loc 1 725 3 is_stmt 0 view .LVU526
 1723 00bc 1DE0     		b	.L114
 1724              	.LVL112:
 1725              	.L130:
 723:Drivers/STM32F1xx_HAL_Driver/Src/stm32f1xx_hal_tim_ex.c **** 
 1726              		.loc 1 723 3 discriminator 3 view .LVU527
 1727 00be 0223     		movs	r3, #2
 1728 00c0 84F84330 		strb	r3, [r4, #67]
 725:Drivers/STM32F1xx_HAL_Driver/Src/stm32f1xx_hal_tim_ex.c ****   {
ARM GAS  /tmp/ccr982nq.s 			page 81


 1729              		.loc 1 725 3 is_stmt 1 view .LVU528
 1730              	.L118:
 737:Drivers/STM32F1xx_HAL_Driver/Src/stm32f1xx_hal_tim_ex.c ****       break;
 1731              		.loc 1 737 7 view .LVU529
 1732 00c4 2268     		ldr	r2, [r4]
 1733 00c6 D368     		ldr	r3, [r2, #12]
 1734 00c8 43F00403 		orr	r3, r3, #4
 1735 00cc D360     		str	r3, [r2, #12]
 738:Drivers/STM32F1xx_HAL_Driver/Src/stm32f1xx_hal_tim_ex.c ****     }
 1736              		.loc 1 738 7 view .LVU530
 754:Drivers/STM32F1xx_HAL_Driver/Src/stm32f1xx_hal_tim_ex.c ****   {
 1737              		.loc 1 754 3 view .LVU531
 1738 00ce ADE7     		b	.L121
 1739              	.L131:
 723:Drivers/STM32F1xx_HAL_Driver/Src/stm32f1xx_hal_tim_ex.c **** 
 1740              		.loc 1 723 3 is_stmt 0 discriminator 6 view .LVU532
 1741 00d0 0223     		movs	r3, #2
 1742 00d2 84F84430 		strb	r3, [r4, #68]
 725:Drivers/STM32F1xx_HAL_Driver/Src/stm32f1xx_hal_tim_ex.c ****   {
 1743              		.loc 1 725 3 is_stmt 1 view .LVU533
 1744              	.L120:
 744:Drivers/STM32F1xx_HAL_Driver/Src/stm32f1xx_hal_tim_ex.c ****       break;
 1745              		.loc 1 744 7 view .LVU534
 1746 00d6 2268     		ldr	r2, [r4]
 1747 00d8 D368     		ldr	r3, [r2, #12]
 1748 00da 43F00803 		orr	r3, r3, #8
 1749 00de D360     		str	r3, [r2, #12]
 745:Drivers/STM32F1xx_HAL_Driver/Src/stm32f1xx_hal_tim_ex.c ****     }
 1750              		.loc 1 745 7 view .LVU535
 754:Drivers/STM32F1xx_HAL_Driver/Src/stm32f1xx_hal_tim_ex.c ****   {
 1751              		.loc 1 754 3 view .LVU536
 1752 00e0 A4E7     		b	.L121
 1753              	.LVL113:
 1754              	.L122:
 768:Drivers/STM32F1xx_HAL_Driver/Src/stm32f1xx_hal_tim_ex.c ****       if (!IS_TIM_SLAVEMODE_TRIGGER_ENABLED(tmpsmcr))
 1755              		.loc 1 768 7 view .LVU537
 768:Drivers/STM32F1xx_HAL_Driver/Src/stm32f1xx_hal_tim_ex.c ****       if (!IS_TIM_SLAVEMODE_TRIGGER_ENABLED(tmpsmcr))
 1756              		.loc 1 768 31 is_stmt 0 view .LVU538
 1757 00e2 9A68     		ldr	r2, [r3, #8]
 768:Drivers/STM32F1xx_HAL_Driver/Src/stm32f1xx_hal_tim_ex.c ****       if (!IS_TIM_SLAVEMODE_TRIGGER_ENABLED(tmpsmcr))
 1758              		.loc 1 768 15 view .LVU539
 1759 00e4 02F00702 		and	r2, r2, #7
 1760              	.LVL114:
 769:Drivers/STM32F1xx_HAL_Driver/Src/stm32f1xx_hal_tim_ex.c ****       {
 1761              		.loc 1 769 7 is_stmt 1 view .LVU540
 769:Drivers/STM32F1xx_HAL_Driver/Src/stm32f1xx_hal_tim_ex.c ****       {
 1762              		.loc 1 769 10 is_stmt 0 view .LVU541
 1763 00e8 062A     		cmp	r2, #6
 1764 00ea 07D0     		beq	.L126
 771:Drivers/STM32F1xx_HAL_Driver/Src/stm32f1xx_hal_tim_ex.c ****       }
 1765              		.loc 1 771 9 is_stmt 1 view .LVU542
 1766 00ec 1A68     		ldr	r2, [r3]
 1767              	.LVL115:
 771:Drivers/STM32F1xx_HAL_Driver/Src/stm32f1xx_hal_tim_ex.c ****       }
 1768              		.loc 1 771 9 is_stmt 0 view .LVU543
 1769 00ee 42F00102 		orr	r2, r2, #1
 1770 00f2 1A60     		str	r2, [r3]
ARM GAS  /tmp/ccr982nq.s 			page 82


 1771 00f4 0020     		movs	r0, #0
 1772 00f6 00E0     		b	.L114
 1773              	.LVL116:
 1774              	.L124:
 719:Drivers/STM32F1xx_HAL_Driver/Src/stm32f1xx_hal_tim_ex.c ****   }
 1775              		.loc 1 719 12 view .LVU544
 1776 00f8 0120     		movs	r0, #1
 1777              	.LVL117:
 1778              	.L114:
 782:Drivers/STM32F1xx_HAL_Driver/Src/stm32f1xx_hal_tim_ex.c **** 
 1779              		.loc 1 782 1 view .LVU545
 1780 00fa 10BD     		pop	{r4, pc}
 1781              	.LVL118:
 1782              	.L126:
 782:Drivers/STM32F1xx_HAL_Driver/Src/stm32f1xx_hal_tim_ex.c **** 
 1783              		.loc 1 782 1 view .LVU546
 1784 00fc 0020     		movs	r0, #0
 1785 00fe FCE7     		b	.L114
 1786              	.L133:
 1787              		.align	2
 1788              	.L132:
 1789 0100 002C0140 		.word	1073818624
 1790              		.cfi_endproc
 1791              	.LFE77:
 1793              		.section	.text.HAL_TIMEx_OCN_Stop_IT,"ax",%progbits
 1794              		.align	1
 1795              		.global	HAL_TIMEx_OCN_Stop_IT
 1796              		.syntax unified
 1797              		.thumb
 1798              		.thumb_func
 1800              	HAL_TIMEx_OCN_Stop_IT:
 1801              	.LVL119:
 1802              	.LFB78:
 796:Drivers/STM32F1xx_HAL_Driver/Src/stm32f1xx_hal_tim_ex.c ****   HAL_StatusTypeDef status = HAL_OK;
 1803              		.loc 1 796 1 is_stmt 1 view -0
 1804              		.cfi_startproc
 1805              		@ args = 0, pretend = 0, frame = 0
 1806              		@ frame_needed = 0, uses_anonymous_args = 0
 796:Drivers/STM32F1xx_HAL_Driver/Src/stm32f1xx_hal_tim_ex.c ****   HAL_StatusTypeDef status = HAL_OK;
 1807              		.loc 1 796 1 is_stmt 0 view .LVU548
 1808 0000 38B5     		push	{r3, r4, r5, lr}
 1809              		.cfi_def_cfa_offset 16
 1810              		.cfi_offset 3, -16
 1811              		.cfi_offset 4, -12
 1812              		.cfi_offset 5, -8
 1813              		.cfi_offset 14, -4
 1814 0002 0446     		mov	r4, r0
 1815 0004 0D46     		mov	r5, r1
 797:Drivers/STM32F1xx_HAL_Driver/Src/stm32f1xx_hal_tim_ex.c ****   uint32_t tmpccer;
 1816              		.loc 1 797 3 is_stmt 1 view .LVU549
 1817              	.LVL120:
 798:Drivers/STM32F1xx_HAL_Driver/Src/stm32f1xx_hal_tim_ex.c **** 
 1818              		.loc 1 798 3 view .LVU550
 801:Drivers/STM32F1xx_HAL_Driver/Src/stm32f1xx_hal_tim_ex.c **** 
 1819              		.loc 1 801 3 view .LVU551
 803:Drivers/STM32F1xx_HAL_Driver/Src/stm32f1xx_hal_tim_ex.c ****   {
 1820              		.loc 1 803 3 view .LVU552
ARM GAS  /tmp/ccr982nq.s 			page 83


 1821 0006 0429     		cmp	r1, #4
 1822 0008 3BD0     		beq	.L135
 1823 000a 0829     		cmp	r1, #8
 1824 000c 3FD0     		beq	.L136
 1825 000e 0029     		cmp	r1, #0
 1826 0010 56D1     		bne	.L145
 808:Drivers/STM32F1xx_HAL_Driver/Src/stm32f1xx_hal_tim_ex.c ****       break;
 1827              		.loc 1 808 7 view .LVU553
 1828 0012 0268     		ldr	r2, [r0]
 1829 0014 D368     		ldr	r3, [r2, #12]
 1830 0016 23F00203 		bic	r3, r3, #2
 1831 001a D360     		str	r3, [r2, #12]
 809:Drivers/STM32F1xx_HAL_Driver/Src/stm32f1xx_hal_tim_ex.c ****     }
 1832              		.loc 1 809 7 view .LVU554
 831:Drivers/STM32F1xx_HAL_Driver/Src/stm32f1xx_hal_tim_ex.c ****   {
 1833              		.loc 1 831 3 view .LVU555
 1834              	.L138:
 834:Drivers/STM32F1xx_HAL_Driver/Src/stm32f1xx_hal_tim_ex.c **** 
 1835              		.loc 1 834 5 view .LVU556
 1836 001c 0022     		movs	r2, #0
 1837 001e 2946     		mov	r1, r5
 1838              	.LVL121:
 834:Drivers/STM32F1xx_HAL_Driver/Src/stm32f1xx_hal_tim_ex.c **** 
 1839              		.loc 1 834 5 is_stmt 0 view .LVU557
 1840 0020 2068     		ldr	r0, [r4]
 1841              	.LVL122:
 834:Drivers/STM32F1xx_HAL_Driver/Src/stm32f1xx_hal_tim_ex.c **** 
 1842              		.loc 1 834 5 view .LVU558
 1843 0022 FFF7FEFF 		bl	TIM_CCxNChannelCmd
 1844              	.LVL123:
 837:Drivers/STM32F1xx_HAL_Driver/Src/stm32f1xx_hal_tim_ex.c ****     if ((tmpccer & TIM_CCER_CCxNE_MASK) == (uint32_t)RESET)
 1845              		.loc 1 837 5 is_stmt 1 view .LVU559
 837:Drivers/STM32F1xx_HAL_Driver/Src/stm32f1xx_hal_tim_ex.c ****     if ((tmpccer & TIM_CCER_CCxNE_MASK) == (uint32_t)RESET)
 1846              		.loc 1 837 19 is_stmt 0 view .LVU560
 1847 0026 2368     		ldr	r3, [r4]
 837:Drivers/STM32F1xx_HAL_Driver/Src/stm32f1xx_hal_tim_ex.c ****     if ((tmpccer & TIM_CCER_CCxNE_MASK) == (uint32_t)RESET)
 1848              		.loc 1 837 13 view .LVU561
 1849 0028 196A     		ldr	r1, [r3, #32]
 1850              	.LVL124:
 838:Drivers/STM32F1xx_HAL_Driver/Src/stm32f1xx_hal_tim_ex.c ****     {
 1851              		.loc 1 838 5 is_stmt 1 view .LVU562
 838:Drivers/STM32F1xx_HAL_Driver/Src/stm32f1xx_hal_tim_ex.c ****     {
 1852              		.loc 1 838 8 is_stmt 0 view .LVU563
 1853 002a 40F24442 		movw	r2, #1092
 1854 002e 1142     		tst	r1, r2
 1855 0030 03D1     		bne	.L139
 840:Drivers/STM32F1xx_HAL_Driver/Src/stm32f1xx_hal_tim_ex.c ****     }
 1856              		.loc 1 840 7 is_stmt 1 view .LVU564
 1857 0032 DA68     		ldr	r2, [r3, #12]
 1858 0034 22F08002 		bic	r2, r2, #128
 1859 0038 DA60     		str	r2, [r3, #12]
 1860              	.L139:
 844:Drivers/STM32F1xx_HAL_Driver/Src/stm32f1xx_hal_tim_ex.c **** 
 1861              		.loc 1 844 5 view .LVU565
 844:Drivers/STM32F1xx_HAL_Driver/Src/stm32f1xx_hal_tim_ex.c **** 
 1862              		.loc 1 844 5 view .LVU566
 1863 003a 2368     		ldr	r3, [r4]
ARM GAS  /tmp/ccr982nq.s 			page 84


 1864 003c 196A     		ldr	r1, [r3, #32]
 1865              	.LVL125:
 844:Drivers/STM32F1xx_HAL_Driver/Src/stm32f1xx_hal_tim_ex.c **** 
 1866              		.loc 1 844 5 is_stmt 0 view .LVU567
 1867 003e 41F21112 		movw	r2, #4369
 1868 0042 1142     		tst	r1, r2
 1869 0044 08D1     		bne	.L140
 844:Drivers/STM32F1xx_HAL_Driver/Src/stm32f1xx_hal_tim_ex.c **** 
 1870              		.loc 1 844 5 is_stmt 1 discriminator 1 view .LVU568
 1871 0046 196A     		ldr	r1, [r3, #32]
 1872 0048 40F24442 		movw	r2, #1092
 1873 004c 1142     		tst	r1, r2
 1874 004e 03D1     		bne	.L140
 844:Drivers/STM32F1xx_HAL_Driver/Src/stm32f1xx_hal_tim_ex.c **** 
 1875              		.loc 1 844 5 discriminator 3 view .LVU569
 1876 0050 5A6C     		ldr	r2, [r3, #68]
 1877 0052 22F40042 		bic	r2, r2, #32768
 1878 0056 5A64     		str	r2, [r3, #68]
 1879              	.L140:
 844:Drivers/STM32F1xx_HAL_Driver/Src/stm32f1xx_hal_tim_ex.c **** 
 1880              		.loc 1 844 5 discriminator 5 view .LVU570
 847:Drivers/STM32F1xx_HAL_Driver/Src/stm32f1xx_hal_tim_ex.c **** 
 1881              		.loc 1 847 5 view .LVU571
 847:Drivers/STM32F1xx_HAL_Driver/Src/stm32f1xx_hal_tim_ex.c **** 
 1882              		.loc 1 847 5 view .LVU572
 1883 0058 2368     		ldr	r3, [r4]
 1884 005a 196A     		ldr	r1, [r3, #32]
 1885 005c 41F21112 		movw	r2, #4369
 1886 0060 1142     		tst	r1, r2
 1887 0062 08D1     		bne	.L141
 847:Drivers/STM32F1xx_HAL_Driver/Src/stm32f1xx_hal_tim_ex.c **** 
 1888              		.loc 1 847 5 discriminator 1 view .LVU573
 1889 0064 196A     		ldr	r1, [r3, #32]
 1890 0066 40F24442 		movw	r2, #1092
 1891 006a 1142     		tst	r1, r2
 1892 006c 03D1     		bne	.L141
 847:Drivers/STM32F1xx_HAL_Driver/Src/stm32f1xx_hal_tim_ex.c **** 
 1893              		.loc 1 847 5 discriminator 3 view .LVU574
 1894 006e 1A68     		ldr	r2, [r3]
 1895 0070 22F00102 		bic	r2, r2, #1
 1896 0074 1A60     		str	r2, [r3]
 1897              	.L141:
 847:Drivers/STM32F1xx_HAL_Driver/Src/stm32f1xx_hal_tim_ex.c **** 
 1898              		.loc 1 847 5 discriminator 5 view .LVU575
 850:Drivers/STM32F1xx_HAL_Driver/Src/stm32f1xx_hal_tim_ex.c ****   }
 1899              		.loc 1 850 5 view .LVU576
 1900 0076 85B9     		cbnz	r5, .L142
 850:Drivers/STM32F1xx_HAL_Driver/Src/stm32f1xx_hal_tim_ex.c ****   }
 1901              		.loc 1 850 5 is_stmt 0 discriminator 1 view .LVU577
 1902 0078 0123     		movs	r3, #1
 1903 007a 84F84230 		strb	r3, [r4, #66]
 1904 007e 0020     		movs	r0, #0
 1905              	.LVL126:
 1906              	.L137:
 854:Drivers/STM32F1xx_HAL_Driver/Src/stm32f1xx_hal_tim_ex.c **** }
 1907              		.loc 1 854 3 is_stmt 1 view .LVU578
 855:Drivers/STM32F1xx_HAL_Driver/Src/stm32f1xx_hal_tim_ex.c **** 
ARM GAS  /tmp/ccr982nq.s 			page 85


 1908              		.loc 1 855 1 is_stmt 0 view .LVU579
 1909 0080 38BD     		pop	{r3, r4, r5, pc}
 1910              	.LVL127:
 1911              	.L135:
 815:Drivers/STM32F1xx_HAL_Driver/Src/stm32f1xx_hal_tim_ex.c ****       break;
 1912              		.loc 1 815 7 is_stmt 1 view .LVU580
 1913 0082 0268     		ldr	r2, [r0]
 1914 0084 D368     		ldr	r3, [r2, #12]
 1915 0086 23F00403 		bic	r3, r3, #4
 1916 008a D360     		str	r3, [r2, #12]
 816:Drivers/STM32F1xx_HAL_Driver/Src/stm32f1xx_hal_tim_ex.c ****     }
 1917              		.loc 1 816 7 view .LVU581
 831:Drivers/STM32F1xx_HAL_Driver/Src/stm32f1xx_hal_tim_ex.c ****   {
 1918              		.loc 1 831 3 view .LVU582
 1919 008c C6E7     		b	.L138
 1920              	.L136:
 822:Drivers/STM32F1xx_HAL_Driver/Src/stm32f1xx_hal_tim_ex.c ****       break;
 1921              		.loc 1 822 7 view .LVU583
 1922 008e 0268     		ldr	r2, [r0]
 1923 0090 D368     		ldr	r3, [r2, #12]
 1924 0092 23F00803 		bic	r3, r3, #8
 1925 0096 D360     		str	r3, [r2, #12]
 823:Drivers/STM32F1xx_HAL_Driver/Src/stm32f1xx_hal_tim_ex.c ****     }
 1926              		.loc 1 823 7 view .LVU584
 831:Drivers/STM32F1xx_HAL_Driver/Src/stm32f1xx_hal_tim_ex.c ****   {
 1927              		.loc 1 831 3 view .LVU585
 1928 0098 C0E7     		b	.L138
 1929              	.LVL128:
 1930              	.L142:
 850:Drivers/STM32F1xx_HAL_Driver/Src/stm32f1xx_hal_tim_ex.c ****   }
 1931              		.loc 1 850 5 is_stmt 0 discriminator 2 view .LVU586
 1932 009a 042D     		cmp	r5, #4
 1933 009c 06D0     		beq	.L147
 850:Drivers/STM32F1xx_HAL_Driver/Src/stm32f1xx_hal_tim_ex.c ****   }
 1934              		.loc 1 850 5 discriminator 4 view .LVU587
 1935 009e 082D     		cmp	r5, #8
 1936 00a0 09D0     		beq	.L148
 850:Drivers/STM32F1xx_HAL_Driver/Src/stm32f1xx_hal_tim_ex.c ****   }
 1937              		.loc 1 850 5 discriminator 7 view .LVU588
 1938 00a2 0123     		movs	r3, #1
 1939 00a4 84F84530 		strb	r3, [r4, #69]
 1940 00a8 0020     		movs	r0, #0
 1941 00aa E9E7     		b	.L137
 1942              	.L147:
 850:Drivers/STM32F1xx_HAL_Driver/Src/stm32f1xx_hal_tim_ex.c ****   }
 1943              		.loc 1 850 5 discriminator 3 view .LVU589
 1944 00ac 0123     		movs	r3, #1
 1945 00ae 84F84330 		strb	r3, [r4, #67]
 1946 00b2 0020     		movs	r0, #0
 1947 00b4 E4E7     		b	.L137
 1948              	.L148:
 850:Drivers/STM32F1xx_HAL_Driver/Src/stm32f1xx_hal_tim_ex.c ****   }
 1949              		.loc 1 850 5 discriminator 6 view .LVU590
 1950 00b6 0123     		movs	r3, #1
 1951 00b8 84F84430 		strb	r3, [r4, #68]
 1952 00bc 0020     		movs	r0, #0
 1953 00be DFE7     		b	.L137
ARM GAS  /tmp/ccr982nq.s 			page 86


 1954              	.LVL129:
 1955              	.L145:
 803:Drivers/STM32F1xx_HAL_Driver/Src/stm32f1xx_hal_tim_ex.c ****   {
 1956              		.loc 1 803 3 view .LVU591
 1957 00c0 0120     		movs	r0, #1
 1958              	.LVL130:
 803:Drivers/STM32F1xx_HAL_Driver/Src/stm32f1xx_hal_tim_ex.c ****   {
 1959              		.loc 1 803 3 view .LVU592
 1960 00c2 DDE7     		b	.L137
 1961              		.cfi_endproc
 1962              	.LFE78:
 1964              		.section	.text.HAL_TIMEx_OCN_Start_DMA,"ax",%progbits
 1965              		.align	1
 1966              		.global	HAL_TIMEx_OCN_Start_DMA
 1967              		.syntax unified
 1968              		.thumb
 1969              		.thumb_func
 1971              	HAL_TIMEx_OCN_Start_DMA:
 1972              	.LVL131:
 1973              	.LFB79:
 872:Drivers/STM32F1xx_HAL_Driver/Src/stm32f1xx_hal_tim_ex.c ****   HAL_StatusTypeDef status = HAL_OK;
 1974              		.loc 1 872 1 is_stmt 1 view -0
 1975              		.cfi_startproc
 1976              		@ args = 0, pretend = 0, frame = 0
 1977              		@ frame_needed = 0, uses_anonymous_args = 0
 872:Drivers/STM32F1xx_HAL_Driver/Src/stm32f1xx_hal_tim_ex.c ****   HAL_StatusTypeDef status = HAL_OK;
 1978              		.loc 1 872 1 is_stmt 0 view .LVU594
 1979 0000 70B5     		push	{r4, r5, r6, lr}
 1980              		.cfi_def_cfa_offset 16
 1981              		.cfi_offset 4, -16
 1982              		.cfi_offset 5, -12
 1983              		.cfi_offset 6, -8
 1984              		.cfi_offset 14, -4
 1985 0002 0446     		mov	r4, r0
 1986 0004 1646     		mov	r6, r2
 873:Drivers/STM32F1xx_HAL_Driver/Src/stm32f1xx_hal_tim_ex.c ****   uint32_t tmpsmcr;
 1987              		.loc 1 873 3 is_stmt 1 view .LVU595
 1988              	.LVL132:
 874:Drivers/STM32F1xx_HAL_Driver/Src/stm32f1xx_hal_tim_ex.c **** 
 1989              		.loc 1 874 3 view .LVU596
 877:Drivers/STM32F1xx_HAL_Driver/Src/stm32f1xx_hal_tim_ex.c **** 
 1990              		.loc 1 877 3 view .LVU597
 880:Drivers/STM32F1xx_HAL_Driver/Src/stm32f1xx_hal_tim_ex.c ****   {
 1991              		.loc 1 880 3 view .LVU598
 880:Drivers/STM32F1xx_HAL_Driver/Src/stm32f1xx_hal_tim_ex.c ****   {
 1992              		.loc 1 880 46 is_stmt 0 view .LVU599
 1993 0006 0D46     		mov	r5, r1
 1994 0008 0029     		cmp	r1, #0
 1995 000a 56D1     		bne	.L150
 880:Drivers/STM32F1xx_HAL_Driver/Src/stm32f1xx_hal_tim_ex.c ****   {
 1996              		.loc 1 880 7 discriminator 1 view .LVU600
 1997 000c 90F84200 		ldrb	r0, [r0, #66]	@ zero_extendqisi2
 1998              	.LVL133:
 880:Drivers/STM32F1xx_HAL_Driver/Src/stm32f1xx_hal_tim_ex.c ****   {
 1999              		.loc 1 880 46 discriminator 1 view .LVU601
 2000 0010 0228     		cmp	r0, #2
 2001 0012 14BF     		ite	ne
ARM GAS  /tmp/ccr982nq.s 			page 87


 2002 0014 0020     		movne	r0, #0
 2003 0016 0120     		moveq	r0, #1
 2004              	.L151:
 880:Drivers/STM32F1xx_HAL_Driver/Src/stm32f1xx_hal_tim_ex.c ****   {
 2005              		.loc 1 880 6 discriminator 12 view .LVU602
 2006 0018 0028     		cmp	r0, #0
 2007 001a 40F0CD80 		bne	.L168
 884:Drivers/STM32F1xx_HAL_Driver/Src/stm32f1xx_hal_tim_ex.c ****   {
 2008              		.loc 1 884 8 is_stmt 1 view .LVU603
 884:Drivers/STM32F1xx_HAL_Driver/Src/stm32f1xx_hal_tim_ex.c ****   {
 2009              		.loc 1 884 51 is_stmt 0 view .LVU604
 2010 001e 002D     		cmp	r5, #0
 2011 0020 64D1     		bne	.L155
 884:Drivers/STM32F1xx_HAL_Driver/Src/stm32f1xx_hal_tim_ex.c ****   {
 2012              		.loc 1 884 12 discriminator 1 view .LVU605
 2013 0022 94F84220 		ldrb	r2, [r4, #66]	@ zero_extendqisi2
 2014              	.LVL134:
 884:Drivers/STM32F1xx_HAL_Driver/Src/stm32f1xx_hal_tim_ex.c ****   {
 2015              		.loc 1 884 51 discriminator 1 view .LVU606
 2016 0026 012A     		cmp	r2, #1
 2017 0028 14BF     		ite	ne
 2018 002a 0022     		movne	r2, #0
 2019 002c 0122     		moveq	r2, #1
 2020              	.L156:
 884:Drivers/STM32F1xx_HAL_Driver/Src/stm32f1xx_hal_tim_ex.c ****   {
 2021              		.loc 1 884 11 discriminator 12 view .LVU607
 2022 002e 002A     		cmp	r2, #0
 2023 0030 00F0C480 		beq	.L169
 886:Drivers/STM32F1xx_HAL_Driver/Src/stm32f1xx_hal_tim_ex.c ****     {
 2024              		.loc 1 886 5 is_stmt 1 view .LVU608
 886:Drivers/STM32F1xx_HAL_Driver/Src/stm32f1xx_hal_tim_ex.c ****     {
 2025              		.loc 1 886 8 is_stmt 0 view .LVU609
 2026 0034 002E     		cmp	r6, #0
 2027 0036 00F0C380 		beq	.L170
 886:Drivers/STM32F1xx_HAL_Driver/Src/stm32f1xx_hal_tim_ex.c ****     {
 2028              		.loc 1 886 25 discriminator 1 view .LVU610
 2029 003a 002B     		cmp	r3, #0
 2030 003c 00F0C280 		beq	.L171
 892:Drivers/STM32F1xx_HAL_Driver/Src/stm32f1xx_hal_tim_ex.c ****     }
 2031              		.loc 1 892 7 is_stmt 1 view .LVU611
 2032 0040 002D     		cmp	r5, #0
 2033 0042 6CD1     		bne	.L159
 892:Drivers/STM32F1xx_HAL_Driver/Src/stm32f1xx_hal_tim_ex.c ****     }
 2034              		.loc 1 892 7 is_stmt 0 discriminator 1 view .LVU612
 2035 0044 0222     		movs	r2, #2
 2036 0046 84F84220 		strb	r2, [r4, #66]
 900:Drivers/STM32F1xx_HAL_Driver/Src/stm32f1xx_hal_tim_ex.c ****   {
 2037              		.loc 1 900 3 is_stmt 1 view .LVU613
 2038              	.L160:
 905:Drivers/STM32F1xx_HAL_Driver/Src/stm32f1xx_hal_tim_ex.c ****       htim->hdma[TIM_DMA_ID_CC1]->XferHalfCpltCallback = TIM_DMADelayPulseHalfCplt;
 2039              		.loc 1 905 7 view .LVU614
 905:Drivers/STM32F1xx_HAL_Driver/Src/stm32f1xx_hal_tim_ex.c ****       htim->hdma[TIM_DMA_ID_CC1]->XferHalfCpltCallback = TIM_DMADelayPulseHalfCplt;
 2040              		.loc 1 905 17 is_stmt 0 view .LVU615
 2041 004a 626A     		ldr	r2, [r4, #36]
 905:Drivers/STM32F1xx_HAL_Driver/Src/stm32f1xx_hal_tim_ex.c ****       htim->hdma[TIM_DMA_ID_CC1]->XferHalfCpltCallback = TIM_DMADelayPulseHalfCplt;
 2042              		.loc 1 905 52 view .LVU616
 2043 004c 6249     		ldr	r1, .L184
ARM GAS  /tmp/ccr982nq.s 			page 88


 2044              	.LVL135:
 905:Drivers/STM32F1xx_HAL_Driver/Src/stm32f1xx_hal_tim_ex.c ****       htim->hdma[TIM_DMA_ID_CC1]->XferHalfCpltCallback = TIM_DMADelayPulseHalfCplt;
 2045              		.loc 1 905 52 view .LVU617
 2046 004e 9162     		str	r1, [r2, #40]
 906:Drivers/STM32F1xx_HAL_Driver/Src/stm32f1xx_hal_tim_ex.c **** 
 2047              		.loc 1 906 7 is_stmt 1 view .LVU618
 906:Drivers/STM32F1xx_HAL_Driver/Src/stm32f1xx_hal_tim_ex.c **** 
 2048              		.loc 1 906 17 is_stmt 0 view .LVU619
 2049 0050 626A     		ldr	r2, [r4, #36]
 906:Drivers/STM32F1xx_HAL_Driver/Src/stm32f1xx_hal_tim_ex.c **** 
 2050              		.loc 1 906 56 view .LVU620
 2051 0052 6249     		ldr	r1, .L184+4
 2052 0054 D162     		str	r1, [r2, #44]
 909:Drivers/STM32F1xx_HAL_Driver/Src/stm32f1xx_hal_tim_ex.c **** 
 2053              		.loc 1 909 7 is_stmt 1 view .LVU621
 909:Drivers/STM32F1xx_HAL_Driver/Src/stm32f1xx_hal_tim_ex.c **** 
 2054              		.loc 1 909 17 is_stmt 0 view .LVU622
 2055 0056 626A     		ldr	r2, [r4, #36]
 909:Drivers/STM32F1xx_HAL_Driver/Src/stm32f1xx_hal_tim_ex.c **** 
 2056              		.loc 1 909 53 view .LVU623
 2057 0058 6149     		ldr	r1, .L184+8
 2058 005a 1163     		str	r1, [r2, #48]
 912:Drivers/STM32F1xx_HAL_Driver/Src/stm32f1xx_hal_tim_ex.c ****                            Length) != HAL_OK)
 2059              		.loc 1 912 7 is_stmt 1 view .LVU624
 912:Drivers/STM32F1xx_HAL_Driver/Src/stm32f1xx_hal_tim_ex.c ****                            Length) != HAL_OK)
 2060              		.loc 1 912 88 is_stmt 0 view .LVU625
 2061 005c 2268     		ldr	r2, [r4]
 912:Drivers/STM32F1xx_HAL_Driver/Src/stm32f1xx_hal_tim_ex.c ****                            Length) != HAL_OK)
 2062              		.loc 1 912 11 view .LVU626
 2063 005e 3432     		adds	r2, r2, #52
 2064 0060 3146     		mov	r1, r6
 2065 0062 606A     		ldr	r0, [r4, #36]
 2066 0064 FFF7FEFF 		bl	HAL_DMA_Start_IT
 2067              	.LVL136:
 912:Drivers/STM32F1xx_HAL_Driver/Src/stm32f1xx_hal_tim_ex.c ****                            Length) != HAL_OK)
 2068              		.loc 1 912 10 discriminator 1 view .LVU627
 2069 0068 0028     		cmp	r0, #0
 2070 006a 40F0AD80 		bne	.L173
 919:Drivers/STM32F1xx_HAL_Driver/Src/stm32f1xx_hal_tim_ex.c ****       break;
 2071              		.loc 1 919 7 is_stmt 1 view .LVU628
 2072 006e 2268     		ldr	r2, [r4]
 2073 0070 D368     		ldr	r3, [r2, #12]
 2074 0072 43F40073 		orr	r3, r3, #512
 2075 0076 D360     		str	r3, [r2, #12]
 920:Drivers/STM32F1xx_HAL_Driver/Src/stm32f1xx_hal_tim_ex.c ****     }
 2076              		.loc 1 920 7 view .LVU629
 970:Drivers/STM32F1xx_HAL_Driver/Src/stm32f1xx_hal_tim_ex.c ****   {
 2077              		.loc 1 970 3 view .LVU630
 2078              	.L165:
 973:Drivers/STM32F1xx_HAL_Driver/Src/stm32f1xx_hal_tim_ex.c **** 
 2079              		.loc 1 973 5 view .LVU631
 2080 0078 0422     		movs	r2, #4
 2081 007a 2946     		mov	r1, r5
 2082 007c 2068     		ldr	r0, [r4]
 2083 007e FFF7FEFF 		bl	TIM_CCxNChannelCmd
 2084              	.LVL137:
 976:Drivers/STM32F1xx_HAL_Driver/Src/stm32f1xx_hal_tim_ex.c **** 
ARM GAS  /tmp/ccr982nq.s 			page 89


 2085              		.loc 1 976 5 view .LVU632
 2086 0082 2268     		ldr	r2, [r4]
 2087 0084 536C     		ldr	r3, [r2, #68]
 2088 0086 43F40043 		orr	r3, r3, #32768
 2089 008a 5364     		str	r3, [r2, #68]
 979:Drivers/STM32F1xx_HAL_Driver/Src/stm32f1xx_hal_tim_ex.c ****     {
 2090              		.loc 1 979 5 view .LVU633
 979:Drivers/STM32F1xx_HAL_Driver/Src/stm32f1xx_hal_tim_ex.c ****     {
 2091              		.loc 1 979 9 is_stmt 0 view .LVU634
 2092 008c 2368     		ldr	r3, [r4]
 979:Drivers/STM32F1xx_HAL_Driver/Src/stm32f1xx_hal_tim_ex.c ****     {
 2093              		.loc 1 979 8 view .LVU635
 2094 008e 554A     		ldr	r2, .L184+12
 2095 0090 9342     		cmp	r3, r2
 2096 0092 00F08680 		beq	.L166
 979:Drivers/STM32F1xx_HAL_Driver/Src/stm32f1xx_hal_tim_ex.c ****     {
 2097              		.loc 1 979 9 discriminator 1 view .LVU636
 2098 0096 B3F1804F 		cmp	r3, #1073741824
 2099 009a 00F08280 		beq	.L166
 979:Drivers/STM32F1xx_HAL_Driver/Src/stm32f1xx_hal_tim_ex.c ****     {
 2100              		.loc 1 979 9 discriminator 2 view .LVU637
 2101 009e A2F59432 		sub	r2, r2, #75776
 2102 00a2 9342     		cmp	r3, r2
 2103 00a4 7DD0     		beq	.L166
 979:Drivers/STM32F1xx_HAL_Driver/Src/stm32f1xx_hal_tim_ex.c ****     {
 2104              		.loc 1 979 9 discriminator 3 view .LVU638
 2105 00a6 02F58062 		add	r2, r2, #1024
 2106 00aa 9342     		cmp	r3, r2
 2107 00ac 79D0     		beq	.L166
 989:Drivers/STM32F1xx_HAL_Driver/Src/stm32f1xx_hal_tim_ex.c ****     }
 2108              		.loc 1 989 7 is_stmt 1 view .LVU639
 2109 00ae 1A68     		ldr	r2, [r3]
 2110 00b0 42F00102 		orr	r2, r2, #1
 2111 00b4 1A60     		str	r2, [r3]
 2112 00b6 0020     		movs	r0, #0
 2113 00b8 81E0     		b	.L154
 2114              	.LVL138:
 2115              	.L150:
 880:Drivers/STM32F1xx_HAL_Driver/Src/stm32f1xx_hal_tim_ex.c ****   {
 2116              		.loc 1 880 46 is_stmt 0 discriminator 2 view .LVU640
 2117 00ba 0429     		cmp	r1, #4
 2118 00bc 08D0     		beq	.L178
 880:Drivers/STM32F1xx_HAL_Driver/Src/stm32f1xx_hal_tim_ex.c ****   {
 2119              		.loc 1 880 46 discriminator 5 view .LVU641
 2120 00be 0829     		cmp	r1, #8
 2121 00c0 0DD0     		beq	.L179
 880:Drivers/STM32F1xx_HAL_Driver/Src/stm32f1xx_hal_tim_ex.c ****   {
 2122              		.loc 1 880 7 discriminator 8 view .LVU642
 2123 00c2 90F84500 		ldrb	r0, [r0, #69]	@ zero_extendqisi2
 2124              	.LVL139:
 880:Drivers/STM32F1xx_HAL_Driver/Src/stm32f1xx_hal_tim_ex.c ****   {
 2125              		.loc 1 880 46 discriminator 8 view .LVU643
 2126 00c6 0228     		cmp	r0, #2
 2127 00c8 14BF     		ite	ne
 2128 00ca 0020     		movne	r0, #0
 2129 00cc 0120     		moveq	r0, #1
 2130 00ce A3E7     		b	.L151
ARM GAS  /tmp/ccr982nq.s 			page 90


 2131              	.LVL140:
 2132              	.L178:
 880:Drivers/STM32F1xx_HAL_Driver/Src/stm32f1xx_hal_tim_ex.c ****   {
 2133              		.loc 1 880 7 discriminator 4 view .LVU644
 2134 00d0 90F84300 		ldrb	r0, [r0, #67]	@ zero_extendqisi2
 2135              	.LVL141:
 880:Drivers/STM32F1xx_HAL_Driver/Src/stm32f1xx_hal_tim_ex.c ****   {
 2136              		.loc 1 880 46 discriminator 4 view .LVU645
 2137 00d4 0228     		cmp	r0, #2
 2138 00d6 14BF     		ite	ne
 2139 00d8 0020     		movne	r0, #0
 2140 00da 0120     		moveq	r0, #1
 2141 00dc 9CE7     		b	.L151
 2142              	.LVL142:
 2143              	.L179:
 880:Drivers/STM32F1xx_HAL_Driver/Src/stm32f1xx_hal_tim_ex.c ****   {
 2144              		.loc 1 880 7 discriminator 7 view .LVU646
 2145 00de 90F84400 		ldrb	r0, [r0, #68]	@ zero_extendqisi2
 2146              	.LVL143:
 880:Drivers/STM32F1xx_HAL_Driver/Src/stm32f1xx_hal_tim_ex.c ****   {
 2147              		.loc 1 880 46 discriminator 7 view .LVU647
 2148 00e2 0228     		cmp	r0, #2
 2149 00e4 14BF     		ite	ne
 2150 00e6 0020     		movne	r0, #0
 2151 00e8 0120     		moveq	r0, #1
 2152 00ea 95E7     		b	.L151
 2153              	.L155:
 884:Drivers/STM32F1xx_HAL_Driver/Src/stm32f1xx_hal_tim_ex.c ****   {
 2154              		.loc 1 884 51 discriminator 2 view .LVU648
 2155 00ec 042D     		cmp	r5, #4
 2156 00ee 08D0     		beq	.L180
 884:Drivers/STM32F1xx_HAL_Driver/Src/stm32f1xx_hal_tim_ex.c ****   {
 2157              		.loc 1 884 51 discriminator 5 view .LVU649
 2158 00f0 082D     		cmp	r5, #8
 2159 00f2 0DD0     		beq	.L181
 884:Drivers/STM32F1xx_HAL_Driver/Src/stm32f1xx_hal_tim_ex.c ****   {
 2160              		.loc 1 884 12 discriminator 8 view .LVU650
 2161 00f4 94F84520 		ldrb	r2, [r4, #69]	@ zero_extendqisi2
 2162              	.LVL144:
 884:Drivers/STM32F1xx_HAL_Driver/Src/stm32f1xx_hal_tim_ex.c ****   {
 2163              		.loc 1 884 51 discriminator 8 view .LVU651
 2164 00f8 012A     		cmp	r2, #1
 2165 00fa 14BF     		ite	ne
 2166 00fc 0022     		movne	r2, #0
 2167 00fe 0122     		moveq	r2, #1
 2168 0100 95E7     		b	.L156
 2169              	.LVL145:
 2170              	.L180:
 884:Drivers/STM32F1xx_HAL_Driver/Src/stm32f1xx_hal_tim_ex.c ****   {
 2171              		.loc 1 884 12 discriminator 4 view .LVU652
 2172 0102 94F84320 		ldrb	r2, [r4, #67]	@ zero_extendqisi2
 2173              	.LVL146:
 884:Drivers/STM32F1xx_HAL_Driver/Src/stm32f1xx_hal_tim_ex.c ****   {
 2174              		.loc 1 884 51 discriminator 4 view .LVU653
 2175 0106 012A     		cmp	r2, #1
 2176 0108 14BF     		ite	ne
 2177 010a 0022     		movne	r2, #0
ARM GAS  /tmp/ccr982nq.s 			page 91


 2178 010c 0122     		moveq	r2, #1
 2179 010e 8EE7     		b	.L156
 2180              	.LVL147:
 2181              	.L181:
 884:Drivers/STM32F1xx_HAL_Driver/Src/stm32f1xx_hal_tim_ex.c ****   {
 2182              		.loc 1 884 12 discriminator 7 view .LVU654
 2183 0110 94F84420 		ldrb	r2, [r4, #68]	@ zero_extendqisi2
 2184              	.LVL148:
 884:Drivers/STM32F1xx_HAL_Driver/Src/stm32f1xx_hal_tim_ex.c ****   {
 2185              		.loc 1 884 51 discriminator 7 view .LVU655
 2186 0114 012A     		cmp	r2, #1
 2187 0116 14BF     		ite	ne
 2188 0118 0022     		movne	r2, #0
 2189 011a 0122     		moveq	r2, #1
 2190 011c 87E7     		b	.L156
 2191              	.L159:
 892:Drivers/STM32F1xx_HAL_Driver/Src/stm32f1xx_hal_tim_ex.c ****     }
 2192              		.loc 1 892 7 discriminator 2 view .LVU656
 2193 011e 042D     		cmp	r5, #4
 2194 0120 0CD0     		beq	.L182
 892:Drivers/STM32F1xx_HAL_Driver/Src/stm32f1xx_hal_tim_ex.c ****     }
 2195              		.loc 1 892 7 discriminator 4 view .LVU657
 2196 0122 082D     		cmp	r5, #8
 2197 0124 24D0     		beq	.L183
 892:Drivers/STM32F1xx_HAL_Driver/Src/stm32f1xx_hal_tim_ex.c ****     }
 2198              		.loc 1 892 7 discriminator 7 view .LVU658
 2199 0126 0222     		movs	r2, #2
 2200 0128 84F84520 		strb	r2, [r4, #69]
 900:Drivers/STM32F1xx_HAL_Driver/Src/stm32f1xx_hal_tim_ex.c ****   {
 2201              		.loc 1 900 3 is_stmt 1 view .LVU659
 2202 012c 042D     		cmp	r5, #4
 2203 012e 08D0     		beq	.L162
 2204 0130 082D     		cmp	r5, #8
 2205 0132 20D0     		beq	.L164
 2206 0134 002D     		cmp	r5, #0
 2207 0136 88D0     		beq	.L160
 2208 0138 0120     		movs	r0, #1
 2209 013a 40E0     		b	.L154
 2210              	.L182:
 892:Drivers/STM32F1xx_HAL_Driver/Src/stm32f1xx_hal_tim_ex.c ****     }
 2211              		.loc 1 892 7 is_stmt 0 discriminator 3 view .LVU660
 2212 013c 0222     		movs	r2, #2
 2213 013e 84F84320 		strb	r2, [r4, #67]
 900:Drivers/STM32F1xx_HAL_Driver/Src/stm32f1xx_hal_tim_ex.c ****   {
 2214              		.loc 1 900 3 is_stmt 1 view .LVU661
 2215              	.L162:
 926:Drivers/STM32F1xx_HAL_Driver/Src/stm32f1xx_hal_tim_ex.c ****       htim->hdma[TIM_DMA_ID_CC2]->XferHalfCpltCallback = TIM_DMADelayPulseHalfCplt;
 2216              		.loc 1 926 7 view .LVU662
 926:Drivers/STM32F1xx_HAL_Driver/Src/stm32f1xx_hal_tim_ex.c ****       htim->hdma[TIM_DMA_ID_CC2]->XferHalfCpltCallback = TIM_DMADelayPulseHalfCplt;
 2217              		.loc 1 926 17 is_stmt 0 view .LVU663
 2218 0142 A26A     		ldr	r2, [r4, #40]
 926:Drivers/STM32F1xx_HAL_Driver/Src/stm32f1xx_hal_tim_ex.c ****       htim->hdma[TIM_DMA_ID_CC2]->XferHalfCpltCallback = TIM_DMADelayPulseHalfCplt;
 2219              		.loc 1 926 52 view .LVU664
 2220 0144 2449     		ldr	r1, .L184
 2221              	.LVL149:
 926:Drivers/STM32F1xx_HAL_Driver/Src/stm32f1xx_hal_tim_ex.c ****       htim->hdma[TIM_DMA_ID_CC2]->XferHalfCpltCallback = TIM_DMADelayPulseHalfCplt;
 2222              		.loc 1 926 52 view .LVU665
ARM GAS  /tmp/ccr982nq.s 			page 92


 2223 0146 9162     		str	r1, [r2, #40]
 927:Drivers/STM32F1xx_HAL_Driver/Src/stm32f1xx_hal_tim_ex.c **** 
 2224              		.loc 1 927 7 is_stmt 1 view .LVU666
 927:Drivers/STM32F1xx_HAL_Driver/Src/stm32f1xx_hal_tim_ex.c **** 
 2225              		.loc 1 927 17 is_stmt 0 view .LVU667
 2226 0148 A26A     		ldr	r2, [r4, #40]
 927:Drivers/STM32F1xx_HAL_Driver/Src/stm32f1xx_hal_tim_ex.c **** 
 2227              		.loc 1 927 56 view .LVU668
 2228 014a 2449     		ldr	r1, .L184+4
 2229 014c D162     		str	r1, [r2, #44]
 930:Drivers/STM32F1xx_HAL_Driver/Src/stm32f1xx_hal_tim_ex.c **** 
 2230              		.loc 1 930 7 is_stmt 1 view .LVU669
 930:Drivers/STM32F1xx_HAL_Driver/Src/stm32f1xx_hal_tim_ex.c **** 
 2231              		.loc 1 930 17 is_stmt 0 view .LVU670
 2232 014e A26A     		ldr	r2, [r4, #40]
 930:Drivers/STM32F1xx_HAL_Driver/Src/stm32f1xx_hal_tim_ex.c **** 
 2233              		.loc 1 930 53 view .LVU671
 2234 0150 2349     		ldr	r1, .L184+8
 2235 0152 1163     		str	r1, [r2, #48]
 933:Drivers/STM32F1xx_HAL_Driver/Src/stm32f1xx_hal_tim_ex.c ****                            Length) != HAL_OK)
 2236              		.loc 1 933 7 is_stmt 1 view .LVU672
 933:Drivers/STM32F1xx_HAL_Driver/Src/stm32f1xx_hal_tim_ex.c ****                            Length) != HAL_OK)
 2237              		.loc 1 933 88 is_stmt 0 view .LVU673
 2238 0154 2268     		ldr	r2, [r4]
 933:Drivers/STM32F1xx_HAL_Driver/Src/stm32f1xx_hal_tim_ex.c ****                            Length) != HAL_OK)
 2239              		.loc 1 933 11 view .LVU674
 2240 0156 3832     		adds	r2, r2, #56
 2241 0158 3146     		mov	r1, r6
 2242 015a A06A     		ldr	r0, [r4, #40]
 2243 015c FFF7FEFF 		bl	HAL_DMA_Start_IT
 2244              	.LVL150:
 933:Drivers/STM32F1xx_HAL_Driver/Src/stm32f1xx_hal_tim_ex.c ****                            Length) != HAL_OK)
 2245              		.loc 1 933 10 discriminator 1 view .LVU675
 2246 0160 0028     		cmp	r0, #0
 2247 0162 33D1     		bne	.L174
 940:Drivers/STM32F1xx_HAL_Driver/Src/stm32f1xx_hal_tim_ex.c ****       break;
 2248              		.loc 1 940 7 is_stmt 1 view .LVU676
 2249 0164 2268     		ldr	r2, [r4]
 2250 0166 D368     		ldr	r3, [r2, #12]
 2251 0168 43F48063 		orr	r3, r3, #1024
 2252 016c D360     		str	r3, [r2, #12]
 941:Drivers/STM32F1xx_HAL_Driver/Src/stm32f1xx_hal_tim_ex.c ****     }
 2253              		.loc 1 941 7 view .LVU677
 970:Drivers/STM32F1xx_HAL_Driver/Src/stm32f1xx_hal_tim_ex.c ****   {
 2254              		.loc 1 970 3 view .LVU678
 2255 016e 83E7     		b	.L165
 2256              	.LVL151:
 2257              	.L183:
 892:Drivers/STM32F1xx_HAL_Driver/Src/stm32f1xx_hal_tim_ex.c ****     }
 2258              		.loc 1 892 7 is_stmt 0 discriminator 6 view .LVU679
 2259 0170 0222     		movs	r2, #2
 2260 0172 84F84420 		strb	r2, [r4, #68]
 900:Drivers/STM32F1xx_HAL_Driver/Src/stm32f1xx_hal_tim_ex.c ****   {
 2261              		.loc 1 900 3 is_stmt 1 view .LVU680
 2262              	.L164:
 947:Drivers/STM32F1xx_HAL_Driver/Src/stm32f1xx_hal_tim_ex.c ****       htim->hdma[TIM_DMA_ID_CC3]->XferHalfCpltCallback = TIM_DMADelayPulseHalfCplt;
 2263              		.loc 1 947 7 view .LVU681
ARM GAS  /tmp/ccr982nq.s 			page 93


 947:Drivers/STM32F1xx_HAL_Driver/Src/stm32f1xx_hal_tim_ex.c ****       htim->hdma[TIM_DMA_ID_CC3]->XferHalfCpltCallback = TIM_DMADelayPulseHalfCplt;
 2264              		.loc 1 947 17 is_stmt 0 view .LVU682
 2265 0176 E26A     		ldr	r2, [r4, #44]
 947:Drivers/STM32F1xx_HAL_Driver/Src/stm32f1xx_hal_tim_ex.c ****       htim->hdma[TIM_DMA_ID_CC3]->XferHalfCpltCallback = TIM_DMADelayPulseHalfCplt;
 2266              		.loc 1 947 52 view .LVU683
 2267 0178 1749     		ldr	r1, .L184
 2268              	.LVL152:
 947:Drivers/STM32F1xx_HAL_Driver/Src/stm32f1xx_hal_tim_ex.c ****       htim->hdma[TIM_DMA_ID_CC3]->XferHalfCpltCallback = TIM_DMADelayPulseHalfCplt;
 2269              		.loc 1 947 52 view .LVU684
 2270 017a 9162     		str	r1, [r2, #40]
 948:Drivers/STM32F1xx_HAL_Driver/Src/stm32f1xx_hal_tim_ex.c **** 
 2271              		.loc 1 948 7 is_stmt 1 view .LVU685
 948:Drivers/STM32F1xx_HAL_Driver/Src/stm32f1xx_hal_tim_ex.c **** 
 2272              		.loc 1 948 17 is_stmt 0 view .LVU686
 2273 017c E26A     		ldr	r2, [r4, #44]
 948:Drivers/STM32F1xx_HAL_Driver/Src/stm32f1xx_hal_tim_ex.c **** 
 2274              		.loc 1 948 56 view .LVU687
 2275 017e 1749     		ldr	r1, .L184+4
 2276 0180 D162     		str	r1, [r2, #44]
 951:Drivers/STM32F1xx_HAL_Driver/Src/stm32f1xx_hal_tim_ex.c **** 
 2277              		.loc 1 951 7 is_stmt 1 view .LVU688
 951:Drivers/STM32F1xx_HAL_Driver/Src/stm32f1xx_hal_tim_ex.c **** 
 2278              		.loc 1 951 17 is_stmt 0 view .LVU689
 2279 0182 E26A     		ldr	r2, [r4, #44]
 951:Drivers/STM32F1xx_HAL_Driver/Src/stm32f1xx_hal_tim_ex.c **** 
 2280              		.loc 1 951 53 view .LVU690
 2281 0184 1649     		ldr	r1, .L184+8
 2282 0186 1163     		str	r1, [r2, #48]
 954:Drivers/STM32F1xx_HAL_Driver/Src/stm32f1xx_hal_tim_ex.c ****                            Length) != HAL_OK)
 2283              		.loc 1 954 7 is_stmt 1 view .LVU691
 954:Drivers/STM32F1xx_HAL_Driver/Src/stm32f1xx_hal_tim_ex.c ****                            Length) != HAL_OK)
 2284              		.loc 1 954 88 is_stmt 0 view .LVU692
 2285 0188 2268     		ldr	r2, [r4]
 954:Drivers/STM32F1xx_HAL_Driver/Src/stm32f1xx_hal_tim_ex.c ****                            Length) != HAL_OK)
 2286              		.loc 1 954 11 view .LVU693
 2287 018a 3C32     		adds	r2, r2, #60
 2288 018c 3146     		mov	r1, r6
 2289 018e E06A     		ldr	r0, [r4, #44]
 2290 0190 FFF7FEFF 		bl	HAL_DMA_Start_IT
 2291              	.LVL153:
 954:Drivers/STM32F1xx_HAL_Driver/Src/stm32f1xx_hal_tim_ex.c ****                            Length) != HAL_OK)
 2292              		.loc 1 954 10 discriminator 1 view .LVU694
 2293 0194 E0B9     		cbnz	r0, .L175
 961:Drivers/STM32F1xx_HAL_Driver/Src/stm32f1xx_hal_tim_ex.c ****       break;
 2294              		.loc 1 961 7 is_stmt 1 view .LVU695
 2295 0196 2268     		ldr	r2, [r4]
 2296 0198 D368     		ldr	r3, [r2, #12]
 2297 019a 43F40063 		orr	r3, r3, #2048
 2298 019e D360     		str	r3, [r2, #12]
 962:Drivers/STM32F1xx_HAL_Driver/Src/stm32f1xx_hal_tim_ex.c ****     }
 2299              		.loc 1 962 7 view .LVU696
 970:Drivers/STM32F1xx_HAL_Driver/Src/stm32f1xx_hal_tim_ex.c ****   {
 2300              		.loc 1 970 3 view .LVU697
 2301 01a0 6AE7     		b	.L165
 2302              	.L166:
 981:Drivers/STM32F1xx_HAL_Driver/Src/stm32f1xx_hal_tim_ex.c ****       if (!IS_TIM_SLAVEMODE_TRIGGER_ENABLED(tmpsmcr))
 2303              		.loc 1 981 7 view .LVU698
ARM GAS  /tmp/ccr982nq.s 			page 94


 981:Drivers/STM32F1xx_HAL_Driver/Src/stm32f1xx_hal_tim_ex.c ****       if (!IS_TIM_SLAVEMODE_TRIGGER_ENABLED(tmpsmcr))
 2304              		.loc 1 981 31 is_stmt 0 view .LVU699
 2305 01a2 9A68     		ldr	r2, [r3, #8]
 981:Drivers/STM32F1xx_HAL_Driver/Src/stm32f1xx_hal_tim_ex.c ****       if (!IS_TIM_SLAVEMODE_TRIGGER_ENABLED(tmpsmcr))
 2306              		.loc 1 981 15 view .LVU700
 2307 01a4 02F00702 		and	r2, r2, #7
 2308              	.LVL154:
 982:Drivers/STM32F1xx_HAL_Driver/Src/stm32f1xx_hal_tim_ex.c ****       {
 2309              		.loc 1 982 7 is_stmt 1 view .LVU701
 982:Drivers/STM32F1xx_HAL_Driver/Src/stm32f1xx_hal_tim_ex.c ****       {
 2310              		.loc 1 982 10 is_stmt 0 view .LVU702
 2311 01a8 062A     		cmp	r2, #6
 2312 01aa 13D0     		beq	.L176
 984:Drivers/STM32F1xx_HAL_Driver/Src/stm32f1xx_hal_tim_ex.c ****       }
 2313              		.loc 1 984 9 is_stmt 1 view .LVU703
 2314 01ac 1A68     		ldr	r2, [r3]
 2315              	.LVL155:
 984:Drivers/STM32F1xx_HAL_Driver/Src/stm32f1xx_hal_tim_ex.c ****       }
 2316              		.loc 1 984 9 is_stmt 0 view .LVU704
 2317 01ae 42F00102 		orr	r2, r2, #1
 2318 01b2 1A60     		str	r2, [r3]
 2319 01b4 0020     		movs	r0, #0
 2320 01b6 02E0     		b	.L154
 2321              	.LVL156:
 2322              	.L168:
 882:Drivers/STM32F1xx_HAL_Driver/Src/stm32f1xx_hal_tim_ex.c ****   }
 2323              		.loc 1 882 12 view .LVU705
 2324 01b8 0220     		movs	r0, #2
 2325 01ba 00E0     		b	.L154
 2326              	.LVL157:
 2327              	.L169:
 897:Drivers/STM32F1xx_HAL_Driver/Src/stm32f1xx_hal_tim_ex.c ****   }
 2328              		.loc 1 897 12 view .LVU706
 2329 01bc 0120     		movs	r0, #1
 2330              	.LVL158:
 2331              	.L154:
 995:Drivers/STM32F1xx_HAL_Driver/Src/stm32f1xx_hal_tim_ex.c **** 
 2332              		.loc 1 995 1 view .LVU707
 2333 01be 70BD     		pop	{r4, r5, r6, pc}
 2334              	.LVL159:
 2335              	.L170:
 888:Drivers/STM32F1xx_HAL_Driver/Src/stm32f1xx_hal_tim_ex.c ****     }
 2336              		.loc 1 888 14 view .LVU708
 2337 01c0 0120     		movs	r0, #1
 2338 01c2 FCE7     		b	.L154
 2339              	.L171:
 2340 01c4 0120     		movs	r0, #1
 2341 01c6 FAE7     		b	.L154
 2342              	.LVL160:
 2343              	.L173:
 916:Drivers/STM32F1xx_HAL_Driver/Src/stm32f1xx_hal_tim_ex.c ****       }
 2344              		.loc 1 916 16 view .LVU709
 2345 01c8 0120     		movs	r0, #1
 2346 01ca F8E7     		b	.L154
 2347              	.L174:
 937:Drivers/STM32F1xx_HAL_Driver/Src/stm32f1xx_hal_tim_ex.c ****       }
 2348              		.loc 1 937 16 view .LVU710
ARM GAS  /tmp/ccr982nq.s 			page 95


 2349 01cc 0120     		movs	r0, #1
 2350 01ce F6E7     		b	.L154
 2351              	.L175:
 958:Drivers/STM32F1xx_HAL_Driver/Src/stm32f1xx_hal_tim_ex.c ****       }
 2352              		.loc 1 958 16 view .LVU711
 2353 01d0 0120     		movs	r0, #1
 2354 01d2 F4E7     		b	.L154
 2355              	.LVL161:
 2356              	.L176:
 958:Drivers/STM32F1xx_HAL_Driver/Src/stm32f1xx_hal_tim_ex.c ****       }
 2357              		.loc 1 958 16 view .LVU712
 2358 01d4 0020     		movs	r0, #0
 2359 01d6 F2E7     		b	.L154
 2360              	.L185:
 2361              		.align	2
 2362              	.L184:
 2363 01d8 00000000 		.word	TIM_DMADelayPulseNCplt
 2364 01dc 00000000 		.word	TIM_DMADelayPulseHalfCplt
 2365 01e0 00000000 		.word	TIM_DMAErrorCCxN
 2366 01e4 002C0140 		.word	1073818624
 2367              		.cfi_endproc
 2368              	.LFE79:
 2370              		.section	.text.HAL_TIMEx_OCN_Stop_DMA,"ax",%progbits
 2371              		.align	1
 2372              		.global	HAL_TIMEx_OCN_Stop_DMA
 2373              		.syntax unified
 2374              		.thumb
 2375              		.thumb_func
 2377              	HAL_TIMEx_OCN_Stop_DMA:
 2378              	.LVL162:
 2379              	.LFB80:
1009:Drivers/STM32F1xx_HAL_Driver/Src/stm32f1xx_hal_tim_ex.c ****   HAL_StatusTypeDef status = HAL_OK;
 2380              		.loc 1 1009 1 is_stmt 1 view -0
 2381              		.cfi_startproc
 2382              		@ args = 0, pretend = 0, frame = 0
 2383              		@ frame_needed = 0, uses_anonymous_args = 0
1009:Drivers/STM32F1xx_HAL_Driver/Src/stm32f1xx_hal_tim_ex.c ****   HAL_StatusTypeDef status = HAL_OK;
 2384              		.loc 1 1009 1 is_stmt 0 view .LVU714
 2385 0000 38B5     		push	{r3, r4, r5, lr}
 2386              		.cfi_def_cfa_offset 16
 2387              		.cfi_offset 3, -16
 2388              		.cfi_offset 4, -12
 2389              		.cfi_offset 5, -8
 2390              		.cfi_offset 14, -4
 2391 0002 0446     		mov	r4, r0
 2392 0004 0D46     		mov	r5, r1
1010:Drivers/STM32F1xx_HAL_Driver/Src/stm32f1xx_hal_tim_ex.c **** 
 2393              		.loc 1 1010 3 is_stmt 1 view .LVU715
 2394              	.LVL163:
1013:Drivers/STM32F1xx_HAL_Driver/Src/stm32f1xx_hal_tim_ex.c **** 
 2395              		.loc 1 1013 3 view .LVU716
1015:Drivers/STM32F1xx_HAL_Driver/Src/stm32f1xx_hal_tim_ex.c ****   {
 2396              		.loc 1 1015 3 view .LVU717
 2397 0006 0429     		cmp	r1, #4
 2398 0008 34D0     		beq	.L187
 2399 000a 0829     		cmp	r1, #8
 2400 000c 3BD0     		beq	.L188
ARM GAS  /tmp/ccr982nq.s 			page 96


 2401 000e 0029     		cmp	r1, #0
 2402 0010 55D1     		bne	.L196
1020:Drivers/STM32F1xx_HAL_Driver/Src/stm32f1xx_hal_tim_ex.c ****       (void)HAL_DMA_Abort_IT(htim->hdma[TIM_DMA_ID_CC1]);
 2403              		.loc 1 1020 7 view .LVU718
 2404 0012 0268     		ldr	r2, [r0]
 2405 0014 D368     		ldr	r3, [r2, #12]
 2406 0016 23F40073 		bic	r3, r3, #512
 2407 001a D360     		str	r3, [r2, #12]
1021:Drivers/STM32F1xx_HAL_Driver/Src/stm32f1xx_hal_tim_ex.c ****       break;
 2408              		.loc 1 1021 7 view .LVU719
1021:Drivers/STM32F1xx_HAL_Driver/Src/stm32f1xx_hal_tim_ex.c ****       break;
 2409              		.loc 1 1021 13 is_stmt 0 view .LVU720
 2410 001c 406A     		ldr	r0, [r0, #36]
 2411              	.LVL164:
1021:Drivers/STM32F1xx_HAL_Driver/Src/stm32f1xx_hal_tim_ex.c ****       break;
 2412              		.loc 1 1021 13 view .LVU721
 2413 001e FFF7FEFF 		bl	HAL_DMA_Abort_IT
 2414              	.LVL165:
1022:Drivers/STM32F1xx_HAL_Driver/Src/stm32f1xx_hal_tim_ex.c ****     }
 2415              		.loc 1 1022 7 is_stmt 1 view .LVU722
1046:Drivers/STM32F1xx_HAL_Driver/Src/stm32f1xx_hal_tim_ex.c ****   {
 2416              		.loc 1 1046 3 view .LVU723
 2417              	.L190:
1049:Drivers/STM32F1xx_HAL_Driver/Src/stm32f1xx_hal_tim_ex.c **** 
 2418              		.loc 1 1049 5 view .LVU724
 2419 0022 0022     		movs	r2, #0
 2420 0024 2946     		mov	r1, r5
 2421 0026 2068     		ldr	r0, [r4]
 2422 0028 FFF7FEFF 		bl	TIM_CCxNChannelCmd
 2423              	.LVL166:
1052:Drivers/STM32F1xx_HAL_Driver/Src/stm32f1xx_hal_tim_ex.c **** 
 2424              		.loc 1 1052 5 view .LVU725
1052:Drivers/STM32F1xx_HAL_Driver/Src/stm32f1xx_hal_tim_ex.c **** 
 2425              		.loc 1 1052 5 view .LVU726
 2426 002c 2368     		ldr	r3, [r4]
 2427 002e 196A     		ldr	r1, [r3, #32]
 2428 0030 41F21112 		movw	r2, #4369
 2429 0034 1142     		tst	r1, r2
 2430 0036 08D1     		bne	.L191
1052:Drivers/STM32F1xx_HAL_Driver/Src/stm32f1xx_hal_tim_ex.c **** 
 2431              		.loc 1 1052 5 discriminator 1 view .LVU727
 2432 0038 196A     		ldr	r1, [r3, #32]
 2433 003a 40F24442 		movw	r2, #1092
 2434 003e 1142     		tst	r1, r2
 2435 0040 03D1     		bne	.L191
1052:Drivers/STM32F1xx_HAL_Driver/Src/stm32f1xx_hal_tim_ex.c **** 
 2436              		.loc 1 1052 5 discriminator 3 view .LVU728
 2437 0042 5A6C     		ldr	r2, [r3, #68]
 2438 0044 22F40042 		bic	r2, r2, #32768
 2439 0048 5A64     		str	r2, [r3, #68]
 2440              	.L191:
1052:Drivers/STM32F1xx_HAL_Driver/Src/stm32f1xx_hal_tim_ex.c **** 
 2441              		.loc 1 1052 5 discriminator 5 view .LVU729
1055:Drivers/STM32F1xx_HAL_Driver/Src/stm32f1xx_hal_tim_ex.c **** 
 2442              		.loc 1 1055 5 view .LVU730
1055:Drivers/STM32F1xx_HAL_Driver/Src/stm32f1xx_hal_tim_ex.c **** 
 2443              		.loc 1 1055 5 view .LVU731
ARM GAS  /tmp/ccr982nq.s 			page 97


 2444 004a 2368     		ldr	r3, [r4]
 2445 004c 196A     		ldr	r1, [r3, #32]
 2446 004e 41F21112 		movw	r2, #4369
 2447 0052 1142     		tst	r1, r2
 2448 0054 08D1     		bne	.L192
1055:Drivers/STM32F1xx_HAL_Driver/Src/stm32f1xx_hal_tim_ex.c **** 
 2449              		.loc 1 1055 5 discriminator 1 view .LVU732
 2450 0056 196A     		ldr	r1, [r3, #32]
 2451 0058 40F24442 		movw	r2, #1092
 2452 005c 1142     		tst	r1, r2
 2453 005e 03D1     		bne	.L192
1055:Drivers/STM32F1xx_HAL_Driver/Src/stm32f1xx_hal_tim_ex.c **** 
 2454              		.loc 1 1055 5 discriminator 3 view .LVU733
 2455 0060 1A68     		ldr	r2, [r3]
 2456 0062 22F00102 		bic	r2, r2, #1
 2457 0066 1A60     		str	r2, [r3]
 2458              	.L192:
1055:Drivers/STM32F1xx_HAL_Driver/Src/stm32f1xx_hal_tim_ex.c **** 
 2459              		.loc 1 1055 5 discriminator 5 view .LVU734
1058:Drivers/STM32F1xx_HAL_Driver/Src/stm32f1xx_hal_tim_ex.c ****   }
 2460              		.loc 1 1058 5 view .LVU735
 2461 0068 B5B9     		cbnz	r5, .L193
1058:Drivers/STM32F1xx_HAL_Driver/Src/stm32f1xx_hal_tim_ex.c ****   }
 2462              		.loc 1 1058 5 is_stmt 0 discriminator 1 view .LVU736
 2463 006a 0123     		movs	r3, #1
 2464 006c 84F84230 		strb	r3, [r4, #66]
 2465 0070 0020     		movs	r0, #0
 2466              	.L189:
 2467              	.LVL167:
1062:Drivers/STM32F1xx_HAL_Driver/Src/stm32f1xx_hal_tim_ex.c **** }
 2468              		.loc 1 1062 3 is_stmt 1 view .LVU737
1063:Drivers/STM32F1xx_HAL_Driver/Src/stm32f1xx_hal_tim_ex.c **** 
 2469              		.loc 1 1063 1 is_stmt 0 view .LVU738
 2470 0072 38BD     		pop	{r3, r4, r5, pc}
 2471              	.LVL168:
 2472              	.L187:
1028:Drivers/STM32F1xx_HAL_Driver/Src/stm32f1xx_hal_tim_ex.c ****       (void)HAL_DMA_Abort_IT(htim->hdma[TIM_DMA_ID_CC2]);
 2473              		.loc 1 1028 7 is_stmt 1 view .LVU739
 2474 0074 0268     		ldr	r2, [r0]
 2475 0076 D368     		ldr	r3, [r2, #12]
 2476 0078 23F48063 		bic	r3, r3, #1024
 2477 007c D360     		str	r3, [r2, #12]
1029:Drivers/STM32F1xx_HAL_Driver/Src/stm32f1xx_hal_tim_ex.c ****       break;
 2478              		.loc 1 1029 7 view .LVU740
1029:Drivers/STM32F1xx_HAL_Driver/Src/stm32f1xx_hal_tim_ex.c ****       break;
 2479              		.loc 1 1029 13 is_stmt 0 view .LVU741
 2480 007e 806A     		ldr	r0, [r0, #40]
 2481              	.LVL169:
1029:Drivers/STM32F1xx_HAL_Driver/Src/stm32f1xx_hal_tim_ex.c ****       break;
 2482              		.loc 1 1029 13 view .LVU742
 2483 0080 FFF7FEFF 		bl	HAL_DMA_Abort_IT
 2484              	.LVL170:
1030:Drivers/STM32F1xx_HAL_Driver/Src/stm32f1xx_hal_tim_ex.c ****     }
 2485              		.loc 1 1030 7 is_stmt 1 view .LVU743
1046:Drivers/STM32F1xx_HAL_Driver/Src/stm32f1xx_hal_tim_ex.c ****   {
 2486              		.loc 1 1046 3 view .LVU744
 2487 0084 CDE7     		b	.L190
ARM GAS  /tmp/ccr982nq.s 			page 98


 2488              	.LVL171:
 2489              	.L188:
1036:Drivers/STM32F1xx_HAL_Driver/Src/stm32f1xx_hal_tim_ex.c ****       (void)HAL_DMA_Abort_IT(htim->hdma[TIM_DMA_ID_CC3]);
 2490              		.loc 1 1036 7 view .LVU745
 2491 0086 0268     		ldr	r2, [r0]
 2492 0088 D368     		ldr	r3, [r2, #12]
 2493 008a 23F40063 		bic	r3, r3, #2048
 2494 008e D360     		str	r3, [r2, #12]
1037:Drivers/STM32F1xx_HAL_Driver/Src/stm32f1xx_hal_tim_ex.c ****       break;
 2495              		.loc 1 1037 7 view .LVU746
1037:Drivers/STM32F1xx_HAL_Driver/Src/stm32f1xx_hal_tim_ex.c ****       break;
 2496              		.loc 1 1037 13 is_stmt 0 view .LVU747
 2497 0090 C06A     		ldr	r0, [r0, #44]
 2498              	.LVL172:
1037:Drivers/STM32F1xx_HAL_Driver/Src/stm32f1xx_hal_tim_ex.c ****       break;
 2499              		.loc 1 1037 13 view .LVU748
 2500 0092 FFF7FEFF 		bl	HAL_DMA_Abort_IT
 2501              	.LVL173:
1038:Drivers/STM32F1xx_HAL_Driver/Src/stm32f1xx_hal_tim_ex.c ****     }
 2502              		.loc 1 1038 7 is_stmt 1 view .LVU749
1046:Drivers/STM32F1xx_HAL_Driver/Src/stm32f1xx_hal_tim_ex.c ****   {
 2503              		.loc 1 1046 3 view .LVU750
 2504 0096 C4E7     		b	.L190
 2505              	.L193:
1058:Drivers/STM32F1xx_HAL_Driver/Src/stm32f1xx_hal_tim_ex.c ****   }
 2506              		.loc 1 1058 5 is_stmt 0 discriminator 2 view .LVU751
 2507 0098 042D     		cmp	r5, #4
 2508 009a 06D0     		beq	.L198
1058:Drivers/STM32F1xx_HAL_Driver/Src/stm32f1xx_hal_tim_ex.c ****   }
 2509              		.loc 1 1058 5 discriminator 4 view .LVU752
 2510 009c 082D     		cmp	r5, #8
 2511 009e 09D0     		beq	.L199
1058:Drivers/STM32F1xx_HAL_Driver/Src/stm32f1xx_hal_tim_ex.c ****   }
 2512              		.loc 1 1058 5 discriminator 7 view .LVU753
 2513 00a0 0123     		movs	r3, #1
 2514 00a2 84F84530 		strb	r3, [r4, #69]
 2515 00a6 0020     		movs	r0, #0
 2516 00a8 E3E7     		b	.L189
 2517              	.L198:
1058:Drivers/STM32F1xx_HAL_Driver/Src/stm32f1xx_hal_tim_ex.c ****   }
 2518              		.loc 1 1058 5 discriminator 3 view .LVU754
 2519 00aa 0123     		movs	r3, #1
 2520 00ac 84F84330 		strb	r3, [r4, #67]
 2521 00b0 0020     		movs	r0, #0
 2522 00b2 DEE7     		b	.L189
 2523              	.L199:
1058:Drivers/STM32F1xx_HAL_Driver/Src/stm32f1xx_hal_tim_ex.c ****   }
 2524              		.loc 1 1058 5 discriminator 6 view .LVU755
 2525 00b4 0123     		movs	r3, #1
 2526 00b6 84F84430 		strb	r3, [r4, #68]
 2527 00ba 0020     		movs	r0, #0
 2528 00bc D9E7     		b	.L189
 2529              	.LVL174:
 2530              	.L196:
1015:Drivers/STM32F1xx_HAL_Driver/Src/stm32f1xx_hal_tim_ex.c ****   {
 2531              		.loc 1 1015 3 view .LVU756
 2532 00be 0120     		movs	r0, #1
ARM GAS  /tmp/ccr982nq.s 			page 99


 2533              	.LVL175:
1015:Drivers/STM32F1xx_HAL_Driver/Src/stm32f1xx_hal_tim_ex.c ****   {
 2534              		.loc 1 1015 3 view .LVU757
 2535 00c0 D7E7     		b	.L189
 2536              		.cfi_endproc
 2537              	.LFE80:
 2539              		.section	.text.HAL_TIMEx_PWMN_Start,"ax",%progbits
 2540              		.align	1
 2541              		.global	HAL_TIMEx_PWMN_Start
 2542              		.syntax unified
 2543              		.thumb
 2544              		.thumb_func
 2546              	HAL_TIMEx_PWMN_Start:
 2547              	.LVL176:
 2548              	.LFB81:
1099:Drivers/STM32F1xx_HAL_Driver/Src/stm32f1xx_hal_tim_ex.c ****   uint32_t tmpsmcr;
 2549              		.loc 1 1099 1 is_stmt 1 view -0
 2550              		.cfi_startproc
 2551              		@ args = 0, pretend = 0, frame = 0
 2552              		@ frame_needed = 0, uses_anonymous_args = 0
1099:Drivers/STM32F1xx_HAL_Driver/Src/stm32f1xx_hal_tim_ex.c ****   uint32_t tmpsmcr;
 2553              		.loc 1 1099 1 is_stmt 0 view .LVU759
 2554 0000 10B5     		push	{r4, lr}
 2555              		.cfi_def_cfa_offset 8
 2556              		.cfi_offset 4, -8
 2557              		.cfi_offset 14, -4
 2558 0002 0446     		mov	r4, r0
1100:Drivers/STM32F1xx_HAL_Driver/Src/stm32f1xx_hal_tim_ex.c **** 
 2559              		.loc 1 1100 3 is_stmt 1 view .LVU760
1103:Drivers/STM32F1xx_HAL_Driver/Src/stm32f1xx_hal_tim_ex.c **** 
 2560              		.loc 1 1103 3 view .LVU761
1106:Drivers/STM32F1xx_HAL_Driver/Src/stm32f1xx_hal_tim_ex.c ****   {
 2561              		.loc 1 1106 3 view .LVU762
1106:Drivers/STM32F1xx_HAL_Driver/Src/stm32f1xx_hal_tim_ex.c ****   {
 2562              		.loc 1 1106 46 is_stmt 0 view .LVU763
 2563 0004 0846     		mov	r0, r1
 2564              	.LVL177:
1106:Drivers/STM32F1xx_HAL_Driver/Src/stm32f1xx_hal_tim_ex.c ****   {
 2565              		.loc 1 1106 46 view .LVU764
 2566 0006 51BB     		cbnz	r1, .L201
1106:Drivers/STM32F1xx_HAL_Driver/Src/stm32f1xx_hal_tim_ex.c ****   {
 2567              		.loc 1 1106 7 discriminator 1 view .LVU765
 2568 0008 94F84230 		ldrb	r3, [r4, #66]	@ zero_extendqisi2
1106:Drivers/STM32F1xx_HAL_Driver/Src/stm32f1xx_hal_tim_ex.c ****   {
 2569              		.loc 1 1106 46 discriminator 1 view .LVU766
 2570 000c 013B     		subs	r3, r3, #1
 2571 000e 18BF     		it	ne
 2572 0010 0123     		movne	r3, #1
 2573              	.L202:
1106:Drivers/STM32F1xx_HAL_Driver/Src/stm32f1xx_hal_tim_ex.c ****   {
 2574              		.loc 1 1106 6 discriminator 12 view .LVU767
 2575 0012 002B     		cmp	r3, #0
 2576 0014 54D1     		bne	.L212
1112:Drivers/STM32F1xx_HAL_Driver/Src/stm32f1xx_hal_tim_ex.c **** 
 2577              		.loc 1 1112 3 is_stmt 1 view .LVU768
 2578 0016 0028     		cmp	r0, #0
 2579 0018 37D1     		bne	.L206
ARM GAS  /tmp/ccr982nq.s 			page 100


1112:Drivers/STM32F1xx_HAL_Driver/Src/stm32f1xx_hal_tim_ex.c **** 
 2580              		.loc 1 1112 3 is_stmt 0 discriminator 1 view .LVU769
 2581 001a 0223     		movs	r3, #2
 2582 001c 84F84230 		strb	r3, [r4, #66]
 2583              	.L207:
1115:Drivers/STM32F1xx_HAL_Driver/Src/stm32f1xx_hal_tim_ex.c **** 
 2584              		.loc 1 1115 3 is_stmt 1 view .LVU770
 2585 0020 0422     		movs	r2, #4
 2586 0022 0146     		mov	r1, r0
 2587              	.LVL178:
1115:Drivers/STM32F1xx_HAL_Driver/Src/stm32f1xx_hal_tim_ex.c **** 
 2588              		.loc 1 1115 3 is_stmt 0 view .LVU771
 2589 0024 2068     		ldr	r0, [r4]
 2590              	.LVL179:
1115:Drivers/STM32F1xx_HAL_Driver/Src/stm32f1xx_hal_tim_ex.c **** 
 2591              		.loc 1 1115 3 view .LVU772
 2592 0026 FFF7FEFF 		bl	TIM_CCxNChannelCmd
 2593              	.LVL180:
1118:Drivers/STM32F1xx_HAL_Driver/Src/stm32f1xx_hal_tim_ex.c **** 
 2594              		.loc 1 1118 3 is_stmt 1 view .LVU773
 2595 002a 2268     		ldr	r2, [r4]
 2596 002c 536C     		ldr	r3, [r2, #68]
 2597 002e 43F40043 		orr	r3, r3, #32768
 2598 0032 5364     		str	r3, [r2, #68]
1121:Drivers/STM32F1xx_HAL_Driver/Src/stm32f1xx_hal_tim_ex.c ****   {
 2599              		.loc 1 1121 3 view .LVU774
1121:Drivers/STM32F1xx_HAL_Driver/Src/stm32f1xx_hal_tim_ex.c ****   {
 2600              		.loc 1 1121 7 is_stmt 0 view .LVU775
 2601 0034 2368     		ldr	r3, [r4]
1121:Drivers/STM32F1xx_HAL_Driver/Src/stm32f1xx_hal_tim_ex.c ****   {
 2602              		.loc 1 1121 6 view .LVU776
 2603 0036 244A     		ldr	r2, .L219
 2604 0038 9342     		cmp	r3, r2
 2605 003a 36D0     		beq	.L210
1121:Drivers/STM32F1xx_HAL_Driver/Src/stm32f1xx_hal_tim_ex.c ****   {
 2606              		.loc 1 1121 7 discriminator 1 view .LVU777
 2607 003c B3F1804F 		cmp	r3, #1073741824
 2608 0040 33D0     		beq	.L210
1121:Drivers/STM32F1xx_HAL_Driver/Src/stm32f1xx_hal_tim_ex.c ****   {
 2609              		.loc 1 1121 7 discriminator 2 view .LVU778
 2610 0042 A2F59432 		sub	r2, r2, #75776
 2611 0046 9342     		cmp	r3, r2
 2612 0048 2FD0     		beq	.L210
1121:Drivers/STM32F1xx_HAL_Driver/Src/stm32f1xx_hal_tim_ex.c ****   {
 2613              		.loc 1 1121 7 discriminator 3 view .LVU779
 2614 004a 02F58062 		add	r2, r2, #1024
 2615 004e 9342     		cmp	r3, r2
 2616 0050 2BD0     		beq	.L210
1131:Drivers/STM32F1xx_HAL_Driver/Src/stm32f1xx_hal_tim_ex.c ****   }
 2617              		.loc 1 1131 5 is_stmt 1 view .LVU780
 2618 0052 1A68     		ldr	r2, [r3]
 2619 0054 42F00102 		orr	r2, r2, #1
 2620 0058 1A60     		str	r2, [r3]
1135:Drivers/STM32F1xx_HAL_Driver/Src/stm32f1xx_hal_tim_ex.c **** }
 2621              		.loc 1 1135 10 is_stmt 0 view .LVU781
 2622 005a 0020     		movs	r0, #0
 2623 005c 31E0     		b	.L205
ARM GAS  /tmp/ccr982nq.s 			page 101


 2624              	.LVL181:
 2625              	.L201:
1106:Drivers/STM32F1xx_HAL_Driver/Src/stm32f1xx_hal_tim_ex.c ****   {
 2626              		.loc 1 1106 46 discriminator 2 view .LVU782
 2627 005e 0429     		cmp	r1, #4
 2628 0060 07D0     		beq	.L215
1106:Drivers/STM32F1xx_HAL_Driver/Src/stm32f1xx_hal_tim_ex.c ****   {
 2629              		.loc 1 1106 46 discriminator 5 view .LVU783
 2630 0062 0829     		cmp	r1, #8
 2631 0064 0BD0     		beq	.L216
1106:Drivers/STM32F1xx_HAL_Driver/Src/stm32f1xx_hal_tim_ex.c ****   {
 2632              		.loc 1 1106 7 discriminator 8 view .LVU784
 2633 0066 94F84530 		ldrb	r3, [r4, #69]	@ zero_extendqisi2
1106:Drivers/STM32F1xx_HAL_Driver/Src/stm32f1xx_hal_tim_ex.c ****   {
 2634              		.loc 1 1106 46 discriminator 8 view .LVU785
 2635 006a 013B     		subs	r3, r3, #1
 2636 006c 18BF     		it	ne
 2637 006e 0123     		movne	r3, #1
 2638 0070 CFE7     		b	.L202
 2639              	.L215:
1106:Drivers/STM32F1xx_HAL_Driver/Src/stm32f1xx_hal_tim_ex.c ****   {
 2640              		.loc 1 1106 7 discriminator 4 view .LVU786
 2641 0072 94F84330 		ldrb	r3, [r4, #67]	@ zero_extendqisi2
1106:Drivers/STM32F1xx_HAL_Driver/Src/stm32f1xx_hal_tim_ex.c ****   {
 2642              		.loc 1 1106 46 discriminator 4 view .LVU787
 2643 0076 013B     		subs	r3, r3, #1
 2644 0078 18BF     		it	ne
 2645 007a 0123     		movne	r3, #1
 2646 007c C9E7     		b	.L202
 2647              	.L216:
1106:Drivers/STM32F1xx_HAL_Driver/Src/stm32f1xx_hal_tim_ex.c ****   {
 2648              		.loc 1 1106 7 discriminator 7 view .LVU788
 2649 007e 94F84430 		ldrb	r3, [r4, #68]	@ zero_extendqisi2
1106:Drivers/STM32F1xx_HAL_Driver/Src/stm32f1xx_hal_tim_ex.c ****   {
 2650              		.loc 1 1106 46 discriminator 7 view .LVU789
 2651 0082 013B     		subs	r3, r3, #1
 2652 0084 18BF     		it	ne
 2653 0086 0123     		movne	r3, #1
 2654 0088 C3E7     		b	.L202
 2655              	.L206:
1112:Drivers/STM32F1xx_HAL_Driver/Src/stm32f1xx_hal_tim_ex.c **** 
 2656              		.loc 1 1112 3 discriminator 2 view .LVU790
 2657 008a 0428     		cmp	r0, #4
 2658 008c 05D0     		beq	.L217
1112:Drivers/STM32F1xx_HAL_Driver/Src/stm32f1xx_hal_tim_ex.c **** 
 2659              		.loc 1 1112 3 discriminator 4 view .LVU791
 2660 008e 0828     		cmp	r0, #8
 2661 0090 07D0     		beq	.L218
1112:Drivers/STM32F1xx_HAL_Driver/Src/stm32f1xx_hal_tim_ex.c **** 
 2662              		.loc 1 1112 3 discriminator 7 view .LVU792
 2663 0092 0223     		movs	r3, #2
 2664 0094 84F84530 		strb	r3, [r4, #69]
 2665 0098 C2E7     		b	.L207
 2666              	.L217:
1112:Drivers/STM32F1xx_HAL_Driver/Src/stm32f1xx_hal_tim_ex.c **** 
 2667              		.loc 1 1112 3 discriminator 3 view .LVU793
 2668 009a 0223     		movs	r3, #2
ARM GAS  /tmp/ccr982nq.s 			page 102


 2669 009c 84F84330 		strb	r3, [r4, #67]
 2670 00a0 BEE7     		b	.L207
 2671              	.L218:
1112:Drivers/STM32F1xx_HAL_Driver/Src/stm32f1xx_hal_tim_ex.c **** 
 2672              		.loc 1 1112 3 discriminator 6 view .LVU794
 2673 00a2 0223     		movs	r3, #2
 2674 00a4 84F84430 		strb	r3, [r4, #68]
 2675 00a8 BAE7     		b	.L207
 2676              	.LVL182:
 2677              	.L210:
1123:Drivers/STM32F1xx_HAL_Driver/Src/stm32f1xx_hal_tim_ex.c ****     if (!IS_TIM_SLAVEMODE_TRIGGER_ENABLED(tmpsmcr))
 2678              		.loc 1 1123 5 is_stmt 1 view .LVU795
1123:Drivers/STM32F1xx_HAL_Driver/Src/stm32f1xx_hal_tim_ex.c ****     if (!IS_TIM_SLAVEMODE_TRIGGER_ENABLED(tmpsmcr))
 2679              		.loc 1 1123 29 is_stmt 0 view .LVU796
 2680 00aa 9A68     		ldr	r2, [r3, #8]
1123:Drivers/STM32F1xx_HAL_Driver/Src/stm32f1xx_hal_tim_ex.c ****     if (!IS_TIM_SLAVEMODE_TRIGGER_ENABLED(tmpsmcr))
 2681              		.loc 1 1123 13 view .LVU797
 2682 00ac 02F00702 		and	r2, r2, #7
 2683              	.LVL183:
1124:Drivers/STM32F1xx_HAL_Driver/Src/stm32f1xx_hal_tim_ex.c ****     {
 2684              		.loc 1 1124 5 is_stmt 1 view .LVU798
1124:Drivers/STM32F1xx_HAL_Driver/Src/stm32f1xx_hal_tim_ex.c ****     {
 2685              		.loc 1 1124 8 is_stmt 0 view .LVU799
 2686 00b0 062A     		cmp	r2, #6
 2687 00b2 07D0     		beq	.L213
1126:Drivers/STM32F1xx_HAL_Driver/Src/stm32f1xx_hal_tim_ex.c ****     }
 2688              		.loc 1 1126 7 is_stmt 1 view .LVU800
 2689 00b4 1A68     		ldr	r2, [r3]
 2690              	.LVL184:
1126:Drivers/STM32F1xx_HAL_Driver/Src/stm32f1xx_hal_tim_ex.c ****     }
 2691              		.loc 1 1126 7 is_stmt 0 view .LVU801
 2692 00b6 42F00102 		orr	r2, r2, #1
 2693 00ba 1A60     		str	r2, [r3]
1135:Drivers/STM32F1xx_HAL_Driver/Src/stm32f1xx_hal_tim_ex.c **** }
 2694              		.loc 1 1135 10 view .LVU802
 2695 00bc 0020     		movs	r0, #0
 2696 00be 00E0     		b	.L205
 2697              	.LVL185:
 2698              	.L212:
1108:Drivers/STM32F1xx_HAL_Driver/Src/stm32f1xx_hal_tim_ex.c ****   }
 2699              		.loc 1 1108 12 view .LVU803
 2700 00c0 0120     		movs	r0, #1
 2701              	.LVL186:
 2702              	.L205:
1136:Drivers/STM32F1xx_HAL_Driver/Src/stm32f1xx_hal_tim_ex.c **** 
 2703              		.loc 1 1136 1 view .LVU804
 2704 00c2 10BD     		pop	{r4, pc}
 2705              	.LVL187:
 2706              	.L213:
1135:Drivers/STM32F1xx_HAL_Driver/Src/stm32f1xx_hal_tim_ex.c **** }
 2707              		.loc 1 1135 10 view .LVU805
 2708 00c4 0020     		movs	r0, #0
 2709 00c6 FCE7     		b	.L205
 2710              	.L220:
 2711              		.align	2
 2712              	.L219:
 2713 00c8 002C0140 		.word	1073818624
ARM GAS  /tmp/ccr982nq.s 			page 103


 2714              		.cfi_endproc
 2715              	.LFE81:
 2717              		.section	.text.HAL_TIMEx_PWMN_Stop,"ax",%progbits
 2718              		.align	1
 2719              		.global	HAL_TIMEx_PWMN_Stop
 2720              		.syntax unified
 2721              		.thumb
 2722              		.thumb_func
 2724              	HAL_TIMEx_PWMN_Stop:
 2725              	.LVL188:
 2726              	.LFB82:
1149:Drivers/STM32F1xx_HAL_Driver/Src/stm32f1xx_hal_tim_ex.c ****   /* Check the parameters */
 2727              		.loc 1 1149 1 is_stmt 1 view -0
 2728              		.cfi_startproc
 2729              		@ args = 0, pretend = 0, frame = 0
 2730              		@ frame_needed = 0, uses_anonymous_args = 0
1149:Drivers/STM32F1xx_HAL_Driver/Src/stm32f1xx_hal_tim_ex.c ****   /* Check the parameters */
 2731              		.loc 1 1149 1 is_stmt 0 view .LVU807
 2732 0000 38B5     		push	{r3, r4, r5, lr}
 2733              		.cfi_def_cfa_offset 16
 2734              		.cfi_offset 3, -16
 2735              		.cfi_offset 4, -12
 2736              		.cfi_offset 5, -8
 2737              		.cfi_offset 14, -4
 2738 0002 0446     		mov	r4, r0
 2739 0004 0D46     		mov	r5, r1
1151:Drivers/STM32F1xx_HAL_Driver/Src/stm32f1xx_hal_tim_ex.c **** 
 2740              		.loc 1 1151 3 is_stmt 1 view .LVU808
1154:Drivers/STM32F1xx_HAL_Driver/Src/stm32f1xx_hal_tim_ex.c **** 
 2741              		.loc 1 1154 3 view .LVU809
 2742 0006 0022     		movs	r2, #0
 2743 0008 0068     		ldr	r0, [r0]
 2744              	.LVL189:
1154:Drivers/STM32F1xx_HAL_Driver/Src/stm32f1xx_hal_tim_ex.c **** 
 2745              		.loc 1 1154 3 is_stmt 0 view .LVU810
 2746 000a FFF7FEFF 		bl	TIM_CCxNChannelCmd
 2747              	.LVL190:
1157:Drivers/STM32F1xx_HAL_Driver/Src/stm32f1xx_hal_tim_ex.c **** 
 2748              		.loc 1 1157 3 is_stmt 1 view .LVU811
1157:Drivers/STM32F1xx_HAL_Driver/Src/stm32f1xx_hal_tim_ex.c **** 
 2749              		.loc 1 1157 3 view .LVU812
 2750 000e 2368     		ldr	r3, [r4]
 2751 0010 196A     		ldr	r1, [r3, #32]
 2752 0012 41F21112 		movw	r2, #4369
 2753 0016 1142     		tst	r1, r2
 2754 0018 08D1     		bne	.L222
1157:Drivers/STM32F1xx_HAL_Driver/Src/stm32f1xx_hal_tim_ex.c **** 
 2755              		.loc 1 1157 3 discriminator 1 view .LVU813
 2756 001a 196A     		ldr	r1, [r3, #32]
 2757 001c 40F24442 		movw	r2, #1092
 2758 0020 1142     		tst	r1, r2
 2759 0022 03D1     		bne	.L222
1157:Drivers/STM32F1xx_HAL_Driver/Src/stm32f1xx_hal_tim_ex.c **** 
 2760              		.loc 1 1157 3 discriminator 3 view .LVU814
 2761 0024 5A6C     		ldr	r2, [r3, #68]
 2762 0026 22F40042 		bic	r2, r2, #32768
 2763 002a 5A64     		str	r2, [r3, #68]
ARM GAS  /tmp/ccr982nq.s 			page 104


 2764              	.L222:
1157:Drivers/STM32F1xx_HAL_Driver/Src/stm32f1xx_hal_tim_ex.c **** 
 2765              		.loc 1 1157 3 discriminator 5 view .LVU815
1160:Drivers/STM32F1xx_HAL_Driver/Src/stm32f1xx_hal_tim_ex.c **** 
 2766              		.loc 1 1160 3 view .LVU816
1160:Drivers/STM32F1xx_HAL_Driver/Src/stm32f1xx_hal_tim_ex.c **** 
 2767              		.loc 1 1160 3 view .LVU817
 2768 002c 2368     		ldr	r3, [r4]
 2769 002e 196A     		ldr	r1, [r3, #32]
 2770 0030 41F21112 		movw	r2, #4369
 2771 0034 1142     		tst	r1, r2
 2772 0036 08D1     		bne	.L223
1160:Drivers/STM32F1xx_HAL_Driver/Src/stm32f1xx_hal_tim_ex.c **** 
 2773              		.loc 1 1160 3 discriminator 1 view .LVU818
 2774 0038 196A     		ldr	r1, [r3, #32]
 2775 003a 40F24442 		movw	r2, #1092
 2776 003e 1142     		tst	r1, r2
 2777 0040 03D1     		bne	.L223
1160:Drivers/STM32F1xx_HAL_Driver/Src/stm32f1xx_hal_tim_ex.c **** 
 2778              		.loc 1 1160 3 discriminator 3 view .LVU819
 2779 0042 1A68     		ldr	r2, [r3]
 2780 0044 22F00102 		bic	r2, r2, #1
 2781 0048 1A60     		str	r2, [r3]
 2782              	.L223:
1160:Drivers/STM32F1xx_HAL_Driver/Src/stm32f1xx_hal_tim_ex.c **** 
 2783              		.loc 1 1160 3 discriminator 5 view .LVU820
1163:Drivers/STM32F1xx_HAL_Driver/Src/stm32f1xx_hal_tim_ex.c **** 
 2784              		.loc 1 1163 3 view .LVU821
 2785 004a 25B9     		cbnz	r5, .L224
1163:Drivers/STM32F1xx_HAL_Driver/Src/stm32f1xx_hal_tim_ex.c **** 
 2786              		.loc 1 1163 3 is_stmt 0 discriminator 1 view .LVU822
 2787 004c 0123     		movs	r3, #1
 2788 004e 84F84230 		strb	r3, [r4, #66]
 2789              	.L225:
1166:Drivers/STM32F1xx_HAL_Driver/Src/stm32f1xx_hal_tim_ex.c **** }
 2790              		.loc 1 1166 3 is_stmt 1 view .LVU823
1167:Drivers/STM32F1xx_HAL_Driver/Src/stm32f1xx_hal_tim_ex.c **** 
 2791              		.loc 1 1167 1 is_stmt 0 view .LVU824
 2792 0052 0020     		movs	r0, #0
 2793 0054 38BD     		pop	{r3, r4, r5, pc}
 2794              	.LVL191:
 2795              	.L224:
1163:Drivers/STM32F1xx_HAL_Driver/Src/stm32f1xx_hal_tim_ex.c **** 
 2796              		.loc 1 1163 3 discriminator 2 view .LVU825
 2797 0056 042D     		cmp	r5, #4
 2798 0058 05D0     		beq	.L229
1163:Drivers/STM32F1xx_HAL_Driver/Src/stm32f1xx_hal_tim_ex.c **** 
 2799              		.loc 1 1163 3 discriminator 4 view .LVU826
 2800 005a 082D     		cmp	r5, #8
 2801 005c 07D0     		beq	.L230
1163:Drivers/STM32F1xx_HAL_Driver/Src/stm32f1xx_hal_tim_ex.c **** 
 2802              		.loc 1 1163 3 discriminator 7 view .LVU827
 2803 005e 0123     		movs	r3, #1
 2804 0060 84F84530 		strb	r3, [r4, #69]
 2805 0064 F5E7     		b	.L225
 2806              	.L229:
1163:Drivers/STM32F1xx_HAL_Driver/Src/stm32f1xx_hal_tim_ex.c **** 
ARM GAS  /tmp/ccr982nq.s 			page 105


 2807              		.loc 1 1163 3 discriminator 3 view .LVU828
 2808 0066 0123     		movs	r3, #1
 2809 0068 84F84330 		strb	r3, [r4, #67]
 2810 006c F1E7     		b	.L225
 2811              	.L230:
1163:Drivers/STM32F1xx_HAL_Driver/Src/stm32f1xx_hal_tim_ex.c **** 
 2812              		.loc 1 1163 3 discriminator 6 view .LVU829
 2813 006e 0123     		movs	r3, #1
 2814 0070 84F84430 		strb	r3, [r4, #68]
 2815 0074 EDE7     		b	.L225
 2816              		.cfi_endproc
 2817              	.LFE82:
 2819              		.section	.text.HAL_TIMEx_PWMN_Start_IT,"ax",%progbits
 2820              		.align	1
 2821              		.global	HAL_TIMEx_PWMN_Start_IT
 2822              		.syntax unified
 2823              		.thumb
 2824              		.thumb_func
 2826              	HAL_TIMEx_PWMN_Start_IT:
 2827              	.LVL192:
 2828              	.LFB83:
1181:Drivers/STM32F1xx_HAL_Driver/Src/stm32f1xx_hal_tim_ex.c ****   HAL_StatusTypeDef status = HAL_OK;
 2829              		.loc 1 1181 1 is_stmt 1 view -0
 2830              		.cfi_startproc
 2831              		@ args = 0, pretend = 0, frame = 0
 2832              		@ frame_needed = 0, uses_anonymous_args = 0
1181:Drivers/STM32F1xx_HAL_Driver/Src/stm32f1xx_hal_tim_ex.c ****   HAL_StatusTypeDef status = HAL_OK;
 2833              		.loc 1 1181 1 is_stmt 0 view .LVU831
 2834 0000 10B5     		push	{r4, lr}
 2835              		.cfi_def_cfa_offset 8
 2836              		.cfi_offset 4, -8
 2837              		.cfi_offset 14, -4
 2838 0002 0446     		mov	r4, r0
1182:Drivers/STM32F1xx_HAL_Driver/Src/stm32f1xx_hal_tim_ex.c ****   uint32_t tmpsmcr;
 2839              		.loc 1 1182 3 is_stmt 1 view .LVU832
 2840              	.LVL193:
1183:Drivers/STM32F1xx_HAL_Driver/Src/stm32f1xx_hal_tim_ex.c **** 
 2841              		.loc 1 1183 3 view .LVU833
1186:Drivers/STM32F1xx_HAL_Driver/Src/stm32f1xx_hal_tim_ex.c **** 
 2842              		.loc 1 1186 3 view .LVU834
1189:Drivers/STM32F1xx_HAL_Driver/Src/stm32f1xx_hal_tim_ex.c ****   {
 2843              		.loc 1 1189 3 view .LVU835
1189:Drivers/STM32F1xx_HAL_Driver/Src/stm32f1xx_hal_tim_ex.c ****   {
 2844              		.loc 1 1189 46 is_stmt 0 view .LVU836
 2845 0004 0846     		mov	r0, r1
 2846              	.LVL194:
1189:Drivers/STM32F1xx_HAL_Driver/Src/stm32f1xx_hal_tim_ex.c ****   {
 2847              		.loc 1 1189 46 view .LVU837
 2848 0006 0029     		cmp	r1, #0
 2849 0008 34D1     		bne	.L232
1189:Drivers/STM32F1xx_HAL_Driver/Src/stm32f1xx_hal_tim_ex.c ****   {
 2850              		.loc 1 1189 7 discriminator 1 view .LVU838
 2851 000a 94F84230 		ldrb	r3, [r4, #66]	@ zero_extendqisi2
1189:Drivers/STM32F1xx_HAL_Driver/Src/stm32f1xx_hal_tim_ex.c ****   {
 2852              		.loc 1 1189 46 discriminator 1 view .LVU839
 2853 000e 013B     		subs	r3, r3, #1
 2854 0010 18BF     		it	ne
ARM GAS  /tmp/ccr982nq.s 			page 106


 2855 0012 0123     		movne	r3, #1
 2856              	.L233:
1189:Drivers/STM32F1xx_HAL_Driver/Src/stm32f1xx_hal_tim_ex.c ****   {
 2857              		.loc 1 1189 6 discriminator 12 view .LVU840
 2858 0014 002B     		cmp	r3, #0
 2859 0016 6FD1     		bne	.L246
1195:Drivers/STM32F1xx_HAL_Driver/Src/stm32f1xx_hal_tim_ex.c **** 
 2860              		.loc 1 1195 3 is_stmt 1 view .LVU841
 2861 0018 0028     		cmp	r0, #0
 2862 001a 41D1     		bne	.L237
1195:Drivers/STM32F1xx_HAL_Driver/Src/stm32f1xx_hal_tim_ex.c **** 
 2863              		.loc 1 1195 3 is_stmt 0 discriminator 1 view .LVU842
 2864 001c 0223     		movs	r3, #2
 2865 001e 84F84230 		strb	r3, [r4, #66]
1197:Drivers/STM32F1xx_HAL_Driver/Src/stm32f1xx_hal_tim_ex.c ****   {
 2866              		.loc 1 1197 3 is_stmt 1 view .LVU843
 2867              	.L238:
1202:Drivers/STM32F1xx_HAL_Driver/Src/stm32f1xx_hal_tim_ex.c ****       break;
 2868              		.loc 1 1202 7 view .LVU844
 2869 0022 2268     		ldr	r2, [r4]
 2870 0024 D368     		ldr	r3, [r2, #12]
 2871 0026 43F00203 		orr	r3, r3, #2
 2872 002a D360     		str	r3, [r2, #12]
1203:Drivers/STM32F1xx_HAL_Driver/Src/stm32f1xx_hal_tim_ex.c ****     }
 2873              		.loc 1 1203 7 view .LVU845
1225:Drivers/STM32F1xx_HAL_Driver/Src/stm32f1xx_hal_tim_ex.c ****   {
 2874              		.loc 1 1225 3 view .LVU846
 2875              	.L243:
1228:Drivers/STM32F1xx_HAL_Driver/Src/stm32f1xx_hal_tim_ex.c **** 
 2876              		.loc 1 1228 5 view .LVU847
 2877 002c 2268     		ldr	r2, [r4]
 2878 002e D368     		ldr	r3, [r2, #12]
 2879 0030 43F08003 		orr	r3, r3, #128
 2880 0034 D360     		str	r3, [r2, #12]
1231:Drivers/STM32F1xx_HAL_Driver/Src/stm32f1xx_hal_tim_ex.c **** 
 2881              		.loc 1 1231 5 view .LVU848
 2882 0036 0422     		movs	r2, #4
 2883 0038 0146     		mov	r1, r0
 2884              	.LVL195:
1231:Drivers/STM32F1xx_HAL_Driver/Src/stm32f1xx_hal_tim_ex.c **** 
 2885              		.loc 1 1231 5 is_stmt 0 view .LVU849
 2886 003a 2068     		ldr	r0, [r4]
 2887              	.LVL196:
1231:Drivers/STM32F1xx_HAL_Driver/Src/stm32f1xx_hal_tim_ex.c **** 
 2888              		.loc 1 1231 5 view .LVU850
 2889 003c FFF7FEFF 		bl	TIM_CCxNChannelCmd
 2890              	.LVL197:
1234:Drivers/STM32F1xx_HAL_Driver/Src/stm32f1xx_hal_tim_ex.c **** 
 2891              		.loc 1 1234 5 is_stmt 1 view .LVU851
 2892 0040 2268     		ldr	r2, [r4]
 2893 0042 536C     		ldr	r3, [r2, #68]
 2894 0044 43F40043 		orr	r3, r3, #32768
 2895 0048 5364     		str	r3, [r2, #68]
1237:Drivers/STM32F1xx_HAL_Driver/Src/stm32f1xx_hal_tim_ex.c ****     {
 2896              		.loc 1 1237 5 view .LVU852
1237:Drivers/STM32F1xx_HAL_Driver/Src/stm32f1xx_hal_tim_ex.c ****     {
 2897              		.loc 1 1237 9 is_stmt 0 view .LVU853
ARM GAS  /tmp/ccr982nq.s 			page 107


 2898 004a 2368     		ldr	r3, [r4]
1237:Drivers/STM32F1xx_HAL_Driver/Src/stm32f1xx_hal_tim_ex.c ****     {
 2899              		.loc 1 1237 8 view .LVU854
 2900 004c 2C4A     		ldr	r2, .L254
 2901 004e 9342     		cmp	r3, r2
 2902 0050 47D0     		beq	.L244
1237:Drivers/STM32F1xx_HAL_Driver/Src/stm32f1xx_hal_tim_ex.c ****     {
 2903              		.loc 1 1237 9 discriminator 1 view .LVU855
 2904 0052 B3F1804F 		cmp	r3, #1073741824
 2905 0056 44D0     		beq	.L244
1237:Drivers/STM32F1xx_HAL_Driver/Src/stm32f1xx_hal_tim_ex.c ****     {
 2906              		.loc 1 1237 9 discriminator 2 view .LVU856
 2907 0058 A2F59432 		sub	r2, r2, #75776
 2908 005c 9342     		cmp	r3, r2
 2909 005e 40D0     		beq	.L244
1237:Drivers/STM32F1xx_HAL_Driver/Src/stm32f1xx_hal_tim_ex.c ****     {
 2910              		.loc 1 1237 9 discriminator 3 view .LVU857
 2911 0060 02F58062 		add	r2, r2, #1024
 2912 0064 9342     		cmp	r3, r2
 2913 0066 3CD0     		beq	.L244
1247:Drivers/STM32F1xx_HAL_Driver/Src/stm32f1xx_hal_tim_ex.c ****     }
 2914              		.loc 1 1247 7 is_stmt 1 view .LVU858
 2915 0068 1A68     		ldr	r2, [r3]
 2916 006a 42F00102 		orr	r2, r2, #1
 2917 006e 1A60     		str	r2, [r3]
 2918 0070 0020     		movs	r0, #0
 2919 0072 42E0     		b	.L236
 2920              	.LVL198:
 2921              	.L232:
1189:Drivers/STM32F1xx_HAL_Driver/Src/stm32f1xx_hal_tim_ex.c ****   {
 2922              		.loc 1 1189 46 is_stmt 0 discriminator 2 view .LVU859
 2923 0074 0429     		cmp	r1, #4
 2924 0076 07D0     		beq	.L250
1189:Drivers/STM32F1xx_HAL_Driver/Src/stm32f1xx_hal_tim_ex.c ****   {
 2925              		.loc 1 1189 46 discriminator 5 view .LVU860
 2926 0078 0829     		cmp	r1, #8
 2927 007a 0BD0     		beq	.L251
1189:Drivers/STM32F1xx_HAL_Driver/Src/stm32f1xx_hal_tim_ex.c ****   {
 2928              		.loc 1 1189 7 discriminator 8 view .LVU861
 2929 007c 94F84530 		ldrb	r3, [r4, #69]	@ zero_extendqisi2
1189:Drivers/STM32F1xx_HAL_Driver/Src/stm32f1xx_hal_tim_ex.c ****   {
 2930              		.loc 1 1189 46 discriminator 8 view .LVU862
 2931 0080 013B     		subs	r3, r3, #1
 2932 0082 18BF     		it	ne
 2933 0084 0123     		movne	r3, #1
 2934 0086 C5E7     		b	.L233
 2935              	.L250:
1189:Drivers/STM32F1xx_HAL_Driver/Src/stm32f1xx_hal_tim_ex.c ****   {
 2936              		.loc 1 1189 7 discriminator 4 view .LVU863
 2937 0088 94F84330 		ldrb	r3, [r4, #67]	@ zero_extendqisi2
1189:Drivers/STM32F1xx_HAL_Driver/Src/stm32f1xx_hal_tim_ex.c ****   {
 2938              		.loc 1 1189 46 discriminator 4 view .LVU864
 2939 008c 013B     		subs	r3, r3, #1
 2940 008e 18BF     		it	ne
 2941 0090 0123     		movne	r3, #1
 2942 0092 BFE7     		b	.L233
 2943              	.L251:
ARM GAS  /tmp/ccr982nq.s 			page 108


1189:Drivers/STM32F1xx_HAL_Driver/Src/stm32f1xx_hal_tim_ex.c ****   {
 2944              		.loc 1 1189 7 discriminator 7 view .LVU865
 2945 0094 94F84430 		ldrb	r3, [r4, #68]	@ zero_extendqisi2
1189:Drivers/STM32F1xx_HAL_Driver/Src/stm32f1xx_hal_tim_ex.c ****   {
 2946              		.loc 1 1189 46 discriminator 7 view .LVU866
 2947 0098 013B     		subs	r3, r3, #1
 2948 009a 18BF     		it	ne
 2949 009c 0123     		movne	r3, #1
 2950 009e B9E7     		b	.L233
 2951              	.L237:
1195:Drivers/STM32F1xx_HAL_Driver/Src/stm32f1xx_hal_tim_ex.c **** 
 2952              		.loc 1 1195 3 discriminator 2 view .LVU867
 2953 00a0 0428     		cmp	r0, #4
 2954 00a2 0CD0     		beq	.L252
1195:Drivers/STM32F1xx_HAL_Driver/Src/stm32f1xx_hal_tim_ex.c **** 
 2955              		.loc 1 1195 3 discriminator 4 view .LVU868
 2956 00a4 0828     		cmp	r0, #8
 2957 00a6 13D0     		beq	.L253
1195:Drivers/STM32F1xx_HAL_Driver/Src/stm32f1xx_hal_tim_ex.c **** 
 2958              		.loc 1 1195 3 discriminator 7 view .LVU869
 2959 00a8 0223     		movs	r3, #2
 2960 00aa 84F84530 		strb	r3, [r4, #69]
1197:Drivers/STM32F1xx_HAL_Driver/Src/stm32f1xx_hal_tim_ex.c ****   {
 2961              		.loc 1 1197 3 is_stmt 1 view .LVU870
 2962 00ae 0428     		cmp	r0, #4
 2963 00b0 08D0     		beq	.L240
 2964 00b2 0828     		cmp	r0, #8
 2965 00b4 0FD0     		beq	.L242
 2966 00b6 0028     		cmp	r0, #0
 2967 00b8 B3D0     		beq	.L238
 2968 00ba 0120     		movs	r0, #1
 2969              	.LVL199:
1197:Drivers/STM32F1xx_HAL_Driver/Src/stm32f1xx_hal_tim_ex.c ****   {
 2970              		.loc 1 1197 3 is_stmt 0 view .LVU871
 2971 00bc 1DE0     		b	.L236
 2972              	.LVL200:
 2973              	.L252:
1195:Drivers/STM32F1xx_HAL_Driver/Src/stm32f1xx_hal_tim_ex.c **** 
 2974              		.loc 1 1195 3 discriminator 3 view .LVU872
 2975 00be 0223     		movs	r3, #2
 2976 00c0 84F84330 		strb	r3, [r4, #67]
1197:Drivers/STM32F1xx_HAL_Driver/Src/stm32f1xx_hal_tim_ex.c ****   {
 2977              		.loc 1 1197 3 is_stmt 1 view .LVU873
 2978              	.L240:
1209:Drivers/STM32F1xx_HAL_Driver/Src/stm32f1xx_hal_tim_ex.c ****       break;
 2979              		.loc 1 1209 7 view .LVU874
 2980 00c4 2268     		ldr	r2, [r4]
 2981 00c6 D368     		ldr	r3, [r2, #12]
 2982 00c8 43F00403 		orr	r3, r3, #4
 2983 00cc D360     		str	r3, [r2, #12]
1210:Drivers/STM32F1xx_HAL_Driver/Src/stm32f1xx_hal_tim_ex.c ****     }
 2984              		.loc 1 1210 7 view .LVU875
1225:Drivers/STM32F1xx_HAL_Driver/Src/stm32f1xx_hal_tim_ex.c ****   {
 2985              		.loc 1 1225 3 view .LVU876
 2986 00ce ADE7     		b	.L243
 2987              	.L253:
1195:Drivers/STM32F1xx_HAL_Driver/Src/stm32f1xx_hal_tim_ex.c **** 
ARM GAS  /tmp/ccr982nq.s 			page 109


 2988              		.loc 1 1195 3 is_stmt 0 discriminator 6 view .LVU877
 2989 00d0 0223     		movs	r3, #2
 2990 00d2 84F84430 		strb	r3, [r4, #68]
1197:Drivers/STM32F1xx_HAL_Driver/Src/stm32f1xx_hal_tim_ex.c ****   {
 2991              		.loc 1 1197 3 is_stmt 1 view .LVU878
 2992              	.L242:
1216:Drivers/STM32F1xx_HAL_Driver/Src/stm32f1xx_hal_tim_ex.c ****       break;
 2993              		.loc 1 1216 7 view .LVU879
 2994 00d6 2268     		ldr	r2, [r4]
 2995 00d8 D368     		ldr	r3, [r2, #12]
 2996 00da 43F00803 		orr	r3, r3, #8
 2997 00de D360     		str	r3, [r2, #12]
1217:Drivers/STM32F1xx_HAL_Driver/Src/stm32f1xx_hal_tim_ex.c ****     }
 2998              		.loc 1 1217 7 view .LVU880
1225:Drivers/STM32F1xx_HAL_Driver/Src/stm32f1xx_hal_tim_ex.c ****   {
 2999              		.loc 1 1225 3 view .LVU881
 3000 00e0 A4E7     		b	.L243
 3001              	.LVL201:
 3002              	.L244:
1239:Drivers/STM32F1xx_HAL_Driver/Src/stm32f1xx_hal_tim_ex.c ****       if (!IS_TIM_SLAVEMODE_TRIGGER_ENABLED(tmpsmcr))
 3003              		.loc 1 1239 7 view .LVU882
1239:Drivers/STM32F1xx_HAL_Driver/Src/stm32f1xx_hal_tim_ex.c ****       if (!IS_TIM_SLAVEMODE_TRIGGER_ENABLED(tmpsmcr))
 3004              		.loc 1 1239 31 is_stmt 0 view .LVU883
 3005 00e2 9A68     		ldr	r2, [r3, #8]
1239:Drivers/STM32F1xx_HAL_Driver/Src/stm32f1xx_hal_tim_ex.c ****       if (!IS_TIM_SLAVEMODE_TRIGGER_ENABLED(tmpsmcr))
 3006              		.loc 1 1239 15 view .LVU884
 3007 00e4 02F00702 		and	r2, r2, #7
 3008              	.LVL202:
1240:Drivers/STM32F1xx_HAL_Driver/Src/stm32f1xx_hal_tim_ex.c ****       {
 3009              		.loc 1 1240 7 is_stmt 1 view .LVU885
1240:Drivers/STM32F1xx_HAL_Driver/Src/stm32f1xx_hal_tim_ex.c ****       {
 3010              		.loc 1 1240 10 is_stmt 0 view .LVU886
 3011 00e8 062A     		cmp	r2, #6
 3012 00ea 07D0     		beq	.L248
1242:Drivers/STM32F1xx_HAL_Driver/Src/stm32f1xx_hal_tim_ex.c ****       }
 3013              		.loc 1 1242 9 is_stmt 1 view .LVU887
 3014 00ec 1A68     		ldr	r2, [r3]
 3015              	.LVL203:
1242:Drivers/STM32F1xx_HAL_Driver/Src/stm32f1xx_hal_tim_ex.c ****       }
 3016              		.loc 1 1242 9 is_stmt 0 view .LVU888
 3017 00ee 42F00102 		orr	r2, r2, #1
 3018 00f2 1A60     		str	r2, [r3]
 3019 00f4 0020     		movs	r0, #0
 3020 00f6 00E0     		b	.L236
 3021              	.LVL204:
 3022              	.L246:
1191:Drivers/STM32F1xx_HAL_Driver/Src/stm32f1xx_hal_tim_ex.c ****   }
 3023              		.loc 1 1191 12 view .LVU889
 3024 00f8 0120     		movs	r0, #1
 3025              	.LVL205:
 3026              	.L236:
1253:Drivers/STM32F1xx_HAL_Driver/Src/stm32f1xx_hal_tim_ex.c **** 
 3027              		.loc 1 1253 1 view .LVU890
 3028 00fa 10BD     		pop	{r4, pc}
 3029              	.LVL206:
 3030              	.L248:
1253:Drivers/STM32F1xx_HAL_Driver/Src/stm32f1xx_hal_tim_ex.c **** 
ARM GAS  /tmp/ccr982nq.s 			page 110


 3031              		.loc 1 1253 1 view .LVU891
 3032 00fc 0020     		movs	r0, #0
 3033 00fe FCE7     		b	.L236
 3034              	.L255:
 3035              		.align	2
 3036              	.L254:
 3037 0100 002C0140 		.word	1073818624
 3038              		.cfi_endproc
 3039              	.LFE83:
 3041              		.section	.text.HAL_TIMEx_PWMN_Stop_IT,"ax",%progbits
 3042              		.align	1
 3043              		.global	HAL_TIMEx_PWMN_Stop_IT
 3044              		.syntax unified
 3045              		.thumb
 3046              		.thumb_func
 3048              	HAL_TIMEx_PWMN_Stop_IT:
 3049              	.LVL207:
 3050              	.LFB84:
1267:Drivers/STM32F1xx_HAL_Driver/Src/stm32f1xx_hal_tim_ex.c ****   HAL_StatusTypeDef status = HAL_OK;
 3051              		.loc 1 1267 1 is_stmt 1 view -0
 3052              		.cfi_startproc
 3053              		@ args = 0, pretend = 0, frame = 0
 3054              		@ frame_needed = 0, uses_anonymous_args = 0
1267:Drivers/STM32F1xx_HAL_Driver/Src/stm32f1xx_hal_tim_ex.c ****   HAL_StatusTypeDef status = HAL_OK;
 3055              		.loc 1 1267 1 is_stmt 0 view .LVU893
 3056 0000 38B5     		push	{r3, r4, r5, lr}
 3057              		.cfi_def_cfa_offset 16
 3058              		.cfi_offset 3, -16
 3059              		.cfi_offset 4, -12
 3060              		.cfi_offset 5, -8
 3061              		.cfi_offset 14, -4
 3062 0002 0446     		mov	r4, r0
 3063 0004 0D46     		mov	r5, r1
1268:Drivers/STM32F1xx_HAL_Driver/Src/stm32f1xx_hal_tim_ex.c ****   uint32_t tmpccer;
 3064              		.loc 1 1268 3 is_stmt 1 view .LVU894
 3065              	.LVL208:
1269:Drivers/STM32F1xx_HAL_Driver/Src/stm32f1xx_hal_tim_ex.c **** 
 3066              		.loc 1 1269 3 view .LVU895
1272:Drivers/STM32F1xx_HAL_Driver/Src/stm32f1xx_hal_tim_ex.c **** 
 3067              		.loc 1 1272 3 view .LVU896
1274:Drivers/STM32F1xx_HAL_Driver/Src/stm32f1xx_hal_tim_ex.c ****   {
 3068              		.loc 1 1274 3 view .LVU897
 3069 0006 0429     		cmp	r1, #4
 3070 0008 3BD0     		beq	.L257
 3071 000a 0829     		cmp	r1, #8
 3072 000c 3FD0     		beq	.L258
 3073 000e 0029     		cmp	r1, #0
 3074 0010 56D1     		bne	.L267
1279:Drivers/STM32F1xx_HAL_Driver/Src/stm32f1xx_hal_tim_ex.c ****       break;
 3075              		.loc 1 1279 7 view .LVU898
 3076 0012 0268     		ldr	r2, [r0]
 3077 0014 D368     		ldr	r3, [r2, #12]
 3078 0016 23F00203 		bic	r3, r3, #2
 3079 001a D360     		str	r3, [r2, #12]
1280:Drivers/STM32F1xx_HAL_Driver/Src/stm32f1xx_hal_tim_ex.c ****     }
 3080              		.loc 1 1280 7 view .LVU899
1302:Drivers/STM32F1xx_HAL_Driver/Src/stm32f1xx_hal_tim_ex.c ****   {
ARM GAS  /tmp/ccr982nq.s 			page 111


 3081              		.loc 1 1302 3 view .LVU900
 3082              	.L260:
1305:Drivers/STM32F1xx_HAL_Driver/Src/stm32f1xx_hal_tim_ex.c **** 
 3083              		.loc 1 1305 5 view .LVU901
 3084 001c 0022     		movs	r2, #0
 3085 001e 2946     		mov	r1, r5
 3086              	.LVL209:
1305:Drivers/STM32F1xx_HAL_Driver/Src/stm32f1xx_hal_tim_ex.c **** 
 3087              		.loc 1 1305 5 is_stmt 0 view .LVU902
 3088 0020 2068     		ldr	r0, [r4]
 3089              	.LVL210:
1305:Drivers/STM32F1xx_HAL_Driver/Src/stm32f1xx_hal_tim_ex.c **** 
 3090              		.loc 1 1305 5 view .LVU903
 3091 0022 FFF7FEFF 		bl	TIM_CCxNChannelCmd
 3092              	.LVL211:
1308:Drivers/STM32F1xx_HAL_Driver/Src/stm32f1xx_hal_tim_ex.c ****     if ((tmpccer & TIM_CCER_CCxNE_MASK) == (uint32_t)RESET)
 3093              		.loc 1 1308 5 is_stmt 1 view .LVU904
1308:Drivers/STM32F1xx_HAL_Driver/Src/stm32f1xx_hal_tim_ex.c ****     if ((tmpccer & TIM_CCER_CCxNE_MASK) == (uint32_t)RESET)
 3094              		.loc 1 1308 19 is_stmt 0 view .LVU905
 3095 0026 2368     		ldr	r3, [r4]
1308:Drivers/STM32F1xx_HAL_Driver/Src/stm32f1xx_hal_tim_ex.c ****     if ((tmpccer & TIM_CCER_CCxNE_MASK) == (uint32_t)RESET)
 3096              		.loc 1 1308 13 view .LVU906
 3097 0028 196A     		ldr	r1, [r3, #32]
 3098              	.LVL212:
1309:Drivers/STM32F1xx_HAL_Driver/Src/stm32f1xx_hal_tim_ex.c ****     {
 3099              		.loc 1 1309 5 is_stmt 1 view .LVU907
1309:Drivers/STM32F1xx_HAL_Driver/Src/stm32f1xx_hal_tim_ex.c ****     {
 3100              		.loc 1 1309 8 is_stmt 0 view .LVU908
 3101 002a 40F24442 		movw	r2, #1092
 3102 002e 1142     		tst	r1, r2
 3103 0030 03D1     		bne	.L261
1311:Drivers/STM32F1xx_HAL_Driver/Src/stm32f1xx_hal_tim_ex.c ****     }
 3104              		.loc 1 1311 7 is_stmt 1 view .LVU909
 3105 0032 DA68     		ldr	r2, [r3, #12]
 3106 0034 22F08002 		bic	r2, r2, #128
 3107 0038 DA60     		str	r2, [r3, #12]
 3108              	.L261:
1315:Drivers/STM32F1xx_HAL_Driver/Src/stm32f1xx_hal_tim_ex.c **** 
 3109              		.loc 1 1315 5 view .LVU910
1315:Drivers/STM32F1xx_HAL_Driver/Src/stm32f1xx_hal_tim_ex.c **** 
 3110              		.loc 1 1315 5 view .LVU911
 3111 003a 2368     		ldr	r3, [r4]
 3112 003c 196A     		ldr	r1, [r3, #32]
 3113              	.LVL213:
1315:Drivers/STM32F1xx_HAL_Driver/Src/stm32f1xx_hal_tim_ex.c **** 
 3114              		.loc 1 1315 5 is_stmt 0 view .LVU912
 3115 003e 41F21112 		movw	r2, #4369
 3116 0042 1142     		tst	r1, r2
 3117 0044 08D1     		bne	.L262
1315:Drivers/STM32F1xx_HAL_Driver/Src/stm32f1xx_hal_tim_ex.c **** 
 3118              		.loc 1 1315 5 is_stmt 1 discriminator 1 view .LVU913
 3119 0046 196A     		ldr	r1, [r3, #32]
 3120 0048 40F24442 		movw	r2, #1092
 3121 004c 1142     		tst	r1, r2
 3122 004e 03D1     		bne	.L262
1315:Drivers/STM32F1xx_HAL_Driver/Src/stm32f1xx_hal_tim_ex.c **** 
 3123              		.loc 1 1315 5 discriminator 3 view .LVU914
ARM GAS  /tmp/ccr982nq.s 			page 112


 3124 0050 5A6C     		ldr	r2, [r3, #68]
 3125 0052 22F40042 		bic	r2, r2, #32768
 3126 0056 5A64     		str	r2, [r3, #68]
 3127              	.L262:
1315:Drivers/STM32F1xx_HAL_Driver/Src/stm32f1xx_hal_tim_ex.c **** 
 3128              		.loc 1 1315 5 discriminator 5 view .LVU915
1318:Drivers/STM32F1xx_HAL_Driver/Src/stm32f1xx_hal_tim_ex.c **** 
 3129              		.loc 1 1318 5 view .LVU916
1318:Drivers/STM32F1xx_HAL_Driver/Src/stm32f1xx_hal_tim_ex.c **** 
 3130              		.loc 1 1318 5 view .LVU917
 3131 0058 2368     		ldr	r3, [r4]
 3132 005a 196A     		ldr	r1, [r3, #32]
 3133 005c 41F21112 		movw	r2, #4369
 3134 0060 1142     		tst	r1, r2
 3135 0062 08D1     		bne	.L263
1318:Drivers/STM32F1xx_HAL_Driver/Src/stm32f1xx_hal_tim_ex.c **** 
 3136              		.loc 1 1318 5 discriminator 1 view .LVU918
 3137 0064 196A     		ldr	r1, [r3, #32]
 3138 0066 40F24442 		movw	r2, #1092
 3139 006a 1142     		tst	r1, r2
 3140 006c 03D1     		bne	.L263
1318:Drivers/STM32F1xx_HAL_Driver/Src/stm32f1xx_hal_tim_ex.c **** 
 3141              		.loc 1 1318 5 discriminator 3 view .LVU919
 3142 006e 1A68     		ldr	r2, [r3]
 3143 0070 22F00102 		bic	r2, r2, #1
 3144 0074 1A60     		str	r2, [r3]
 3145              	.L263:
1318:Drivers/STM32F1xx_HAL_Driver/Src/stm32f1xx_hal_tim_ex.c **** 
 3146              		.loc 1 1318 5 discriminator 5 view .LVU920
1321:Drivers/STM32F1xx_HAL_Driver/Src/stm32f1xx_hal_tim_ex.c ****   }
 3147              		.loc 1 1321 5 view .LVU921
 3148 0076 85B9     		cbnz	r5, .L264
1321:Drivers/STM32F1xx_HAL_Driver/Src/stm32f1xx_hal_tim_ex.c ****   }
 3149              		.loc 1 1321 5 is_stmt 0 discriminator 1 view .LVU922
 3150 0078 0123     		movs	r3, #1
 3151 007a 84F84230 		strb	r3, [r4, #66]
 3152 007e 0020     		movs	r0, #0
 3153              	.LVL214:
 3154              	.L259:
1325:Drivers/STM32F1xx_HAL_Driver/Src/stm32f1xx_hal_tim_ex.c **** }
 3155              		.loc 1 1325 3 is_stmt 1 view .LVU923
1326:Drivers/STM32F1xx_HAL_Driver/Src/stm32f1xx_hal_tim_ex.c **** 
 3156              		.loc 1 1326 1 is_stmt 0 view .LVU924
 3157 0080 38BD     		pop	{r3, r4, r5, pc}
 3158              	.LVL215:
 3159              	.L257:
1286:Drivers/STM32F1xx_HAL_Driver/Src/stm32f1xx_hal_tim_ex.c ****       break;
 3160              		.loc 1 1286 7 is_stmt 1 view .LVU925
 3161 0082 0268     		ldr	r2, [r0]
 3162 0084 D368     		ldr	r3, [r2, #12]
 3163 0086 23F00403 		bic	r3, r3, #4
 3164 008a D360     		str	r3, [r2, #12]
1287:Drivers/STM32F1xx_HAL_Driver/Src/stm32f1xx_hal_tim_ex.c ****     }
 3165              		.loc 1 1287 7 view .LVU926
1302:Drivers/STM32F1xx_HAL_Driver/Src/stm32f1xx_hal_tim_ex.c ****   {
 3166              		.loc 1 1302 3 view .LVU927
 3167 008c C6E7     		b	.L260
ARM GAS  /tmp/ccr982nq.s 			page 113


 3168              	.L258:
1293:Drivers/STM32F1xx_HAL_Driver/Src/stm32f1xx_hal_tim_ex.c ****       break;
 3169              		.loc 1 1293 7 view .LVU928
 3170 008e 0268     		ldr	r2, [r0]
 3171 0090 D368     		ldr	r3, [r2, #12]
 3172 0092 23F00803 		bic	r3, r3, #8
 3173 0096 D360     		str	r3, [r2, #12]
1294:Drivers/STM32F1xx_HAL_Driver/Src/stm32f1xx_hal_tim_ex.c ****     }
 3174              		.loc 1 1294 7 view .LVU929
1302:Drivers/STM32F1xx_HAL_Driver/Src/stm32f1xx_hal_tim_ex.c ****   {
 3175              		.loc 1 1302 3 view .LVU930
 3176 0098 C0E7     		b	.L260
 3177              	.LVL216:
 3178              	.L264:
1321:Drivers/STM32F1xx_HAL_Driver/Src/stm32f1xx_hal_tim_ex.c ****   }
 3179              		.loc 1 1321 5 is_stmt 0 discriminator 2 view .LVU931
 3180 009a 042D     		cmp	r5, #4
 3181 009c 06D0     		beq	.L269
1321:Drivers/STM32F1xx_HAL_Driver/Src/stm32f1xx_hal_tim_ex.c ****   }
 3182              		.loc 1 1321 5 discriminator 4 view .LVU932
 3183 009e 082D     		cmp	r5, #8
 3184 00a0 09D0     		beq	.L270
1321:Drivers/STM32F1xx_HAL_Driver/Src/stm32f1xx_hal_tim_ex.c ****   }
 3185              		.loc 1 1321 5 discriminator 7 view .LVU933
 3186 00a2 0123     		movs	r3, #1
 3187 00a4 84F84530 		strb	r3, [r4, #69]
 3188 00a8 0020     		movs	r0, #0
 3189 00aa E9E7     		b	.L259
 3190              	.L269:
1321:Drivers/STM32F1xx_HAL_Driver/Src/stm32f1xx_hal_tim_ex.c ****   }
 3191              		.loc 1 1321 5 discriminator 3 view .LVU934
 3192 00ac 0123     		movs	r3, #1
 3193 00ae 84F84330 		strb	r3, [r4, #67]
 3194 00b2 0020     		movs	r0, #0
 3195 00b4 E4E7     		b	.L259
 3196              	.L270:
1321:Drivers/STM32F1xx_HAL_Driver/Src/stm32f1xx_hal_tim_ex.c ****   }
 3197              		.loc 1 1321 5 discriminator 6 view .LVU935
 3198 00b6 0123     		movs	r3, #1
 3199 00b8 84F84430 		strb	r3, [r4, #68]
 3200 00bc 0020     		movs	r0, #0
 3201 00be DFE7     		b	.L259
 3202              	.LVL217:
 3203              	.L267:
1274:Drivers/STM32F1xx_HAL_Driver/Src/stm32f1xx_hal_tim_ex.c ****   {
 3204              		.loc 1 1274 3 view .LVU936
 3205 00c0 0120     		movs	r0, #1
 3206              	.LVL218:
1274:Drivers/STM32F1xx_HAL_Driver/Src/stm32f1xx_hal_tim_ex.c ****   {
 3207              		.loc 1 1274 3 view .LVU937
 3208 00c2 DDE7     		b	.L259
 3209              		.cfi_endproc
 3210              	.LFE84:
 3212              		.section	.text.HAL_TIMEx_PWMN_Start_DMA,"ax",%progbits
 3213              		.align	1
 3214              		.global	HAL_TIMEx_PWMN_Start_DMA
 3215              		.syntax unified
ARM GAS  /tmp/ccr982nq.s 			page 114


 3216              		.thumb
 3217              		.thumb_func
 3219              	HAL_TIMEx_PWMN_Start_DMA:
 3220              	.LVL219:
 3221              	.LFB85:
1343:Drivers/STM32F1xx_HAL_Driver/Src/stm32f1xx_hal_tim_ex.c ****   HAL_StatusTypeDef status = HAL_OK;
 3222              		.loc 1 1343 1 is_stmt 1 view -0
 3223              		.cfi_startproc
 3224              		@ args = 0, pretend = 0, frame = 0
 3225              		@ frame_needed = 0, uses_anonymous_args = 0
1343:Drivers/STM32F1xx_HAL_Driver/Src/stm32f1xx_hal_tim_ex.c ****   HAL_StatusTypeDef status = HAL_OK;
 3226              		.loc 1 1343 1 is_stmt 0 view .LVU939
 3227 0000 70B5     		push	{r4, r5, r6, lr}
 3228              		.cfi_def_cfa_offset 16
 3229              		.cfi_offset 4, -16
 3230              		.cfi_offset 5, -12
 3231              		.cfi_offset 6, -8
 3232              		.cfi_offset 14, -4
 3233 0002 0446     		mov	r4, r0
 3234 0004 1646     		mov	r6, r2
1344:Drivers/STM32F1xx_HAL_Driver/Src/stm32f1xx_hal_tim_ex.c ****   uint32_t tmpsmcr;
 3235              		.loc 1 1344 3 is_stmt 1 view .LVU940
 3236              	.LVL220:
1345:Drivers/STM32F1xx_HAL_Driver/Src/stm32f1xx_hal_tim_ex.c **** 
 3237              		.loc 1 1345 3 view .LVU941
1348:Drivers/STM32F1xx_HAL_Driver/Src/stm32f1xx_hal_tim_ex.c **** 
 3238              		.loc 1 1348 3 view .LVU942
1351:Drivers/STM32F1xx_HAL_Driver/Src/stm32f1xx_hal_tim_ex.c ****   {
 3239              		.loc 1 1351 3 view .LVU943
1351:Drivers/STM32F1xx_HAL_Driver/Src/stm32f1xx_hal_tim_ex.c ****   {
 3240              		.loc 1 1351 46 is_stmt 0 view .LVU944
 3241 0006 0D46     		mov	r5, r1
 3242 0008 0029     		cmp	r1, #0
 3243 000a 56D1     		bne	.L272
1351:Drivers/STM32F1xx_HAL_Driver/Src/stm32f1xx_hal_tim_ex.c ****   {
 3244              		.loc 1 1351 7 discriminator 1 view .LVU945
 3245 000c 90F84200 		ldrb	r0, [r0, #66]	@ zero_extendqisi2
 3246              	.LVL221:
1351:Drivers/STM32F1xx_HAL_Driver/Src/stm32f1xx_hal_tim_ex.c ****   {
 3247              		.loc 1 1351 46 discriminator 1 view .LVU946
 3248 0010 0228     		cmp	r0, #2
 3249 0012 14BF     		ite	ne
 3250 0014 0020     		movne	r0, #0
 3251 0016 0120     		moveq	r0, #1
 3252              	.L273:
1351:Drivers/STM32F1xx_HAL_Driver/Src/stm32f1xx_hal_tim_ex.c ****   {
 3253              		.loc 1 1351 6 discriminator 12 view .LVU947
 3254 0018 0028     		cmp	r0, #0
 3255 001a 40F0CD80 		bne	.L290
1355:Drivers/STM32F1xx_HAL_Driver/Src/stm32f1xx_hal_tim_ex.c ****   {
 3256              		.loc 1 1355 8 is_stmt 1 view .LVU948
1355:Drivers/STM32F1xx_HAL_Driver/Src/stm32f1xx_hal_tim_ex.c ****   {
 3257              		.loc 1 1355 51 is_stmt 0 view .LVU949
 3258 001e 002D     		cmp	r5, #0
 3259 0020 64D1     		bne	.L277
1355:Drivers/STM32F1xx_HAL_Driver/Src/stm32f1xx_hal_tim_ex.c ****   {
 3260              		.loc 1 1355 12 discriminator 1 view .LVU950
ARM GAS  /tmp/ccr982nq.s 			page 115


 3261 0022 94F84220 		ldrb	r2, [r4, #66]	@ zero_extendqisi2
 3262              	.LVL222:
1355:Drivers/STM32F1xx_HAL_Driver/Src/stm32f1xx_hal_tim_ex.c ****   {
 3263              		.loc 1 1355 51 discriminator 1 view .LVU951
 3264 0026 012A     		cmp	r2, #1
 3265 0028 14BF     		ite	ne
 3266 002a 0022     		movne	r2, #0
 3267 002c 0122     		moveq	r2, #1
 3268              	.L278:
1355:Drivers/STM32F1xx_HAL_Driver/Src/stm32f1xx_hal_tim_ex.c ****   {
 3269              		.loc 1 1355 11 discriminator 12 view .LVU952
 3270 002e 002A     		cmp	r2, #0
 3271 0030 00F0C480 		beq	.L291
1357:Drivers/STM32F1xx_HAL_Driver/Src/stm32f1xx_hal_tim_ex.c ****     {
 3272              		.loc 1 1357 5 is_stmt 1 view .LVU953
1357:Drivers/STM32F1xx_HAL_Driver/Src/stm32f1xx_hal_tim_ex.c ****     {
 3273              		.loc 1 1357 8 is_stmt 0 view .LVU954
 3274 0034 002E     		cmp	r6, #0
 3275 0036 00F0C380 		beq	.L292
1357:Drivers/STM32F1xx_HAL_Driver/Src/stm32f1xx_hal_tim_ex.c ****     {
 3276              		.loc 1 1357 25 discriminator 1 view .LVU955
 3277 003a 002B     		cmp	r3, #0
 3278 003c 00F0C280 		beq	.L293
1363:Drivers/STM32F1xx_HAL_Driver/Src/stm32f1xx_hal_tim_ex.c ****     }
 3279              		.loc 1 1363 7 is_stmt 1 view .LVU956
 3280 0040 002D     		cmp	r5, #0
 3281 0042 6CD1     		bne	.L281
1363:Drivers/STM32F1xx_HAL_Driver/Src/stm32f1xx_hal_tim_ex.c ****     }
 3282              		.loc 1 1363 7 is_stmt 0 discriminator 1 view .LVU957
 3283 0044 0222     		movs	r2, #2
 3284 0046 84F84220 		strb	r2, [r4, #66]
1371:Drivers/STM32F1xx_HAL_Driver/Src/stm32f1xx_hal_tim_ex.c ****   {
 3285              		.loc 1 1371 3 is_stmt 1 view .LVU958
 3286              	.L282:
1376:Drivers/STM32F1xx_HAL_Driver/Src/stm32f1xx_hal_tim_ex.c ****       htim->hdma[TIM_DMA_ID_CC1]->XferHalfCpltCallback = TIM_DMADelayPulseHalfCplt;
 3287              		.loc 1 1376 7 view .LVU959
1376:Drivers/STM32F1xx_HAL_Driver/Src/stm32f1xx_hal_tim_ex.c ****       htim->hdma[TIM_DMA_ID_CC1]->XferHalfCpltCallback = TIM_DMADelayPulseHalfCplt;
 3288              		.loc 1 1376 17 is_stmt 0 view .LVU960
 3289 004a 626A     		ldr	r2, [r4, #36]
1376:Drivers/STM32F1xx_HAL_Driver/Src/stm32f1xx_hal_tim_ex.c ****       htim->hdma[TIM_DMA_ID_CC1]->XferHalfCpltCallback = TIM_DMADelayPulseHalfCplt;
 3290              		.loc 1 1376 52 view .LVU961
 3291 004c 6249     		ldr	r1, .L306
 3292              	.LVL223:
1376:Drivers/STM32F1xx_HAL_Driver/Src/stm32f1xx_hal_tim_ex.c ****       htim->hdma[TIM_DMA_ID_CC1]->XferHalfCpltCallback = TIM_DMADelayPulseHalfCplt;
 3293              		.loc 1 1376 52 view .LVU962
 3294 004e 9162     		str	r1, [r2, #40]
1377:Drivers/STM32F1xx_HAL_Driver/Src/stm32f1xx_hal_tim_ex.c **** 
 3295              		.loc 1 1377 7 is_stmt 1 view .LVU963
1377:Drivers/STM32F1xx_HAL_Driver/Src/stm32f1xx_hal_tim_ex.c **** 
 3296              		.loc 1 1377 17 is_stmt 0 view .LVU964
 3297 0050 626A     		ldr	r2, [r4, #36]
1377:Drivers/STM32F1xx_HAL_Driver/Src/stm32f1xx_hal_tim_ex.c **** 
 3298              		.loc 1 1377 56 view .LVU965
 3299 0052 6249     		ldr	r1, .L306+4
 3300 0054 D162     		str	r1, [r2, #44]
1380:Drivers/STM32F1xx_HAL_Driver/Src/stm32f1xx_hal_tim_ex.c **** 
 3301              		.loc 1 1380 7 is_stmt 1 view .LVU966
ARM GAS  /tmp/ccr982nq.s 			page 116


1380:Drivers/STM32F1xx_HAL_Driver/Src/stm32f1xx_hal_tim_ex.c **** 
 3302              		.loc 1 1380 17 is_stmt 0 view .LVU967
 3303 0056 626A     		ldr	r2, [r4, #36]
1380:Drivers/STM32F1xx_HAL_Driver/Src/stm32f1xx_hal_tim_ex.c **** 
 3304              		.loc 1 1380 53 view .LVU968
 3305 0058 6149     		ldr	r1, .L306+8
 3306 005a 1163     		str	r1, [r2, #48]
1383:Drivers/STM32F1xx_HAL_Driver/Src/stm32f1xx_hal_tim_ex.c ****                            Length) != HAL_OK)
 3307              		.loc 1 1383 7 is_stmt 1 view .LVU969
1383:Drivers/STM32F1xx_HAL_Driver/Src/stm32f1xx_hal_tim_ex.c ****                            Length) != HAL_OK)
 3308              		.loc 1 1383 88 is_stmt 0 view .LVU970
 3309 005c 2268     		ldr	r2, [r4]
1383:Drivers/STM32F1xx_HAL_Driver/Src/stm32f1xx_hal_tim_ex.c ****                            Length) != HAL_OK)
 3310              		.loc 1 1383 11 view .LVU971
 3311 005e 3432     		adds	r2, r2, #52
 3312 0060 3146     		mov	r1, r6
 3313 0062 606A     		ldr	r0, [r4, #36]
 3314 0064 FFF7FEFF 		bl	HAL_DMA_Start_IT
 3315              	.LVL224:
1383:Drivers/STM32F1xx_HAL_Driver/Src/stm32f1xx_hal_tim_ex.c ****                            Length) != HAL_OK)
 3316              		.loc 1 1383 10 discriminator 1 view .LVU972
 3317 0068 0028     		cmp	r0, #0
 3318 006a 40F0AD80 		bne	.L295
1390:Drivers/STM32F1xx_HAL_Driver/Src/stm32f1xx_hal_tim_ex.c ****       break;
 3319              		.loc 1 1390 7 is_stmt 1 view .LVU973
 3320 006e 2268     		ldr	r2, [r4]
 3321 0070 D368     		ldr	r3, [r2, #12]
 3322 0072 43F40073 		orr	r3, r3, #512
 3323 0076 D360     		str	r3, [r2, #12]
1391:Drivers/STM32F1xx_HAL_Driver/Src/stm32f1xx_hal_tim_ex.c ****     }
 3324              		.loc 1 1391 7 view .LVU974
1441:Drivers/STM32F1xx_HAL_Driver/Src/stm32f1xx_hal_tim_ex.c ****   {
 3325              		.loc 1 1441 3 view .LVU975
 3326              	.L287:
1444:Drivers/STM32F1xx_HAL_Driver/Src/stm32f1xx_hal_tim_ex.c **** 
 3327              		.loc 1 1444 5 view .LVU976
 3328 0078 0422     		movs	r2, #4
 3329 007a 2946     		mov	r1, r5
 3330 007c 2068     		ldr	r0, [r4]
 3331 007e FFF7FEFF 		bl	TIM_CCxNChannelCmd
 3332              	.LVL225:
1447:Drivers/STM32F1xx_HAL_Driver/Src/stm32f1xx_hal_tim_ex.c **** 
 3333              		.loc 1 1447 5 view .LVU977
 3334 0082 2268     		ldr	r2, [r4]
 3335 0084 536C     		ldr	r3, [r2, #68]
 3336 0086 43F40043 		orr	r3, r3, #32768
 3337 008a 5364     		str	r3, [r2, #68]
1450:Drivers/STM32F1xx_HAL_Driver/Src/stm32f1xx_hal_tim_ex.c ****     {
 3338              		.loc 1 1450 5 view .LVU978
1450:Drivers/STM32F1xx_HAL_Driver/Src/stm32f1xx_hal_tim_ex.c ****     {
 3339              		.loc 1 1450 9 is_stmt 0 view .LVU979
 3340 008c 2368     		ldr	r3, [r4]
1450:Drivers/STM32F1xx_HAL_Driver/Src/stm32f1xx_hal_tim_ex.c ****     {
 3341              		.loc 1 1450 8 view .LVU980
 3342 008e 554A     		ldr	r2, .L306+12
 3343 0090 9342     		cmp	r3, r2
 3344 0092 00F08680 		beq	.L288
ARM GAS  /tmp/ccr982nq.s 			page 117


1450:Drivers/STM32F1xx_HAL_Driver/Src/stm32f1xx_hal_tim_ex.c ****     {
 3345              		.loc 1 1450 9 discriminator 1 view .LVU981
 3346 0096 B3F1804F 		cmp	r3, #1073741824
 3347 009a 00F08280 		beq	.L288
1450:Drivers/STM32F1xx_HAL_Driver/Src/stm32f1xx_hal_tim_ex.c ****     {
 3348              		.loc 1 1450 9 discriminator 2 view .LVU982
 3349 009e A2F59432 		sub	r2, r2, #75776
 3350 00a2 9342     		cmp	r3, r2
 3351 00a4 7DD0     		beq	.L288
1450:Drivers/STM32F1xx_HAL_Driver/Src/stm32f1xx_hal_tim_ex.c ****     {
 3352              		.loc 1 1450 9 discriminator 3 view .LVU983
 3353 00a6 02F58062 		add	r2, r2, #1024
 3354 00aa 9342     		cmp	r3, r2
 3355 00ac 79D0     		beq	.L288
1460:Drivers/STM32F1xx_HAL_Driver/Src/stm32f1xx_hal_tim_ex.c ****     }
 3356              		.loc 1 1460 7 is_stmt 1 view .LVU984
 3357 00ae 1A68     		ldr	r2, [r3]
 3358 00b0 42F00102 		orr	r2, r2, #1
 3359 00b4 1A60     		str	r2, [r3]
 3360 00b6 0020     		movs	r0, #0
 3361 00b8 81E0     		b	.L276
 3362              	.LVL226:
 3363              	.L272:
1351:Drivers/STM32F1xx_HAL_Driver/Src/stm32f1xx_hal_tim_ex.c ****   {
 3364              		.loc 1 1351 46 is_stmt 0 discriminator 2 view .LVU985
 3365 00ba 0429     		cmp	r1, #4
 3366 00bc 08D0     		beq	.L300
1351:Drivers/STM32F1xx_HAL_Driver/Src/stm32f1xx_hal_tim_ex.c ****   {
 3367              		.loc 1 1351 46 discriminator 5 view .LVU986
 3368 00be 0829     		cmp	r1, #8
 3369 00c0 0DD0     		beq	.L301
1351:Drivers/STM32F1xx_HAL_Driver/Src/stm32f1xx_hal_tim_ex.c ****   {
 3370              		.loc 1 1351 7 discriminator 8 view .LVU987
 3371 00c2 90F84500 		ldrb	r0, [r0, #69]	@ zero_extendqisi2
 3372              	.LVL227:
1351:Drivers/STM32F1xx_HAL_Driver/Src/stm32f1xx_hal_tim_ex.c ****   {
 3373              		.loc 1 1351 46 discriminator 8 view .LVU988
 3374 00c6 0228     		cmp	r0, #2
 3375 00c8 14BF     		ite	ne
 3376 00ca 0020     		movne	r0, #0
 3377 00cc 0120     		moveq	r0, #1
 3378 00ce A3E7     		b	.L273
 3379              	.LVL228:
 3380              	.L300:
1351:Drivers/STM32F1xx_HAL_Driver/Src/stm32f1xx_hal_tim_ex.c ****   {
 3381              		.loc 1 1351 7 discriminator 4 view .LVU989
 3382 00d0 90F84300 		ldrb	r0, [r0, #67]	@ zero_extendqisi2
 3383              	.LVL229:
1351:Drivers/STM32F1xx_HAL_Driver/Src/stm32f1xx_hal_tim_ex.c ****   {
 3384              		.loc 1 1351 46 discriminator 4 view .LVU990
 3385 00d4 0228     		cmp	r0, #2
 3386 00d6 14BF     		ite	ne
 3387 00d8 0020     		movne	r0, #0
 3388 00da 0120     		moveq	r0, #1
 3389 00dc 9CE7     		b	.L273
 3390              	.LVL230:
 3391              	.L301:
ARM GAS  /tmp/ccr982nq.s 			page 118


1351:Drivers/STM32F1xx_HAL_Driver/Src/stm32f1xx_hal_tim_ex.c ****   {
 3392              		.loc 1 1351 7 discriminator 7 view .LVU991
 3393 00de 90F84400 		ldrb	r0, [r0, #68]	@ zero_extendqisi2
 3394              	.LVL231:
1351:Drivers/STM32F1xx_HAL_Driver/Src/stm32f1xx_hal_tim_ex.c ****   {
 3395              		.loc 1 1351 46 discriminator 7 view .LVU992
 3396 00e2 0228     		cmp	r0, #2
 3397 00e4 14BF     		ite	ne
 3398 00e6 0020     		movne	r0, #0
 3399 00e8 0120     		moveq	r0, #1
 3400 00ea 95E7     		b	.L273
 3401              	.L277:
1355:Drivers/STM32F1xx_HAL_Driver/Src/stm32f1xx_hal_tim_ex.c ****   {
 3402              		.loc 1 1355 51 discriminator 2 view .LVU993
 3403 00ec 042D     		cmp	r5, #4
 3404 00ee 08D0     		beq	.L302
1355:Drivers/STM32F1xx_HAL_Driver/Src/stm32f1xx_hal_tim_ex.c ****   {
 3405              		.loc 1 1355 51 discriminator 5 view .LVU994
 3406 00f0 082D     		cmp	r5, #8
 3407 00f2 0DD0     		beq	.L303
1355:Drivers/STM32F1xx_HAL_Driver/Src/stm32f1xx_hal_tim_ex.c ****   {
 3408              		.loc 1 1355 12 discriminator 8 view .LVU995
 3409 00f4 94F84520 		ldrb	r2, [r4, #69]	@ zero_extendqisi2
 3410              	.LVL232:
1355:Drivers/STM32F1xx_HAL_Driver/Src/stm32f1xx_hal_tim_ex.c ****   {
 3411              		.loc 1 1355 51 discriminator 8 view .LVU996
 3412 00f8 012A     		cmp	r2, #1
 3413 00fa 14BF     		ite	ne
 3414 00fc 0022     		movne	r2, #0
 3415 00fe 0122     		moveq	r2, #1
 3416 0100 95E7     		b	.L278
 3417              	.LVL233:
 3418              	.L302:
1355:Drivers/STM32F1xx_HAL_Driver/Src/stm32f1xx_hal_tim_ex.c ****   {
 3419              		.loc 1 1355 12 discriminator 4 view .LVU997
 3420 0102 94F84320 		ldrb	r2, [r4, #67]	@ zero_extendqisi2
 3421              	.LVL234:
1355:Drivers/STM32F1xx_HAL_Driver/Src/stm32f1xx_hal_tim_ex.c ****   {
 3422              		.loc 1 1355 51 discriminator 4 view .LVU998
 3423 0106 012A     		cmp	r2, #1
 3424 0108 14BF     		ite	ne
 3425 010a 0022     		movne	r2, #0
 3426 010c 0122     		moveq	r2, #1
 3427 010e 8EE7     		b	.L278
 3428              	.LVL235:
 3429              	.L303:
1355:Drivers/STM32F1xx_HAL_Driver/Src/stm32f1xx_hal_tim_ex.c ****   {
 3430              		.loc 1 1355 12 discriminator 7 view .LVU999
 3431 0110 94F84420 		ldrb	r2, [r4, #68]	@ zero_extendqisi2
 3432              	.LVL236:
1355:Drivers/STM32F1xx_HAL_Driver/Src/stm32f1xx_hal_tim_ex.c ****   {
 3433              		.loc 1 1355 51 discriminator 7 view .LVU1000
 3434 0114 012A     		cmp	r2, #1
 3435 0116 14BF     		ite	ne
 3436 0118 0022     		movne	r2, #0
 3437 011a 0122     		moveq	r2, #1
 3438 011c 87E7     		b	.L278
ARM GAS  /tmp/ccr982nq.s 			page 119


 3439              	.L281:
1363:Drivers/STM32F1xx_HAL_Driver/Src/stm32f1xx_hal_tim_ex.c ****     }
 3440              		.loc 1 1363 7 discriminator 2 view .LVU1001
 3441 011e 042D     		cmp	r5, #4
 3442 0120 0CD0     		beq	.L304
1363:Drivers/STM32F1xx_HAL_Driver/Src/stm32f1xx_hal_tim_ex.c ****     }
 3443              		.loc 1 1363 7 discriminator 4 view .LVU1002
 3444 0122 082D     		cmp	r5, #8
 3445 0124 24D0     		beq	.L305
1363:Drivers/STM32F1xx_HAL_Driver/Src/stm32f1xx_hal_tim_ex.c ****     }
 3446              		.loc 1 1363 7 discriminator 7 view .LVU1003
 3447 0126 0222     		movs	r2, #2
 3448 0128 84F84520 		strb	r2, [r4, #69]
1371:Drivers/STM32F1xx_HAL_Driver/Src/stm32f1xx_hal_tim_ex.c ****   {
 3449              		.loc 1 1371 3 is_stmt 1 view .LVU1004
 3450 012c 042D     		cmp	r5, #4
 3451 012e 08D0     		beq	.L284
 3452 0130 082D     		cmp	r5, #8
 3453 0132 20D0     		beq	.L286
 3454 0134 002D     		cmp	r5, #0
 3455 0136 88D0     		beq	.L282
 3456 0138 0120     		movs	r0, #1
 3457 013a 40E0     		b	.L276
 3458              	.L304:
1363:Drivers/STM32F1xx_HAL_Driver/Src/stm32f1xx_hal_tim_ex.c ****     }
 3459              		.loc 1 1363 7 is_stmt 0 discriminator 3 view .LVU1005
 3460 013c 0222     		movs	r2, #2
 3461 013e 84F84320 		strb	r2, [r4, #67]
1371:Drivers/STM32F1xx_HAL_Driver/Src/stm32f1xx_hal_tim_ex.c ****   {
 3462              		.loc 1 1371 3 is_stmt 1 view .LVU1006
 3463              	.L284:
1397:Drivers/STM32F1xx_HAL_Driver/Src/stm32f1xx_hal_tim_ex.c ****       htim->hdma[TIM_DMA_ID_CC2]->XferHalfCpltCallback = TIM_DMADelayPulseHalfCplt;
 3464              		.loc 1 1397 7 view .LVU1007
1397:Drivers/STM32F1xx_HAL_Driver/Src/stm32f1xx_hal_tim_ex.c ****       htim->hdma[TIM_DMA_ID_CC2]->XferHalfCpltCallback = TIM_DMADelayPulseHalfCplt;
 3465              		.loc 1 1397 17 is_stmt 0 view .LVU1008
 3466 0142 A26A     		ldr	r2, [r4, #40]
1397:Drivers/STM32F1xx_HAL_Driver/Src/stm32f1xx_hal_tim_ex.c ****       htim->hdma[TIM_DMA_ID_CC2]->XferHalfCpltCallback = TIM_DMADelayPulseHalfCplt;
 3467              		.loc 1 1397 52 view .LVU1009
 3468 0144 2449     		ldr	r1, .L306
 3469              	.LVL237:
1397:Drivers/STM32F1xx_HAL_Driver/Src/stm32f1xx_hal_tim_ex.c ****       htim->hdma[TIM_DMA_ID_CC2]->XferHalfCpltCallback = TIM_DMADelayPulseHalfCplt;
 3470              		.loc 1 1397 52 view .LVU1010
 3471 0146 9162     		str	r1, [r2, #40]
1398:Drivers/STM32F1xx_HAL_Driver/Src/stm32f1xx_hal_tim_ex.c **** 
 3472              		.loc 1 1398 7 is_stmt 1 view .LVU1011
1398:Drivers/STM32F1xx_HAL_Driver/Src/stm32f1xx_hal_tim_ex.c **** 
 3473              		.loc 1 1398 17 is_stmt 0 view .LVU1012
 3474 0148 A26A     		ldr	r2, [r4, #40]
1398:Drivers/STM32F1xx_HAL_Driver/Src/stm32f1xx_hal_tim_ex.c **** 
 3475              		.loc 1 1398 56 view .LVU1013
 3476 014a 2449     		ldr	r1, .L306+4
 3477 014c D162     		str	r1, [r2, #44]
1401:Drivers/STM32F1xx_HAL_Driver/Src/stm32f1xx_hal_tim_ex.c **** 
 3478              		.loc 1 1401 7 is_stmt 1 view .LVU1014
1401:Drivers/STM32F1xx_HAL_Driver/Src/stm32f1xx_hal_tim_ex.c **** 
 3479              		.loc 1 1401 17 is_stmt 0 view .LVU1015
 3480 014e A26A     		ldr	r2, [r4, #40]
ARM GAS  /tmp/ccr982nq.s 			page 120


1401:Drivers/STM32F1xx_HAL_Driver/Src/stm32f1xx_hal_tim_ex.c **** 
 3481              		.loc 1 1401 53 view .LVU1016
 3482 0150 2349     		ldr	r1, .L306+8
 3483 0152 1163     		str	r1, [r2, #48]
1404:Drivers/STM32F1xx_HAL_Driver/Src/stm32f1xx_hal_tim_ex.c ****                            Length) != HAL_OK)
 3484              		.loc 1 1404 7 is_stmt 1 view .LVU1017
1404:Drivers/STM32F1xx_HAL_Driver/Src/stm32f1xx_hal_tim_ex.c ****                            Length) != HAL_OK)
 3485              		.loc 1 1404 88 is_stmt 0 view .LVU1018
 3486 0154 2268     		ldr	r2, [r4]
1404:Drivers/STM32F1xx_HAL_Driver/Src/stm32f1xx_hal_tim_ex.c ****                            Length) != HAL_OK)
 3487              		.loc 1 1404 11 view .LVU1019
 3488 0156 3832     		adds	r2, r2, #56
 3489 0158 3146     		mov	r1, r6
 3490 015a A06A     		ldr	r0, [r4, #40]
 3491 015c FFF7FEFF 		bl	HAL_DMA_Start_IT
 3492              	.LVL238:
1404:Drivers/STM32F1xx_HAL_Driver/Src/stm32f1xx_hal_tim_ex.c ****                            Length) != HAL_OK)
 3493              		.loc 1 1404 10 discriminator 1 view .LVU1020
 3494 0160 0028     		cmp	r0, #0
 3495 0162 33D1     		bne	.L296
1411:Drivers/STM32F1xx_HAL_Driver/Src/stm32f1xx_hal_tim_ex.c ****       break;
 3496              		.loc 1 1411 7 is_stmt 1 view .LVU1021
 3497 0164 2268     		ldr	r2, [r4]
 3498 0166 D368     		ldr	r3, [r2, #12]
 3499 0168 43F48063 		orr	r3, r3, #1024
 3500 016c D360     		str	r3, [r2, #12]
1412:Drivers/STM32F1xx_HAL_Driver/Src/stm32f1xx_hal_tim_ex.c ****     }
 3501              		.loc 1 1412 7 view .LVU1022
1441:Drivers/STM32F1xx_HAL_Driver/Src/stm32f1xx_hal_tim_ex.c ****   {
 3502              		.loc 1 1441 3 view .LVU1023
 3503 016e 83E7     		b	.L287
 3504              	.LVL239:
 3505              	.L305:
1363:Drivers/STM32F1xx_HAL_Driver/Src/stm32f1xx_hal_tim_ex.c ****     }
 3506              		.loc 1 1363 7 is_stmt 0 discriminator 6 view .LVU1024
 3507 0170 0222     		movs	r2, #2
 3508 0172 84F84420 		strb	r2, [r4, #68]
1371:Drivers/STM32F1xx_HAL_Driver/Src/stm32f1xx_hal_tim_ex.c ****   {
 3509              		.loc 1 1371 3 is_stmt 1 view .LVU1025
 3510              	.L286:
1418:Drivers/STM32F1xx_HAL_Driver/Src/stm32f1xx_hal_tim_ex.c ****       htim->hdma[TIM_DMA_ID_CC3]->XferHalfCpltCallback = TIM_DMADelayPulseHalfCplt;
 3511              		.loc 1 1418 7 view .LVU1026
1418:Drivers/STM32F1xx_HAL_Driver/Src/stm32f1xx_hal_tim_ex.c ****       htim->hdma[TIM_DMA_ID_CC3]->XferHalfCpltCallback = TIM_DMADelayPulseHalfCplt;
 3512              		.loc 1 1418 17 is_stmt 0 view .LVU1027
 3513 0176 E26A     		ldr	r2, [r4, #44]
1418:Drivers/STM32F1xx_HAL_Driver/Src/stm32f1xx_hal_tim_ex.c ****       htim->hdma[TIM_DMA_ID_CC3]->XferHalfCpltCallback = TIM_DMADelayPulseHalfCplt;
 3514              		.loc 1 1418 52 view .LVU1028
 3515 0178 1749     		ldr	r1, .L306
 3516              	.LVL240:
1418:Drivers/STM32F1xx_HAL_Driver/Src/stm32f1xx_hal_tim_ex.c ****       htim->hdma[TIM_DMA_ID_CC3]->XferHalfCpltCallback = TIM_DMADelayPulseHalfCplt;
 3517              		.loc 1 1418 52 view .LVU1029
 3518 017a 9162     		str	r1, [r2, #40]
1419:Drivers/STM32F1xx_HAL_Driver/Src/stm32f1xx_hal_tim_ex.c **** 
 3519              		.loc 1 1419 7 is_stmt 1 view .LVU1030
1419:Drivers/STM32F1xx_HAL_Driver/Src/stm32f1xx_hal_tim_ex.c **** 
 3520              		.loc 1 1419 17 is_stmt 0 view .LVU1031
 3521 017c E26A     		ldr	r2, [r4, #44]
ARM GAS  /tmp/ccr982nq.s 			page 121


1419:Drivers/STM32F1xx_HAL_Driver/Src/stm32f1xx_hal_tim_ex.c **** 
 3522              		.loc 1 1419 56 view .LVU1032
 3523 017e 1749     		ldr	r1, .L306+4
 3524 0180 D162     		str	r1, [r2, #44]
1422:Drivers/STM32F1xx_HAL_Driver/Src/stm32f1xx_hal_tim_ex.c **** 
 3525              		.loc 1 1422 7 is_stmt 1 view .LVU1033
1422:Drivers/STM32F1xx_HAL_Driver/Src/stm32f1xx_hal_tim_ex.c **** 
 3526              		.loc 1 1422 17 is_stmt 0 view .LVU1034
 3527 0182 E26A     		ldr	r2, [r4, #44]
1422:Drivers/STM32F1xx_HAL_Driver/Src/stm32f1xx_hal_tim_ex.c **** 
 3528              		.loc 1 1422 53 view .LVU1035
 3529 0184 1649     		ldr	r1, .L306+8
 3530 0186 1163     		str	r1, [r2, #48]
1425:Drivers/STM32F1xx_HAL_Driver/Src/stm32f1xx_hal_tim_ex.c ****                            Length) != HAL_OK)
 3531              		.loc 1 1425 7 is_stmt 1 view .LVU1036
1425:Drivers/STM32F1xx_HAL_Driver/Src/stm32f1xx_hal_tim_ex.c ****                            Length) != HAL_OK)
 3532              		.loc 1 1425 88 is_stmt 0 view .LVU1037
 3533 0188 2268     		ldr	r2, [r4]
1425:Drivers/STM32F1xx_HAL_Driver/Src/stm32f1xx_hal_tim_ex.c ****                            Length) != HAL_OK)
 3534              		.loc 1 1425 11 view .LVU1038
 3535 018a 3C32     		adds	r2, r2, #60
 3536 018c 3146     		mov	r1, r6
 3537 018e E06A     		ldr	r0, [r4, #44]
 3538 0190 FFF7FEFF 		bl	HAL_DMA_Start_IT
 3539              	.LVL241:
1425:Drivers/STM32F1xx_HAL_Driver/Src/stm32f1xx_hal_tim_ex.c ****                            Length) != HAL_OK)
 3540              		.loc 1 1425 10 discriminator 1 view .LVU1039
 3541 0194 E0B9     		cbnz	r0, .L297
1432:Drivers/STM32F1xx_HAL_Driver/Src/stm32f1xx_hal_tim_ex.c ****       break;
 3542              		.loc 1 1432 7 is_stmt 1 view .LVU1040
 3543 0196 2268     		ldr	r2, [r4]
 3544 0198 D368     		ldr	r3, [r2, #12]
 3545 019a 43F40063 		orr	r3, r3, #2048
 3546 019e D360     		str	r3, [r2, #12]
1433:Drivers/STM32F1xx_HAL_Driver/Src/stm32f1xx_hal_tim_ex.c ****     }
 3547              		.loc 1 1433 7 view .LVU1041
1441:Drivers/STM32F1xx_HAL_Driver/Src/stm32f1xx_hal_tim_ex.c ****   {
 3548              		.loc 1 1441 3 view .LVU1042
 3549 01a0 6AE7     		b	.L287
 3550              	.L288:
1452:Drivers/STM32F1xx_HAL_Driver/Src/stm32f1xx_hal_tim_ex.c ****       if (!IS_TIM_SLAVEMODE_TRIGGER_ENABLED(tmpsmcr))
 3551              		.loc 1 1452 7 view .LVU1043
1452:Drivers/STM32F1xx_HAL_Driver/Src/stm32f1xx_hal_tim_ex.c ****       if (!IS_TIM_SLAVEMODE_TRIGGER_ENABLED(tmpsmcr))
 3552              		.loc 1 1452 31 is_stmt 0 view .LVU1044
 3553 01a2 9A68     		ldr	r2, [r3, #8]
1452:Drivers/STM32F1xx_HAL_Driver/Src/stm32f1xx_hal_tim_ex.c ****       if (!IS_TIM_SLAVEMODE_TRIGGER_ENABLED(tmpsmcr))
 3554              		.loc 1 1452 15 view .LVU1045
 3555 01a4 02F00702 		and	r2, r2, #7
 3556              	.LVL242:
1453:Drivers/STM32F1xx_HAL_Driver/Src/stm32f1xx_hal_tim_ex.c ****       {
 3557              		.loc 1 1453 7 is_stmt 1 view .LVU1046
1453:Drivers/STM32F1xx_HAL_Driver/Src/stm32f1xx_hal_tim_ex.c ****       {
 3558              		.loc 1 1453 10 is_stmt 0 view .LVU1047
 3559 01a8 062A     		cmp	r2, #6
 3560 01aa 13D0     		beq	.L298
1455:Drivers/STM32F1xx_HAL_Driver/Src/stm32f1xx_hal_tim_ex.c ****       }
 3561              		.loc 1 1455 9 is_stmt 1 view .LVU1048
ARM GAS  /tmp/ccr982nq.s 			page 122


 3562 01ac 1A68     		ldr	r2, [r3]
 3563              	.LVL243:
1455:Drivers/STM32F1xx_HAL_Driver/Src/stm32f1xx_hal_tim_ex.c ****       }
 3564              		.loc 1 1455 9 is_stmt 0 view .LVU1049
 3565 01ae 42F00102 		orr	r2, r2, #1
 3566 01b2 1A60     		str	r2, [r3]
 3567 01b4 0020     		movs	r0, #0
 3568 01b6 02E0     		b	.L276
 3569              	.LVL244:
 3570              	.L290:
1353:Drivers/STM32F1xx_HAL_Driver/Src/stm32f1xx_hal_tim_ex.c ****   }
 3571              		.loc 1 1353 12 view .LVU1050
 3572 01b8 0220     		movs	r0, #2
 3573 01ba 00E0     		b	.L276
 3574              	.LVL245:
 3575              	.L291:
1368:Drivers/STM32F1xx_HAL_Driver/Src/stm32f1xx_hal_tim_ex.c ****   }
 3576              		.loc 1 1368 12 view .LVU1051
 3577 01bc 0120     		movs	r0, #1
 3578              	.LVL246:
 3579              	.L276:
1466:Drivers/STM32F1xx_HAL_Driver/Src/stm32f1xx_hal_tim_ex.c **** 
 3580              		.loc 1 1466 1 view .LVU1052
 3581 01be 70BD     		pop	{r4, r5, r6, pc}
 3582              	.LVL247:
 3583              	.L292:
1359:Drivers/STM32F1xx_HAL_Driver/Src/stm32f1xx_hal_tim_ex.c ****     }
 3584              		.loc 1 1359 14 view .LVU1053
 3585 01c0 0120     		movs	r0, #1
 3586 01c2 FCE7     		b	.L276
 3587              	.L293:
 3588 01c4 0120     		movs	r0, #1
 3589 01c6 FAE7     		b	.L276
 3590              	.LVL248:
 3591              	.L295:
1387:Drivers/STM32F1xx_HAL_Driver/Src/stm32f1xx_hal_tim_ex.c ****       }
 3592              		.loc 1 1387 16 view .LVU1054
 3593 01c8 0120     		movs	r0, #1
 3594 01ca F8E7     		b	.L276
 3595              	.L296:
1408:Drivers/STM32F1xx_HAL_Driver/Src/stm32f1xx_hal_tim_ex.c ****       }
 3596              		.loc 1 1408 16 view .LVU1055
 3597 01cc 0120     		movs	r0, #1
 3598 01ce F6E7     		b	.L276
 3599              	.L297:
1429:Drivers/STM32F1xx_HAL_Driver/Src/stm32f1xx_hal_tim_ex.c ****       }
 3600              		.loc 1 1429 16 view .LVU1056
 3601 01d0 0120     		movs	r0, #1
 3602 01d2 F4E7     		b	.L276
 3603              	.LVL249:
 3604              	.L298:
1429:Drivers/STM32F1xx_HAL_Driver/Src/stm32f1xx_hal_tim_ex.c ****       }
 3605              		.loc 1 1429 16 view .LVU1057
 3606 01d4 0020     		movs	r0, #0
 3607 01d6 F2E7     		b	.L276
 3608              	.L307:
 3609              		.align	2
ARM GAS  /tmp/ccr982nq.s 			page 123


 3610              	.L306:
 3611 01d8 00000000 		.word	TIM_DMADelayPulseNCplt
 3612 01dc 00000000 		.word	TIM_DMADelayPulseHalfCplt
 3613 01e0 00000000 		.word	TIM_DMAErrorCCxN
 3614 01e4 002C0140 		.word	1073818624
 3615              		.cfi_endproc
 3616              	.LFE85:
 3618              		.section	.text.HAL_TIMEx_PWMN_Stop_DMA,"ax",%progbits
 3619              		.align	1
 3620              		.global	HAL_TIMEx_PWMN_Stop_DMA
 3621              		.syntax unified
 3622              		.thumb
 3623              		.thumb_func
 3625              	HAL_TIMEx_PWMN_Stop_DMA:
 3626              	.LVL250:
 3627              	.LFB86:
1480:Drivers/STM32F1xx_HAL_Driver/Src/stm32f1xx_hal_tim_ex.c ****   HAL_StatusTypeDef status = HAL_OK;
 3628              		.loc 1 1480 1 is_stmt 1 view -0
 3629              		.cfi_startproc
 3630              		@ args = 0, pretend = 0, frame = 0
 3631              		@ frame_needed = 0, uses_anonymous_args = 0
1480:Drivers/STM32F1xx_HAL_Driver/Src/stm32f1xx_hal_tim_ex.c ****   HAL_StatusTypeDef status = HAL_OK;
 3632              		.loc 1 1480 1 is_stmt 0 view .LVU1059
 3633 0000 38B5     		push	{r3, r4, r5, lr}
 3634              		.cfi_def_cfa_offset 16
 3635              		.cfi_offset 3, -16
 3636              		.cfi_offset 4, -12
 3637              		.cfi_offset 5, -8
 3638              		.cfi_offset 14, -4
 3639 0002 0446     		mov	r4, r0
 3640 0004 0D46     		mov	r5, r1
1481:Drivers/STM32F1xx_HAL_Driver/Src/stm32f1xx_hal_tim_ex.c **** 
 3641              		.loc 1 1481 3 is_stmt 1 view .LVU1060
 3642              	.LVL251:
1484:Drivers/STM32F1xx_HAL_Driver/Src/stm32f1xx_hal_tim_ex.c **** 
 3643              		.loc 1 1484 3 view .LVU1061
1486:Drivers/STM32F1xx_HAL_Driver/Src/stm32f1xx_hal_tim_ex.c ****   {
 3644              		.loc 1 1486 3 view .LVU1062
 3645 0006 0429     		cmp	r1, #4
 3646 0008 34D0     		beq	.L309
 3647 000a 0829     		cmp	r1, #8
 3648 000c 3BD0     		beq	.L310
 3649 000e 0029     		cmp	r1, #0
 3650 0010 55D1     		bne	.L318
1491:Drivers/STM32F1xx_HAL_Driver/Src/stm32f1xx_hal_tim_ex.c ****       (void)HAL_DMA_Abort_IT(htim->hdma[TIM_DMA_ID_CC1]);
 3651              		.loc 1 1491 7 view .LVU1063
 3652 0012 0268     		ldr	r2, [r0]
 3653 0014 D368     		ldr	r3, [r2, #12]
 3654 0016 23F40073 		bic	r3, r3, #512
 3655 001a D360     		str	r3, [r2, #12]
1492:Drivers/STM32F1xx_HAL_Driver/Src/stm32f1xx_hal_tim_ex.c ****       break;
 3656              		.loc 1 1492 7 view .LVU1064
1492:Drivers/STM32F1xx_HAL_Driver/Src/stm32f1xx_hal_tim_ex.c ****       break;
 3657              		.loc 1 1492 13 is_stmt 0 view .LVU1065
 3658 001c 406A     		ldr	r0, [r0, #36]
 3659              	.LVL252:
1492:Drivers/STM32F1xx_HAL_Driver/Src/stm32f1xx_hal_tim_ex.c ****       break;
ARM GAS  /tmp/ccr982nq.s 			page 124


 3660              		.loc 1 1492 13 view .LVU1066
 3661 001e FFF7FEFF 		bl	HAL_DMA_Abort_IT
 3662              	.LVL253:
1493:Drivers/STM32F1xx_HAL_Driver/Src/stm32f1xx_hal_tim_ex.c ****     }
 3663              		.loc 1 1493 7 is_stmt 1 view .LVU1067
1517:Drivers/STM32F1xx_HAL_Driver/Src/stm32f1xx_hal_tim_ex.c ****   {
 3664              		.loc 1 1517 3 view .LVU1068
 3665              	.L312:
1520:Drivers/STM32F1xx_HAL_Driver/Src/stm32f1xx_hal_tim_ex.c **** 
 3666              		.loc 1 1520 5 view .LVU1069
 3667 0022 0022     		movs	r2, #0
 3668 0024 2946     		mov	r1, r5
 3669 0026 2068     		ldr	r0, [r4]
 3670 0028 FFF7FEFF 		bl	TIM_CCxNChannelCmd
 3671              	.LVL254:
1523:Drivers/STM32F1xx_HAL_Driver/Src/stm32f1xx_hal_tim_ex.c **** 
 3672              		.loc 1 1523 5 view .LVU1070
1523:Drivers/STM32F1xx_HAL_Driver/Src/stm32f1xx_hal_tim_ex.c **** 
 3673              		.loc 1 1523 5 view .LVU1071
 3674 002c 2368     		ldr	r3, [r4]
 3675 002e 196A     		ldr	r1, [r3, #32]
 3676 0030 41F21112 		movw	r2, #4369
 3677 0034 1142     		tst	r1, r2
 3678 0036 08D1     		bne	.L313
1523:Drivers/STM32F1xx_HAL_Driver/Src/stm32f1xx_hal_tim_ex.c **** 
 3679              		.loc 1 1523 5 discriminator 1 view .LVU1072
 3680 0038 196A     		ldr	r1, [r3, #32]
 3681 003a 40F24442 		movw	r2, #1092
 3682 003e 1142     		tst	r1, r2
 3683 0040 03D1     		bne	.L313
1523:Drivers/STM32F1xx_HAL_Driver/Src/stm32f1xx_hal_tim_ex.c **** 
 3684              		.loc 1 1523 5 discriminator 3 view .LVU1073
 3685 0042 5A6C     		ldr	r2, [r3, #68]
 3686 0044 22F40042 		bic	r2, r2, #32768
 3687 0048 5A64     		str	r2, [r3, #68]
 3688              	.L313:
1523:Drivers/STM32F1xx_HAL_Driver/Src/stm32f1xx_hal_tim_ex.c **** 
 3689              		.loc 1 1523 5 discriminator 5 view .LVU1074
1526:Drivers/STM32F1xx_HAL_Driver/Src/stm32f1xx_hal_tim_ex.c **** 
 3690              		.loc 1 1526 5 view .LVU1075
1526:Drivers/STM32F1xx_HAL_Driver/Src/stm32f1xx_hal_tim_ex.c **** 
 3691              		.loc 1 1526 5 view .LVU1076
 3692 004a 2368     		ldr	r3, [r4]
 3693 004c 196A     		ldr	r1, [r3, #32]
 3694 004e 41F21112 		movw	r2, #4369
 3695 0052 1142     		tst	r1, r2
 3696 0054 08D1     		bne	.L314
1526:Drivers/STM32F1xx_HAL_Driver/Src/stm32f1xx_hal_tim_ex.c **** 
 3697              		.loc 1 1526 5 discriminator 1 view .LVU1077
 3698 0056 196A     		ldr	r1, [r3, #32]
 3699 0058 40F24442 		movw	r2, #1092
 3700 005c 1142     		tst	r1, r2
 3701 005e 03D1     		bne	.L314
1526:Drivers/STM32F1xx_HAL_Driver/Src/stm32f1xx_hal_tim_ex.c **** 
 3702              		.loc 1 1526 5 discriminator 3 view .LVU1078
 3703 0060 1A68     		ldr	r2, [r3]
 3704 0062 22F00102 		bic	r2, r2, #1
ARM GAS  /tmp/ccr982nq.s 			page 125


 3705 0066 1A60     		str	r2, [r3]
 3706              	.L314:
1526:Drivers/STM32F1xx_HAL_Driver/Src/stm32f1xx_hal_tim_ex.c **** 
 3707              		.loc 1 1526 5 discriminator 5 view .LVU1079
1529:Drivers/STM32F1xx_HAL_Driver/Src/stm32f1xx_hal_tim_ex.c ****   }
 3708              		.loc 1 1529 5 view .LVU1080
 3709 0068 B5B9     		cbnz	r5, .L315
1529:Drivers/STM32F1xx_HAL_Driver/Src/stm32f1xx_hal_tim_ex.c ****   }
 3710              		.loc 1 1529 5 is_stmt 0 discriminator 1 view .LVU1081
 3711 006a 0123     		movs	r3, #1
 3712 006c 84F84230 		strb	r3, [r4, #66]
 3713 0070 0020     		movs	r0, #0
 3714              	.L311:
 3715              	.LVL255:
1533:Drivers/STM32F1xx_HAL_Driver/Src/stm32f1xx_hal_tim_ex.c **** }
 3716              		.loc 1 1533 3 is_stmt 1 view .LVU1082
1534:Drivers/STM32F1xx_HAL_Driver/Src/stm32f1xx_hal_tim_ex.c **** 
 3717              		.loc 1 1534 1 is_stmt 0 view .LVU1083
 3718 0072 38BD     		pop	{r3, r4, r5, pc}
 3719              	.LVL256:
 3720              	.L309:
1499:Drivers/STM32F1xx_HAL_Driver/Src/stm32f1xx_hal_tim_ex.c ****       (void)HAL_DMA_Abort_IT(htim->hdma[TIM_DMA_ID_CC2]);
 3721              		.loc 1 1499 7 is_stmt 1 view .LVU1084
 3722 0074 0268     		ldr	r2, [r0]
 3723 0076 D368     		ldr	r3, [r2, #12]
 3724 0078 23F48063 		bic	r3, r3, #1024
 3725 007c D360     		str	r3, [r2, #12]
1500:Drivers/STM32F1xx_HAL_Driver/Src/stm32f1xx_hal_tim_ex.c ****       break;
 3726              		.loc 1 1500 7 view .LVU1085
1500:Drivers/STM32F1xx_HAL_Driver/Src/stm32f1xx_hal_tim_ex.c ****       break;
 3727              		.loc 1 1500 13 is_stmt 0 view .LVU1086
 3728 007e 806A     		ldr	r0, [r0, #40]
 3729              	.LVL257:
1500:Drivers/STM32F1xx_HAL_Driver/Src/stm32f1xx_hal_tim_ex.c ****       break;
 3730              		.loc 1 1500 13 view .LVU1087
 3731 0080 FFF7FEFF 		bl	HAL_DMA_Abort_IT
 3732              	.LVL258:
1501:Drivers/STM32F1xx_HAL_Driver/Src/stm32f1xx_hal_tim_ex.c ****     }
 3733              		.loc 1 1501 7 is_stmt 1 view .LVU1088
1517:Drivers/STM32F1xx_HAL_Driver/Src/stm32f1xx_hal_tim_ex.c ****   {
 3734              		.loc 1 1517 3 view .LVU1089
 3735 0084 CDE7     		b	.L312
 3736              	.LVL259:
 3737              	.L310:
1507:Drivers/STM32F1xx_HAL_Driver/Src/stm32f1xx_hal_tim_ex.c ****       (void)HAL_DMA_Abort_IT(htim->hdma[TIM_DMA_ID_CC3]);
 3738              		.loc 1 1507 7 view .LVU1090
 3739 0086 0268     		ldr	r2, [r0]
 3740 0088 D368     		ldr	r3, [r2, #12]
 3741 008a 23F40063 		bic	r3, r3, #2048
 3742 008e D360     		str	r3, [r2, #12]
1508:Drivers/STM32F1xx_HAL_Driver/Src/stm32f1xx_hal_tim_ex.c ****       break;
 3743              		.loc 1 1508 7 view .LVU1091
1508:Drivers/STM32F1xx_HAL_Driver/Src/stm32f1xx_hal_tim_ex.c ****       break;
 3744              		.loc 1 1508 13 is_stmt 0 view .LVU1092
 3745 0090 C06A     		ldr	r0, [r0, #44]
 3746              	.LVL260:
1508:Drivers/STM32F1xx_HAL_Driver/Src/stm32f1xx_hal_tim_ex.c ****       break;
ARM GAS  /tmp/ccr982nq.s 			page 126


 3747              		.loc 1 1508 13 view .LVU1093
 3748 0092 FFF7FEFF 		bl	HAL_DMA_Abort_IT
 3749              	.LVL261:
1509:Drivers/STM32F1xx_HAL_Driver/Src/stm32f1xx_hal_tim_ex.c ****     }
 3750              		.loc 1 1509 7 is_stmt 1 view .LVU1094
1517:Drivers/STM32F1xx_HAL_Driver/Src/stm32f1xx_hal_tim_ex.c ****   {
 3751              		.loc 1 1517 3 view .LVU1095
 3752 0096 C4E7     		b	.L312
 3753              	.L315:
1529:Drivers/STM32F1xx_HAL_Driver/Src/stm32f1xx_hal_tim_ex.c ****   }
 3754              		.loc 1 1529 5 is_stmt 0 discriminator 2 view .LVU1096
 3755 0098 042D     		cmp	r5, #4
 3756 009a 06D0     		beq	.L320
1529:Drivers/STM32F1xx_HAL_Driver/Src/stm32f1xx_hal_tim_ex.c ****   }
 3757              		.loc 1 1529 5 discriminator 4 view .LVU1097
 3758 009c 082D     		cmp	r5, #8
 3759 009e 09D0     		beq	.L321
1529:Drivers/STM32F1xx_HAL_Driver/Src/stm32f1xx_hal_tim_ex.c ****   }
 3760              		.loc 1 1529 5 discriminator 7 view .LVU1098
 3761 00a0 0123     		movs	r3, #1
 3762 00a2 84F84530 		strb	r3, [r4, #69]
 3763 00a6 0020     		movs	r0, #0
 3764 00a8 E3E7     		b	.L311
 3765              	.L320:
1529:Drivers/STM32F1xx_HAL_Driver/Src/stm32f1xx_hal_tim_ex.c ****   }
 3766              		.loc 1 1529 5 discriminator 3 view .LVU1099
 3767 00aa 0123     		movs	r3, #1
 3768 00ac 84F84330 		strb	r3, [r4, #67]
 3769 00b0 0020     		movs	r0, #0
 3770 00b2 DEE7     		b	.L311
 3771              	.L321:
1529:Drivers/STM32F1xx_HAL_Driver/Src/stm32f1xx_hal_tim_ex.c ****   }
 3772              		.loc 1 1529 5 discriminator 6 view .LVU1100
 3773 00b4 0123     		movs	r3, #1
 3774 00b6 84F84430 		strb	r3, [r4, #68]
 3775 00ba 0020     		movs	r0, #0
 3776 00bc D9E7     		b	.L311
 3777              	.LVL262:
 3778              	.L318:
1486:Drivers/STM32F1xx_HAL_Driver/Src/stm32f1xx_hal_tim_ex.c ****   {
 3779              		.loc 1 1486 3 view .LVU1101
 3780 00be 0120     		movs	r0, #1
 3781              	.LVL263:
1486:Drivers/STM32F1xx_HAL_Driver/Src/stm32f1xx_hal_tim_ex.c ****   {
 3782              		.loc 1 1486 3 view .LVU1102
 3783 00c0 D7E7     		b	.L311
 3784              		.cfi_endproc
 3785              	.LFE86:
 3787              		.section	.text.HAL_TIMEx_OnePulseN_Start,"ax",%progbits
 3788              		.align	1
 3789              		.global	HAL_TIMEx_OnePulseN_Start
 3790              		.syntax unified
 3791              		.thumb
 3792              		.thumb_func
 3794              	HAL_TIMEx_OnePulseN_Start:
 3795              	.LVL264:
 3796              	.LFB87:
ARM GAS  /tmp/ccr982nq.s 			page 127


1571:Drivers/STM32F1xx_HAL_Driver/Src/stm32f1xx_hal_tim_ex.c ****   uint32_t input_channel = (OutputChannel == TIM_CHANNEL_1) ? TIM_CHANNEL_2 : TIM_CHANNEL_1;
 3797              		.loc 1 1571 1 is_stmt 1 view -0
 3798              		.cfi_startproc
 3799              		@ args = 0, pretend = 0, frame = 0
 3800              		@ frame_needed = 0, uses_anonymous_args = 0
1571:Drivers/STM32F1xx_HAL_Driver/Src/stm32f1xx_hal_tim_ex.c ****   uint32_t input_channel = (OutputChannel == TIM_CHANNEL_1) ? TIM_CHANNEL_2 : TIM_CHANNEL_1;
 3801              		.loc 1 1571 1 is_stmt 0 view .LVU1104
 3802 0000 70B5     		push	{r4, r5, r6, lr}
 3803              		.cfi_def_cfa_offset 16
 3804              		.cfi_offset 4, -16
 3805              		.cfi_offset 5, -12
 3806              		.cfi_offset 6, -8
 3807              		.cfi_offset 14, -4
 3808 0002 0446     		mov	r4, r0
1572:Drivers/STM32F1xx_HAL_Driver/Src/stm32f1xx_hal_tim_ex.c ****   HAL_TIM_ChannelStateTypeDef channel_1_state = TIM_CHANNEL_STATE_GET(htim, TIM_CHANNEL_1);
 3809              		.loc 1 1572 3 is_stmt 1 view .LVU1105
1572:Drivers/STM32F1xx_HAL_Driver/Src/stm32f1xx_hal_tim_ex.c ****   HAL_TIM_ChannelStateTypeDef channel_1_state = TIM_CHANNEL_STATE_GET(htim, TIM_CHANNEL_1);
 3810              		.loc 1 1572 77 is_stmt 0 view .LVU1106
 3811 0004 0E46     		mov	r6, r1
 3812 0006 D1B9     		cbnz	r1, .L325
1572:Drivers/STM32F1xx_HAL_Driver/Src/stm32f1xx_hal_tim_ex.c ****   HAL_TIM_ChannelStateTypeDef channel_1_state = TIM_CHANNEL_STATE_GET(htim, TIM_CHANNEL_1);
 3813              		.loc 1 1572 77 discriminator 1 view .LVU1107
 3814 0008 0425     		movs	r5, #4
 3815              	.L323:
 3816              	.LVL265:
1573:Drivers/STM32F1xx_HAL_Driver/Src/stm32f1xx_hal_tim_ex.c ****   HAL_TIM_ChannelStateTypeDef channel_2_state = TIM_CHANNEL_STATE_GET(htim, TIM_CHANNEL_2);
 3817              		.loc 1 1573 3 is_stmt 1 view .LVU1108
1573:Drivers/STM32F1xx_HAL_Driver/Src/stm32f1xx_hal_tim_ex.c ****   HAL_TIM_ChannelStateTypeDef channel_2_state = TIM_CHANNEL_STATE_GET(htim, TIM_CHANNEL_2);
 3818              		.loc 1 1573 31 is_stmt 0 view .LVU1109
 3819 000a 94F83EE0 		ldrb	lr, [r4, #62]	@ zero_extendqisi2
 3820 000e 5FFA8EF0 		uxtb	r0, lr
 3821              	.LVL266:
1574:Drivers/STM32F1xx_HAL_Driver/Src/stm32f1xx_hal_tim_ex.c ****   HAL_TIM_ChannelStateTypeDef complementary_channel_1_state = TIM_CHANNEL_N_STATE_GET(htim, TIM_CHA
 3822              		.loc 1 1574 3 is_stmt 1 view .LVU1110
1574:Drivers/STM32F1xx_HAL_Driver/Src/stm32f1xx_hal_tim_ex.c ****   HAL_TIM_ChannelStateTypeDef complementary_channel_1_state = TIM_CHANNEL_N_STATE_GET(htim, TIM_CHA
 3823              		.loc 1 1574 31 is_stmt 0 view .LVU1111
 3824 0012 94F83F30 		ldrb	r3, [r4, #63]	@ zero_extendqisi2
 3825 0016 DBB2     		uxtb	r3, r3
 3826              	.LVL267:
1575:Drivers/STM32F1xx_HAL_Driver/Src/stm32f1xx_hal_tim_ex.c ****   HAL_TIM_ChannelStateTypeDef complementary_channel_2_state = TIM_CHANNEL_N_STATE_GET(htim, TIM_CHA
 3827              		.loc 1 1575 3 is_stmt 1 view .LVU1112
1575:Drivers/STM32F1xx_HAL_Driver/Src/stm32f1xx_hal_tim_ex.c ****   HAL_TIM_ChannelStateTypeDef complementary_channel_2_state = TIM_CHANNEL_N_STATE_GET(htim, TIM_CHA
 3828              		.loc 1 1575 31 is_stmt 0 view .LVU1113
 3829 0018 94F84220 		ldrb	r2, [r4, #66]	@ zero_extendqisi2
 3830 001c D2B2     		uxtb	r2, r2
 3831              	.LVL268:
1576:Drivers/STM32F1xx_HAL_Driver/Src/stm32f1xx_hal_tim_ex.c **** 
 3832              		.loc 1 1576 3 is_stmt 1 view .LVU1114
1576:Drivers/STM32F1xx_HAL_Driver/Src/stm32f1xx_hal_tim_ex.c **** 
 3833              		.loc 1 1576 31 is_stmt 0 view .LVU1115
 3834 001e 94F843C0 		ldrb	ip, [r4, #67]	@ zero_extendqisi2
 3835 0022 5FFA8CFC 		uxtb	ip, ip
 3836              	.LVL269:
1579:Drivers/STM32F1xx_HAL_Driver/Src/stm32f1xx_hal_tim_ex.c **** 
 3837              		.loc 1 1579 3 is_stmt 1 view .LVU1116
1582:Drivers/STM32F1xx_HAL_Driver/Src/stm32f1xx_hal_tim_ex.c ****       || (channel_2_state != HAL_TIM_CHANNEL_STATE_READY)
 3838              		.loc 1 1582 3 view .LVU1117
ARM GAS  /tmp/ccr982nq.s 			page 128


1582:Drivers/STM32F1xx_HAL_Driver/Src/stm32f1xx_hal_tim_ex.c ****       || (channel_2_state != HAL_TIM_CHANNEL_STATE_READY)
 3839              		.loc 1 1582 6 is_stmt 0 view .LVU1118
 3840 0026 BEF1010F 		cmp	lr, #1
 3841 002a 24D1     		bne	.L326
1583:Drivers/STM32F1xx_HAL_Driver/Src/stm32f1xx_hal_tim_ex.c ****       || (complementary_channel_1_state != HAL_TIM_CHANNEL_STATE_READY)
 3842              		.loc 1 1583 7 view .LVU1119
 3843 002c 012B     		cmp	r3, #1
 3844 002e 23D1     		bne	.L324
1584:Drivers/STM32F1xx_HAL_Driver/Src/stm32f1xx_hal_tim_ex.c ****       || (complementary_channel_2_state != HAL_TIM_CHANNEL_STATE_READY))
 3845              		.loc 1 1584 7 view .LVU1120
 3846 0030 012A     		cmp	r2, #1
 3847 0032 22D1     		bne	.L327
1585:Drivers/STM32F1xx_HAL_Driver/Src/stm32f1xx_hal_tim_ex.c ****   {
 3848              		.loc 1 1585 7 view .LVU1121
 3849 0034 BCF1010F 		cmp	ip, #1
 3850 0038 03D0     		beq	.L330
1587:Drivers/STM32F1xx_HAL_Driver/Src/stm32f1xx_hal_tim_ex.c ****   }
 3851              		.loc 1 1587 12 view .LVU1122
 3852 003a 1046     		mov	r0, r2
 3853              	.LVL270:
1587:Drivers/STM32F1xx_HAL_Driver/Src/stm32f1xx_hal_tim_ex.c ****   }
 3854              		.loc 1 1587 12 view .LVU1123
 3855 003c 1CE0     		b	.L324
 3856              	.LVL271:
 3857              	.L325:
1572:Drivers/STM32F1xx_HAL_Driver/Src/stm32f1xx_hal_tim_ex.c ****   HAL_TIM_ChannelStateTypeDef channel_1_state = TIM_CHANNEL_STATE_GET(htim, TIM_CHANNEL_1);
 3858              		.loc 1 1572 77 discriminator 2 view .LVU1124
 3859 003e 0025     		movs	r5, #0
 3860 0040 E3E7     		b	.L323
 3861              	.LVL272:
 3862              	.L330:
1591:Drivers/STM32F1xx_HAL_Driver/Src/stm32f1xx_hal_tim_ex.c ****   TIM_CHANNEL_STATE_SET(htim, TIM_CHANNEL_2, HAL_TIM_CHANNEL_STATE_BUSY);
 3863              		.loc 1 1591 3 is_stmt 1 view .LVU1125
 3864 0042 0223     		movs	r3, #2
 3865              	.LVL273:
1591:Drivers/STM32F1xx_HAL_Driver/Src/stm32f1xx_hal_tim_ex.c ****   TIM_CHANNEL_STATE_SET(htim, TIM_CHANNEL_2, HAL_TIM_CHANNEL_STATE_BUSY);
 3866              		.loc 1 1591 3 is_stmt 0 view .LVU1126
 3867 0044 84F83E30 		strb	r3, [r4, #62]
1592:Drivers/STM32F1xx_HAL_Driver/Src/stm32f1xx_hal_tim_ex.c ****   TIM_CHANNEL_N_STATE_SET(htim, TIM_CHANNEL_1, HAL_TIM_CHANNEL_STATE_BUSY);
 3868              		.loc 1 1592 3 is_stmt 1 view .LVU1127
 3869 0048 84F83F30 		strb	r3, [r4, #63]
1593:Drivers/STM32F1xx_HAL_Driver/Src/stm32f1xx_hal_tim_ex.c ****   TIM_CHANNEL_N_STATE_SET(htim, TIM_CHANNEL_2, HAL_TIM_CHANNEL_STATE_BUSY);
 3870              		.loc 1 1593 3 view .LVU1128
 3871 004c 84F84230 		strb	r3, [r4, #66]
1594:Drivers/STM32F1xx_HAL_Driver/Src/stm32f1xx_hal_tim_ex.c **** 
 3872              		.loc 1 1594 3 view .LVU1129
 3873 0050 84F84330 		strb	r3, [r4, #67]
1597:Drivers/STM32F1xx_HAL_Driver/Src/stm32f1xx_hal_tim_ex.c ****   TIM_CCxChannelCmd(htim->Instance, input_channel, TIM_CCx_ENABLE);
 3874              		.loc 1 1597 3 view .LVU1130
 3875 0054 0422     		movs	r2, #4
 3876              	.LVL274:
1597:Drivers/STM32F1xx_HAL_Driver/Src/stm32f1xx_hal_tim_ex.c ****   TIM_CCxChannelCmd(htim->Instance, input_channel, TIM_CCx_ENABLE);
 3877              		.loc 1 1597 3 is_stmt 0 view .LVU1131
 3878 0056 3146     		mov	r1, r6
 3879              	.LVL275:
1597:Drivers/STM32F1xx_HAL_Driver/Src/stm32f1xx_hal_tim_ex.c ****   TIM_CCxChannelCmd(htim->Instance, input_channel, TIM_CCx_ENABLE);
 3880              		.loc 1 1597 3 view .LVU1132
ARM GAS  /tmp/ccr982nq.s 			page 129


 3881 0058 2068     		ldr	r0, [r4]
 3882              	.LVL276:
1597:Drivers/STM32F1xx_HAL_Driver/Src/stm32f1xx_hal_tim_ex.c ****   TIM_CCxChannelCmd(htim->Instance, input_channel, TIM_CCx_ENABLE);
 3883              		.loc 1 1597 3 view .LVU1133
 3884 005a FFF7FEFF 		bl	TIM_CCxNChannelCmd
 3885              	.LVL277:
1598:Drivers/STM32F1xx_HAL_Driver/Src/stm32f1xx_hal_tim_ex.c **** 
 3886              		.loc 1 1598 3 is_stmt 1 view .LVU1134
 3887 005e 0122     		movs	r2, #1
 3888 0060 2946     		mov	r1, r5
 3889 0062 2068     		ldr	r0, [r4]
 3890 0064 FFF7FEFF 		bl	TIM_CCxChannelCmd
 3891              	.LVL278:
1601:Drivers/STM32F1xx_HAL_Driver/Src/stm32f1xx_hal_tim_ex.c **** 
 3892              		.loc 1 1601 3 view .LVU1135
 3893 0068 2268     		ldr	r2, [r4]
 3894 006a 536C     		ldr	r3, [r2, #68]
 3895 006c 43F40043 		orr	r3, r3, #32768
 3896 0070 5364     		str	r3, [r2, #68]
1604:Drivers/STM32F1xx_HAL_Driver/Src/stm32f1xx_hal_tim_ex.c **** }
 3897              		.loc 1 1604 3 view .LVU1136
1604:Drivers/STM32F1xx_HAL_Driver/Src/stm32f1xx_hal_tim_ex.c **** }
 3898              		.loc 1 1604 10 is_stmt 0 view .LVU1137
 3899 0072 0020     		movs	r0, #0
 3900 0074 00E0     		b	.L324
 3901              	.LVL279:
 3902              	.L326:
1587:Drivers/STM32F1xx_HAL_Driver/Src/stm32f1xx_hal_tim_ex.c ****   }
 3903              		.loc 1 1587 12 view .LVU1138
 3904 0076 0120     		movs	r0, #1
 3905              	.LVL280:
 3906              	.L324:
1605:Drivers/STM32F1xx_HAL_Driver/Src/stm32f1xx_hal_tim_ex.c **** 
 3907              		.loc 1 1605 1 view .LVU1139
 3908 0078 70BD     		pop	{r4, r5, r6, pc}
 3909              	.LVL281:
 3910              	.L327:
1587:Drivers/STM32F1xx_HAL_Driver/Src/stm32f1xx_hal_tim_ex.c ****   }
 3911              		.loc 1 1587 12 view .LVU1140
 3912 007a 1846     		mov	r0, r3
 3913              	.LVL282:
1587:Drivers/STM32F1xx_HAL_Driver/Src/stm32f1xx_hal_tim_ex.c ****   }
 3914              		.loc 1 1587 12 view .LVU1141
 3915 007c FCE7     		b	.L324
 3916              		.cfi_endproc
 3917              	.LFE87:
 3919              		.section	.text.HAL_TIMEx_OnePulseN_Stop,"ax",%progbits
 3920              		.align	1
 3921              		.global	HAL_TIMEx_OnePulseN_Stop
 3922              		.syntax unified
 3923              		.thumb
 3924              		.thumb_func
 3926              	HAL_TIMEx_OnePulseN_Stop:
 3927              	.LVL283:
 3928              	.LFB88:
1620:Drivers/STM32F1xx_HAL_Driver/Src/stm32f1xx_hal_tim_ex.c ****   uint32_t input_channel = (OutputChannel == TIM_CHANNEL_1) ? TIM_CHANNEL_2 : TIM_CHANNEL_1;
 3929              		.loc 1 1620 1 is_stmt 1 view -0
ARM GAS  /tmp/ccr982nq.s 			page 130


 3930              		.cfi_startproc
 3931              		@ args = 0, pretend = 0, frame = 0
 3932              		@ frame_needed = 0, uses_anonymous_args = 0
1620:Drivers/STM32F1xx_HAL_Driver/Src/stm32f1xx_hal_tim_ex.c ****   uint32_t input_channel = (OutputChannel == TIM_CHANNEL_1) ? TIM_CHANNEL_2 : TIM_CHANNEL_1;
 3933              		.loc 1 1620 1 is_stmt 0 view .LVU1143
 3934 0000 38B5     		push	{r3, r4, r5, lr}
 3935              		.cfi_def_cfa_offset 16
 3936              		.cfi_offset 3, -16
 3937              		.cfi_offset 4, -12
 3938              		.cfi_offset 5, -8
 3939              		.cfi_offset 14, -4
 3940 0002 0446     		mov	r4, r0
1621:Drivers/STM32F1xx_HAL_Driver/Src/stm32f1xx_hal_tim_ex.c **** 
 3941              		.loc 1 1621 3 is_stmt 1 view .LVU1144
1621:Drivers/STM32F1xx_HAL_Driver/Src/stm32f1xx_hal_tim_ex.c **** 
 3942              		.loc 1 1621 77 is_stmt 0 view .LVU1145
 3943 0004 0029     		cmp	r1, #0
 3944 0006 32D1     		bne	.L335
1621:Drivers/STM32F1xx_HAL_Driver/Src/stm32f1xx_hal_tim_ex.c **** 
 3945              		.loc 1 1621 77 discriminator 1 view .LVU1146
 3946 0008 0425     		movs	r5, #4
 3947              	.L332:
 3948              	.LVL284:
1624:Drivers/STM32F1xx_HAL_Driver/Src/stm32f1xx_hal_tim_ex.c **** 
 3949              		.loc 1 1624 3 is_stmt 1 view .LVU1147
1627:Drivers/STM32F1xx_HAL_Driver/Src/stm32f1xx_hal_tim_ex.c ****   TIM_CCxChannelCmd(htim->Instance, input_channel, TIM_CCx_DISABLE);
 3950              		.loc 1 1627 3 view .LVU1148
 3951 000a 0022     		movs	r2, #0
 3952 000c 2068     		ldr	r0, [r4]
 3953              	.LVL285:
1627:Drivers/STM32F1xx_HAL_Driver/Src/stm32f1xx_hal_tim_ex.c ****   TIM_CCxChannelCmd(htim->Instance, input_channel, TIM_CCx_DISABLE);
 3954              		.loc 1 1627 3 is_stmt 0 view .LVU1149
 3955 000e FFF7FEFF 		bl	TIM_CCxNChannelCmd
 3956              	.LVL286:
1628:Drivers/STM32F1xx_HAL_Driver/Src/stm32f1xx_hal_tim_ex.c **** 
 3957              		.loc 1 1628 3 is_stmt 1 view .LVU1150
 3958 0012 0022     		movs	r2, #0
 3959 0014 2946     		mov	r1, r5
 3960 0016 2068     		ldr	r0, [r4]
 3961 0018 FFF7FEFF 		bl	TIM_CCxChannelCmd
 3962              	.LVL287:
1631:Drivers/STM32F1xx_HAL_Driver/Src/stm32f1xx_hal_tim_ex.c **** 
 3963              		.loc 1 1631 3 view .LVU1151
1631:Drivers/STM32F1xx_HAL_Driver/Src/stm32f1xx_hal_tim_ex.c **** 
 3964              		.loc 1 1631 3 view .LVU1152
 3965 001c 2368     		ldr	r3, [r4]
 3966 001e 196A     		ldr	r1, [r3, #32]
 3967 0020 41F21112 		movw	r2, #4369
 3968 0024 1142     		tst	r1, r2
 3969 0026 08D1     		bne	.L333
1631:Drivers/STM32F1xx_HAL_Driver/Src/stm32f1xx_hal_tim_ex.c **** 
 3970              		.loc 1 1631 3 discriminator 1 view .LVU1153
 3971 0028 196A     		ldr	r1, [r3, #32]
 3972 002a 40F24442 		movw	r2, #1092
 3973 002e 1142     		tst	r1, r2
 3974 0030 03D1     		bne	.L333
1631:Drivers/STM32F1xx_HAL_Driver/Src/stm32f1xx_hal_tim_ex.c **** 
ARM GAS  /tmp/ccr982nq.s 			page 131


 3975              		.loc 1 1631 3 discriminator 3 view .LVU1154
 3976 0032 5A6C     		ldr	r2, [r3, #68]
 3977 0034 22F40042 		bic	r2, r2, #32768
 3978 0038 5A64     		str	r2, [r3, #68]
 3979              	.L333:
1631:Drivers/STM32F1xx_HAL_Driver/Src/stm32f1xx_hal_tim_ex.c **** 
 3980              		.loc 1 1631 3 discriminator 5 view .LVU1155
1634:Drivers/STM32F1xx_HAL_Driver/Src/stm32f1xx_hal_tim_ex.c **** 
 3981              		.loc 1 1634 3 view .LVU1156
1634:Drivers/STM32F1xx_HAL_Driver/Src/stm32f1xx_hal_tim_ex.c **** 
 3982              		.loc 1 1634 3 view .LVU1157
 3983 003a 2368     		ldr	r3, [r4]
 3984 003c 196A     		ldr	r1, [r3, #32]
 3985 003e 41F21112 		movw	r2, #4369
 3986 0042 1142     		tst	r1, r2
 3987 0044 08D1     		bne	.L334
1634:Drivers/STM32F1xx_HAL_Driver/Src/stm32f1xx_hal_tim_ex.c **** 
 3988              		.loc 1 1634 3 discriminator 1 view .LVU1158
 3989 0046 196A     		ldr	r1, [r3, #32]
 3990 0048 40F24442 		movw	r2, #1092
 3991 004c 1142     		tst	r1, r2
 3992 004e 03D1     		bne	.L334
1634:Drivers/STM32F1xx_HAL_Driver/Src/stm32f1xx_hal_tim_ex.c **** 
 3993              		.loc 1 1634 3 discriminator 3 view .LVU1159
 3994 0050 1A68     		ldr	r2, [r3]
 3995 0052 22F00102 		bic	r2, r2, #1
 3996 0056 1A60     		str	r2, [r3]
 3997              	.L334:
1634:Drivers/STM32F1xx_HAL_Driver/Src/stm32f1xx_hal_tim_ex.c **** 
 3998              		.loc 1 1634 3 discriminator 5 view .LVU1160
1637:Drivers/STM32F1xx_HAL_Driver/Src/stm32f1xx_hal_tim_ex.c ****   TIM_CHANNEL_STATE_SET(htim, TIM_CHANNEL_2, HAL_TIM_CHANNEL_STATE_READY);
 3999              		.loc 1 1637 3 view .LVU1161
 4000 0058 0123     		movs	r3, #1
 4001 005a 84F83E30 		strb	r3, [r4, #62]
1638:Drivers/STM32F1xx_HAL_Driver/Src/stm32f1xx_hal_tim_ex.c ****   TIM_CHANNEL_N_STATE_SET(htim, TIM_CHANNEL_1, HAL_TIM_CHANNEL_STATE_READY);
 4002              		.loc 1 1638 3 view .LVU1162
 4003 005e 84F83F30 		strb	r3, [r4, #63]
1639:Drivers/STM32F1xx_HAL_Driver/Src/stm32f1xx_hal_tim_ex.c ****   TIM_CHANNEL_N_STATE_SET(htim, TIM_CHANNEL_2, HAL_TIM_CHANNEL_STATE_READY);
 4004              		.loc 1 1639 3 view .LVU1163
 4005 0062 84F84230 		strb	r3, [r4, #66]
1640:Drivers/STM32F1xx_HAL_Driver/Src/stm32f1xx_hal_tim_ex.c **** 
 4006              		.loc 1 1640 3 view .LVU1164
 4007 0066 84F84330 		strb	r3, [r4, #67]
1643:Drivers/STM32F1xx_HAL_Driver/Src/stm32f1xx_hal_tim_ex.c **** }
 4008              		.loc 1 1643 3 view .LVU1165
1644:Drivers/STM32F1xx_HAL_Driver/Src/stm32f1xx_hal_tim_ex.c **** 
 4009              		.loc 1 1644 1 is_stmt 0 view .LVU1166
 4010 006a 0020     		movs	r0, #0
 4011 006c 38BD     		pop	{r3, r4, r5, pc}
 4012              	.LVL288:
 4013              	.L335:
1621:Drivers/STM32F1xx_HAL_Driver/Src/stm32f1xx_hal_tim_ex.c **** 
 4014              		.loc 1 1621 77 discriminator 2 view .LVU1167
 4015 006e 0025     		movs	r5, #0
 4016 0070 CBE7     		b	.L332
 4017              		.cfi_endproc
 4018              	.LFE88:
ARM GAS  /tmp/ccr982nq.s 			page 132


 4020              		.section	.text.HAL_TIMEx_OnePulseN_Start_IT,"ax",%progbits
 4021              		.align	1
 4022              		.global	HAL_TIMEx_OnePulseN_Start_IT
 4023              		.syntax unified
 4024              		.thumb
 4025              		.thumb_func
 4027              	HAL_TIMEx_OnePulseN_Start_IT:
 4028              	.LVL289:
 4029              	.LFB89:
1659:Drivers/STM32F1xx_HAL_Driver/Src/stm32f1xx_hal_tim_ex.c ****   uint32_t input_channel = (OutputChannel == TIM_CHANNEL_1) ? TIM_CHANNEL_2 : TIM_CHANNEL_1;
 4030              		.loc 1 1659 1 is_stmt 1 view -0
 4031              		.cfi_startproc
 4032              		@ args = 0, pretend = 0, frame = 0
 4033              		@ frame_needed = 0, uses_anonymous_args = 0
1659:Drivers/STM32F1xx_HAL_Driver/Src/stm32f1xx_hal_tim_ex.c ****   uint32_t input_channel = (OutputChannel == TIM_CHANNEL_1) ? TIM_CHANNEL_2 : TIM_CHANNEL_1;
 4034              		.loc 1 1659 1 is_stmt 0 view .LVU1169
 4035 0000 70B5     		push	{r4, r5, r6, lr}
 4036              		.cfi_def_cfa_offset 16
 4037              		.cfi_offset 4, -16
 4038              		.cfi_offset 5, -12
 4039              		.cfi_offset 6, -8
 4040              		.cfi_offset 14, -4
 4041 0002 0446     		mov	r4, r0
1660:Drivers/STM32F1xx_HAL_Driver/Src/stm32f1xx_hal_tim_ex.c ****   HAL_TIM_ChannelStateTypeDef channel_1_state = TIM_CHANNEL_STATE_GET(htim, TIM_CHANNEL_1);
 4042              		.loc 1 1660 3 is_stmt 1 view .LVU1170
1660:Drivers/STM32F1xx_HAL_Driver/Src/stm32f1xx_hal_tim_ex.c ****   HAL_TIM_ChannelStateTypeDef channel_1_state = TIM_CHANNEL_STATE_GET(htim, TIM_CHANNEL_1);
 4043              		.loc 1 1660 77 is_stmt 0 view .LVU1171
 4044 0004 0E46     		mov	r6, r1
 4045 0006 D1B9     		cbnz	r1, .L340
1660:Drivers/STM32F1xx_HAL_Driver/Src/stm32f1xx_hal_tim_ex.c ****   HAL_TIM_ChannelStateTypeDef channel_1_state = TIM_CHANNEL_STATE_GET(htim, TIM_CHANNEL_1);
 4046              		.loc 1 1660 77 discriminator 1 view .LVU1172
 4047 0008 0425     		movs	r5, #4
 4048              	.L338:
 4049              	.LVL290:
1661:Drivers/STM32F1xx_HAL_Driver/Src/stm32f1xx_hal_tim_ex.c ****   HAL_TIM_ChannelStateTypeDef channel_2_state = TIM_CHANNEL_STATE_GET(htim, TIM_CHANNEL_2);
 4050              		.loc 1 1661 3 is_stmt 1 view .LVU1173
1661:Drivers/STM32F1xx_HAL_Driver/Src/stm32f1xx_hal_tim_ex.c ****   HAL_TIM_ChannelStateTypeDef channel_2_state = TIM_CHANNEL_STATE_GET(htim, TIM_CHANNEL_2);
 4051              		.loc 1 1661 31 is_stmt 0 view .LVU1174
 4052 000a 94F83EE0 		ldrb	lr, [r4, #62]	@ zero_extendqisi2
 4053 000e 5FFA8EF0 		uxtb	r0, lr
 4054              	.LVL291:
1662:Drivers/STM32F1xx_HAL_Driver/Src/stm32f1xx_hal_tim_ex.c ****   HAL_TIM_ChannelStateTypeDef complementary_channel_1_state = TIM_CHANNEL_N_STATE_GET(htim, TIM_CHA
 4055              		.loc 1 1662 3 is_stmt 1 view .LVU1175
1662:Drivers/STM32F1xx_HAL_Driver/Src/stm32f1xx_hal_tim_ex.c ****   HAL_TIM_ChannelStateTypeDef complementary_channel_1_state = TIM_CHANNEL_N_STATE_GET(htim, TIM_CHA
 4056              		.loc 1 1662 31 is_stmt 0 view .LVU1176
 4057 0012 94F83F30 		ldrb	r3, [r4, #63]	@ zero_extendqisi2
 4058 0016 DBB2     		uxtb	r3, r3
 4059              	.LVL292:
1663:Drivers/STM32F1xx_HAL_Driver/Src/stm32f1xx_hal_tim_ex.c ****   HAL_TIM_ChannelStateTypeDef complementary_channel_2_state = TIM_CHANNEL_N_STATE_GET(htim, TIM_CHA
 4060              		.loc 1 1663 3 is_stmt 1 view .LVU1177
1663:Drivers/STM32F1xx_HAL_Driver/Src/stm32f1xx_hal_tim_ex.c ****   HAL_TIM_ChannelStateTypeDef complementary_channel_2_state = TIM_CHANNEL_N_STATE_GET(htim, TIM_CHA
 4061              		.loc 1 1663 31 is_stmt 0 view .LVU1178
 4062 0018 94F84220 		ldrb	r2, [r4, #66]	@ zero_extendqisi2
 4063 001c D2B2     		uxtb	r2, r2
 4064              	.LVL293:
1664:Drivers/STM32F1xx_HAL_Driver/Src/stm32f1xx_hal_tim_ex.c **** 
 4065              		.loc 1 1664 3 is_stmt 1 view .LVU1179
ARM GAS  /tmp/ccr982nq.s 			page 133


1664:Drivers/STM32F1xx_HAL_Driver/Src/stm32f1xx_hal_tim_ex.c **** 
 4066              		.loc 1 1664 31 is_stmt 0 view .LVU1180
 4067 001e 94F843C0 		ldrb	ip, [r4, #67]	@ zero_extendqisi2
 4068 0022 5FFA8CFC 		uxtb	ip, ip
 4069              	.LVL294:
1667:Drivers/STM32F1xx_HAL_Driver/Src/stm32f1xx_hal_tim_ex.c **** 
 4070              		.loc 1 1667 3 is_stmt 1 view .LVU1181
1670:Drivers/STM32F1xx_HAL_Driver/Src/stm32f1xx_hal_tim_ex.c ****       || (channel_2_state != HAL_TIM_CHANNEL_STATE_READY)
 4071              		.loc 1 1670 3 view .LVU1182
1670:Drivers/STM32F1xx_HAL_Driver/Src/stm32f1xx_hal_tim_ex.c ****       || (channel_2_state != HAL_TIM_CHANNEL_STATE_READY)
 4072              		.loc 1 1670 6 is_stmt 0 view .LVU1183
 4073 0026 BEF1010F 		cmp	lr, #1
 4074 002a 2ED1     		bne	.L341
1671:Drivers/STM32F1xx_HAL_Driver/Src/stm32f1xx_hal_tim_ex.c ****       || (complementary_channel_1_state != HAL_TIM_CHANNEL_STATE_READY)
 4075              		.loc 1 1671 7 view .LVU1184
 4076 002c 012B     		cmp	r3, #1
 4077 002e 2DD1     		bne	.L339
1672:Drivers/STM32F1xx_HAL_Driver/Src/stm32f1xx_hal_tim_ex.c ****       || (complementary_channel_2_state != HAL_TIM_CHANNEL_STATE_READY))
 4078              		.loc 1 1672 7 view .LVU1185
 4079 0030 012A     		cmp	r2, #1
 4080 0032 2CD1     		bne	.L342
1673:Drivers/STM32F1xx_HAL_Driver/Src/stm32f1xx_hal_tim_ex.c ****   {
 4081              		.loc 1 1673 7 view .LVU1186
 4082 0034 BCF1010F 		cmp	ip, #1
 4083 0038 03D0     		beq	.L345
1675:Drivers/STM32F1xx_HAL_Driver/Src/stm32f1xx_hal_tim_ex.c ****   }
 4084              		.loc 1 1675 12 view .LVU1187
 4085 003a 1046     		mov	r0, r2
 4086              	.LVL295:
1675:Drivers/STM32F1xx_HAL_Driver/Src/stm32f1xx_hal_tim_ex.c ****   }
 4087              		.loc 1 1675 12 view .LVU1188
 4088 003c 26E0     		b	.L339
 4089              	.LVL296:
 4090              	.L340:
1660:Drivers/STM32F1xx_HAL_Driver/Src/stm32f1xx_hal_tim_ex.c ****   HAL_TIM_ChannelStateTypeDef channel_1_state = TIM_CHANNEL_STATE_GET(htim, TIM_CHANNEL_1);
 4091              		.loc 1 1660 77 discriminator 2 view .LVU1189
 4092 003e 0025     		movs	r5, #0
 4093 0040 E3E7     		b	.L338
 4094              	.LVL297:
 4095              	.L345:
1679:Drivers/STM32F1xx_HAL_Driver/Src/stm32f1xx_hal_tim_ex.c ****   TIM_CHANNEL_STATE_SET(htim, TIM_CHANNEL_2, HAL_TIM_CHANNEL_STATE_BUSY);
 4096              		.loc 1 1679 3 is_stmt 1 view .LVU1190
 4097 0042 0223     		movs	r3, #2
 4098              	.LVL298:
1679:Drivers/STM32F1xx_HAL_Driver/Src/stm32f1xx_hal_tim_ex.c ****   TIM_CHANNEL_STATE_SET(htim, TIM_CHANNEL_2, HAL_TIM_CHANNEL_STATE_BUSY);
 4099              		.loc 1 1679 3 is_stmt 0 view .LVU1191
 4100 0044 84F83E30 		strb	r3, [r4, #62]
1680:Drivers/STM32F1xx_HAL_Driver/Src/stm32f1xx_hal_tim_ex.c ****   TIM_CHANNEL_N_STATE_SET(htim, TIM_CHANNEL_1, HAL_TIM_CHANNEL_STATE_BUSY);
 4101              		.loc 1 1680 3 is_stmt 1 view .LVU1192
 4102 0048 84F83F30 		strb	r3, [r4, #63]
1681:Drivers/STM32F1xx_HAL_Driver/Src/stm32f1xx_hal_tim_ex.c ****   TIM_CHANNEL_N_STATE_SET(htim, TIM_CHANNEL_2, HAL_TIM_CHANNEL_STATE_BUSY);
 4103              		.loc 1 1681 3 view .LVU1193
 4104 004c 84F84230 		strb	r3, [r4, #66]
1682:Drivers/STM32F1xx_HAL_Driver/Src/stm32f1xx_hal_tim_ex.c **** 
 4105              		.loc 1 1682 3 view .LVU1194
 4106 0050 84F84330 		strb	r3, [r4, #67]
1685:Drivers/STM32F1xx_HAL_Driver/Src/stm32f1xx_hal_tim_ex.c **** 
ARM GAS  /tmp/ccr982nq.s 			page 134


 4107              		.loc 1 1685 3 view .LVU1195
 4108 0054 2268     		ldr	r2, [r4]
 4109              	.LVL299:
1685:Drivers/STM32F1xx_HAL_Driver/Src/stm32f1xx_hal_tim_ex.c **** 
 4110              		.loc 1 1685 3 is_stmt 0 view .LVU1196
 4111 0056 D368     		ldr	r3, [r2, #12]
 4112 0058 43F00203 		orr	r3, r3, #2
 4113 005c D360     		str	r3, [r2, #12]
1688:Drivers/STM32F1xx_HAL_Driver/Src/stm32f1xx_hal_tim_ex.c **** 
 4114              		.loc 1 1688 3 is_stmt 1 view .LVU1197
 4115 005e 2268     		ldr	r2, [r4]
 4116 0060 D368     		ldr	r3, [r2, #12]
 4117 0062 43F00403 		orr	r3, r3, #4
 4118 0066 D360     		str	r3, [r2, #12]
1691:Drivers/STM32F1xx_HAL_Driver/Src/stm32f1xx_hal_tim_ex.c ****   TIM_CCxChannelCmd(htim->Instance, input_channel, TIM_CCx_ENABLE);
 4119              		.loc 1 1691 3 view .LVU1198
 4120 0068 0422     		movs	r2, #4
 4121 006a 3146     		mov	r1, r6
 4122              	.LVL300:
1691:Drivers/STM32F1xx_HAL_Driver/Src/stm32f1xx_hal_tim_ex.c ****   TIM_CCxChannelCmd(htim->Instance, input_channel, TIM_CCx_ENABLE);
 4123              		.loc 1 1691 3 is_stmt 0 view .LVU1199
 4124 006c 2068     		ldr	r0, [r4]
 4125              	.LVL301:
1691:Drivers/STM32F1xx_HAL_Driver/Src/stm32f1xx_hal_tim_ex.c ****   TIM_CCxChannelCmd(htim->Instance, input_channel, TIM_CCx_ENABLE);
 4126              		.loc 1 1691 3 view .LVU1200
 4127 006e FFF7FEFF 		bl	TIM_CCxNChannelCmd
 4128              	.LVL302:
1692:Drivers/STM32F1xx_HAL_Driver/Src/stm32f1xx_hal_tim_ex.c **** 
 4129              		.loc 1 1692 3 is_stmt 1 view .LVU1201
 4130 0072 0122     		movs	r2, #1
 4131 0074 2946     		mov	r1, r5
 4132 0076 2068     		ldr	r0, [r4]
 4133 0078 FFF7FEFF 		bl	TIM_CCxChannelCmd
 4134              	.LVL303:
1695:Drivers/STM32F1xx_HAL_Driver/Src/stm32f1xx_hal_tim_ex.c **** 
 4135              		.loc 1 1695 3 view .LVU1202
 4136 007c 2268     		ldr	r2, [r4]
 4137 007e 536C     		ldr	r3, [r2, #68]
 4138 0080 43F40043 		orr	r3, r3, #32768
 4139 0084 5364     		str	r3, [r2, #68]
1698:Drivers/STM32F1xx_HAL_Driver/Src/stm32f1xx_hal_tim_ex.c **** }
 4140              		.loc 1 1698 3 view .LVU1203
1698:Drivers/STM32F1xx_HAL_Driver/Src/stm32f1xx_hal_tim_ex.c **** }
 4141              		.loc 1 1698 10 is_stmt 0 view .LVU1204
 4142 0086 0020     		movs	r0, #0
 4143 0088 00E0     		b	.L339
 4144              	.LVL304:
 4145              	.L341:
1675:Drivers/STM32F1xx_HAL_Driver/Src/stm32f1xx_hal_tim_ex.c ****   }
 4146              		.loc 1 1675 12 view .LVU1205
 4147 008a 0120     		movs	r0, #1
 4148              	.LVL305:
 4149              	.L339:
1699:Drivers/STM32F1xx_HAL_Driver/Src/stm32f1xx_hal_tim_ex.c **** 
 4150              		.loc 1 1699 1 view .LVU1206
 4151 008c 70BD     		pop	{r4, r5, r6, pc}
 4152              	.LVL306:
ARM GAS  /tmp/ccr982nq.s 			page 135


 4153              	.L342:
1675:Drivers/STM32F1xx_HAL_Driver/Src/stm32f1xx_hal_tim_ex.c ****   }
 4154              		.loc 1 1675 12 view .LVU1207
 4155 008e 1846     		mov	r0, r3
 4156              	.LVL307:
1675:Drivers/STM32F1xx_HAL_Driver/Src/stm32f1xx_hal_tim_ex.c ****   }
 4157              		.loc 1 1675 12 view .LVU1208
 4158 0090 FCE7     		b	.L339
 4159              		.cfi_endproc
 4160              	.LFE89:
 4162              		.section	.text.HAL_TIMEx_OnePulseN_Stop_IT,"ax",%progbits
 4163              		.align	1
 4164              		.global	HAL_TIMEx_OnePulseN_Stop_IT
 4165              		.syntax unified
 4166              		.thumb
 4167              		.thumb_func
 4169              	HAL_TIMEx_OnePulseN_Stop_IT:
 4170              	.LVL308:
 4171              	.LFB90:
1714:Drivers/STM32F1xx_HAL_Driver/Src/stm32f1xx_hal_tim_ex.c ****   uint32_t input_channel = (OutputChannel == TIM_CHANNEL_1) ? TIM_CHANNEL_2 : TIM_CHANNEL_1;
 4172              		.loc 1 1714 1 is_stmt 1 view -0
 4173              		.cfi_startproc
 4174              		@ args = 0, pretend = 0, frame = 0
 4175              		@ frame_needed = 0, uses_anonymous_args = 0
1714:Drivers/STM32F1xx_HAL_Driver/Src/stm32f1xx_hal_tim_ex.c ****   uint32_t input_channel = (OutputChannel == TIM_CHANNEL_1) ? TIM_CHANNEL_2 : TIM_CHANNEL_1;
 4176              		.loc 1 1714 1 is_stmt 0 view .LVU1210
 4177 0000 38B5     		push	{r3, r4, r5, lr}
 4178              		.cfi_def_cfa_offset 16
 4179              		.cfi_offset 3, -16
 4180              		.cfi_offset 4, -12
 4181              		.cfi_offset 5, -8
 4182              		.cfi_offset 14, -4
 4183 0002 0446     		mov	r4, r0
1715:Drivers/STM32F1xx_HAL_Driver/Src/stm32f1xx_hal_tim_ex.c **** 
 4184              		.loc 1 1715 3 is_stmt 1 view .LVU1211
1715:Drivers/STM32F1xx_HAL_Driver/Src/stm32f1xx_hal_tim_ex.c **** 
 4185              		.loc 1 1715 77 is_stmt 0 view .LVU1212
 4186 0004 0029     		cmp	r1, #0
 4187 0006 3CD1     		bne	.L350
1715:Drivers/STM32F1xx_HAL_Driver/Src/stm32f1xx_hal_tim_ex.c **** 
 4188              		.loc 1 1715 77 discriminator 1 view .LVU1213
 4189 0008 0425     		movs	r5, #4
 4190              	.L347:
 4191              	.LVL309:
1718:Drivers/STM32F1xx_HAL_Driver/Src/stm32f1xx_hal_tim_ex.c **** 
 4192              		.loc 1 1718 3 is_stmt 1 view .LVU1214
1721:Drivers/STM32F1xx_HAL_Driver/Src/stm32f1xx_hal_tim_ex.c **** 
 4193              		.loc 1 1721 3 view .LVU1215
 4194 000a 2268     		ldr	r2, [r4]
 4195 000c D368     		ldr	r3, [r2, #12]
 4196 000e 23F00203 		bic	r3, r3, #2
 4197 0012 D360     		str	r3, [r2, #12]
1724:Drivers/STM32F1xx_HAL_Driver/Src/stm32f1xx_hal_tim_ex.c **** 
 4198              		.loc 1 1724 3 view .LVU1216
 4199 0014 2268     		ldr	r2, [r4]
 4200 0016 D368     		ldr	r3, [r2, #12]
 4201 0018 23F00403 		bic	r3, r3, #4
ARM GAS  /tmp/ccr982nq.s 			page 136


 4202 001c D360     		str	r3, [r2, #12]
1727:Drivers/STM32F1xx_HAL_Driver/Src/stm32f1xx_hal_tim_ex.c ****   TIM_CCxChannelCmd(htim->Instance, input_channel, TIM_CCx_DISABLE);
 4203              		.loc 1 1727 3 view .LVU1217
 4204 001e 0022     		movs	r2, #0
 4205 0020 2068     		ldr	r0, [r4]
 4206              	.LVL310:
1727:Drivers/STM32F1xx_HAL_Driver/Src/stm32f1xx_hal_tim_ex.c ****   TIM_CCxChannelCmd(htim->Instance, input_channel, TIM_CCx_DISABLE);
 4207              		.loc 1 1727 3 is_stmt 0 view .LVU1218
 4208 0022 FFF7FEFF 		bl	TIM_CCxNChannelCmd
 4209              	.LVL311:
1728:Drivers/STM32F1xx_HAL_Driver/Src/stm32f1xx_hal_tim_ex.c **** 
 4210              		.loc 1 1728 3 is_stmt 1 view .LVU1219
 4211 0026 0022     		movs	r2, #0
 4212 0028 2946     		mov	r1, r5
 4213 002a 2068     		ldr	r0, [r4]
 4214 002c FFF7FEFF 		bl	TIM_CCxChannelCmd
 4215              	.LVL312:
1731:Drivers/STM32F1xx_HAL_Driver/Src/stm32f1xx_hal_tim_ex.c **** 
 4216              		.loc 1 1731 3 view .LVU1220
1731:Drivers/STM32F1xx_HAL_Driver/Src/stm32f1xx_hal_tim_ex.c **** 
 4217              		.loc 1 1731 3 view .LVU1221
 4218 0030 2368     		ldr	r3, [r4]
 4219 0032 196A     		ldr	r1, [r3, #32]
 4220 0034 41F21112 		movw	r2, #4369
 4221 0038 1142     		tst	r1, r2
 4222 003a 08D1     		bne	.L348
1731:Drivers/STM32F1xx_HAL_Driver/Src/stm32f1xx_hal_tim_ex.c **** 
 4223              		.loc 1 1731 3 discriminator 1 view .LVU1222
 4224 003c 196A     		ldr	r1, [r3, #32]
 4225 003e 40F24442 		movw	r2, #1092
 4226 0042 1142     		tst	r1, r2
 4227 0044 03D1     		bne	.L348
1731:Drivers/STM32F1xx_HAL_Driver/Src/stm32f1xx_hal_tim_ex.c **** 
 4228              		.loc 1 1731 3 discriminator 3 view .LVU1223
 4229 0046 5A6C     		ldr	r2, [r3, #68]
 4230 0048 22F40042 		bic	r2, r2, #32768
 4231 004c 5A64     		str	r2, [r3, #68]
 4232              	.L348:
1731:Drivers/STM32F1xx_HAL_Driver/Src/stm32f1xx_hal_tim_ex.c **** 
 4233              		.loc 1 1731 3 discriminator 5 view .LVU1224
1734:Drivers/STM32F1xx_HAL_Driver/Src/stm32f1xx_hal_tim_ex.c **** 
 4234              		.loc 1 1734 3 view .LVU1225
1734:Drivers/STM32F1xx_HAL_Driver/Src/stm32f1xx_hal_tim_ex.c **** 
 4235              		.loc 1 1734 3 view .LVU1226
 4236 004e 2368     		ldr	r3, [r4]
 4237 0050 196A     		ldr	r1, [r3, #32]
 4238 0052 41F21112 		movw	r2, #4369
 4239 0056 1142     		tst	r1, r2
 4240 0058 08D1     		bne	.L349
1734:Drivers/STM32F1xx_HAL_Driver/Src/stm32f1xx_hal_tim_ex.c **** 
 4241              		.loc 1 1734 3 discriminator 1 view .LVU1227
 4242 005a 196A     		ldr	r1, [r3, #32]
 4243 005c 40F24442 		movw	r2, #1092
 4244 0060 1142     		tst	r1, r2
 4245 0062 03D1     		bne	.L349
1734:Drivers/STM32F1xx_HAL_Driver/Src/stm32f1xx_hal_tim_ex.c **** 
 4246              		.loc 1 1734 3 discriminator 3 view .LVU1228
ARM GAS  /tmp/ccr982nq.s 			page 137


 4247 0064 1A68     		ldr	r2, [r3]
 4248 0066 22F00102 		bic	r2, r2, #1
 4249 006a 1A60     		str	r2, [r3]
 4250              	.L349:
1734:Drivers/STM32F1xx_HAL_Driver/Src/stm32f1xx_hal_tim_ex.c **** 
 4251              		.loc 1 1734 3 discriminator 5 view .LVU1229
1737:Drivers/STM32F1xx_HAL_Driver/Src/stm32f1xx_hal_tim_ex.c ****   TIM_CHANNEL_STATE_SET(htim, TIM_CHANNEL_2, HAL_TIM_CHANNEL_STATE_READY);
 4252              		.loc 1 1737 3 view .LVU1230
 4253 006c 0123     		movs	r3, #1
 4254 006e 84F83E30 		strb	r3, [r4, #62]
1738:Drivers/STM32F1xx_HAL_Driver/Src/stm32f1xx_hal_tim_ex.c ****   TIM_CHANNEL_N_STATE_SET(htim, TIM_CHANNEL_1, HAL_TIM_CHANNEL_STATE_READY);
 4255              		.loc 1 1738 3 view .LVU1231
 4256 0072 84F83F30 		strb	r3, [r4, #63]
1739:Drivers/STM32F1xx_HAL_Driver/Src/stm32f1xx_hal_tim_ex.c ****   TIM_CHANNEL_N_STATE_SET(htim, TIM_CHANNEL_2, HAL_TIM_CHANNEL_STATE_READY);
 4257              		.loc 1 1739 3 view .LVU1232
 4258 0076 84F84230 		strb	r3, [r4, #66]
1740:Drivers/STM32F1xx_HAL_Driver/Src/stm32f1xx_hal_tim_ex.c **** 
 4259              		.loc 1 1740 3 view .LVU1233
 4260 007a 84F84330 		strb	r3, [r4, #67]
1743:Drivers/STM32F1xx_HAL_Driver/Src/stm32f1xx_hal_tim_ex.c **** }
 4261              		.loc 1 1743 3 view .LVU1234
1744:Drivers/STM32F1xx_HAL_Driver/Src/stm32f1xx_hal_tim_ex.c **** 
 4262              		.loc 1 1744 1 is_stmt 0 view .LVU1235
 4263 007e 0020     		movs	r0, #0
 4264 0080 38BD     		pop	{r3, r4, r5, pc}
 4265              	.LVL313:
 4266              	.L350:
1715:Drivers/STM32F1xx_HAL_Driver/Src/stm32f1xx_hal_tim_ex.c **** 
 4267              		.loc 1 1715 77 discriminator 2 view .LVU1236
 4268 0082 0025     		movs	r5, #0
 4269 0084 C1E7     		b	.L347
 4270              		.cfi_endproc
 4271              	.LFE90:
 4273              		.section	.text.HAL_TIMEx_ConfigCommutEvent,"ax",%progbits
 4274              		.align	1
 4275              		.global	HAL_TIMEx_ConfigCommutEvent
 4276              		.syntax unified
 4277              		.thumb
 4278              		.thumb_func
 4280              	HAL_TIMEx_ConfigCommutEvent:
 4281              	.LVL314:
 4282              	.LFB91:
1794:Drivers/STM32F1xx_HAL_Driver/Src/stm32f1xx_hal_tim_ex.c ****   /* Check the parameters */
 4283              		.loc 1 1794 1 is_stmt 1 view -0
 4284              		.cfi_startproc
 4285              		@ args = 0, pretend = 0, frame = 0
 4286              		@ frame_needed = 0, uses_anonymous_args = 0
 4287              		@ link register save eliminated.
1794:Drivers/STM32F1xx_HAL_Driver/Src/stm32f1xx_hal_tim_ex.c ****   /* Check the parameters */
 4288              		.loc 1 1794 1 is_stmt 0 view .LVU1238
 4289 0000 0346     		mov	r3, r0
1796:Drivers/STM32F1xx_HAL_Driver/Src/stm32f1xx_hal_tim_ex.c ****   assert_param(IS_TIM_INTERNAL_TRIGGEREVENT_SELECTION(InputTrigger));
 4290              		.loc 1 1796 3 is_stmt 1 view .LVU1239
1797:Drivers/STM32F1xx_HAL_Driver/Src/stm32f1xx_hal_tim_ex.c **** 
 4291              		.loc 1 1797 3 view .LVU1240
1799:Drivers/STM32F1xx_HAL_Driver/Src/stm32f1xx_hal_tim_ex.c **** 
 4292              		.loc 1 1799 3 view .LVU1241
ARM GAS  /tmp/ccr982nq.s 			page 138


1799:Drivers/STM32F1xx_HAL_Driver/Src/stm32f1xx_hal_tim_ex.c **** 
 4293              		.loc 1 1799 3 view .LVU1242
 4294 0002 90F83C00 		ldrb	r0, [r0, #60]	@ zero_extendqisi2
 4295              	.LVL315:
1799:Drivers/STM32F1xx_HAL_Driver/Src/stm32f1xx_hal_tim_ex.c **** 
 4296              		.loc 1 1799 3 is_stmt 0 view .LVU1243
 4297 0006 0128     		cmp	r0, #1
 4298 0008 32D0     		beq	.L357
1794:Drivers/STM32F1xx_HAL_Driver/Src/stm32f1xx_hal_tim_ex.c ****   /* Check the parameters */
 4299              		.loc 1 1794 1 view .LVU1244
 4300 000a 10B4     		push	{r4}
 4301              		.cfi_def_cfa_offset 4
 4302              		.cfi_offset 4, -4
1799:Drivers/STM32F1xx_HAL_Driver/Src/stm32f1xx_hal_tim_ex.c **** 
 4303              		.loc 1 1799 3 is_stmt 1 discriminator 2 view .LVU1245
 4304 000c 0120     		movs	r0, #1
 4305 000e 83F83C00 		strb	r0, [r3, #60]
1799:Drivers/STM32F1xx_HAL_Driver/Src/stm32f1xx_hal_tim_ex.c **** 
 4306              		.loc 1 1799 3 view .LVU1246
1801:Drivers/STM32F1xx_HAL_Driver/Src/stm32f1xx_hal_tim_ex.c ****       (InputTrigger == TIM_TS_ITR2) || (InputTrigger == TIM_TS_ITR3))
 4307              		.loc 1 1801 3 view .LVU1247
 4308 0012 2029     		cmp	r1, #32
 4309 0014 03D0     		beq	.L354
 4310 0016 28D8     		bhi	.L355
 4311 0018 09B1     		cbz	r1, .L354
 4312 001a 1029     		cmp	r1, #16
 4313 001c 08D1     		bne	.L356
 4314              	.L354:
1805:Drivers/STM32F1xx_HAL_Driver/Src/stm32f1xx_hal_tim_ex.c ****     htim->Instance->SMCR |= InputTrigger;
 4315              		.loc 1 1805 5 view .LVU1248
1805:Drivers/STM32F1xx_HAL_Driver/Src/stm32f1xx_hal_tim_ex.c ****     htim->Instance->SMCR |= InputTrigger;
 4316              		.loc 1 1805 9 is_stmt 0 view .LVU1249
 4317 001e 1C68     		ldr	r4, [r3]
1805:Drivers/STM32F1xx_HAL_Driver/Src/stm32f1xx_hal_tim_ex.c ****     htim->Instance->SMCR |= InputTrigger;
 4318              		.loc 1 1805 19 view .LVU1250
 4319 0020 A068     		ldr	r0, [r4, #8]
1805:Drivers/STM32F1xx_HAL_Driver/Src/stm32f1xx_hal_tim_ex.c ****     htim->Instance->SMCR |= InputTrigger;
 4320              		.loc 1 1805 26 view .LVU1251
 4321 0022 20F07000 		bic	r0, r0, #112
 4322 0026 A060     		str	r0, [r4, #8]
1806:Drivers/STM32F1xx_HAL_Driver/Src/stm32f1xx_hal_tim_ex.c ****   }
 4323              		.loc 1 1806 5 is_stmt 1 view .LVU1252
1806:Drivers/STM32F1xx_HAL_Driver/Src/stm32f1xx_hal_tim_ex.c ****   }
 4324              		.loc 1 1806 9 is_stmt 0 view .LVU1253
 4325 0028 1C68     		ldr	r4, [r3]
1806:Drivers/STM32F1xx_HAL_Driver/Src/stm32f1xx_hal_tim_ex.c ****   }
 4326              		.loc 1 1806 19 view .LVU1254
 4327 002a A068     		ldr	r0, [r4, #8]
1806:Drivers/STM32F1xx_HAL_Driver/Src/stm32f1xx_hal_tim_ex.c ****   }
 4328              		.loc 1 1806 26 view .LVU1255
 4329 002c 0143     		orrs	r1, r1, r0
 4330              	.LVL316:
1806:Drivers/STM32F1xx_HAL_Driver/Src/stm32f1xx_hal_tim_ex.c ****   }
 4331              		.loc 1 1806 26 view .LVU1256
 4332 002e A160     		str	r1, [r4, #8]
 4333              	.L356:
1810:Drivers/STM32F1xx_HAL_Driver/Src/stm32f1xx_hal_tim_ex.c ****   /* Select the Commutation event source */
ARM GAS  /tmp/ccr982nq.s 			page 139


 4334              		.loc 1 1810 3 is_stmt 1 view .LVU1257
1810:Drivers/STM32F1xx_HAL_Driver/Src/stm32f1xx_hal_tim_ex.c ****   /* Select the Commutation event source */
 4335              		.loc 1 1810 7 is_stmt 0 view .LVU1258
 4336 0030 1868     		ldr	r0, [r3]
1810:Drivers/STM32F1xx_HAL_Driver/Src/stm32f1xx_hal_tim_ex.c ****   /* Select the Commutation event source */
 4337              		.loc 1 1810 17 view .LVU1259
 4338 0032 4168     		ldr	r1, [r0, #4]
1810:Drivers/STM32F1xx_HAL_Driver/Src/stm32f1xx_hal_tim_ex.c ****   /* Select the Commutation event source */
 4339              		.loc 1 1810 23 view .LVU1260
 4340 0034 41F00101 		orr	r1, r1, #1
 4341 0038 4160     		str	r1, [r0, #4]
1812:Drivers/STM32F1xx_HAL_Driver/Src/stm32f1xx_hal_tim_ex.c ****   htim->Instance->CR2 |= CommutationSource;
 4342              		.loc 1 1812 3 is_stmt 1 view .LVU1261
1812:Drivers/STM32F1xx_HAL_Driver/Src/stm32f1xx_hal_tim_ex.c ****   htim->Instance->CR2 |= CommutationSource;
 4343              		.loc 1 1812 7 is_stmt 0 view .LVU1262
 4344 003a 1868     		ldr	r0, [r3]
1812:Drivers/STM32F1xx_HAL_Driver/Src/stm32f1xx_hal_tim_ex.c ****   htim->Instance->CR2 |= CommutationSource;
 4345              		.loc 1 1812 17 view .LVU1263
 4346 003c 4168     		ldr	r1, [r0, #4]
1812:Drivers/STM32F1xx_HAL_Driver/Src/stm32f1xx_hal_tim_ex.c ****   htim->Instance->CR2 |= CommutationSource;
 4347              		.loc 1 1812 23 view .LVU1264
 4348 003e 21F00401 		bic	r1, r1, #4
 4349 0042 4160     		str	r1, [r0, #4]
1813:Drivers/STM32F1xx_HAL_Driver/Src/stm32f1xx_hal_tim_ex.c **** 
 4350              		.loc 1 1813 3 is_stmt 1 view .LVU1265
1813:Drivers/STM32F1xx_HAL_Driver/Src/stm32f1xx_hal_tim_ex.c **** 
 4351              		.loc 1 1813 7 is_stmt 0 view .LVU1266
 4352 0044 1868     		ldr	r0, [r3]
1813:Drivers/STM32F1xx_HAL_Driver/Src/stm32f1xx_hal_tim_ex.c **** 
 4353              		.loc 1 1813 17 view .LVU1267
 4354 0046 4168     		ldr	r1, [r0, #4]
1813:Drivers/STM32F1xx_HAL_Driver/Src/stm32f1xx_hal_tim_ex.c **** 
 4355              		.loc 1 1813 23 view .LVU1268
 4356 0048 0A43     		orrs	r2, r2, r1
 4357              	.LVL317:
1813:Drivers/STM32F1xx_HAL_Driver/Src/stm32f1xx_hal_tim_ex.c **** 
 4358              		.loc 1 1813 23 view .LVU1269
 4359 004a 4260     		str	r2, [r0, #4]
1816:Drivers/STM32F1xx_HAL_Driver/Src/stm32f1xx_hal_tim_ex.c **** 
 4360              		.loc 1 1816 3 is_stmt 1 view .LVU1270
 4361 004c 1968     		ldr	r1, [r3]
 4362 004e CA68     		ldr	r2, [r1, #12]
 4363 0050 22F02002 		bic	r2, r2, #32
 4364 0054 CA60     		str	r2, [r1, #12]
1819:Drivers/STM32F1xx_HAL_Driver/Src/stm32f1xx_hal_tim_ex.c **** 
 4365              		.loc 1 1819 3 view .LVU1271
 4366 0056 1968     		ldr	r1, [r3]
 4367 0058 CA68     		ldr	r2, [r1, #12]
 4368 005a 22F40052 		bic	r2, r2, #8192
 4369 005e CA60     		str	r2, [r1, #12]
1821:Drivers/STM32F1xx_HAL_Driver/Src/stm32f1xx_hal_tim_ex.c **** 
 4370              		.loc 1 1821 3 view .LVU1272
1821:Drivers/STM32F1xx_HAL_Driver/Src/stm32f1xx_hal_tim_ex.c **** 
 4371              		.loc 1 1821 3 view .LVU1273
 4372 0060 0020     		movs	r0, #0
 4373 0062 83F83C00 		strb	r0, [r3, #60]
1821:Drivers/STM32F1xx_HAL_Driver/Src/stm32f1xx_hal_tim_ex.c **** 
ARM GAS  /tmp/ccr982nq.s 			page 140


 4374              		.loc 1 1821 3 view .LVU1274
1823:Drivers/STM32F1xx_HAL_Driver/Src/stm32f1xx_hal_tim_ex.c **** }
 4375              		.loc 1 1823 3 view .LVU1275
1824:Drivers/STM32F1xx_HAL_Driver/Src/stm32f1xx_hal_tim_ex.c **** 
 4376              		.loc 1 1824 1 is_stmt 0 view .LVU1276
 4377 0066 10BC     		pop	{r4}
 4378              		.cfi_remember_state
 4379              		.cfi_restore 4
 4380              		.cfi_def_cfa_offset 0
 4381 0068 7047     		bx	lr
 4382              	.LVL318:
 4383              	.L355:
 4384              		.cfi_restore_state
1824:Drivers/STM32F1xx_HAL_Driver/Src/stm32f1xx_hal_tim_ex.c **** 
 4385              		.loc 1 1824 1 view .LVU1277
 4386 006a 3029     		cmp	r1, #48
 4387 006c E0D1     		bne	.L356
 4388 006e D6E7     		b	.L354
 4389              	.L357:
 4390              		.cfi_def_cfa_offset 0
 4391              		.cfi_restore 4
1799:Drivers/STM32F1xx_HAL_Driver/Src/stm32f1xx_hal_tim_ex.c **** 
 4392              		.loc 1 1799 3 discriminator 1 view .LVU1278
 4393 0070 0220     		movs	r0, #2
1824:Drivers/STM32F1xx_HAL_Driver/Src/stm32f1xx_hal_tim_ex.c **** 
 4394              		.loc 1 1824 1 view .LVU1279
 4395 0072 7047     		bx	lr
 4396              		.cfi_endproc
 4397              	.LFE91:
 4399              		.section	.text.HAL_TIMEx_ConfigCommutEvent_IT,"ax",%progbits
 4400              		.align	1
 4401              		.global	HAL_TIMEx_ConfigCommutEvent_IT
 4402              		.syntax unified
 4403              		.thumb
 4404              		.thumb_func
 4406              	HAL_TIMEx_ConfigCommutEvent_IT:
 4407              	.LVL319:
 4408              	.LFB92:
1850:Drivers/STM32F1xx_HAL_Driver/Src/stm32f1xx_hal_tim_ex.c ****   /* Check the parameters */
 4409              		.loc 1 1850 1 is_stmt 1 view -0
 4410              		.cfi_startproc
 4411              		@ args = 0, pretend = 0, frame = 0
 4412              		@ frame_needed = 0, uses_anonymous_args = 0
 4413              		@ link register save eliminated.
1850:Drivers/STM32F1xx_HAL_Driver/Src/stm32f1xx_hal_tim_ex.c ****   /* Check the parameters */
 4414              		.loc 1 1850 1 is_stmt 0 view .LVU1281
 4415 0000 0346     		mov	r3, r0
1852:Drivers/STM32F1xx_HAL_Driver/Src/stm32f1xx_hal_tim_ex.c ****   assert_param(IS_TIM_INTERNAL_TRIGGEREVENT_SELECTION(InputTrigger));
 4416              		.loc 1 1852 3 is_stmt 1 view .LVU1282
1853:Drivers/STM32F1xx_HAL_Driver/Src/stm32f1xx_hal_tim_ex.c **** 
 4417              		.loc 1 1853 3 view .LVU1283
1855:Drivers/STM32F1xx_HAL_Driver/Src/stm32f1xx_hal_tim_ex.c **** 
 4418              		.loc 1 1855 3 view .LVU1284
1855:Drivers/STM32F1xx_HAL_Driver/Src/stm32f1xx_hal_tim_ex.c **** 
 4419              		.loc 1 1855 3 view .LVU1285
 4420 0002 90F83C00 		ldrb	r0, [r0, #60]	@ zero_extendqisi2
 4421              	.LVL320:
ARM GAS  /tmp/ccr982nq.s 			page 141


1855:Drivers/STM32F1xx_HAL_Driver/Src/stm32f1xx_hal_tim_ex.c **** 
 4422              		.loc 1 1855 3 is_stmt 0 view .LVU1286
 4423 0006 0128     		cmp	r0, #1
 4424 0008 32D0     		beq	.L367
1850:Drivers/STM32F1xx_HAL_Driver/Src/stm32f1xx_hal_tim_ex.c ****   /* Check the parameters */
 4425              		.loc 1 1850 1 view .LVU1287
 4426 000a 10B4     		push	{r4}
 4427              		.cfi_def_cfa_offset 4
 4428              		.cfi_offset 4, -4
1855:Drivers/STM32F1xx_HAL_Driver/Src/stm32f1xx_hal_tim_ex.c **** 
 4429              		.loc 1 1855 3 is_stmt 1 discriminator 2 view .LVU1288
 4430 000c 0120     		movs	r0, #1
 4431 000e 83F83C00 		strb	r0, [r3, #60]
1855:Drivers/STM32F1xx_HAL_Driver/Src/stm32f1xx_hal_tim_ex.c **** 
 4432              		.loc 1 1855 3 view .LVU1289
1857:Drivers/STM32F1xx_HAL_Driver/Src/stm32f1xx_hal_tim_ex.c ****       (InputTrigger == TIM_TS_ITR2) || (InputTrigger == TIM_TS_ITR3))
 4433              		.loc 1 1857 3 view .LVU1290
 4434 0012 2029     		cmp	r1, #32
 4435 0014 03D0     		beq	.L364
 4436 0016 28D8     		bhi	.L365
 4437 0018 09B1     		cbz	r1, .L364
 4438 001a 1029     		cmp	r1, #16
 4439 001c 08D1     		bne	.L366
 4440              	.L364:
1861:Drivers/STM32F1xx_HAL_Driver/Src/stm32f1xx_hal_tim_ex.c ****     htim->Instance->SMCR |= InputTrigger;
 4441              		.loc 1 1861 5 view .LVU1291
1861:Drivers/STM32F1xx_HAL_Driver/Src/stm32f1xx_hal_tim_ex.c ****     htim->Instance->SMCR |= InputTrigger;
 4442              		.loc 1 1861 9 is_stmt 0 view .LVU1292
 4443 001e 1C68     		ldr	r4, [r3]
1861:Drivers/STM32F1xx_HAL_Driver/Src/stm32f1xx_hal_tim_ex.c ****     htim->Instance->SMCR |= InputTrigger;
 4444              		.loc 1 1861 19 view .LVU1293
 4445 0020 A068     		ldr	r0, [r4, #8]
1861:Drivers/STM32F1xx_HAL_Driver/Src/stm32f1xx_hal_tim_ex.c ****     htim->Instance->SMCR |= InputTrigger;
 4446              		.loc 1 1861 26 view .LVU1294
 4447 0022 20F07000 		bic	r0, r0, #112
 4448 0026 A060     		str	r0, [r4, #8]
1862:Drivers/STM32F1xx_HAL_Driver/Src/stm32f1xx_hal_tim_ex.c ****   }
 4449              		.loc 1 1862 5 is_stmt 1 view .LVU1295
1862:Drivers/STM32F1xx_HAL_Driver/Src/stm32f1xx_hal_tim_ex.c ****   }
 4450              		.loc 1 1862 9 is_stmt 0 view .LVU1296
 4451 0028 1C68     		ldr	r4, [r3]
1862:Drivers/STM32F1xx_HAL_Driver/Src/stm32f1xx_hal_tim_ex.c ****   }
 4452              		.loc 1 1862 19 view .LVU1297
 4453 002a A068     		ldr	r0, [r4, #8]
1862:Drivers/STM32F1xx_HAL_Driver/Src/stm32f1xx_hal_tim_ex.c ****   }
 4454              		.loc 1 1862 26 view .LVU1298
 4455 002c 0143     		orrs	r1, r1, r0
 4456              	.LVL321:
1862:Drivers/STM32F1xx_HAL_Driver/Src/stm32f1xx_hal_tim_ex.c ****   }
 4457              		.loc 1 1862 26 view .LVU1299
 4458 002e A160     		str	r1, [r4, #8]
 4459              	.L366:
1866:Drivers/STM32F1xx_HAL_Driver/Src/stm32f1xx_hal_tim_ex.c ****   /* Select the Commutation event source */
 4460              		.loc 1 1866 3 is_stmt 1 view .LVU1300
1866:Drivers/STM32F1xx_HAL_Driver/Src/stm32f1xx_hal_tim_ex.c ****   /* Select the Commutation event source */
 4461              		.loc 1 1866 7 is_stmt 0 view .LVU1301
 4462 0030 1868     		ldr	r0, [r3]
ARM GAS  /tmp/ccr982nq.s 			page 142


1866:Drivers/STM32F1xx_HAL_Driver/Src/stm32f1xx_hal_tim_ex.c ****   /* Select the Commutation event source */
 4463              		.loc 1 1866 17 view .LVU1302
 4464 0032 4168     		ldr	r1, [r0, #4]
1866:Drivers/STM32F1xx_HAL_Driver/Src/stm32f1xx_hal_tim_ex.c ****   /* Select the Commutation event source */
 4465              		.loc 1 1866 23 view .LVU1303
 4466 0034 41F00101 		orr	r1, r1, #1
 4467 0038 4160     		str	r1, [r0, #4]
1868:Drivers/STM32F1xx_HAL_Driver/Src/stm32f1xx_hal_tim_ex.c ****   htim->Instance->CR2 |= CommutationSource;
 4468              		.loc 1 1868 3 is_stmt 1 view .LVU1304
1868:Drivers/STM32F1xx_HAL_Driver/Src/stm32f1xx_hal_tim_ex.c ****   htim->Instance->CR2 |= CommutationSource;
 4469              		.loc 1 1868 7 is_stmt 0 view .LVU1305
 4470 003a 1868     		ldr	r0, [r3]
1868:Drivers/STM32F1xx_HAL_Driver/Src/stm32f1xx_hal_tim_ex.c ****   htim->Instance->CR2 |= CommutationSource;
 4471              		.loc 1 1868 17 view .LVU1306
 4472 003c 4168     		ldr	r1, [r0, #4]
1868:Drivers/STM32F1xx_HAL_Driver/Src/stm32f1xx_hal_tim_ex.c ****   htim->Instance->CR2 |= CommutationSource;
 4473              		.loc 1 1868 23 view .LVU1307
 4474 003e 21F00401 		bic	r1, r1, #4
 4475 0042 4160     		str	r1, [r0, #4]
1869:Drivers/STM32F1xx_HAL_Driver/Src/stm32f1xx_hal_tim_ex.c **** 
 4476              		.loc 1 1869 3 is_stmt 1 view .LVU1308
1869:Drivers/STM32F1xx_HAL_Driver/Src/stm32f1xx_hal_tim_ex.c **** 
 4477              		.loc 1 1869 7 is_stmt 0 view .LVU1309
 4478 0044 1868     		ldr	r0, [r3]
1869:Drivers/STM32F1xx_HAL_Driver/Src/stm32f1xx_hal_tim_ex.c **** 
 4479              		.loc 1 1869 17 view .LVU1310
 4480 0046 4168     		ldr	r1, [r0, #4]
1869:Drivers/STM32F1xx_HAL_Driver/Src/stm32f1xx_hal_tim_ex.c **** 
 4481              		.loc 1 1869 23 view .LVU1311
 4482 0048 0A43     		orrs	r2, r2, r1
 4483              	.LVL322:
1869:Drivers/STM32F1xx_HAL_Driver/Src/stm32f1xx_hal_tim_ex.c **** 
 4484              		.loc 1 1869 23 view .LVU1312
 4485 004a 4260     		str	r2, [r0, #4]
1872:Drivers/STM32F1xx_HAL_Driver/Src/stm32f1xx_hal_tim_ex.c **** 
 4486              		.loc 1 1872 3 is_stmt 1 view .LVU1313
 4487 004c 1968     		ldr	r1, [r3]
 4488 004e CA68     		ldr	r2, [r1, #12]
 4489 0050 22F40052 		bic	r2, r2, #8192
 4490 0054 CA60     		str	r2, [r1, #12]
1875:Drivers/STM32F1xx_HAL_Driver/Src/stm32f1xx_hal_tim_ex.c **** 
 4491              		.loc 1 1875 3 view .LVU1314
 4492 0056 1968     		ldr	r1, [r3]
 4493 0058 CA68     		ldr	r2, [r1, #12]
 4494 005a 42F02002 		orr	r2, r2, #32
 4495 005e CA60     		str	r2, [r1, #12]
1877:Drivers/STM32F1xx_HAL_Driver/Src/stm32f1xx_hal_tim_ex.c **** 
 4496              		.loc 1 1877 3 view .LVU1315
1877:Drivers/STM32F1xx_HAL_Driver/Src/stm32f1xx_hal_tim_ex.c **** 
 4497              		.loc 1 1877 3 view .LVU1316
 4498 0060 0020     		movs	r0, #0
 4499 0062 83F83C00 		strb	r0, [r3, #60]
1877:Drivers/STM32F1xx_HAL_Driver/Src/stm32f1xx_hal_tim_ex.c **** 
 4500              		.loc 1 1877 3 view .LVU1317
1879:Drivers/STM32F1xx_HAL_Driver/Src/stm32f1xx_hal_tim_ex.c **** }
 4501              		.loc 1 1879 3 view .LVU1318
1880:Drivers/STM32F1xx_HAL_Driver/Src/stm32f1xx_hal_tim_ex.c **** 
ARM GAS  /tmp/ccr982nq.s 			page 143


 4502              		.loc 1 1880 1 is_stmt 0 view .LVU1319
 4503 0066 10BC     		pop	{r4}
 4504              		.cfi_remember_state
 4505              		.cfi_restore 4
 4506              		.cfi_def_cfa_offset 0
 4507 0068 7047     		bx	lr
 4508              	.LVL323:
 4509              	.L365:
 4510              		.cfi_restore_state
1880:Drivers/STM32F1xx_HAL_Driver/Src/stm32f1xx_hal_tim_ex.c **** 
 4511              		.loc 1 1880 1 view .LVU1320
 4512 006a 3029     		cmp	r1, #48
 4513 006c E0D1     		bne	.L366
 4514 006e D6E7     		b	.L364
 4515              	.L367:
 4516              		.cfi_def_cfa_offset 0
 4517              		.cfi_restore 4
1855:Drivers/STM32F1xx_HAL_Driver/Src/stm32f1xx_hal_tim_ex.c **** 
 4518              		.loc 1 1855 3 discriminator 1 view .LVU1321
 4519 0070 0220     		movs	r0, #2
1880:Drivers/STM32F1xx_HAL_Driver/Src/stm32f1xx_hal_tim_ex.c **** 
 4520              		.loc 1 1880 1 view .LVU1322
 4521 0072 7047     		bx	lr
 4522              		.cfi_endproc
 4523              	.LFE92:
 4525              		.section	.text.HAL_TIMEx_ConfigCommutEvent_DMA,"ax",%progbits
 4526              		.align	1
 4527              		.global	HAL_TIMEx_ConfigCommutEvent_DMA
 4528              		.syntax unified
 4529              		.thumb
 4530              		.thumb_func
 4532              	HAL_TIMEx_ConfigCommutEvent_DMA:
 4533              	.LVL324:
 4534              	.LFB93:
1907:Drivers/STM32F1xx_HAL_Driver/Src/stm32f1xx_hal_tim_ex.c ****   /* Check the parameters */
 4535              		.loc 1 1907 1 is_stmt 1 view -0
 4536              		.cfi_startproc
 4537              		@ args = 0, pretend = 0, frame = 0
 4538              		@ frame_needed = 0, uses_anonymous_args = 0
 4539              		@ link register save eliminated.
1907:Drivers/STM32F1xx_HAL_Driver/Src/stm32f1xx_hal_tim_ex.c ****   /* Check the parameters */
 4540              		.loc 1 1907 1 is_stmt 0 view .LVU1324
 4541 0000 0346     		mov	r3, r0
1909:Drivers/STM32F1xx_HAL_Driver/Src/stm32f1xx_hal_tim_ex.c ****   assert_param(IS_TIM_INTERNAL_TRIGGEREVENT_SELECTION(InputTrigger));
 4542              		.loc 1 1909 3 is_stmt 1 view .LVU1325
1910:Drivers/STM32F1xx_HAL_Driver/Src/stm32f1xx_hal_tim_ex.c **** 
 4543              		.loc 1 1910 3 view .LVU1326
1912:Drivers/STM32F1xx_HAL_Driver/Src/stm32f1xx_hal_tim_ex.c **** 
 4544              		.loc 1 1912 3 view .LVU1327
1912:Drivers/STM32F1xx_HAL_Driver/Src/stm32f1xx_hal_tim_ex.c **** 
 4545              		.loc 1 1912 3 view .LVU1328
 4546 0002 90F83C00 		ldrb	r0, [r0, #60]	@ zero_extendqisi2
 4547              	.LVL325:
1912:Drivers/STM32F1xx_HAL_Driver/Src/stm32f1xx_hal_tim_ex.c **** 
 4548              		.loc 1 1912 3 is_stmt 0 view .LVU1329
 4549 0006 0128     		cmp	r0, #1
 4550 0008 3BD0     		beq	.L377
ARM GAS  /tmp/ccr982nq.s 			page 144


1907:Drivers/STM32F1xx_HAL_Driver/Src/stm32f1xx_hal_tim_ex.c ****   /* Check the parameters */
 4551              		.loc 1 1907 1 view .LVU1330
 4552 000a 10B4     		push	{r4}
 4553              		.cfi_def_cfa_offset 4
 4554              		.cfi_offset 4, -4
1912:Drivers/STM32F1xx_HAL_Driver/Src/stm32f1xx_hal_tim_ex.c **** 
 4555              		.loc 1 1912 3 is_stmt 1 discriminator 2 view .LVU1331
 4556 000c 0120     		movs	r0, #1
 4557 000e 83F83C00 		strb	r0, [r3, #60]
1912:Drivers/STM32F1xx_HAL_Driver/Src/stm32f1xx_hal_tim_ex.c **** 
 4558              		.loc 1 1912 3 view .LVU1332
1914:Drivers/STM32F1xx_HAL_Driver/Src/stm32f1xx_hal_tim_ex.c ****       (InputTrigger == TIM_TS_ITR2) || (InputTrigger == TIM_TS_ITR3))
 4559              		.loc 1 1914 3 view .LVU1333
 4560 0012 2029     		cmp	r1, #32
 4561 0014 03D0     		beq	.L374
 4562 0016 31D8     		bhi	.L375
 4563 0018 09B1     		cbz	r1, .L374
 4564 001a 1029     		cmp	r1, #16
 4565 001c 08D1     		bne	.L376
 4566              	.L374:
1918:Drivers/STM32F1xx_HAL_Driver/Src/stm32f1xx_hal_tim_ex.c ****     htim->Instance->SMCR |= InputTrigger;
 4567              		.loc 1 1918 5 view .LVU1334
1918:Drivers/STM32F1xx_HAL_Driver/Src/stm32f1xx_hal_tim_ex.c ****     htim->Instance->SMCR |= InputTrigger;
 4568              		.loc 1 1918 9 is_stmt 0 view .LVU1335
 4569 001e 1C68     		ldr	r4, [r3]
1918:Drivers/STM32F1xx_HAL_Driver/Src/stm32f1xx_hal_tim_ex.c ****     htim->Instance->SMCR |= InputTrigger;
 4570              		.loc 1 1918 19 view .LVU1336
 4571 0020 A068     		ldr	r0, [r4, #8]
1918:Drivers/STM32F1xx_HAL_Driver/Src/stm32f1xx_hal_tim_ex.c ****     htim->Instance->SMCR |= InputTrigger;
 4572              		.loc 1 1918 26 view .LVU1337
 4573 0022 20F07000 		bic	r0, r0, #112
 4574 0026 A060     		str	r0, [r4, #8]
1919:Drivers/STM32F1xx_HAL_Driver/Src/stm32f1xx_hal_tim_ex.c ****   }
 4575              		.loc 1 1919 5 is_stmt 1 view .LVU1338
1919:Drivers/STM32F1xx_HAL_Driver/Src/stm32f1xx_hal_tim_ex.c ****   }
 4576              		.loc 1 1919 9 is_stmt 0 view .LVU1339
 4577 0028 1C68     		ldr	r4, [r3]
1919:Drivers/STM32F1xx_HAL_Driver/Src/stm32f1xx_hal_tim_ex.c ****   }
 4578              		.loc 1 1919 19 view .LVU1340
 4579 002a A068     		ldr	r0, [r4, #8]
1919:Drivers/STM32F1xx_HAL_Driver/Src/stm32f1xx_hal_tim_ex.c ****   }
 4580              		.loc 1 1919 26 view .LVU1341
 4581 002c 0143     		orrs	r1, r1, r0
 4582              	.LVL326:
1919:Drivers/STM32F1xx_HAL_Driver/Src/stm32f1xx_hal_tim_ex.c ****   }
 4583              		.loc 1 1919 26 view .LVU1342
 4584 002e A160     		str	r1, [r4, #8]
 4585              	.L376:
1923:Drivers/STM32F1xx_HAL_Driver/Src/stm32f1xx_hal_tim_ex.c ****   /* Select the Commutation event source */
 4586              		.loc 1 1923 3 is_stmt 1 view .LVU1343
1923:Drivers/STM32F1xx_HAL_Driver/Src/stm32f1xx_hal_tim_ex.c ****   /* Select the Commutation event source */
 4587              		.loc 1 1923 7 is_stmt 0 view .LVU1344
 4588 0030 1868     		ldr	r0, [r3]
1923:Drivers/STM32F1xx_HAL_Driver/Src/stm32f1xx_hal_tim_ex.c ****   /* Select the Commutation event source */
 4589              		.loc 1 1923 17 view .LVU1345
 4590 0032 4168     		ldr	r1, [r0, #4]
1923:Drivers/STM32F1xx_HAL_Driver/Src/stm32f1xx_hal_tim_ex.c ****   /* Select the Commutation event source */
ARM GAS  /tmp/ccr982nq.s 			page 145


 4591              		.loc 1 1923 23 view .LVU1346
 4592 0034 41F00101 		orr	r1, r1, #1
 4593 0038 4160     		str	r1, [r0, #4]
1925:Drivers/STM32F1xx_HAL_Driver/Src/stm32f1xx_hal_tim_ex.c ****   htim->Instance->CR2 |= CommutationSource;
 4594              		.loc 1 1925 3 is_stmt 1 view .LVU1347
1925:Drivers/STM32F1xx_HAL_Driver/Src/stm32f1xx_hal_tim_ex.c ****   htim->Instance->CR2 |= CommutationSource;
 4595              		.loc 1 1925 7 is_stmt 0 view .LVU1348
 4596 003a 1868     		ldr	r0, [r3]
1925:Drivers/STM32F1xx_HAL_Driver/Src/stm32f1xx_hal_tim_ex.c ****   htim->Instance->CR2 |= CommutationSource;
 4597              		.loc 1 1925 17 view .LVU1349
 4598 003c 4168     		ldr	r1, [r0, #4]
1925:Drivers/STM32F1xx_HAL_Driver/Src/stm32f1xx_hal_tim_ex.c ****   htim->Instance->CR2 |= CommutationSource;
 4599              		.loc 1 1925 23 view .LVU1350
 4600 003e 21F00401 		bic	r1, r1, #4
 4601 0042 4160     		str	r1, [r0, #4]
1926:Drivers/STM32F1xx_HAL_Driver/Src/stm32f1xx_hal_tim_ex.c **** 
 4602              		.loc 1 1926 3 is_stmt 1 view .LVU1351
1926:Drivers/STM32F1xx_HAL_Driver/Src/stm32f1xx_hal_tim_ex.c **** 
 4603              		.loc 1 1926 7 is_stmt 0 view .LVU1352
 4604 0044 1868     		ldr	r0, [r3]
1926:Drivers/STM32F1xx_HAL_Driver/Src/stm32f1xx_hal_tim_ex.c **** 
 4605              		.loc 1 1926 17 view .LVU1353
 4606 0046 4168     		ldr	r1, [r0, #4]
1926:Drivers/STM32F1xx_HAL_Driver/Src/stm32f1xx_hal_tim_ex.c **** 
 4607              		.loc 1 1926 23 view .LVU1354
 4608 0048 0A43     		orrs	r2, r2, r1
 4609              	.LVL327:
1926:Drivers/STM32F1xx_HAL_Driver/Src/stm32f1xx_hal_tim_ex.c **** 
 4610              		.loc 1 1926 23 view .LVU1355
 4611 004a 4260     		str	r2, [r0, #4]
1930:Drivers/STM32F1xx_HAL_Driver/Src/stm32f1xx_hal_tim_ex.c ****   htim->hdma[TIM_DMA_ID_COMMUTATION]->XferHalfCpltCallback = TIMEx_DMACommutationHalfCplt;
 4612              		.loc 1 1930 3 is_stmt 1 view .LVU1356
1930:Drivers/STM32F1xx_HAL_Driver/Src/stm32f1xx_hal_tim_ex.c ****   htim->hdma[TIM_DMA_ID_COMMUTATION]->XferHalfCpltCallback = TIMEx_DMACommutationHalfCplt;
 4613              		.loc 1 1930 13 is_stmt 0 view .LVU1357
 4614 004c 5A6B     		ldr	r2, [r3, #52]
1930:Drivers/STM32F1xx_HAL_Driver/Src/stm32f1xx_hal_tim_ex.c ****   htim->hdma[TIM_DMA_ID_COMMUTATION]->XferHalfCpltCallback = TIMEx_DMACommutationHalfCplt;
 4615              		.loc 1 1930 56 view .LVU1358
 4616 004e 0E49     		ldr	r1, .L382
 4617 0050 9162     		str	r1, [r2, #40]
1931:Drivers/STM32F1xx_HAL_Driver/Src/stm32f1xx_hal_tim_ex.c ****   /* Set the DMA error callback */
 4618              		.loc 1 1931 3 is_stmt 1 view .LVU1359
1931:Drivers/STM32F1xx_HAL_Driver/Src/stm32f1xx_hal_tim_ex.c ****   /* Set the DMA error callback */
 4619              		.loc 1 1931 13 is_stmt 0 view .LVU1360
 4620 0052 5A6B     		ldr	r2, [r3, #52]
1931:Drivers/STM32F1xx_HAL_Driver/Src/stm32f1xx_hal_tim_ex.c ****   /* Set the DMA error callback */
 4621              		.loc 1 1931 60 view .LVU1361
 4622 0054 0D49     		ldr	r1, .L382+4
 4623 0056 D162     		str	r1, [r2, #44]
1933:Drivers/STM32F1xx_HAL_Driver/Src/stm32f1xx_hal_tim_ex.c **** 
 4624              		.loc 1 1933 3 is_stmt 1 view .LVU1362
1933:Drivers/STM32F1xx_HAL_Driver/Src/stm32f1xx_hal_tim_ex.c **** 
 4625              		.loc 1 1933 13 is_stmt 0 view .LVU1363
 4626 0058 5A6B     		ldr	r2, [r3, #52]
1933:Drivers/STM32F1xx_HAL_Driver/Src/stm32f1xx_hal_tim_ex.c **** 
 4627              		.loc 1 1933 57 view .LVU1364
 4628 005a 0D49     		ldr	r1, .L382+8
 4629 005c 1163     		str	r1, [r2, #48]
ARM GAS  /tmp/ccr982nq.s 			page 146


1936:Drivers/STM32F1xx_HAL_Driver/Src/stm32f1xx_hal_tim_ex.c **** 
 4630              		.loc 1 1936 3 is_stmt 1 view .LVU1365
 4631 005e 1968     		ldr	r1, [r3]
 4632 0060 CA68     		ldr	r2, [r1, #12]
 4633 0062 22F02002 		bic	r2, r2, #32
 4634 0066 CA60     		str	r2, [r1, #12]
1939:Drivers/STM32F1xx_HAL_Driver/Src/stm32f1xx_hal_tim_ex.c **** 
 4635              		.loc 1 1939 3 view .LVU1366
 4636 0068 1968     		ldr	r1, [r3]
 4637 006a CA68     		ldr	r2, [r1, #12]
 4638 006c 42F40052 		orr	r2, r2, #8192
 4639 0070 CA60     		str	r2, [r1, #12]
1941:Drivers/STM32F1xx_HAL_Driver/Src/stm32f1xx_hal_tim_ex.c **** 
 4640              		.loc 1 1941 3 view .LVU1367
1941:Drivers/STM32F1xx_HAL_Driver/Src/stm32f1xx_hal_tim_ex.c **** 
 4641              		.loc 1 1941 3 view .LVU1368
 4642 0072 0020     		movs	r0, #0
 4643 0074 83F83C00 		strb	r0, [r3, #60]
1941:Drivers/STM32F1xx_HAL_Driver/Src/stm32f1xx_hal_tim_ex.c **** 
 4644              		.loc 1 1941 3 view .LVU1369
1943:Drivers/STM32F1xx_HAL_Driver/Src/stm32f1xx_hal_tim_ex.c **** }
 4645              		.loc 1 1943 3 view .LVU1370
1944:Drivers/STM32F1xx_HAL_Driver/Src/stm32f1xx_hal_tim_ex.c **** 
 4646              		.loc 1 1944 1 is_stmt 0 view .LVU1371
 4647 0078 10BC     		pop	{r4}
 4648              		.cfi_remember_state
 4649              		.cfi_restore 4
 4650              		.cfi_def_cfa_offset 0
 4651 007a 7047     		bx	lr
 4652              	.LVL328:
 4653              	.L375:
 4654              		.cfi_restore_state
1944:Drivers/STM32F1xx_HAL_Driver/Src/stm32f1xx_hal_tim_ex.c **** 
 4655              		.loc 1 1944 1 view .LVU1372
 4656 007c 3029     		cmp	r1, #48
 4657 007e D7D1     		bne	.L376
 4658 0080 CDE7     		b	.L374
 4659              	.L377:
 4660              		.cfi_def_cfa_offset 0
 4661              		.cfi_restore 4
1912:Drivers/STM32F1xx_HAL_Driver/Src/stm32f1xx_hal_tim_ex.c **** 
 4662              		.loc 1 1912 3 discriminator 1 view .LVU1373
 4663 0082 0220     		movs	r0, #2
1944:Drivers/STM32F1xx_HAL_Driver/Src/stm32f1xx_hal_tim_ex.c **** 
 4664              		.loc 1 1944 1 view .LVU1374
 4665 0084 7047     		bx	lr
 4666              	.L383:
 4667 0086 00BF     		.align	2
 4668              	.L382:
 4669 0088 00000000 		.word	TIMEx_DMACommutationCplt
 4670 008c 00000000 		.word	TIMEx_DMACommutationHalfCplt
 4671 0090 00000000 		.word	TIM_DMAError
 4672              		.cfi_endproc
 4673              	.LFE93:
 4675              		.section	.text.HAL_TIMEx_MasterConfigSynchronization,"ax",%progbits
 4676              		.align	1
 4677              		.global	HAL_TIMEx_MasterConfigSynchronization
ARM GAS  /tmp/ccr982nq.s 			page 147


 4678              		.syntax unified
 4679              		.thumb
 4680              		.thumb_func
 4682              	HAL_TIMEx_MasterConfigSynchronization:
 4683              	.LVL329:
 4684              	.LFB94:
1956:Drivers/STM32F1xx_HAL_Driver/Src/stm32f1xx_hal_tim_ex.c ****   uint32_t tmpcr2;
 4685              		.loc 1 1956 1 is_stmt 1 view -0
 4686              		.cfi_startproc
 4687              		@ args = 0, pretend = 0, frame = 0
 4688              		@ frame_needed = 0, uses_anonymous_args = 0
 4689              		@ link register save eliminated.
1957:Drivers/STM32F1xx_HAL_Driver/Src/stm32f1xx_hal_tim_ex.c ****   uint32_t tmpsmcr;
 4690              		.loc 1 1957 3 view .LVU1376
1958:Drivers/STM32F1xx_HAL_Driver/Src/stm32f1xx_hal_tim_ex.c **** 
 4691              		.loc 1 1958 3 view .LVU1377
1961:Drivers/STM32F1xx_HAL_Driver/Src/stm32f1xx_hal_tim_ex.c ****   assert_param(IS_TIM_TRGO_SOURCE(sMasterConfig->MasterOutputTrigger));
 4692              		.loc 1 1961 3 view .LVU1378
1962:Drivers/STM32F1xx_HAL_Driver/Src/stm32f1xx_hal_tim_ex.c ****   assert_param(IS_TIM_MSM_STATE(sMasterConfig->MasterSlaveMode));
 4693              		.loc 1 1962 3 view .LVU1379
1963:Drivers/STM32F1xx_HAL_Driver/Src/stm32f1xx_hal_tim_ex.c **** 
 4694              		.loc 1 1963 3 view .LVU1380
1966:Drivers/STM32F1xx_HAL_Driver/Src/stm32f1xx_hal_tim_ex.c **** 
 4695              		.loc 1 1966 3 view .LVU1381
1966:Drivers/STM32F1xx_HAL_Driver/Src/stm32f1xx_hal_tim_ex.c **** 
 4696              		.loc 1 1966 3 view .LVU1382
 4697 0000 90F83C20 		ldrb	r2, [r0, #60]	@ zero_extendqisi2
 4698 0004 012A     		cmp	r2, #1
 4699 0006 2CD0     		beq	.L388
1956:Drivers/STM32F1xx_HAL_Driver/Src/stm32f1xx_hal_tim_ex.c ****   uint32_t tmpcr2;
 4700              		.loc 1 1956 1 is_stmt 0 view .LVU1383
 4701 0008 10B4     		push	{r4}
 4702              		.cfi_def_cfa_offset 4
 4703              		.cfi_offset 4, -4
 4704 000a 0346     		mov	r3, r0
1966:Drivers/STM32F1xx_HAL_Driver/Src/stm32f1xx_hal_tim_ex.c **** 
 4705              		.loc 1 1966 3 is_stmt 1 discriminator 2 view .LVU1384
 4706 000c 0122     		movs	r2, #1
 4707 000e 80F83C20 		strb	r2, [r0, #60]
1966:Drivers/STM32F1xx_HAL_Driver/Src/stm32f1xx_hal_tim_ex.c **** 
 4708              		.loc 1 1966 3 view .LVU1385
1969:Drivers/STM32F1xx_HAL_Driver/Src/stm32f1xx_hal_tim_ex.c **** 
 4709              		.loc 1 1969 3 view .LVU1386
1969:Drivers/STM32F1xx_HAL_Driver/Src/stm32f1xx_hal_tim_ex.c **** 
 4710              		.loc 1 1969 15 is_stmt 0 view .LVU1387
 4711 0012 0222     		movs	r2, #2
 4712 0014 80F83D20 		strb	r2, [r0, #61]
1972:Drivers/STM32F1xx_HAL_Driver/Src/stm32f1xx_hal_tim_ex.c **** 
 4713              		.loc 1 1972 3 is_stmt 1 view .LVU1388
1972:Drivers/STM32F1xx_HAL_Driver/Src/stm32f1xx_hal_tim_ex.c **** 
 4714              		.loc 1 1972 16 is_stmt 0 view .LVU1389
 4715 0018 0268     		ldr	r2, [r0]
1972:Drivers/STM32F1xx_HAL_Driver/Src/stm32f1xx_hal_tim_ex.c **** 
 4716              		.loc 1 1972 10 view .LVU1390
 4717 001a 5068     		ldr	r0, [r2, #4]
 4718              	.LVL330:
1975:Drivers/STM32F1xx_HAL_Driver/Src/stm32f1xx_hal_tim_ex.c **** 
ARM GAS  /tmp/ccr982nq.s 			page 148


 4719              		.loc 1 1975 3 is_stmt 1 view .LVU1391
1975:Drivers/STM32F1xx_HAL_Driver/Src/stm32f1xx_hal_tim_ex.c **** 
 4720              		.loc 1 1975 11 is_stmt 0 view .LVU1392
 4721 001c 9468     		ldr	r4, [r2, #8]
 4722              	.LVL331:
1978:Drivers/STM32F1xx_HAL_Driver/Src/stm32f1xx_hal_tim_ex.c ****   /* Select the TRGO source */
 4723              		.loc 1 1978 3 is_stmt 1 view .LVU1393
1978:Drivers/STM32F1xx_HAL_Driver/Src/stm32f1xx_hal_tim_ex.c ****   /* Select the TRGO source */
 4724              		.loc 1 1978 10 is_stmt 0 view .LVU1394
 4725 001e 20F0700C 		bic	ip, r0, #112
 4726              	.LVL332:
1980:Drivers/STM32F1xx_HAL_Driver/Src/stm32f1xx_hal_tim_ex.c **** 
 4727              		.loc 1 1980 3 is_stmt 1 view .LVU1395
1980:Drivers/STM32F1xx_HAL_Driver/Src/stm32f1xx_hal_tim_ex.c **** 
 4728              		.loc 1 1980 27 is_stmt 0 view .LVU1396
 4729 0022 0868     		ldr	r0, [r1]
1980:Drivers/STM32F1xx_HAL_Driver/Src/stm32f1xx_hal_tim_ex.c **** 
 4730              		.loc 1 1980 10 view .LVU1397
 4731 0024 40EA0C00 		orr	r0, r0, ip
 4732              	.LVL333:
1983:Drivers/STM32F1xx_HAL_Driver/Src/stm32f1xx_hal_tim_ex.c **** 
 4733              		.loc 1 1983 3 is_stmt 1 view .LVU1398
1983:Drivers/STM32F1xx_HAL_Driver/Src/stm32f1xx_hal_tim_ex.c **** 
 4734              		.loc 1 1983 23 is_stmt 0 view .LVU1399
 4735 0028 5060     		str	r0, [r2, #4]
1985:Drivers/STM32F1xx_HAL_Driver/Src/stm32f1xx_hal_tim_ex.c ****   {
 4736              		.loc 1 1985 3 is_stmt 1 view .LVU1400
1985:Drivers/STM32F1xx_HAL_Driver/Src/stm32f1xx_hal_tim_ex.c ****   {
 4737              		.loc 1 1985 7 is_stmt 0 view .LVU1401
 4738 002a 1A68     		ldr	r2, [r3]
1985:Drivers/STM32F1xx_HAL_Driver/Src/stm32f1xx_hal_tim_ex.c ****   {
 4739              		.loc 1 1985 6 view .LVU1402
 4740 002c 0E48     		ldr	r0, .L393
 4741              	.LVL334:
1985:Drivers/STM32F1xx_HAL_Driver/Src/stm32f1xx_hal_tim_ex.c ****   {
 4742              		.loc 1 1985 6 view .LVU1403
 4743 002e 8242     		cmp	r2, r0
 4744 0030 0AD0     		beq	.L386
1985:Drivers/STM32F1xx_HAL_Driver/Src/stm32f1xx_hal_tim_ex.c ****   {
 4745              		.loc 1 1985 7 discriminator 1 view .LVU1404
 4746 0032 B2F1804F 		cmp	r2, #1073741824
 4747 0036 07D0     		beq	.L386
1985:Drivers/STM32F1xx_HAL_Driver/Src/stm32f1xx_hal_tim_ex.c ****   {
 4748              		.loc 1 1985 7 discriminator 2 view .LVU1405
 4749 0038 A0F59430 		sub	r0, r0, #75776
 4750 003c 8242     		cmp	r2, r0
 4751 003e 03D0     		beq	.L386
1985:Drivers/STM32F1xx_HAL_Driver/Src/stm32f1xx_hal_tim_ex.c ****   {
 4752              		.loc 1 1985 7 discriminator 3 view .LVU1406
 4753 0040 00F58060 		add	r0, r0, #1024
 4754 0044 8242     		cmp	r2, r0
 4755 0046 04D1     		bne	.L387
 4756              	.L386:
1988:Drivers/STM32F1xx_HAL_Driver/Src/stm32f1xx_hal_tim_ex.c ****     /* Set master mode */
 4757              		.loc 1 1988 5 is_stmt 1 view .LVU1407
1988:Drivers/STM32F1xx_HAL_Driver/Src/stm32f1xx_hal_tim_ex.c ****     /* Set master mode */
 4758              		.loc 1 1988 13 is_stmt 0 view .LVU1408
ARM GAS  /tmp/ccr982nq.s 			page 149


 4759 0048 24F08004 		bic	r4, r4, #128
 4760              	.LVL335:
1990:Drivers/STM32F1xx_HAL_Driver/Src/stm32f1xx_hal_tim_ex.c **** 
 4761              		.loc 1 1990 5 is_stmt 1 view .LVU1409
1990:Drivers/STM32F1xx_HAL_Driver/Src/stm32f1xx_hal_tim_ex.c **** 
 4762              		.loc 1 1990 29 is_stmt 0 view .LVU1410
 4763 004c 4968     		ldr	r1, [r1, #4]
 4764              	.LVL336:
1990:Drivers/STM32F1xx_HAL_Driver/Src/stm32f1xx_hal_tim_ex.c **** 
 4765              		.loc 1 1990 13 view .LVU1411
 4766 004e 2143     		orrs	r1, r1, r4
 4767              	.LVL337:
1993:Drivers/STM32F1xx_HAL_Driver/Src/stm32f1xx_hal_tim_ex.c ****   }
 4768              		.loc 1 1993 5 is_stmt 1 view .LVU1412
1993:Drivers/STM32F1xx_HAL_Driver/Src/stm32f1xx_hal_tim_ex.c ****   }
 4769              		.loc 1 1993 26 is_stmt 0 view .LVU1413
 4770 0050 9160     		str	r1, [r2, #8]
 4771              	.LVL338:
 4772              	.L387:
1997:Drivers/STM32F1xx_HAL_Driver/Src/stm32f1xx_hal_tim_ex.c **** 
 4773              		.loc 1 1997 3 is_stmt 1 view .LVU1414
1997:Drivers/STM32F1xx_HAL_Driver/Src/stm32f1xx_hal_tim_ex.c **** 
 4774              		.loc 1 1997 15 is_stmt 0 view .LVU1415
 4775 0052 0122     		movs	r2, #1
 4776 0054 83F83D20 		strb	r2, [r3, #61]
1999:Drivers/STM32F1xx_HAL_Driver/Src/stm32f1xx_hal_tim_ex.c **** 
 4777              		.loc 1 1999 3 is_stmt 1 view .LVU1416
1999:Drivers/STM32F1xx_HAL_Driver/Src/stm32f1xx_hal_tim_ex.c **** 
 4778              		.loc 1 1999 3 view .LVU1417
 4779 0058 0020     		movs	r0, #0
 4780 005a 83F83C00 		strb	r0, [r3, #60]
1999:Drivers/STM32F1xx_HAL_Driver/Src/stm32f1xx_hal_tim_ex.c **** 
 4781              		.loc 1 1999 3 view .LVU1418
2001:Drivers/STM32F1xx_HAL_Driver/Src/stm32f1xx_hal_tim_ex.c **** }
 4782              		.loc 1 2001 3 view .LVU1419
2002:Drivers/STM32F1xx_HAL_Driver/Src/stm32f1xx_hal_tim_ex.c **** 
 4783              		.loc 1 2002 1 is_stmt 0 view .LVU1420
 4784 005e 10BC     		pop	{r4}
 4785              		.cfi_restore 4
 4786              		.cfi_def_cfa_offset 0
 4787 0060 7047     		bx	lr
 4788              	.LVL339:
 4789              	.L388:
1966:Drivers/STM32F1xx_HAL_Driver/Src/stm32f1xx_hal_tim_ex.c **** 
 4790              		.loc 1 1966 3 discriminator 1 view .LVU1421
 4791 0062 0220     		movs	r0, #2
 4792              	.LVL340:
2002:Drivers/STM32F1xx_HAL_Driver/Src/stm32f1xx_hal_tim_ex.c **** 
 4793              		.loc 1 2002 1 view .LVU1422
 4794 0064 7047     		bx	lr
 4795              	.L394:
 4796 0066 00BF     		.align	2
 4797              	.L393:
 4798 0068 002C0140 		.word	1073818624
 4799              		.cfi_endproc
 4800              	.LFE94:
 4802              		.section	.text.HAL_TIMEx_ConfigBreakDeadTime,"ax",%progbits
ARM GAS  /tmp/ccr982nq.s 			page 150


 4803              		.align	1
 4804              		.global	HAL_TIMEx_ConfigBreakDeadTime
 4805              		.syntax unified
 4806              		.thumb
 4807              		.thumb_func
 4809              	HAL_TIMEx_ConfigBreakDeadTime:
 4810              	.LVL341:
 4811              	.LFB95:
2017:Drivers/STM32F1xx_HAL_Driver/Src/stm32f1xx_hal_tim_ex.c ****   /* Keep this variable initialized to 0 as it is used to configure BDTR register */
 4812              		.loc 1 2017 1 is_stmt 1 view -0
 4813              		.cfi_startproc
 4814              		@ args = 0, pretend = 0, frame = 0
 4815              		@ frame_needed = 0, uses_anonymous_args = 0
 4816              		@ link register save eliminated.
2017:Drivers/STM32F1xx_HAL_Driver/Src/stm32f1xx_hal_tim_ex.c ****   /* Keep this variable initialized to 0 as it is used to configure BDTR register */
 4817              		.loc 1 2017 1 is_stmt 0 view .LVU1424
 4818 0000 0246     		mov	r2, r0
2019:Drivers/STM32F1xx_HAL_Driver/Src/stm32f1xx_hal_tim_ex.c **** 
 4819              		.loc 1 2019 3 is_stmt 1 view .LVU1425
 4820              	.LVL342:
2022:Drivers/STM32F1xx_HAL_Driver/Src/stm32f1xx_hal_tim_ex.c ****   assert_param(IS_TIM_OSSR_STATE(sBreakDeadTimeConfig->OffStateRunMode));
 4821              		.loc 1 2022 3 view .LVU1426
2023:Drivers/STM32F1xx_HAL_Driver/Src/stm32f1xx_hal_tim_ex.c ****   assert_param(IS_TIM_OSSI_STATE(sBreakDeadTimeConfig->OffStateIDLEMode));
 4822              		.loc 1 2023 3 view .LVU1427
2024:Drivers/STM32F1xx_HAL_Driver/Src/stm32f1xx_hal_tim_ex.c ****   assert_param(IS_TIM_LOCK_LEVEL(sBreakDeadTimeConfig->LockLevel));
 4823              		.loc 1 2024 3 view .LVU1428
2025:Drivers/STM32F1xx_HAL_Driver/Src/stm32f1xx_hal_tim_ex.c ****   assert_param(IS_TIM_DEADTIME(sBreakDeadTimeConfig->DeadTime));
 4824              		.loc 1 2025 3 view .LVU1429
2026:Drivers/STM32F1xx_HAL_Driver/Src/stm32f1xx_hal_tim_ex.c ****   assert_param(IS_TIM_BREAK_STATE(sBreakDeadTimeConfig->BreakState));
 4825              		.loc 1 2026 3 view .LVU1430
2027:Drivers/STM32F1xx_HAL_Driver/Src/stm32f1xx_hal_tim_ex.c ****   assert_param(IS_TIM_BREAK_POLARITY(sBreakDeadTimeConfig->BreakPolarity));
 4826              		.loc 1 2027 3 view .LVU1431
2028:Drivers/STM32F1xx_HAL_Driver/Src/stm32f1xx_hal_tim_ex.c ****   assert_param(IS_TIM_AUTOMATIC_OUTPUT_STATE(sBreakDeadTimeConfig->AutomaticOutput));
 4827              		.loc 1 2028 3 view .LVU1432
2029:Drivers/STM32F1xx_HAL_Driver/Src/stm32f1xx_hal_tim_ex.c **** 
 4828              		.loc 1 2029 3 view .LVU1433
2032:Drivers/STM32F1xx_HAL_Driver/Src/stm32f1xx_hal_tim_ex.c **** 
 4829              		.loc 1 2032 3 view .LVU1434
2032:Drivers/STM32F1xx_HAL_Driver/Src/stm32f1xx_hal_tim_ex.c **** 
 4830              		.loc 1 2032 3 view .LVU1435
 4831 0002 90F83C30 		ldrb	r3, [r0, #60]	@ zero_extendqisi2
 4832 0006 012B     		cmp	r3, #1
 4833 0008 21D0     		beq	.L397
2032:Drivers/STM32F1xx_HAL_Driver/Src/stm32f1xx_hal_tim_ex.c **** 
 4834              		.loc 1 2032 3 discriminator 2 view .LVU1436
 4835 000a 0123     		movs	r3, #1
 4836 000c 80F83C30 		strb	r3, [r0, #60]
2032:Drivers/STM32F1xx_HAL_Driver/Src/stm32f1xx_hal_tim_ex.c **** 
 4837              		.loc 1 2032 3 view .LVU1437
2038:Drivers/STM32F1xx_HAL_Driver/Src/stm32f1xx_hal_tim_ex.c ****   MODIFY_REG(tmpbdtr, TIM_BDTR_LOCK, sBreakDeadTimeConfig->LockLevel);
 4838              		.loc 1 2038 3 view .LVU1438
 4839 0010 CB68     		ldr	r3, [r1, #12]
 4840              	.LVL343:
2039:Drivers/STM32F1xx_HAL_Driver/Src/stm32f1xx_hal_tim_ex.c ****   MODIFY_REG(tmpbdtr, TIM_BDTR_OSSI, sBreakDeadTimeConfig->OffStateIDLEMode);
 4841              		.loc 1 2039 3 view .LVU1439
 4842 0012 23F44073 		bic	r3, r3, #768
 4843              	.LVL344:
ARM GAS  /tmp/ccr982nq.s 			page 151


2039:Drivers/STM32F1xx_HAL_Driver/Src/stm32f1xx_hal_tim_ex.c ****   MODIFY_REG(tmpbdtr, TIM_BDTR_OSSI, sBreakDeadTimeConfig->OffStateIDLEMode);
 4844              		.loc 1 2039 3 is_stmt 0 view .LVU1440
 4845 0016 8868     		ldr	r0, [r1, #8]
 4846              	.LVL345:
2039:Drivers/STM32F1xx_HAL_Driver/Src/stm32f1xx_hal_tim_ex.c ****   MODIFY_REG(tmpbdtr, TIM_BDTR_OSSI, sBreakDeadTimeConfig->OffStateIDLEMode);
 4847              		.loc 1 2039 3 view .LVU1441
 4848 0018 0343     		orrs	r3, r3, r0
 4849              	.LVL346:
2040:Drivers/STM32F1xx_HAL_Driver/Src/stm32f1xx_hal_tim_ex.c ****   MODIFY_REG(tmpbdtr, TIM_BDTR_OSSR, sBreakDeadTimeConfig->OffStateRunMode);
 4850              		.loc 1 2040 3 is_stmt 1 view .LVU1442
 4851 001a 23F48063 		bic	r3, r3, #1024
 4852              	.LVL347:
2040:Drivers/STM32F1xx_HAL_Driver/Src/stm32f1xx_hal_tim_ex.c ****   MODIFY_REG(tmpbdtr, TIM_BDTR_OSSR, sBreakDeadTimeConfig->OffStateRunMode);
 4853              		.loc 1 2040 3 is_stmt 0 view .LVU1443
 4854 001e 4868     		ldr	r0, [r1, #4]
 4855              	.LVL348:
2040:Drivers/STM32F1xx_HAL_Driver/Src/stm32f1xx_hal_tim_ex.c ****   MODIFY_REG(tmpbdtr, TIM_BDTR_OSSR, sBreakDeadTimeConfig->OffStateRunMode);
 4856              		.loc 1 2040 3 view .LVU1444
 4857 0020 0343     		orrs	r3, r3, r0
 4858              	.LVL349:
2041:Drivers/STM32F1xx_HAL_Driver/Src/stm32f1xx_hal_tim_ex.c ****   MODIFY_REG(tmpbdtr, TIM_BDTR_BKE, sBreakDeadTimeConfig->BreakState);
 4859              		.loc 1 2041 3 is_stmt 1 view .LVU1445
 4860 0022 23F40063 		bic	r3, r3, #2048
 4861              	.LVL350:
2041:Drivers/STM32F1xx_HAL_Driver/Src/stm32f1xx_hal_tim_ex.c ****   MODIFY_REG(tmpbdtr, TIM_BDTR_BKE, sBreakDeadTimeConfig->BreakState);
 4862              		.loc 1 2041 3 is_stmt 0 view .LVU1446
 4863 0026 0868     		ldr	r0, [r1]
 4864              	.LVL351:
2041:Drivers/STM32F1xx_HAL_Driver/Src/stm32f1xx_hal_tim_ex.c ****   MODIFY_REG(tmpbdtr, TIM_BDTR_BKE, sBreakDeadTimeConfig->BreakState);
 4865              		.loc 1 2041 3 view .LVU1447
 4866 0028 0343     		orrs	r3, r3, r0
 4867              	.LVL352:
2042:Drivers/STM32F1xx_HAL_Driver/Src/stm32f1xx_hal_tim_ex.c ****   MODIFY_REG(tmpbdtr, TIM_BDTR_BKP, sBreakDeadTimeConfig->BreakPolarity);
 4868              		.loc 1 2042 3 is_stmt 1 view .LVU1448
 4869 002a 23F48053 		bic	r3, r3, #4096
 4870              	.LVL353:
2042:Drivers/STM32F1xx_HAL_Driver/Src/stm32f1xx_hal_tim_ex.c ****   MODIFY_REG(tmpbdtr, TIM_BDTR_BKP, sBreakDeadTimeConfig->BreakPolarity);
 4871              		.loc 1 2042 3 is_stmt 0 view .LVU1449
 4872 002e 0869     		ldr	r0, [r1, #16]
 4873              	.LVL354:
2042:Drivers/STM32F1xx_HAL_Driver/Src/stm32f1xx_hal_tim_ex.c ****   MODIFY_REG(tmpbdtr, TIM_BDTR_BKP, sBreakDeadTimeConfig->BreakPolarity);
 4874              		.loc 1 2042 3 view .LVU1450
 4875 0030 0343     		orrs	r3, r3, r0
 4876              	.LVL355:
2043:Drivers/STM32F1xx_HAL_Driver/Src/stm32f1xx_hal_tim_ex.c ****   MODIFY_REG(tmpbdtr, TIM_BDTR_AOE, sBreakDeadTimeConfig->AutomaticOutput);
 4877              		.loc 1 2043 3 is_stmt 1 view .LVU1451
 4878 0032 23F40053 		bic	r3, r3, #8192
 4879              	.LVL356:
2043:Drivers/STM32F1xx_HAL_Driver/Src/stm32f1xx_hal_tim_ex.c ****   MODIFY_REG(tmpbdtr, TIM_BDTR_AOE, sBreakDeadTimeConfig->AutomaticOutput);
 4880              		.loc 1 2043 3 is_stmt 0 view .LVU1452
 4881 0036 4869     		ldr	r0, [r1, #20]
 4882              	.LVL357:
2043:Drivers/STM32F1xx_HAL_Driver/Src/stm32f1xx_hal_tim_ex.c ****   MODIFY_REG(tmpbdtr, TIM_BDTR_AOE, sBreakDeadTimeConfig->AutomaticOutput);
 4883              		.loc 1 2043 3 view .LVU1453
 4884 0038 0343     		orrs	r3, r3, r0
 4885              	.LVL358:
2044:Drivers/STM32F1xx_HAL_Driver/Src/stm32f1xx_hal_tim_ex.c **** 
ARM GAS  /tmp/ccr982nq.s 			page 152


 4886              		.loc 1 2044 3 is_stmt 1 view .LVU1454
 4887 003a 23F48043 		bic	r3, r3, #16384
 4888              	.LVL359:
2044:Drivers/STM32F1xx_HAL_Driver/Src/stm32f1xx_hal_tim_ex.c **** 
 4889              		.loc 1 2044 3 is_stmt 0 view .LVU1455
 4890 003e C969     		ldr	r1, [r1, #28]
 4891              	.LVL360:
2044:Drivers/STM32F1xx_HAL_Driver/Src/stm32f1xx_hal_tim_ex.c **** 
 4892              		.loc 1 2044 3 view .LVU1456
 4893 0040 0B43     		orrs	r3, r3, r1
 4894              	.LVL361:
2048:Drivers/STM32F1xx_HAL_Driver/Src/stm32f1xx_hal_tim_ex.c **** 
 4895              		.loc 1 2048 3 is_stmt 1 view .LVU1457
2048:Drivers/STM32F1xx_HAL_Driver/Src/stm32f1xx_hal_tim_ex.c **** 
 4896              		.loc 1 2048 7 is_stmt 0 view .LVU1458
 4897 0042 1168     		ldr	r1, [r2]
2048:Drivers/STM32F1xx_HAL_Driver/Src/stm32f1xx_hal_tim_ex.c **** 
 4898              		.loc 1 2048 24 view .LVU1459
 4899 0044 4B64     		str	r3, [r1, #68]
2050:Drivers/STM32F1xx_HAL_Driver/Src/stm32f1xx_hal_tim_ex.c **** 
 4900              		.loc 1 2050 3 is_stmt 1 view .LVU1460
2050:Drivers/STM32F1xx_HAL_Driver/Src/stm32f1xx_hal_tim_ex.c **** 
 4901              		.loc 1 2050 3 view .LVU1461
 4902 0046 0020     		movs	r0, #0
 4903 0048 82F83C00 		strb	r0, [r2, #60]
2050:Drivers/STM32F1xx_HAL_Driver/Src/stm32f1xx_hal_tim_ex.c **** 
 4904              		.loc 1 2050 3 view .LVU1462
2052:Drivers/STM32F1xx_HAL_Driver/Src/stm32f1xx_hal_tim_ex.c **** }
 4905              		.loc 1 2052 3 view .LVU1463
2052:Drivers/STM32F1xx_HAL_Driver/Src/stm32f1xx_hal_tim_ex.c **** }
 4906              		.loc 1 2052 10 is_stmt 0 view .LVU1464
 4907 004c 7047     		bx	lr
 4908              	.LVL362:
 4909              	.L397:
2032:Drivers/STM32F1xx_HAL_Driver/Src/stm32f1xx_hal_tim_ex.c **** 
 4910              		.loc 1 2032 3 discriminator 1 view .LVU1465
 4911 004e 0220     		movs	r0, #2
 4912              	.LVL363:
2053:Drivers/STM32F1xx_HAL_Driver/Src/stm32f1xx_hal_tim_ex.c **** 
 4913              		.loc 1 2053 1 view .LVU1466
 4914 0050 7047     		bx	lr
 4915              		.cfi_endproc
 4916              	.LFE95:
 4918              		.section	.text.HAL_TIMEx_RemapConfig,"ax",%progbits
 4919              		.align	1
 4920              		.global	HAL_TIMEx_RemapConfig
 4921              		.syntax unified
 4922              		.thumb
 4923              		.thumb_func
 4925              	HAL_TIMEx_RemapConfig:
 4926              	.LVL364:
 4927              	.LFB96:
2063:Drivers/STM32F1xx_HAL_Driver/Src/stm32f1xx_hal_tim_ex.c ****   /* Prevent unused argument(s) compilation warning */
 4928              		.loc 1 2063 1 is_stmt 1 view -0
 4929              		.cfi_startproc
 4930              		@ args = 0, pretend = 0, frame = 0
 4931              		@ frame_needed = 0, uses_anonymous_args = 0
ARM GAS  /tmp/ccr982nq.s 			page 153


 4932              		@ link register save eliminated.
2065:Drivers/STM32F1xx_HAL_Driver/Src/stm32f1xx_hal_tim_ex.c ****   UNUSED(Remap);
 4933              		.loc 1 2065 3 view .LVU1468
2066:Drivers/STM32F1xx_HAL_Driver/Src/stm32f1xx_hal_tim_ex.c **** 
 4934              		.loc 1 2066 3 view .LVU1469
2068:Drivers/STM32F1xx_HAL_Driver/Src/stm32f1xx_hal_tim_ex.c **** }
 4935              		.loc 1 2068 3 view .LVU1470
2069:Drivers/STM32F1xx_HAL_Driver/Src/stm32f1xx_hal_tim_ex.c **** 
 4936              		.loc 1 2069 1 is_stmt 0 view .LVU1471
 4937 0000 0020     		movs	r0, #0
 4938              	.LVL365:
2069:Drivers/STM32F1xx_HAL_Driver/Src/stm32f1xx_hal_tim_ex.c **** 
 4939              		.loc 1 2069 1 view .LVU1472
 4940 0002 7047     		bx	lr
 4941              		.cfi_endproc
 4942              	.LFE96:
 4944              		.section	.text.HAL_TIMEx_CommutCallback,"ax",%progbits
 4945              		.align	1
 4946              		.weak	HAL_TIMEx_CommutCallback
 4947              		.syntax unified
 4948              		.thumb
 4949              		.thumb_func
 4951              	HAL_TIMEx_CommutCallback:
 4952              	.LVL366:
 4953              	.LFB97:
2097:Drivers/STM32F1xx_HAL_Driver/Src/stm32f1xx_hal_tim_ex.c ****   /* Prevent unused argument(s) compilation warning */
 4954              		.loc 1 2097 1 is_stmt 1 view -0
 4955              		.cfi_startproc
 4956              		@ args = 0, pretend = 0, frame = 0
 4957              		@ frame_needed = 0, uses_anonymous_args = 0
 4958              		@ link register save eliminated.
2099:Drivers/STM32F1xx_HAL_Driver/Src/stm32f1xx_hal_tim_ex.c **** 
 4959              		.loc 1 2099 3 view .LVU1474
2104:Drivers/STM32F1xx_HAL_Driver/Src/stm32f1xx_hal_tim_ex.c **** /**
 4960              		.loc 1 2104 1 is_stmt 0 view .LVU1475
 4961 0000 7047     		bx	lr
 4962              		.cfi_endproc
 4963              	.LFE97:
 4965              		.section	.text.TIMEx_DMACommutationCplt,"ax",%progbits
 4966              		.align	1
 4967              		.global	TIMEx_DMACommutationCplt
 4968              		.syntax unified
 4969              		.thumb
 4970              		.thumb_func
 4972              	TIMEx_DMACommutationCplt:
 4973              	.LVL367:
 4974              	.LFB102:
2203:Drivers/STM32F1xx_HAL_Driver/Src/stm32f1xx_hal_tim_ex.c ****   TIM_HandleTypeDef *htim = (TIM_HandleTypeDef *)((DMA_HandleTypeDef *)hdma)->Parent;
 4975              		.loc 1 2203 1 is_stmt 1 view -0
 4976              		.cfi_startproc
 4977              		@ args = 0, pretend = 0, frame = 0
 4978              		@ frame_needed = 0, uses_anonymous_args = 0
2203:Drivers/STM32F1xx_HAL_Driver/Src/stm32f1xx_hal_tim_ex.c ****   TIM_HandleTypeDef *htim = (TIM_HandleTypeDef *)((DMA_HandleTypeDef *)hdma)->Parent;
 4979              		.loc 1 2203 1 is_stmt 0 view .LVU1477
 4980 0000 08B5     		push	{r3, lr}
 4981              		.cfi_def_cfa_offset 8
 4982              		.cfi_offset 3, -8
ARM GAS  /tmp/ccr982nq.s 			page 154


 4983              		.cfi_offset 14, -4
2204:Drivers/STM32F1xx_HAL_Driver/Src/stm32f1xx_hal_tim_ex.c **** 
 4984              		.loc 1 2204 3 is_stmt 1 view .LVU1478
2204:Drivers/STM32F1xx_HAL_Driver/Src/stm32f1xx_hal_tim_ex.c **** 
 4985              		.loc 1 2204 22 is_stmt 0 view .LVU1479
 4986 0002 406A     		ldr	r0, [r0, #36]
 4987              	.LVL368:
2207:Drivers/STM32F1xx_HAL_Driver/Src/stm32f1xx_hal_tim_ex.c **** 
 4988              		.loc 1 2207 3 is_stmt 1 view .LVU1480
2207:Drivers/STM32F1xx_HAL_Driver/Src/stm32f1xx_hal_tim_ex.c **** 
 4989              		.loc 1 2207 15 is_stmt 0 view .LVU1481
 4990 0004 0123     		movs	r3, #1
 4991 0006 80F83D30 		strb	r3, [r0, #61]
2212:Drivers/STM32F1xx_HAL_Driver/Src/stm32f1xx_hal_tim_ex.c **** #endif /* USE_HAL_TIM_REGISTER_CALLBACKS */
 4992              		.loc 1 2212 3 is_stmt 1 view .LVU1482
 4993 000a FFF7FEFF 		bl	HAL_TIMEx_CommutCallback
 4994              	.LVL369:
2214:Drivers/STM32F1xx_HAL_Driver/Src/stm32f1xx_hal_tim_ex.c **** 
 4995              		.loc 1 2214 1 is_stmt 0 view .LVU1483
 4996 000e 08BD     		pop	{r3, pc}
 4997              		.cfi_endproc
 4998              	.LFE102:
 5000              		.section	.text.HAL_TIMEx_CommutHalfCpltCallback,"ax",%progbits
 5001              		.align	1
 5002              		.weak	HAL_TIMEx_CommutHalfCpltCallback
 5003              		.syntax unified
 5004              		.thumb
 5005              		.thumb_func
 5007              	HAL_TIMEx_CommutHalfCpltCallback:
 5008              	.LVL370:
 5009              	.LFB98:
2111:Drivers/STM32F1xx_HAL_Driver/Src/stm32f1xx_hal_tim_ex.c ****   /* Prevent unused argument(s) compilation warning */
 5010              		.loc 1 2111 1 is_stmt 1 view -0
 5011              		.cfi_startproc
 5012              		@ args = 0, pretend = 0, frame = 0
 5013              		@ frame_needed = 0, uses_anonymous_args = 0
 5014              		@ link register save eliminated.
2113:Drivers/STM32F1xx_HAL_Driver/Src/stm32f1xx_hal_tim_ex.c **** 
 5015              		.loc 1 2113 3 view .LVU1485
2118:Drivers/STM32F1xx_HAL_Driver/Src/stm32f1xx_hal_tim_ex.c **** 
 5016              		.loc 1 2118 1 is_stmt 0 view .LVU1486
 5017 0000 7047     		bx	lr
 5018              		.cfi_endproc
 5019              	.LFE98:
 5021              		.section	.text.TIMEx_DMACommutationHalfCplt,"ax",%progbits
 5022              		.align	1
 5023              		.global	TIMEx_DMACommutationHalfCplt
 5024              		.syntax unified
 5025              		.thumb
 5026              		.thumb_func
 5028              	TIMEx_DMACommutationHalfCplt:
 5029              	.LVL371:
 5030              	.LFB103:
2222:Drivers/STM32F1xx_HAL_Driver/Src/stm32f1xx_hal_tim_ex.c ****   TIM_HandleTypeDef *htim = (TIM_HandleTypeDef *)((DMA_HandleTypeDef *)hdma)->Parent;
 5031              		.loc 1 2222 1 is_stmt 1 view -0
 5032              		.cfi_startproc
 5033              		@ args = 0, pretend = 0, frame = 0
ARM GAS  /tmp/ccr982nq.s 			page 155


 5034              		@ frame_needed = 0, uses_anonymous_args = 0
2222:Drivers/STM32F1xx_HAL_Driver/Src/stm32f1xx_hal_tim_ex.c ****   TIM_HandleTypeDef *htim = (TIM_HandleTypeDef *)((DMA_HandleTypeDef *)hdma)->Parent;
 5035              		.loc 1 2222 1 is_stmt 0 view .LVU1488
 5036 0000 08B5     		push	{r3, lr}
 5037              		.cfi_def_cfa_offset 8
 5038              		.cfi_offset 3, -8
 5039              		.cfi_offset 14, -4
2223:Drivers/STM32F1xx_HAL_Driver/Src/stm32f1xx_hal_tim_ex.c **** 
 5040              		.loc 1 2223 3 is_stmt 1 view .LVU1489
2223:Drivers/STM32F1xx_HAL_Driver/Src/stm32f1xx_hal_tim_ex.c **** 
 5041              		.loc 1 2223 22 is_stmt 0 view .LVU1490
 5042 0002 406A     		ldr	r0, [r0, #36]
 5043              	.LVL372:
2226:Drivers/STM32F1xx_HAL_Driver/Src/stm32f1xx_hal_tim_ex.c **** 
 5044              		.loc 1 2226 3 is_stmt 1 view .LVU1491
2226:Drivers/STM32F1xx_HAL_Driver/Src/stm32f1xx_hal_tim_ex.c **** 
 5045              		.loc 1 2226 15 is_stmt 0 view .LVU1492
 5046 0004 0123     		movs	r3, #1
 5047 0006 80F83D30 		strb	r3, [r0, #61]
2231:Drivers/STM32F1xx_HAL_Driver/Src/stm32f1xx_hal_tim_ex.c **** #endif /* USE_HAL_TIM_REGISTER_CALLBACKS */
 5048              		.loc 1 2231 3 is_stmt 1 view .LVU1493
 5049 000a FFF7FEFF 		bl	HAL_TIMEx_CommutHalfCpltCallback
 5050              	.LVL373:
2233:Drivers/STM32F1xx_HAL_Driver/Src/stm32f1xx_hal_tim_ex.c **** 
 5051              		.loc 1 2233 1 is_stmt 0 view .LVU1494
 5052 000e 08BD     		pop	{r3, pc}
 5053              		.cfi_endproc
 5054              	.LFE103:
 5056              		.section	.text.HAL_TIMEx_BreakCallback,"ax",%progbits
 5057              		.align	1
 5058              		.weak	HAL_TIMEx_BreakCallback
 5059              		.syntax unified
 5060              		.thumb
 5061              		.thumb_func
 5063              	HAL_TIMEx_BreakCallback:
 5064              	.LVL374:
 5065              	.LFB99:
2126:Drivers/STM32F1xx_HAL_Driver/Src/stm32f1xx_hal_tim_ex.c ****   /* Prevent unused argument(s) compilation warning */
 5066              		.loc 1 2126 1 is_stmt 1 view -0
 5067              		.cfi_startproc
 5068              		@ args = 0, pretend = 0, frame = 0
 5069              		@ frame_needed = 0, uses_anonymous_args = 0
 5070              		@ link register save eliminated.
2128:Drivers/STM32F1xx_HAL_Driver/Src/stm32f1xx_hal_tim_ex.c **** 
 5071              		.loc 1 2128 3 view .LVU1496
2133:Drivers/STM32F1xx_HAL_Driver/Src/stm32f1xx_hal_tim_ex.c **** /**
 5072              		.loc 1 2133 1 is_stmt 0 view .LVU1497
 5073 0000 7047     		bx	lr
 5074              		.cfi_endproc
 5075              	.LFE99:
 5077              		.section	.text.HAL_TIMEx_HallSensor_GetState,"ax",%progbits
 5078              		.align	1
 5079              		.global	HAL_TIMEx_HallSensor_GetState
 5080              		.syntax unified
 5081              		.thumb
 5082              		.thumb_func
 5084              	HAL_TIMEx_HallSensor_GetState:
ARM GAS  /tmp/ccr982nq.s 			page 156


 5085              	.LVL375:
 5086              	.LFB100:
2159:Drivers/STM32F1xx_HAL_Driver/Src/stm32f1xx_hal_tim_ex.c ****   return htim->State;
 5087              		.loc 1 2159 1 is_stmt 1 view -0
 5088              		.cfi_startproc
 5089              		@ args = 0, pretend = 0, frame = 0
 5090              		@ frame_needed = 0, uses_anonymous_args = 0
 5091              		@ link register save eliminated.
2160:Drivers/STM32F1xx_HAL_Driver/Src/stm32f1xx_hal_tim_ex.c **** }
 5092              		.loc 1 2160 3 view .LVU1499
2160:Drivers/STM32F1xx_HAL_Driver/Src/stm32f1xx_hal_tim_ex.c **** }
 5093              		.loc 1 2160 14 is_stmt 0 view .LVU1500
 5094 0000 90F83D00 		ldrb	r0, [r0, #61]	@ zero_extendqisi2
 5095              	.LVL376:
2161:Drivers/STM32F1xx_HAL_Driver/Src/stm32f1xx_hal_tim_ex.c **** 
 5096              		.loc 1 2161 1 view .LVU1501
 5097 0004 7047     		bx	lr
 5098              		.cfi_endproc
 5099              	.LFE100:
 5101              		.section	.text.HAL_TIMEx_GetChannelNState,"ax",%progbits
 5102              		.align	1
 5103              		.global	HAL_TIMEx_GetChannelNState
 5104              		.syntax unified
 5105              		.thumb
 5106              		.thumb_func
 5108              	HAL_TIMEx_GetChannelNState:
 5109              	.LVL377:
 5110              	.LFB101:
2174:Drivers/STM32F1xx_HAL_Driver/Src/stm32f1xx_hal_tim_ex.c ****   HAL_TIM_ChannelStateTypeDef channel_state;
 5111              		.loc 1 2174 1 is_stmt 1 view -0
 5112              		.cfi_startproc
 5113              		@ args = 0, pretend = 0, frame = 0
 5114              		@ frame_needed = 0, uses_anonymous_args = 0
 5115              		@ link register save eliminated.
2175:Drivers/STM32F1xx_HAL_Driver/Src/stm32f1xx_hal_tim_ex.c **** 
 5116              		.loc 1 2175 3 view .LVU1503
2178:Drivers/STM32F1xx_HAL_Driver/Src/stm32f1xx_hal_tim_ex.c **** 
 5117              		.loc 1 2178 3 view .LVU1504
2180:Drivers/STM32F1xx_HAL_Driver/Src/stm32f1xx_hal_tim_ex.c **** 
 5118              		.loc 1 2180 3 view .LVU1505
2180:Drivers/STM32F1xx_HAL_Driver/Src/stm32f1xx_hal_tim_ex.c **** 
 5119              		.loc 1 2180 19 is_stmt 0 view .LVU1506
 5120 0000 19B9     		cbnz	r1, .L408
2180:Drivers/STM32F1xx_HAL_Driver/Src/stm32f1xx_hal_tim_ex.c **** 
 5121              		.loc 1 2180 19 discriminator 1 view .LVU1507
 5122 0002 90F84200 		ldrb	r0, [r0, #66]	@ zero_extendqisi2
 5123              	.LVL378:
2180:Drivers/STM32F1xx_HAL_Driver/Src/stm32f1xx_hal_tim_ex.c **** 
 5124              		.loc 1 2180 19 discriminator 1 view .LVU1508
 5125 0006 C0B2     		uxtb	r0, r0
 5126 0008 7047     		bx	lr
 5127              	.LVL379:
 5128              	.L408:
2180:Drivers/STM32F1xx_HAL_Driver/Src/stm32f1xx_hal_tim_ex.c **** 
 5129              		.loc 1 2180 19 discriminator 2 view .LVU1509
 5130 000a 0429     		cmp	r1, #4
 5131 000c 05D0     		beq	.L412
ARM GAS  /tmp/ccr982nq.s 			page 157


2180:Drivers/STM32F1xx_HAL_Driver/Src/stm32f1xx_hal_tim_ex.c **** 
 5132              		.loc 1 2180 19 discriminator 5 view .LVU1510
 5133 000e 0829     		cmp	r1, #8
 5134 0010 07D0     		beq	.L413
2180:Drivers/STM32F1xx_HAL_Driver/Src/stm32f1xx_hal_tim_ex.c **** 
 5135              		.loc 1 2180 19 discriminator 8 view .LVU1511
 5136 0012 90F84500 		ldrb	r0, [r0, #69]	@ zero_extendqisi2
 5137              	.LVL380:
2180:Drivers/STM32F1xx_HAL_Driver/Src/stm32f1xx_hal_tim_ex.c **** 
 5138              		.loc 1 2180 19 discriminator 8 view .LVU1512
 5139 0016 C0B2     		uxtb	r0, r0
 5140              	.LVL381:
2182:Drivers/STM32F1xx_HAL_Driver/Src/stm32f1xx_hal_tim_ex.c **** }
 5141              		.loc 1 2182 3 is_stmt 1 view .LVU1513
2183:Drivers/STM32F1xx_HAL_Driver/Src/stm32f1xx_hal_tim_ex.c **** /**
 5142              		.loc 1 2183 1 is_stmt 0 view .LVU1514
 5143 0018 7047     		bx	lr
 5144              	.LVL382:
 5145              	.L412:
2180:Drivers/STM32F1xx_HAL_Driver/Src/stm32f1xx_hal_tim_ex.c **** 
 5146              		.loc 1 2180 19 discriminator 4 view .LVU1515
 5147 001a 90F84300 		ldrb	r0, [r0, #67]	@ zero_extendqisi2
 5148              	.LVL383:
2180:Drivers/STM32F1xx_HAL_Driver/Src/stm32f1xx_hal_tim_ex.c **** 
 5149              		.loc 1 2180 19 discriminator 4 view .LVU1516
 5150 001e C0B2     		uxtb	r0, r0
 5151 0020 7047     		bx	lr
 5152              	.LVL384:
 5153              	.L413:
2180:Drivers/STM32F1xx_HAL_Driver/Src/stm32f1xx_hal_tim_ex.c **** 
 5154              		.loc 1 2180 19 discriminator 7 view .LVU1517
 5155 0022 90F84400 		ldrb	r0, [r0, #68]	@ zero_extendqisi2
 5156              	.LVL385:
2180:Drivers/STM32F1xx_HAL_Driver/Src/stm32f1xx_hal_tim_ex.c **** 
 5157              		.loc 1 2180 19 discriminator 7 view .LVU1518
 5158 0026 C0B2     		uxtb	r0, r0
 5159 0028 7047     		bx	lr
 5160              		.cfi_endproc
 5161              	.LFE101:
 5163              		.text
 5164              	.Letext0:
 5165              		.file 2 "/usr/arm-none-eabi/include/machine/_default_types.h"
 5166              		.file 3 "/usr/arm-none-eabi/include/sys/_stdint.h"
 5167              		.file 4 "Drivers/CMSIS/Device/ST/STM32F1xx/Include/stm32f103xb.h"
 5168              		.file 5 "Drivers/CMSIS/Device/ST/STM32F1xx/Include/stm32f1xx.h"
 5169              		.file 6 "Drivers/STM32F1xx_HAL_Driver/Inc/stm32f1xx_hal_def.h"
 5170              		.file 7 "Drivers/STM32F1xx_HAL_Driver/Inc/stm32f1xx_hal_dma.h"
 5171              		.file 8 "Drivers/STM32F1xx_HAL_Driver/Inc/stm32f1xx_hal_tim.h"
 5172              		.file 9 "Drivers/STM32F1xx_HAL_Driver/Inc/stm32f1xx_hal_tim_ex.h"
ARM GAS  /tmp/ccr982nq.s 			page 158


DEFINED SYMBOLS
                            *ABS*:00000000 stm32f1xx_hal_tim_ex.c
     /tmp/ccr982nq.s:19     .text.TIM_CCxNChannelCmd:00000000 $t
     /tmp/ccr982nq.s:24     .text.TIM_CCxNChannelCmd:00000000 TIM_CCxNChannelCmd
     /tmp/ccr982nq.s:62     .text.TIM_DMAErrorCCxN:00000000 $t
     /tmp/ccr982nq.s:67     .text.TIM_DMAErrorCCxN:00000000 TIM_DMAErrorCCxN
     /tmp/ccr982nq.s:146    .text.TIM_DMADelayPulseNCplt:00000000 $t
     /tmp/ccr982nq.s:151    .text.TIM_DMADelayPulseNCplt:00000000 TIM_DMADelayPulseNCplt
     /tmp/ccr982nq.s:249    .text.HAL_TIMEx_HallSensor_MspInit:00000000 $t
     /tmp/ccr982nq.s:255    .text.HAL_TIMEx_HallSensor_MspInit:00000000 HAL_TIMEx_HallSensor_MspInit
     /tmp/ccr982nq.s:270    .text.HAL_TIMEx_HallSensor_Init:00000000 $t
     /tmp/ccr982nq.s:276    .text.HAL_TIMEx_HallSensor_Init:00000000 HAL_TIMEx_HallSensor_Init
     /tmp/ccr982nq.s:488    .text.HAL_TIMEx_HallSensor_MspDeInit:00000000 $t
     /tmp/ccr982nq.s:494    .text.HAL_TIMEx_HallSensor_MspDeInit:00000000 HAL_TIMEx_HallSensor_MspDeInit
     /tmp/ccr982nq.s:509    .text.HAL_TIMEx_HallSensor_DeInit:00000000 $t
     /tmp/ccr982nq.s:515    .text.HAL_TIMEx_HallSensor_DeInit:00000000 HAL_TIMEx_HallSensor_DeInit
     /tmp/ccr982nq.s:584    .text.HAL_TIMEx_HallSensor_Start:00000000 $t
     /tmp/ccr982nq.s:590    .text.HAL_TIMEx_HallSensor_Start:00000000 HAL_TIMEx_HallSensor_Start
     /tmp/ccr982nq.s:730    .text.HAL_TIMEx_HallSensor_Start:0000009c $d
     /tmp/ccr982nq.s:735    .text.HAL_TIMEx_HallSensor_Stop:00000000 $t
     /tmp/ccr982nq.s:741    .text.HAL_TIMEx_HallSensor_Stop:00000000 HAL_TIMEx_HallSensor_Stop
     /tmp/ccr982nq.s:799    .text.HAL_TIMEx_HallSensor_Start_IT:00000000 $t
     /tmp/ccr982nq.s:805    .text.HAL_TIMEx_HallSensor_Start_IT:00000000 HAL_TIMEx_HallSensor_Start_IT
     /tmp/ccr982nq.s:953    .text.HAL_TIMEx_HallSensor_Start_IT:000000a8 $d
     /tmp/ccr982nq.s:958    .text.HAL_TIMEx_HallSensor_Stop_IT:00000000 $t
     /tmp/ccr982nq.s:964    .text.HAL_TIMEx_HallSensor_Stop_IT:00000000 HAL_TIMEx_HallSensor_Stop_IT
     /tmp/ccr982nq.s:1027   .text.HAL_TIMEx_HallSensor_Start_DMA:00000000 $t
     /tmp/ccr982nq.s:1033   .text.HAL_TIMEx_HallSensor_Start_DMA:00000000 HAL_TIMEx_HallSensor_Start_DMA
     /tmp/ccr982nq.s:1214   .text.HAL_TIMEx_HallSensor_Start_DMA:000000c0 $d
     /tmp/ccr982nq.s:1222   .text.HAL_TIMEx_HallSensor_Stop_DMA:00000000 $t
     /tmp/ccr982nq.s:1228   .text.HAL_TIMEx_HallSensor_Stop_DMA:00000000 HAL_TIMEx_HallSensor_Stop_DMA
     /tmp/ccr982nq.s:1292   .text.HAL_TIMEx_OCN_Start:00000000 $t
     /tmp/ccr982nq.s:1298   .text.HAL_TIMEx_OCN_Start:00000000 HAL_TIMEx_OCN_Start
     /tmp/ccr982nq.s:1465   .text.HAL_TIMEx_OCN_Start:000000c8 $d
     /tmp/ccr982nq.s:1470   .text.HAL_TIMEx_OCN_Stop:00000000 $t
     /tmp/ccr982nq.s:1476   .text.HAL_TIMEx_OCN_Stop:00000000 HAL_TIMEx_OCN_Stop
     /tmp/ccr982nq.s:1572   .text.HAL_TIMEx_OCN_Start_IT:00000000 $t
     /tmp/ccr982nq.s:1578   .text.HAL_TIMEx_OCN_Start_IT:00000000 HAL_TIMEx_OCN_Start_IT
     /tmp/ccr982nq.s:1789   .text.HAL_TIMEx_OCN_Start_IT:00000100 $d
     /tmp/ccr982nq.s:1794   .text.HAL_TIMEx_OCN_Stop_IT:00000000 $t
     /tmp/ccr982nq.s:1800   .text.HAL_TIMEx_OCN_Stop_IT:00000000 HAL_TIMEx_OCN_Stop_IT
     /tmp/ccr982nq.s:1965   .text.HAL_TIMEx_OCN_Start_DMA:00000000 $t
     /tmp/ccr982nq.s:1971   .text.HAL_TIMEx_OCN_Start_DMA:00000000 HAL_TIMEx_OCN_Start_DMA
     /tmp/ccr982nq.s:2363   .text.HAL_TIMEx_OCN_Start_DMA:000001d8 $d
     /tmp/ccr982nq.s:2371   .text.HAL_TIMEx_OCN_Stop_DMA:00000000 $t
     /tmp/ccr982nq.s:2377   .text.HAL_TIMEx_OCN_Stop_DMA:00000000 HAL_TIMEx_OCN_Stop_DMA
     /tmp/ccr982nq.s:2540   .text.HAL_TIMEx_PWMN_Start:00000000 $t
     /tmp/ccr982nq.s:2546   .text.HAL_TIMEx_PWMN_Start:00000000 HAL_TIMEx_PWMN_Start
     /tmp/ccr982nq.s:2713   .text.HAL_TIMEx_PWMN_Start:000000c8 $d
     /tmp/ccr982nq.s:2718   .text.HAL_TIMEx_PWMN_Stop:00000000 $t
     /tmp/ccr982nq.s:2724   .text.HAL_TIMEx_PWMN_Stop:00000000 HAL_TIMEx_PWMN_Stop
     /tmp/ccr982nq.s:2820   .text.HAL_TIMEx_PWMN_Start_IT:00000000 $t
     /tmp/ccr982nq.s:2826   .text.HAL_TIMEx_PWMN_Start_IT:00000000 HAL_TIMEx_PWMN_Start_IT
     /tmp/ccr982nq.s:3037   .text.HAL_TIMEx_PWMN_Start_IT:00000100 $d
     /tmp/ccr982nq.s:3042   .text.HAL_TIMEx_PWMN_Stop_IT:00000000 $t
     /tmp/ccr982nq.s:3048   .text.HAL_TIMEx_PWMN_Stop_IT:00000000 HAL_TIMEx_PWMN_Stop_IT
     /tmp/ccr982nq.s:3213   .text.HAL_TIMEx_PWMN_Start_DMA:00000000 $t
ARM GAS  /tmp/ccr982nq.s 			page 159


     /tmp/ccr982nq.s:3219   .text.HAL_TIMEx_PWMN_Start_DMA:00000000 HAL_TIMEx_PWMN_Start_DMA
     /tmp/ccr982nq.s:3611   .text.HAL_TIMEx_PWMN_Start_DMA:000001d8 $d
     /tmp/ccr982nq.s:3619   .text.HAL_TIMEx_PWMN_Stop_DMA:00000000 $t
     /tmp/ccr982nq.s:3625   .text.HAL_TIMEx_PWMN_Stop_DMA:00000000 HAL_TIMEx_PWMN_Stop_DMA
     /tmp/ccr982nq.s:3788   .text.HAL_TIMEx_OnePulseN_Start:00000000 $t
     /tmp/ccr982nq.s:3794   .text.HAL_TIMEx_OnePulseN_Start:00000000 HAL_TIMEx_OnePulseN_Start
     /tmp/ccr982nq.s:3920   .text.HAL_TIMEx_OnePulseN_Stop:00000000 $t
     /tmp/ccr982nq.s:3926   .text.HAL_TIMEx_OnePulseN_Stop:00000000 HAL_TIMEx_OnePulseN_Stop
     /tmp/ccr982nq.s:4021   .text.HAL_TIMEx_OnePulseN_Start_IT:00000000 $t
     /tmp/ccr982nq.s:4027   .text.HAL_TIMEx_OnePulseN_Start_IT:00000000 HAL_TIMEx_OnePulseN_Start_IT
     /tmp/ccr982nq.s:4163   .text.HAL_TIMEx_OnePulseN_Stop_IT:00000000 $t
     /tmp/ccr982nq.s:4169   .text.HAL_TIMEx_OnePulseN_Stop_IT:00000000 HAL_TIMEx_OnePulseN_Stop_IT
     /tmp/ccr982nq.s:4274   .text.HAL_TIMEx_ConfigCommutEvent:00000000 $t
     /tmp/ccr982nq.s:4280   .text.HAL_TIMEx_ConfigCommutEvent:00000000 HAL_TIMEx_ConfigCommutEvent
     /tmp/ccr982nq.s:4400   .text.HAL_TIMEx_ConfigCommutEvent_IT:00000000 $t
     /tmp/ccr982nq.s:4406   .text.HAL_TIMEx_ConfigCommutEvent_IT:00000000 HAL_TIMEx_ConfigCommutEvent_IT
     /tmp/ccr982nq.s:4526   .text.HAL_TIMEx_ConfigCommutEvent_DMA:00000000 $t
     /tmp/ccr982nq.s:4532   .text.HAL_TIMEx_ConfigCommutEvent_DMA:00000000 HAL_TIMEx_ConfigCommutEvent_DMA
     /tmp/ccr982nq.s:4669   .text.HAL_TIMEx_ConfigCommutEvent_DMA:00000088 $d
     /tmp/ccr982nq.s:4972   .text.TIMEx_DMACommutationCplt:00000000 TIMEx_DMACommutationCplt
     /tmp/ccr982nq.s:5028   .text.TIMEx_DMACommutationHalfCplt:00000000 TIMEx_DMACommutationHalfCplt
     /tmp/ccr982nq.s:4676   .text.HAL_TIMEx_MasterConfigSynchronization:00000000 $t
     /tmp/ccr982nq.s:4682   .text.HAL_TIMEx_MasterConfigSynchronization:00000000 HAL_TIMEx_MasterConfigSynchronization
     /tmp/ccr982nq.s:4798   .text.HAL_TIMEx_MasterConfigSynchronization:00000068 $d
     /tmp/ccr982nq.s:4803   .text.HAL_TIMEx_ConfigBreakDeadTime:00000000 $t
     /tmp/ccr982nq.s:4809   .text.HAL_TIMEx_ConfigBreakDeadTime:00000000 HAL_TIMEx_ConfigBreakDeadTime
     /tmp/ccr982nq.s:4919   .text.HAL_TIMEx_RemapConfig:00000000 $t
     /tmp/ccr982nq.s:4925   .text.HAL_TIMEx_RemapConfig:00000000 HAL_TIMEx_RemapConfig
     /tmp/ccr982nq.s:4945   .text.HAL_TIMEx_CommutCallback:00000000 $t
     /tmp/ccr982nq.s:4951   .text.HAL_TIMEx_CommutCallback:00000000 HAL_TIMEx_CommutCallback
     /tmp/ccr982nq.s:4966   .text.TIMEx_DMACommutationCplt:00000000 $t
     /tmp/ccr982nq.s:5001   .text.HAL_TIMEx_CommutHalfCpltCallback:00000000 $t
     /tmp/ccr982nq.s:5007   .text.HAL_TIMEx_CommutHalfCpltCallback:00000000 HAL_TIMEx_CommutHalfCpltCallback
     /tmp/ccr982nq.s:5022   .text.TIMEx_DMACommutationHalfCplt:00000000 $t
     /tmp/ccr982nq.s:5057   .text.HAL_TIMEx_BreakCallback:00000000 $t
     /tmp/ccr982nq.s:5063   .text.HAL_TIMEx_BreakCallback:00000000 HAL_TIMEx_BreakCallback
     /tmp/ccr982nq.s:5078   .text.HAL_TIMEx_HallSensor_GetState:00000000 $t
     /tmp/ccr982nq.s:5084   .text.HAL_TIMEx_HallSensor_GetState:00000000 HAL_TIMEx_HallSensor_GetState
     /tmp/ccr982nq.s:5102   .text.HAL_TIMEx_GetChannelNState:00000000 $t
     /tmp/ccr982nq.s:5108   .text.HAL_TIMEx_GetChannelNState:00000000 HAL_TIMEx_GetChannelNState

UNDEFINED SYMBOLS
HAL_TIM_ErrorCallback
HAL_TIM_PWM_PulseFinishedCallback
TIM_Base_SetConfig
TIM_TI1_SetConfig
TIM_OC2_SetConfig
TIM_CCxChannelCmd
HAL_DMA_Start_IT
TIM_DMACaptureCplt
TIM_DMACaptureHalfCplt
TIM_DMAError
HAL_DMA_Abort_IT
TIM_DMADelayPulseHalfCplt
