ARM GAS  /tmp/ccdsbe5x.s 			page 1


   1              		.cpu cortex-m3
   2              		.arch armv7-m
   3              		.fpu softvfp
   4              		.eabi_attribute 20, 1
   5              		.eabi_attribute 21, 1
   6              		.eabi_attribute 23, 3
   7              		.eabi_attribute 24, 1
   8              		.eabi_attribute 25, 1
   9              		.eabi_attribute 26, 1
  10              		.eabi_attribute 30, 1
  11              		.eabi_attribute 34, 1
  12              		.eabi_attribute 18, 4
  13              		.file	"stm32f1xx_hal_tim.c"
  14              		.text
  15              		.section	.text.TIM_OC1_SetConfig,"ax",%progbits
  16              		.align	1
  17              		.syntax unified
  18              		.thumb
  19              		.thumb_func
  21              	TIM_OC1_SetConfig:
  22              		@ args = 0, pretend = 0, frame = 0
  23              		@ frame_needed = 0, uses_anonymous_args = 0
  24              		@ link register save eliminated.
  25 0000 30B4     		push	{r4, r5}
  26 0002 026A     		ldr	r2, [r0, #32]
  27 0004 036A     		ldr	r3, [r0, #32]
  28 0006 23F00103 		bic	r3, r3, #1
  29 000a 0362     		str	r3, [r0, #32]
  30 000c 4568     		ldr	r5, [r0, #4]
  31 000e 8369     		ldr	r3, [r0, #24]
  32 0010 23F07303 		bic	r3, r3, #115
  33 0014 0C68     		ldr	r4, [r1]
  34 0016 1C43     		orrs	r4, r4, r3
  35 0018 22F00202 		bic	r2, r2, #2
  36 001c 8B68     		ldr	r3, [r1, #8]
  37 001e 1343     		orrs	r3, r3, r2
  38 0020 0B4A     		ldr	r2, .L5
  39 0022 9042     		cmp	r0, r2
  40 0024 06D0     		beq	.L4
  41              	.L2:
  42 0026 4560     		str	r5, [r0, #4]
  43 0028 8461     		str	r4, [r0, #24]
  44 002a 4A68     		ldr	r2, [r1, #4]
  45 002c 4263     		str	r2, [r0, #52]
  46 002e 0362     		str	r3, [r0, #32]
  47 0030 30BC     		pop	{r4, r5}
  48 0032 7047     		bx	lr
  49              	.L4:
  50 0034 23F00803 		bic	r3, r3, #8
  51 0038 CA68     		ldr	r2, [r1, #12]
  52 003a 1A43     		orrs	r2, r2, r3
  53 003c 22F00403 		bic	r3, r2, #4
  54 0040 25F44075 		bic	r5, r5, #768
  55 0044 4A69     		ldr	r2, [r1, #20]
  56 0046 2A43     		orrs	r2, r2, r5
  57 0048 8D69     		ldr	r5, [r1, #24]
  58 004a 1543     		orrs	r5, r5, r2
ARM GAS  /tmp/ccdsbe5x.s 			page 2


  59 004c EBE7     		b	.L2
  60              	.L6:
  61 004e 00BF     		.align	2
  62              	.L5:
  63 0050 002C0140 		.word	1073818624
  65              		.section	.text.TIM_OC3_SetConfig,"ax",%progbits
  66              		.align	1
  67              		.syntax unified
  68              		.thumb
  69              		.thumb_func
  71              	TIM_OC3_SetConfig:
  72              		@ args = 0, pretend = 0, frame = 0
  73              		@ frame_needed = 0, uses_anonymous_args = 0
  74              		@ link register save eliminated.
  75 0000 30B4     		push	{r4, r5}
  76 0002 036A     		ldr	r3, [r0, #32]
  77 0004 026A     		ldr	r2, [r0, #32]
  78 0006 22F48072 		bic	r2, r2, #256
  79 000a 0262     		str	r2, [r0, #32]
  80 000c 4468     		ldr	r4, [r0, #4]
  81 000e C269     		ldr	r2, [r0, #28]
  82 0010 22F07302 		bic	r2, r2, #115
  83 0014 0D68     		ldr	r5, [r1]
  84 0016 1543     		orrs	r5, r5, r2
  85 0018 23F40073 		bic	r3, r3, #512
  86 001c 8A68     		ldr	r2, [r1, #8]
  87 001e 43EA0223 		orr	r3, r3, r2, lsl #8
  88 0022 0D4A     		ldr	r2, .L11
  89 0024 9042     		cmp	r0, r2
  90 0026 06D0     		beq	.L10
  91              	.L8:
  92 0028 4460     		str	r4, [r0, #4]
  93 002a C561     		str	r5, [r0, #28]
  94 002c 4A68     		ldr	r2, [r1, #4]
  95 002e C263     		str	r2, [r0, #60]
  96 0030 0362     		str	r3, [r0, #32]
  97 0032 30BC     		pop	{r4, r5}
  98 0034 7047     		bx	lr
  99              	.L10:
 100 0036 23F40063 		bic	r3, r3, #2048
 101 003a CA68     		ldr	r2, [r1, #12]
 102 003c 43EA0223 		orr	r3, r3, r2, lsl #8
 103 0040 23F48063 		bic	r3, r3, #1024
 104 0044 24F44054 		bic	r4, r4, #12288
 105 0048 4A69     		ldr	r2, [r1, #20]
 106 004a 44EA0214 		orr	r4, r4, r2, lsl #4
 107 004e 8A69     		ldr	r2, [r1, #24]
 108 0050 44EA0214 		orr	r4, r4, r2, lsl #4
 109 0054 E8E7     		b	.L8
 110              	.L12:
 111 0056 00BF     		.align	2
 112              	.L11:
 113 0058 002C0140 		.word	1073818624
 115              		.section	.text.TIM_OC4_SetConfig,"ax",%progbits
 116              		.align	1
 117              		.syntax unified
 118              		.thumb
ARM GAS  /tmp/ccdsbe5x.s 			page 3


 119              		.thumb_func
 121              	TIM_OC4_SetConfig:
 122              		@ args = 0, pretend = 0, frame = 0
 123              		@ frame_needed = 0, uses_anonymous_args = 0
 124              		@ link register save eliminated.
 125 0000 30B4     		push	{r4, r5}
 126 0002 036A     		ldr	r3, [r0, #32]
 127 0004 026A     		ldr	r2, [r0, #32]
 128 0006 22F48052 		bic	r2, r2, #4096
 129 000a 0262     		str	r2, [r0, #32]
 130 000c 4468     		ldr	r4, [r0, #4]
 131 000e C269     		ldr	r2, [r0, #28]
 132 0010 22F4E642 		bic	r2, r2, #29440
 133 0014 0D68     		ldr	r5, [r1]
 134 0016 42EA0522 		orr	r2, r2, r5, lsl #8
 135 001a 23F40053 		bic	r3, r3, #8192
 136 001e 8D68     		ldr	r5, [r1, #8]
 137 0020 43EA0533 		orr	r3, r3, r5, lsl #12
 138 0024 074D     		ldr	r5, .L17
 139 0026 A842     		cmp	r0, r5
 140 0028 06D0     		beq	.L16
 141              	.L14:
 142 002a 4460     		str	r4, [r0, #4]
 143 002c C261     		str	r2, [r0, #28]
 144 002e 4A68     		ldr	r2, [r1, #4]
 145 0030 0264     		str	r2, [r0, #64]
 146 0032 0362     		str	r3, [r0, #32]
 147 0034 30BC     		pop	{r4, r5}
 148 0036 7047     		bx	lr
 149              	.L16:
 150 0038 24F48044 		bic	r4, r4, #16384
 151 003c 4D69     		ldr	r5, [r1, #20]
 152 003e 44EA8514 		orr	r4, r4, r5, lsl #6
 153 0042 F2E7     		b	.L14
 154              	.L18:
 155              		.align	2
 156              	.L17:
 157 0044 002C0140 		.word	1073818624
 159              		.section	.text.TIM_TI1_ConfigInputStage,"ax",%progbits
 160              		.align	1
 161              		.syntax unified
 162              		.thumb
 163              		.thumb_func
 165              	TIM_TI1_ConfigInputStage:
 166              		@ args = 0, pretend = 0, frame = 0
 167              		@ frame_needed = 0, uses_anonymous_args = 0
 168              		@ link register save eliminated.
 169 0000 10B4     		push	{r4}
 170 0002 036A     		ldr	r3, [r0, #32]
 171 0004 046A     		ldr	r4, [r0, #32]
 172 0006 24F00104 		bic	r4, r4, #1
 173 000a 0462     		str	r4, [r0, #32]
 174 000c 8469     		ldr	r4, [r0, #24]
 175 000e 24F0F00C 		bic	ip, r4, #240
 176 0012 4CEA0212 		orr	r2, ip, r2, lsl #4
 177 0016 23F00A03 		bic	r3, r3, #10
 178 001a 0B43     		orrs	r3, r3, r1
ARM GAS  /tmp/ccdsbe5x.s 			page 4


 179 001c 8261     		str	r2, [r0, #24]
 180 001e 0362     		str	r3, [r0, #32]
 181 0020 10BC     		pop	{r4}
 182 0022 7047     		bx	lr
 184              		.section	.text.TIM_TI2_SetConfig,"ax",%progbits
 185              		.align	1
 186              		.syntax unified
 187              		.thumb
 188              		.thumb_func
 190              	TIM_TI2_SetConfig:
 191              		@ args = 0, pretend = 0, frame = 0
 192              		@ frame_needed = 0, uses_anonymous_args = 0
 193              		@ link register save eliminated.
 194 0000 30B4     		push	{r4, r5}
 195 0002 056A     		ldr	r5, [r0, #32]
 196 0004 046A     		ldr	r4, [r0, #32]
 197 0006 24F01004 		bic	r4, r4, #16
 198 000a 0462     		str	r4, [r0, #32]
 199 000c 8469     		ldr	r4, [r0, #24]
 200 000e 24F4407C 		bic	ip, r4, #768
 201 0012 4CEA022C 		orr	ip, ip, r2, lsl #8
 202 0016 2CF4704C 		bic	ip, ip, #61440
 203 001a 1B03     		lsls	r3, r3, #12
 204 001c 9BB2     		uxth	r3, r3
 205 001e 43EA0C03 		orr	r3, r3, ip
 206 0022 25F0A005 		bic	r5, r5, #160
 207 0026 0901     		lsls	r1, r1, #4
 208 0028 01F0A001 		and	r1, r1, #160
 209 002c 2943     		orrs	r1, r1, r5
 210 002e 8361     		str	r3, [r0, #24]
 211 0030 0162     		str	r1, [r0, #32]
 212 0032 30BC     		pop	{r4, r5}
 213 0034 7047     		bx	lr
 215              		.section	.text.TIM_TI2_ConfigInputStage,"ax",%progbits
 216              		.align	1
 217              		.syntax unified
 218              		.thumb
 219              		.thumb_func
 221              	TIM_TI2_ConfigInputStage:
 222              		@ args = 0, pretend = 0, frame = 0
 223              		@ frame_needed = 0, uses_anonymous_args = 0
 224              		@ link register save eliminated.
 225 0000 10B4     		push	{r4}
 226 0002 036A     		ldr	r3, [r0, #32]
 227 0004 046A     		ldr	r4, [r0, #32]
 228 0006 24F01004 		bic	r4, r4, #16
 229 000a 0462     		str	r4, [r0, #32]
 230 000c 8469     		ldr	r4, [r0, #24]
 231 000e 24F4704C 		bic	ip, r4, #61440
 232 0012 4CEA0232 		orr	r2, ip, r2, lsl #12
 233 0016 23F0A003 		bic	r3, r3, #160
 234 001a 43EA0113 		orr	r3, r3, r1, lsl #4
 235 001e 8261     		str	r2, [r0, #24]
 236 0020 0362     		str	r3, [r0, #32]
 237 0022 10BC     		pop	{r4}
 238 0024 7047     		bx	lr
 240              		.section	.text.TIM_TI3_SetConfig,"ax",%progbits
ARM GAS  /tmp/ccdsbe5x.s 			page 5


 241              		.align	1
 242              		.syntax unified
 243              		.thumb
 244              		.thumb_func
 246              	TIM_TI3_SetConfig:
 247              		@ args = 0, pretend = 0, frame = 0
 248              		@ frame_needed = 0, uses_anonymous_args = 0
 249              		@ link register save eliminated.
 250 0000 30B4     		push	{r4, r5}
 251 0002 056A     		ldr	r5, [r0, #32]
 252 0004 046A     		ldr	r4, [r0, #32]
 253 0006 24F48074 		bic	r4, r4, #256
 254 000a 0462     		str	r4, [r0, #32]
 255 000c C469     		ldr	r4, [r0, #28]
 256 000e 24F0030C 		bic	ip, r4, #3
 257 0012 4CEA020C 		orr	ip, ip, r2
 258 0016 2CF0F00C 		bic	ip, ip, #240
 259 001a 1B01     		lsls	r3, r3, #4
 260 001c DBB2     		uxtb	r3, r3
 261 001e 43EA0C03 		orr	r3, r3, ip
 262 0022 25F40075 		bic	r5, r5, #512
 263 0026 0902     		lsls	r1, r1, #8
 264 0028 01F40071 		and	r1, r1, #512
 265 002c 2943     		orrs	r1, r1, r5
 266 002e C361     		str	r3, [r0, #28]
 267 0030 0162     		str	r1, [r0, #32]
 268 0032 30BC     		pop	{r4, r5}
 269 0034 7047     		bx	lr
 271              		.section	.text.TIM_TI4_SetConfig,"ax",%progbits
 272              		.align	1
 273              		.syntax unified
 274              		.thumb
 275              		.thumb_func
 277              	TIM_TI4_SetConfig:
 278              		@ args = 0, pretend = 0, frame = 0
 279              		@ frame_needed = 0, uses_anonymous_args = 0
 280              		@ link register save eliminated.
 281 0000 30B4     		push	{r4, r5}
 282 0002 056A     		ldr	r5, [r0, #32]
 283 0004 046A     		ldr	r4, [r0, #32]
 284 0006 24F48054 		bic	r4, r4, #4096
 285 000a 0462     		str	r4, [r0, #32]
 286 000c C469     		ldr	r4, [r0, #28]
 287 000e 24F4407C 		bic	ip, r4, #768
 288 0012 4CEA022C 		orr	ip, ip, r2, lsl #8
 289 0016 2CF4704C 		bic	ip, ip, #61440
 290 001a 1B03     		lsls	r3, r3, #12
 291 001c 9BB2     		uxth	r3, r3
 292 001e 43EA0C03 		orr	r3, r3, ip
 293 0022 25F40055 		bic	r5, r5, #8192
 294 0026 0903     		lsls	r1, r1, #12
 295 0028 01F40051 		and	r1, r1, #8192
 296 002c 2943     		orrs	r1, r1, r5
 297 002e C361     		str	r3, [r0, #28]
 298 0030 0162     		str	r1, [r0, #32]
 299 0032 30BC     		pop	{r4, r5}
 300 0034 7047     		bx	lr
ARM GAS  /tmp/ccdsbe5x.s 			page 6


 302              		.section	.text.TIM_ITRx_SetConfig,"ax",%progbits
 303              		.align	1
 304              		.syntax unified
 305              		.thumb
 306              		.thumb_func
 308              	TIM_ITRx_SetConfig:
 309              		@ args = 0, pretend = 0, frame = 0
 310              		@ frame_needed = 0, uses_anonymous_args = 0
 311              		@ link register save eliminated.
 312 0000 8368     		ldr	r3, [r0, #8]
 313 0002 23F07003 		bic	r3, r3, #112
 314 0006 0B43     		orrs	r3, r3, r1
 315 0008 43F00703 		orr	r3, r3, #7
 316 000c 8360     		str	r3, [r0, #8]
 317 000e 7047     		bx	lr
 319              		.section	.text.HAL_TIM_Base_MspInit,"ax",%progbits
 320              		.align	1
 321              		.weak	HAL_TIM_Base_MspInit
 322              		.syntax unified
 323              		.thumb
 324              		.thumb_func
 326              	HAL_TIM_Base_MspInit:
 327              		@ args = 0, pretend = 0, frame = 0
 328              		@ frame_needed = 0, uses_anonymous_args = 0
 329              		@ link register save eliminated.
 330 0000 7047     		bx	lr
 332              		.section	.text.HAL_TIM_Base_MspDeInit,"ax",%progbits
 333              		.align	1
 334              		.weak	HAL_TIM_Base_MspDeInit
 335              		.syntax unified
 336              		.thumb
 337              		.thumb_func
 339              	HAL_TIM_Base_MspDeInit:
 340              		@ args = 0, pretend = 0, frame = 0
 341              		@ frame_needed = 0, uses_anonymous_args = 0
 342              		@ link register save eliminated.
 343 0000 7047     		bx	lr
 345              		.section	.text.HAL_TIM_Base_DeInit,"ax",%progbits
 346              		.align	1
 347              		.global	HAL_TIM_Base_DeInit
 348              		.syntax unified
 349              		.thumb
 350              		.thumb_func
 352              	HAL_TIM_Base_DeInit:
 353              		@ args = 0, pretend = 0, frame = 0
 354              		@ frame_needed = 0, uses_anonymous_args = 0
 355 0000 10B5     		push	{r4, lr}
 356 0002 0446     		mov	r4, r0
 357 0004 0223     		movs	r3, #2
 358 0006 80F83D30 		strb	r3, [r0, #61]
 359 000a 0368     		ldr	r3, [r0]
 360 000c 196A     		ldr	r1, [r3, #32]
 361 000e 41F21112 		movw	r2, #4369
 362 0012 1142     		tst	r1, r2
 363 0014 08D1     		bne	.L33
 364 0016 196A     		ldr	r1, [r3, #32]
 365 0018 40F24442 		movw	r2, #1092
ARM GAS  /tmp/ccdsbe5x.s 			page 7


 366 001c 1142     		tst	r1, r2
 367 001e 03D1     		bne	.L33
 368 0020 1A68     		ldr	r2, [r3]
 369 0022 22F00102 		bic	r2, r2, #1
 370 0026 1A60     		str	r2, [r3]
 371              	.L33:
 372 0028 2046     		mov	r0, r4
 373 002a FFF7FEFF 		bl	HAL_TIM_Base_MspDeInit
 374 002e 0020     		movs	r0, #0
 375 0030 84F84600 		strb	r0, [r4, #70]
 376 0034 84F83E00 		strb	r0, [r4, #62]
 377 0038 84F83F00 		strb	r0, [r4, #63]
 378 003c 84F84000 		strb	r0, [r4, #64]
 379 0040 84F84100 		strb	r0, [r4, #65]
 380 0044 84F84200 		strb	r0, [r4, #66]
 381 0048 84F84300 		strb	r0, [r4, #67]
 382 004c 84F84400 		strb	r0, [r4, #68]
 383 0050 84F84500 		strb	r0, [r4, #69]
 384 0054 84F83D00 		strb	r0, [r4, #61]
 385 0058 84F83C00 		strb	r0, [r4, #60]
 386 005c 10BD     		pop	{r4, pc}
 388              		.section	.text.HAL_TIM_Base_Start,"ax",%progbits
 389              		.align	1
 390              		.global	HAL_TIM_Base_Start
 391              		.syntax unified
 392              		.thumb
 393              		.thumb_func
 395              	HAL_TIM_Base_Start:
 396              		@ args = 0, pretend = 0, frame = 0
 397              		@ frame_needed = 0, uses_anonymous_args = 0
 398              		@ link register save eliminated.
 399 0000 90F83D30 		ldrb	r3, [r0, #61]	@ zero_extendqisi2
 400 0004 012B     		cmp	r3, #1
 401 0006 22D1     		bne	.L39
 402 0008 0223     		movs	r3, #2
 403 000a 80F83D30 		strb	r3, [r0, #61]
 404 000e 0368     		ldr	r3, [r0]
 405 0010 114A     		ldr	r2, .L41
 406 0012 9342     		cmp	r3, r2
 407 0014 10D0     		beq	.L37
 408 0016 B3F1804F 		cmp	r3, #1073741824
 409 001a 0DD0     		beq	.L37
 410 001c A2F59432 		sub	r2, r2, #75776
 411 0020 9342     		cmp	r3, r2
 412 0022 09D0     		beq	.L37
 413 0024 02F58062 		add	r2, r2, #1024
 414 0028 9342     		cmp	r3, r2
 415 002a 05D0     		beq	.L37
 416 002c 1A68     		ldr	r2, [r3]
 417 002e 42F00102 		orr	r2, r2, #1
 418 0032 1A60     		str	r2, [r3]
 419 0034 0020     		movs	r0, #0
 420 0036 7047     		bx	lr
 421              	.L37:
 422 0038 9A68     		ldr	r2, [r3, #8]
 423 003a 02F00702 		and	r2, r2, #7
 424 003e 062A     		cmp	r2, #6
ARM GAS  /tmp/ccdsbe5x.s 			page 8


 425 0040 07D0     		beq	.L40
 426 0042 1A68     		ldr	r2, [r3]
 427 0044 42F00102 		orr	r2, r2, #1
 428 0048 1A60     		str	r2, [r3]
 429 004a 0020     		movs	r0, #0
 430 004c 7047     		bx	lr
 431              	.L39:
 432 004e 0120     		movs	r0, #1
 433 0050 7047     		bx	lr
 434              	.L40:
 435 0052 0020     		movs	r0, #0
 436 0054 7047     		bx	lr
 437              	.L42:
 438 0056 00BF     		.align	2
 439              	.L41:
 440 0058 002C0140 		.word	1073818624
 442              		.section	.text.HAL_TIM_Base_Stop,"ax",%progbits
 443              		.align	1
 444              		.global	HAL_TIM_Base_Stop
 445              		.syntax unified
 446              		.thumb
 447              		.thumb_func
 449              	HAL_TIM_Base_Stop:
 450              		@ args = 0, pretend = 0, frame = 0
 451              		@ frame_needed = 0, uses_anonymous_args = 0
 452              		@ link register save eliminated.
 453 0000 0368     		ldr	r3, [r0]
 454 0002 196A     		ldr	r1, [r3, #32]
 455 0004 41F21112 		movw	r2, #4369
 456 0008 1142     		tst	r1, r2
 457 000a 08D1     		bne	.L44
 458 000c 196A     		ldr	r1, [r3, #32]
 459 000e 40F24442 		movw	r2, #1092
 460 0012 1142     		tst	r1, r2
 461 0014 03D1     		bne	.L44
 462 0016 1A68     		ldr	r2, [r3]
 463 0018 22F00102 		bic	r2, r2, #1
 464 001c 1A60     		str	r2, [r3]
 465              	.L44:
 466 001e 0123     		movs	r3, #1
 467 0020 80F83D30 		strb	r3, [r0, #61]
 468 0024 0020     		movs	r0, #0
 469 0026 7047     		bx	lr
 471              		.section	.text.HAL_TIM_Base_Start_IT,"ax",%progbits
 472              		.align	1
 473              		.global	HAL_TIM_Base_Start_IT
 474              		.syntax unified
 475              		.thumb
 476              		.thumb_func
 478              	HAL_TIM_Base_Start_IT:
 479              		@ args = 0, pretend = 0, frame = 0
 480              		@ frame_needed = 0, uses_anonymous_args = 0
 481              		@ link register save eliminated.
 482 0000 90F83D30 		ldrb	r3, [r0, #61]	@ zero_extendqisi2
 483 0004 012B     		cmp	r3, #1
 484 0006 27D1     		bne	.L49
 485 0008 0223     		movs	r3, #2
ARM GAS  /tmp/ccdsbe5x.s 			page 9


 486 000a 80F83D30 		strb	r3, [r0, #61]
 487 000e 0268     		ldr	r2, [r0]
 488 0010 D368     		ldr	r3, [r2, #12]
 489 0012 43F00103 		orr	r3, r3, #1
 490 0016 D360     		str	r3, [r2, #12]
 491 0018 0368     		ldr	r3, [r0]
 492 001a 114A     		ldr	r2, .L51
 493 001c 9342     		cmp	r3, r2
 494 001e 10D0     		beq	.L47
 495 0020 B3F1804F 		cmp	r3, #1073741824
 496 0024 0DD0     		beq	.L47
 497 0026 A2F59432 		sub	r2, r2, #75776
 498 002a 9342     		cmp	r3, r2
 499 002c 09D0     		beq	.L47
 500 002e 02F58062 		add	r2, r2, #1024
 501 0032 9342     		cmp	r3, r2
 502 0034 05D0     		beq	.L47
 503 0036 1A68     		ldr	r2, [r3]
 504 0038 42F00102 		orr	r2, r2, #1
 505 003c 1A60     		str	r2, [r3]
 506 003e 0020     		movs	r0, #0
 507 0040 7047     		bx	lr
 508              	.L47:
 509 0042 9A68     		ldr	r2, [r3, #8]
 510 0044 02F00702 		and	r2, r2, #7
 511 0048 062A     		cmp	r2, #6
 512 004a 07D0     		beq	.L50
 513 004c 1A68     		ldr	r2, [r3]
 514 004e 42F00102 		orr	r2, r2, #1
 515 0052 1A60     		str	r2, [r3]
 516 0054 0020     		movs	r0, #0
 517 0056 7047     		bx	lr
 518              	.L49:
 519 0058 0120     		movs	r0, #1
 520 005a 7047     		bx	lr
 521              	.L50:
 522 005c 0020     		movs	r0, #0
 523 005e 7047     		bx	lr
 524              	.L52:
 525              		.align	2
 526              	.L51:
 527 0060 002C0140 		.word	1073818624
 529              		.section	.text.HAL_TIM_Base_Stop_IT,"ax",%progbits
 530              		.align	1
 531              		.global	HAL_TIM_Base_Stop_IT
 532              		.syntax unified
 533              		.thumb
 534              		.thumb_func
 536              	HAL_TIM_Base_Stop_IT:
 537              		@ args = 0, pretend = 0, frame = 0
 538              		@ frame_needed = 0, uses_anonymous_args = 0
 539              		@ link register save eliminated.
 540 0000 0268     		ldr	r2, [r0]
 541 0002 D368     		ldr	r3, [r2, #12]
 542 0004 23F00103 		bic	r3, r3, #1
 543 0008 D360     		str	r3, [r2, #12]
 544 000a 0368     		ldr	r3, [r0]
ARM GAS  /tmp/ccdsbe5x.s 			page 10


 545 000c 196A     		ldr	r1, [r3, #32]
 546 000e 41F21112 		movw	r2, #4369
 547 0012 1142     		tst	r1, r2
 548 0014 08D1     		bne	.L54
 549 0016 196A     		ldr	r1, [r3, #32]
 550 0018 40F24442 		movw	r2, #1092
 551 001c 1142     		tst	r1, r2
 552 001e 03D1     		bne	.L54
 553 0020 1A68     		ldr	r2, [r3]
 554 0022 22F00102 		bic	r2, r2, #1
 555 0026 1A60     		str	r2, [r3]
 556              	.L54:
 557 0028 0123     		movs	r3, #1
 558 002a 80F83D30 		strb	r3, [r0, #61]
 559 002e 0020     		movs	r0, #0
 560 0030 7047     		bx	lr
 562              		.section	.text.HAL_TIM_Base_Start_DMA,"ax",%progbits
 563              		.align	1
 564              		.global	HAL_TIM_Base_Start_DMA
 565              		.syntax unified
 566              		.thumb
 567              		.thumb_func
 569              	HAL_TIM_Base_Start_DMA:
 570              		@ args = 0, pretend = 0, frame = 0
 571              		@ frame_needed = 0, uses_anonymous_args = 0
 572 0000 38B5     		push	{r3, r4, r5, lr}
 573 0002 90F83D30 		ldrb	r3, [r0, #61]	@ zero_extendqisi2
 574 0006 DDB2     		uxtb	r5, r3
 575 0008 022B     		cmp	r3, #2
 576 000a 44D0     		beq	.L56
 577 000c 0446     		mov	r4, r0
 578 000e 90F83D30 		ldrb	r3, [r0, #61]	@ zero_extendqisi2
 579 0012 DDB2     		uxtb	r5, r3
 580 0014 012B     		cmp	r3, #1
 581 0016 3DD1     		bne	.L59
 582 0018 0029     		cmp	r1, #0
 583 001a 3CD0     		beq	.L56
 584 001c 002A     		cmp	r2, #0
 585 001e 3AD0     		beq	.L56
 586 0020 0223     		movs	r3, #2
 587 0022 80F83D30 		strb	r3, [r0, #61]
 588 0026 036A     		ldr	r3, [r0, #32]
 589 0028 1D48     		ldr	r0, .L62
 590 002a 9862     		str	r0, [r3, #40]
 591 002c 236A     		ldr	r3, [r4, #32]
 592 002e 1D48     		ldr	r0, .L62+4
 593 0030 D862     		str	r0, [r3, #44]
 594 0032 236A     		ldr	r3, [r4, #32]
 595 0034 1C48     		ldr	r0, .L62+8
 596 0036 1863     		str	r0, [r3, #48]
 597 0038 2068     		ldr	r0, [r4]
 598 003a 1346     		mov	r3, r2
 599 003c 00F12C02 		add	r2, r0, #44
 600 0040 206A     		ldr	r0, [r4, #32]
 601 0042 FFF7FEFF 		bl	HAL_DMA_Start_IT
 602 0046 0146     		mov	r1, r0
 603 0048 28BB     		cbnz	r0, .L56
ARM GAS  /tmp/ccdsbe5x.s 			page 11


 604 004a 2268     		ldr	r2, [r4]
 605 004c D368     		ldr	r3, [r2, #12]
 606 004e 43F48073 		orr	r3, r3, #256
 607 0052 D360     		str	r3, [r2, #12]
 608 0054 2368     		ldr	r3, [r4]
 609 0056 154A     		ldr	r2, .L62+12
 610 0058 9342     		cmp	r3, r2
 611 005a 10D0     		beq	.L57
 612 005c B3F1804F 		cmp	r3, #1073741824
 613 0060 0DD0     		beq	.L57
 614 0062 A2F59432 		sub	r2, r2, #75776
 615 0066 9342     		cmp	r3, r2
 616 0068 09D0     		beq	.L57
 617 006a 02F58062 		add	r2, r2, #1024
 618 006e 9342     		cmp	r3, r2
 619 0070 05D0     		beq	.L57
 620 0072 1A68     		ldr	r2, [r3]
 621 0074 42F00102 		orr	r2, r2, #1
 622 0078 1A60     		str	r2, [r3]
 623 007a 0546     		mov	r5, r0
 624 007c 0BE0     		b	.L56
 625              	.L57:
 626 007e 9A68     		ldr	r2, [r3, #8]
 627 0080 02F00702 		and	r2, r2, #7
 628 0084 062A     		cmp	r2, #6
 629 0086 08D0     		beq	.L60
 630 0088 1A68     		ldr	r2, [r3]
 631 008a 42F00102 		orr	r2, r2, #1
 632 008e 1A60     		str	r2, [r3]
 633 0090 0D46     		mov	r5, r1
 634 0092 00E0     		b	.L56
 635              	.L59:
 636 0094 0125     		movs	r5, #1
 637              	.L56:
 638 0096 2846     		mov	r0, r5
 639 0098 38BD     		pop	{r3, r4, r5, pc}
 640              	.L60:
 641 009a 0D46     		mov	r5, r1
 642 009c FBE7     		b	.L56
 643              	.L63:
 644 009e 00BF     		.align	2
 645              	.L62:
 646 00a0 00000000 		.word	TIM_DMAPeriodElapsedCplt
 647 00a4 00000000 		.word	TIM_DMAPeriodElapsedHalfCplt
 648 00a8 00000000 		.word	TIM_DMAError
 649 00ac 002C0140 		.word	1073818624
 651              		.section	.text.HAL_TIM_Base_Stop_DMA,"ax",%progbits
 652              		.align	1
 653              		.global	HAL_TIM_Base_Stop_DMA
 654              		.syntax unified
 655              		.thumb
 656              		.thumb_func
 658              	HAL_TIM_Base_Stop_DMA:
 659              		@ args = 0, pretend = 0, frame = 0
 660              		@ frame_needed = 0, uses_anonymous_args = 0
 661 0000 10B5     		push	{r4, lr}
 662 0002 0446     		mov	r4, r0
ARM GAS  /tmp/ccdsbe5x.s 			page 12


 663 0004 0268     		ldr	r2, [r0]
 664 0006 D368     		ldr	r3, [r2, #12]
 665 0008 23F48073 		bic	r3, r3, #256
 666 000c D360     		str	r3, [r2, #12]
 667 000e 006A     		ldr	r0, [r0, #32]
 668 0010 FFF7FEFF 		bl	HAL_DMA_Abort_IT
 669 0014 2368     		ldr	r3, [r4]
 670 0016 196A     		ldr	r1, [r3, #32]
 671 0018 41F21112 		movw	r2, #4369
 672 001c 1142     		tst	r1, r2
 673 001e 08D1     		bne	.L65
 674 0020 196A     		ldr	r1, [r3, #32]
 675 0022 40F24442 		movw	r2, #1092
 676 0026 1142     		tst	r1, r2
 677 0028 03D1     		bne	.L65
 678 002a 1A68     		ldr	r2, [r3]
 679 002c 22F00102 		bic	r2, r2, #1
 680 0030 1A60     		str	r2, [r3]
 681              	.L65:
 682 0032 0123     		movs	r3, #1
 683 0034 84F83D30 		strb	r3, [r4, #61]
 684 0038 0020     		movs	r0, #0
 685 003a 10BD     		pop	{r4, pc}
 687              		.section	.text.HAL_TIM_OC_MspInit,"ax",%progbits
 688              		.align	1
 689              		.weak	HAL_TIM_OC_MspInit
 690              		.syntax unified
 691              		.thumb
 692              		.thumb_func
 694              	HAL_TIM_OC_MspInit:
 695              		@ args = 0, pretend = 0, frame = 0
 696              		@ frame_needed = 0, uses_anonymous_args = 0
 697              		@ link register save eliminated.
 698 0000 7047     		bx	lr
 700              		.section	.text.HAL_TIM_OC_MspDeInit,"ax",%progbits
 701              		.align	1
 702              		.weak	HAL_TIM_OC_MspDeInit
 703              		.syntax unified
 704              		.thumb
 705              		.thumb_func
 707              	HAL_TIM_OC_MspDeInit:
 708              		@ args = 0, pretend = 0, frame = 0
 709              		@ frame_needed = 0, uses_anonymous_args = 0
 710              		@ link register save eliminated.
 711 0000 7047     		bx	lr
 713              		.section	.text.HAL_TIM_OC_DeInit,"ax",%progbits
 714              		.align	1
 715              		.global	HAL_TIM_OC_DeInit
 716              		.syntax unified
 717              		.thumb
 718              		.thumb_func
 720              	HAL_TIM_OC_DeInit:
 721              		@ args = 0, pretend = 0, frame = 0
 722              		@ frame_needed = 0, uses_anonymous_args = 0
 723 0000 10B5     		push	{r4, lr}
 724 0002 0446     		mov	r4, r0
 725 0004 0223     		movs	r3, #2
ARM GAS  /tmp/ccdsbe5x.s 			page 13


 726 0006 80F83D30 		strb	r3, [r0, #61]
 727 000a 0368     		ldr	r3, [r0]
 728 000c 196A     		ldr	r1, [r3, #32]
 729 000e 41F21112 		movw	r2, #4369
 730 0012 1142     		tst	r1, r2
 731 0014 08D1     		bne	.L70
 732 0016 196A     		ldr	r1, [r3, #32]
 733 0018 40F24442 		movw	r2, #1092
 734 001c 1142     		tst	r1, r2
 735 001e 03D1     		bne	.L70
 736 0020 1A68     		ldr	r2, [r3]
 737 0022 22F00102 		bic	r2, r2, #1
 738 0026 1A60     		str	r2, [r3]
 739              	.L70:
 740 0028 2046     		mov	r0, r4
 741 002a FFF7FEFF 		bl	HAL_TIM_OC_MspDeInit
 742 002e 0020     		movs	r0, #0
 743 0030 84F84600 		strb	r0, [r4, #70]
 744 0034 84F83E00 		strb	r0, [r4, #62]
 745 0038 84F83F00 		strb	r0, [r4, #63]
 746 003c 84F84000 		strb	r0, [r4, #64]
 747 0040 84F84100 		strb	r0, [r4, #65]
 748 0044 84F84200 		strb	r0, [r4, #66]
 749 0048 84F84300 		strb	r0, [r4, #67]
 750 004c 84F84400 		strb	r0, [r4, #68]
 751 0050 84F84500 		strb	r0, [r4, #69]
 752 0054 84F83D00 		strb	r0, [r4, #61]
 753 0058 84F83C00 		strb	r0, [r4, #60]
 754 005c 10BD     		pop	{r4, pc}
 756              		.section	.text.HAL_TIM_PWM_MspInit,"ax",%progbits
 757              		.align	1
 758              		.weak	HAL_TIM_PWM_MspInit
 759              		.syntax unified
 760              		.thumb
 761              		.thumb_func
 763              	HAL_TIM_PWM_MspInit:
 764              		@ args = 0, pretend = 0, frame = 0
 765              		@ frame_needed = 0, uses_anonymous_args = 0
 766              		@ link register save eliminated.
 767 0000 7047     		bx	lr
 769              		.section	.text.HAL_TIM_PWM_MspDeInit,"ax",%progbits
 770              		.align	1
 771              		.weak	HAL_TIM_PWM_MspDeInit
 772              		.syntax unified
 773              		.thumb
 774              		.thumb_func
 776              	HAL_TIM_PWM_MspDeInit:
 777              		@ args = 0, pretend = 0, frame = 0
 778              		@ frame_needed = 0, uses_anonymous_args = 0
 779              		@ link register save eliminated.
 780 0000 7047     		bx	lr
 782              		.section	.text.HAL_TIM_PWM_DeInit,"ax",%progbits
 783              		.align	1
 784              		.global	HAL_TIM_PWM_DeInit
 785              		.syntax unified
 786              		.thumb
 787              		.thumb_func
ARM GAS  /tmp/ccdsbe5x.s 			page 14


 789              	HAL_TIM_PWM_DeInit:
 790              		@ args = 0, pretend = 0, frame = 0
 791              		@ frame_needed = 0, uses_anonymous_args = 0
 792 0000 10B5     		push	{r4, lr}
 793 0002 0446     		mov	r4, r0
 794 0004 0223     		movs	r3, #2
 795 0006 80F83D30 		strb	r3, [r0, #61]
 796 000a 0368     		ldr	r3, [r0]
 797 000c 196A     		ldr	r1, [r3, #32]
 798 000e 41F21112 		movw	r2, #4369
 799 0012 1142     		tst	r1, r2
 800 0014 08D1     		bne	.L75
 801 0016 196A     		ldr	r1, [r3, #32]
 802 0018 40F24442 		movw	r2, #1092
 803 001c 1142     		tst	r1, r2
 804 001e 03D1     		bne	.L75
 805 0020 1A68     		ldr	r2, [r3]
 806 0022 22F00102 		bic	r2, r2, #1
 807 0026 1A60     		str	r2, [r3]
 808              	.L75:
 809 0028 2046     		mov	r0, r4
 810 002a FFF7FEFF 		bl	HAL_TIM_PWM_MspDeInit
 811 002e 0020     		movs	r0, #0
 812 0030 84F84600 		strb	r0, [r4, #70]
 813 0034 84F83E00 		strb	r0, [r4, #62]
 814 0038 84F83F00 		strb	r0, [r4, #63]
 815 003c 84F84000 		strb	r0, [r4, #64]
 816 0040 84F84100 		strb	r0, [r4, #65]
 817 0044 84F84200 		strb	r0, [r4, #66]
 818 0048 84F84300 		strb	r0, [r4, #67]
 819 004c 84F84400 		strb	r0, [r4, #68]
 820 0050 84F84500 		strb	r0, [r4, #69]
 821 0054 84F83D00 		strb	r0, [r4, #61]
 822 0058 84F83C00 		strb	r0, [r4, #60]
 823 005c 10BD     		pop	{r4, pc}
 825              		.section	.text.HAL_TIM_IC_MspInit,"ax",%progbits
 826              		.align	1
 827              		.weak	HAL_TIM_IC_MspInit
 828              		.syntax unified
 829              		.thumb
 830              		.thumb_func
 832              	HAL_TIM_IC_MspInit:
 833              		@ args = 0, pretend = 0, frame = 0
 834              		@ frame_needed = 0, uses_anonymous_args = 0
 835              		@ link register save eliminated.
 836 0000 7047     		bx	lr
 838              		.section	.text.HAL_TIM_IC_MspDeInit,"ax",%progbits
 839              		.align	1
 840              		.weak	HAL_TIM_IC_MspDeInit
 841              		.syntax unified
 842              		.thumb
 843              		.thumb_func
 845              	HAL_TIM_IC_MspDeInit:
 846              		@ args = 0, pretend = 0, frame = 0
 847              		@ frame_needed = 0, uses_anonymous_args = 0
 848              		@ link register save eliminated.
 849 0000 7047     		bx	lr
ARM GAS  /tmp/ccdsbe5x.s 			page 15


 851              		.section	.text.HAL_TIM_IC_DeInit,"ax",%progbits
 852              		.align	1
 853              		.global	HAL_TIM_IC_DeInit
 854              		.syntax unified
 855              		.thumb
 856              		.thumb_func
 858              	HAL_TIM_IC_DeInit:
 859              		@ args = 0, pretend = 0, frame = 0
 860              		@ frame_needed = 0, uses_anonymous_args = 0
 861 0000 10B5     		push	{r4, lr}
 862 0002 0446     		mov	r4, r0
 863 0004 0223     		movs	r3, #2
 864 0006 80F83D30 		strb	r3, [r0, #61]
 865 000a 0368     		ldr	r3, [r0]
 866 000c 196A     		ldr	r1, [r3, #32]
 867 000e 41F21112 		movw	r2, #4369
 868 0012 1142     		tst	r1, r2
 869 0014 08D1     		bne	.L80
 870 0016 196A     		ldr	r1, [r3, #32]
 871 0018 40F24442 		movw	r2, #1092
 872 001c 1142     		tst	r1, r2
 873 001e 03D1     		bne	.L80
 874 0020 1A68     		ldr	r2, [r3]
 875 0022 22F00102 		bic	r2, r2, #1
 876 0026 1A60     		str	r2, [r3]
 877              	.L80:
 878 0028 2046     		mov	r0, r4
 879 002a FFF7FEFF 		bl	HAL_TIM_IC_MspDeInit
 880 002e 0020     		movs	r0, #0
 881 0030 84F84600 		strb	r0, [r4, #70]
 882 0034 84F83E00 		strb	r0, [r4, #62]
 883 0038 84F83F00 		strb	r0, [r4, #63]
 884 003c 84F84000 		strb	r0, [r4, #64]
 885 0040 84F84100 		strb	r0, [r4, #65]
 886 0044 84F84200 		strb	r0, [r4, #66]
 887 0048 84F84300 		strb	r0, [r4, #67]
 888 004c 84F84400 		strb	r0, [r4, #68]
 889 0050 84F84500 		strb	r0, [r4, #69]
 890 0054 84F83D00 		strb	r0, [r4, #61]
 891 0058 84F83C00 		strb	r0, [r4, #60]
 892 005c 10BD     		pop	{r4, pc}
 894              		.section	.text.HAL_TIM_OnePulse_MspInit,"ax",%progbits
 895              		.align	1
 896              		.weak	HAL_TIM_OnePulse_MspInit
 897              		.syntax unified
 898              		.thumb
 899              		.thumb_func
 901              	HAL_TIM_OnePulse_MspInit:
 902              		@ args = 0, pretend = 0, frame = 0
 903              		@ frame_needed = 0, uses_anonymous_args = 0
 904              		@ link register save eliminated.
 905 0000 7047     		bx	lr
 907              		.section	.text.HAL_TIM_OnePulse_MspDeInit,"ax",%progbits
 908              		.align	1
 909              		.weak	HAL_TIM_OnePulse_MspDeInit
 910              		.syntax unified
 911              		.thumb
ARM GAS  /tmp/ccdsbe5x.s 			page 16


 912              		.thumb_func
 914              	HAL_TIM_OnePulse_MspDeInit:
 915              		@ args = 0, pretend = 0, frame = 0
 916              		@ frame_needed = 0, uses_anonymous_args = 0
 917              		@ link register save eliminated.
 918 0000 7047     		bx	lr
 920              		.section	.text.HAL_TIM_OnePulse_DeInit,"ax",%progbits
 921              		.align	1
 922              		.global	HAL_TIM_OnePulse_DeInit
 923              		.syntax unified
 924              		.thumb
 925              		.thumb_func
 927              	HAL_TIM_OnePulse_DeInit:
 928              		@ args = 0, pretend = 0, frame = 0
 929              		@ frame_needed = 0, uses_anonymous_args = 0
 930 0000 10B5     		push	{r4, lr}
 931 0002 0446     		mov	r4, r0
 932 0004 0223     		movs	r3, #2
 933 0006 80F83D30 		strb	r3, [r0, #61]
 934 000a 0368     		ldr	r3, [r0]
 935 000c 196A     		ldr	r1, [r3, #32]
 936 000e 41F21112 		movw	r2, #4369
 937 0012 1142     		tst	r1, r2
 938 0014 08D1     		bne	.L85
 939 0016 196A     		ldr	r1, [r3, #32]
 940 0018 40F24442 		movw	r2, #1092
 941 001c 1142     		tst	r1, r2
 942 001e 03D1     		bne	.L85
 943 0020 1A68     		ldr	r2, [r3]
 944 0022 22F00102 		bic	r2, r2, #1
 945 0026 1A60     		str	r2, [r3]
 946              	.L85:
 947 0028 2046     		mov	r0, r4
 948 002a FFF7FEFF 		bl	HAL_TIM_OnePulse_MspDeInit
 949 002e 0020     		movs	r0, #0
 950 0030 84F84600 		strb	r0, [r4, #70]
 951 0034 84F83E00 		strb	r0, [r4, #62]
 952 0038 84F83F00 		strb	r0, [r4, #63]
 953 003c 84F84200 		strb	r0, [r4, #66]
 954 0040 84F84300 		strb	r0, [r4, #67]
 955 0044 84F83D00 		strb	r0, [r4, #61]
 956 0048 84F83C00 		strb	r0, [r4, #60]
 957 004c 10BD     		pop	{r4, pc}
 959              		.section	.text.HAL_TIM_Encoder_MspInit,"ax",%progbits
 960              		.align	1
 961              		.weak	HAL_TIM_Encoder_MspInit
 962              		.syntax unified
 963              		.thumb
 964              		.thumb_func
 966              	HAL_TIM_Encoder_MspInit:
 967              		@ args = 0, pretend = 0, frame = 0
 968              		@ frame_needed = 0, uses_anonymous_args = 0
 969              		@ link register save eliminated.
 970 0000 7047     		bx	lr
 972              		.section	.text.HAL_TIM_Encoder_MspDeInit,"ax",%progbits
 973              		.align	1
 974              		.weak	HAL_TIM_Encoder_MspDeInit
ARM GAS  /tmp/ccdsbe5x.s 			page 17


 975              		.syntax unified
 976              		.thumb
 977              		.thumb_func
 979              	HAL_TIM_Encoder_MspDeInit:
 980              		@ args = 0, pretend = 0, frame = 0
 981              		@ frame_needed = 0, uses_anonymous_args = 0
 982              		@ link register save eliminated.
 983 0000 7047     		bx	lr
 985              		.section	.text.HAL_TIM_Encoder_DeInit,"ax",%progbits
 986              		.align	1
 987              		.global	HAL_TIM_Encoder_DeInit
 988              		.syntax unified
 989              		.thumb
 990              		.thumb_func
 992              	HAL_TIM_Encoder_DeInit:
 993              		@ args = 0, pretend = 0, frame = 0
 994              		@ frame_needed = 0, uses_anonymous_args = 0
 995 0000 10B5     		push	{r4, lr}
 996 0002 0446     		mov	r4, r0
 997 0004 0223     		movs	r3, #2
 998 0006 80F83D30 		strb	r3, [r0, #61]
 999 000a 0368     		ldr	r3, [r0]
 1000 000c 196A     		ldr	r1, [r3, #32]
 1001 000e 41F21112 		movw	r2, #4369
 1002 0012 1142     		tst	r1, r2
 1003 0014 08D1     		bne	.L90
 1004 0016 196A     		ldr	r1, [r3, #32]
 1005 0018 40F24442 		movw	r2, #1092
 1006 001c 1142     		tst	r1, r2
 1007 001e 03D1     		bne	.L90
 1008 0020 1A68     		ldr	r2, [r3]
 1009 0022 22F00102 		bic	r2, r2, #1
 1010 0026 1A60     		str	r2, [r3]
 1011              	.L90:
 1012 0028 2046     		mov	r0, r4
 1013 002a FFF7FEFF 		bl	HAL_TIM_Encoder_MspDeInit
 1014 002e 0020     		movs	r0, #0
 1015 0030 84F84600 		strb	r0, [r4, #70]
 1016 0034 84F83E00 		strb	r0, [r4, #62]
 1017 0038 84F83F00 		strb	r0, [r4, #63]
 1018 003c 84F84200 		strb	r0, [r4, #66]
 1019 0040 84F84300 		strb	r0, [r4, #67]
 1020 0044 84F83D00 		strb	r0, [r4, #61]
 1021 0048 84F83C00 		strb	r0, [r4, #60]
 1022 004c 10BD     		pop	{r4, pc}
 1024              		.section	.text.HAL_TIM_DMABurst_MultiWriteStart,"ax",%progbits
 1025              		.align	1
 1026              		.global	HAL_TIM_DMABurst_MultiWriteStart
 1027              		.syntax unified
 1028              		.thumb
 1029              		.thumb_func
 1031              	HAL_TIM_DMABurst_MultiWriteStart:
 1032              		@ args = 8, pretend = 0, frame = 0
 1033              		@ frame_needed = 0, uses_anonymous_args = 0
 1034 0000 70B5     		push	{r4, r5, r6, lr}
 1035 0002 0446     		mov	r4, r0
 1036 0004 0E46     		mov	r6, r1
ARM GAS  /tmp/ccdsbe5x.s 			page 18


 1037 0006 1946     		mov	r1, r3
 1038 0008 90F84630 		ldrb	r3, [r0, #70]	@ zero_extendqisi2
 1039 000c D8B2     		uxtb	r0, r3
 1040 000e 022B     		cmp	r3, #2
 1041 0010 2DD0     		beq	.L93
 1042 0012 1546     		mov	r5, r2
 1043 0014 94F84630 		ldrb	r3, [r4, #70]	@ zero_extendqisi2
 1044 0018 D8B2     		uxtb	r0, r3
 1045 001a 012B     		cmp	r3, #1
 1046 001c 28D0     		beq	.L113
 1047              	.L94:
 1048 001e B5F5006F 		cmp	r5, #2048
 1049 0022 74D0     		beq	.L96
 1050 0024 2FD8     		bhi	.L97
 1051 0026 B5F5007F 		cmp	r5, #512
 1052 002a 4AD0     		beq	.L98
 1053 002c B5F5806F 		cmp	r5, #1024
 1054 0030 5AD0     		beq	.L99
 1055 0032 B5F5807F 		cmp	r5, #256
 1056 0036 24D1     		bne	.L114
 1057 0038 236A     		ldr	r3, [r4, #32]
 1058 003a 534A     		ldr	r2, .L118
 1059 003c 9A62     		str	r2, [r3, #40]
 1060 003e 236A     		ldr	r3, [r4, #32]
 1061 0040 524A     		ldr	r2, .L118+4
 1062 0042 DA62     		str	r2, [r3, #44]
 1063 0044 236A     		ldr	r3, [r4, #32]
 1064 0046 524A     		ldr	r2, .L118+8
 1065 0048 1A63     		str	r2, [r3, #48]
 1066 004a 2268     		ldr	r2, [r4]
 1067 004c 059B     		ldr	r3, [sp, #20]
 1068 004e 4C32     		adds	r2, r2, #76
 1069 0050 206A     		ldr	r0, [r4, #32]
 1070 0052 FFF7FEFF 		bl	HAL_DMA_Start_IT
 1071 0056 0028     		cmp	r0, #0
 1072 0058 40F09380 		bne	.L115
 1073              	.L104:
 1074 005c 2368     		ldr	r3, [r4]
 1075 005e 049A     		ldr	r2, [sp, #16]
 1076 0060 1643     		orrs	r6, r6, r2
 1077 0062 9E64     		str	r6, [r3, #72]
 1078 0064 2268     		ldr	r2, [r4]
 1079 0066 D368     		ldr	r3, [r2, #12]
 1080 0068 2B43     		orrs	r3, r3, r5
 1081 006a D360     		str	r3, [r2, #12]
 1082 006c 0020     		movs	r0, #0
 1083              	.L93:
 1084 006e 70BD     		pop	{r4, r5, r6, pc}
 1085              	.L113:
 1086 0070 19B1     		cbz	r1, .L116
 1087              	.L95:
 1088 0072 0223     		movs	r3, #2
 1089 0074 84F84630 		strb	r3, [r4, #70]
 1090 0078 D1E7     		b	.L94
 1091              	.L116:
 1092 007a 049B     		ldr	r3, [sp, #16]
 1093 007c 002B     		cmp	r3, #0
ARM GAS  /tmp/ccdsbe5x.s 			page 19


 1094 007e F8D0     		beq	.L95
 1095 0080 F5E7     		b	.L93
 1096              	.L114:
 1097 0082 0120     		movs	r0, #1
 1098 0084 F3E7     		b	.L93
 1099              	.L97:
 1100 0086 B5F5005F 		cmp	r5, #8192
 1101 008a 53D0     		beq	.L101
 1102 008c B5F5804F 		cmp	r5, #16384
 1103 0090 63D0     		beq	.L102
 1104 0092 B5F5805F 		cmp	r5, #4096
 1105 0096 12D1     		bne	.L117
 1106 0098 236B     		ldr	r3, [r4, #48]
 1107 009a 3E4A     		ldr	r2, .L118+12
 1108 009c 9A62     		str	r2, [r3, #40]
 1109 009e 236B     		ldr	r3, [r4, #48]
 1110 00a0 3D4A     		ldr	r2, .L118+16
 1111 00a2 DA62     		str	r2, [r3, #44]
 1112 00a4 236B     		ldr	r3, [r4, #48]
 1113 00a6 3A4A     		ldr	r2, .L118+8
 1114 00a8 1A63     		str	r2, [r3, #48]
 1115 00aa 2268     		ldr	r2, [r4]
 1116 00ac 059B     		ldr	r3, [sp, #20]
 1117 00ae 4C32     		adds	r2, r2, #76
 1118 00b0 206B     		ldr	r0, [r4, #48]
 1119 00b2 FFF7FEFF 		bl	HAL_DMA_Start_IT
 1120 00b6 0028     		cmp	r0, #0
 1121 00b8 D0D0     		beq	.L104
 1122 00ba 0120     		movs	r0, #1
 1123 00bc D7E7     		b	.L93
 1124              	.L117:
 1125 00be 0120     		movs	r0, #1
 1126 00c0 D5E7     		b	.L93
 1127              	.L98:
 1128 00c2 636A     		ldr	r3, [r4, #36]
 1129 00c4 334A     		ldr	r2, .L118+12
 1130 00c6 9A62     		str	r2, [r3, #40]
 1131 00c8 636A     		ldr	r3, [r4, #36]
 1132 00ca 334A     		ldr	r2, .L118+16
 1133 00cc DA62     		str	r2, [r3, #44]
 1134 00ce 636A     		ldr	r3, [r4, #36]
 1135 00d0 2F4A     		ldr	r2, .L118+8
 1136 00d2 1A63     		str	r2, [r3, #48]
 1137 00d4 2268     		ldr	r2, [r4]
 1138 00d6 059B     		ldr	r3, [sp, #20]
 1139 00d8 4C32     		adds	r2, r2, #76
 1140 00da 606A     		ldr	r0, [r4, #36]
 1141 00dc FFF7FEFF 		bl	HAL_DMA_Start_IT
 1142 00e0 0028     		cmp	r0, #0
 1143 00e2 BBD0     		beq	.L104
 1144 00e4 0120     		movs	r0, #1
 1145 00e6 C2E7     		b	.L93
 1146              	.L99:
 1147 00e8 A36A     		ldr	r3, [r4, #40]
 1148 00ea 2A4A     		ldr	r2, .L118+12
 1149 00ec 9A62     		str	r2, [r3, #40]
 1150 00ee A36A     		ldr	r3, [r4, #40]
ARM GAS  /tmp/ccdsbe5x.s 			page 20


 1151 00f0 294A     		ldr	r2, .L118+16
 1152 00f2 DA62     		str	r2, [r3, #44]
 1153 00f4 A36A     		ldr	r3, [r4, #40]
 1154 00f6 264A     		ldr	r2, .L118+8
 1155 00f8 1A63     		str	r2, [r3, #48]
 1156 00fa 2268     		ldr	r2, [r4]
 1157 00fc 059B     		ldr	r3, [sp, #20]
 1158 00fe 4C32     		adds	r2, r2, #76
 1159 0100 A06A     		ldr	r0, [r4, #40]
 1160 0102 FFF7FEFF 		bl	HAL_DMA_Start_IT
 1161 0106 0028     		cmp	r0, #0
 1162 0108 A8D0     		beq	.L104
 1163 010a 0120     		movs	r0, #1
 1164 010c AFE7     		b	.L93
 1165              	.L96:
 1166 010e E36A     		ldr	r3, [r4, #44]
 1167 0110 204A     		ldr	r2, .L118+12
 1168 0112 9A62     		str	r2, [r3, #40]
 1169 0114 E36A     		ldr	r3, [r4, #44]
 1170 0116 204A     		ldr	r2, .L118+16
 1171 0118 DA62     		str	r2, [r3, #44]
 1172 011a E36A     		ldr	r3, [r4, #44]
 1173 011c 1C4A     		ldr	r2, .L118+8
 1174 011e 1A63     		str	r2, [r3, #48]
 1175 0120 2268     		ldr	r2, [r4]
 1176 0122 059B     		ldr	r3, [sp, #20]
 1177 0124 4C32     		adds	r2, r2, #76
 1178 0126 E06A     		ldr	r0, [r4, #44]
 1179 0128 FFF7FEFF 		bl	HAL_DMA_Start_IT
 1180 012c 0028     		cmp	r0, #0
 1181 012e 95D0     		beq	.L104
 1182 0130 0120     		movs	r0, #1
 1183 0132 9CE7     		b	.L93
 1184              	.L101:
 1185 0134 636B     		ldr	r3, [r4, #52]
 1186 0136 194A     		ldr	r2, .L118+20
 1187 0138 9A62     		str	r2, [r3, #40]
 1188 013a 636B     		ldr	r3, [r4, #52]
 1189 013c 184A     		ldr	r2, .L118+24
 1190 013e DA62     		str	r2, [r3, #44]
 1191 0140 636B     		ldr	r3, [r4, #52]
 1192 0142 134A     		ldr	r2, .L118+8
 1193 0144 1A63     		str	r2, [r3, #48]
 1194 0146 2268     		ldr	r2, [r4]
 1195 0148 059B     		ldr	r3, [sp, #20]
 1196 014a 4C32     		adds	r2, r2, #76
 1197 014c 606B     		ldr	r0, [r4, #52]
 1198 014e FFF7FEFF 		bl	HAL_DMA_Start_IT
 1199 0152 0028     		cmp	r0, #0
 1200 0154 82D0     		beq	.L104
 1201 0156 0120     		movs	r0, #1
 1202 0158 89E7     		b	.L93
 1203              	.L102:
 1204 015a A36B     		ldr	r3, [r4, #56]
 1205 015c 114A     		ldr	r2, .L118+28
 1206 015e 9A62     		str	r2, [r3, #40]
 1207 0160 A36B     		ldr	r3, [r4, #56]
ARM GAS  /tmp/ccdsbe5x.s 			page 21


 1208 0162 114A     		ldr	r2, .L118+32
 1209 0164 DA62     		str	r2, [r3, #44]
 1210 0166 A36B     		ldr	r3, [r4, #56]
 1211 0168 094A     		ldr	r2, .L118+8
 1212 016a 1A63     		str	r2, [r3, #48]
 1213 016c 2268     		ldr	r2, [r4]
 1214 016e 059B     		ldr	r3, [sp, #20]
 1215 0170 4C32     		adds	r2, r2, #76
 1216 0172 A06B     		ldr	r0, [r4, #56]
 1217 0174 FFF7FEFF 		bl	HAL_DMA_Start_IT
 1218 0178 0028     		cmp	r0, #0
 1219 017a 3FF46FAF 		beq	.L104
 1220 017e 0120     		movs	r0, #1
 1221 0180 75E7     		b	.L93
 1222              	.L115:
 1223 0182 0120     		movs	r0, #1
 1224 0184 73E7     		b	.L93
 1225              	.L119:
 1226 0186 00BF     		.align	2
 1227              	.L118:
 1228 0188 00000000 		.word	TIM_DMAPeriodElapsedCplt
 1229 018c 00000000 		.word	TIM_DMAPeriodElapsedHalfCplt
 1230 0190 00000000 		.word	TIM_DMAError
 1231 0194 00000000 		.word	TIM_DMADelayPulseCplt
 1232 0198 00000000 		.word	TIM_DMADelayPulseHalfCplt
 1233 019c 00000000 		.word	TIMEx_DMACommutationCplt
 1234 01a0 00000000 		.word	TIMEx_DMACommutationHalfCplt
 1235 01a4 00000000 		.word	TIM_DMATriggerCplt
 1236 01a8 00000000 		.word	TIM_DMATriggerHalfCplt
 1238              		.section	.text.HAL_TIM_DMABurst_WriteStart,"ax",%progbits
 1239              		.align	1
 1240              		.global	HAL_TIM_DMABurst_WriteStart
 1241              		.syntax unified
 1242              		.thumb
 1243              		.thumb_func
 1245              	HAL_TIM_DMABurst_WriteStart:
 1246              		@ args = 4, pretend = 0, frame = 0
 1247              		@ frame_needed = 0, uses_anonymous_args = 0
 1248 0000 30B5     		push	{r4, r5, lr}
 1249 0002 83B0     		sub	sp, sp, #12
 1250 0004 069D     		ldr	r5, [sp, #24]
 1251 0006 2C0A     		lsrs	r4, r5, #8
 1252 0008 0134     		adds	r4, r4, #1
 1253 000a 0194     		str	r4, [sp, #4]
 1254 000c 0095     		str	r5, [sp]
 1255 000e FFF7FEFF 		bl	HAL_TIM_DMABurst_MultiWriteStart
 1256 0012 03B0     		add	sp, sp, #12
 1257              		@ sp needed
 1258 0014 30BD     		pop	{r4, r5, pc}
 1260              		.section	.text.HAL_TIM_DMABurst_WriteStop,"ax",%progbits
 1261              		.align	1
 1262              		.global	HAL_TIM_DMABurst_WriteStop
 1263              		.syntax unified
 1264              		.thumb
 1265              		.thumb_func
 1267              	HAL_TIM_DMABurst_WriteStop:
 1268              		@ args = 0, pretend = 0, frame = 0
ARM GAS  /tmp/ccdsbe5x.s 			page 22


 1269              		@ frame_needed = 0, uses_anonymous_args = 0
 1270 0000 38B5     		push	{r3, r4, r5, lr}
 1271 0002 0546     		mov	r5, r0
 1272 0004 0C46     		mov	r4, r1
 1273 0006 B1F5006F 		cmp	r1, #2048
 1274 000a 2FD0     		beq	.L123
 1275 000c 17D8     		bhi	.L124
 1276 000e B1F5007F 		cmp	r1, #512
 1277 0012 23D0     		beq	.L125
 1278 0014 B1F5806F 		cmp	r1, #1024
 1279 0018 24D0     		beq	.L126
 1280 001a B1F5807F 		cmp	r1, #256
 1281 001e 0CD1     		bne	.L134
 1282 0020 006A     		ldr	r0, [r0, #32]
 1283 0022 FFF7FEFF 		bl	HAL_DMA_Abort_IT
 1284              	.L132:
 1285 0026 2A68     		ldr	r2, [r5]
 1286 0028 D368     		ldr	r3, [r2, #12]
 1287 002a 23EA0403 		bic	r3, r3, r4
 1288 002e D360     		str	r3, [r2, #12]
 1289 0030 0123     		movs	r3, #1
 1290 0032 85F84630 		strb	r3, [r5, #70]
 1291 0036 0020     		movs	r0, #0
 1292              	.L128:
 1293 0038 38BD     		pop	{r3, r4, r5, pc}
 1294              	.L134:
 1295 003a 0120     		movs	r0, #1
 1296 003c FCE7     		b	.L128
 1297              	.L124:
 1298 003e B1F5005F 		cmp	r1, #8192
 1299 0042 17D0     		beq	.L129
 1300 0044 B1F5804F 		cmp	r1, #16384
 1301 0048 18D0     		beq	.L130
 1302 004a B1F5805F 		cmp	r1, #4096
 1303 004e 03D1     		bne	.L135
 1304 0050 006B     		ldr	r0, [r0, #48]
 1305 0052 FFF7FEFF 		bl	HAL_DMA_Abort_IT
 1306 0056 E6E7     		b	.L132
 1307              	.L135:
 1308 0058 0120     		movs	r0, #1
 1309 005a EDE7     		b	.L128
 1310              	.L125:
 1311 005c 406A     		ldr	r0, [r0, #36]
 1312 005e FFF7FEFF 		bl	HAL_DMA_Abort_IT
 1313 0062 E0E7     		b	.L132
 1314              	.L126:
 1315 0064 806A     		ldr	r0, [r0, #40]
 1316 0066 FFF7FEFF 		bl	HAL_DMA_Abort_IT
 1317 006a DCE7     		b	.L132
 1318              	.L123:
 1319 006c C06A     		ldr	r0, [r0, #44]
 1320 006e FFF7FEFF 		bl	HAL_DMA_Abort_IT
 1321 0072 D8E7     		b	.L132
 1322              	.L129:
 1323 0074 406B     		ldr	r0, [r0, #52]
 1324 0076 FFF7FEFF 		bl	HAL_DMA_Abort_IT
 1325 007a D4E7     		b	.L132
ARM GAS  /tmp/ccdsbe5x.s 			page 23


 1326              	.L130:
 1327 007c 806B     		ldr	r0, [r0, #56]
 1328 007e FFF7FEFF 		bl	HAL_DMA_Abort_IT
 1329 0082 D0E7     		b	.L132
 1331              		.section	.text.HAL_TIM_DMABurst_MultiReadStart,"ax",%progbits
 1332              		.align	1
 1333              		.global	HAL_TIM_DMABurst_MultiReadStart
 1334              		.syntax unified
 1335              		.thumb
 1336              		.thumb_func
 1338              	HAL_TIM_DMABurst_MultiReadStart:
 1339              		@ args = 8, pretend = 0, frame = 0
 1340              		@ frame_needed = 0, uses_anonymous_args = 0
 1341 0000 70B5     		push	{r4, r5, r6, lr}
 1342 0002 0446     		mov	r4, r0
 1343 0004 1546     		mov	r5, r2
 1344 0006 1A46     		mov	r2, r3
 1345 0008 90F84630 		ldrb	r3, [r0, #70]	@ zero_extendqisi2
 1346 000c D8B2     		uxtb	r0, r3
 1347 000e 022B     		cmp	r3, #2
 1348 0010 2DD0     		beq	.L137
 1349 0012 0E46     		mov	r6, r1
 1350 0014 94F84630 		ldrb	r3, [r4, #70]	@ zero_extendqisi2
 1351 0018 D8B2     		uxtb	r0, r3
 1352 001a 012B     		cmp	r3, #1
 1353 001c 28D0     		beq	.L157
 1354              	.L138:
 1355 001e B5F5006F 		cmp	r5, #2048
 1356 0022 74D0     		beq	.L140
 1357 0024 2FD8     		bhi	.L141
 1358 0026 B5F5007F 		cmp	r5, #512
 1359 002a 4AD0     		beq	.L142
 1360 002c B5F5806F 		cmp	r5, #1024
 1361 0030 5AD0     		beq	.L143
 1362 0032 B5F5807F 		cmp	r5, #256
 1363 0036 24D1     		bne	.L158
 1364 0038 236A     		ldr	r3, [r4, #32]
 1365 003a 5349     		ldr	r1, .L162
 1366 003c 9962     		str	r1, [r3, #40]
 1367 003e 236A     		ldr	r3, [r4, #32]
 1368 0040 5249     		ldr	r1, .L162+4
 1369 0042 D962     		str	r1, [r3, #44]
 1370 0044 236A     		ldr	r3, [r4, #32]
 1371 0046 5249     		ldr	r1, .L162+8
 1372 0048 1963     		str	r1, [r3, #48]
 1373 004a 2168     		ldr	r1, [r4]
 1374 004c 059B     		ldr	r3, [sp, #20]
 1375 004e 4C31     		adds	r1, r1, #76
 1376 0050 206A     		ldr	r0, [r4, #32]
 1377 0052 FFF7FEFF 		bl	HAL_DMA_Start_IT
 1378 0056 0028     		cmp	r0, #0
 1379 0058 40F09380 		bne	.L159
 1380              	.L148:
 1381 005c 2368     		ldr	r3, [r4]
 1382 005e 049A     		ldr	r2, [sp, #16]
 1383 0060 1643     		orrs	r6, r6, r2
 1384 0062 9E64     		str	r6, [r3, #72]
ARM GAS  /tmp/ccdsbe5x.s 			page 24


 1385 0064 2268     		ldr	r2, [r4]
 1386 0066 D368     		ldr	r3, [r2, #12]
 1387 0068 2B43     		orrs	r3, r3, r5
 1388 006a D360     		str	r3, [r2, #12]
 1389 006c 0020     		movs	r0, #0
 1390              	.L137:
 1391 006e 70BD     		pop	{r4, r5, r6, pc}
 1392              	.L157:
 1393 0070 1AB1     		cbz	r2, .L160
 1394              	.L139:
 1395 0072 0223     		movs	r3, #2
 1396 0074 84F84630 		strb	r3, [r4, #70]
 1397 0078 D1E7     		b	.L138
 1398              	.L160:
 1399 007a 049B     		ldr	r3, [sp, #16]
 1400 007c 002B     		cmp	r3, #0
 1401 007e F8D0     		beq	.L139
 1402 0080 F5E7     		b	.L137
 1403              	.L158:
 1404 0082 0120     		movs	r0, #1
 1405 0084 F3E7     		b	.L137
 1406              	.L141:
 1407 0086 B5F5005F 		cmp	r5, #8192
 1408 008a 53D0     		beq	.L145
 1409 008c B5F5804F 		cmp	r5, #16384
 1410 0090 63D0     		beq	.L146
 1411 0092 B5F5805F 		cmp	r5, #4096
 1412 0096 12D1     		bne	.L161
 1413 0098 236B     		ldr	r3, [r4, #48]
 1414 009a 3E49     		ldr	r1, .L162+12
 1415 009c 9962     		str	r1, [r3, #40]
 1416 009e 236B     		ldr	r3, [r4, #48]
 1417 00a0 3D49     		ldr	r1, .L162+16
 1418 00a2 D962     		str	r1, [r3, #44]
 1419 00a4 236B     		ldr	r3, [r4, #48]
 1420 00a6 3A49     		ldr	r1, .L162+8
 1421 00a8 1963     		str	r1, [r3, #48]
 1422 00aa 2168     		ldr	r1, [r4]
 1423 00ac 059B     		ldr	r3, [sp, #20]
 1424 00ae 4C31     		adds	r1, r1, #76
 1425 00b0 206B     		ldr	r0, [r4, #48]
 1426 00b2 FFF7FEFF 		bl	HAL_DMA_Start_IT
 1427 00b6 0028     		cmp	r0, #0
 1428 00b8 D0D0     		beq	.L148
 1429 00ba 0120     		movs	r0, #1
 1430 00bc D7E7     		b	.L137
 1431              	.L161:
 1432 00be 0120     		movs	r0, #1
 1433 00c0 D5E7     		b	.L137
 1434              	.L142:
 1435 00c2 636A     		ldr	r3, [r4, #36]
 1436 00c4 3349     		ldr	r1, .L162+12
 1437 00c6 9962     		str	r1, [r3, #40]
 1438 00c8 636A     		ldr	r3, [r4, #36]
 1439 00ca 3349     		ldr	r1, .L162+16
 1440 00cc D962     		str	r1, [r3, #44]
 1441 00ce 636A     		ldr	r3, [r4, #36]
ARM GAS  /tmp/ccdsbe5x.s 			page 25


 1442 00d0 2F49     		ldr	r1, .L162+8
 1443 00d2 1963     		str	r1, [r3, #48]
 1444 00d4 2168     		ldr	r1, [r4]
 1445 00d6 059B     		ldr	r3, [sp, #20]
 1446 00d8 4C31     		adds	r1, r1, #76
 1447 00da 606A     		ldr	r0, [r4, #36]
 1448 00dc FFF7FEFF 		bl	HAL_DMA_Start_IT
 1449 00e0 0028     		cmp	r0, #0
 1450 00e2 BBD0     		beq	.L148
 1451 00e4 0120     		movs	r0, #1
 1452 00e6 C2E7     		b	.L137
 1453              	.L143:
 1454 00e8 A36A     		ldr	r3, [r4, #40]
 1455 00ea 2A49     		ldr	r1, .L162+12
 1456 00ec 9962     		str	r1, [r3, #40]
 1457 00ee A36A     		ldr	r3, [r4, #40]
 1458 00f0 2949     		ldr	r1, .L162+16
 1459 00f2 D962     		str	r1, [r3, #44]
 1460 00f4 A36A     		ldr	r3, [r4, #40]
 1461 00f6 2649     		ldr	r1, .L162+8
 1462 00f8 1963     		str	r1, [r3, #48]
 1463 00fa 2168     		ldr	r1, [r4]
 1464 00fc 059B     		ldr	r3, [sp, #20]
 1465 00fe 4C31     		adds	r1, r1, #76
 1466 0100 A06A     		ldr	r0, [r4, #40]
 1467 0102 FFF7FEFF 		bl	HAL_DMA_Start_IT
 1468 0106 0028     		cmp	r0, #0
 1469 0108 A8D0     		beq	.L148
 1470 010a 0120     		movs	r0, #1
 1471 010c AFE7     		b	.L137
 1472              	.L140:
 1473 010e E36A     		ldr	r3, [r4, #44]
 1474 0110 2049     		ldr	r1, .L162+12
 1475 0112 9962     		str	r1, [r3, #40]
 1476 0114 E36A     		ldr	r3, [r4, #44]
 1477 0116 2049     		ldr	r1, .L162+16
 1478 0118 D962     		str	r1, [r3, #44]
 1479 011a E36A     		ldr	r3, [r4, #44]
 1480 011c 1C49     		ldr	r1, .L162+8
 1481 011e 1963     		str	r1, [r3, #48]
 1482 0120 2168     		ldr	r1, [r4]
 1483 0122 059B     		ldr	r3, [sp, #20]
 1484 0124 4C31     		adds	r1, r1, #76
 1485 0126 E06A     		ldr	r0, [r4, #44]
 1486 0128 FFF7FEFF 		bl	HAL_DMA_Start_IT
 1487 012c 0028     		cmp	r0, #0
 1488 012e 95D0     		beq	.L148
 1489 0130 0120     		movs	r0, #1
 1490 0132 9CE7     		b	.L137
 1491              	.L145:
 1492 0134 636B     		ldr	r3, [r4, #52]
 1493 0136 1949     		ldr	r1, .L162+20
 1494 0138 9962     		str	r1, [r3, #40]
 1495 013a 636B     		ldr	r3, [r4, #52]
 1496 013c 1849     		ldr	r1, .L162+24
 1497 013e D962     		str	r1, [r3, #44]
 1498 0140 636B     		ldr	r3, [r4, #52]
ARM GAS  /tmp/ccdsbe5x.s 			page 26


 1499 0142 1349     		ldr	r1, .L162+8
 1500 0144 1963     		str	r1, [r3, #48]
 1501 0146 2168     		ldr	r1, [r4]
 1502 0148 059B     		ldr	r3, [sp, #20]
 1503 014a 4C31     		adds	r1, r1, #76
 1504 014c 606B     		ldr	r0, [r4, #52]
 1505 014e FFF7FEFF 		bl	HAL_DMA_Start_IT
 1506 0152 0028     		cmp	r0, #0
 1507 0154 82D0     		beq	.L148
 1508 0156 0120     		movs	r0, #1
 1509 0158 89E7     		b	.L137
 1510              	.L146:
 1511 015a A36B     		ldr	r3, [r4, #56]
 1512 015c 1149     		ldr	r1, .L162+28
 1513 015e 9962     		str	r1, [r3, #40]
 1514 0160 A36B     		ldr	r3, [r4, #56]
 1515 0162 1149     		ldr	r1, .L162+32
 1516 0164 D962     		str	r1, [r3, #44]
 1517 0166 A36B     		ldr	r3, [r4, #56]
 1518 0168 0949     		ldr	r1, .L162+8
 1519 016a 1963     		str	r1, [r3, #48]
 1520 016c 2168     		ldr	r1, [r4]
 1521 016e 059B     		ldr	r3, [sp, #20]
 1522 0170 4C31     		adds	r1, r1, #76
 1523 0172 A06B     		ldr	r0, [r4, #56]
 1524 0174 FFF7FEFF 		bl	HAL_DMA_Start_IT
 1525 0178 0028     		cmp	r0, #0
 1526 017a 3FF46FAF 		beq	.L148
 1527 017e 0120     		movs	r0, #1
 1528 0180 75E7     		b	.L137
 1529              	.L159:
 1530 0182 0120     		movs	r0, #1
 1531 0184 73E7     		b	.L137
 1532              	.L163:
 1533 0186 00BF     		.align	2
 1534              	.L162:
 1535 0188 00000000 		.word	TIM_DMAPeriodElapsedCplt
 1536 018c 00000000 		.word	TIM_DMAPeriodElapsedHalfCplt
 1537 0190 00000000 		.word	TIM_DMAError
 1538 0194 00000000 		.word	TIM_DMACaptureCplt
 1539 0198 00000000 		.word	TIM_DMACaptureHalfCplt
 1540 019c 00000000 		.word	TIMEx_DMACommutationCplt
 1541 01a0 00000000 		.word	TIMEx_DMACommutationHalfCplt
 1542 01a4 00000000 		.word	TIM_DMATriggerCplt
 1543 01a8 00000000 		.word	TIM_DMATriggerHalfCplt
 1545              		.section	.text.HAL_TIM_DMABurst_ReadStart,"ax",%progbits
 1546              		.align	1
 1547              		.global	HAL_TIM_DMABurst_ReadStart
 1548              		.syntax unified
 1549              		.thumb
 1550              		.thumb_func
 1552              	HAL_TIM_DMABurst_ReadStart:
 1553              		@ args = 4, pretend = 0, frame = 0
 1554              		@ frame_needed = 0, uses_anonymous_args = 0
 1555 0000 30B5     		push	{r4, r5, lr}
 1556 0002 83B0     		sub	sp, sp, #12
 1557 0004 069D     		ldr	r5, [sp, #24]
ARM GAS  /tmp/ccdsbe5x.s 			page 27


 1558 0006 2C0A     		lsrs	r4, r5, #8
 1559 0008 0134     		adds	r4, r4, #1
 1560 000a 0194     		str	r4, [sp, #4]
 1561 000c 0095     		str	r5, [sp]
 1562 000e FFF7FEFF 		bl	HAL_TIM_DMABurst_MultiReadStart
 1563 0012 03B0     		add	sp, sp, #12
 1564              		@ sp needed
 1565 0014 30BD     		pop	{r4, r5, pc}
 1567              		.section	.text.HAL_TIM_DMABurst_ReadStop,"ax",%progbits
 1568              		.align	1
 1569              		.global	HAL_TIM_DMABurst_ReadStop
 1570              		.syntax unified
 1571              		.thumb
 1572              		.thumb_func
 1574              	HAL_TIM_DMABurst_ReadStop:
 1575              		@ args = 0, pretend = 0, frame = 0
 1576              		@ frame_needed = 0, uses_anonymous_args = 0
 1577 0000 38B5     		push	{r3, r4, r5, lr}
 1578 0002 0546     		mov	r5, r0
 1579 0004 0C46     		mov	r4, r1
 1580 0006 B1F5006F 		cmp	r1, #2048
 1581 000a 2FD0     		beq	.L167
 1582 000c 17D8     		bhi	.L168
 1583 000e B1F5007F 		cmp	r1, #512
 1584 0012 23D0     		beq	.L169
 1585 0014 B1F5806F 		cmp	r1, #1024
 1586 0018 24D0     		beq	.L170
 1587 001a B1F5807F 		cmp	r1, #256
 1588 001e 0CD1     		bne	.L178
 1589 0020 006A     		ldr	r0, [r0, #32]
 1590 0022 FFF7FEFF 		bl	HAL_DMA_Abort_IT
 1591              	.L176:
 1592 0026 2A68     		ldr	r2, [r5]
 1593 0028 D368     		ldr	r3, [r2, #12]
 1594 002a 23EA0403 		bic	r3, r3, r4
 1595 002e D360     		str	r3, [r2, #12]
 1596 0030 0123     		movs	r3, #1
 1597 0032 85F84630 		strb	r3, [r5, #70]
 1598 0036 0020     		movs	r0, #0
 1599              	.L172:
 1600 0038 38BD     		pop	{r3, r4, r5, pc}
 1601              	.L178:
 1602 003a 0120     		movs	r0, #1
 1603 003c FCE7     		b	.L172
 1604              	.L168:
 1605 003e B1F5005F 		cmp	r1, #8192
 1606 0042 17D0     		beq	.L173
 1607 0044 B1F5804F 		cmp	r1, #16384
 1608 0048 18D0     		beq	.L174
 1609 004a B1F5805F 		cmp	r1, #4096
 1610 004e 03D1     		bne	.L179
 1611 0050 006B     		ldr	r0, [r0, #48]
 1612 0052 FFF7FEFF 		bl	HAL_DMA_Abort_IT
 1613 0056 E6E7     		b	.L176
 1614              	.L179:
 1615 0058 0120     		movs	r0, #1
 1616 005a EDE7     		b	.L172
ARM GAS  /tmp/ccdsbe5x.s 			page 28


 1617              	.L169:
 1618 005c 406A     		ldr	r0, [r0, #36]
 1619 005e FFF7FEFF 		bl	HAL_DMA_Abort_IT
 1620 0062 E0E7     		b	.L176
 1621              	.L170:
 1622 0064 806A     		ldr	r0, [r0, #40]
 1623 0066 FFF7FEFF 		bl	HAL_DMA_Abort_IT
 1624 006a DCE7     		b	.L176
 1625              	.L167:
 1626 006c C06A     		ldr	r0, [r0, #44]
 1627 006e FFF7FEFF 		bl	HAL_DMA_Abort_IT
 1628 0072 D8E7     		b	.L176
 1629              	.L173:
 1630 0074 406B     		ldr	r0, [r0, #52]
 1631 0076 FFF7FEFF 		bl	HAL_DMA_Abort_IT
 1632 007a D4E7     		b	.L176
 1633              	.L174:
 1634 007c 806B     		ldr	r0, [r0, #56]
 1635 007e FFF7FEFF 		bl	HAL_DMA_Abort_IT
 1636 0082 D0E7     		b	.L176
 1638              		.section	.text.HAL_TIM_GenerateEvent,"ax",%progbits
 1639              		.align	1
 1640              		.global	HAL_TIM_GenerateEvent
 1641              		.syntax unified
 1642              		.thumb
 1643              		.thumb_func
 1645              	HAL_TIM_GenerateEvent:
 1646              		@ args = 0, pretend = 0, frame = 0
 1647              		@ frame_needed = 0, uses_anonymous_args = 0
 1648              		@ link register save eliminated.
 1649 0000 90F83C30 		ldrb	r3, [r0, #60]	@ zero_extendqisi2
 1650 0004 012B     		cmp	r3, #1
 1651 0006 0ED0     		beq	.L182
 1652 0008 0123     		movs	r3, #1
 1653 000a 80F83C30 		strb	r3, [r0, #60]
 1654 000e 0222     		movs	r2, #2
 1655 0010 80F83D20 		strb	r2, [r0, #61]
 1656 0014 0268     		ldr	r2, [r0]
 1657 0016 5161     		str	r1, [r2, #20]
 1658 0018 80F83D30 		strb	r3, [r0, #61]
 1659 001c 0023     		movs	r3, #0
 1660 001e 80F83C30 		strb	r3, [r0, #60]
 1661 0022 1846     		mov	r0, r3
 1662 0024 7047     		bx	lr
 1663              	.L182:
 1664 0026 0220     		movs	r0, #2
 1665 0028 7047     		bx	lr
 1667              		.section	.text.HAL_TIM_ConfigTI1Input,"ax",%progbits
 1668              		.align	1
 1669              		.global	HAL_TIM_ConfigTI1Input
 1670              		.syntax unified
 1671              		.thumb
 1672              		.thumb_func
 1674              	HAL_TIM_ConfigTI1Input:
 1675              		@ args = 0, pretend = 0, frame = 0
 1676              		@ frame_needed = 0, uses_anonymous_args = 0
 1677              		@ link register save eliminated.
ARM GAS  /tmp/ccdsbe5x.s 			page 29


 1678 0000 0268     		ldr	r2, [r0]
 1679 0002 5368     		ldr	r3, [r2, #4]
 1680 0004 23F08003 		bic	r3, r3, #128
 1681 0008 0B43     		orrs	r3, r3, r1
 1682 000a 5360     		str	r3, [r2, #4]
 1683 000c 0020     		movs	r0, #0
 1684 000e 7047     		bx	lr
 1686              		.section	.text.HAL_TIM_ReadCapturedValue,"ax",%progbits
 1687              		.align	1
 1688              		.global	HAL_TIM_ReadCapturedValue
 1689              		.syntax unified
 1690              		.thumb
 1691              		.thumb_func
 1693              	HAL_TIM_ReadCapturedValue:
 1694              		@ args = 0, pretend = 0, frame = 0
 1695              		@ frame_needed = 0, uses_anonymous_args = 0
 1696              		@ link register save eliminated.
 1697 0000 0C29     		cmp	r1, #12
 1698 0002 14D8     		bhi	.L191
 1699 0004 DFE801F0 		tbb	[pc, r1]
 1700              	.L187:
 1701 0008 07       		.byte	(.L190-.L187)/2
 1702 0009 13       		.byte	(.L191-.L187)/2
 1703 000a 13       		.byte	(.L191-.L187)/2
 1704 000b 13       		.byte	(.L191-.L187)/2
 1705 000c 0A       		.byte	(.L189-.L187)/2
 1706 000d 13       		.byte	(.L191-.L187)/2
 1707 000e 13       		.byte	(.L191-.L187)/2
 1708 000f 13       		.byte	(.L191-.L187)/2
 1709 0010 0D       		.byte	(.L188-.L187)/2
 1710 0011 13       		.byte	(.L191-.L187)/2
 1711 0012 13       		.byte	(.L191-.L187)/2
 1712 0013 13       		.byte	(.L191-.L187)/2
 1713 0014 10       		.byte	(.L186-.L187)/2
 1714 0015 00       		.p2align 1
 1715              	.L190:
 1716 0016 0368     		ldr	r3, [r0]
 1717 0018 586B     		ldr	r0, [r3, #52]
 1718 001a 7047     		bx	lr
 1719              	.L189:
 1720 001c 0368     		ldr	r3, [r0]
 1721 001e 986B     		ldr	r0, [r3, #56]
 1722 0020 7047     		bx	lr
 1723              	.L188:
 1724 0022 0368     		ldr	r3, [r0]
 1725 0024 D86B     		ldr	r0, [r3, #60]
 1726 0026 7047     		bx	lr
 1727              	.L186:
 1728 0028 0368     		ldr	r3, [r0]
 1729 002a 186C     		ldr	r0, [r3, #64]
 1730 002c 7047     		bx	lr
 1731              	.L191:
 1732 002e 0020     		movs	r0, #0
 1733 0030 7047     		bx	lr
 1735              		.section	.text.HAL_TIM_PeriodElapsedCallback,"ax",%progbits
 1736              		.align	1
 1737              		.weak	HAL_TIM_PeriodElapsedCallback
ARM GAS  /tmp/ccdsbe5x.s 			page 30


 1738              		.syntax unified
 1739              		.thumb
 1740              		.thumb_func
 1742              	HAL_TIM_PeriodElapsedCallback:
 1743              		@ args = 0, pretend = 0, frame = 0
 1744              		@ frame_needed = 0, uses_anonymous_args = 0
 1745              		@ link register save eliminated.
 1746 0000 7047     		bx	lr
 1748              		.section	.text.TIM_DMAPeriodElapsedCplt,"ax",%progbits
 1749              		.align	1
 1750              		.syntax unified
 1751              		.thumb
 1752              		.thumb_func
 1754              	TIM_DMAPeriodElapsedCplt:
 1755              		@ args = 0, pretend = 0, frame = 0
 1756              		@ frame_needed = 0, uses_anonymous_args = 0
 1757 0000 08B5     		push	{r3, lr}
 1758 0002 406A     		ldr	r0, [r0, #36]
 1759 0004 036A     		ldr	r3, [r0, #32]
 1760 0006 9B69     		ldr	r3, [r3, #24]
 1761 0008 13B9     		cbnz	r3, .L194
 1762 000a 0123     		movs	r3, #1
 1763 000c 80F83D30 		strb	r3, [r0, #61]
 1764              	.L194:
 1765 0010 FFF7FEFF 		bl	HAL_TIM_PeriodElapsedCallback
 1766 0014 08BD     		pop	{r3, pc}
 1768              		.section	.text.HAL_TIM_PeriodElapsedHalfCpltCallback,"ax",%progbits
 1769              		.align	1
 1770              		.weak	HAL_TIM_PeriodElapsedHalfCpltCallback
 1771              		.syntax unified
 1772              		.thumb
 1773              		.thumb_func
 1775              	HAL_TIM_PeriodElapsedHalfCpltCallback:
 1776              		@ args = 0, pretend = 0, frame = 0
 1777              		@ frame_needed = 0, uses_anonymous_args = 0
 1778              		@ link register save eliminated.
 1779 0000 7047     		bx	lr
 1781              		.section	.text.TIM_DMAPeriodElapsedHalfCplt,"ax",%progbits
 1782              		.align	1
 1783              		.syntax unified
 1784              		.thumb
 1785              		.thumb_func
 1787              	TIM_DMAPeriodElapsedHalfCplt:
 1788              		@ args = 0, pretend = 0, frame = 0
 1789              		@ frame_needed = 0, uses_anonymous_args = 0
 1790 0000 08B5     		push	{r3, lr}
 1791 0002 406A     		ldr	r0, [r0, #36]
 1792 0004 FFF7FEFF 		bl	HAL_TIM_PeriodElapsedHalfCpltCallback
 1793 0008 08BD     		pop	{r3, pc}
 1795              		.section	.text.HAL_TIM_OC_DelayElapsedCallback,"ax",%progbits
 1796              		.align	1
 1797              		.weak	HAL_TIM_OC_DelayElapsedCallback
 1798              		.syntax unified
 1799              		.thumb
 1800              		.thumb_func
 1802              	HAL_TIM_OC_DelayElapsedCallback:
 1803              		@ args = 0, pretend = 0, frame = 0
ARM GAS  /tmp/ccdsbe5x.s 			page 31


 1804              		@ frame_needed = 0, uses_anonymous_args = 0
 1805              		@ link register save eliminated.
 1806 0000 7047     		bx	lr
 1808              		.section	.text.HAL_TIM_IC_CaptureCallback,"ax",%progbits
 1809              		.align	1
 1810              		.weak	HAL_TIM_IC_CaptureCallback
 1811              		.syntax unified
 1812              		.thumb
 1813              		.thumb_func
 1815              	HAL_TIM_IC_CaptureCallback:
 1816              		@ args = 0, pretend = 0, frame = 0
 1817              		@ frame_needed = 0, uses_anonymous_args = 0
 1818              		@ link register save eliminated.
 1819 0000 7047     		bx	lr
 1821              		.section	.text.TIM_DMACaptureCplt,"ax",%progbits
 1822              		.align	1
 1823              		.global	TIM_DMACaptureCplt
 1824              		.syntax unified
 1825              		.thumb
 1826              		.thumb_func
 1828              	TIM_DMACaptureCplt:
 1829              		@ args = 0, pretend = 0, frame = 0
 1830              		@ frame_needed = 0, uses_anonymous_args = 0
 1831 0000 10B5     		push	{r4, lr}
 1832 0002 446A     		ldr	r4, [r0, #36]
 1833 0004 636A     		ldr	r3, [r4, #36]
 1834 0006 8342     		cmp	r3, r0
 1835 0008 0ED0     		beq	.L207
 1836 000a A36A     		ldr	r3, [r4, #40]
 1837 000c 8342     		cmp	r3, r0
 1838 000e 16D0     		beq	.L208
 1839 0010 E36A     		ldr	r3, [r4, #44]
 1840 0012 8342     		cmp	r3, r0
 1841 0014 1ED0     		beq	.L209
 1842 0016 236B     		ldr	r3, [r4, #48]
 1843 0018 8342     		cmp	r3, r0
 1844 001a 26D0     		beq	.L210
 1845              	.L203:
 1846 001c 2046     		mov	r0, r4
 1847 001e FFF7FEFF 		bl	HAL_TIM_IC_CaptureCallback
 1848 0022 0023     		movs	r3, #0
 1849 0024 2377     		strb	r3, [r4, #28]
 1850 0026 10BD     		pop	{r4, pc}
 1851              	.L207:
 1852 0028 0123     		movs	r3, #1
 1853 002a 2377     		strb	r3, [r4, #28]
 1854 002c 8369     		ldr	r3, [r0, #24]
 1855 002e 002B     		cmp	r3, #0
 1856 0030 F4D1     		bne	.L203
 1857 0032 0123     		movs	r3, #1
 1858 0034 84F83E30 		strb	r3, [r4, #62]
 1859 0038 84F84230 		strb	r3, [r4, #66]
 1860 003c EEE7     		b	.L203
 1861              	.L208:
 1862 003e 0223     		movs	r3, #2
 1863 0040 2377     		strb	r3, [r4, #28]
 1864 0042 8369     		ldr	r3, [r0, #24]
ARM GAS  /tmp/ccdsbe5x.s 			page 32


 1865 0044 002B     		cmp	r3, #0
 1866 0046 E9D1     		bne	.L203
 1867 0048 0123     		movs	r3, #1
 1868 004a 84F83F30 		strb	r3, [r4, #63]
 1869 004e 84F84330 		strb	r3, [r4, #67]
 1870 0052 E3E7     		b	.L203
 1871              	.L209:
 1872 0054 0423     		movs	r3, #4
 1873 0056 2377     		strb	r3, [r4, #28]
 1874 0058 8369     		ldr	r3, [r0, #24]
 1875 005a 002B     		cmp	r3, #0
 1876 005c DED1     		bne	.L203
 1877 005e 0123     		movs	r3, #1
 1878 0060 84F84030 		strb	r3, [r4, #64]
 1879 0064 84F84430 		strb	r3, [r4, #68]
 1880 0068 D8E7     		b	.L203
 1881              	.L210:
 1882 006a 0823     		movs	r3, #8
 1883 006c 2377     		strb	r3, [r4, #28]
 1884 006e 8369     		ldr	r3, [r0, #24]
 1885 0070 002B     		cmp	r3, #0
 1886 0072 D3D1     		bne	.L203
 1887 0074 0123     		movs	r3, #1
 1888 0076 84F84130 		strb	r3, [r4, #65]
 1889 007a 84F84530 		strb	r3, [r4, #69]
 1890 007e CDE7     		b	.L203
 1892              		.section	.text.HAL_TIM_IC_CaptureHalfCpltCallback,"ax",%progbits
 1893              		.align	1
 1894              		.weak	HAL_TIM_IC_CaptureHalfCpltCallback
 1895              		.syntax unified
 1896              		.thumb
 1897              		.thumb_func
 1899              	HAL_TIM_IC_CaptureHalfCpltCallback:
 1900              		@ args = 0, pretend = 0, frame = 0
 1901              		@ frame_needed = 0, uses_anonymous_args = 0
 1902              		@ link register save eliminated.
 1903 0000 7047     		bx	lr
 1905              		.section	.text.TIM_DMACaptureHalfCplt,"ax",%progbits
 1906              		.align	1
 1907              		.global	TIM_DMACaptureHalfCplt
 1908              		.syntax unified
 1909              		.thumb
 1910              		.thumb_func
 1912              	TIM_DMACaptureHalfCplt:
 1913              		@ args = 0, pretend = 0, frame = 0
 1914              		@ frame_needed = 0, uses_anonymous_args = 0
 1915 0000 10B5     		push	{r4, lr}
 1916 0002 446A     		ldr	r4, [r0, #36]
 1917 0004 636A     		ldr	r3, [r4, #36]
 1918 0006 8342     		cmp	r3, r0
 1919 0008 0BD0     		beq	.L218
 1920 000a A36A     		ldr	r3, [r4, #40]
 1921 000c 8342     		cmp	r3, r0
 1922 000e 10D0     		beq	.L219
 1923 0010 E36A     		ldr	r3, [r4, #44]
 1924 0012 8342     		cmp	r3, r0
 1925 0014 10D0     		beq	.L220
ARM GAS  /tmp/ccdsbe5x.s 			page 33


 1926 0016 236B     		ldr	r3, [r4, #48]
 1927 0018 8342     		cmp	r3, r0
 1928 001a 04D1     		bne	.L214
 1929 001c 0823     		movs	r3, #8
 1930 001e 2377     		strb	r3, [r4, #28]
 1931 0020 01E0     		b	.L214
 1932              	.L218:
 1933 0022 0123     		movs	r3, #1
 1934 0024 2377     		strb	r3, [r4, #28]
 1935              	.L214:
 1936 0026 2046     		mov	r0, r4
 1937 0028 FFF7FEFF 		bl	HAL_TIM_IC_CaptureHalfCpltCallback
 1938 002c 0023     		movs	r3, #0
 1939 002e 2377     		strb	r3, [r4, #28]
 1940 0030 10BD     		pop	{r4, pc}
 1941              	.L219:
 1942 0032 0223     		movs	r3, #2
 1943 0034 2377     		strb	r3, [r4, #28]
 1944 0036 F6E7     		b	.L214
 1945              	.L220:
 1946 0038 0423     		movs	r3, #4
 1947 003a 2377     		strb	r3, [r4, #28]
 1948 003c F3E7     		b	.L214
 1950              		.section	.text.HAL_TIM_PWM_PulseFinishedCallback,"ax",%progbits
 1951              		.align	1
 1952              		.weak	HAL_TIM_PWM_PulseFinishedCallback
 1953              		.syntax unified
 1954              		.thumb
 1955              		.thumb_func
 1957              	HAL_TIM_PWM_PulseFinishedCallback:
 1958              		@ args = 0, pretend = 0, frame = 0
 1959              		@ frame_needed = 0, uses_anonymous_args = 0
 1960              		@ link register save eliminated.
 1961 0000 7047     		bx	lr
 1963              		.section	.text.TIM_DMADelayPulseCplt,"ax",%progbits
 1964              		.align	1
 1965              		.syntax unified
 1966              		.thumb
 1967              		.thumb_func
 1969              	TIM_DMADelayPulseCplt:
 1970              		@ args = 0, pretend = 0, frame = 0
 1971              		@ frame_needed = 0, uses_anonymous_args = 0
 1972 0000 10B5     		push	{r4, lr}
 1973 0002 446A     		ldr	r4, [r0, #36]
 1974 0004 636A     		ldr	r3, [r4, #36]
 1975 0006 8342     		cmp	r3, r0
 1976 0008 0ED0     		beq	.L228
 1977 000a A36A     		ldr	r3, [r4, #40]
 1978 000c 8342     		cmp	r3, r0
 1979 000e 14D0     		beq	.L229
 1980 0010 E36A     		ldr	r3, [r4, #44]
 1981 0012 8342     		cmp	r3, r0
 1982 0014 1AD0     		beq	.L230
 1983 0016 236B     		ldr	r3, [r4, #48]
 1984 0018 8342     		cmp	r3, r0
 1985 001a 20D0     		beq	.L231
 1986              	.L224:
ARM GAS  /tmp/ccdsbe5x.s 			page 34


 1987 001c 2046     		mov	r0, r4
 1988 001e FFF7FEFF 		bl	HAL_TIM_PWM_PulseFinishedCallback
 1989 0022 0023     		movs	r3, #0
 1990 0024 2377     		strb	r3, [r4, #28]
 1991 0026 10BD     		pop	{r4, pc}
 1992              	.L228:
 1993 0028 0123     		movs	r3, #1
 1994 002a 2377     		strb	r3, [r4, #28]
 1995 002c 8369     		ldr	r3, [r0, #24]
 1996 002e 002B     		cmp	r3, #0
 1997 0030 F4D1     		bne	.L224
 1998 0032 0123     		movs	r3, #1
 1999 0034 84F83E30 		strb	r3, [r4, #62]
 2000 0038 F0E7     		b	.L224
 2001              	.L229:
 2002 003a 0223     		movs	r3, #2
 2003 003c 2377     		strb	r3, [r4, #28]
 2004 003e 8369     		ldr	r3, [r0, #24]
 2005 0040 002B     		cmp	r3, #0
 2006 0042 EBD1     		bne	.L224
 2007 0044 0123     		movs	r3, #1
 2008 0046 84F83F30 		strb	r3, [r4, #63]
 2009 004a E7E7     		b	.L224
 2010              	.L230:
 2011 004c 0423     		movs	r3, #4
 2012 004e 2377     		strb	r3, [r4, #28]
 2013 0050 8369     		ldr	r3, [r0, #24]
 2014 0052 002B     		cmp	r3, #0
 2015 0054 E2D1     		bne	.L224
 2016 0056 0123     		movs	r3, #1
 2017 0058 84F84030 		strb	r3, [r4, #64]
 2018 005c DEE7     		b	.L224
 2019              	.L231:
 2020 005e 0823     		movs	r3, #8
 2021 0060 2377     		strb	r3, [r4, #28]
 2022 0062 8369     		ldr	r3, [r0, #24]
 2023 0064 002B     		cmp	r3, #0
 2024 0066 D9D1     		bne	.L224
 2025 0068 0123     		movs	r3, #1
 2026 006a 84F84130 		strb	r3, [r4, #65]
 2027 006e D5E7     		b	.L224
 2029              		.section	.text.HAL_TIM_PWM_PulseFinishedHalfCpltCallback,"ax",%progbits
 2030              		.align	1
 2031              		.weak	HAL_TIM_PWM_PulseFinishedHalfCpltCallback
 2032              		.syntax unified
 2033              		.thumb
 2034              		.thumb_func
 2036              	HAL_TIM_PWM_PulseFinishedHalfCpltCallback:
 2037              		@ args = 0, pretend = 0, frame = 0
 2038              		@ frame_needed = 0, uses_anonymous_args = 0
 2039              		@ link register save eliminated.
 2040 0000 7047     		bx	lr
 2042              		.section	.text.TIM_DMADelayPulseHalfCplt,"ax",%progbits
 2043              		.align	1
 2044              		.global	TIM_DMADelayPulseHalfCplt
 2045              		.syntax unified
 2046              		.thumb
ARM GAS  /tmp/ccdsbe5x.s 			page 35


 2047              		.thumb_func
 2049              	TIM_DMADelayPulseHalfCplt:
 2050              		@ args = 0, pretend = 0, frame = 0
 2051              		@ frame_needed = 0, uses_anonymous_args = 0
 2052 0000 10B5     		push	{r4, lr}
 2053 0002 446A     		ldr	r4, [r0, #36]
 2054 0004 636A     		ldr	r3, [r4, #36]
 2055 0006 8342     		cmp	r3, r0
 2056 0008 0BD0     		beq	.L239
 2057 000a A36A     		ldr	r3, [r4, #40]
 2058 000c 8342     		cmp	r3, r0
 2059 000e 10D0     		beq	.L240
 2060 0010 E36A     		ldr	r3, [r4, #44]
 2061 0012 8342     		cmp	r3, r0
 2062 0014 10D0     		beq	.L241
 2063 0016 236B     		ldr	r3, [r4, #48]
 2064 0018 8342     		cmp	r3, r0
 2065 001a 04D1     		bne	.L235
 2066 001c 0823     		movs	r3, #8
 2067 001e 2377     		strb	r3, [r4, #28]
 2068 0020 01E0     		b	.L235
 2069              	.L239:
 2070 0022 0123     		movs	r3, #1
 2071 0024 2377     		strb	r3, [r4, #28]
 2072              	.L235:
 2073 0026 2046     		mov	r0, r4
 2074 0028 FFF7FEFF 		bl	HAL_TIM_PWM_PulseFinishedHalfCpltCallback
 2075 002c 0023     		movs	r3, #0
 2076 002e 2377     		strb	r3, [r4, #28]
 2077 0030 10BD     		pop	{r4, pc}
 2078              	.L240:
 2079 0032 0223     		movs	r3, #2
 2080 0034 2377     		strb	r3, [r4, #28]
 2081 0036 F6E7     		b	.L235
 2082              	.L241:
 2083 0038 0423     		movs	r3, #4
 2084 003a 2377     		strb	r3, [r4, #28]
 2085 003c F3E7     		b	.L235
 2087              		.section	.text.HAL_TIM_TriggerCallback,"ax",%progbits
 2088              		.align	1
 2089              		.weak	HAL_TIM_TriggerCallback
 2090              		.syntax unified
 2091              		.thumb
 2092              		.thumb_func
 2094              	HAL_TIM_TriggerCallback:
 2095              		@ args = 0, pretend = 0, frame = 0
 2096              		@ frame_needed = 0, uses_anonymous_args = 0
 2097              		@ link register save eliminated.
 2098 0000 7047     		bx	lr
 2100              		.section	.text.HAL_TIM_IRQHandler,"ax",%progbits
 2101              		.align	1
 2102              		.global	HAL_TIM_IRQHandler
 2103              		.syntax unified
 2104              		.thumb
 2105              		.thumb_func
 2107              	HAL_TIM_IRQHandler:
 2108              		@ args = 0, pretend = 0, frame = 0
ARM GAS  /tmp/ccdsbe5x.s 			page 36


 2109              		@ frame_needed = 0, uses_anonymous_args = 0
 2110 0000 70B5     		push	{r4, r5, r6, lr}
 2111 0002 0446     		mov	r4, r0
 2112 0004 0368     		ldr	r3, [r0]
 2113 0006 DE68     		ldr	r6, [r3, #12]
 2114 0008 1D69     		ldr	r5, [r3, #16]
 2115 000a 15F0020F 		tst	r5, #2
 2116 000e 10D0     		beq	.L244
 2117 0010 16F0020F 		tst	r6, #2
 2118 0014 0DD0     		beq	.L244
 2119 0016 6FF00202 		mvn	r2, #2
 2120 001a 1A61     		str	r2, [r3, #16]
 2121 001c 0123     		movs	r3, #1
 2122 001e 0377     		strb	r3, [r0, #28]
 2123 0020 0368     		ldr	r3, [r0]
 2124 0022 9B69     		ldr	r3, [r3, #24]
 2125 0024 13F0030F 		tst	r3, #3
 2126 0028 5ED0     		beq	.L245
 2127 002a FFF7FEFF 		bl	HAL_TIM_IC_CaptureCallback
 2128              	.L246:
 2129 002e 0023     		movs	r3, #0
 2130 0030 2377     		strb	r3, [r4, #28]
 2131              	.L244:
 2132 0032 15F0040F 		tst	r5, #4
 2133 0036 12D0     		beq	.L247
 2134 0038 16F0040F 		tst	r6, #4
 2135 003c 0FD0     		beq	.L247
 2136 003e 2368     		ldr	r3, [r4]
 2137 0040 6FF00402 		mvn	r2, #4
 2138 0044 1A61     		str	r2, [r3, #16]
 2139 0046 0223     		movs	r3, #2
 2140 0048 2377     		strb	r3, [r4, #28]
 2141 004a 2368     		ldr	r3, [r4]
 2142 004c 9B69     		ldr	r3, [r3, #24]
 2143 004e 13F4407F 		tst	r3, #768
 2144 0052 4FD0     		beq	.L248
 2145 0054 2046     		mov	r0, r4
 2146 0056 FFF7FEFF 		bl	HAL_TIM_IC_CaptureCallback
 2147              	.L249:
 2148 005a 0023     		movs	r3, #0
 2149 005c 2377     		strb	r3, [r4, #28]
 2150              	.L247:
 2151 005e 15F0080F 		tst	r5, #8
 2152 0062 12D0     		beq	.L250
 2153 0064 16F0080F 		tst	r6, #8
 2154 0068 0FD0     		beq	.L250
 2155 006a 2368     		ldr	r3, [r4]
 2156 006c 6FF00802 		mvn	r2, #8
 2157 0070 1A61     		str	r2, [r3, #16]
 2158 0072 0423     		movs	r3, #4
 2159 0074 2377     		strb	r3, [r4, #28]
 2160 0076 2368     		ldr	r3, [r4]
 2161 0078 DB69     		ldr	r3, [r3, #28]
 2162 007a 13F0030F 		tst	r3, #3
 2163 007e 40D0     		beq	.L251
 2164 0080 2046     		mov	r0, r4
 2165 0082 FFF7FEFF 		bl	HAL_TIM_IC_CaptureCallback
ARM GAS  /tmp/ccdsbe5x.s 			page 37


 2166              	.L252:
 2167 0086 0023     		movs	r3, #0
 2168 0088 2377     		strb	r3, [r4, #28]
 2169              	.L250:
 2170 008a 15F0100F 		tst	r5, #16
 2171 008e 12D0     		beq	.L253
 2172 0090 16F0100F 		tst	r6, #16
 2173 0094 0FD0     		beq	.L253
 2174 0096 2368     		ldr	r3, [r4]
 2175 0098 6FF01002 		mvn	r2, #16
 2176 009c 1A61     		str	r2, [r3, #16]
 2177 009e 0823     		movs	r3, #8
 2178 00a0 2377     		strb	r3, [r4, #28]
 2179 00a2 2368     		ldr	r3, [r4]
 2180 00a4 DB69     		ldr	r3, [r3, #28]
 2181 00a6 13F4407F 		tst	r3, #768
 2182 00aa 31D0     		beq	.L254
 2183 00ac 2046     		mov	r0, r4
 2184 00ae FFF7FEFF 		bl	HAL_TIM_IC_CaptureCallback
 2185              	.L255:
 2186 00b2 0023     		movs	r3, #0
 2187 00b4 2377     		strb	r3, [r4, #28]
 2188              	.L253:
 2189 00b6 15F0010F 		tst	r5, #1
 2190 00ba 02D0     		beq	.L256
 2191 00bc 16F0010F 		tst	r6, #1
 2192 00c0 2DD1     		bne	.L261
 2193              	.L256:
 2194 00c2 15F0800F 		tst	r5, #128
 2195 00c6 02D0     		beq	.L257
 2196 00c8 16F0800F 		tst	r6, #128
 2197 00cc 2FD1     		bne	.L262
 2198              	.L257:
 2199 00ce 15F0400F 		tst	r5, #64
 2200 00d2 02D0     		beq	.L258
 2201 00d4 16F0400F 		tst	r6, #64
 2202 00d8 31D1     		bne	.L263
 2203              	.L258:
 2204 00da 15F0200F 		tst	r5, #32
 2205 00de 02D0     		beq	.L243
 2206 00e0 16F0200F 		tst	r6, #32
 2207 00e4 33D1     		bne	.L264
 2208              	.L243:
 2209 00e6 70BD     		pop	{r4, r5, r6, pc}
 2210              	.L245:
 2211 00e8 FFF7FEFF 		bl	HAL_TIM_OC_DelayElapsedCallback
 2212 00ec 2046     		mov	r0, r4
 2213 00ee FFF7FEFF 		bl	HAL_TIM_PWM_PulseFinishedCallback
 2214 00f2 9CE7     		b	.L246
 2215              	.L248:
 2216 00f4 2046     		mov	r0, r4
 2217 00f6 FFF7FEFF 		bl	HAL_TIM_OC_DelayElapsedCallback
 2218 00fa 2046     		mov	r0, r4
 2219 00fc FFF7FEFF 		bl	HAL_TIM_PWM_PulseFinishedCallback
 2220 0100 ABE7     		b	.L249
 2221              	.L251:
 2222 0102 2046     		mov	r0, r4
ARM GAS  /tmp/ccdsbe5x.s 			page 38


 2223 0104 FFF7FEFF 		bl	HAL_TIM_OC_DelayElapsedCallback
 2224 0108 2046     		mov	r0, r4
 2225 010a FFF7FEFF 		bl	HAL_TIM_PWM_PulseFinishedCallback
 2226 010e BAE7     		b	.L252
 2227              	.L254:
 2228 0110 2046     		mov	r0, r4
 2229 0112 FFF7FEFF 		bl	HAL_TIM_OC_DelayElapsedCallback
 2230 0116 2046     		mov	r0, r4
 2231 0118 FFF7FEFF 		bl	HAL_TIM_PWM_PulseFinishedCallback
 2232 011c C9E7     		b	.L255
 2233              	.L261:
 2234 011e 2368     		ldr	r3, [r4]
 2235 0120 6FF00102 		mvn	r2, #1
 2236 0124 1A61     		str	r2, [r3, #16]
 2237 0126 2046     		mov	r0, r4
 2238 0128 FFF7FEFF 		bl	HAL_TIM_PeriodElapsedCallback
 2239 012c C9E7     		b	.L256
 2240              	.L262:
 2241 012e 2368     		ldr	r3, [r4]
 2242 0130 6FF08002 		mvn	r2, #128
 2243 0134 1A61     		str	r2, [r3, #16]
 2244 0136 2046     		mov	r0, r4
 2245 0138 FFF7FEFF 		bl	HAL_TIMEx_BreakCallback
 2246 013c C7E7     		b	.L257
 2247              	.L263:
 2248 013e 2368     		ldr	r3, [r4]
 2249 0140 6FF04002 		mvn	r2, #64
 2250 0144 1A61     		str	r2, [r3, #16]
 2251 0146 2046     		mov	r0, r4
 2252 0148 FFF7FEFF 		bl	HAL_TIM_TriggerCallback
 2253 014c C5E7     		b	.L258
 2254              	.L264:
 2255 014e 2368     		ldr	r3, [r4]
 2256 0150 6FF02002 		mvn	r2, #32
 2257 0154 1A61     		str	r2, [r3, #16]
 2258 0156 2046     		mov	r0, r4
 2259 0158 FFF7FEFF 		bl	HAL_TIMEx_CommutCallback
 2260 015c C3E7     		b	.L243
 2262              		.section	.text.TIM_DMATriggerCplt,"ax",%progbits
 2263              		.align	1
 2264              		.syntax unified
 2265              		.thumb
 2266              		.thumb_func
 2268              	TIM_DMATriggerCplt:
 2269              		@ args = 0, pretend = 0, frame = 0
 2270              		@ frame_needed = 0, uses_anonymous_args = 0
 2271 0000 08B5     		push	{r3, lr}
 2272 0002 406A     		ldr	r0, [r0, #36]
 2273 0004 836B     		ldr	r3, [r0, #56]
 2274 0006 9B69     		ldr	r3, [r3, #24]
 2275 0008 13B9     		cbnz	r3, .L266
 2276 000a 0123     		movs	r3, #1
 2277 000c 80F83D30 		strb	r3, [r0, #61]
 2278              	.L266:
 2279 0010 FFF7FEFF 		bl	HAL_TIM_TriggerCallback
 2280 0014 08BD     		pop	{r3, pc}
 2282              		.section	.text.HAL_TIM_TriggerHalfCpltCallback,"ax",%progbits
ARM GAS  /tmp/ccdsbe5x.s 			page 39


 2283              		.align	1
 2284              		.weak	HAL_TIM_TriggerHalfCpltCallback
 2285              		.syntax unified
 2286              		.thumb
 2287              		.thumb_func
 2289              	HAL_TIM_TriggerHalfCpltCallback:
 2290              		@ args = 0, pretend = 0, frame = 0
 2291              		@ frame_needed = 0, uses_anonymous_args = 0
 2292              		@ link register save eliminated.
 2293 0000 7047     		bx	lr
 2295              		.section	.text.TIM_DMATriggerHalfCplt,"ax",%progbits
 2296              		.align	1
 2297              		.syntax unified
 2298              		.thumb
 2299              		.thumb_func
 2301              	TIM_DMATriggerHalfCplt:
 2302              		@ args = 0, pretend = 0, frame = 0
 2303              		@ frame_needed = 0, uses_anonymous_args = 0
 2304 0000 08B5     		push	{r3, lr}
 2305 0002 406A     		ldr	r0, [r0, #36]
 2306 0004 FFF7FEFF 		bl	HAL_TIM_TriggerHalfCpltCallback
 2307 0008 08BD     		pop	{r3, pc}
 2309              		.section	.text.HAL_TIM_ErrorCallback,"ax",%progbits
 2310              		.align	1
 2311              		.weak	HAL_TIM_ErrorCallback
 2312              		.syntax unified
 2313              		.thumb
 2314              		.thumb_func
 2316              	HAL_TIM_ErrorCallback:
 2317              		@ args = 0, pretend = 0, frame = 0
 2318              		@ frame_needed = 0, uses_anonymous_args = 0
 2319              		@ link register save eliminated.
 2320 0000 7047     		bx	lr
 2322              		.section	.text.TIM_DMAError,"ax",%progbits
 2323              		.align	1
 2324              		.global	TIM_DMAError
 2325              		.syntax unified
 2326              		.thumb
 2327              		.thumb_func
 2329              	TIM_DMAError:
 2330              		@ args = 0, pretend = 0, frame = 0
 2331              		@ frame_needed = 0, uses_anonymous_args = 0
 2332 0000 10B5     		push	{r4, lr}
 2333 0002 446A     		ldr	r4, [r0, #36]
 2334 0004 636A     		ldr	r3, [r4, #36]
 2335 0006 8342     		cmp	r3, r0
 2336 0008 0CD0     		beq	.L279
 2337 000a A36A     		ldr	r3, [r4, #40]
 2338 000c 8342     		cmp	r3, r0
 2339 000e 13D0     		beq	.L280
 2340 0010 E36A     		ldr	r3, [r4, #44]
 2341 0012 8342     		cmp	r3, r0
 2342 0014 16D0     		beq	.L281
 2343 0016 236B     		ldr	r3, [r4, #48]
 2344 0018 8342     		cmp	r3, r0
 2345 001a 19D0     		beq	.L282
 2346 001c 0123     		movs	r3, #1
ARM GAS  /tmp/ccdsbe5x.s 			page 40


 2347 001e 84F83D30 		strb	r3, [r4, #61]
 2348 0022 03E0     		b	.L274
 2349              	.L279:
 2350 0024 0123     		movs	r3, #1
 2351 0026 2377     		strb	r3, [r4, #28]
 2352 0028 84F83E30 		strb	r3, [r4, #62]
 2353              	.L274:
 2354 002c 2046     		mov	r0, r4
 2355 002e FFF7FEFF 		bl	HAL_TIM_ErrorCallback
 2356 0032 0023     		movs	r3, #0
 2357 0034 2377     		strb	r3, [r4, #28]
 2358 0036 10BD     		pop	{r4, pc}
 2359              	.L280:
 2360 0038 0223     		movs	r3, #2
 2361 003a 2377     		strb	r3, [r4, #28]
 2362 003c 0123     		movs	r3, #1
 2363 003e 84F83F30 		strb	r3, [r4, #63]
 2364 0042 F3E7     		b	.L274
 2365              	.L281:
 2366 0044 0423     		movs	r3, #4
 2367 0046 2377     		strb	r3, [r4, #28]
 2368 0048 0123     		movs	r3, #1
 2369 004a 84F84030 		strb	r3, [r4, #64]
 2370 004e EDE7     		b	.L274
 2371              	.L282:
 2372 0050 0823     		movs	r3, #8
 2373 0052 2377     		strb	r3, [r4, #28]
 2374 0054 0123     		movs	r3, #1
 2375 0056 84F84130 		strb	r3, [r4, #65]
 2376 005a E7E7     		b	.L274
 2378              		.section	.text.HAL_TIM_Base_GetState,"ax",%progbits
 2379              		.align	1
 2380              		.global	HAL_TIM_Base_GetState
 2381              		.syntax unified
 2382              		.thumb
 2383              		.thumb_func
 2385              	HAL_TIM_Base_GetState:
 2386              		@ args = 0, pretend = 0, frame = 0
 2387              		@ frame_needed = 0, uses_anonymous_args = 0
 2388              		@ link register save eliminated.
 2389 0000 90F83D00 		ldrb	r0, [r0, #61]	@ zero_extendqisi2
 2390 0004 7047     		bx	lr
 2392              		.section	.text.HAL_TIM_OC_GetState,"ax",%progbits
 2393              		.align	1
 2394              		.global	HAL_TIM_OC_GetState
 2395              		.syntax unified
 2396              		.thumb
 2397              		.thumb_func
 2399              	HAL_TIM_OC_GetState:
 2400              		@ args = 0, pretend = 0, frame = 0
 2401              		@ frame_needed = 0, uses_anonymous_args = 0
 2402              		@ link register save eliminated.
 2403 0000 90F83D00 		ldrb	r0, [r0, #61]	@ zero_extendqisi2
 2404 0004 7047     		bx	lr
 2406              		.section	.text.HAL_TIM_PWM_GetState,"ax",%progbits
 2407              		.align	1
 2408              		.global	HAL_TIM_PWM_GetState
ARM GAS  /tmp/ccdsbe5x.s 			page 41


 2409              		.syntax unified
 2410              		.thumb
 2411              		.thumb_func
 2413              	HAL_TIM_PWM_GetState:
 2414              		@ args = 0, pretend = 0, frame = 0
 2415              		@ frame_needed = 0, uses_anonymous_args = 0
 2416              		@ link register save eliminated.
 2417 0000 90F83D00 		ldrb	r0, [r0, #61]	@ zero_extendqisi2
 2418 0004 7047     		bx	lr
 2420              		.section	.text.HAL_TIM_IC_GetState,"ax",%progbits
 2421              		.align	1
 2422              		.global	HAL_TIM_IC_GetState
 2423              		.syntax unified
 2424              		.thumb
 2425              		.thumb_func
 2427              	HAL_TIM_IC_GetState:
 2428              		@ args = 0, pretend = 0, frame = 0
 2429              		@ frame_needed = 0, uses_anonymous_args = 0
 2430              		@ link register save eliminated.
 2431 0000 90F83D00 		ldrb	r0, [r0, #61]	@ zero_extendqisi2
 2432 0004 7047     		bx	lr
 2434              		.section	.text.HAL_TIM_OnePulse_GetState,"ax",%progbits
 2435              		.align	1
 2436              		.global	HAL_TIM_OnePulse_GetState
 2437              		.syntax unified
 2438              		.thumb
 2439              		.thumb_func
 2441              	HAL_TIM_OnePulse_GetState:
 2442              		@ args = 0, pretend = 0, frame = 0
 2443              		@ frame_needed = 0, uses_anonymous_args = 0
 2444              		@ link register save eliminated.
 2445 0000 90F83D00 		ldrb	r0, [r0, #61]	@ zero_extendqisi2
 2446 0004 7047     		bx	lr
 2448              		.section	.text.HAL_TIM_Encoder_GetState,"ax",%progbits
 2449              		.align	1
 2450              		.global	HAL_TIM_Encoder_GetState
 2451              		.syntax unified
 2452              		.thumb
 2453              		.thumb_func
 2455              	HAL_TIM_Encoder_GetState:
 2456              		@ args = 0, pretend = 0, frame = 0
 2457              		@ frame_needed = 0, uses_anonymous_args = 0
 2458              		@ link register save eliminated.
 2459 0000 90F83D00 		ldrb	r0, [r0, #61]	@ zero_extendqisi2
 2460 0004 7047     		bx	lr
 2462              		.section	.text.HAL_TIM_GetActiveChannel,"ax",%progbits
 2463              		.align	1
 2464              		.global	HAL_TIM_GetActiveChannel
 2465              		.syntax unified
 2466              		.thumb
 2467              		.thumb_func
 2469              	HAL_TIM_GetActiveChannel:
 2470              		@ args = 0, pretend = 0, frame = 0
 2471              		@ frame_needed = 0, uses_anonymous_args = 0
 2472              		@ link register save eliminated.
 2473 0000 007F     		ldrb	r0, [r0, #28]	@ zero_extendqisi2
 2474 0002 7047     		bx	lr
ARM GAS  /tmp/ccdsbe5x.s 			page 42


 2476              		.section	.text.HAL_TIM_GetChannelState,"ax",%progbits
 2477              		.align	1
 2478              		.global	HAL_TIM_GetChannelState
 2479              		.syntax unified
 2480              		.thumb
 2481              		.thumb_func
 2483              	HAL_TIM_GetChannelState:
 2484              		@ args = 0, pretend = 0, frame = 0
 2485              		@ frame_needed = 0, uses_anonymous_args = 0
 2486              		@ link register save eliminated.
 2487 0000 19B9     		cbnz	r1, .L291
 2488 0002 90F83E00 		ldrb	r0, [r0, #62]	@ zero_extendqisi2
 2489 0006 C0B2     		uxtb	r0, r0
 2490 0008 7047     		bx	lr
 2491              	.L291:
 2492 000a 0429     		cmp	r1, #4
 2493 000c 05D0     		beq	.L295
 2494 000e 0829     		cmp	r1, #8
 2495 0010 07D0     		beq	.L296
 2496 0012 90F84100 		ldrb	r0, [r0, #65]	@ zero_extendqisi2
 2497 0016 C0B2     		uxtb	r0, r0
 2498 0018 7047     		bx	lr
 2499              	.L295:
 2500 001a 90F83F00 		ldrb	r0, [r0, #63]	@ zero_extendqisi2
 2501 001e C0B2     		uxtb	r0, r0
 2502 0020 7047     		bx	lr
 2503              	.L296:
 2504 0022 90F84000 		ldrb	r0, [r0, #64]	@ zero_extendqisi2
 2505 0026 C0B2     		uxtb	r0, r0
 2506 0028 7047     		bx	lr
 2508              		.section	.text.HAL_TIM_DMABurstState,"ax",%progbits
 2509              		.align	1
 2510              		.global	HAL_TIM_DMABurstState
 2511              		.syntax unified
 2512              		.thumb
 2513              		.thumb_func
 2515              	HAL_TIM_DMABurstState:
 2516              		@ args = 0, pretend = 0, frame = 0
 2517              		@ frame_needed = 0, uses_anonymous_args = 0
 2518              		@ link register save eliminated.
 2519 0000 90F84600 		ldrb	r0, [r0, #70]	@ zero_extendqisi2
 2520 0004 7047     		bx	lr
 2522              		.section	.text.TIM_Base_SetConfig,"ax",%progbits
 2523              		.align	1
 2524              		.global	TIM_Base_SetConfig
 2525              		.syntax unified
 2526              		.thumb
 2527              		.thumb_func
 2529              	TIM_Base_SetConfig:
 2530              		@ args = 0, pretend = 0, frame = 0
 2531              		@ frame_needed = 0, uses_anonymous_args = 0
 2532              		@ link register save eliminated.
 2533 0000 0368     		ldr	r3, [r0]
 2534 0002 1F4A     		ldr	r2, .L306
 2535 0004 9042     		cmp	r0, r2
 2536 0006 0AD0     		beq	.L299
 2537 0008 B0F1804F 		cmp	r0, #1073741824
ARM GAS  /tmp/ccdsbe5x.s 			page 43


 2538 000c 07D0     		beq	.L299
 2539 000e A2F59432 		sub	r2, r2, #75776
 2540 0012 9042     		cmp	r0, r2
 2541 0014 03D0     		beq	.L299
 2542 0016 02F58062 		add	r2, r2, #1024
 2543 001a 9042     		cmp	r0, r2
 2544 001c 03D1     		bne	.L300
 2545              	.L299:
 2546 001e 23F07003 		bic	r3, r3, #112
 2547 0022 4A68     		ldr	r2, [r1, #4]
 2548 0024 1343     		orrs	r3, r3, r2
 2549              	.L300:
 2550 0026 164A     		ldr	r2, .L306
 2551 0028 9042     		cmp	r0, r2
 2552 002a 0AD0     		beq	.L301
 2553 002c B0F1804F 		cmp	r0, #1073741824
 2554 0030 07D0     		beq	.L301
 2555 0032 A2F59432 		sub	r2, r2, #75776
 2556 0036 9042     		cmp	r0, r2
 2557 0038 03D0     		beq	.L301
 2558 003a 02F58062 		add	r2, r2, #1024
 2559 003e 9042     		cmp	r0, r2
 2560 0040 03D1     		bne	.L302
 2561              	.L301:
 2562 0042 23F44073 		bic	r3, r3, #768
 2563 0046 CA68     		ldr	r2, [r1, #12]
 2564 0048 1343     		orrs	r3, r3, r2
 2565              	.L302:
 2566 004a 23F08003 		bic	r3, r3, #128
 2567 004e 4A69     		ldr	r2, [r1, #20]
 2568 0050 1343     		orrs	r3, r3, r2
 2569 0052 0360     		str	r3, [r0]
 2570 0054 8B68     		ldr	r3, [r1, #8]
 2571 0056 C362     		str	r3, [r0, #44]
 2572 0058 0B68     		ldr	r3, [r1]
 2573 005a 8362     		str	r3, [r0, #40]
 2574 005c 084B     		ldr	r3, .L306
 2575 005e 9842     		cmp	r0, r3
 2576 0060 0AD0     		beq	.L305
 2577              	.L303:
 2578 0062 0123     		movs	r3, #1
 2579 0064 4361     		str	r3, [r0, #20]
 2580 0066 0369     		ldr	r3, [r0, #16]
 2581 0068 13F0010F 		tst	r3, #1
 2582 006c 03D0     		beq	.L298
 2583 006e 0369     		ldr	r3, [r0, #16]
 2584 0070 23F00103 		bic	r3, r3, #1
 2585 0074 0361     		str	r3, [r0, #16]
 2586              	.L298:
 2587 0076 7047     		bx	lr
 2588              	.L305:
 2589 0078 0B69     		ldr	r3, [r1, #16]
 2590 007a 0363     		str	r3, [r0, #48]
 2591 007c F1E7     		b	.L303
 2592              	.L307:
 2593 007e 00BF     		.align	2
 2594              	.L306:
ARM GAS  /tmp/ccdsbe5x.s 			page 44


 2595 0080 002C0140 		.word	1073818624
 2597              		.section	.text.HAL_TIM_Base_Init,"ax",%progbits
 2598              		.align	1
 2599              		.global	HAL_TIM_Base_Init
 2600              		.syntax unified
 2601              		.thumb
 2602              		.thumb_func
 2604              	HAL_TIM_Base_Init:
 2605              		@ args = 0, pretend = 0, frame = 0
 2606              		@ frame_needed = 0, uses_anonymous_args = 0
 2607 0000 40B3     		cbz	r0, .L311
 2608 0002 10B5     		push	{r4, lr}
 2609 0004 0446     		mov	r4, r0
 2610 0006 90F83D30 		ldrb	r3, [r0, #61]	@ zero_extendqisi2
 2611 000a F3B1     		cbz	r3, .L316
 2612              	.L310:
 2613 000c 0223     		movs	r3, #2
 2614 000e 84F83D30 		strb	r3, [r4, #61]
 2615 0012 2146     		mov	r1, r4
 2616 0014 51F8040B 		ldr	r0, [r1], #4
 2617 0018 FFF7FEFF 		bl	TIM_Base_SetConfig
 2618 001c 0123     		movs	r3, #1
 2619 001e 84F84630 		strb	r3, [r4, #70]
 2620 0022 84F83E30 		strb	r3, [r4, #62]
 2621 0026 84F83F30 		strb	r3, [r4, #63]
 2622 002a 84F84030 		strb	r3, [r4, #64]
 2623 002e 84F84130 		strb	r3, [r4, #65]
 2624 0032 84F84230 		strb	r3, [r4, #66]
 2625 0036 84F84330 		strb	r3, [r4, #67]
 2626 003a 84F84430 		strb	r3, [r4, #68]
 2627 003e 84F84530 		strb	r3, [r4, #69]
 2628 0042 84F83D30 		strb	r3, [r4, #61]
 2629 0046 0020     		movs	r0, #0
 2630 0048 10BD     		pop	{r4, pc}
 2631              	.L316:
 2632 004a 80F83C30 		strb	r3, [r0, #60]
 2633 004e FFF7FEFF 		bl	HAL_TIM_Base_MspInit
 2634 0052 DBE7     		b	.L310
 2635              	.L311:
 2636 0054 0120     		movs	r0, #1
 2637 0056 7047     		bx	lr
 2639              		.section	.text.HAL_TIM_OC_Init,"ax",%progbits
 2640              		.align	1
 2641              		.global	HAL_TIM_OC_Init
 2642              		.syntax unified
 2643              		.thumb
 2644              		.thumb_func
 2646              	HAL_TIM_OC_Init:
 2647              		@ args = 0, pretend = 0, frame = 0
 2648              		@ frame_needed = 0, uses_anonymous_args = 0
 2649 0000 40B3     		cbz	r0, .L320
 2650 0002 10B5     		push	{r4, lr}
 2651 0004 0446     		mov	r4, r0
 2652 0006 90F83D30 		ldrb	r3, [r0, #61]	@ zero_extendqisi2
 2653 000a F3B1     		cbz	r3, .L325
 2654              	.L319:
 2655 000c 0223     		movs	r3, #2
ARM GAS  /tmp/ccdsbe5x.s 			page 45


 2656 000e 84F83D30 		strb	r3, [r4, #61]
 2657 0012 2146     		mov	r1, r4
 2658 0014 51F8040B 		ldr	r0, [r1], #4
 2659 0018 FFF7FEFF 		bl	TIM_Base_SetConfig
 2660 001c 0123     		movs	r3, #1
 2661 001e 84F84630 		strb	r3, [r4, #70]
 2662 0022 84F83E30 		strb	r3, [r4, #62]
 2663 0026 84F83F30 		strb	r3, [r4, #63]
 2664 002a 84F84030 		strb	r3, [r4, #64]
 2665 002e 84F84130 		strb	r3, [r4, #65]
 2666 0032 84F84230 		strb	r3, [r4, #66]
 2667 0036 84F84330 		strb	r3, [r4, #67]
 2668 003a 84F84430 		strb	r3, [r4, #68]
 2669 003e 84F84530 		strb	r3, [r4, #69]
 2670 0042 84F83D30 		strb	r3, [r4, #61]
 2671 0046 0020     		movs	r0, #0
 2672 0048 10BD     		pop	{r4, pc}
 2673              	.L325:
 2674 004a 80F83C30 		strb	r3, [r0, #60]
 2675 004e FFF7FEFF 		bl	HAL_TIM_OC_MspInit
 2676 0052 DBE7     		b	.L319
 2677              	.L320:
 2678 0054 0120     		movs	r0, #1
 2679 0056 7047     		bx	lr
 2681              		.section	.text.HAL_TIM_PWM_Init,"ax",%progbits
 2682              		.align	1
 2683              		.global	HAL_TIM_PWM_Init
 2684              		.syntax unified
 2685              		.thumb
 2686              		.thumb_func
 2688              	HAL_TIM_PWM_Init:
 2689              		@ args = 0, pretend = 0, frame = 0
 2690              		@ frame_needed = 0, uses_anonymous_args = 0
 2691 0000 40B3     		cbz	r0, .L329
 2692 0002 10B5     		push	{r4, lr}
 2693 0004 0446     		mov	r4, r0
 2694 0006 90F83D30 		ldrb	r3, [r0, #61]	@ zero_extendqisi2
 2695 000a F3B1     		cbz	r3, .L334
 2696              	.L328:
 2697 000c 0223     		movs	r3, #2
 2698 000e 84F83D30 		strb	r3, [r4, #61]
 2699 0012 2146     		mov	r1, r4
 2700 0014 51F8040B 		ldr	r0, [r1], #4
 2701 0018 FFF7FEFF 		bl	TIM_Base_SetConfig
 2702 001c 0123     		movs	r3, #1
 2703 001e 84F84630 		strb	r3, [r4, #70]
 2704 0022 84F83E30 		strb	r3, [r4, #62]
 2705 0026 84F83F30 		strb	r3, [r4, #63]
 2706 002a 84F84030 		strb	r3, [r4, #64]
 2707 002e 84F84130 		strb	r3, [r4, #65]
 2708 0032 84F84230 		strb	r3, [r4, #66]
 2709 0036 84F84330 		strb	r3, [r4, #67]
 2710 003a 84F84430 		strb	r3, [r4, #68]
 2711 003e 84F84530 		strb	r3, [r4, #69]
 2712 0042 84F83D30 		strb	r3, [r4, #61]
 2713 0046 0020     		movs	r0, #0
 2714 0048 10BD     		pop	{r4, pc}
ARM GAS  /tmp/ccdsbe5x.s 			page 46


 2715              	.L334:
 2716 004a 80F83C30 		strb	r3, [r0, #60]
 2717 004e FFF7FEFF 		bl	HAL_TIM_PWM_MspInit
 2718 0052 DBE7     		b	.L328
 2719              	.L329:
 2720 0054 0120     		movs	r0, #1
 2721 0056 7047     		bx	lr
 2723              		.section	.text.HAL_TIM_IC_Init,"ax",%progbits
 2724              		.align	1
 2725              		.global	HAL_TIM_IC_Init
 2726              		.syntax unified
 2727              		.thumb
 2728              		.thumb_func
 2730              	HAL_TIM_IC_Init:
 2731              		@ args = 0, pretend = 0, frame = 0
 2732              		@ frame_needed = 0, uses_anonymous_args = 0
 2733 0000 40B3     		cbz	r0, .L338
 2734 0002 10B5     		push	{r4, lr}
 2735 0004 0446     		mov	r4, r0
 2736 0006 90F83D30 		ldrb	r3, [r0, #61]	@ zero_extendqisi2
 2737 000a F3B1     		cbz	r3, .L343
 2738              	.L337:
 2739 000c 0223     		movs	r3, #2
 2740 000e 84F83D30 		strb	r3, [r4, #61]
 2741 0012 2146     		mov	r1, r4
 2742 0014 51F8040B 		ldr	r0, [r1], #4
 2743 0018 FFF7FEFF 		bl	TIM_Base_SetConfig
 2744 001c 0123     		movs	r3, #1
 2745 001e 84F84630 		strb	r3, [r4, #70]
 2746 0022 84F83E30 		strb	r3, [r4, #62]
 2747 0026 84F83F30 		strb	r3, [r4, #63]
 2748 002a 84F84030 		strb	r3, [r4, #64]
 2749 002e 84F84130 		strb	r3, [r4, #65]
 2750 0032 84F84230 		strb	r3, [r4, #66]
 2751 0036 84F84330 		strb	r3, [r4, #67]
 2752 003a 84F84430 		strb	r3, [r4, #68]
 2753 003e 84F84530 		strb	r3, [r4, #69]
 2754 0042 84F83D30 		strb	r3, [r4, #61]
 2755 0046 0020     		movs	r0, #0
 2756 0048 10BD     		pop	{r4, pc}
 2757              	.L343:
 2758 004a 80F83C30 		strb	r3, [r0, #60]
 2759 004e FFF7FEFF 		bl	HAL_TIM_IC_MspInit
 2760 0052 DBE7     		b	.L337
 2761              	.L338:
 2762 0054 0120     		movs	r0, #1
 2763 0056 7047     		bx	lr
 2765              		.section	.text.HAL_TIM_OnePulse_Init,"ax",%progbits
 2766              		.align	1
 2767              		.global	HAL_TIM_OnePulse_Init
 2768              		.syntax unified
 2769              		.thumb
 2770              		.thumb_func
 2772              	HAL_TIM_OnePulse_Init:
 2773              		@ args = 0, pretend = 0, frame = 0
 2774              		@ frame_needed = 0, uses_anonymous_args = 0
 2775 0000 50B3     		cbz	r0, .L347
ARM GAS  /tmp/ccdsbe5x.s 			page 47


 2776 0002 38B5     		push	{r3, r4, r5, lr}
 2777 0004 0D46     		mov	r5, r1
 2778 0006 0446     		mov	r4, r0
 2779 0008 90F83D30 		ldrb	r3, [r0, #61]	@ zero_extendqisi2
 2780 000c FBB1     		cbz	r3, .L352
 2781              	.L346:
 2782 000e 0223     		movs	r3, #2
 2783 0010 84F83D30 		strb	r3, [r4, #61]
 2784 0014 2146     		mov	r1, r4
 2785 0016 51F8040B 		ldr	r0, [r1], #4
 2786 001a FFF7FEFF 		bl	TIM_Base_SetConfig
 2787 001e 2268     		ldr	r2, [r4]
 2788 0020 1368     		ldr	r3, [r2]
 2789 0022 23F00803 		bic	r3, r3, #8
 2790 0026 1360     		str	r3, [r2]
 2791 0028 2268     		ldr	r2, [r4]
 2792 002a 1368     		ldr	r3, [r2]
 2793 002c 2B43     		orrs	r3, r3, r5
 2794 002e 1360     		str	r3, [r2]
 2795 0030 0123     		movs	r3, #1
 2796 0032 84F84630 		strb	r3, [r4, #70]
 2797 0036 84F83E30 		strb	r3, [r4, #62]
 2798 003a 84F83F30 		strb	r3, [r4, #63]
 2799 003e 84F84230 		strb	r3, [r4, #66]
 2800 0042 84F84330 		strb	r3, [r4, #67]
 2801 0046 84F83D30 		strb	r3, [r4, #61]
 2802 004a 0020     		movs	r0, #0
 2803 004c 38BD     		pop	{r3, r4, r5, pc}
 2804              	.L352:
 2805 004e 80F83C30 		strb	r3, [r0, #60]
 2806 0052 FFF7FEFF 		bl	HAL_TIM_OnePulse_MspInit
 2807 0056 DAE7     		b	.L346
 2808              	.L347:
 2809 0058 0120     		movs	r0, #1
 2810 005a 7047     		bx	lr
 2812              		.section	.text.HAL_TIM_Encoder_Init,"ax",%progbits
 2813              		.align	1
 2814              		.global	HAL_TIM_Encoder_Init
 2815              		.syntax unified
 2816              		.thumb
 2817              		.thumb_func
 2819              	HAL_TIM_Encoder_Init:
 2820              		@ args = 0, pretend = 0, frame = 0
 2821              		@ frame_needed = 0, uses_anonymous_args = 0
 2822 0000 0028     		cmp	r0, #0
 2823 0002 56D0     		beq	.L356
 2824 0004 70B5     		push	{r4, r5, r6, lr}
 2825 0006 0D46     		mov	r5, r1
 2826 0008 0446     		mov	r4, r0
 2827 000a 90F83D30 		ldrb	r3, [r0, #61]	@ zero_extendqisi2
 2828 000e 002B     		cmp	r3, #0
 2829 0010 4AD0     		beq	.L361
 2830              	.L355:
 2831 0012 0223     		movs	r3, #2
 2832 0014 84F83D30 		strb	r3, [r4, #61]
 2833 0018 2268     		ldr	r2, [r4]
 2834 001a 9368     		ldr	r3, [r2, #8]
ARM GAS  /tmp/ccdsbe5x.s 			page 48


 2835 001c 23F48043 		bic	r3, r3, #16384
 2836 0020 23F00703 		bic	r3, r3, #7
 2837 0024 9360     		str	r3, [r2, #8]
 2838 0026 2146     		mov	r1, r4
 2839 0028 51F8040B 		ldr	r0, [r1], #4
 2840 002c FFF7FEFF 		bl	TIM_Base_SetConfig
 2841 0030 2168     		ldr	r1, [r4]
 2842 0032 8B68     		ldr	r3, [r1, #8]
 2843 0034 8A69     		ldr	r2, [r1, #24]
 2844 0036 0E6A     		ldr	r6, [r1, #32]
 2845 0038 2868     		ldr	r0, [r5]
 2846 003a 1843     		orrs	r0, r0, r3
 2847 003c 22F44072 		bic	r2, r2, #768
 2848 0040 22F00302 		bic	r2, r2, #3
 2849 0044 AB68     		ldr	r3, [r5, #8]
 2850 0046 D5F818C0 		ldr	ip, [r5, #24]
 2851 004a 43EA0C23 		orr	r3, r3, ip, lsl #8
 2852 004e 1343     		orrs	r3, r3, r2
 2853 0050 23F47C43 		bic	r3, r3, #64512
 2854 0054 23F0FC03 		bic	r3, r3, #252
 2855 0058 EA68     		ldr	r2, [r5, #12]
 2856 005a D5F81CC0 		ldr	ip, [r5, #28]
 2857 005e 42EA0C22 		orr	r2, r2, ip, lsl #8
 2858 0062 1A43     		orrs	r2, r2, r3
 2859 0064 2B6A     		ldr	r3, [r5, #32]
 2860 0066 1B03     		lsls	r3, r3, #12
 2861 0068 D5F810C0 		ldr	ip, [r5, #16]
 2862 006c 43EA0C13 		orr	r3, r3, ip, lsl #4
 2863 0070 1343     		orrs	r3, r3, r2
 2864 0072 26F02206 		bic	r6, r6, #34
 2865 0076 6A68     		ldr	r2, [r5, #4]
 2866 0078 6D69     		ldr	r5, [r5, #20]
 2867 007a 42EA0512 		orr	r2, r2, r5, lsl #4
 2868 007e 3243     		orrs	r2, r2, r6
 2869 0080 8860     		str	r0, [r1, #8]
 2870 0082 2168     		ldr	r1, [r4]
 2871 0084 8B61     		str	r3, [r1, #24]
 2872 0086 2368     		ldr	r3, [r4]
 2873 0088 1A62     		str	r2, [r3, #32]
 2874 008a 0123     		movs	r3, #1
 2875 008c 84F84630 		strb	r3, [r4, #70]
 2876 0090 84F83E30 		strb	r3, [r4, #62]
 2877 0094 84F83F30 		strb	r3, [r4, #63]
 2878 0098 84F84230 		strb	r3, [r4, #66]
 2879 009c 84F84330 		strb	r3, [r4, #67]
 2880 00a0 84F83D30 		strb	r3, [r4, #61]
 2881 00a4 0020     		movs	r0, #0
 2882 00a6 70BD     		pop	{r4, r5, r6, pc}
 2883              	.L361:
 2884 00a8 80F83C30 		strb	r3, [r0, #60]
 2885 00ac FFF7FEFF 		bl	HAL_TIM_Encoder_MspInit
 2886 00b0 AFE7     		b	.L355
 2887              	.L356:
 2888 00b2 0120     		movs	r0, #1
 2889 00b4 7047     		bx	lr
 2891              		.section	.text.TIM_OC2_SetConfig,"ax",%progbits
 2892              		.align	1
ARM GAS  /tmp/ccdsbe5x.s 			page 49


 2893              		.global	TIM_OC2_SetConfig
 2894              		.syntax unified
 2895              		.thumb
 2896              		.thumb_func
 2898              	TIM_OC2_SetConfig:
 2899              		@ args = 0, pretend = 0, frame = 0
 2900              		@ frame_needed = 0, uses_anonymous_args = 0
 2901              		@ link register save eliminated.
 2902 0000 30B4     		push	{r4, r5}
 2903 0002 036A     		ldr	r3, [r0, #32]
 2904 0004 026A     		ldr	r2, [r0, #32]
 2905 0006 22F01002 		bic	r2, r2, #16
 2906 000a 0262     		str	r2, [r0, #32]
 2907 000c 4468     		ldr	r4, [r0, #4]
 2908 000e 8269     		ldr	r2, [r0, #24]
 2909 0010 22F4E642 		bic	r2, r2, #29440
 2910 0014 0D68     		ldr	r5, [r1]
 2911 0016 42EA0522 		orr	r2, r2, r5, lsl #8
 2912 001a 23F02003 		bic	r3, r3, #32
 2913 001e 8D68     		ldr	r5, [r1, #8]
 2914 0020 43EA0513 		orr	r3, r3, r5, lsl #4
 2915 0024 0C4D     		ldr	r5, .L366
 2916 0026 A842     		cmp	r0, r5
 2917 0028 06D0     		beq	.L365
 2918              	.L363:
 2919 002a 4460     		str	r4, [r0, #4]
 2920 002c 8261     		str	r2, [r0, #24]
 2921 002e 4A68     		ldr	r2, [r1, #4]
 2922 0030 8263     		str	r2, [r0, #56]
 2923 0032 0362     		str	r3, [r0, #32]
 2924 0034 30BC     		pop	{r4, r5}
 2925 0036 7047     		bx	lr
 2926              	.L365:
 2927 0038 23F08003 		bic	r3, r3, #128
 2928 003c CD68     		ldr	r5, [r1, #12]
 2929 003e 43EA0513 		orr	r3, r3, r5, lsl #4
 2930 0042 23F04003 		bic	r3, r3, #64
 2931 0046 24F44064 		bic	r4, r4, #3072
 2932 004a 4D69     		ldr	r5, [r1, #20]
 2933 004c 44EA8504 		orr	r4, r4, r5, lsl #2
 2934 0050 8D69     		ldr	r5, [r1, #24]
 2935 0052 44EA8504 		orr	r4, r4, r5, lsl #2
 2936 0056 E8E7     		b	.L363
 2937              	.L367:
 2938              		.align	2
 2939              	.L366:
 2940 0058 002C0140 		.word	1073818624
 2942              		.section	.text.HAL_TIM_OC_ConfigChannel,"ax",%progbits
 2943              		.align	1
 2944              		.global	HAL_TIM_OC_ConfigChannel
 2945              		.syntax unified
 2946              		.thumb
 2947              		.thumb_func
 2949              	HAL_TIM_OC_ConfigChannel:
 2950              		@ args = 0, pretend = 0, frame = 0
 2951              		@ frame_needed = 0, uses_anonymous_args = 0
 2952 0000 90F83C30 		ldrb	r3, [r0, #60]	@ zero_extendqisi2
ARM GAS  /tmp/ccdsbe5x.s 			page 50


 2953 0004 012B     		cmp	r3, #1
 2954 0006 28D0     		beq	.L376
 2955 0008 10B5     		push	{r4, lr}
 2956 000a 0446     		mov	r4, r0
 2957 000c 0123     		movs	r3, #1
 2958 000e 80F83C30 		strb	r3, [r0, #60]
 2959 0012 0C2A     		cmp	r2, #12
 2960 0014 1CD8     		bhi	.L377
 2961 0016 DFE802F0 		tbb	[pc, r2]
 2962              	.L372:
 2963 001a 07       		.byte	(.L375-.L372)/2
 2964 001b 1B       		.byte	(.L377-.L372)/2
 2965 001c 1B       		.byte	(.L377-.L372)/2
 2966 001d 1B       		.byte	(.L377-.L372)/2
 2967 001e 0C       		.byte	(.L374-.L372)/2
 2968 001f 1B       		.byte	(.L377-.L372)/2
 2969 0020 1B       		.byte	(.L377-.L372)/2
 2970 0021 1B       		.byte	(.L377-.L372)/2
 2971 0022 11       		.byte	(.L373-.L372)/2
 2972 0023 1B       		.byte	(.L377-.L372)/2
 2973 0024 1B       		.byte	(.L377-.L372)/2
 2974 0025 1B       		.byte	(.L377-.L372)/2
 2975 0026 16       		.byte	(.L371-.L372)/2
 2976 0027 00       		.p2align 1
 2977              	.L375:
 2978 0028 0068     		ldr	r0, [r0]
 2979 002a FFF7FEFF 		bl	TIM_OC1_SetConfig
 2980 002e 0020     		movs	r0, #0
 2981 0030 0FE0     		b	.L370
 2982              	.L374:
 2983 0032 0068     		ldr	r0, [r0]
 2984 0034 FFF7FEFF 		bl	TIM_OC2_SetConfig
 2985 0038 0020     		movs	r0, #0
 2986 003a 0AE0     		b	.L370
 2987              	.L373:
 2988 003c 0068     		ldr	r0, [r0]
 2989 003e FFF7FEFF 		bl	TIM_OC3_SetConfig
 2990 0042 0020     		movs	r0, #0
 2991 0044 05E0     		b	.L370
 2992              	.L371:
 2993 0046 0068     		ldr	r0, [r0]
 2994 0048 FFF7FEFF 		bl	TIM_OC4_SetConfig
 2995 004c 0020     		movs	r0, #0
 2996 004e 00E0     		b	.L370
 2997              	.L377:
 2998 0050 0120     		movs	r0, #1
 2999              	.L370:
 3000 0052 0023     		movs	r3, #0
 3001 0054 84F83C30 		strb	r3, [r4, #60]
 3002 0058 10BD     		pop	{r4, pc}
 3003              	.L376:
 3004 005a 0220     		movs	r0, #2
 3005 005c 7047     		bx	lr
 3007              		.section	.text.HAL_TIM_PWM_ConfigChannel,"ax",%progbits
 3008              		.align	1
 3009              		.global	HAL_TIM_PWM_ConfigChannel
 3010              		.syntax unified
ARM GAS  /tmp/ccdsbe5x.s 			page 51


 3011              		.thumb
 3012              		.thumb_func
 3014              	HAL_TIM_PWM_ConfigChannel:
 3015              		@ args = 0, pretend = 0, frame = 0
 3016              		@ frame_needed = 0, uses_anonymous_args = 0
 3017 0000 38B5     		push	{r3, r4, r5, lr}
 3018 0002 90F83C30 		ldrb	r3, [r0, #60]	@ zero_extendqisi2
 3019 0006 012B     		cmp	r3, #1
 3020 0008 66D0     		beq	.L390
 3021 000a 0446     		mov	r4, r0
 3022 000c 0D46     		mov	r5, r1
 3023 000e 0123     		movs	r3, #1
 3024 0010 80F83C30 		strb	r3, [r0, #60]
 3025 0014 0C2A     		cmp	r2, #12
 3026 0016 5AD8     		bhi	.L391
 3027 0018 DFE802F0 		tbb	[pc, r2]
 3028              	.L386:
 3029 001c 07       		.byte	(.L389-.L386)/2
 3030 001d 59       		.byte	(.L391-.L386)/2
 3031 001e 59       		.byte	(.L391-.L386)/2
 3032 001f 59       		.byte	(.L391-.L386)/2
 3033 0020 1B       		.byte	(.L388-.L386)/2
 3034 0021 59       		.byte	(.L391-.L386)/2
 3035 0022 59       		.byte	(.L391-.L386)/2
 3036 0023 59       		.byte	(.L391-.L386)/2
 3037 0024 30       		.byte	(.L387-.L386)/2
 3038 0025 59       		.byte	(.L391-.L386)/2
 3039 0026 59       		.byte	(.L391-.L386)/2
 3040 0027 59       		.byte	(.L391-.L386)/2
 3041 0028 44       		.byte	(.L385-.L386)/2
 3042 0029 00       		.p2align 1
 3043              	.L389:
 3044 002a 0068     		ldr	r0, [r0]
 3045 002c FFF7FEFF 		bl	TIM_OC1_SetConfig
 3046 0030 2268     		ldr	r2, [r4]
 3047 0032 9369     		ldr	r3, [r2, #24]
 3048 0034 43F00803 		orr	r3, r3, #8
 3049 0038 9361     		str	r3, [r2, #24]
 3050 003a 2268     		ldr	r2, [r4]
 3051 003c 9369     		ldr	r3, [r2, #24]
 3052 003e 23F00403 		bic	r3, r3, #4
 3053 0042 9361     		str	r3, [r2, #24]
 3054 0044 2268     		ldr	r2, [r4]
 3055 0046 9369     		ldr	r3, [r2, #24]
 3056 0048 2969     		ldr	r1, [r5, #16]
 3057 004a 0B43     		orrs	r3, r3, r1
 3058 004c 9361     		str	r3, [r2, #24]
 3059 004e 0020     		movs	r0, #0
 3060 0050 3EE0     		b	.L384
 3061              	.L388:
 3062 0052 0068     		ldr	r0, [r0]
 3063 0054 FFF7FEFF 		bl	TIM_OC2_SetConfig
 3064 0058 2268     		ldr	r2, [r4]
 3065 005a 9369     		ldr	r3, [r2, #24]
 3066 005c 43F40063 		orr	r3, r3, #2048
 3067 0060 9361     		str	r3, [r2, #24]
 3068 0062 2268     		ldr	r2, [r4]
ARM GAS  /tmp/ccdsbe5x.s 			page 52


 3069 0064 9369     		ldr	r3, [r2, #24]
 3070 0066 23F48063 		bic	r3, r3, #1024
 3071 006a 9361     		str	r3, [r2, #24]
 3072 006c 2268     		ldr	r2, [r4]
 3073 006e 9369     		ldr	r3, [r2, #24]
 3074 0070 2969     		ldr	r1, [r5, #16]
 3075 0072 43EA0123 		orr	r3, r3, r1, lsl #8
 3076 0076 9361     		str	r3, [r2, #24]
 3077 0078 0020     		movs	r0, #0
 3078 007a 29E0     		b	.L384
 3079              	.L387:
 3080 007c 0068     		ldr	r0, [r0]
 3081 007e FFF7FEFF 		bl	TIM_OC3_SetConfig
 3082 0082 2268     		ldr	r2, [r4]
 3083 0084 D369     		ldr	r3, [r2, #28]
 3084 0086 43F00803 		orr	r3, r3, #8
 3085 008a D361     		str	r3, [r2, #28]
 3086 008c 2268     		ldr	r2, [r4]
 3087 008e D369     		ldr	r3, [r2, #28]
 3088 0090 23F00403 		bic	r3, r3, #4
 3089 0094 D361     		str	r3, [r2, #28]
 3090 0096 2268     		ldr	r2, [r4]
 3091 0098 D369     		ldr	r3, [r2, #28]
 3092 009a 2969     		ldr	r1, [r5, #16]
 3093 009c 0B43     		orrs	r3, r3, r1
 3094 009e D361     		str	r3, [r2, #28]
 3095 00a0 0020     		movs	r0, #0
 3096 00a2 15E0     		b	.L384
 3097              	.L385:
 3098 00a4 0068     		ldr	r0, [r0]
 3099 00a6 FFF7FEFF 		bl	TIM_OC4_SetConfig
 3100 00aa 2268     		ldr	r2, [r4]
 3101 00ac D369     		ldr	r3, [r2, #28]
 3102 00ae 43F40063 		orr	r3, r3, #2048
 3103 00b2 D361     		str	r3, [r2, #28]
 3104 00b4 2268     		ldr	r2, [r4]
 3105 00b6 D369     		ldr	r3, [r2, #28]
 3106 00b8 23F48063 		bic	r3, r3, #1024
 3107 00bc D361     		str	r3, [r2, #28]
 3108 00be 2268     		ldr	r2, [r4]
 3109 00c0 D369     		ldr	r3, [r2, #28]
 3110 00c2 2969     		ldr	r1, [r5, #16]
 3111 00c4 43EA0123 		orr	r3, r3, r1, lsl #8
 3112 00c8 D361     		str	r3, [r2, #28]
 3113 00ca 0020     		movs	r0, #0
 3114 00cc 00E0     		b	.L384
 3115              	.L391:
 3116 00ce 0120     		movs	r0, #1
 3117              	.L384:
 3118 00d0 0023     		movs	r3, #0
 3119 00d2 84F83C30 		strb	r3, [r4, #60]
 3120              	.L383:
 3121 00d6 38BD     		pop	{r3, r4, r5, pc}
 3122              	.L390:
 3123 00d8 0220     		movs	r0, #2
 3124 00da FCE7     		b	.L383
 3126              		.section	.text.TIM_TI1_SetConfig,"ax",%progbits
ARM GAS  /tmp/ccdsbe5x.s 			page 53


 3127              		.align	1
 3128              		.global	TIM_TI1_SetConfig
 3129              		.syntax unified
 3130              		.thumb
 3131              		.thumb_func
 3133              	TIM_TI1_SetConfig:
 3134              		@ args = 0, pretend = 0, frame = 0
 3135              		@ frame_needed = 0, uses_anonymous_args = 0
 3136              		@ link register save eliminated.
 3137 0000 70B4     		push	{r4, r5, r6}
 3138 0002 056A     		ldr	r5, [r0, #32]
 3139 0004 046A     		ldr	r4, [r0, #32]
 3140 0006 24F00104 		bic	r4, r4, #1
 3141 000a 0462     		str	r4, [r0, #32]
 3142 000c 8469     		ldr	r4, [r0, #24]
 3143 000e 114E     		ldr	r6, .L397
 3144 0010 B042     		cmp	r0, r6
 3145 0012 0DD0     		beq	.L394
 3146 0014 B0F1804F 		cmp	r0, #1073741824
 3147 0018 0AD0     		beq	.L394
 3148 001a A6F59436 		sub	r6, r6, #75776
 3149 001e B042     		cmp	r0, r6
 3150 0020 06D0     		beq	.L394
 3151 0022 06F58066 		add	r6, r6, #1024
 3152 0026 B042     		cmp	r0, r6
 3153 0028 02D0     		beq	.L394
 3154 002a 44F00102 		orr	r2, r4, #1
 3155 002e 02E0     		b	.L395
 3156              	.L394:
 3157 0030 24F00304 		bic	r4, r4, #3
 3158 0034 2243     		orrs	r2, r2, r4
 3159              	.L395:
 3160 0036 22F0F002 		bic	r2, r2, #240
 3161 003a 1B01     		lsls	r3, r3, #4
 3162 003c DBB2     		uxtb	r3, r3
 3163 003e 1343     		orrs	r3, r3, r2
 3164 0040 25F00A02 		bic	r2, r5, #10
 3165 0044 01F00A01 		and	r1, r1, #10
 3166 0048 1143     		orrs	r1, r1, r2
 3167 004a 8361     		str	r3, [r0, #24]
 3168 004c 0162     		str	r1, [r0, #32]
 3169 004e 70BC     		pop	{r4, r5, r6}
 3170 0050 7047     		bx	lr
 3171              	.L398:
 3172 0052 00BF     		.align	2
 3173              	.L397:
 3174 0054 002C0140 		.word	1073818624
 3176              		.section	.text.HAL_TIM_IC_ConfigChannel,"ax",%progbits
 3177              		.align	1
 3178              		.global	HAL_TIM_IC_ConfigChannel
 3179              		.syntax unified
 3180              		.thumb
 3181              		.thumb_func
 3183              	HAL_TIM_IC_ConfigChannel:
 3184              		@ args = 0, pretend = 0, frame = 0
 3185              		@ frame_needed = 0, uses_anonymous_args = 0
 3186 0000 38B5     		push	{r3, r4, r5, lr}
ARM GAS  /tmp/ccdsbe5x.s 			page 54


 3187 0002 90F83C30 		ldrb	r3, [r0, #60]	@ zero_extendqisi2
 3188 0006 012B     		cmp	r3, #1
 3189 0008 5ED0     		beq	.L407
 3190 000a 0446     		mov	r4, r0
 3191 000c 0D46     		mov	r5, r1
 3192 000e 0123     		movs	r3, #1
 3193 0010 80F83C30 		strb	r3, [r0, #60]
 3194 0014 0C2A     		cmp	r2, #12
 3195 0016 52D8     		bhi	.L408
 3196 0018 DFE802F0 		tbb	[pc, r2]
 3197              	.L403:
 3198 001c 07       		.byte	(.L406-.L403)/2
 3199 001d 51       		.byte	(.L408-.L403)/2
 3200 001e 51       		.byte	(.L408-.L403)/2
 3201 001f 51       		.byte	(.L408-.L403)/2
 3202 0020 19       		.byte	(.L405-.L403)/2
 3203 0021 51       		.byte	(.L408-.L403)/2
 3204 0022 51       		.byte	(.L408-.L403)/2
 3205 0023 51       		.byte	(.L408-.L403)/2
 3206 0024 2C       		.byte	(.L404-.L403)/2
 3207 0025 51       		.byte	(.L408-.L403)/2
 3208 0026 51       		.byte	(.L408-.L403)/2
 3209 0027 51       		.byte	(.L408-.L403)/2
 3210 0028 3E       		.byte	(.L402-.L403)/2
 3211 0029 00       		.p2align 1
 3212              	.L406:
 3213 002a CB68     		ldr	r3, [r1, #12]
 3214 002c 4A68     		ldr	r2, [r1, #4]
 3215 002e 0968     		ldr	r1, [r1]
 3216 0030 0068     		ldr	r0, [r0]
 3217 0032 FFF7FEFF 		bl	TIM_TI1_SetConfig
 3218 0036 2268     		ldr	r2, [r4]
 3219 0038 9369     		ldr	r3, [r2, #24]
 3220 003a 23F00C03 		bic	r3, r3, #12
 3221 003e 9361     		str	r3, [r2, #24]
 3222 0040 2268     		ldr	r2, [r4]
 3223 0042 9369     		ldr	r3, [r2, #24]
 3224 0044 A968     		ldr	r1, [r5, #8]
 3225 0046 0B43     		orrs	r3, r3, r1
 3226 0048 9361     		str	r3, [r2, #24]
 3227 004a 0020     		movs	r0, #0
 3228 004c 38E0     		b	.L401
 3229              	.L405:
 3230 004e CB68     		ldr	r3, [r1, #12]
 3231 0050 4A68     		ldr	r2, [r1, #4]
 3232 0052 0968     		ldr	r1, [r1]
 3233 0054 0068     		ldr	r0, [r0]
 3234 0056 FFF7FEFF 		bl	TIM_TI2_SetConfig
 3235 005a 2268     		ldr	r2, [r4]
 3236 005c 9369     		ldr	r3, [r2, #24]
 3237 005e 23F44063 		bic	r3, r3, #3072
 3238 0062 9361     		str	r3, [r2, #24]
 3239 0064 2268     		ldr	r2, [r4]
 3240 0066 9369     		ldr	r3, [r2, #24]
 3241 0068 A968     		ldr	r1, [r5, #8]
 3242 006a 43EA0123 		orr	r3, r3, r1, lsl #8
 3243 006e 9361     		str	r3, [r2, #24]
ARM GAS  /tmp/ccdsbe5x.s 			page 55


 3244 0070 0020     		movs	r0, #0
 3245 0072 25E0     		b	.L401
 3246              	.L404:
 3247 0074 CB68     		ldr	r3, [r1, #12]
 3248 0076 4A68     		ldr	r2, [r1, #4]
 3249 0078 0968     		ldr	r1, [r1]
 3250 007a 0068     		ldr	r0, [r0]
 3251 007c FFF7FEFF 		bl	TIM_TI3_SetConfig
 3252 0080 2268     		ldr	r2, [r4]
 3253 0082 D369     		ldr	r3, [r2, #28]
 3254 0084 23F00C03 		bic	r3, r3, #12
 3255 0088 D361     		str	r3, [r2, #28]
 3256 008a 2268     		ldr	r2, [r4]
 3257 008c D369     		ldr	r3, [r2, #28]
 3258 008e A968     		ldr	r1, [r5, #8]
 3259 0090 0B43     		orrs	r3, r3, r1
 3260 0092 D361     		str	r3, [r2, #28]
 3261 0094 0020     		movs	r0, #0
 3262 0096 13E0     		b	.L401
 3263              	.L402:
 3264 0098 CB68     		ldr	r3, [r1, #12]
 3265 009a 4A68     		ldr	r2, [r1, #4]
 3266 009c 0968     		ldr	r1, [r1]
 3267 009e 0068     		ldr	r0, [r0]
 3268 00a0 FFF7FEFF 		bl	TIM_TI4_SetConfig
 3269 00a4 2268     		ldr	r2, [r4]
 3270 00a6 D369     		ldr	r3, [r2, #28]
 3271 00a8 23F44063 		bic	r3, r3, #3072
 3272 00ac D361     		str	r3, [r2, #28]
 3273 00ae 2268     		ldr	r2, [r4]
 3274 00b0 D369     		ldr	r3, [r2, #28]
 3275 00b2 A968     		ldr	r1, [r5, #8]
 3276 00b4 43EA0123 		orr	r3, r3, r1, lsl #8
 3277 00b8 D361     		str	r3, [r2, #28]
 3278 00ba 0020     		movs	r0, #0
 3279 00bc 00E0     		b	.L401
 3280              	.L408:
 3281 00be 0120     		movs	r0, #1
 3282              	.L401:
 3283 00c0 0023     		movs	r3, #0
 3284 00c2 84F83C30 		strb	r3, [r4, #60]
 3285              	.L400:
 3286 00c6 38BD     		pop	{r3, r4, r5, pc}
 3287              	.L407:
 3288 00c8 0220     		movs	r0, #2
 3289 00ca FCE7     		b	.L400
 3291              		.section	.text.HAL_TIM_OnePulse_ConfigChannel,"ax",%progbits
 3292              		.align	1
 3293              		.global	HAL_TIM_OnePulse_ConfigChannel
 3294              		.syntax unified
 3295              		.thumb
 3296              		.thumb_func
 3298              	HAL_TIM_OnePulse_ConfigChannel:
 3299              		@ args = 0, pretend = 0, frame = 32
 3300              		@ frame_needed = 0, uses_anonymous_args = 0
 3301 0000 9A42     		cmp	r2, r3
 3302 0002 76D0     		beq	.L418
ARM GAS  /tmp/ccdsbe5x.s 			page 56


 3303 0004 70B5     		push	{r4, r5, r6, lr}
 3304 0006 88B0     		sub	sp, sp, #32
 3305 0008 0446     		mov	r4, r0
 3306 000a 0D46     		mov	r5, r1
 3307 000c 1E46     		mov	r6, r3
 3308 000e 90F83C30 		ldrb	r3, [r0, #60]	@ zero_extendqisi2
 3309 0012 012B     		cmp	r3, #1
 3310 0014 6FD0     		beq	.L419
 3311 0016 0123     		movs	r3, #1
 3312 0018 80F83C30 		strb	r3, [r0, #60]
 3313 001c 0223     		movs	r3, #2
 3314 001e 80F83D30 		strb	r3, [r0, #61]
 3315 0022 0B68     		ldr	r3, [r1]
 3316 0024 0193     		str	r3, [sp, #4]
 3317 0026 4B68     		ldr	r3, [r1, #4]
 3318 0028 0293     		str	r3, [sp, #8]
 3319 002a 8B68     		ldr	r3, [r1, #8]
 3320 002c 0393     		str	r3, [sp, #12]
 3321 002e CB68     		ldr	r3, [r1, #12]
 3322 0030 0493     		str	r3, [sp, #16]
 3323 0032 0B69     		ldr	r3, [r1, #16]
 3324 0034 0693     		str	r3, [sp, #24]
 3325 0036 4B69     		ldr	r3, [r1, #20]
 3326 0038 0793     		str	r3, [sp, #28]
 3327 003a 52B1     		cbz	r2, .L412
 3328 003c 042A     		cmp	r2, #4
 3329 003e 11D0     		beq	.L413
 3330 0040 0120     		movs	r0, #1
 3331              	.L414:
 3332 0042 0123     		movs	r3, #1
 3333 0044 84F83D30 		strb	r3, [r4, #61]
 3334 0048 0023     		movs	r3, #0
 3335 004a 84F83C30 		strb	r3, [r4, #60]
 3336              	.L411:
 3337 004e 08B0     		add	sp, sp, #32
 3338              		@ sp needed
 3339 0050 70BD     		pop	{r4, r5, r6, pc}
 3340              	.L412:
 3341 0052 01A9     		add	r1, sp, #4
 3342 0054 0068     		ldr	r0, [r0]
 3343 0056 FFF7FEFF 		bl	TIM_OC1_SetConfig
 3344              	.L415:
 3345 005a 46B1     		cbz	r6, .L416
 3346 005c 042E     		cmp	r6, #4
 3347 005e 27D0     		beq	.L417
 3348 0060 0120     		movs	r0, #1
 3349 0062 EEE7     		b	.L414
 3350              	.L413:
 3351 0064 01A9     		add	r1, sp, #4
 3352 0066 0068     		ldr	r0, [r0]
 3353 0068 FFF7FEFF 		bl	TIM_OC2_SetConfig
 3354 006c F5E7     		b	.L415
 3355              	.L416:
 3356 006e 2B6A     		ldr	r3, [r5, #32]
 3357 0070 EA69     		ldr	r2, [r5, #28]
 3358 0072 A969     		ldr	r1, [r5, #24]
 3359 0074 2068     		ldr	r0, [r4]
ARM GAS  /tmp/ccdsbe5x.s 			page 57


 3360 0076 FFF7FEFF 		bl	TIM_TI1_SetConfig
 3361 007a 2268     		ldr	r2, [r4]
 3362 007c 9369     		ldr	r3, [r2, #24]
 3363 007e 23F00C03 		bic	r3, r3, #12
 3364 0082 9361     		str	r3, [r2, #24]
 3365 0084 2268     		ldr	r2, [r4]
 3366 0086 9368     		ldr	r3, [r2, #8]
 3367 0088 23F07003 		bic	r3, r3, #112
 3368 008c 9360     		str	r3, [r2, #8]
 3369 008e 2268     		ldr	r2, [r4]
 3370 0090 9368     		ldr	r3, [r2, #8]
 3371 0092 43F05003 		orr	r3, r3, #80
 3372 0096 9360     		str	r3, [r2, #8]
 3373 0098 2268     		ldr	r2, [r4]
 3374 009a 9368     		ldr	r3, [r2, #8]
 3375 009c 23F00703 		bic	r3, r3, #7
 3376 00a0 9360     		str	r3, [r2, #8]
 3377 00a2 2268     		ldr	r2, [r4]
 3378 00a4 9368     		ldr	r3, [r2, #8]
 3379 00a6 43F00603 		orr	r3, r3, #6
 3380 00aa 9360     		str	r3, [r2, #8]
 3381 00ac 0020     		movs	r0, #0
 3382 00ae C8E7     		b	.L414
 3383              	.L417:
 3384 00b0 2B6A     		ldr	r3, [r5, #32]
 3385 00b2 EA69     		ldr	r2, [r5, #28]
 3386 00b4 A969     		ldr	r1, [r5, #24]
 3387 00b6 2068     		ldr	r0, [r4]
 3388 00b8 FFF7FEFF 		bl	TIM_TI2_SetConfig
 3389 00bc 2268     		ldr	r2, [r4]
 3390 00be 9369     		ldr	r3, [r2, #24]
 3391 00c0 23F44063 		bic	r3, r3, #3072
 3392 00c4 9361     		str	r3, [r2, #24]
 3393 00c6 2268     		ldr	r2, [r4]
 3394 00c8 9368     		ldr	r3, [r2, #8]
 3395 00ca 23F07003 		bic	r3, r3, #112
 3396 00ce 9360     		str	r3, [r2, #8]
 3397 00d0 2268     		ldr	r2, [r4]
 3398 00d2 9368     		ldr	r3, [r2, #8]
 3399 00d4 43F06003 		orr	r3, r3, #96
 3400 00d8 9360     		str	r3, [r2, #8]
 3401 00da 2268     		ldr	r2, [r4]
 3402 00dc 9368     		ldr	r3, [r2, #8]
 3403 00de 23F00703 		bic	r3, r3, #7
 3404 00e2 9360     		str	r3, [r2, #8]
 3405 00e4 2268     		ldr	r2, [r4]
 3406 00e6 9368     		ldr	r3, [r2, #8]
 3407 00e8 43F00603 		orr	r3, r3, #6
 3408 00ec 9360     		str	r3, [r2, #8]
 3409 00ee 0020     		movs	r0, #0
 3410 00f0 A7E7     		b	.L414
 3411              	.L418:
 3412 00f2 0120     		movs	r0, #1
 3413 00f4 7047     		bx	lr
 3414              	.L419:
 3415 00f6 0220     		movs	r0, #2
 3416 00f8 A9E7     		b	.L411
ARM GAS  /tmp/ccdsbe5x.s 			page 58


 3418              		.section	.text.TIM_ETR_SetConfig,"ax",%progbits
 3419              		.align	1
 3420              		.global	TIM_ETR_SetConfig
 3421              		.syntax unified
 3422              		.thumb
 3423              		.thumb_func
 3425              	TIM_ETR_SetConfig:
 3426              		@ args = 0, pretend = 0, frame = 0
 3427              		@ frame_needed = 0, uses_anonymous_args = 0
 3428              		@ link register save eliminated.
 3429 0000 10B4     		push	{r4}
 3430 0002 8468     		ldr	r4, [r0, #8]
 3431 0004 24F47F4C 		bic	ip, r4, #65280
 3432 0008 42EA0322 		orr	r2, r2, r3, lsl #8
 3433 000c 0A43     		orrs	r2, r2, r1
 3434 000e 42EA0C02 		orr	r2, r2, ip
 3435 0012 8260     		str	r2, [r0, #8]
 3436 0014 10BC     		pop	{r4}
 3437 0016 7047     		bx	lr
 3439              		.section	.text.HAL_TIM_ConfigOCrefClear,"ax",%progbits
 3440              		.align	1
 3441              		.global	HAL_TIM_ConfigOCrefClear
 3442              		.syntax unified
 3443              		.thumb
 3444              		.thumb_func
 3446              	HAL_TIM_ConfigOCrefClear:
 3447              		@ args = 0, pretend = 0, frame = 0
 3448              		@ frame_needed = 0, uses_anonymous_args = 0
 3449 0000 90F83C30 		ldrb	r3, [r0, #60]	@ zero_extendqisi2
 3450 0004 012B     		cmp	r3, #1
 3451 0006 76D0     		beq	.L442
 3452 0008 70B5     		push	{r4, r5, r6, lr}
 3453 000a 0446     		mov	r4, r0
 3454 000c 0D46     		mov	r5, r1
 3455 000e 1646     		mov	r6, r2
 3456 0010 0123     		movs	r3, #1
 3457 0012 80F83C30 		strb	r3, [r0, #60]
 3458 0016 0223     		movs	r3, #2
 3459 0018 80F83D30 		strb	r3, [r0, #61]
 3460 001c 4B68     		ldr	r3, [r1, #4]
 3461 001e 4BB1     		cbz	r3, .L428
 3462 0020 012B     		cmp	r3, #1
 3463 0022 17D0     		beq	.L429
 3464 0024 0120     		movs	r0, #1
 3465              	.L430:
 3466 0026 0123     		movs	r3, #1
 3467 0028 84F83D30 		strb	r3, [r4, #61]
 3468 002c 0023     		movs	r3, #0
 3469 002e 84F83C30 		strb	r3, [r4, #60]
 3470              	.L427:
 3471 0032 70BD     		pop	{r4, r5, r6, pc}
 3472              	.L428:
 3473 0034 0268     		ldr	r2, [r0]
 3474 0036 9368     		ldr	r3, [r2, #8]
 3475 0038 23F47F43 		bic	r3, r3, #65280
 3476 003c 9360     		str	r3, [r2, #8]
 3477              	.L431:
ARM GAS  /tmp/ccdsbe5x.s 			page 59


 3478 003e 0C2E     		cmp	r6, #12
 3479 0040 57D8     		bhi	.L443
 3480 0042 DFE806F0 		tbb	[pc, r6]
 3481              	.L434:
 3482 0046 16       		.byte	(.L437-.L434)/2
 3483 0047 56       		.byte	(.L443-.L434)/2
 3484 0048 56       		.byte	(.L443-.L434)/2
 3485 0049 56       		.byte	(.L443-.L434)/2
 3486 004a 26       		.byte	(.L436-.L434)/2
 3487 004b 56       		.byte	(.L443-.L434)/2
 3488 004c 56       		.byte	(.L443-.L434)/2
 3489 004d 56       		.byte	(.L443-.L434)/2
 3490 004e 36       		.byte	(.L435-.L434)/2
 3491 004f 56       		.byte	(.L443-.L434)/2
 3492 0050 56       		.byte	(.L443-.L434)/2
 3493 0051 56       		.byte	(.L443-.L434)/2
 3494 0052 46       		.byte	(.L433-.L434)/2
 3495 0053 00       		.p2align 1
 3496              	.L429:
 3497 0054 C968     		ldr	r1, [r1, #12]
 3498 0056 31B1     		cbz	r1, .L432
 3499 0058 0120     		movs	r0, #1
 3500 005a 84F83D00 		strb	r0, [r4, #61]
 3501 005e 0023     		movs	r3, #0
 3502 0060 84F83C30 		strb	r3, [r4, #60]
 3503 0064 E5E7     		b	.L427
 3504              	.L432:
 3505 0066 2B69     		ldr	r3, [r5, #16]
 3506 0068 AA68     		ldr	r2, [r5, #8]
 3507 006a 0068     		ldr	r0, [r0]
 3508 006c FFF7FEFF 		bl	TIM_ETR_SetConfig
 3509 0070 E5E7     		b	.L431
 3510              	.L437:
 3511 0072 2B68     		ldr	r3, [r5]
 3512 0074 33B1     		cbz	r3, .L438
 3513 0076 2268     		ldr	r2, [r4]
 3514 0078 9369     		ldr	r3, [r2, #24]
 3515 007a 43F08003 		orr	r3, r3, #128
 3516 007e 9361     		str	r3, [r2, #24]
 3517 0080 0020     		movs	r0, #0
 3518 0082 D0E7     		b	.L430
 3519              	.L438:
 3520 0084 2268     		ldr	r2, [r4]
 3521 0086 9369     		ldr	r3, [r2, #24]
 3522 0088 23F08003 		bic	r3, r3, #128
 3523 008c 9361     		str	r3, [r2, #24]
 3524 008e 0020     		movs	r0, #0
 3525 0090 C9E7     		b	.L430
 3526              	.L436:
 3527 0092 2B68     		ldr	r3, [r5]
 3528 0094 33B1     		cbz	r3, .L439
 3529 0096 2268     		ldr	r2, [r4]
 3530 0098 9369     		ldr	r3, [r2, #24]
 3531 009a 43F40043 		orr	r3, r3, #32768
 3532 009e 9361     		str	r3, [r2, #24]
 3533 00a0 0020     		movs	r0, #0
 3534 00a2 C0E7     		b	.L430
ARM GAS  /tmp/ccdsbe5x.s 			page 60


 3535              	.L439:
 3536 00a4 2268     		ldr	r2, [r4]
 3537 00a6 9369     		ldr	r3, [r2, #24]
 3538 00a8 23F40043 		bic	r3, r3, #32768
 3539 00ac 9361     		str	r3, [r2, #24]
 3540 00ae 0020     		movs	r0, #0
 3541 00b0 B9E7     		b	.L430
 3542              	.L435:
 3543 00b2 2B68     		ldr	r3, [r5]
 3544 00b4 33B1     		cbz	r3, .L440
 3545 00b6 2268     		ldr	r2, [r4]
 3546 00b8 D369     		ldr	r3, [r2, #28]
 3547 00ba 43F08003 		orr	r3, r3, #128
 3548 00be D361     		str	r3, [r2, #28]
 3549 00c0 0020     		movs	r0, #0
 3550 00c2 B0E7     		b	.L430
 3551              	.L440:
 3552 00c4 2268     		ldr	r2, [r4]
 3553 00c6 D369     		ldr	r3, [r2, #28]
 3554 00c8 23F08003 		bic	r3, r3, #128
 3555 00cc D361     		str	r3, [r2, #28]
 3556 00ce 0020     		movs	r0, #0
 3557 00d0 A9E7     		b	.L430
 3558              	.L433:
 3559 00d2 2B68     		ldr	r3, [r5]
 3560 00d4 33B1     		cbz	r3, .L441
 3561 00d6 2268     		ldr	r2, [r4]
 3562 00d8 D369     		ldr	r3, [r2, #28]
 3563 00da 43F40043 		orr	r3, r3, #32768
 3564 00de D361     		str	r3, [r2, #28]
 3565 00e0 0020     		movs	r0, #0
 3566 00e2 A0E7     		b	.L430
 3567              	.L441:
 3568 00e4 2268     		ldr	r2, [r4]
 3569 00e6 D369     		ldr	r3, [r2, #28]
 3570 00e8 23F40043 		bic	r3, r3, #32768
 3571 00ec D361     		str	r3, [r2, #28]
 3572 00ee 0020     		movs	r0, #0
 3573 00f0 99E7     		b	.L430
 3574              	.L443:
 3575 00f2 0020     		movs	r0, #0
 3576 00f4 97E7     		b	.L430
 3577              	.L442:
 3578 00f6 0220     		movs	r0, #2
 3579 00f8 7047     		bx	lr
 3581              		.section	.text.HAL_TIM_ConfigClockSource,"ax",%progbits
 3582              		.align	1
 3583              		.global	HAL_TIM_ConfigClockSource
 3584              		.syntax unified
 3585              		.thumb
 3586              		.thumb_func
 3588              	HAL_TIM_ConfigClockSource:
 3589              		@ args = 0, pretend = 0, frame = 0
 3590              		@ frame_needed = 0, uses_anonymous_args = 0
 3591 0000 90F83C30 		ldrb	r3, [r0, #60]	@ zero_extendqisi2
 3592 0004 012B     		cmp	r3, #1
 3593 0006 78D0     		beq	.L459
ARM GAS  /tmp/ccdsbe5x.s 			page 61


 3594 0008 10B5     		push	{r4, lr}
 3595 000a 0446     		mov	r4, r0
 3596 000c 0123     		movs	r3, #1
 3597 000e 80F83C30 		strb	r3, [r0, #60]
 3598 0012 0223     		movs	r3, #2
 3599 0014 80F83D30 		strb	r3, [r0, #61]
 3600 0018 0268     		ldr	r2, [r0]
 3601 001a 9368     		ldr	r3, [r2, #8]
 3602 001c 23F47F43 		bic	r3, r3, #65280
 3603 0020 23F07703 		bic	r3, r3, #119
 3604 0024 9360     		str	r3, [r2, #8]
 3605 0026 0B68     		ldr	r3, [r1]
 3606 0028 602B     		cmp	r3, #96
 3607 002a 4CD0     		beq	.L450
 3608 002c 23D8     		bhi	.L451
 3609 002e 402B     		cmp	r3, #64
 3610 0030 54D0     		beq	.L452
 3611 0032 11D8     		bhi	.L453
 3612 0034 202B     		cmp	r3, #32
 3613 0036 03D0     		beq	.L454
 3614 0038 0AD8     		bhi	.L455
 3615 003a 0BB1     		cbz	r3, .L454
 3616 003c 102B     		cmp	r3, #16
 3617 003e 05D1     		bne	.L466
 3618              	.L454:
 3619 0040 1946     		mov	r1, r3
 3620 0042 2068     		ldr	r0, [r4]
 3621 0044 FFF7FEFF 		bl	TIM_ITRx_SetConfig
 3622 0048 0020     		movs	r0, #0
 3623 004a 28E0     		b	.L456
 3624              	.L466:
 3625 004c 0120     		movs	r0, #1
 3626 004e 26E0     		b	.L456
 3627              	.L455:
 3628 0050 302B     		cmp	r3, #48
 3629 0052 F5D0     		beq	.L454
 3630 0054 0120     		movs	r0, #1
 3631 0056 22E0     		b	.L456
 3632              	.L453:
 3633 0058 502B     		cmp	r3, #80
 3634 005a 0AD1     		bne	.L467
 3635 005c CA68     		ldr	r2, [r1, #12]
 3636 005e 4968     		ldr	r1, [r1, #4]
 3637 0060 0068     		ldr	r0, [r0]
 3638 0062 FFF7FEFF 		bl	TIM_TI1_ConfigInputStage
 3639 0066 5021     		movs	r1, #80
 3640 0068 2068     		ldr	r0, [r4]
 3641 006a FFF7FEFF 		bl	TIM_ITRx_SetConfig
 3642 006e 0020     		movs	r0, #0
 3643 0070 15E0     		b	.L456
 3644              	.L467:
 3645 0072 0120     		movs	r0, #1
 3646 0074 13E0     		b	.L456
 3647              	.L451:
 3648 0076 B3F5805F 		cmp	r3, #4096
 3649 007a 3AD0     		beq	.L460
 3650 007c B3F5005F 		cmp	r3, #8192
ARM GAS  /tmp/ccdsbe5x.s 			page 62


 3651 0080 14D0     		beq	.L458
 3652 0082 702B     		cmp	r3, #112
 3653 0084 37D1     		bne	.L461
 3654 0086 CB68     		ldr	r3, [r1, #12]
 3655 0088 4A68     		ldr	r2, [r1, #4]
 3656 008a 8968     		ldr	r1, [r1, #8]
 3657 008c 0068     		ldr	r0, [r0]
 3658 008e FFF7FEFF 		bl	TIM_ETR_SetConfig
 3659 0092 2268     		ldr	r2, [r4]
 3660 0094 9368     		ldr	r3, [r2, #8]
 3661 0096 43F07703 		orr	r3, r3, #119
 3662 009a 9360     		str	r3, [r2, #8]
 3663 009c 0020     		movs	r0, #0
 3664              	.L456:
 3665 009e 0123     		movs	r3, #1
 3666 00a0 84F83D30 		strb	r3, [r4, #61]
 3667 00a4 0023     		movs	r3, #0
 3668 00a6 84F83C30 		strb	r3, [r4, #60]
 3669 00aa 10BD     		pop	{r4, pc}
 3670              	.L458:
 3671 00ac CB68     		ldr	r3, [r1, #12]
 3672 00ae 4A68     		ldr	r2, [r1, #4]
 3673 00b0 8968     		ldr	r1, [r1, #8]
 3674 00b2 0068     		ldr	r0, [r0]
 3675 00b4 FFF7FEFF 		bl	TIM_ETR_SetConfig
 3676 00b8 2268     		ldr	r2, [r4]
 3677 00ba 9368     		ldr	r3, [r2, #8]
 3678 00bc 43F48043 		orr	r3, r3, #16384
 3679 00c0 9360     		str	r3, [r2, #8]
 3680 00c2 0020     		movs	r0, #0
 3681 00c4 EBE7     		b	.L456
 3682              	.L450:
 3683 00c6 CA68     		ldr	r2, [r1, #12]
 3684 00c8 4968     		ldr	r1, [r1, #4]
 3685 00ca 0068     		ldr	r0, [r0]
 3686 00cc FFF7FEFF 		bl	TIM_TI2_ConfigInputStage
 3687 00d0 6021     		movs	r1, #96
 3688 00d2 2068     		ldr	r0, [r4]
 3689 00d4 FFF7FEFF 		bl	TIM_ITRx_SetConfig
 3690 00d8 0020     		movs	r0, #0
 3691 00da E0E7     		b	.L456
 3692              	.L452:
 3693 00dc CA68     		ldr	r2, [r1, #12]
 3694 00de 4968     		ldr	r1, [r1, #4]
 3695 00e0 0068     		ldr	r0, [r0]
 3696 00e2 FFF7FEFF 		bl	TIM_TI1_ConfigInputStage
 3697 00e6 4021     		movs	r1, #64
 3698 00e8 2068     		ldr	r0, [r4]
 3699 00ea FFF7FEFF 		bl	TIM_ITRx_SetConfig
 3700 00ee 0020     		movs	r0, #0
 3701 00f0 D5E7     		b	.L456
 3702              	.L460:
 3703 00f2 0020     		movs	r0, #0
 3704 00f4 D3E7     		b	.L456
 3705              	.L461:
 3706 00f6 0120     		movs	r0, #1
 3707 00f8 D1E7     		b	.L456
ARM GAS  /tmp/ccdsbe5x.s 			page 63


 3708              	.L459:
 3709 00fa 0220     		movs	r0, #2
 3710 00fc 7047     		bx	lr
 3712              		.section	.text.TIM_SlaveTimer_SetConfig,"ax",%progbits
 3713              		.align	1
 3714              		.syntax unified
 3715              		.thumb
 3716              		.thumb_func
 3718              	TIM_SlaveTimer_SetConfig:
 3719              		@ args = 0, pretend = 0, frame = 0
 3720              		@ frame_needed = 0, uses_anonymous_args = 0
 3721 0000 10B5     		push	{r4, lr}
 3722 0002 0468     		ldr	r4, [r0]
 3723 0004 A268     		ldr	r2, [r4, #8]
 3724 0006 22F07002 		bic	r2, r2, #112
 3725 000a 4B68     		ldr	r3, [r1, #4]
 3726 000c 1343     		orrs	r3, r3, r2
 3727 000e 23F00703 		bic	r3, r3, #7
 3728 0012 0A68     		ldr	r2, [r1]
 3729 0014 1A43     		orrs	r2, r2, r3
 3730 0016 A260     		str	r2, [r4, #8]
 3731 0018 4B68     		ldr	r3, [r1, #4]
 3732 001a 502B     		cmp	r3, #80
 3733 001c 30D0     		beq	.L469
 3734 001e 0BD9     		bls	.L483
 3735 0020 602B     		cmp	r3, #96
 3736 0022 34D0     		beq	.L474
 3737 0024 702B     		cmp	r3, #112
 3738 0026 43D1     		bne	.L480
 3739 0028 0B69     		ldr	r3, [r1, #16]
 3740 002a 8A68     		ldr	r2, [r1, #8]
 3741 002c C968     		ldr	r1, [r1, #12]
 3742 002e 0068     		ldr	r0, [r0]
 3743 0030 FFF7FEFF 		bl	TIM_ETR_SetConfig
 3744 0034 0020     		movs	r0, #0
 3745              	.L472:
 3746 0036 10BD     		pop	{r4, pc}
 3747              	.L483:
 3748 0038 402B     		cmp	r3, #64
 3749 003a 0CD0     		beq	.L471
 3750 003c 2ED8     		bhi	.L475
 3751 003e 202B     		cmp	r3, #32
 3752 0040 2ED0     		beq	.L476
 3753 0042 04D8     		bhi	.L473
 3754 0044 73B3     		cbz	r3, .L477
 3755 0046 102B     		cmp	r3, #16
 3756 0048 2ED1     		bne	.L478
 3757 004a 0020     		movs	r0, #0
 3758 004c F3E7     		b	.L472
 3759              	.L473:
 3760 004e 302B     		cmp	r3, #48
 3761 0050 2CD1     		bne	.L479
 3762 0052 0020     		movs	r0, #0
 3763 0054 EFE7     		b	.L472
 3764              	.L471:
 3765 0056 0B68     		ldr	r3, [r1]
 3766 0058 052B     		cmp	r3, #5
ARM GAS  /tmp/ccdsbe5x.s 			page 64


 3767 005a 2BD0     		beq	.L481
 3768 005c 0368     		ldr	r3, [r0]
 3769 005e 1C6A     		ldr	r4, [r3, #32]
 3770 0060 1A6A     		ldr	r2, [r3, #32]
 3771 0062 22F00102 		bic	r2, r2, #1
 3772 0066 1A62     		str	r2, [r3, #32]
 3773 0068 0268     		ldr	r2, [r0]
 3774 006a 9369     		ldr	r3, [r2, #24]
 3775 006c 23F0F003 		bic	r3, r3, #240
 3776 0070 0969     		ldr	r1, [r1, #16]
 3777 0072 43EA0113 		orr	r3, r3, r1, lsl #4
 3778 0076 9361     		str	r3, [r2, #24]
 3779 0078 0368     		ldr	r3, [r0]
 3780 007a 1C62     		str	r4, [r3, #32]
 3781 007c 0020     		movs	r0, #0
 3782 007e DAE7     		b	.L472
 3783              	.L469:
 3784 0080 0A69     		ldr	r2, [r1, #16]
 3785 0082 8968     		ldr	r1, [r1, #8]
 3786 0084 0068     		ldr	r0, [r0]
 3787 0086 FFF7FEFF 		bl	TIM_TI1_ConfigInputStage
 3788 008a 0020     		movs	r0, #0
 3789 008c D3E7     		b	.L472
 3790              	.L474:
 3791 008e 0A69     		ldr	r2, [r1, #16]
 3792 0090 8968     		ldr	r1, [r1, #8]
 3793 0092 0068     		ldr	r0, [r0]
 3794 0094 FFF7FEFF 		bl	TIM_TI2_ConfigInputStage
 3795 0098 0020     		movs	r0, #0
 3796 009a CCE7     		b	.L472
 3797              	.L475:
 3798 009c 0120     		movs	r0, #1
 3799 009e CAE7     		b	.L472
 3800              	.L476:
 3801 00a0 0020     		movs	r0, #0
 3802 00a2 C8E7     		b	.L472
 3803              	.L477:
 3804 00a4 0020     		movs	r0, #0
 3805 00a6 C6E7     		b	.L472
 3806              	.L478:
 3807 00a8 0120     		movs	r0, #1
 3808 00aa C4E7     		b	.L472
 3809              	.L479:
 3810 00ac 0120     		movs	r0, #1
 3811 00ae C2E7     		b	.L472
 3812              	.L480:
 3813 00b0 0120     		movs	r0, #1
 3814 00b2 C0E7     		b	.L472
 3815              	.L481:
 3816 00b4 0120     		movs	r0, #1
 3817 00b6 BEE7     		b	.L472
 3819              		.section	.text.HAL_TIM_SlaveConfigSynchro,"ax",%progbits
 3820              		.align	1
 3821              		.global	HAL_TIM_SlaveConfigSynchro
 3822              		.syntax unified
 3823              		.thumb
 3824              		.thumb_func
ARM GAS  /tmp/ccdsbe5x.s 			page 65


 3826              	HAL_TIM_SlaveConfigSynchro:
 3827              		@ args = 0, pretend = 0, frame = 0
 3828              		@ frame_needed = 0, uses_anonymous_args = 0
 3829 0000 90F83C30 		ldrb	r3, [r0, #60]	@ zero_extendqisi2
 3830 0004 012B     		cmp	r3, #1
 3831 0006 22D0     		beq	.L487
 3832 0008 10B5     		push	{r4, lr}
 3833 000a 0446     		mov	r4, r0
 3834 000c 0123     		movs	r3, #1
 3835 000e 80F83C30 		strb	r3, [r0, #60]
 3836 0012 0223     		movs	r3, #2
 3837 0014 80F83D30 		strb	r3, [r0, #61]
 3838 0018 FFF7FEFF 		bl	TIM_SlaveTimer_SetConfig
 3839 001c 80B9     		cbnz	r0, .L492
 3840 001e 2268     		ldr	r2, [r4]
 3841 0020 D368     		ldr	r3, [r2, #12]
 3842 0022 23F04003 		bic	r3, r3, #64
 3843 0026 D360     		str	r3, [r2, #12]
 3844 0028 2268     		ldr	r2, [r4]
 3845 002a D368     		ldr	r3, [r2, #12]
 3846 002c 23F48043 		bic	r3, r3, #16384
 3847 0030 D360     		str	r3, [r2, #12]
 3848 0032 0123     		movs	r3, #1
 3849 0034 84F83D30 		strb	r3, [r4, #61]
 3850 0038 0023     		movs	r3, #0
 3851 003a 84F83C30 		strb	r3, [r4, #60]
 3852              	.L485:
 3853 003e 10BD     		pop	{r4, pc}
 3854              	.L492:
 3855 0040 0120     		movs	r0, #1
 3856 0042 84F83D00 		strb	r0, [r4, #61]
 3857 0046 0023     		movs	r3, #0
 3858 0048 84F83C30 		strb	r3, [r4, #60]
 3859 004c F7E7     		b	.L485
 3860              	.L487:
 3861 004e 0220     		movs	r0, #2
 3862 0050 7047     		bx	lr
 3864              		.section	.text.HAL_TIM_SlaveConfigSynchro_IT,"ax",%progbits
 3865              		.align	1
 3866              		.global	HAL_TIM_SlaveConfigSynchro_IT
 3867              		.syntax unified
 3868              		.thumb
 3869              		.thumb_func
 3871              	HAL_TIM_SlaveConfigSynchro_IT:
 3872              		@ args = 0, pretend = 0, frame = 0
 3873              		@ frame_needed = 0, uses_anonymous_args = 0
 3874 0000 90F83C30 		ldrb	r3, [r0, #60]	@ zero_extendqisi2
 3875 0004 012B     		cmp	r3, #1
 3876 0006 22D0     		beq	.L496
 3877 0008 10B5     		push	{r4, lr}
 3878 000a 0446     		mov	r4, r0
 3879 000c 0123     		movs	r3, #1
 3880 000e 80F83C30 		strb	r3, [r0, #60]
 3881 0012 0223     		movs	r3, #2
 3882 0014 80F83D30 		strb	r3, [r0, #61]
 3883 0018 FFF7FEFF 		bl	TIM_SlaveTimer_SetConfig
 3884 001c 80B9     		cbnz	r0, .L501
ARM GAS  /tmp/ccdsbe5x.s 			page 66


 3885 001e 2268     		ldr	r2, [r4]
 3886 0020 D368     		ldr	r3, [r2, #12]
 3887 0022 43F04003 		orr	r3, r3, #64
 3888 0026 D360     		str	r3, [r2, #12]
 3889 0028 2268     		ldr	r2, [r4]
 3890 002a D368     		ldr	r3, [r2, #12]
 3891 002c 23F48043 		bic	r3, r3, #16384
 3892 0030 D360     		str	r3, [r2, #12]
 3893 0032 0123     		movs	r3, #1
 3894 0034 84F83D30 		strb	r3, [r4, #61]
 3895 0038 0023     		movs	r3, #0
 3896 003a 84F83C30 		strb	r3, [r4, #60]
 3897              	.L494:
 3898 003e 10BD     		pop	{r4, pc}
 3899              	.L501:
 3900 0040 0120     		movs	r0, #1
 3901 0042 84F83D00 		strb	r0, [r4, #61]
 3902 0046 0023     		movs	r3, #0
 3903 0048 84F83C30 		strb	r3, [r4, #60]
 3904 004c F7E7     		b	.L494
 3905              	.L496:
 3906 004e 0220     		movs	r0, #2
 3907 0050 7047     		bx	lr
 3909              		.section	.text.TIM_CCxChannelCmd,"ax",%progbits
 3910              		.align	1
 3911              		.global	TIM_CCxChannelCmd
 3912              		.syntax unified
 3913              		.thumb
 3914              		.thumb_func
 3916              	TIM_CCxChannelCmd:
 3917              		@ args = 0, pretend = 0, frame = 0
 3918              		@ frame_needed = 0, uses_anonymous_args = 0
 3919              		@ link register save eliminated.
 3920 0000 01F01F01 		and	r1, r1, #31
 3921 0004 4FF0010C 		mov	ip, #1
 3922 0008 0CFA01FC 		lsl	ip, ip, r1
 3923 000c 036A     		ldr	r3, [r0, #32]
 3924 000e 23EA0C03 		bic	r3, r3, ip
 3925 0012 0362     		str	r3, [r0, #32]
 3926 0014 036A     		ldr	r3, [r0, #32]
 3927 0016 8A40     		lsls	r2, r2, r1
 3928 0018 1343     		orrs	r3, r3, r2
 3929 001a 0362     		str	r3, [r0, #32]
 3930 001c 7047     		bx	lr
 3932              		.section	.text.HAL_TIM_OC_Start,"ax",%progbits
 3933              		.align	1
 3934              		.global	HAL_TIM_OC_Start
 3935              		.syntax unified
 3936              		.thumb
 3937              		.thumb_func
 3939              	HAL_TIM_OC_Start:
 3940              		@ args = 0, pretend = 0, frame = 0
 3941              		@ frame_needed = 0, uses_anonymous_args = 0
 3942 0000 10B5     		push	{r4, lr}
 3943 0002 0446     		mov	r4, r0
 3944 0004 0846     		mov	r0, r1
 3945 0006 49BB     		cbnz	r1, .L504
ARM GAS  /tmp/ccdsbe5x.s 			page 67


 3946 0008 94F83E30 		ldrb	r3, [r4, #62]	@ zero_extendqisi2
 3947 000c 013B     		subs	r3, r3, #1
 3948 000e 18BF     		it	ne
 3949 0010 0123     		movne	r3, #1
 3950              	.L505:
 3951 0012 002B     		cmp	r3, #0
 3952 0014 58D1     		bne	.L516
 3953 0016 0028     		cmp	r0, #0
 3954 0018 36D1     		bne	.L509
 3955 001a 0223     		movs	r3, #2
 3956 001c 84F83E30 		strb	r3, [r4, #62]
 3957              	.L510:
 3958 0020 0122     		movs	r2, #1
 3959 0022 0146     		mov	r1, r0
 3960 0024 2068     		ldr	r0, [r4]
 3961 0026 FFF7FEFF 		bl	TIM_CCxChannelCmd
 3962 002a 2368     		ldr	r3, [r4]
 3963 002c 284A     		ldr	r2, .L524
 3964 002e 9342     		cmp	r3, r2
 3965 0030 3AD0     		beq	.L519
 3966              	.L513:
 3967 0032 2368     		ldr	r3, [r4]
 3968 0034 264A     		ldr	r2, .L524
 3969 0036 9342     		cmp	r3, r2
 3970 0038 3BD0     		beq	.L514
 3971 003a B3F1804F 		cmp	r3, #1073741824
 3972 003e 38D0     		beq	.L514
 3973 0040 A2F59432 		sub	r2, r2, #75776
 3974 0044 9342     		cmp	r3, r2
 3975 0046 34D0     		beq	.L514
 3976 0048 02F58062 		add	r2, r2, #1024
 3977 004c 9342     		cmp	r3, r2
 3978 004e 30D0     		beq	.L514
 3979 0050 1A68     		ldr	r2, [r3]
 3980 0052 42F00102 		orr	r2, r2, #1
 3981 0056 1A60     		str	r2, [r3]
 3982 0058 0020     		movs	r0, #0
 3983 005a 36E0     		b	.L508
 3984              	.L504:
 3985 005c 0429     		cmp	r1, #4
 3986 005e 07D0     		beq	.L520
 3987 0060 0829     		cmp	r1, #8
 3988 0062 0BD0     		beq	.L521
 3989 0064 94F84130 		ldrb	r3, [r4, #65]	@ zero_extendqisi2
 3990 0068 013B     		subs	r3, r3, #1
 3991 006a 18BF     		it	ne
 3992 006c 0123     		movne	r3, #1
 3993 006e D0E7     		b	.L505
 3994              	.L520:
 3995 0070 94F83F30 		ldrb	r3, [r4, #63]	@ zero_extendqisi2
 3996 0074 013B     		subs	r3, r3, #1
 3997 0076 18BF     		it	ne
 3998 0078 0123     		movne	r3, #1
 3999 007a CAE7     		b	.L505
 4000              	.L521:
 4001 007c 94F84030 		ldrb	r3, [r4, #64]	@ zero_extendqisi2
 4002 0080 013B     		subs	r3, r3, #1
ARM GAS  /tmp/ccdsbe5x.s 			page 68


 4003 0082 18BF     		it	ne
 4004 0084 0123     		movne	r3, #1
 4005 0086 C4E7     		b	.L505
 4006              	.L509:
 4007 0088 0428     		cmp	r0, #4
 4008 008a 05D0     		beq	.L522
 4009 008c 0828     		cmp	r0, #8
 4010 008e 07D0     		beq	.L523
 4011 0090 0223     		movs	r3, #2
 4012 0092 84F84130 		strb	r3, [r4, #65]
 4013 0096 C3E7     		b	.L510
 4014              	.L522:
 4015 0098 0223     		movs	r3, #2
 4016 009a 84F83F30 		strb	r3, [r4, #63]
 4017 009e BFE7     		b	.L510
 4018              	.L523:
 4019 00a0 0223     		movs	r3, #2
 4020 00a2 84F84030 		strb	r3, [r4, #64]
 4021 00a6 BBE7     		b	.L510
 4022              	.L519:
 4023 00a8 5A6C     		ldr	r2, [r3, #68]
 4024 00aa 42F40042 		orr	r2, r2, #32768
 4025 00ae 5A64     		str	r2, [r3, #68]
 4026 00b0 BFE7     		b	.L513
 4027              	.L514:
 4028 00b2 9A68     		ldr	r2, [r3, #8]
 4029 00b4 02F00702 		and	r2, r2, #7
 4030 00b8 062A     		cmp	r2, #6
 4031 00ba 07D0     		beq	.L517
 4032 00bc 1A68     		ldr	r2, [r3]
 4033 00be 42F00102 		orr	r2, r2, #1
 4034 00c2 1A60     		str	r2, [r3]
 4035 00c4 0020     		movs	r0, #0
 4036 00c6 00E0     		b	.L508
 4037              	.L516:
 4038 00c8 0120     		movs	r0, #1
 4039              	.L508:
 4040 00ca 10BD     		pop	{r4, pc}
 4041              	.L517:
 4042 00cc 0020     		movs	r0, #0
 4043 00ce FCE7     		b	.L508
 4044              	.L525:
 4045              		.align	2
 4046              	.L524:
 4047 00d0 002C0140 		.word	1073818624
 4049              		.section	.text.HAL_TIM_OC_Stop,"ax",%progbits
 4050              		.align	1
 4051              		.global	HAL_TIM_OC_Stop
 4052              		.syntax unified
 4053              		.thumb
 4054              		.thumb_func
 4056              	HAL_TIM_OC_Stop:
 4057              		@ args = 0, pretend = 0, frame = 0
 4058              		@ frame_needed = 0, uses_anonymous_args = 0
 4059 0000 38B5     		push	{r3, r4, r5, lr}
 4060 0002 0446     		mov	r4, r0
 4061 0004 0D46     		mov	r5, r1
ARM GAS  /tmp/ccdsbe5x.s 			page 69


 4062 0006 0022     		movs	r2, #0
 4063 0008 0068     		ldr	r0, [r0]
 4064 000a FFF7FEFF 		bl	TIM_CCxChannelCmd
 4065 000e 2368     		ldr	r3, [r4]
 4066 0010 1B4A     		ldr	r2, .L537
 4067 0012 9342     		cmp	r3, r2
 4068 0014 14D0     		beq	.L534
 4069              	.L527:
 4070 0016 2368     		ldr	r3, [r4]
 4071 0018 196A     		ldr	r1, [r3, #32]
 4072 001a 41F21112 		movw	r2, #4369
 4073 001e 1142     		tst	r1, r2
 4074 0020 08D1     		bne	.L528
 4075 0022 196A     		ldr	r1, [r3, #32]
 4076 0024 40F24442 		movw	r2, #1092
 4077 0028 1142     		tst	r1, r2
 4078 002a 03D1     		bne	.L528
 4079 002c 1A68     		ldr	r2, [r3]
 4080 002e 22F00102 		bic	r2, r2, #1
 4081 0032 1A60     		str	r2, [r3]
 4082              	.L528:
 4083 0034 9DB9     		cbnz	r5, .L529
 4084 0036 0123     		movs	r3, #1
 4085 0038 84F83E30 		strb	r3, [r4, #62]
 4086              	.L530:
 4087 003c 0020     		movs	r0, #0
 4088 003e 38BD     		pop	{r3, r4, r5, pc}
 4089              	.L534:
 4090 0040 196A     		ldr	r1, [r3, #32]
 4091 0042 41F21112 		movw	r2, #4369
 4092 0046 1142     		tst	r1, r2
 4093 0048 E5D1     		bne	.L527
 4094 004a 196A     		ldr	r1, [r3, #32]
 4095 004c 40F24442 		movw	r2, #1092
 4096 0050 1142     		tst	r1, r2
 4097 0052 E0D1     		bne	.L527
 4098 0054 5A6C     		ldr	r2, [r3, #68]
 4099 0056 22F40042 		bic	r2, r2, #32768
 4100 005a 5A64     		str	r2, [r3, #68]
 4101 005c DBE7     		b	.L527
 4102              	.L529:
 4103 005e 042D     		cmp	r5, #4
 4104 0060 05D0     		beq	.L535
 4105 0062 082D     		cmp	r5, #8
 4106 0064 07D0     		beq	.L536
 4107 0066 0123     		movs	r3, #1
 4108 0068 84F84130 		strb	r3, [r4, #65]
 4109 006c E6E7     		b	.L530
 4110              	.L535:
 4111 006e 0123     		movs	r3, #1
 4112 0070 84F83F30 		strb	r3, [r4, #63]
 4113 0074 E2E7     		b	.L530
 4114              	.L536:
 4115 0076 0123     		movs	r3, #1
 4116 0078 84F84030 		strb	r3, [r4, #64]
 4117 007c DEE7     		b	.L530
 4118              	.L538:
ARM GAS  /tmp/ccdsbe5x.s 			page 70


 4119 007e 00BF     		.align	2
 4120              	.L537:
 4121 0080 002C0140 		.word	1073818624
 4123              		.section	.text.HAL_TIM_OC_Start_IT,"ax",%progbits
 4124              		.align	1
 4125              		.global	HAL_TIM_OC_Start_IT
 4126              		.syntax unified
 4127              		.thumb
 4128              		.thumb_func
 4130              	HAL_TIM_OC_Start_IT:
 4131              		@ args = 0, pretend = 0, frame = 0
 4132              		@ frame_needed = 0, uses_anonymous_args = 0
 4133 0000 10B5     		push	{r4, lr}
 4134 0002 0446     		mov	r4, r0
 4135 0004 0846     		mov	r0, r1
 4136 0006 0029     		cmp	r1, #0
 4137 0008 2FD1     		bne	.L540
 4138 000a 94F83E30 		ldrb	r3, [r4, #62]	@ zero_extendqisi2
 4139 000e 013B     		subs	r3, r3, #1
 4140 0010 18BF     		it	ne
 4141 0012 0123     		movne	r3, #1
 4142              	.L541:
 4143 0014 002B     		cmp	r3, #0
 4144 0016 40F08D80 		bne	.L557
 4145 001a 0028     		cmp	r0, #0
 4146 001c 3BD1     		bne	.L545
 4147 001e 0223     		movs	r3, #2
 4148 0020 84F83E30 		strb	r3, [r4, #62]
 4149              	.L546:
 4150 0024 2268     		ldr	r2, [r4]
 4151 0026 D368     		ldr	r3, [r2, #12]
 4152 0028 43F00203 		orr	r3, r3, #2
 4153 002c D360     		str	r3, [r2, #12]
 4154              	.L553:
 4155 002e 0122     		movs	r2, #1
 4156 0030 0146     		mov	r1, r0
 4157 0032 2068     		ldr	r0, [r4]
 4158 0034 FFF7FEFF 		bl	TIM_CCxChannelCmd
 4159 0038 2368     		ldr	r3, [r4]
 4160 003a 414A     		ldr	r2, .L569
 4161 003c 9342     		cmp	r3, r2
 4162 003e 69D0     		beq	.L564
 4163              	.L554:
 4164 0040 2368     		ldr	r3, [r4]
 4165 0042 3F4A     		ldr	r2, .L569
 4166 0044 9342     		cmp	r3, r2
 4167 0046 6AD0     		beq	.L555
 4168 0048 B3F1804F 		cmp	r3, #1073741824
 4169 004c 67D0     		beq	.L555
 4170 004e A2F59432 		sub	r2, r2, #75776
 4171 0052 9342     		cmp	r3, r2
 4172 0054 63D0     		beq	.L555
 4173 0056 02F58062 		add	r2, r2, #1024
 4174 005a 9342     		cmp	r3, r2
 4175 005c 5FD0     		beq	.L555
 4176 005e 1A68     		ldr	r2, [r3]
 4177 0060 42F00102 		orr	r2, r2, #1
ARM GAS  /tmp/ccdsbe5x.s 			page 71


 4178 0064 1A60     		str	r2, [r3]
 4179 0066 0020     		movs	r0, #0
 4180 0068 65E0     		b	.L544
 4181              	.L540:
 4182 006a 0429     		cmp	r1, #4
 4183 006c 07D0     		beq	.L565
 4184 006e 0829     		cmp	r1, #8
 4185 0070 0BD0     		beq	.L566
 4186 0072 94F84130 		ldrb	r3, [r4, #65]	@ zero_extendqisi2
 4187 0076 013B     		subs	r3, r3, #1
 4188 0078 18BF     		it	ne
 4189 007a 0123     		movne	r3, #1
 4190 007c CAE7     		b	.L541
 4191              	.L565:
 4192 007e 94F83F30 		ldrb	r3, [r4, #63]	@ zero_extendqisi2
 4193 0082 013B     		subs	r3, r3, #1
 4194 0084 18BF     		it	ne
 4195 0086 0123     		movne	r3, #1
 4196 0088 C4E7     		b	.L541
 4197              	.L566:
 4198 008a 94F84030 		ldrb	r3, [r4, #64]	@ zero_extendqisi2
 4199 008e 013B     		subs	r3, r3, #1
 4200 0090 18BF     		it	ne
 4201 0092 0123     		movne	r3, #1
 4202 0094 BEE7     		b	.L541
 4203              	.L545:
 4204 0096 0428     		cmp	r0, #4
 4205 0098 24D0     		beq	.L567
 4206 009a 0828     		cmp	r0, #8
 4207 009c 2BD0     		beq	.L568
 4208 009e 0223     		movs	r3, #2
 4209 00a0 84F84130 		strb	r3, [r4, #65]
 4210 00a4 0C28     		cmp	r0, #12
 4211 00a6 47D8     		bhi	.L558
 4212 00a8 01A3     		adr	r3, .L552
 4213 00aa 53F820F0 		ldr	pc, [r3, r0, lsl #2]
 4214 00ae 00BF     		.p2align 2
 4215              	.L552:
 4216 00b0 25000000 		.word	.L546+1
 4217 00b4 39010000 		.word	.L558+1
 4218 00b8 39010000 		.word	.L558+1
 4219 00bc 39010000 		.word	.L558+1
 4220 00c0 EB000000 		.word	.L548+1
 4221 00c4 39010000 		.word	.L558+1
 4222 00c8 39010000 		.word	.L558+1
 4223 00cc 39010000 		.word	.L558+1
 4224 00d0 FD000000 		.word	.L550+1
 4225 00d4 39010000 		.word	.L558+1
 4226 00d8 39010000 		.word	.L558+1
 4227 00dc 39010000 		.word	.L558+1
 4228 00e0 09010000 		.word	.L551+1
 4229              		.p2align 1
 4230              	.L567:
 4231 00e4 0223     		movs	r3, #2
 4232 00e6 84F83F30 		strb	r3, [r4, #63]
 4233              	.L548:
 4234 00ea 2268     		ldr	r2, [r4]
ARM GAS  /tmp/ccdsbe5x.s 			page 72


 4235 00ec D368     		ldr	r3, [r2, #12]
 4236 00ee 43F00403 		orr	r3, r3, #4
 4237 00f2 D360     		str	r3, [r2, #12]
 4238 00f4 9BE7     		b	.L553
 4239              	.L568:
 4240 00f6 0223     		movs	r3, #2
 4241 00f8 84F84030 		strb	r3, [r4, #64]
 4242              	.L550:
 4243 00fc 2268     		ldr	r2, [r4]
 4244 00fe D368     		ldr	r3, [r2, #12]
 4245 0100 43F00803 		orr	r3, r3, #8
 4246 0104 D360     		str	r3, [r2, #12]
 4247 0106 92E7     		b	.L553
 4248              	.L551:
 4249 0108 2268     		ldr	r2, [r4]
 4250 010a D368     		ldr	r3, [r2, #12]
 4251 010c 43F01003 		orr	r3, r3, #16
 4252 0110 D360     		str	r3, [r2, #12]
 4253 0112 8CE7     		b	.L553
 4254              	.L564:
 4255 0114 5A6C     		ldr	r2, [r3, #68]
 4256 0116 42F40042 		orr	r2, r2, #32768
 4257 011a 5A64     		str	r2, [r3, #68]
 4258 011c 90E7     		b	.L554
 4259              	.L555:
 4260 011e 9A68     		ldr	r2, [r3, #8]
 4261 0120 02F00702 		and	r2, r2, #7
 4262 0124 062A     		cmp	r2, #6
 4263 0126 09D0     		beq	.L559
 4264 0128 1A68     		ldr	r2, [r3]
 4265 012a 42F00102 		orr	r2, r2, #1
 4266 012e 1A60     		str	r2, [r3]
 4267 0130 0020     		movs	r0, #0
 4268 0132 00E0     		b	.L544
 4269              	.L557:
 4270 0134 0120     		movs	r0, #1
 4271              	.L544:
 4272 0136 10BD     		pop	{r4, pc}
 4273              	.L558:
 4274 0138 0120     		movs	r0, #1
 4275 013a FCE7     		b	.L544
 4276              	.L559:
 4277 013c 0020     		movs	r0, #0
 4278 013e FAE7     		b	.L544
 4279              	.L570:
 4280              		.align	2
 4281              	.L569:
 4282 0140 002C0140 		.word	1073818624
 4284              		.section	.text.HAL_TIM_OC_Stop_IT,"ax",%progbits
 4285              		.align	1
 4286              		.global	HAL_TIM_OC_Stop_IT
 4287              		.syntax unified
 4288              		.thumb
 4289              		.thumb_func
 4291              	HAL_TIM_OC_Stop_IT:
 4292              		@ args = 0, pretend = 0, frame = 0
 4293              		@ frame_needed = 0, uses_anonymous_args = 0
ARM GAS  /tmp/ccdsbe5x.s 			page 73


 4294 0000 38B5     		push	{r3, r4, r5, lr}
 4295 0002 0546     		mov	r5, r0
 4296 0004 0C46     		mov	r4, r1
 4297 0006 0C29     		cmp	r1, #12
 4298 0008 5FD8     		bhi	.L584
 4299 000a DFE801F0 		tbb	[pc, r1]
 4300              	.L574:
 4301 000e 07       		.byte	(.L577-.L574)/2
 4302 000f 5E       		.byte	(.L584-.L574)/2
 4303 0010 5E       		.byte	(.L584-.L574)/2
 4304 0011 5E       		.byte	(.L584-.L574)/2
 4305 0012 2A       		.byte	(.L576-.L574)/2
 4306 0013 5E       		.byte	(.L584-.L574)/2
 4307 0014 5E       		.byte	(.L584-.L574)/2
 4308 0015 5E       		.byte	(.L584-.L574)/2
 4309 0016 30       		.byte	(.L575-.L574)/2
 4310 0017 5E       		.byte	(.L584-.L574)/2
 4311 0018 5E       		.byte	(.L584-.L574)/2
 4312 0019 5E       		.byte	(.L584-.L574)/2
 4313 001a 36       		.byte	(.L573-.L574)/2
 4314 001b 00       		.p2align 1
 4315              	.L577:
 4316 001c 0268     		ldr	r2, [r0]
 4317 001e D368     		ldr	r3, [r2, #12]
 4318 0020 23F00203 		bic	r3, r3, #2
 4319 0024 D360     		str	r3, [r2, #12]
 4320              	.L578:
 4321 0026 0022     		movs	r2, #0
 4322 0028 2146     		mov	r1, r4
 4323 002a 2868     		ldr	r0, [r5]
 4324 002c FFF7FEFF 		bl	TIM_CCxChannelCmd
 4325 0030 2B68     		ldr	r3, [r5]
 4326 0032 274A     		ldr	r2, .L589
 4327 0034 9342     		cmp	r3, r2
 4328 0036 26D0     		beq	.L586
 4329              	.L579:
 4330 0038 2B68     		ldr	r3, [r5]
 4331 003a 196A     		ldr	r1, [r3, #32]
 4332 003c 41F21112 		movw	r2, #4369
 4333 0040 1142     		tst	r1, r2
 4334 0042 08D1     		bne	.L580
 4335 0044 196A     		ldr	r1, [r3, #32]
 4336 0046 40F24442 		movw	r2, #1092
 4337 004a 1142     		tst	r1, r2
 4338 004c 03D1     		bne	.L580
 4339 004e 1A68     		ldr	r2, [r3]
 4340 0050 22F00102 		bic	r2, r2, #1
 4341 0054 1A60     		str	r2, [r3]
 4342              	.L580:
 4343 0056 2CBB     		cbnz	r4, .L581
 4344 0058 0123     		movs	r3, #1
 4345 005a 85F83E30 		strb	r3, [r5, #62]
 4346 005e 0020     		movs	r0, #0
 4347 0060 34E0     		b	.L572
 4348              	.L576:
 4349 0062 0268     		ldr	r2, [r0]
 4350 0064 D368     		ldr	r3, [r2, #12]
ARM GAS  /tmp/ccdsbe5x.s 			page 74


 4351 0066 23F00403 		bic	r3, r3, #4
 4352 006a D360     		str	r3, [r2, #12]
 4353 006c DBE7     		b	.L578
 4354              	.L575:
 4355 006e 0268     		ldr	r2, [r0]
 4356 0070 D368     		ldr	r3, [r2, #12]
 4357 0072 23F00803 		bic	r3, r3, #8
 4358 0076 D360     		str	r3, [r2, #12]
 4359 0078 D5E7     		b	.L578
 4360              	.L573:
 4361 007a 0268     		ldr	r2, [r0]
 4362 007c D368     		ldr	r3, [r2, #12]
 4363 007e 23F01003 		bic	r3, r3, #16
 4364 0082 D360     		str	r3, [r2, #12]
 4365 0084 CFE7     		b	.L578
 4366              	.L586:
 4367 0086 196A     		ldr	r1, [r3, #32]
 4368 0088 41F21112 		movw	r2, #4369
 4369 008c 1142     		tst	r1, r2
 4370 008e D3D1     		bne	.L579
 4371 0090 196A     		ldr	r1, [r3, #32]
 4372 0092 40F24442 		movw	r2, #1092
 4373 0096 1142     		tst	r1, r2
 4374 0098 CED1     		bne	.L579
 4375 009a 5A6C     		ldr	r2, [r3, #68]
 4376 009c 22F40042 		bic	r2, r2, #32768
 4377 00a0 5A64     		str	r2, [r3, #68]
 4378 00a2 C9E7     		b	.L579
 4379              	.L581:
 4380 00a4 042C     		cmp	r4, #4
 4381 00a6 06D0     		beq	.L587
 4382 00a8 082C     		cmp	r4, #8
 4383 00aa 09D0     		beq	.L588
 4384 00ac 0123     		movs	r3, #1
 4385 00ae 85F84130 		strb	r3, [r5, #65]
 4386 00b2 0020     		movs	r0, #0
 4387 00b4 0AE0     		b	.L572
 4388              	.L587:
 4389 00b6 0123     		movs	r3, #1
 4390 00b8 85F83F30 		strb	r3, [r5, #63]
 4391 00bc 0020     		movs	r0, #0
 4392 00be 05E0     		b	.L572
 4393              	.L588:
 4394 00c0 0123     		movs	r3, #1
 4395 00c2 85F84030 		strb	r3, [r5, #64]
 4396 00c6 0020     		movs	r0, #0
 4397 00c8 00E0     		b	.L572
 4398              	.L584:
 4399 00ca 0120     		movs	r0, #1
 4400              	.L572:
 4401 00cc 38BD     		pop	{r3, r4, r5, pc}
 4402              	.L590:
 4403 00ce 00BF     		.align	2
 4404              	.L589:
 4405 00d0 002C0140 		.word	1073818624
 4407              		.section	.text.HAL_TIM_OC_Start_DMA,"ax",%progbits
 4408              		.align	1
ARM GAS  /tmp/ccdsbe5x.s 			page 75


 4409              		.global	HAL_TIM_OC_Start_DMA
 4410              		.syntax unified
 4411              		.thumb
 4412              		.thumb_func
 4414              	HAL_TIM_OC_Start_DMA:
 4415              		@ args = 0, pretend = 0, frame = 0
 4416              		@ frame_needed = 0, uses_anonymous_args = 0
 4417 0000 70B5     		push	{r4, r5, r6, lr}
 4418 0002 0446     		mov	r4, r0
 4419 0004 1646     		mov	r6, r2
 4420 0006 0D46     		mov	r5, r1
 4421 0008 0029     		cmp	r1, #0
 4422 000a 58D1     		bne	.L592
 4423 000c 90F83E00 		ldrb	r0, [r0, #62]	@ zero_extendqisi2
 4424 0010 0228     		cmp	r0, #2
 4425 0012 14BF     		ite	ne
 4426 0014 0020     		movne	r0, #0
 4427 0016 0120     		moveq	r0, #1
 4428              	.L593:
 4429 0018 0028     		cmp	r0, #0
 4430 001a 40F00381 		bne	.L613
 4431 001e 002D     		cmp	r5, #0
 4432 0020 66D1     		bne	.L597
 4433 0022 94F83E20 		ldrb	r2, [r4, #62]	@ zero_extendqisi2
 4434 0026 012A     		cmp	r2, #1
 4435 0028 14BF     		ite	ne
 4436 002a 0022     		movne	r2, #0
 4437 002c 0122     		moveq	r2, #1
 4438              	.L598:
 4439 002e 002A     		cmp	r2, #0
 4440 0030 00F0FA80 		beq	.L614
 4441 0034 002E     		cmp	r6, #0
 4442 0036 00F0F980 		beq	.L615
 4443 003a 002B     		cmp	r3, #0
 4444 003c 00F0F880 		beq	.L616
 4445 0040 002D     		cmp	r5, #0
 4446 0042 6ED1     		bne	.L601
 4447 0044 0222     		movs	r2, #2
 4448 0046 84F83E20 		strb	r2, [r4, #62]
 4449              	.L602:
 4450 004a 626A     		ldr	r2, [r4, #36]
 4451 004c 7F49     		ldr	r1, .L634
 4452 004e 9162     		str	r1, [r2, #40]
 4453 0050 626A     		ldr	r2, [r4, #36]
 4454 0052 7F49     		ldr	r1, .L634+4
 4455 0054 D162     		str	r1, [r2, #44]
 4456 0056 626A     		ldr	r2, [r4, #36]
 4457 0058 7E49     		ldr	r1, .L634+8
 4458 005a 1163     		str	r1, [r2, #48]
 4459 005c 2268     		ldr	r2, [r4]
 4460 005e 3432     		adds	r2, r2, #52
 4461 0060 3146     		mov	r1, r6
 4462 0062 606A     		ldr	r0, [r4, #36]
 4463 0064 FFF7FEFF 		bl	HAL_DMA_Start_IT
 4464 0068 0028     		cmp	r0, #0
 4465 006a 40F0E580 		bne	.L618
 4466 006e 2268     		ldr	r2, [r4]
ARM GAS  /tmp/ccdsbe5x.s 			page 76


 4467 0070 D368     		ldr	r3, [r2, #12]
 4468 0072 43F40073 		orr	r3, r3, #512
 4469 0076 D360     		str	r3, [r2, #12]
 4470              	.L609:
 4471 0078 0122     		movs	r2, #1
 4472 007a 2946     		mov	r1, r5
 4473 007c 2068     		ldr	r0, [r4]
 4474 007e FFF7FEFF 		bl	TIM_CCxChannelCmd
 4475 0082 2368     		ldr	r3, [r4]
 4476 0084 744A     		ldr	r2, .L634+12
 4477 0086 9342     		cmp	r3, r2
 4478 0088 00F0BC80 		beq	.L627
 4479              	.L610:
 4480 008c 2368     		ldr	r3, [r4]
 4481 008e 724A     		ldr	r2, .L634+12
 4482 0090 9342     		cmp	r3, r2
 4483 0092 00F0BC80 		beq	.L611
 4484 0096 B3F1804F 		cmp	r3, #1073741824
 4485 009a 00F0B880 		beq	.L611
 4486 009e A2F59432 		sub	r2, r2, #75776
 4487 00a2 9342     		cmp	r3, r2
 4488 00a4 00F0B380 		beq	.L611
 4489 00a8 02F58062 		add	r2, r2, #1024
 4490 00ac 9342     		cmp	r3, r2
 4491 00ae 00F0AE80 		beq	.L611
 4492 00b2 1A68     		ldr	r2, [r3]
 4493 00b4 42F00102 		orr	r2, r2, #1
 4494 00b8 1A60     		str	r2, [r3]
 4495 00ba 0020     		movs	r0, #0
 4496 00bc B5E0     		b	.L596
 4497              	.L592:
 4498 00be 0429     		cmp	r1, #4
 4499 00c0 08D0     		beq	.L628
 4500 00c2 0829     		cmp	r1, #8
 4501 00c4 0DD0     		beq	.L629
 4502 00c6 90F84100 		ldrb	r0, [r0, #65]	@ zero_extendqisi2
 4503 00ca 0228     		cmp	r0, #2
 4504 00cc 14BF     		ite	ne
 4505 00ce 0020     		movne	r0, #0
 4506 00d0 0120     		moveq	r0, #1
 4507 00d2 A1E7     		b	.L593
 4508              	.L628:
 4509 00d4 90F83F00 		ldrb	r0, [r0, #63]	@ zero_extendqisi2
 4510 00d8 0228     		cmp	r0, #2
 4511 00da 14BF     		ite	ne
 4512 00dc 0020     		movne	r0, #0
 4513 00de 0120     		moveq	r0, #1
 4514 00e0 9AE7     		b	.L593
 4515              	.L629:
 4516 00e2 90F84000 		ldrb	r0, [r0, #64]	@ zero_extendqisi2
 4517 00e6 0228     		cmp	r0, #2
 4518 00e8 14BF     		ite	ne
 4519 00ea 0020     		movne	r0, #0
 4520 00ec 0120     		moveq	r0, #1
 4521 00ee 93E7     		b	.L593
 4522              	.L597:
 4523 00f0 042D     		cmp	r5, #4
ARM GAS  /tmp/ccdsbe5x.s 			page 77


 4524 00f2 08D0     		beq	.L630
 4525 00f4 082D     		cmp	r5, #8
 4526 00f6 0DD0     		beq	.L631
 4527 00f8 94F84120 		ldrb	r2, [r4, #65]	@ zero_extendqisi2
 4528 00fc 012A     		cmp	r2, #1
 4529 00fe 14BF     		ite	ne
 4530 0100 0022     		movne	r2, #0
 4531 0102 0122     		moveq	r2, #1
 4532 0104 93E7     		b	.L598
 4533              	.L630:
 4534 0106 94F83F20 		ldrb	r2, [r4, #63]	@ zero_extendqisi2
 4535 010a 012A     		cmp	r2, #1
 4536 010c 14BF     		ite	ne
 4537 010e 0022     		movne	r2, #0
 4538 0110 0122     		moveq	r2, #1
 4539 0112 8CE7     		b	.L598
 4540              	.L631:
 4541 0114 94F84020 		ldrb	r2, [r4, #64]	@ zero_extendqisi2
 4542 0118 012A     		cmp	r2, #1
 4543 011a 14BF     		ite	ne
 4544 011c 0022     		movne	r2, #0
 4545 011e 0122     		moveq	r2, #1
 4546 0120 85E7     		b	.L598
 4547              	.L601:
 4548 0122 042D     		cmp	r5, #4
 4549 0124 24D0     		beq	.L632
 4550 0126 082D     		cmp	r5, #8
 4551 0128 3CD0     		beq	.L633
 4552 012a 0222     		movs	r2, #2
 4553 012c 84F84120 		strb	r2, [r4, #65]
 4554 0130 0C2D     		cmp	r5, #12
 4555 0132 7FD8     		bhi	.L617
 4556 0134 01A2     		adr	r2, .L608
 4557 0136 52F825F0 		ldr	pc, [r2, r5, lsl #2]
 4558 013a 00BF     		.p2align 2
 4559              	.L608:
 4560 013c 4B000000 		.word	.L602+1
 4561 0140 35020000 		.word	.L617+1
 4562 0144 35020000 		.word	.L617+1
 4563 0148 35020000 		.word	.L617+1
 4564 014c 77010000 		.word	.L604+1
 4565 0150 35020000 		.word	.L617+1
 4566 0154 35020000 		.word	.L617+1
 4567 0158 35020000 		.word	.L617+1
 4568 015c AB010000 		.word	.L606+1
 4569 0160 35020000 		.word	.L617+1
 4570 0164 35020000 		.word	.L617+1
 4571 0168 35020000 		.word	.L617+1
 4572 016c D9010000 		.word	.L607+1
 4573              		.p2align 1
 4574              	.L632:
 4575 0170 0222     		movs	r2, #2
 4576 0172 84F83F20 		strb	r2, [r4, #63]
 4577              	.L604:
 4578 0176 A26A     		ldr	r2, [r4, #40]
 4579 0178 3449     		ldr	r1, .L634
 4580 017a 9162     		str	r1, [r2, #40]
ARM GAS  /tmp/ccdsbe5x.s 			page 78


 4581 017c A26A     		ldr	r2, [r4, #40]
 4582 017e 3449     		ldr	r1, .L634+4
 4583 0180 D162     		str	r1, [r2, #44]
 4584 0182 A26A     		ldr	r2, [r4, #40]
 4585 0184 3349     		ldr	r1, .L634+8
 4586 0186 1163     		str	r1, [r2, #48]
 4587 0188 2268     		ldr	r2, [r4]
 4588 018a 3832     		adds	r2, r2, #56
 4589 018c 3146     		mov	r1, r6
 4590 018e A06A     		ldr	r0, [r4, #40]
 4591 0190 FFF7FEFF 		bl	HAL_DMA_Start_IT
 4592 0194 0028     		cmp	r0, #0
 4593 0196 51D1     		bne	.L619
 4594 0198 2268     		ldr	r2, [r4]
 4595 019a D368     		ldr	r3, [r2, #12]
 4596 019c 43F48063 		orr	r3, r3, #1024
 4597 01a0 D360     		str	r3, [r2, #12]
 4598 01a2 69E7     		b	.L609
 4599              	.L633:
 4600 01a4 0222     		movs	r2, #2
 4601 01a6 84F84020 		strb	r2, [r4, #64]
 4602              	.L606:
 4603 01aa E26A     		ldr	r2, [r4, #44]
 4604 01ac 2749     		ldr	r1, .L634
 4605 01ae 9162     		str	r1, [r2, #40]
 4606 01b0 E26A     		ldr	r2, [r4, #44]
 4607 01b2 2749     		ldr	r1, .L634+4
 4608 01b4 D162     		str	r1, [r2, #44]
 4609 01b6 E26A     		ldr	r2, [r4, #44]
 4610 01b8 2649     		ldr	r1, .L634+8
 4611 01ba 1163     		str	r1, [r2, #48]
 4612 01bc 2268     		ldr	r2, [r4]
 4613 01be 3C32     		adds	r2, r2, #60
 4614 01c0 3146     		mov	r1, r6
 4615 01c2 E06A     		ldr	r0, [r4, #44]
 4616 01c4 FFF7FEFF 		bl	HAL_DMA_Start_IT
 4617 01c8 0028     		cmp	r0, #0
 4618 01ca 39D1     		bne	.L620
 4619 01cc 2268     		ldr	r2, [r4]
 4620 01ce D368     		ldr	r3, [r2, #12]
 4621 01d0 43F40063 		orr	r3, r3, #2048
 4622 01d4 D360     		str	r3, [r2, #12]
 4623 01d6 4FE7     		b	.L609
 4624              	.L607:
 4625 01d8 226B     		ldr	r2, [r4, #48]
 4626 01da 1C49     		ldr	r1, .L634
 4627 01dc 9162     		str	r1, [r2, #40]
 4628 01de 226B     		ldr	r2, [r4, #48]
 4629 01e0 1B49     		ldr	r1, .L634+4
 4630 01e2 D162     		str	r1, [r2, #44]
 4631 01e4 226B     		ldr	r2, [r4, #48]
 4632 01e6 1B49     		ldr	r1, .L634+8
 4633 01e8 1163     		str	r1, [r2, #48]
 4634 01ea 2268     		ldr	r2, [r4]
 4635 01ec 4032     		adds	r2, r2, #64
 4636 01ee 3146     		mov	r1, r6
 4637 01f0 206B     		ldr	r0, [r4, #48]
ARM GAS  /tmp/ccdsbe5x.s 			page 79


 4638 01f2 FFF7FEFF 		bl	HAL_DMA_Start_IT
 4639 01f6 28BB     		cbnz	r0, .L621
 4640 01f8 2268     		ldr	r2, [r4]
 4641 01fa D368     		ldr	r3, [r2, #12]
 4642 01fc 43F48053 		orr	r3, r3, #4096
 4643 0200 D360     		str	r3, [r2, #12]
 4644 0202 39E7     		b	.L609
 4645              	.L627:
 4646 0204 5A6C     		ldr	r2, [r3, #68]
 4647 0206 42F40042 		orr	r2, r2, #32768
 4648 020a 5A64     		str	r2, [r3, #68]
 4649 020c 3EE7     		b	.L610
 4650              	.L611:
 4651 020e 9A68     		ldr	r2, [r3, #8]
 4652 0210 02F00702 		and	r2, r2, #7
 4653 0214 062A     		cmp	r2, #6
 4654 0216 17D0     		beq	.L622
 4655 0218 1A68     		ldr	r2, [r3]
 4656 021a 42F00102 		orr	r2, r2, #1
 4657 021e 1A60     		str	r2, [r3]
 4658 0220 0020     		movs	r0, #0
 4659 0222 02E0     		b	.L596
 4660              	.L613:
 4661 0224 0220     		movs	r0, #2
 4662 0226 00E0     		b	.L596
 4663              	.L614:
 4664 0228 0120     		movs	r0, #1
 4665              	.L596:
 4666 022a 70BD     		pop	{r4, r5, r6, pc}
 4667              	.L615:
 4668 022c 0120     		movs	r0, #1
 4669 022e FCE7     		b	.L596
 4670              	.L616:
 4671 0230 0120     		movs	r0, #1
 4672 0232 FAE7     		b	.L596
 4673              	.L617:
 4674 0234 0120     		movs	r0, #1
 4675 0236 F8E7     		b	.L596
 4676              	.L618:
 4677 0238 0120     		movs	r0, #1
 4678 023a F6E7     		b	.L596
 4679              	.L619:
 4680 023c 0120     		movs	r0, #1
 4681 023e F4E7     		b	.L596
 4682              	.L620:
 4683 0240 0120     		movs	r0, #1
 4684 0242 F2E7     		b	.L596
 4685              	.L621:
 4686 0244 0120     		movs	r0, #1
 4687 0246 F0E7     		b	.L596
 4688              	.L622:
 4689 0248 0020     		movs	r0, #0
 4690 024a EEE7     		b	.L596
 4691              	.L635:
 4692              		.align	2
 4693              	.L634:
 4694 024c 00000000 		.word	TIM_DMADelayPulseCplt
ARM GAS  /tmp/ccdsbe5x.s 			page 80


 4695 0250 00000000 		.word	TIM_DMADelayPulseHalfCplt
 4696 0254 00000000 		.word	TIM_DMAError
 4697 0258 002C0140 		.word	1073818624
 4699              		.section	.text.HAL_TIM_OC_Stop_DMA,"ax",%progbits
 4700              		.align	1
 4701              		.global	HAL_TIM_OC_Stop_DMA
 4702              		.syntax unified
 4703              		.thumb
 4704              		.thumb_func
 4706              	HAL_TIM_OC_Stop_DMA:
 4707              		@ args = 0, pretend = 0, frame = 0
 4708              		@ frame_needed = 0, uses_anonymous_args = 0
 4709 0000 38B5     		push	{r3, r4, r5, lr}
 4710 0002 0546     		mov	r5, r0
 4711 0004 0C46     		mov	r4, r1
 4712 0006 0C29     		cmp	r1, #12
 4713 0008 6CD8     		bhi	.L649
 4714 000a DFE801F0 		tbb	[pc, r1]
 4715              	.L639:
 4716 000e 07       		.byte	(.L642-.L639)/2
 4717 000f 6B       		.byte	(.L649-.L639)/2
 4718 0010 6B       		.byte	(.L649-.L639)/2
 4719 0011 6B       		.byte	(.L649-.L639)/2
 4720 0012 2E       		.byte	(.L641-.L639)/2
 4721 0013 6B       		.byte	(.L649-.L639)/2
 4722 0014 6B       		.byte	(.L649-.L639)/2
 4723 0015 6B       		.byte	(.L649-.L639)/2
 4724 0016 37       		.byte	(.L640-.L639)/2
 4725 0017 6B       		.byte	(.L649-.L639)/2
 4726 0018 6B       		.byte	(.L649-.L639)/2
 4727 0019 6B       		.byte	(.L649-.L639)/2
 4728 001a 40       		.byte	(.L638-.L639)/2
 4729 001b 00       		.p2align 1
 4730              	.L642:
 4731 001c 0268     		ldr	r2, [r0]
 4732 001e D368     		ldr	r3, [r2, #12]
 4733 0020 23F40073 		bic	r3, r3, #512
 4734 0024 D360     		str	r3, [r2, #12]
 4735 0026 406A     		ldr	r0, [r0, #36]
 4736 0028 FFF7FEFF 		bl	HAL_DMA_Abort_IT
 4737              	.L643:
 4738 002c 0022     		movs	r2, #0
 4739 002e 2146     		mov	r1, r4
 4740 0030 2868     		ldr	r0, [r5]
 4741 0032 FFF7FEFF 		bl	TIM_CCxChannelCmd
 4742 0036 2B68     		ldr	r3, [r5]
 4743 0038 2B4A     		ldr	r2, .L654
 4744 003a 9342     		cmp	r3, r2
 4745 003c 30D0     		beq	.L651
 4746              	.L644:
 4747 003e 2B68     		ldr	r3, [r5]
 4748 0040 196A     		ldr	r1, [r3, #32]
 4749 0042 41F21112 		movw	r2, #4369
 4750 0046 1142     		tst	r1, r2
 4751 0048 08D1     		bne	.L645
 4752 004a 196A     		ldr	r1, [r3, #32]
 4753 004c 40F24442 		movw	r2, #1092
ARM GAS  /tmp/ccdsbe5x.s 			page 81


 4754 0050 1142     		tst	r1, r2
 4755 0052 03D1     		bne	.L645
 4756 0054 1A68     		ldr	r2, [r3]
 4757 0056 22F00102 		bic	r2, r2, #1
 4758 005a 1A60     		str	r2, [r3]
 4759              	.L645:
 4760 005c 002C     		cmp	r4, #0
 4761 005e 2ED1     		bne	.L646
 4762 0060 0123     		movs	r3, #1
 4763 0062 85F83E30 		strb	r3, [r5, #62]
 4764 0066 0020     		movs	r0, #0
 4765 0068 3DE0     		b	.L637
 4766              	.L641:
 4767 006a 0268     		ldr	r2, [r0]
 4768 006c D368     		ldr	r3, [r2, #12]
 4769 006e 23F48063 		bic	r3, r3, #1024
 4770 0072 D360     		str	r3, [r2, #12]
 4771 0074 806A     		ldr	r0, [r0, #40]
 4772 0076 FFF7FEFF 		bl	HAL_DMA_Abort_IT
 4773 007a D7E7     		b	.L643
 4774              	.L640:
 4775 007c 0268     		ldr	r2, [r0]
 4776 007e D368     		ldr	r3, [r2, #12]
 4777 0080 23F40063 		bic	r3, r3, #2048
 4778 0084 D360     		str	r3, [r2, #12]
 4779 0086 C06A     		ldr	r0, [r0, #44]
 4780 0088 FFF7FEFF 		bl	HAL_DMA_Abort_IT
 4781 008c CEE7     		b	.L643
 4782              	.L638:
 4783 008e 0268     		ldr	r2, [r0]
 4784 0090 D368     		ldr	r3, [r2, #12]
 4785 0092 23F48053 		bic	r3, r3, #4096
 4786 0096 D360     		str	r3, [r2, #12]
 4787 0098 006B     		ldr	r0, [r0, #48]
 4788 009a FFF7FEFF 		bl	HAL_DMA_Abort_IT
 4789 009e C5E7     		b	.L643
 4790              	.L651:
 4791 00a0 196A     		ldr	r1, [r3, #32]
 4792 00a2 41F21112 		movw	r2, #4369
 4793 00a6 1142     		tst	r1, r2
 4794 00a8 C9D1     		bne	.L644
 4795 00aa 196A     		ldr	r1, [r3, #32]
 4796 00ac 40F24442 		movw	r2, #1092
 4797 00b0 1142     		tst	r1, r2
 4798 00b2 C4D1     		bne	.L644
 4799 00b4 5A6C     		ldr	r2, [r3, #68]
 4800 00b6 22F40042 		bic	r2, r2, #32768
 4801 00ba 5A64     		str	r2, [r3, #68]
 4802 00bc BFE7     		b	.L644
 4803              	.L646:
 4804 00be 042C     		cmp	r4, #4
 4805 00c0 06D0     		beq	.L652
 4806 00c2 082C     		cmp	r4, #8
 4807 00c4 09D0     		beq	.L653
 4808 00c6 0123     		movs	r3, #1
 4809 00c8 85F84130 		strb	r3, [r5, #65]
 4810 00cc 0020     		movs	r0, #0
ARM GAS  /tmp/ccdsbe5x.s 			page 82


 4811 00ce 0AE0     		b	.L637
 4812              	.L652:
 4813 00d0 0123     		movs	r3, #1
 4814 00d2 85F83F30 		strb	r3, [r5, #63]
 4815 00d6 0020     		movs	r0, #0
 4816 00d8 05E0     		b	.L637
 4817              	.L653:
 4818 00da 0123     		movs	r3, #1
 4819 00dc 85F84030 		strb	r3, [r5, #64]
 4820 00e0 0020     		movs	r0, #0
 4821 00e2 00E0     		b	.L637
 4822              	.L649:
 4823 00e4 0120     		movs	r0, #1
 4824              	.L637:
 4825 00e6 38BD     		pop	{r3, r4, r5, pc}
 4826              	.L655:
 4827              		.align	2
 4828              	.L654:
 4829 00e8 002C0140 		.word	1073818624
 4831              		.section	.text.HAL_TIM_PWM_Start,"ax",%progbits
 4832              		.align	1
 4833              		.global	HAL_TIM_PWM_Start
 4834              		.syntax unified
 4835              		.thumb
 4836              		.thumb_func
 4838              	HAL_TIM_PWM_Start:
 4839              		@ args = 0, pretend = 0, frame = 0
 4840              		@ frame_needed = 0, uses_anonymous_args = 0
 4841 0000 10B5     		push	{r4, lr}
 4842 0002 0446     		mov	r4, r0
 4843 0004 0846     		mov	r0, r1
 4844 0006 49BB     		cbnz	r1, .L657
 4845 0008 94F83E30 		ldrb	r3, [r4, #62]	@ zero_extendqisi2
 4846 000c 013B     		subs	r3, r3, #1
 4847 000e 18BF     		it	ne
 4848 0010 0123     		movne	r3, #1
 4849              	.L658:
 4850 0012 002B     		cmp	r3, #0
 4851 0014 58D1     		bne	.L669
 4852 0016 0028     		cmp	r0, #0
 4853 0018 36D1     		bne	.L662
 4854 001a 0223     		movs	r3, #2
 4855 001c 84F83E30 		strb	r3, [r4, #62]
 4856              	.L663:
 4857 0020 0122     		movs	r2, #1
 4858 0022 0146     		mov	r1, r0
 4859 0024 2068     		ldr	r0, [r4]
 4860 0026 FFF7FEFF 		bl	TIM_CCxChannelCmd
 4861 002a 2368     		ldr	r3, [r4]
 4862 002c 284A     		ldr	r2, .L677
 4863 002e 9342     		cmp	r3, r2
 4864 0030 3AD0     		beq	.L672
 4865              	.L666:
 4866 0032 2368     		ldr	r3, [r4]
 4867 0034 264A     		ldr	r2, .L677
 4868 0036 9342     		cmp	r3, r2
 4869 0038 3BD0     		beq	.L667
ARM GAS  /tmp/ccdsbe5x.s 			page 83


 4870 003a B3F1804F 		cmp	r3, #1073741824
 4871 003e 38D0     		beq	.L667
 4872 0040 A2F59432 		sub	r2, r2, #75776
 4873 0044 9342     		cmp	r3, r2
 4874 0046 34D0     		beq	.L667
 4875 0048 02F58062 		add	r2, r2, #1024
 4876 004c 9342     		cmp	r3, r2
 4877 004e 30D0     		beq	.L667
 4878 0050 1A68     		ldr	r2, [r3]
 4879 0052 42F00102 		orr	r2, r2, #1
 4880 0056 1A60     		str	r2, [r3]
 4881 0058 0020     		movs	r0, #0
 4882 005a 36E0     		b	.L661
 4883              	.L657:
 4884 005c 0429     		cmp	r1, #4
 4885 005e 07D0     		beq	.L673
 4886 0060 0829     		cmp	r1, #8
 4887 0062 0BD0     		beq	.L674
 4888 0064 94F84130 		ldrb	r3, [r4, #65]	@ zero_extendqisi2
 4889 0068 013B     		subs	r3, r3, #1
 4890 006a 18BF     		it	ne
 4891 006c 0123     		movne	r3, #1
 4892 006e D0E7     		b	.L658
 4893              	.L673:
 4894 0070 94F83F30 		ldrb	r3, [r4, #63]	@ zero_extendqisi2
 4895 0074 013B     		subs	r3, r3, #1
 4896 0076 18BF     		it	ne
 4897 0078 0123     		movne	r3, #1
 4898 007a CAE7     		b	.L658
 4899              	.L674:
 4900 007c 94F84030 		ldrb	r3, [r4, #64]	@ zero_extendqisi2
 4901 0080 013B     		subs	r3, r3, #1
 4902 0082 18BF     		it	ne
 4903 0084 0123     		movne	r3, #1
 4904 0086 C4E7     		b	.L658
 4905              	.L662:
 4906 0088 0428     		cmp	r0, #4
 4907 008a 05D0     		beq	.L675
 4908 008c 0828     		cmp	r0, #8
 4909 008e 07D0     		beq	.L676
 4910 0090 0223     		movs	r3, #2
 4911 0092 84F84130 		strb	r3, [r4, #65]
 4912 0096 C3E7     		b	.L663
 4913              	.L675:
 4914 0098 0223     		movs	r3, #2
 4915 009a 84F83F30 		strb	r3, [r4, #63]
 4916 009e BFE7     		b	.L663
 4917              	.L676:
 4918 00a0 0223     		movs	r3, #2
 4919 00a2 84F84030 		strb	r3, [r4, #64]
 4920 00a6 BBE7     		b	.L663
 4921              	.L672:
 4922 00a8 5A6C     		ldr	r2, [r3, #68]
 4923 00aa 42F40042 		orr	r2, r2, #32768
 4924 00ae 5A64     		str	r2, [r3, #68]
 4925 00b0 BFE7     		b	.L666
 4926              	.L667:
ARM GAS  /tmp/ccdsbe5x.s 			page 84


 4927 00b2 9A68     		ldr	r2, [r3, #8]
 4928 00b4 02F00702 		and	r2, r2, #7
 4929 00b8 062A     		cmp	r2, #6
 4930 00ba 07D0     		beq	.L670
 4931 00bc 1A68     		ldr	r2, [r3]
 4932 00be 42F00102 		orr	r2, r2, #1
 4933 00c2 1A60     		str	r2, [r3]
 4934 00c4 0020     		movs	r0, #0
 4935 00c6 00E0     		b	.L661
 4936              	.L669:
 4937 00c8 0120     		movs	r0, #1
 4938              	.L661:
 4939 00ca 10BD     		pop	{r4, pc}
 4940              	.L670:
 4941 00cc 0020     		movs	r0, #0
 4942 00ce FCE7     		b	.L661
 4943              	.L678:
 4944              		.align	2
 4945              	.L677:
 4946 00d0 002C0140 		.word	1073818624
 4948              		.section	.text.HAL_TIM_PWM_Stop,"ax",%progbits
 4949              		.align	1
 4950              		.global	HAL_TIM_PWM_Stop
 4951              		.syntax unified
 4952              		.thumb
 4953              		.thumb_func
 4955              	HAL_TIM_PWM_Stop:
 4956              		@ args = 0, pretend = 0, frame = 0
 4957              		@ frame_needed = 0, uses_anonymous_args = 0
 4958 0000 38B5     		push	{r3, r4, r5, lr}
 4959 0002 0446     		mov	r4, r0
 4960 0004 0D46     		mov	r5, r1
 4961 0006 0022     		movs	r2, #0
 4962 0008 0068     		ldr	r0, [r0]
 4963 000a FFF7FEFF 		bl	TIM_CCxChannelCmd
 4964 000e 2368     		ldr	r3, [r4]
 4965 0010 1B4A     		ldr	r2, .L690
 4966 0012 9342     		cmp	r3, r2
 4967 0014 14D0     		beq	.L687
 4968              	.L680:
 4969 0016 2368     		ldr	r3, [r4]
 4970 0018 196A     		ldr	r1, [r3, #32]
 4971 001a 41F21112 		movw	r2, #4369
 4972 001e 1142     		tst	r1, r2
 4973 0020 08D1     		bne	.L681
 4974 0022 196A     		ldr	r1, [r3, #32]
 4975 0024 40F24442 		movw	r2, #1092
 4976 0028 1142     		tst	r1, r2
 4977 002a 03D1     		bne	.L681
 4978 002c 1A68     		ldr	r2, [r3]
 4979 002e 22F00102 		bic	r2, r2, #1
 4980 0032 1A60     		str	r2, [r3]
 4981              	.L681:
 4982 0034 9DB9     		cbnz	r5, .L682
 4983 0036 0123     		movs	r3, #1
 4984 0038 84F83E30 		strb	r3, [r4, #62]
 4985              	.L683:
ARM GAS  /tmp/ccdsbe5x.s 			page 85


 4986 003c 0020     		movs	r0, #0
 4987 003e 38BD     		pop	{r3, r4, r5, pc}
 4988              	.L687:
 4989 0040 196A     		ldr	r1, [r3, #32]
 4990 0042 41F21112 		movw	r2, #4369
 4991 0046 1142     		tst	r1, r2
 4992 0048 E5D1     		bne	.L680
 4993 004a 196A     		ldr	r1, [r3, #32]
 4994 004c 40F24442 		movw	r2, #1092
 4995 0050 1142     		tst	r1, r2
 4996 0052 E0D1     		bne	.L680
 4997 0054 5A6C     		ldr	r2, [r3, #68]
 4998 0056 22F40042 		bic	r2, r2, #32768
 4999 005a 5A64     		str	r2, [r3, #68]
 5000 005c DBE7     		b	.L680
 5001              	.L682:
 5002 005e 042D     		cmp	r5, #4
 5003 0060 05D0     		beq	.L688
 5004 0062 082D     		cmp	r5, #8
 5005 0064 07D0     		beq	.L689
 5006 0066 0123     		movs	r3, #1
 5007 0068 84F84130 		strb	r3, [r4, #65]
 5008 006c E6E7     		b	.L683
 5009              	.L688:
 5010 006e 0123     		movs	r3, #1
 5011 0070 84F83F30 		strb	r3, [r4, #63]
 5012 0074 E2E7     		b	.L683
 5013              	.L689:
 5014 0076 0123     		movs	r3, #1
 5015 0078 84F84030 		strb	r3, [r4, #64]
 5016 007c DEE7     		b	.L683
 5017              	.L691:
 5018 007e 00BF     		.align	2
 5019              	.L690:
 5020 0080 002C0140 		.word	1073818624
 5022              		.section	.text.HAL_TIM_PWM_Start_IT,"ax",%progbits
 5023              		.align	1
 5024              		.global	HAL_TIM_PWM_Start_IT
 5025              		.syntax unified
 5026              		.thumb
 5027              		.thumb_func
 5029              	HAL_TIM_PWM_Start_IT:
 5030              		@ args = 0, pretend = 0, frame = 0
 5031              		@ frame_needed = 0, uses_anonymous_args = 0
 5032 0000 10B5     		push	{r4, lr}
 5033 0002 0446     		mov	r4, r0
 5034 0004 0846     		mov	r0, r1
 5035 0006 0029     		cmp	r1, #0
 5036 0008 2FD1     		bne	.L693
 5037 000a 94F83E30 		ldrb	r3, [r4, #62]	@ zero_extendqisi2
 5038 000e 013B     		subs	r3, r3, #1
 5039 0010 18BF     		it	ne
 5040 0012 0123     		movne	r3, #1
 5041              	.L694:
 5042 0014 002B     		cmp	r3, #0
 5043 0016 40F08D80 		bne	.L710
 5044 001a 0028     		cmp	r0, #0
ARM GAS  /tmp/ccdsbe5x.s 			page 86


 5045 001c 3BD1     		bne	.L698
 5046 001e 0223     		movs	r3, #2
 5047 0020 84F83E30 		strb	r3, [r4, #62]
 5048              	.L699:
 5049 0024 2268     		ldr	r2, [r4]
 5050 0026 D368     		ldr	r3, [r2, #12]
 5051 0028 43F00203 		orr	r3, r3, #2
 5052 002c D360     		str	r3, [r2, #12]
 5053              	.L706:
 5054 002e 0122     		movs	r2, #1
 5055 0030 0146     		mov	r1, r0
 5056 0032 2068     		ldr	r0, [r4]
 5057 0034 FFF7FEFF 		bl	TIM_CCxChannelCmd
 5058 0038 2368     		ldr	r3, [r4]
 5059 003a 414A     		ldr	r2, .L722
 5060 003c 9342     		cmp	r3, r2
 5061 003e 69D0     		beq	.L717
 5062              	.L707:
 5063 0040 2368     		ldr	r3, [r4]
 5064 0042 3F4A     		ldr	r2, .L722
 5065 0044 9342     		cmp	r3, r2
 5066 0046 6AD0     		beq	.L708
 5067 0048 B3F1804F 		cmp	r3, #1073741824
 5068 004c 67D0     		beq	.L708
 5069 004e A2F59432 		sub	r2, r2, #75776
 5070 0052 9342     		cmp	r3, r2
 5071 0054 63D0     		beq	.L708
 5072 0056 02F58062 		add	r2, r2, #1024
 5073 005a 9342     		cmp	r3, r2
 5074 005c 5FD0     		beq	.L708
 5075 005e 1A68     		ldr	r2, [r3]
 5076 0060 42F00102 		orr	r2, r2, #1
 5077 0064 1A60     		str	r2, [r3]
 5078 0066 0020     		movs	r0, #0
 5079 0068 65E0     		b	.L697
 5080              	.L693:
 5081 006a 0429     		cmp	r1, #4
 5082 006c 07D0     		beq	.L718
 5083 006e 0829     		cmp	r1, #8
 5084 0070 0BD0     		beq	.L719
 5085 0072 94F84130 		ldrb	r3, [r4, #65]	@ zero_extendqisi2
 5086 0076 013B     		subs	r3, r3, #1
 5087 0078 18BF     		it	ne
 5088 007a 0123     		movne	r3, #1
 5089 007c CAE7     		b	.L694
 5090              	.L718:
 5091 007e 94F83F30 		ldrb	r3, [r4, #63]	@ zero_extendqisi2
 5092 0082 013B     		subs	r3, r3, #1
 5093 0084 18BF     		it	ne
 5094 0086 0123     		movne	r3, #1
 5095 0088 C4E7     		b	.L694
 5096              	.L719:
 5097 008a 94F84030 		ldrb	r3, [r4, #64]	@ zero_extendqisi2
 5098 008e 013B     		subs	r3, r3, #1
 5099 0090 18BF     		it	ne
 5100 0092 0123     		movne	r3, #1
 5101 0094 BEE7     		b	.L694
ARM GAS  /tmp/ccdsbe5x.s 			page 87


 5102              	.L698:
 5103 0096 0428     		cmp	r0, #4
 5104 0098 24D0     		beq	.L720
 5105 009a 0828     		cmp	r0, #8
 5106 009c 2BD0     		beq	.L721
 5107 009e 0223     		movs	r3, #2
 5108 00a0 84F84130 		strb	r3, [r4, #65]
 5109 00a4 0C28     		cmp	r0, #12
 5110 00a6 47D8     		bhi	.L711
 5111 00a8 01A3     		adr	r3, .L705
 5112 00aa 53F820F0 		ldr	pc, [r3, r0, lsl #2]
 5113 00ae 00BF     		.p2align 2
 5114              	.L705:
 5115 00b0 25000000 		.word	.L699+1
 5116 00b4 39010000 		.word	.L711+1
 5117 00b8 39010000 		.word	.L711+1
 5118 00bc 39010000 		.word	.L711+1
 5119 00c0 EB000000 		.word	.L701+1
 5120 00c4 39010000 		.word	.L711+1
 5121 00c8 39010000 		.word	.L711+1
 5122 00cc 39010000 		.word	.L711+1
 5123 00d0 FD000000 		.word	.L703+1
 5124 00d4 39010000 		.word	.L711+1
 5125 00d8 39010000 		.word	.L711+1
 5126 00dc 39010000 		.word	.L711+1
 5127 00e0 09010000 		.word	.L704+1
 5128              		.p2align 1
 5129              	.L720:
 5130 00e4 0223     		movs	r3, #2
 5131 00e6 84F83F30 		strb	r3, [r4, #63]
 5132              	.L701:
 5133 00ea 2268     		ldr	r2, [r4]
 5134 00ec D368     		ldr	r3, [r2, #12]
 5135 00ee 43F00403 		orr	r3, r3, #4
 5136 00f2 D360     		str	r3, [r2, #12]
 5137 00f4 9BE7     		b	.L706
 5138              	.L721:
 5139 00f6 0223     		movs	r3, #2
 5140 00f8 84F84030 		strb	r3, [r4, #64]
 5141              	.L703:
 5142 00fc 2268     		ldr	r2, [r4]
 5143 00fe D368     		ldr	r3, [r2, #12]
 5144 0100 43F00803 		orr	r3, r3, #8
 5145 0104 D360     		str	r3, [r2, #12]
 5146 0106 92E7     		b	.L706
 5147              	.L704:
 5148 0108 2268     		ldr	r2, [r4]
 5149 010a D368     		ldr	r3, [r2, #12]
 5150 010c 43F01003 		orr	r3, r3, #16
 5151 0110 D360     		str	r3, [r2, #12]
 5152 0112 8CE7     		b	.L706
 5153              	.L717:
 5154 0114 5A6C     		ldr	r2, [r3, #68]
 5155 0116 42F40042 		orr	r2, r2, #32768
 5156 011a 5A64     		str	r2, [r3, #68]
 5157 011c 90E7     		b	.L707
 5158              	.L708:
ARM GAS  /tmp/ccdsbe5x.s 			page 88


 5159 011e 9A68     		ldr	r2, [r3, #8]
 5160 0120 02F00702 		and	r2, r2, #7
 5161 0124 062A     		cmp	r2, #6
 5162 0126 09D0     		beq	.L712
 5163 0128 1A68     		ldr	r2, [r3]
 5164 012a 42F00102 		orr	r2, r2, #1
 5165 012e 1A60     		str	r2, [r3]
 5166 0130 0020     		movs	r0, #0
 5167 0132 00E0     		b	.L697
 5168              	.L710:
 5169 0134 0120     		movs	r0, #1
 5170              	.L697:
 5171 0136 10BD     		pop	{r4, pc}
 5172              	.L711:
 5173 0138 0120     		movs	r0, #1
 5174 013a FCE7     		b	.L697
 5175              	.L712:
 5176 013c 0020     		movs	r0, #0
 5177 013e FAE7     		b	.L697
 5178              	.L723:
 5179              		.align	2
 5180              	.L722:
 5181 0140 002C0140 		.word	1073818624
 5183              		.section	.text.HAL_TIM_PWM_Stop_IT,"ax",%progbits
 5184              		.align	1
 5185              		.global	HAL_TIM_PWM_Stop_IT
 5186              		.syntax unified
 5187              		.thumb
 5188              		.thumb_func
 5190              	HAL_TIM_PWM_Stop_IT:
 5191              		@ args = 0, pretend = 0, frame = 0
 5192              		@ frame_needed = 0, uses_anonymous_args = 0
 5193 0000 38B5     		push	{r3, r4, r5, lr}
 5194 0002 0546     		mov	r5, r0
 5195 0004 0C46     		mov	r4, r1
 5196 0006 0C29     		cmp	r1, #12
 5197 0008 5FD8     		bhi	.L737
 5198 000a DFE801F0 		tbb	[pc, r1]
 5199              	.L727:
 5200 000e 07       		.byte	(.L730-.L727)/2
 5201 000f 5E       		.byte	(.L737-.L727)/2
 5202 0010 5E       		.byte	(.L737-.L727)/2
 5203 0011 5E       		.byte	(.L737-.L727)/2
 5204 0012 2A       		.byte	(.L729-.L727)/2
 5205 0013 5E       		.byte	(.L737-.L727)/2
 5206 0014 5E       		.byte	(.L737-.L727)/2
 5207 0015 5E       		.byte	(.L737-.L727)/2
 5208 0016 30       		.byte	(.L728-.L727)/2
 5209 0017 5E       		.byte	(.L737-.L727)/2
 5210 0018 5E       		.byte	(.L737-.L727)/2
 5211 0019 5E       		.byte	(.L737-.L727)/2
 5212 001a 36       		.byte	(.L726-.L727)/2
 5213 001b 00       		.p2align 1
 5214              	.L730:
 5215 001c 0268     		ldr	r2, [r0]
 5216 001e D368     		ldr	r3, [r2, #12]
 5217 0020 23F00203 		bic	r3, r3, #2
ARM GAS  /tmp/ccdsbe5x.s 			page 89


 5218 0024 D360     		str	r3, [r2, #12]
 5219              	.L731:
 5220 0026 0022     		movs	r2, #0
 5221 0028 2146     		mov	r1, r4
 5222 002a 2868     		ldr	r0, [r5]
 5223 002c FFF7FEFF 		bl	TIM_CCxChannelCmd
 5224 0030 2B68     		ldr	r3, [r5]
 5225 0032 274A     		ldr	r2, .L742
 5226 0034 9342     		cmp	r3, r2
 5227 0036 26D0     		beq	.L739
 5228              	.L732:
 5229 0038 2B68     		ldr	r3, [r5]
 5230 003a 196A     		ldr	r1, [r3, #32]
 5231 003c 41F21112 		movw	r2, #4369
 5232 0040 1142     		tst	r1, r2
 5233 0042 08D1     		bne	.L733
 5234 0044 196A     		ldr	r1, [r3, #32]
 5235 0046 40F24442 		movw	r2, #1092
 5236 004a 1142     		tst	r1, r2
 5237 004c 03D1     		bne	.L733
 5238 004e 1A68     		ldr	r2, [r3]
 5239 0050 22F00102 		bic	r2, r2, #1
 5240 0054 1A60     		str	r2, [r3]
 5241              	.L733:
 5242 0056 2CBB     		cbnz	r4, .L734
 5243 0058 0123     		movs	r3, #1
 5244 005a 85F83E30 		strb	r3, [r5, #62]
 5245 005e 0020     		movs	r0, #0
 5246 0060 34E0     		b	.L725
 5247              	.L729:
 5248 0062 0268     		ldr	r2, [r0]
 5249 0064 D368     		ldr	r3, [r2, #12]
 5250 0066 23F00403 		bic	r3, r3, #4
 5251 006a D360     		str	r3, [r2, #12]
 5252 006c DBE7     		b	.L731
 5253              	.L728:
 5254 006e 0268     		ldr	r2, [r0]
 5255 0070 D368     		ldr	r3, [r2, #12]
 5256 0072 23F00803 		bic	r3, r3, #8
 5257 0076 D360     		str	r3, [r2, #12]
 5258 0078 D5E7     		b	.L731
 5259              	.L726:
 5260 007a 0268     		ldr	r2, [r0]
 5261 007c D368     		ldr	r3, [r2, #12]
 5262 007e 23F01003 		bic	r3, r3, #16
 5263 0082 D360     		str	r3, [r2, #12]
 5264 0084 CFE7     		b	.L731
 5265              	.L739:
 5266 0086 196A     		ldr	r1, [r3, #32]
 5267 0088 41F21112 		movw	r2, #4369
 5268 008c 1142     		tst	r1, r2
 5269 008e D3D1     		bne	.L732
 5270 0090 196A     		ldr	r1, [r3, #32]
 5271 0092 40F24442 		movw	r2, #1092
 5272 0096 1142     		tst	r1, r2
 5273 0098 CED1     		bne	.L732
 5274 009a 5A6C     		ldr	r2, [r3, #68]
ARM GAS  /tmp/ccdsbe5x.s 			page 90


 5275 009c 22F40042 		bic	r2, r2, #32768
 5276 00a0 5A64     		str	r2, [r3, #68]
 5277 00a2 C9E7     		b	.L732
 5278              	.L734:
 5279 00a4 042C     		cmp	r4, #4
 5280 00a6 06D0     		beq	.L740
 5281 00a8 082C     		cmp	r4, #8
 5282 00aa 09D0     		beq	.L741
 5283 00ac 0123     		movs	r3, #1
 5284 00ae 85F84130 		strb	r3, [r5, #65]
 5285 00b2 0020     		movs	r0, #0
 5286 00b4 0AE0     		b	.L725
 5287              	.L740:
 5288 00b6 0123     		movs	r3, #1
 5289 00b8 85F83F30 		strb	r3, [r5, #63]
 5290 00bc 0020     		movs	r0, #0
 5291 00be 05E0     		b	.L725
 5292              	.L741:
 5293 00c0 0123     		movs	r3, #1
 5294 00c2 85F84030 		strb	r3, [r5, #64]
 5295 00c6 0020     		movs	r0, #0
 5296 00c8 00E0     		b	.L725
 5297              	.L737:
 5298 00ca 0120     		movs	r0, #1
 5299              	.L725:
 5300 00cc 38BD     		pop	{r3, r4, r5, pc}
 5301              	.L743:
 5302 00ce 00BF     		.align	2
 5303              	.L742:
 5304 00d0 002C0140 		.word	1073818624
 5306              		.section	.text.HAL_TIM_PWM_Start_DMA,"ax",%progbits
 5307              		.align	1
 5308              		.global	HAL_TIM_PWM_Start_DMA
 5309              		.syntax unified
 5310              		.thumb
 5311              		.thumb_func
 5313              	HAL_TIM_PWM_Start_DMA:
 5314              		@ args = 0, pretend = 0, frame = 0
 5315              		@ frame_needed = 0, uses_anonymous_args = 0
 5316 0000 70B5     		push	{r4, r5, r6, lr}
 5317 0002 0446     		mov	r4, r0
 5318 0004 1646     		mov	r6, r2
 5319 0006 0D46     		mov	r5, r1
 5320 0008 0029     		cmp	r1, #0
 5321 000a 58D1     		bne	.L745
 5322 000c 90F83E00 		ldrb	r0, [r0, #62]	@ zero_extendqisi2
 5323 0010 0228     		cmp	r0, #2
 5324 0012 14BF     		ite	ne
 5325 0014 0020     		movne	r0, #0
 5326 0016 0120     		moveq	r0, #1
 5327              	.L746:
 5328 0018 0028     		cmp	r0, #0
 5329 001a 40F00381 		bne	.L766
 5330 001e 002D     		cmp	r5, #0
 5331 0020 66D1     		bne	.L750
 5332 0022 94F83E20 		ldrb	r2, [r4, #62]	@ zero_extendqisi2
 5333 0026 012A     		cmp	r2, #1
ARM GAS  /tmp/ccdsbe5x.s 			page 91


 5334 0028 14BF     		ite	ne
 5335 002a 0022     		movne	r2, #0
 5336 002c 0122     		moveq	r2, #1
 5337              	.L751:
 5338 002e 002A     		cmp	r2, #0
 5339 0030 00F0FA80 		beq	.L767
 5340 0034 002E     		cmp	r6, #0
 5341 0036 00F0F980 		beq	.L768
 5342 003a 002B     		cmp	r3, #0
 5343 003c 00F0F880 		beq	.L769
 5344 0040 002D     		cmp	r5, #0
 5345 0042 6ED1     		bne	.L754
 5346 0044 0222     		movs	r2, #2
 5347 0046 84F83E20 		strb	r2, [r4, #62]
 5348              	.L755:
 5349 004a 626A     		ldr	r2, [r4, #36]
 5350 004c 7F49     		ldr	r1, .L787
 5351 004e 9162     		str	r1, [r2, #40]
 5352 0050 626A     		ldr	r2, [r4, #36]
 5353 0052 7F49     		ldr	r1, .L787+4
 5354 0054 D162     		str	r1, [r2, #44]
 5355 0056 626A     		ldr	r2, [r4, #36]
 5356 0058 7E49     		ldr	r1, .L787+8
 5357 005a 1163     		str	r1, [r2, #48]
 5358 005c 2268     		ldr	r2, [r4]
 5359 005e 3432     		adds	r2, r2, #52
 5360 0060 3146     		mov	r1, r6
 5361 0062 606A     		ldr	r0, [r4, #36]
 5362 0064 FFF7FEFF 		bl	HAL_DMA_Start_IT
 5363 0068 0028     		cmp	r0, #0
 5364 006a 40F0E580 		bne	.L771
 5365 006e 2268     		ldr	r2, [r4]
 5366 0070 D368     		ldr	r3, [r2, #12]
 5367 0072 43F40073 		orr	r3, r3, #512
 5368 0076 D360     		str	r3, [r2, #12]
 5369              	.L762:
 5370 0078 0122     		movs	r2, #1
 5371 007a 2946     		mov	r1, r5
 5372 007c 2068     		ldr	r0, [r4]
 5373 007e FFF7FEFF 		bl	TIM_CCxChannelCmd
 5374 0082 2368     		ldr	r3, [r4]
 5375 0084 744A     		ldr	r2, .L787+12
 5376 0086 9342     		cmp	r3, r2
 5377 0088 00F0BC80 		beq	.L780
 5378              	.L763:
 5379 008c 2368     		ldr	r3, [r4]
 5380 008e 724A     		ldr	r2, .L787+12
 5381 0090 9342     		cmp	r3, r2
 5382 0092 00F0BC80 		beq	.L764
 5383 0096 B3F1804F 		cmp	r3, #1073741824
 5384 009a 00F0B880 		beq	.L764
 5385 009e A2F59432 		sub	r2, r2, #75776
 5386 00a2 9342     		cmp	r3, r2
 5387 00a4 00F0B380 		beq	.L764
 5388 00a8 02F58062 		add	r2, r2, #1024
 5389 00ac 9342     		cmp	r3, r2
 5390 00ae 00F0AE80 		beq	.L764
ARM GAS  /tmp/ccdsbe5x.s 			page 92


 5391 00b2 1A68     		ldr	r2, [r3]
 5392 00b4 42F00102 		orr	r2, r2, #1
 5393 00b8 1A60     		str	r2, [r3]
 5394 00ba 0020     		movs	r0, #0
 5395 00bc B5E0     		b	.L749
 5396              	.L745:
 5397 00be 0429     		cmp	r1, #4
 5398 00c0 08D0     		beq	.L781
 5399 00c2 0829     		cmp	r1, #8
 5400 00c4 0DD0     		beq	.L782
 5401 00c6 90F84100 		ldrb	r0, [r0, #65]	@ zero_extendqisi2
 5402 00ca 0228     		cmp	r0, #2
 5403 00cc 14BF     		ite	ne
 5404 00ce 0020     		movne	r0, #0
 5405 00d0 0120     		moveq	r0, #1
 5406 00d2 A1E7     		b	.L746
 5407              	.L781:
 5408 00d4 90F83F00 		ldrb	r0, [r0, #63]	@ zero_extendqisi2
 5409 00d8 0228     		cmp	r0, #2
 5410 00da 14BF     		ite	ne
 5411 00dc 0020     		movne	r0, #0
 5412 00de 0120     		moveq	r0, #1
 5413 00e0 9AE7     		b	.L746
 5414              	.L782:
 5415 00e2 90F84000 		ldrb	r0, [r0, #64]	@ zero_extendqisi2
 5416 00e6 0228     		cmp	r0, #2
 5417 00e8 14BF     		ite	ne
 5418 00ea 0020     		movne	r0, #0
 5419 00ec 0120     		moveq	r0, #1
 5420 00ee 93E7     		b	.L746
 5421              	.L750:
 5422 00f0 042D     		cmp	r5, #4
 5423 00f2 08D0     		beq	.L783
 5424 00f4 082D     		cmp	r5, #8
 5425 00f6 0DD0     		beq	.L784
 5426 00f8 94F84120 		ldrb	r2, [r4, #65]	@ zero_extendqisi2
 5427 00fc 012A     		cmp	r2, #1
 5428 00fe 14BF     		ite	ne
 5429 0100 0022     		movne	r2, #0
 5430 0102 0122     		moveq	r2, #1
 5431 0104 93E7     		b	.L751
 5432              	.L783:
 5433 0106 94F83F20 		ldrb	r2, [r4, #63]	@ zero_extendqisi2
 5434 010a 012A     		cmp	r2, #1
 5435 010c 14BF     		ite	ne
 5436 010e 0022     		movne	r2, #0
 5437 0110 0122     		moveq	r2, #1
 5438 0112 8CE7     		b	.L751
 5439              	.L784:
 5440 0114 94F84020 		ldrb	r2, [r4, #64]	@ zero_extendqisi2
 5441 0118 012A     		cmp	r2, #1
 5442 011a 14BF     		ite	ne
 5443 011c 0022     		movne	r2, #0
 5444 011e 0122     		moveq	r2, #1
 5445 0120 85E7     		b	.L751
 5446              	.L754:
 5447 0122 042D     		cmp	r5, #4
ARM GAS  /tmp/ccdsbe5x.s 			page 93


 5448 0124 24D0     		beq	.L785
 5449 0126 082D     		cmp	r5, #8
 5450 0128 3CD0     		beq	.L786
 5451 012a 0222     		movs	r2, #2
 5452 012c 84F84120 		strb	r2, [r4, #65]
 5453 0130 0C2D     		cmp	r5, #12
 5454 0132 7FD8     		bhi	.L770
 5455 0134 01A2     		adr	r2, .L761
 5456 0136 52F825F0 		ldr	pc, [r2, r5, lsl #2]
 5457 013a 00BF     		.p2align 2
 5458              	.L761:
 5459 013c 4B000000 		.word	.L755+1
 5460 0140 35020000 		.word	.L770+1
 5461 0144 35020000 		.word	.L770+1
 5462 0148 35020000 		.word	.L770+1
 5463 014c 77010000 		.word	.L757+1
 5464 0150 35020000 		.word	.L770+1
 5465 0154 35020000 		.word	.L770+1
 5466 0158 35020000 		.word	.L770+1
 5467 015c AB010000 		.word	.L759+1
 5468 0160 35020000 		.word	.L770+1
 5469 0164 35020000 		.word	.L770+1
 5470 0168 35020000 		.word	.L770+1
 5471 016c D9010000 		.word	.L760+1
 5472              		.p2align 1
 5473              	.L785:
 5474 0170 0222     		movs	r2, #2
 5475 0172 84F83F20 		strb	r2, [r4, #63]
 5476              	.L757:
 5477 0176 A26A     		ldr	r2, [r4, #40]
 5478 0178 3449     		ldr	r1, .L787
 5479 017a 9162     		str	r1, [r2, #40]
 5480 017c A26A     		ldr	r2, [r4, #40]
 5481 017e 3449     		ldr	r1, .L787+4
 5482 0180 D162     		str	r1, [r2, #44]
 5483 0182 A26A     		ldr	r2, [r4, #40]
 5484 0184 3349     		ldr	r1, .L787+8
 5485 0186 1163     		str	r1, [r2, #48]
 5486 0188 2268     		ldr	r2, [r4]
 5487 018a 3832     		adds	r2, r2, #56
 5488 018c 3146     		mov	r1, r6
 5489 018e A06A     		ldr	r0, [r4, #40]
 5490 0190 FFF7FEFF 		bl	HAL_DMA_Start_IT
 5491 0194 0028     		cmp	r0, #0
 5492 0196 51D1     		bne	.L772
 5493 0198 2268     		ldr	r2, [r4]
 5494 019a D368     		ldr	r3, [r2, #12]
 5495 019c 43F48063 		orr	r3, r3, #1024
 5496 01a0 D360     		str	r3, [r2, #12]
 5497 01a2 69E7     		b	.L762
 5498              	.L786:
 5499 01a4 0222     		movs	r2, #2
 5500 01a6 84F84020 		strb	r2, [r4, #64]
 5501              	.L759:
 5502 01aa E26A     		ldr	r2, [r4, #44]
 5503 01ac 2749     		ldr	r1, .L787
 5504 01ae 9162     		str	r1, [r2, #40]
ARM GAS  /tmp/ccdsbe5x.s 			page 94


 5505 01b0 E26A     		ldr	r2, [r4, #44]
 5506 01b2 2749     		ldr	r1, .L787+4
 5507 01b4 D162     		str	r1, [r2, #44]
 5508 01b6 E26A     		ldr	r2, [r4, #44]
 5509 01b8 2649     		ldr	r1, .L787+8
 5510 01ba 1163     		str	r1, [r2, #48]
 5511 01bc 2268     		ldr	r2, [r4]
 5512 01be 3C32     		adds	r2, r2, #60
 5513 01c0 3146     		mov	r1, r6
 5514 01c2 E06A     		ldr	r0, [r4, #44]
 5515 01c4 FFF7FEFF 		bl	HAL_DMA_Start_IT
 5516 01c8 0028     		cmp	r0, #0
 5517 01ca 39D1     		bne	.L773
 5518 01cc 2268     		ldr	r2, [r4]
 5519 01ce D368     		ldr	r3, [r2, #12]
 5520 01d0 43F40063 		orr	r3, r3, #2048
 5521 01d4 D360     		str	r3, [r2, #12]
 5522 01d6 4FE7     		b	.L762
 5523              	.L760:
 5524 01d8 226B     		ldr	r2, [r4, #48]
 5525 01da 1C49     		ldr	r1, .L787
 5526 01dc 9162     		str	r1, [r2, #40]
 5527 01de 226B     		ldr	r2, [r4, #48]
 5528 01e0 1B49     		ldr	r1, .L787+4
 5529 01e2 D162     		str	r1, [r2, #44]
 5530 01e4 226B     		ldr	r2, [r4, #48]
 5531 01e6 1B49     		ldr	r1, .L787+8
 5532 01e8 1163     		str	r1, [r2, #48]
 5533 01ea 2268     		ldr	r2, [r4]
 5534 01ec 4032     		adds	r2, r2, #64
 5535 01ee 3146     		mov	r1, r6
 5536 01f0 206B     		ldr	r0, [r4, #48]
 5537 01f2 FFF7FEFF 		bl	HAL_DMA_Start_IT
 5538 01f6 28BB     		cbnz	r0, .L774
 5539 01f8 2268     		ldr	r2, [r4]
 5540 01fa D368     		ldr	r3, [r2, #12]
 5541 01fc 43F48053 		orr	r3, r3, #4096
 5542 0200 D360     		str	r3, [r2, #12]
 5543 0202 39E7     		b	.L762
 5544              	.L780:
 5545 0204 5A6C     		ldr	r2, [r3, #68]
 5546 0206 42F40042 		orr	r2, r2, #32768
 5547 020a 5A64     		str	r2, [r3, #68]
 5548 020c 3EE7     		b	.L763
 5549              	.L764:
 5550 020e 9A68     		ldr	r2, [r3, #8]
 5551 0210 02F00702 		and	r2, r2, #7
 5552 0214 062A     		cmp	r2, #6
 5553 0216 17D0     		beq	.L775
 5554 0218 1A68     		ldr	r2, [r3]
 5555 021a 42F00102 		orr	r2, r2, #1
 5556 021e 1A60     		str	r2, [r3]
 5557 0220 0020     		movs	r0, #0
 5558 0222 02E0     		b	.L749
 5559              	.L766:
 5560 0224 0220     		movs	r0, #2
 5561 0226 00E0     		b	.L749
ARM GAS  /tmp/ccdsbe5x.s 			page 95


 5562              	.L767:
 5563 0228 0120     		movs	r0, #1
 5564              	.L749:
 5565 022a 70BD     		pop	{r4, r5, r6, pc}
 5566              	.L768:
 5567 022c 0120     		movs	r0, #1
 5568 022e FCE7     		b	.L749
 5569              	.L769:
 5570 0230 0120     		movs	r0, #1
 5571 0232 FAE7     		b	.L749
 5572              	.L770:
 5573 0234 0120     		movs	r0, #1
 5574 0236 F8E7     		b	.L749
 5575              	.L771:
 5576 0238 0120     		movs	r0, #1
 5577 023a F6E7     		b	.L749
 5578              	.L772:
 5579 023c 0120     		movs	r0, #1
 5580 023e F4E7     		b	.L749
 5581              	.L773:
 5582 0240 0120     		movs	r0, #1
 5583 0242 F2E7     		b	.L749
 5584              	.L774:
 5585 0244 0120     		movs	r0, #1
 5586 0246 F0E7     		b	.L749
 5587              	.L775:
 5588 0248 0020     		movs	r0, #0
 5589 024a EEE7     		b	.L749
 5590              	.L788:
 5591              		.align	2
 5592              	.L787:
 5593 024c 00000000 		.word	TIM_DMADelayPulseCplt
 5594 0250 00000000 		.word	TIM_DMADelayPulseHalfCplt
 5595 0254 00000000 		.word	TIM_DMAError
 5596 0258 002C0140 		.word	1073818624
 5598              		.section	.text.HAL_TIM_PWM_Stop_DMA,"ax",%progbits
 5599              		.align	1
 5600              		.global	HAL_TIM_PWM_Stop_DMA
 5601              		.syntax unified
 5602              		.thumb
 5603              		.thumb_func
 5605              	HAL_TIM_PWM_Stop_DMA:
 5606              		@ args = 0, pretend = 0, frame = 0
 5607              		@ frame_needed = 0, uses_anonymous_args = 0
 5608 0000 38B5     		push	{r3, r4, r5, lr}
 5609 0002 0546     		mov	r5, r0
 5610 0004 0C46     		mov	r4, r1
 5611 0006 0C29     		cmp	r1, #12
 5612 0008 6CD8     		bhi	.L802
 5613 000a DFE801F0 		tbb	[pc, r1]
 5614              	.L792:
 5615 000e 07       		.byte	(.L795-.L792)/2
 5616 000f 6B       		.byte	(.L802-.L792)/2
 5617 0010 6B       		.byte	(.L802-.L792)/2
 5618 0011 6B       		.byte	(.L802-.L792)/2
 5619 0012 2E       		.byte	(.L794-.L792)/2
 5620 0013 6B       		.byte	(.L802-.L792)/2
ARM GAS  /tmp/ccdsbe5x.s 			page 96


 5621 0014 6B       		.byte	(.L802-.L792)/2
 5622 0015 6B       		.byte	(.L802-.L792)/2
 5623 0016 37       		.byte	(.L793-.L792)/2
 5624 0017 6B       		.byte	(.L802-.L792)/2
 5625 0018 6B       		.byte	(.L802-.L792)/2
 5626 0019 6B       		.byte	(.L802-.L792)/2
 5627 001a 40       		.byte	(.L791-.L792)/2
 5628 001b 00       		.p2align 1
 5629              	.L795:
 5630 001c 0268     		ldr	r2, [r0]
 5631 001e D368     		ldr	r3, [r2, #12]
 5632 0020 23F40073 		bic	r3, r3, #512
 5633 0024 D360     		str	r3, [r2, #12]
 5634 0026 406A     		ldr	r0, [r0, #36]
 5635 0028 FFF7FEFF 		bl	HAL_DMA_Abort_IT
 5636              	.L796:
 5637 002c 0022     		movs	r2, #0
 5638 002e 2146     		mov	r1, r4
 5639 0030 2868     		ldr	r0, [r5]
 5640 0032 FFF7FEFF 		bl	TIM_CCxChannelCmd
 5641 0036 2B68     		ldr	r3, [r5]
 5642 0038 2B4A     		ldr	r2, .L807
 5643 003a 9342     		cmp	r3, r2
 5644 003c 30D0     		beq	.L804
 5645              	.L797:
 5646 003e 2B68     		ldr	r3, [r5]
 5647 0040 196A     		ldr	r1, [r3, #32]
 5648 0042 41F21112 		movw	r2, #4369
 5649 0046 1142     		tst	r1, r2
 5650 0048 08D1     		bne	.L798
 5651 004a 196A     		ldr	r1, [r3, #32]
 5652 004c 40F24442 		movw	r2, #1092
 5653 0050 1142     		tst	r1, r2
 5654 0052 03D1     		bne	.L798
 5655 0054 1A68     		ldr	r2, [r3]
 5656 0056 22F00102 		bic	r2, r2, #1
 5657 005a 1A60     		str	r2, [r3]
 5658              	.L798:
 5659 005c 002C     		cmp	r4, #0
 5660 005e 2ED1     		bne	.L799
 5661 0060 0123     		movs	r3, #1
 5662 0062 85F83E30 		strb	r3, [r5, #62]
 5663 0066 0020     		movs	r0, #0
 5664 0068 3DE0     		b	.L790
 5665              	.L794:
 5666 006a 0268     		ldr	r2, [r0]
 5667 006c D368     		ldr	r3, [r2, #12]
 5668 006e 23F48063 		bic	r3, r3, #1024
 5669 0072 D360     		str	r3, [r2, #12]
 5670 0074 806A     		ldr	r0, [r0, #40]
 5671 0076 FFF7FEFF 		bl	HAL_DMA_Abort_IT
 5672 007a D7E7     		b	.L796
 5673              	.L793:
 5674 007c 0268     		ldr	r2, [r0]
 5675 007e D368     		ldr	r3, [r2, #12]
 5676 0080 23F40063 		bic	r3, r3, #2048
 5677 0084 D360     		str	r3, [r2, #12]
ARM GAS  /tmp/ccdsbe5x.s 			page 97


 5678 0086 C06A     		ldr	r0, [r0, #44]
 5679 0088 FFF7FEFF 		bl	HAL_DMA_Abort_IT
 5680 008c CEE7     		b	.L796
 5681              	.L791:
 5682 008e 0268     		ldr	r2, [r0]
 5683 0090 D368     		ldr	r3, [r2, #12]
 5684 0092 23F48053 		bic	r3, r3, #4096
 5685 0096 D360     		str	r3, [r2, #12]
 5686 0098 006B     		ldr	r0, [r0, #48]
 5687 009a FFF7FEFF 		bl	HAL_DMA_Abort_IT
 5688 009e C5E7     		b	.L796
 5689              	.L804:
 5690 00a0 196A     		ldr	r1, [r3, #32]
 5691 00a2 41F21112 		movw	r2, #4369
 5692 00a6 1142     		tst	r1, r2
 5693 00a8 C9D1     		bne	.L797
 5694 00aa 196A     		ldr	r1, [r3, #32]
 5695 00ac 40F24442 		movw	r2, #1092
 5696 00b0 1142     		tst	r1, r2
 5697 00b2 C4D1     		bne	.L797
 5698 00b4 5A6C     		ldr	r2, [r3, #68]
 5699 00b6 22F40042 		bic	r2, r2, #32768
 5700 00ba 5A64     		str	r2, [r3, #68]
 5701 00bc BFE7     		b	.L797
 5702              	.L799:
 5703 00be 042C     		cmp	r4, #4
 5704 00c0 06D0     		beq	.L805
 5705 00c2 082C     		cmp	r4, #8
 5706 00c4 09D0     		beq	.L806
 5707 00c6 0123     		movs	r3, #1
 5708 00c8 85F84130 		strb	r3, [r5, #65]
 5709 00cc 0020     		movs	r0, #0
 5710 00ce 0AE0     		b	.L790
 5711              	.L805:
 5712 00d0 0123     		movs	r3, #1
 5713 00d2 85F83F30 		strb	r3, [r5, #63]
 5714 00d6 0020     		movs	r0, #0
 5715 00d8 05E0     		b	.L790
 5716              	.L806:
 5717 00da 0123     		movs	r3, #1
 5718 00dc 85F84030 		strb	r3, [r5, #64]
 5719 00e0 0020     		movs	r0, #0
 5720 00e2 00E0     		b	.L790
 5721              	.L802:
 5722 00e4 0120     		movs	r0, #1
 5723              	.L790:
 5724 00e6 38BD     		pop	{r3, r4, r5, pc}
 5725              	.L808:
 5726              		.align	2
 5727              	.L807:
 5728 00e8 002C0140 		.word	1073818624
 5730              		.section	.text.HAL_TIM_IC_Start,"ax",%progbits
 5731              		.align	1
 5732              		.global	HAL_TIM_IC_Start
 5733              		.syntax unified
 5734              		.thumb
 5735              		.thumb_func
ARM GAS  /tmp/ccdsbe5x.s 			page 98


 5737              	HAL_TIM_IC_Start:
 5738              		@ args = 0, pretend = 0, frame = 0
 5739              		@ frame_needed = 0, uses_anonymous_args = 0
 5740 0000 10B5     		push	{r4, lr}
 5741 0002 0446     		mov	r4, r0
 5742 0004 0B46     		mov	r3, r1
 5743 0006 51BB     		cbnz	r1, .L810
 5744 0008 90F83E00 		ldrb	r0, [r0, #62]	@ zero_extendqisi2
 5745 000c C0B2     		uxtb	r0, r0
 5746 000e 94F84220 		ldrb	r2, [r4, #66]	@ zero_extendqisi2
 5747 0012 D2B2     		uxtb	r2, r2
 5748              	.L811:
 5749 0014 0128     		cmp	r0, #1
 5750 0016 6BD1     		bne	.L827
 5751 0018 012A     		cmp	r2, #1
 5752 001a 6AD1     		bne	.L817
 5753 001c 002B     		cmp	r3, #0
 5754 001e 3DD1     		bne	.L818
 5755 0020 0222     		movs	r2, #2
 5756 0022 84F83E20 		strb	r2, [r4, #62]
 5757 0026 84F84220 		strb	r2, [r4, #66]
 5758              	.L819:
 5759 002a 0122     		movs	r2, #1
 5760 002c 1946     		mov	r1, r3
 5761 002e 2068     		ldr	r0, [r4]
 5762 0030 FFF7FEFF 		bl	TIM_CCxChannelCmd
 5763 0034 2368     		ldr	r3, [r4]
 5764 0036 304A     		ldr	r2, .L838
 5765 0038 9342     		cmp	r3, r2
 5766 003a 4ED0     		beq	.L825
 5767 003c B3F1804F 		cmp	r3, #1073741824
 5768 0040 4BD0     		beq	.L825
 5769 0042 A2F59432 		sub	r2, r2, #75776
 5770 0046 9342     		cmp	r3, r2
 5771 0048 47D0     		beq	.L825
 5772 004a 02F58062 		add	r2, r2, #1024
 5773 004e 9342     		cmp	r3, r2
 5774 0050 43D0     		beq	.L825
 5775 0052 1A68     		ldr	r2, [r3]
 5776 0054 42F00102 		orr	r2, r2, #1
 5777 0058 1A60     		str	r2, [r3]
 5778 005a 0020     		movs	r0, #0
 5779 005c 49E0     		b	.L817
 5780              	.L810:
 5781 005e 0429     		cmp	r1, #4
 5782 0060 0CD0     		beq	.L830
 5783 0062 0829     		cmp	r1, #8
 5784 0064 0ED0     		beq	.L831
 5785 0066 90F84100 		ldrb	r0, [r0, #65]	@ zero_extendqisi2
 5786 006a C0B2     		uxtb	r0, r0
 5787              	.L813:
 5788 006c 042B     		cmp	r3, #4
 5789 006e 0DD0     		beq	.L832
 5790 0070 082B     		cmp	r3, #8
 5791 0072 0FD0     		beq	.L833
 5792 0074 94F84520 		ldrb	r2, [r4, #69]	@ zero_extendqisi2
 5793 0078 D2B2     		uxtb	r2, r2
ARM GAS  /tmp/ccdsbe5x.s 			page 99


 5794 007a CBE7     		b	.L811
 5795              	.L830:
 5796 007c 90F83F00 		ldrb	r0, [r0, #63]	@ zero_extendqisi2
 5797 0080 C0B2     		uxtb	r0, r0
 5798 0082 F3E7     		b	.L813
 5799              	.L831:
 5800 0084 90F84000 		ldrb	r0, [r0, #64]	@ zero_extendqisi2
 5801 0088 C0B2     		uxtb	r0, r0
 5802 008a EFE7     		b	.L813
 5803              	.L832:
 5804 008c 94F84320 		ldrb	r2, [r4, #67]	@ zero_extendqisi2
 5805 0090 D2B2     		uxtb	r2, r2
 5806 0092 BFE7     		b	.L811
 5807              	.L833:
 5808 0094 94F84420 		ldrb	r2, [r4, #68]	@ zero_extendqisi2
 5809 0098 D2B2     		uxtb	r2, r2
 5810 009a BBE7     		b	.L811
 5811              	.L818:
 5812 009c 042B     		cmp	r3, #4
 5813 009e 0CD0     		beq	.L834
 5814 00a0 082B     		cmp	r3, #8
 5815 00a2 0ED0     		beq	.L835
 5816 00a4 0222     		movs	r2, #2
 5817 00a6 84F84120 		strb	r2, [r4, #65]
 5818              	.L821:
 5819 00aa 042B     		cmp	r3, #4
 5820 00ac 0DD0     		beq	.L836
 5821 00ae 082B     		cmp	r3, #8
 5822 00b0 0FD0     		beq	.L837
 5823 00b2 0222     		movs	r2, #2
 5824 00b4 84F84520 		strb	r2, [r4, #69]
 5825 00b8 B7E7     		b	.L819
 5826              	.L834:
 5827 00ba 0222     		movs	r2, #2
 5828 00bc 84F83F20 		strb	r2, [r4, #63]
 5829 00c0 F3E7     		b	.L821
 5830              	.L835:
 5831 00c2 0222     		movs	r2, #2
 5832 00c4 84F84020 		strb	r2, [r4, #64]
 5833 00c8 EFE7     		b	.L821
 5834              	.L836:
 5835 00ca 0222     		movs	r2, #2
 5836 00cc 84F84320 		strb	r2, [r4, #67]
 5837 00d0 ABE7     		b	.L819
 5838              	.L837:
 5839 00d2 0222     		movs	r2, #2
 5840 00d4 84F84420 		strb	r2, [r4, #68]
 5841 00d8 A7E7     		b	.L819
 5842              	.L825:
 5843 00da 9A68     		ldr	r2, [r3, #8]
 5844 00dc 02F00702 		and	r2, r2, #7
 5845 00e0 062A     		cmp	r2, #6
 5846 00e2 07D0     		beq	.L828
 5847 00e4 1A68     		ldr	r2, [r3]
 5848 00e6 42F00102 		orr	r2, r2, #1
 5849 00ea 1A60     		str	r2, [r3]
 5850 00ec 0020     		movs	r0, #0
ARM GAS  /tmp/ccdsbe5x.s 			page 100


 5851 00ee 00E0     		b	.L817
 5852              	.L827:
 5853 00f0 0120     		movs	r0, #1
 5854              	.L817:
 5855 00f2 10BD     		pop	{r4, pc}
 5856              	.L828:
 5857 00f4 0020     		movs	r0, #0
 5858 00f6 FCE7     		b	.L817
 5859              	.L839:
 5860              		.align	2
 5861              	.L838:
 5862 00f8 002C0140 		.word	1073818624
 5864              		.section	.text.HAL_TIM_IC_Stop,"ax",%progbits
 5865              		.align	1
 5866              		.global	HAL_TIM_IC_Stop
 5867              		.syntax unified
 5868              		.thumb
 5869              		.thumb_func
 5871              	HAL_TIM_IC_Stop:
 5872              		@ args = 0, pretend = 0, frame = 0
 5873              		@ frame_needed = 0, uses_anonymous_args = 0
 5874 0000 38B5     		push	{r3, r4, r5, lr}
 5875 0002 0446     		mov	r4, r0
 5876 0004 0D46     		mov	r5, r1
 5877 0006 0022     		movs	r2, #0
 5878 0008 0068     		ldr	r0, [r0]
 5879 000a FFF7FEFF 		bl	TIM_CCxChannelCmd
 5880 000e 2368     		ldr	r3, [r4]
 5881 0010 196A     		ldr	r1, [r3, #32]
 5882 0012 41F21112 		movw	r2, #4369
 5883 0016 1142     		tst	r1, r2
 5884 0018 08D1     		bne	.L841
 5885 001a 196A     		ldr	r1, [r3, #32]
 5886 001c 40F24442 		movw	r2, #1092
 5887 0020 1142     		tst	r1, r2
 5888 0022 03D1     		bne	.L841
 5889 0024 1A68     		ldr	r2, [r3]
 5890 0026 22F00102 		bic	r2, r2, #1
 5891 002a 1A60     		str	r2, [r3]
 5892              	.L841:
 5893 002c 35B9     		cbnz	r5, .L842
 5894 002e 0123     		movs	r3, #1
 5895 0030 84F83E30 		strb	r3, [r4, #62]
 5896 0034 84F84230 		strb	r3, [r4, #66]
 5897              	.L843:
 5898 0038 0020     		movs	r0, #0
 5899 003a 38BD     		pop	{r3, r4, r5, pc}
 5900              	.L842:
 5901 003c 042D     		cmp	r5, #4
 5902 003e 0CD0     		beq	.L850
 5903 0040 082D     		cmp	r5, #8
 5904 0042 0ED0     		beq	.L851
 5905 0044 0123     		movs	r3, #1
 5906 0046 84F84130 		strb	r3, [r4, #65]
 5907              	.L845:
 5908 004a 042D     		cmp	r5, #4
 5909 004c 0DD0     		beq	.L852
ARM GAS  /tmp/ccdsbe5x.s 			page 101


 5910 004e 082D     		cmp	r5, #8
 5911 0050 0FD0     		beq	.L853
 5912 0052 0123     		movs	r3, #1
 5913 0054 84F84530 		strb	r3, [r4, #69]
 5914 0058 EEE7     		b	.L843
 5915              	.L850:
 5916 005a 0123     		movs	r3, #1
 5917 005c 84F83F30 		strb	r3, [r4, #63]
 5918 0060 F3E7     		b	.L845
 5919              	.L851:
 5920 0062 0123     		movs	r3, #1
 5921 0064 84F84030 		strb	r3, [r4, #64]
 5922 0068 EFE7     		b	.L845
 5923              	.L852:
 5924 006a 0123     		movs	r3, #1
 5925 006c 84F84330 		strb	r3, [r4, #67]
 5926 0070 E2E7     		b	.L843
 5927              	.L853:
 5928 0072 0123     		movs	r3, #1
 5929 0074 84F84430 		strb	r3, [r4, #68]
 5930 0078 DEE7     		b	.L843
 5932              		.section	.text.HAL_TIM_IC_Start_IT,"ax",%progbits
 5933              		.align	1
 5934              		.global	HAL_TIM_IC_Start_IT
 5935              		.syntax unified
 5936              		.thumb
 5937              		.thumb_func
 5939              	HAL_TIM_IC_Start_IT:
 5940              		@ args = 0, pretend = 0, frame = 0
 5941              		@ frame_needed = 0, uses_anonymous_args = 0
 5942 0000 10B5     		push	{r4, lr}
 5943 0002 0446     		mov	r4, r0
 5944 0004 0B46     		mov	r3, r1
 5945 0006 0029     		cmp	r1, #0
 5946 0008 31D1     		bne	.L855
 5947 000a 90F83E00 		ldrb	r0, [r0, #62]	@ zero_extendqisi2
 5948 000e C0B2     		uxtb	r0, r0
 5949 0010 94F84220 		ldrb	r2, [r4, #66]	@ zero_extendqisi2
 5950 0014 D2B2     		uxtb	r2, r2
 5951              	.L856:
 5952 0016 0128     		cmp	r0, #1
 5953 0018 40F0A180 		bne	.L877
 5954 001c 012A     		cmp	r2, #1
 5955 001e 40F09F80 		bne	.L862
 5956 0022 002B     		cmp	r3, #0
 5957 0024 42D1     		bne	.L863
 5958 0026 0222     		movs	r2, #2
 5959 0028 84F83E20 		strb	r2, [r4, #62]
 5960 002c 84F84220 		strb	r2, [r4, #66]
 5961              	.L864:
 5962 0030 2168     		ldr	r1, [r4]
 5963 0032 CA68     		ldr	r2, [r1, #12]
 5964 0034 42F00202 		orr	r2, r2, #2
 5965 0038 CA60     		str	r2, [r1, #12]
 5966              	.L874:
 5967 003a 0122     		movs	r2, #1
 5968 003c 1946     		mov	r1, r3
ARM GAS  /tmp/ccdsbe5x.s 			page 102


 5969 003e 2068     		ldr	r0, [r4]
 5970 0040 FFF7FEFF 		bl	TIM_CCxChannelCmd
 5971 0044 2368     		ldr	r3, [r4]
 5972 0046 494A     		ldr	r2, .L892
 5973 0048 9342     		cmp	r3, r2
 5974 004a 7DD0     		beq	.L875
 5975 004c B3F1804F 		cmp	r3, #1073741824
 5976 0050 7AD0     		beq	.L875
 5977 0052 A2F59432 		sub	r2, r2, #75776
 5978 0056 9342     		cmp	r3, r2
 5979 0058 76D0     		beq	.L875
 5980 005a 02F58062 		add	r2, r2, #1024
 5981 005e 9342     		cmp	r3, r2
 5982 0060 72D0     		beq	.L875
 5983 0062 1A68     		ldr	r2, [r3]
 5984 0064 42F00102 		orr	r2, r2, #1
 5985 0068 1A60     		str	r2, [r3]
 5986 006a 0020     		movs	r0, #0
 5987 006c 78E0     		b	.L862
 5988              	.L855:
 5989 006e 0429     		cmp	r1, #4
 5990 0070 0CD0     		beq	.L884
 5991 0072 0829     		cmp	r1, #8
 5992 0074 0ED0     		beq	.L885
 5993 0076 90F84100 		ldrb	r0, [r0, #65]	@ zero_extendqisi2
 5994 007a C0B2     		uxtb	r0, r0
 5995              	.L858:
 5996 007c 042B     		cmp	r3, #4
 5997 007e 0DD0     		beq	.L886
 5998 0080 082B     		cmp	r3, #8
 5999 0082 0FD0     		beq	.L887
 6000 0084 94F84520 		ldrb	r2, [r4, #69]	@ zero_extendqisi2
 6001 0088 D2B2     		uxtb	r2, r2
 6002 008a C4E7     		b	.L856
 6003              	.L884:
 6004 008c 90F83F00 		ldrb	r0, [r0, #63]	@ zero_extendqisi2
 6005 0090 C0B2     		uxtb	r0, r0
 6006 0092 F3E7     		b	.L858
 6007              	.L885:
 6008 0094 90F84000 		ldrb	r0, [r0, #64]	@ zero_extendqisi2
 6009 0098 C0B2     		uxtb	r0, r0
 6010 009a EFE7     		b	.L858
 6011              	.L886:
 6012 009c 94F84320 		ldrb	r2, [r4, #67]	@ zero_extendqisi2
 6013 00a0 D2B2     		uxtb	r2, r2
 6014 00a2 B8E7     		b	.L856
 6015              	.L887:
 6016 00a4 94F84420 		ldrb	r2, [r4, #68]	@ zero_extendqisi2
 6017 00a8 D2B2     		uxtb	r2, r2
 6018 00aa B4E7     		b	.L856
 6019              	.L863:
 6020 00ac 042B     		cmp	r3, #4
 6021 00ae 2BD0     		beq	.L888
 6022 00b0 082B     		cmp	r3, #8
 6023 00b2 2DD0     		beq	.L889
 6024 00b4 0221     		movs	r1, #2
 6025 00b6 84F84110 		strb	r1, [r4, #65]
ARM GAS  /tmp/ccdsbe5x.s 			page 103


 6026              	.L866:
 6027 00ba 042B     		cmp	r3, #4
 6028 00bc 2CD0     		beq	.L890
 6029 00be 082B     		cmp	r3, #8
 6030 00c0 33D0     		beq	.L891
 6031 00c2 0221     		movs	r1, #2
 6032 00c4 84F84510 		strb	r1, [r4, #69]
 6033 00c8 0C2B     		cmp	r3, #12
 6034 00ca 4AD8     		bhi	.L878
 6035 00cc 01A1     		adr	r1, .L873
 6036 00ce 51F823F0 		ldr	pc, [r1, r3, lsl #2]
 6037 00d2 00BF     		.p2align 2
 6038              	.L873:
 6039 00d4 31000000 		.word	.L864+1
 6040 00d8 63010000 		.word	.L878+1
 6041 00dc 63010000 		.word	.L878+1
 6042 00e0 63010000 		.word	.L878+1
 6043 00e4 1F010000 		.word	.L869+1
 6044 00e8 63010000 		.word	.L878+1
 6045 00ec 63010000 		.word	.L878+1
 6046 00f0 63010000 		.word	.L878+1
 6047 00f4 31010000 		.word	.L871+1
 6048 00f8 63010000 		.word	.L878+1
 6049 00fc 63010000 		.word	.L878+1
 6050 0100 63010000 		.word	.L878+1
 6051 0104 3D010000 		.word	.L872+1
 6052              		.p2align 1
 6053              	.L888:
 6054 0108 0221     		movs	r1, #2
 6055 010a 84F83F10 		strb	r1, [r4, #63]
 6056 010e D4E7     		b	.L866
 6057              	.L889:
 6058 0110 0221     		movs	r1, #2
 6059 0112 84F84010 		strb	r1, [r4, #64]
 6060 0116 D0E7     		b	.L866
 6061              	.L890:
 6062 0118 0222     		movs	r2, #2
 6063 011a 84F84320 		strb	r2, [r4, #67]
 6064              	.L869:
 6065 011e 2168     		ldr	r1, [r4]
 6066 0120 CA68     		ldr	r2, [r1, #12]
 6067 0122 42F00402 		orr	r2, r2, #4
 6068 0126 CA60     		str	r2, [r1, #12]
 6069 0128 87E7     		b	.L874
 6070              	.L891:
 6071 012a 0222     		movs	r2, #2
 6072 012c 84F84420 		strb	r2, [r4, #68]
 6073              	.L871:
 6074 0130 2168     		ldr	r1, [r4]
 6075 0132 CA68     		ldr	r2, [r1, #12]
 6076 0134 42F00802 		orr	r2, r2, #8
 6077 0138 CA60     		str	r2, [r1, #12]
 6078 013a 7EE7     		b	.L874
 6079              	.L872:
 6080 013c 2168     		ldr	r1, [r4]
 6081 013e CA68     		ldr	r2, [r1, #12]
 6082 0140 42F01002 		orr	r2, r2, #16
ARM GAS  /tmp/ccdsbe5x.s 			page 104


 6083 0144 CA60     		str	r2, [r1, #12]
 6084 0146 78E7     		b	.L874
 6085              	.L875:
 6086 0148 9A68     		ldr	r2, [r3, #8]
 6087 014a 02F00702 		and	r2, r2, #7
 6088 014e 062A     		cmp	r2, #6
 6089 0150 09D0     		beq	.L879
 6090 0152 1A68     		ldr	r2, [r3]
 6091 0154 42F00102 		orr	r2, r2, #1
 6092 0158 1A60     		str	r2, [r3]
 6093 015a 0020     		movs	r0, #0
 6094 015c 00E0     		b	.L862
 6095              	.L877:
 6096 015e 0120     		movs	r0, #1
 6097              	.L862:
 6098 0160 10BD     		pop	{r4, pc}
 6099              	.L878:
 6100 0162 1046     		mov	r0, r2
 6101 0164 FCE7     		b	.L862
 6102              	.L879:
 6103 0166 0020     		movs	r0, #0
 6104 0168 FAE7     		b	.L862
 6105              	.L893:
 6106 016a 00BF     		.align	2
 6107              	.L892:
 6108 016c 002C0140 		.word	1073818624
 6110              		.section	.text.HAL_TIM_IC_Stop_IT,"ax",%progbits
 6111              		.align	1
 6112              		.global	HAL_TIM_IC_Stop_IT
 6113              		.syntax unified
 6114              		.thumb
 6115              		.thumb_func
 6117              	HAL_TIM_IC_Stop_IT:
 6118              		@ args = 0, pretend = 0, frame = 0
 6119              		@ frame_needed = 0, uses_anonymous_args = 0
 6120 0000 38B5     		push	{r3, r4, r5, lr}
 6121 0002 0546     		mov	r5, r0
 6122 0004 0C46     		mov	r4, r1
 6123 0006 0C29     		cmp	r1, #12
 6124 0008 5DD8     		bhi	.L909
 6125 000a DFE801F0 		tbb	[pc, r1]
 6126              	.L897:
 6127 000e 07       		.byte	(.L900-.L897)/2
 6128 000f 5C       		.byte	(.L909-.L897)/2
 6129 0010 5C       		.byte	(.L909-.L897)/2
 6130 0011 5C       		.byte	(.L909-.L897)/2
 6131 0012 28       		.byte	(.L899-.L897)/2
 6132 0013 5C       		.byte	(.L909-.L897)/2
 6133 0014 5C       		.byte	(.L909-.L897)/2
 6134 0015 5C       		.byte	(.L909-.L897)/2
 6135 0016 2E       		.byte	(.L898-.L897)/2
 6136 0017 5C       		.byte	(.L909-.L897)/2
 6137 0018 5C       		.byte	(.L909-.L897)/2
 6138 0019 5C       		.byte	(.L909-.L897)/2
 6139 001a 34       		.byte	(.L896-.L897)/2
 6140 001b 00       		.p2align 1
 6141              	.L900:
ARM GAS  /tmp/ccdsbe5x.s 			page 105


 6142 001c 0268     		ldr	r2, [r0]
 6143 001e D368     		ldr	r3, [r2, #12]
 6144 0020 23F00203 		bic	r3, r3, #2
 6145 0024 D360     		str	r3, [r2, #12]
 6146              	.L901:
 6147 0026 0022     		movs	r2, #0
 6148 0028 2146     		mov	r1, r4
 6149 002a 2868     		ldr	r0, [r5]
 6150 002c FFF7FEFF 		bl	TIM_CCxChannelCmd
 6151 0030 2B68     		ldr	r3, [r5]
 6152 0032 196A     		ldr	r1, [r3, #32]
 6153 0034 41F21112 		movw	r2, #4369
 6154 0038 1142     		tst	r1, r2
 6155 003a 08D1     		bne	.L902
 6156 003c 196A     		ldr	r1, [r3, #32]
 6157 003e 40F24442 		movw	r2, #1092
 6158 0042 1142     		tst	r1, r2
 6159 0044 03D1     		bne	.L902
 6160 0046 1A68     		ldr	r2, [r3]
 6161 0048 22F00102 		bic	r2, r2, #1
 6162 004c 1A60     		str	r2, [r3]
 6163              	.L902:
 6164 004e C4B9     		cbnz	r4, .L903
 6165 0050 0123     		movs	r3, #1
 6166 0052 85F83E30 		strb	r3, [r5, #62]
 6167 0056 85F84230 		strb	r3, [r5, #66]
 6168 005a 0020     		movs	r0, #0
 6169 005c 34E0     		b	.L895
 6170              	.L899:
 6171 005e 0268     		ldr	r2, [r0]
 6172 0060 D368     		ldr	r3, [r2, #12]
 6173 0062 23F00403 		bic	r3, r3, #4
 6174 0066 D360     		str	r3, [r2, #12]
 6175 0068 DDE7     		b	.L901
 6176              	.L898:
 6177 006a 0268     		ldr	r2, [r0]
 6178 006c D368     		ldr	r3, [r2, #12]
 6179 006e 23F00803 		bic	r3, r3, #8
 6180 0072 D360     		str	r3, [r2, #12]
 6181 0074 D7E7     		b	.L901
 6182              	.L896:
 6183 0076 0268     		ldr	r2, [r0]
 6184 0078 D368     		ldr	r3, [r2, #12]
 6185 007a 23F01003 		bic	r3, r3, #16
 6186 007e D360     		str	r3, [r2, #12]
 6187 0080 D1E7     		b	.L901
 6188              	.L903:
 6189 0082 042C     		cmp	r4, #4
 6190 0084 0DD0     		beq	.L911
 6191 0086 082C     		cmp	r4, #8
 6192 0088 0FD0     		beq	.L912
 6193 008a 0123     		movs	r3, #1
 6194 008c 85F84130 		strb	r3, [r5, #65]
 6195              	.L905:
 6196 0090 042C     		cmp	r4, #4
 6197 0092 0ED0     		beq	.L913
 6198 0094 082C     		cmp	r4, #8
ARM GAS  /tmp/ccdsbe5x.s 			page 106


 6199 0096 11D0     		beq	.L914
 6200 0098 0123     		movs	r3, #1
 6201 009a 85F84530 		strb	r3, [r5, #69]
 6202 009e 0020     		movs	r0, #0
 6203 00a0 12E0     		b	.L895
 6204              	.L911:
 6205 00a2 0123     		movs	r3, #1
 6206 00a4 85F83F30 		strb	r3, [r5, #63]
 6207 00a8 F2E7     		b	.L905
 6208              	.L912:
 6209 00aa 0123     		movs	r3, #1
 6210 00ac 85F84030 		strb	r3, [r5, #64]
 6211 00b0 EEE7     		b	.L905
 6212              	.L913:
 6213 00b2 0123     		movs	r3, #1
 6214 00b4 85F84330 		strb	r3, [r5, #67]
 6215 00b8 0020     		movs	r0, #0
 6216 00ba 05E0     		b	.L895
 6217              	.L914:
 6218 00bc 0123     		movs	r3, #1
 6219 00be 85F84430 		strb	r3, [r5, #68]
 6220 00c2 0020     		movs	r0, #0
 6221 00c4 00E0     		b	.L895
 6222              	.L909:
 6223 00c6 0120     		movs	r0, #1
 6224              	.L895:
 6225 00c8 38BD     		pop	{r3, r4, r5, pc}
 6227              		.section	.text.HAL_TIM_IC_Start_DMA,"ax",%progbits
 6228              		.align	1
 6229              		.global	HAL_TIM_IC_Start_DMA
 6230              		.syntax unified
 6231              		.thumb
 6232              		.thumb_func
 6234              	HAL_TIM_IC_Start_DMA:
 6235              		@ args = 0, pretend = 0, frame = 0
 6236              		@ frame_needed = 0, uses_anonymous_args = 0
 6237 0000 2DE9F041 		push	{r4, r5, r6, r7, r8, lr}
 6238 0004 0446     		mov	r4, r0
 6239 0006 1646     		mov	r6, r2
 6240 0008 1F46     		mov	r7, r3
 6241 000a 0D46     		mov	r5, r1
 6242 000c 89BB     		cbnz	r1, .L916
 6243 000e 90F83E10 		ldrb	r1, [r0, #62]	@ zero_extendqisi2
 6244 0012 C8B2     		uxtb	r0, r1
 6245 0014 94F84280 		ldrb	r8, [r4, #66]	@ zero_extendqisi2
 6246 0018 5FFA88F8 		uxtb	r8, r8
 6247              	.L917:
 6248 001c 0228     		cmp	r0, #2
 6249 001e 00F0EE80 		beq	.L923
 6250 0022 B8F1020F 		cmp	r8, #2
 6251 0026 00F0E780 		beq	.L939
 6252 002a 0128     		cmp	r0, #1
 6253 002c 40F0E680 		bne	.L940
 6254 0030 B8F1010F 		cmp	r8, #1
 6255 0034 40F0E380 		bne	.L923
 6256 0038 002E     		cmp	r6, #0
 6257 003a 00F0E280 		beq	.L941
ARM GAS  /tmp/ccdsbe5x.s 			page 107


 6258 003e 002F     		cmp	r7, #0
 6259 0040 00F0E180 		beq	.L942
 6260 0044 002D     		cmp	r5, #0
 6261 0046 36D1     		bne	.L924
 6262 0048 0223     		movs	r3, #2
 6263 004a 84F83E30 		strb	r3, [r4, #62]
 6264 004e 84F84230 		strb	r3, [r4, #66]
 6265              	.L925:
 6266 0052 0122     		movs	r2, #1
 6267 0054 2946     		mov	r1, r5
 6268 0056 2068     		ldr	r0, [r4]
 6269 0058 FFF7FEFF 		bl	TIM_CCxChannelCmd
 6270 005c 0C2D     		cmp	r5, #12
 6271 005e 61D8     		bhi	.L931
 6272 0060 DFE805F0 		tbb	[pc, r5]
 6273              	.L933:
 6274 0064 48       		.byte	(.L936-.L933)/2
 6275 0065 60       		.byte	(.L931-.L933)/2
 6276 0066 60       		.byte	(.L931-.L933)/2
 6277 0067 60       		.byte	(.L931-.L933)/2
 6278 0068 75       		.byte	(.L935-.L933)/2
 6279 0069 60       		.byte	(.L931-.L933)/2
 6280 006a 60       		.byte	(.L931-.L933)/2
 6281 006b 60       		.byte	(.L931-.L933)/2
 6282 006c 8E       		.byte	(.L934-.L933)/2
 6283 006d 60       		.byte	(.L931-.L933)/2
 6284 006e 60       		.byte	(.L931-.L933)/2
 6285 006f 60       		.byte	(.L931-.L933)/2
 6286 0070 A7       		.byte	(.L932-.L933)/2
 6287 0071 00       		.p2align 1
 6288              	.L916:
 6289 0072 0429     		cmp	r1, #4
 6290 0074 0DD0     		beq	.L950
 6291 0076 0829     		cmp	r1, #8
 6292 0078 0FD0     		beq	.L951
 6293 007a 90F84110 		ldrb	r1, [r0, #65]	@ zero_extendqisi2
 6294 007e C8B2     		uxtb	r0, r1
 6295              	.L919:
 6296 0080 042D     		cmp	r5, #4
 6297 0082 0ED0     		beq	.L952
 6298 0084 082D     		cmp	r5, #8
 6299 0086 11D0     		beq	.L953
 6300 0088 94F84580 		ldrb	r8, [r4, #69]	@ zero_extendqisi2
 6301 008c 5FFA88F8 		uxtb	r8, r8
 6302 0090 C4E7     		b	.L917
 6303              	.L950:
 6304 0092 90F83F10 		ldrb	r1, [r0, #63]	@ zero_extendqisi2
 6305 0096 C8B2     		uxtb	r0, r1
 6306 0098 F2E7     		b	.L919
 6307              	.L951:
 6308 009a 90F84000 		ldrb	r0, [r0, #64]	@ zero_extendqisi2
 6309 009e C0B2     		uxtb	r0, r0
 6310 00a0 EEE7     		b	.L919
 6311              	.L952:
 6312 00a2 94F84380 		ldrb	r8, [r4, #67]	@ zero_extendqisi2
 6313 00a6 5FFA88F8 		uxtb	r8, r8
 6314 00aa B7E7     		b	.L917
ARM GAS  /tmp/ccdsbe5x.s 			page 108


 6315              	.L953:
 6316 00ac 94F84480 		ldrb	r8, [r4, #68]	@ zero_extendqisi2
 6317 00b0 5FFA88F8 		uxtb	r8, r8
 6318 00b4 B2E7     		b	.L917
 6319              	.L924:
 6320 00b6 042D     		cmp	r5, #4
 6321 00b8 0CD0     		beq	.L954
 6322 00ba 082D     		cmp	r5, #8
 6323 00bc 0ED0     		beq	.L955
 6324 00be 0223     		movs	r3, #2
 6325 00c0 84F84130 		strb	r3, [r4, #65]
 6326              	.L927:
 6327 00c4 042D     		cmp	r5, #4
 6328 00c6 0DD0     		beq	.L956
 6329 00c8 082D     		cmp	r5, #8
 6330 00ca 0FD0     		beq	.L957
 6331 00cc 0223     		movs	r3, #2
 6332 00ce 84F84530 		strb	r3, [r4, #69]
 6333 00d2 BEE7     		b	.L925
 6334              	.L954:
 6335 00d4 0223     		movs	r3, #2
 6336 00d6 84F83F30 		strb	r3, [r4, #63]
 6337 00da F3E7     		b	.L927
 6338              	.L955:
 6339 00dc 0223     		movs	r3, #2
 6340 00de 84F84030 		strb	r3, [r4, #64]
 6341 00e2 EFE7     		b	.L927
 6342              	.L956:
 6343 00e4 0223     		movs	r3, #2
 6344 00e6 84F84330 		strb	r3, [r4, #67]
 6345 00ea B2E7     		b	.L925
 6346              	.L957:
 6347 00ec 0223     		movs	r3, #2
 6348 00ee 84F84430 		strb	r3, [r4, #68]
 6349 00f2 AEE7     		b	.L925
 6350              	.L936:
 6351 00f4 636A     		ldr	r3, [r4, #36]
 6352 00f6 4A4A     		ldr	r2, .L958
 6353 00f8 9A62     		str	r2, [r3, #40]
 6354 00fa 636A     		ldr	r3, [r4, #36]
 6355 00fc 494A     		ldr	r2, .L958+4
 6356 00fe DA62     		str	r2, [r3, #44]
 6357 0100 636A     		ldr	r3, [r4, #36]
 6358 0102 494A     		ldr	r2, .L958+8
 6359 0104 1A63     		str	r2, [r3, #48]
 6360 0106 2168     		ldr	r1, [r4]
 6361 0108 3B46     		mov	r3, r7
 6362 010a 3246     		mov	r2, r6
 6363 010c 3431     		adds	r1, r1, #52
 6364 010e 606A     		ldr	r0, [r4, #36]
 6365 0110 FFF7FEFF 		bl	HAL_DMA_Start_IT
 6366 0114 0028     		cmp	r0, #0
 6367 0116 78D1     		bne	.L943
 6368 0118 2268     		ldr	r2, [r4]
 6369 011a D368     		ldr	r3, [r2, #12]
 6370 011c 43F40073 		orr	r3, r3, #512
 6371 0120 D360     		str	r3, [r2, #12]
ARM GAS  /tmp/ccdsbe5x.s 			page 109


 6372 0122 8046     		mov	r8, r0
 6373              	.L931:
 6374 0124 2368     		ldr	r3, [r4]
 6375 0126 414A     		ldr	r2, .L958+12
 6376 0128 9342     		cmp	r3, r2
 6377 012a 5AD0     		beq	.L937
 6378 012c B3F1804F 		cmp	r3, #1073741824
 6379 0130 57D0     		beq	.L937
 6380 0132 A2F59432 		sub	r2, r2, #75776
 6381 0136 9342     		cmp	r3, r2
 6382 0138 53D0     		beq	.L937
 6383 013a 02F58062 		add	r2, r2, #1024
 6384 013e 9342     		cmp	r3, r2
 6385 0140 4FD0     		beq	.L937
 6386 0142 1A68     		ldr	r2, [r3]
 6387 0144 42F00102 		orr	r2, r2, #1
 6388 0148 1A60     		str	r2, [r3]
 6389 014a 4046     		mov	r0, r8
 6390 014c 57E0     		b	.L923
 6391              	.L935:
 6392 014e A36A     		ldr	r3, [r4, #40]
 6393 0150 334A     		ldr	r2, .L958
 6394 0152 9A62     		str	r2, [r3, #40]
 6395 0154 A36A     		ldr	r3, [r4, #40]
 6396 0156 334A     		ldr	r2, .L958+4
 6397 0158 DA62     		str	r2, [r3, #44]
 6398 015a A36A     		ldr	r3, [r4, #40]
 6399 015c 324A     		ldr	r2, .L958+8
 6400 015e 1A63     		str	r2, [r3, #48]
 6401 0160 2168     		ldr	r1, [r4]
 6402 0162 3B46     		mov	r3, r7
 6403 0164 3246     		mov	r2, r6
 6404 0166 3831     		adds	r1, r1, #56
 6405 0168 A06A     		ldr	r0, [r4, #40]
 6406 016a FFF7FEFF 		bl	HAL_DMA_Start_IT
 6407 016e 0028     		cmp	r0, #0
 6408 0170 4DD1     		bne	.L944
 6409 0172 2268     		ldr	r2, [r4]
 6410 0174 D368     		ldr	r3, [r2, #12]
 6411 0176 43F48063 		orr	r3, r3, #1024
 6412 017a D360     		str	r3, [r2, #12]
 6413 017c 8046     		mov	r8, r0
 6414 017e D1E7     		b	.L931
 6415              	.L934:
 6416 0180 E36A     		ldr	r3, [r4, #44]
 6417 0182 274A     		ldr	r2, .L958
 6418 0184 9A62     		str	r2, [r3, #40]
 6419 0186 E36A     		ldr	r3, [r4, #44]
 6420 0188 264A     		ldr	r2, .L958+4
 6421 018a DA62     		str	r2, [r3, #44]
 6422 018c E36A     		ldr	r3, [r4, #44]
 6423 018e 264A     		ldr	r2, .L958+8
 6424 0190 1A63     		str	r2, [r3, #48]
 6425 0192 2168     		ldr	r1, [r4]
 6426 0194 3B46     		mov	r3, r7
 6427 0196 3246     		mov	r2, r6
 6428 0198 3C31     		adds	r1, r1, #60
ARM GAS  /tmp/ccdsbe5x.s 			page 110


 6429 019a E06A     		ldr	r0, [r4, #44]
 6430 019c FFF7FEFF 		bl	HAL_DMA_Start_IT
 6431 01a0 0028     		cmp	r0, #0
 6432 01a2 36D1     		bne	.L945
 6433 01a4 2268     		ldr	r2, [r4]
 6434 01a6 D368     		ldr	r3, [r2, #12]
 6435 01a8 43F40063 		orr	r3, r3, #2048
 6436 01ac D360     		str	r3, [r2, #12]
 6437 01ae 8046     		mov	r8, r0
 6438 01b0 B8E7     		b	.L931
 6439              	.L932:
 6440 01b2 236B     		ldr	r3, [r4, #48]
 6441 01b4 1A4A     		ldr	r2, .L958
 6442 01b6 9A62     		str	r2, [r3, #40]
 6443 01b8 236B     		ldr	r3, [r4, #48]
 6444 01ba 1A4A     		ldr	r2, .L958+4
 6445 01bc DA62     		str	r2, [r3, #44]
 6446 01be 236B     		ldr	r3, [r4, #48]
 6447 01c0 194A     		ldr	r2, .L958+8
 6448 01c2 1A63     		str	r2, [r3, #48]
 6449 01c4 2168     		ldr	r1, [r4]
 6450 01c6 3B46     		mov	r3, r7
 6451 01c8 3246     		mov	r2, r6
 6452 01ca 4031     		adds	r1, r1, #64
 6453 01cc 206B     		ldr	r0, [r4, #48]
 6454 01ce FFF7FEFF 		bl	HAL_DMA_Start_IT
 6455 01d2 00BB     		cbnz	r0, .L946
 6456 01d4 2268     		ldr	r2, [r4]
 6457 01d6 D368     		ldr	r3, [r2, #12]
 6458 01d8 43F48053 		orr	r3, r3, #4096
 6459 01dc D360     		str	r3, [r2, #12]
 6460 01de 8046     		mov	r8, r0
 6461 01e0 A0E7     		b	.L931
 6462              	.L937:
 6463 01e2 9A68     		ldr	r2, [r3, #8]
 6464 01e4 02F00702 		and	r2, r2, #7
 6465 01e8 062A     		cmp	r2, #6
 6466 01ea 16D0     		beq	.L947
 6467 01ec 1A68     		ldr	r2, [r3]
 6468 01ee 42F00102 		orr	r2, r2, #1
 6469 01f2 1A60     		str	r2, [r3]
 6470 01f4 4046     		mov	r0, r8
 6471 01f6 02E0     		b	.L923
 6472              	.L939:
 6473 01f8 4046     		mov	r0, r8
 6474 01fa 00E0     		b	.L923
 6475              	.L940:
 6476 01fc 0120     		movs	r0, #1
 6477              	.L923:
 6478 01fe BDE8F081 		pop	{r4, r5, r6, r7, r8, pc}
 6479              	.L941:
 6480 0202 4046     		mov	r0, r8
 6481 0204 FBE7     		b	.L923
 6482              	.L942:
 6483 0206 4046     		mov	r0, r8
 6484 0208 F9E7     		b	.L923
 6485              	.L943:
ARM GAS  /tmp/ccdsbe5x.s 			page 111


 6486 020a 4046     		mov	r0, r8
 6487 020c F7E7     		b	.L923
 6488              	.L944:
 6489 020e 4046     		mov	r0, r8
 6490 0210 F5E7     		b	.L923
 6491              	.L945:
 6492 0212 4046     		mov	r0, r8
 6493 0214 F3E7     		b	.L923
 6494              	.L946:
 6495 0216 4046     		mov	r0, r8
 6496 0218 F1E7     		b	.L923
 6497              	.L947:
 6498 021a 4046     		mov	r0, r8
 6499 021c EFE7     		b	.L923
 6500              	.L959:
 6501 021e 00BF     		.align	2
 6502              	.L958:
 6503 0220 00000000 		.word	TIM_DMACaptureCplt
 6504 0224 00000000 		.word	TIM_DMACaptureHalfCplt
 6505 0228 00000000 		.word	TIM_DMAError
 6506 022c 002C0140 		.word	1073818624
 6508              		.section	.text.HAL_TIM_IC_Stop_DMA,"ax",%progbits
 6509              		.align	1
 6510              		.global	HAL_TIM_IC_Stop_DMA
 6511              		.syntax unified
 6512              		.thumb
 6513              		.thumb_func
 6515              	HAL_TIM_IC_Stop_DMA:
 6516              		@ args = 0, pretend = 0, frame = 0
 6517              		@ frame_needed = 0, uses_anonymous_args = 0
 6518 0000 38B5     		push	{r3, r4, r5, lr}
 6519 0002 0546     		mov	r5, r0
 6520 0004 0C46     		mov	r4, r1
 6521 0006 0022     		movs	r2, #0
 6522 0008 0068     		ldr	r0, [r0]
 6523 000a FFF7FEFF 		bl	TIM_CCxChannelCmd
 6524 000e 0C2C     		cmp	r4, #12
 6525 0010 64D8     		bhi	.L975
 6526 0012 DFE804F0 		tbb	[pc, r4]
 6527              	.L963:
 6528 0016 07       		.byte	(.L966-.L963)/2
 6529 0017 63       		.byte	(.L975-.L963)/2
 6530 0018 63       		.byte	(.L975-.L963)/2
 6531 0019 63       		.byte	(.L975-.L963)/2
 6532 001a 26       		.byte	(.L965-.L963)/2
 6533 001b 63       		.byte	(.L975-.L963)/2
 6534 001c 63       		.byte	(.L975-.L963)/2
 6535 001d 63       		.byte	(.L975-.L963)/2
 6536 001e 2F       		.byte	(.L964-.L963)/2
 6537 001f 63       		.byte	(.L975-.L963)/2
 6538 0020 63       		.byte	(.L975-.L963)/2
 6539 0021 63       		.byte	(.L975-.L963)/2
 6540 0022 38       		.byte	(.L962-.L963)/2
 6541 0023 00       		.p2align 1
 6542              	.L966:
 6543 0024 2A68     		ldr	r2, [r5]
 6544 0026 D368     		ldr	r3, [r2, #12]
ARM GAS  /tmp/ccdsbe5x.s 			page 112


 6545 0028 23F40073 		bic	r3, r3, #512
 6546 002c D360     		str	r3, [r2, #12]
 6547 002e 686A     		ldr	r0, [r5, #36]
 6548 0030 FFF7FEFF 		bl	HAL_DMA_Abort_IT
 6549              	.L967:
 6550 0034 2B68     		ldr	r3, [r5]
 6551 0036 196A     		ldr	r1, [r3, #32]
 6552 0038 41F21112 		movw	r2, #4369
 6553 003c 1142     		tst	r1, r2
 6554 003e 08D1     		bne	.L968
 6555 0040 196A     		ldr	r1, [r3, #32]
 6556 0042 40F24442 		movw	r2, #1092
 6557 0046 1142     		tst	r1, r2
 6558 0048 03D1     		bne	.L968
 6559 004a 1A68     		ldr	r2, [r3]
 6560 004c 22F00102 		bic	r2, r2, #1
 6561 0050 1A60     		str	r2, [r3]
 6562              	.L968:
 6563 0052 0CBB     		cbnz	r4, .L969
 6564 0054 0123     		movs	r3, #1
 6565 0056 85F83E30 		strb	r3, [r5, #62]
 6566 005a 85F84230 		strb	r3, [r5, #66]
 6567 005e 0020     		movs	r0, #0
 6568 0060 3DE0     		b	.L961
 6569              	.L965:
 6570 0062 2A68     		ldr	r2, [r5]
 6571 0064 D368     		ldr	r3, [r2, #12]
 6572 0066 23F48063 		bic	r3, r3, #1024
 6573 006a D360     		str	r3, [r2, #12]
 6574 006c A86A     		ldr	r0, [r5, #40]
 6575 006e FFF7FEFF 		bl	HAL_DMA_Abort_IT
 6576 0072 DFE7     		b	.L967
 6577              	.L964:
 6578 0074 2A68     		ldr	r2, [r5]
 6579 0076 D368     		ldr	r3, [r2, #12]
 6580 0078 23F40063 		bic	r3, r3, #2048
 6581 007c D360     		str	r3, [r2, #12]
 6582 007e E86A     		ldr	r0, [r5, #44]
 6583 0080 FFF7FEFF 		bl	HAL_DMA_Abort_IT
 6584 0084 D6E7     		b	.L967
 6585              	.L962:
 6586 0086 2A68     		ldr	r2, [r5]
 6587 0088 D368     		ldr	r3, [r2, #12]
 6588 008a 23F48053 		bic	r3, r3, #4096
 6589 008e D360     		str	r3, [r2, #12]
 6590 0090 286B     		ldr	r0, [r5, #48]
 6591 0092 FFF7FEFF 		bl	HAL_DMA_Abort_IT
 6592 0096 CDE7     		b	.L967
 6593              	.L969:
 6594 0098 042C     		cmp	r4, #4
 6595 009a 0DD0     		beq	.L977
 6596 009c 082C     		cmp	r4, #8
 6597 009e 0FD0     		beq	.L978
 6598 00a0 0123     		movs	r3, #1
 6599 00a2 85F84130 		strb	r3, [r5, #65]
 6600              	.L971:
 6601 00a6 042C     		cmp	r4, #4
ARM GAS  /tmp/ccdsbe5x.s 			page 113


 6602 00a8 0ED0     		beq	.L979
 6603 00aa 082C     		cmp	r4, #8
 6604 00ac 11D0     		beq	.L980
 6605 00ae 0123     		movs	r3, #1
 6606 00b0 85F84530 		strb	r3, [r5, #69]
 6607 00b4 0020     		movs	r0, #0
 6608 00b6 12E0     		b	.L961
 6609              	.L977:
 6610 00b8 0123     		movs	r3, #1
 6611 00ba 85F83F30 		strb	r3, [r5, #63]
 6612 00be F2E7     		b	.L971
 6613              	.L978:
 6614 00c0 0123     		movs	r3, #1
 6615 00c2 85F84030 		strb	r3, [r5, #64]
 6616 00c6 EEE7     		b	.L971
 6617              	.L979:
 6618 00c8 0123     		movs	r3, #1
 6619 00ca 85F84330 		strb	r3, [r5, #67]
 6620 00ce 0020     		movs	r0, #0
 6621 00d0 05E0     		b	.L961
 6622              	.L980:
 6623 00d2 0123     		movs	r3, #1
 6624 00d4 85F84430 		strb	r3, [r5, #68]
 6625 00d8 0020     		movs	r0, #0
 6626 00da 00E0     		b	.L961
 6627              	.L975:
 6628 00dc 0120     		movs	r0, #1
 6629              	.L961:
 6630 00de 38BD     		pop	{r3, r4, r5, pc}
 6632              		.section	.text.HAL_TIM_OnePulse_Start,"ax",%progbits
 6633              		.align	1
 6634              		.global	HAL_TIM_OnePulse_Start
 6635              		.syntax unified
 6636              		.thumb
 6637              		.thumb_func
 6639              	HAL_TIM_OnePulse_Start:
 6640              		@ args = 0, pretend = 0, frame = 0
 6641              		@ frame_needed = 0, uses_anonymous_args = 0
 6642 0000 10B5     		push	{r4, lr}
 6643 0002 0446     		mov	r4, r0
 6644 0004 90F83EC0 		ldrb	ip, [r0, #62]	@ zero_extendqisi2
 6645 0008 90F83F30 		ldrb	r3, [r0, #63]	@ zero_extendqisi2
 6646 000c 90F84220 		ldrb	r2, [r0, #66]	@ zero_extendqisi2
 6647 0010 90F84310 		ldrb	r1, [r0, #67]	@ zero_extendqisi2
 6648 0014 BCF1010F 		cmp	ip, #1
 6649 0018 2AD1     		bne	.L983
 6650 001a 5FFA8CF0 		uxtb	r0, ip
 6651 001e DBB2     		uxtb	r3, r3
 6652 0020 D2B2     		uxtb	r2, r2
 6653 0022 C9B2     		uxtb	r1, r1
 6654 0024 012B     		cmp	r3, #1
 6655 0026 24D1     		bne	.L982
 6656 0028 012A     		cmp	r2, #1
 6657 002a 23D1     		bne	.L984
 6658 002c 0129     		cmp	r1, #1
 6659 002e 01D0     		beq	.L988
 6660 0030 1046     		mov	r0, r2
ARM GAS  /tmp/ccdsbe5x.s 			page 114


 6661 0032 1EE0     		b	.L982
 6662              	.L988:
 6663 0034 0223     		movs	r3, #2
 6664 0036 84F83E30 		strb	r3, [r4, #62]
 6665 003a 84F83F30 		strb	r3, [r4, #63]
 6666 003e 84F84230 		strb	r3, [r4, #66]
 6667 0042 84F84330 		strb	r3, [r4, #67]
 6668 0046 0021     		movs	r1, #0
 6669 0048 2068     		ldr	r0, [r4]
 6670 004a FFF7FEFF 		bl	TIM_CCxChannelCmd
 6671 004e 0122     		movs	r2, #1
 6672 0050 0421     		movs	r1, #4
 6673 0052 2068     		ldr	r0, [r4]
 6674 0054 FFF7FEFF 		bl	TIM_CCxChannelCmd
 6675 0058 2368     		ldr	r3, [r4]
 6676 005a 074A     		ldr	r2, .L990
 6677 005c 9342     		cmp	r3, r2
 6678 005e 01D0     		beq	.L989
 6679 0060 0020     		movs	r0, #0
 6680 0062 06E0     		b	.L982
 6681              	.L989:
 6682 0064 5A6C     		ldr	r2, [r3, #68]
 6683 0066 42F40042 		orr	r2, r2, #32768
 6684 006a 5A64     		str	r2, [r3, #68]
 6685 006c 0020     		movs	r0, #0
 6686 006e 00E0     		b	.L982
 6687              	.L983:
 6688 0070 0120     		movs	r0, #1
 6689              	.L982:
 6690 0072 10BD     		pop	{r4, pc}
 6691              	.L984:
 6692 0074 1846     		mov	r0, r3
 6693 0076 FCE7     		b	.L982
 6694              	.L991:
 6695              		.align	2
 6696              	.L990:
 6697 0078 002C0140 		.word	1073818624
 6699              		.section	.text.HAL_TIM_OnePulse_Stop,"ax",%progbits
 6700              		.align	1
 6701              		.global	HAL_TIM_OnePulse_Stop
 6702              		.syntax unified
 6703              		.thumb
 6704              		.thumb_func
 6706              	HAL_TIM_OnePulse_Stop:
 6707              		@ args = 0, pretend = 0, frame = 0
 6708              		@ frame_needed = 0, uses_anonymous_args = 0
 6709 0000 10B5     		push	{r4, lr}
 6710 0002 0446     		mov	r4, r0
 6711 0004 0022     		movs	r2, #0
 6712 0006 1146     		mov	r1, r2
 6713 0008 0068     		ldr	r0, [r0]
 6714 000a FFF7FEFF 		bl	TIM_CCxChannelCmd
 6715 000e 0022     		movs	r2, #0
 6716 0010 0421     		movs	r1, #4
 6717 0012 2068     		ldr	r0, [r4]
 6718 0014 FFF7FEFF 		bl	TIM_CCxChannelCmd
 6719 0018 2368     		ldr	r3, [r4]
ARM GAS  /tmp/ccdsbe5x.s 			page 115


 6720 001a 164A     		ldr	r2, .L997
 6721 001c 9342     		cmp	r3, r2
 6722 001e 19D0     		beq	.L996
 6723              	.L993:
 6724 0020 2368     		ldr	r3, [r4]
 6725 0022 196A     		ldr	r1, [r3, #32]
 6726 0024 41F21112 		movw	r2, #4369
 6727 0028 1142     		tst	r1, r2
 6728 002a 08D1     		bne	.L994
 6729 002c 196A     		ldr	r1, [r3, #32]
 6730 002e 40F24442 		movw	r2, #1092
 6731 0032 1142     		tst	r1, r2
 6732 0034 03D1     		bne	.L994
 6733 0036 1A68     		ldr	r2, [r3]
 6734 0038 22F00102 		bic	r2, r2, #1
 6735 003c 1A60     		str	r2, [r3]
 6736              	.L994:
 6737 003e 0123     		movs	r3, #1
 6738 0040 84F83E30 		strb	r3, [r4, #62]
 6739 0044 84F83F30 		strb	r3, [r4, #63]
 6740 0048 84F84230 		strb	r3, [r4, #66]
 6741 004c 84F84330 		strb	r3, [r4, #67]
 6742 0050 0020     		movs	r0, #0
 6743 0052 10BD     		pop	{r4, pc}
 6744              	.L996:
 6745 0054 196A     		ldr	r1, [r3, #32]
 6746 0056 41F21112 		movw	r2, #4369
 6747 005a 1142     		tst	r1, r2
 6748 005c E0D1     		bne	.L993
 6749 005e 196A     		ldr	r1, [r3, #32]
 6750 0060 40F24442 		movw	r2, #1092
 6751 0064 1142     		tst	r1, r2
 6752 0066 DBD1     		bne	.L993
 6753 0068 5A6C     		ldr	r2, [r3, #68]
 6754 006a 22F40042 		bic	r2, r2, #32768
 6755 006e 5A64     		str	r2, [r3, #68]
 6756 0070 D6E7     		b	.L993
 6757              	.L998:
 6758 0072 00BF     		.align	2
 6759              	.L997:
 6760 0074 002C0140 		.word	1073818624
 6762              		.section	.text.HAL_TIM_OnePulse_Start_IT,"ax",%progbits
 6763              		.align	1
 6764              		.global	HAL_TIM_OnePulse_Start_IT
 6765              		.syntax unified
 6766              		.thumb
 6767              		.thumb_func
 6769              	HAL_TIM_OnePulse_Start_IT:
 6770              		@ args = 0, pretend = 0, frame = 0
 6771              		@ frame_needed = 0, uses_anonymous_args = 0
 6772 0000 10B5     		push	{r4, lr}
 6773 0002 0446     		mov	r4, r0
 6774 0004 90F83EC0 		ldrb	ip, [r0, #62]	@ zero_extendqisi2
 6775 0008 90F83F30 		ldrb	r3, [r0, #63]	@ zero_extendqisi2
 6776 000c 90F84220 		ldrb	r2, [r0, #66]	@ zero_extendqisi2
 6777 0010 90F84310 		ldrb	r1, [r0, #67]	@ zero_extendqisi2
 6778 0014 BCF1010F 		cmp	ip, #1
ARM GAS  /tmp/ccdsbe5x.s 			page 116


 6779 0018 35D1     		bne	.L1001
 6780 001a 5FFA8CF0 		uxtb	r0, ip
 6781 001e DBB2     		uxtb	r3, r3
 6782 0020 D2B2     		uxtb	r2, r2
 6783 0022 C9B2     		uxtb	r1, r1
 6784 0024 012B     		cmp	r3, #1
 6785 0026 2FD1     		bne	.L1000
 6786 0028 012A     		cmp	r2, #1
 6787 002a 2ED1     		bne	.L1002
 6788 002c 0129     		cmp	r1, #1
 6789 002e 01D0     		beq	.L1006
 6790 0030 1046     		mov	r0, r2
 6791 0032 29E0     		b	.L1000
 6792              	.L1006:
 6793 0034 0223     		movs	r3, #2
 6794 0036 84F83E30 		strb	r3, [r4, #62]
 6795 003a 84F83F30 		strb	r3, [r4, #63]
 6796 003e 84F84230 		strb	r3, [r4, #66]
 6797 0042 84F84330 		strb	r3, [r4, #67]
 6798 0046 2268     		ldr	r2, [r4]
 6799 0048 D368     		ldr	r3, [r2, #12]
 6800 004a 43F00203 		orr	r3, r3, #2
 6801 004e D360     		str	r3, [r2, #12]
 6802 0050 2268     		ldr	r2, [r4]
 6803 0052 D368     		ldr	r3, [r2, #12]
 6804 0054 43F00403 		orr	r3, r3, #4
 6805 0058 D360     		str	r3, [r2, #12]
 6806 005a 0122     		movs	r2, #1
 6807 005c 0021     		movs	r1, #0
 6808 005e 2068     		ldr	r0, [r4]
 6809 0060 FFF7FEFF 		bl	TIM_CCxChannelCmd
 6810 0064 0122     		movs	r2, #1
 6811 0066 0421     		movs	r1, #4
 6812 0068 2068     		ldr	r0, [r4]
 6813 006a FFF7FEFF 		bl	TIM_CCxChannelCmd
 6814 006e 2368     		ldr	r3, [r4]
 6815 0070 074A     		ldr	r2, .L1008
 6816 0072 9342     		cmp	r3, r2
 6817 0074 01D0     		beq	.L1007
 6818 0076 0020     		movs	r0, #0
 6819 0078 06E0     		b	.L1000
 6820              	.L1007:
 6821 007a 5A6C     		ldr	r2, [r3, #68]
 6822 007c 42F40042 		orr	r2, r2, #32768
 6823 0080 5A64     		str	r2, [r3, #68]
 6824 0082 0020     		movs	r0, #0
 6825 0084 00E0     		b	.L1000
 6826              	.L1001:
 6827 0086 0120     		movs	r0, #1
 6828              	.L1000:
 6829 0088 10BD     		pop	{r4, pc}
 6830              	.L1002:
 6831 008a 1846     		mov	r0, r3
 6832 008c FCE7     		b	.L1000
 6833              	.L1009:
 6834 008e 00BF     		.align	2
 6835              	.L1008:
ARM GAS  /tmp/ccdsbe5x.s 			page 117


 6836 0090 002C0140 		.word	1073818624
 6838              		.section	.text.HAL_TIM_OnePulse_Stop_IT,"ax",%progbits
 6839              		.align	1
 6840              		.global	HAL_TIM_OnePulse_Stop_IT
 6841              		.syntax unified
 6842              		.thumb
 6843              		.thumb_func
 6845              	HAL_TIM_OnePulse_Stop_IT:
 6846              		@ args = 0, pretend = 0, frame = 0
 6847              		@ frame_needed = 0, uses_anonymous_args = 0
 6848 0000 10B5     		push	{r4, lr}
 6849 0002 0446     		mov	r4, r0
 6850 0004 0268     		ldr	r2, [r0]
 6851 0006 D368     		ldr	r3, [r2, #12]
 6852 0008 23F00203 		bic	r3, r3, #2
 6853 000c D360     		str	r3, [r2, #12]
 6854 000e 0268     		ldr	r2, [r0]
 6855 0010 D368     		ldr	r3, [r2, #12]
 6856 0012 23F00403 		bic	r3, r3, #4
 6857 0016 D360     		str	r3, [r2, #12]
 6858 0018 0022     		movs	r2, #0
 6859 001a 1146     		mov	r1, r2
 6860 001c 0068     		ldr	r0, [r0]
 6861 001e FFF7FEFF 		bl	TIM_CCxChannelCmd
 6862 0022 0022     		movs	r2, #0
 6863 0024 0421     		movs	r1, #4
 6864 0026 2068     		ldr	r0, [r4]
 6865 0028 FFF7FEFF 		bl	TIM_CCxChannelCmd
 6866 002c 2368     		ldr	r3, [r4]
 6867 002e 164A     		ldr	r2, .L1015
 6868 0030 9342     		cmp	r3, r2
 6869 0032 19D0     		beq	.L1014
 6870              	.L1011:
 6871 0034 2368     		ldr	r3, [r4]
 6872 0036 196A     		ldr	r1, [r3, #32]
 6873 0038 41F21112 		movw	r2, #4369
 6874 003c 1142     		tst	r1, r2
 6875 003e 08D1     		bne	.L1012
 6876 0040 196A     		ldr	r1, [r3, #32]
 6877 0042 40F24442 		movw	r2, #1092
 6878 0046 1142     		tst	r1, r2
 6879 0048 03D1     		bne	.L1012
 6880 004a 1A68     		ldr	r2, [r3]
 6881 004c 22F00102 		bic	r2, r2, #1
 6882 0050 1A60     		str	r2, [r3]
 6883              	.L1012:
 6884 0052 0123     		movs	r3, #1
 6885 0054 84F83E30 		strb	r3, [r4, #62]
 6886 0058 84F83F30 		strb	r3, [r4, #63]
 6887 005c 84F84230 		strb	r3, [r4, #66]
 6888 0060 84F84330 		strb	r3, [r4, #67]
 6889 0064 0020     		movs	r0, #0
 6890 0066 10BD     		pop	{r4, pc}
 6891              	.L1014:
 6892 0068 196A     		ldr	r1, [r3, #32]
 6893 006a 41F21112 		movw	r2, #4369
 6894 006e 1142     		tst	r1, r2
ARM GAS  /tmp/ccdsbe5x.s 			page 118


 6895 0070 E0D1     		bne	.L1011
 6896 0072 196A     		ldr	r1, [r3, #32]
 6897 0074 40F24442 		movw	r2, #1092
 6898 0078 1142     		tst	r1, r2
 6899 007a DBD1     		bne	.L1011
 6900 007c 5A6C     		ldr	r2, [r3, #68]
 6901 007e 22F40042 		bic	r2, r2, #32768
 6902 0082 5A64     		str	r2, [r3, #68]
 6903 0084 D6E7     		b	.L1011
 6904              	.L1016:
 6905 0086 00BF     		.align	2
 6906              	.L1015:
 6907 0088 002C0140 		.word	1073818624
 6909              		.section	.text.HAL_TIM_Encoder_Start,"ax",%progbits
 6910              		.align	1
 6911              		.global	HAL_TIM_Encoder_Start
 6912              		.syntax unified
 6913              		.thumb
 6914              		.thumb_func
 6916              	HAL_TIM_Encoder_Start:
 6917              		@ args = 0, pretend = 0, frame = 0
 6918              		@ frame_needed = 0, uses_anonymous_args = 0
 6919 0000 38B5     		push	{r3, r4, r5, lr}
 6920 0002 0446     		mov	r4, r0
 6921 0004 90F83E00 		ldrb	r0, [r0, #62]	@ zero_extendqisi2
 6922 0008 C0B2     		uxtb	r0, r0
 6923 000a 94F83F30 		ldrb	r3, [r4, #63]	@ zero_extendqisi2
 6924 000e 94F84220 		ldrb	r2, [r4, #66]	@ zero_extendqisi2
 6925 0012 D2B2     		uxtb	r2, r2
 6926 0014 94F843C0 		ldrb	ip, [r4, #67]	@ zero_extendqisi2
 6927 0018 0D46     		mov	r5, r1
 6928 001a B1B9     		cbnz	r1, .L1018
 6929 001c 0128     		cmp	r0, #1
 6930 001e 49D1     		bne	.L1026
 6931 0020 012A     		cmp	r2, #1
 6932 0022 48D1     		bne	.L1019
 6933 0024 0223     		movs	r3, #2
 6934 0026 84F83E30 		strb	r3, [r4, #62]
 6935 002a 84F84230 		strb	r3, [r4, #66]
 6936              	.L1020:
 6937 002e 7DB3     		cbz	r5, .L1022
 6938 0030 042D     		cmp	r5, #4
 6939 0032 39D0     		beq	.L1023
 6940 0034 0122     		movs	r2, #1
 6941 0036 0021     		movs	r1, #0
 6942 0038 2068     		ldr	r0, [r4]
 6943 003a FFF7FEFF 		bl	TIM_CCxChannelCmd
 6944 003e 0122     		movs	r2, #1
 6945 0040 0421     		movs	r1, #4
 6946 0042 2068     		ldr	r0, [r4]
 6947 0044 FFF7FEFF 		bl	TIM_CCxChannelCmd
 6948 0048 27E0     		b	.L1025
 6949              	.L1018:
 6950 004a DBB2     		uxtb	r3, r3
 6951 004c 5FFA8CFC 		uxtb	ip, ip
 6952 0050 0429     		cmp	r1, #4
 6953 0052 12D0     		beq	.L1034
ARM GAS  /tmp/ccdsbe5x.s 			page 119


 6954 0054 0128     		cmp	r0, #1
 6955 0056 33D1     		bne	.L1029
 6956 0058 012B     		cmp	r3, #1
 6957 005a 2CD1     		bne	.L1019
 6958 005c 012A     		cmp	r2, #1
 6959 005e 31D1     		bne	.L1030
 6960 0060 BCF1010F 		cmp	ip, #1
 6961 0064 30D1     		bne	.L1031
 6962 0066 0223     		movs	r3, #2
 6963 0068 84F83E30 		strb	r3, [r4, #62]
 6964 006c 84F83F30 		strb	r3, [r4, #63]
 6965 0070 84F84230 		strb	r3, [r4, #66]
 6966 0074 84F84330 		strb	r3, [r4, #67]
 6967 0078 D9E7     		b	.L1020
 6968              	.L1034:
 6969 007a 012B     		cmp	r3, #1
 6970 007c 1CD1     		bne	.L1027
 6971 007e BCF1010F 		cmp	ip, #1
 6972 0082 1BD1     		bne	.L1028
 6973 0084 0223     		movs	r3, #2
 6974 0086 84F83F30 		strb	r3, [r4, #63]
 6975 008a 84F84330 		strb	r3, [r4, #67]
 6976 008e CEE7     		b	.L1020
 6977              	.L1022:
 6978 0090 0122     		movs	r2, #1
 6979 0092 0021     		movs	r1, #0
 6980 0094 2068     		ldr	r0, [r4]
 6981 0096 FFF7FEFF 		bl	TIM_CCxChannelCmd
 6982              	.L1025:
 6983 009a 2268     		ldr	r2, [r4]
 6984 009c 1368     		ldr	r3, [r2]
 6985 009e 43F00103 		orr	r3, r3, #1
 6986 00a2 1360     		str	r3, [r2]
 6987 00a4 0020     		movs	r0, #0
 6988 00a6 06E0     		b	.L1019
 6989              	.L1023:
 6990 00a8 0122     		movs	r2, #1
 6991 00aa 0421     		movs	r1, #4
 6992 00ac 2068     		ldr	r0, [r4]
 6993 00ae FFF7FEFF 		bl	TIM_CCxChannelCmd
 6994 00b2 F2E7     		b	.L1025
 6995              	.L1026:
 6996 00b4 0120     		movs	r0, #1
 6997              	.L1019:
 6998 00b6 38BD     		pop	{r3, r4, r5, pc}
 6999              	.L1027:
 7000 00b8 0120     		movs	r0, #1
 7001 00ba FCE7     		b	.L1019
 7002              	.L1028:
 7003 00bc 1846     		mov	r0, r3
 7004 00be FAE7     		b	.L1019
 7005              	.L1029:
 7006 00c0 0120     		movs	r0, #1
 7007 00c2 F8E7     		b	.L1019
 7008              	.L1030:
 7009 00c4 1846     		mov	r0, r3
 7010 00c6 F6E7     		b	.L1019
ARM GAS  /tmp/ccdsbe5x.s 			page 120


 7011              	.L1031:
 7012 00c8 1046     		mov	r0, r2
 7013 00ca F4E7     		b	.L1019
 7015              		.section	.text.HAL_TIM_Encoder_Stop,"ax",%progbits
 7016              		.align	1
 7017              		.global	HAL_TIM_Encoder_Stop
 7018              		.syntax unified
 7019              		.thumb
 7020              		.thumb_func
 7022              	HAL_TIM_Encoder_Stop:
 7023              		@ args = 0, pretend = 0, frame = 0
 7024              		@ frame_needed = 0, uses_anonymous_args = 0
 7025 0000 38B5     		push	{r3, r4, r5, lr}
 7026 0002 0446     		mov	r4, r0
 7027 0004 0D46     		mov	r5, r1
 7028 0006 61B1     		cbz	r1, .L1036
 7029 0008 0429     		cmp	r1, #4
 7030 000a 2BD0     		beq	.L1037
 7031 000c 0022     		movs	r2, #0
 7032 000e 1146     		mov	r1, r2
 7033 0010 0068     		ldr	r0, [r0]
 7034 0012 FFF7FEFF 		bl	TIM_CCxChannelCmd
 7035 0016 0022     		movs	r2, #0
 7036 0018 0421     		movs	r1, #4
 7037 001a 2068     		ldr	r0, [r4]
 7038 001c FFF7FEFF 		bl	TIM_CCxChannelCmd
 7039 0020 04E0     		b	.L1039
 7040              	.L1036:
 7041 0022 0022     		movs	r2, #0
 7042 0024 1146     		mov	r1, r2
 7043 0026 0068     		ldr	r0, [r0]
 7044 0028 FFF7FEFF 		bl	TIM_CCxChannelCmd
 7045              	.L1039:
 7046 002c 2368     		ldr	r3, [r4]
 7047 002e 196A     		ldr	r1, [r3, #32]
 7048 0030 41F21112 		movw	r2, #4369
 7049 0034 1142     		tst	r1, r2
 7050 0036 08D1     		bne	.L1040
 7051 0038 196A     		ldr	r1, [r3, #32]
 7052 003a 40F24442 		movw	r2, #1092
 7053 003e 1142     		tst	r1, r2
 7054 0040 03D1     		bne	.L1040
 7055 0042 1A68     		ldr	r2, [r3]
 7056 0044 22F00102 		bic	r2, r2, #1
 7057 0048 1A60     		str	r2, [r3]
 7058              	.L1040:
 7059 004a 8DB1     		cbz	r5, .L1041
 7060 004c 042D     		cmp	r5, #4
 7061 004e 16D0     		beq	.L1048
 7062 0050 0123     		movs	r3, #1
 7063 0052 84F83E30 		strb	r3, [r4, #62]
 7064 0056 84F83F30 		strb	r3, [r4, #63]
 7065 005a 84F84230 		strb	r3, [r4, #66]
 7066 005e 84F84330 		strb	r3, [r4, #67]
 7067 0062 0AE0     		b	.L1044
 7068              	.L1037:
 7069 0064 0022     		movs	r2, #0
ARM GAS  /tmp/ccdsbe5x.s 			page 121


 7070 0066 0421     		movs	r1, #4
 7071 0068 0068     		ldr	r0, [r0]
 7072 006a FFF7FEFF 		bl	TIM_CCxChannelCmd
 7073 006e DDE7     		b	.L1039
 7074              	.L1041:
 7075 0070 0123     		movs	r3, #1
 7076 0072 84F83E30 		strb	r3, [r4, #62]
 7077 0076 84F84230 		strb	r3, [r4, #66]
 7078              	.L1044:
 7079 007a 0020     		movs	r0, #0
 7080 007c 38BD     		pop	{r3, r4, r5, pc}
 7081              	.L1048:
 7082 007e 0123     		movs	r3, #1
 7083 0080 84F83F30 		strb	r3, [r4, #63]
 7084 0084 84F84330 		strb	r3, [r4, #67]
 7085 0088 F7E7     		b	.L1044
 7087              		.section	.text.HAL_TIM_Encoder_Start_IT,"ax",%progbits
 7088              		.align	1
 7089              		.global	HAL_TIM_Encoder_Start_IT
 7090              		.syntax unified
 7091              		.thumb
 7092              		.thumb_func
 7094              	HAL_TIM_Encoder_Start_IT:
 7095              		@ args = 0, pretend = 0, frame = 0
 7096              		@ frame_needed = 0, uses_anonymous_args = 0
 7097 0000 38B5     		push	{r3, r4, r5, lr}
 7098 0002 0446     		mov	r4, r0
 7099 0004 90F83E00 		ldrb	r0, [r0, #62]	@ zero_extendqisi2
 7100 0008 C0B2     		uxtb	r0, r0
 7101 000a 94F83F30 		ldrb	r3, [r4, #63]	@ zero_extendqisi2
 7102 000e 94F84220 		ldrb	r2, [r4, #66]	@ zero_extendqisi2
 7103 0012 D2B2     		uxtb	r2, r2
 7104 0014 94F843C0 		ldrb	ip, [r4, #67]	@ zero_extendqisi2
 7105 0018 0D46     		mov	r5, r1
 7106 001a 09BB     		cbnz	r1, .L1050
 7107 001c 0128     		cmp	r0, #1
 7108 001e 5ED1     		bne	.L1058
 7109 0020 012A     		cmp	r2, #1
 7110 0022 5DD1     		bne	.L1051
 7111 0024 0223     		movs	r3, #2
 7112 0026 84F83E30 		strb	r3, [r4, #62]
 7113 002a 84F84230 		strb	r3, [r4, #66]
 7114              	.L1052:
 7115 002e 002D     		cmp	r5, #0
 7116 0030 39D0     		beq	.L1054
 7117 0032 042D     		cmp	r5, #4
 7118 0034 48D0     		beq	.L1055
 7119 0036 0122     		movs	r2, #1
 7120 0038 0021     		movs	r1, #0
 7121 003a 2068     		ldr	r0, [r4]
 7122 003c FFF7FEFF 		bl	TIM_CCxChannelCmd
 7123 0040 0122     		movs	r2, #1
 7124 0042 0421     		movs	r1, #4
 7125 0044 2068     		ldr	r0, [r4]
 7126 0046 FFF7FEFF 		bl	TIM_CCxChannelCmd
 7127 004a 2268     		ldr	r2, [r4]
 7128 004c D368     		ldr	r3, [r2, #12]
ARM GAS  /tmp/ccdsbe5x.s 			page 122


 7129 004e 43F00203 		orr	r3, r3, #2
 7130 0052 D360     		str	r3, [r2, #12]
 7131 0054 2268     		ldr	r2, [r4]
 7132 0056 D368     		ldr	r3, [r2, #12]
 7133 0058 43F00403 		orr	r3, r3, #4
 7134 005c D360     		str	r3, [r2, #12]
 7135 005e 2CE0     		b	.L1057
 7136              	.L1050:
 7137 0060 DBB2     		uxtb	r3, r3
 7138 0062 5FFA8CFC 		uxtb	ip, ip
 7139 0066 0429     		cmp	r1, #4
 7140 0068 12D0     		beq	.L1066
 7141 006a 0128     		cmp	r0, #1
 7142 006c 3DD1     		bne	.L1061
 7143 006e 012B     		cmp	r3, #1
 7144 0070 36D1     		bne	.L1051
 7145 0072 012A     		cmp	r2, #1
 7146 0074 3BD1     		bne	.L1062
 7147 0076 BCF1010F 		cmp	ip, #1
 7148 007a 3AD1     		bne	.L1063
 7149 007c 0223     		movs	r3, #2
 7150 007e 84F83E30 		strb	r3, [r4, #62]
 7151 0082 84F83F30 		strb	r3, [r4, #63]
 7152 0086 84F84230 		strb	r3, [r4, #66]
 7153 008a 84F84330 		strb	r3, [r4, #67]
 7154 008e CEE7     		b	.L1052
 7155              	.L1066:
 7156 0090 012B     		cmp	r3, #1
 7157 0092 26D1     		bne	.L1059
 7158 0094 BCF1010F 		cmp	ip, #1
 7159 0098 25D1     		bne	.L1060
 7160 009a 0223     		movs	r3, #2
 7161 009c 84F83F30 		strb	r3, [r4, #63]
 7162 00a0 84F84330 		strb	r3, [r4, #67]
 7163 00a4 C3E7     		b	.L1052
 7164              	.L1054:
 7165 00a6 0122     		movs	r2, #1
 7166 00a8 0021     		movs	r1, #0
 7167 00aa 2068     		ldr	r0, [r4]
 7168 00ac FFF7FEFF 		bl	TIM_CCxChannelCmd
 7169 00b0 2268     		ldr	r2, [r4]
 7170 00b2 D368     		ldr	r3, [r2, #12]
 7171 00b4 43F00203 		orr	r3, r3, #2
 7172 00b8 D360     		str	r3, [r2, #12]
 7173              	.L1057:
 7174 00ba 2268     		ldr	r2, [r4]
 7175 00bc 1368     		ldr	r3, [r2]
 7176 00be 43F00103 		orr	r3, r3, #1
 7177 00c2 1360     		str	r3, [r2]
 7178 00c4 0020     		movs	r0, #0
 7179 00c6 0BE0     		b	.L1051
 7180              	.L1055:
 7181 00c8 0122     		movs	r2, #1
 7182 00ca 0421     		movs	r1, #4
 7183 00cc 2068     		ldr	r0, [r4]
 7184 00ce FFF7FEFF 		bl	TIM_CCxChannelCmd
 7185 00d2 2268     		ldr	r2, [r4]
ARM GAS  /tmp/ccdsbe5x.s 			page 123


 7186 00d4 D368     		ldr	r3, [r2, #12]
 7187 00d6 43F00403 		orr	r3, r3, #4
 7188 00da D360     		str	r3, [r2, #12]
 7189 00dc EDE7     		b	.L1057
 7190              	.L1058:
 7191 00de 0120     		movs	r0, #1
 7192              	.L1051:
 7193 00e0 38BD     		pop	{r3, r4, r5, pc}
 7194              	.L1059:
 7195 00e2 0120     		movs	r0, #1
 7196 00e4 FCE7     		b	.L1051
 7197              	.L1060:
 7198 00e6 1846     		mov	r0, r3
 7199 00e8 FAE7     		b	.L1051
 7200              	.L1061:
 7201 00ea 0120     		movs	r0, #1
 7202 00ec F8E7     		b	.L1051
 7203              	.L1062:
 7204 00ee 1846     		mov	r0, r3
 7205 00f0 F6E7     		b	.L1051
 7206              	.L1063:
 7207 00f2 1046     		mov	r0, r2
 7208 00f4 F4E7     		b	.L1051
 7210              		.section	.text.HAL_TIM_Encoder_Stop_IT,"ax",%progbits
 7211              		.align	1
 7212              		.global	HAL_TIM_Encoder_Stop_IT
 7213              		.syntax unified
 7214              		.thumb
 7215              		.thumb_func
 7217              	HAL_TIM_Encoder_Stop_IT:
 7218              		@ args = 0, pretend = 0, frame = 0
 7219              		@ frame_needed = 0, uses_anonymous_args = 0
 7220 0000 38B5     		push	{r3, r4, r5, lr}
 7221 0002 0446     		mov	r4, r0
 7222 0004 0D46     		mov	r5, r1
 7223 0006 0029     		cmp	r1, #0
 7224 0008 31D0     		beq	.L1078
 7225 000a 0429     		cmp	r1, #4
 7226 000c 3AD0     		beq	.L1079
 7227 000e 0022     		movs	r2, #0
 7228 0010 1146     		mov	r1, r2
 7229 0012 0068     		ldr	r0, [r0]
 7230 0014 FFF7FEFF 		bl	TIM_CCxChannelCmd
 7231 0018 0022     		movs	r2, #0
 7232 001a 0421     		movs	r1, #4
 7233 001c 2068     		ldr	r0, [r4]
 7234 001e FFF7FEFF 		bl	TIM_CCxChannelCmd
 7235 0022 2268     		ldr	r2, [r4]
 7236 0024 D368     		ldr	r3, [r2, #12]
 7237 0026 23F00203 		bic	r3, r3, #2
 7238 002a D360     		str	r3, [r2, #12]
 7239 002c 2268     		ldr	r2, [r4]
 7240 002e D368     		ldr	r3, [r2, #12]
 7241 0030 23F00403 		bic	r3, r3, #4
 7242 0034 D360     		str	r3, [r2, #12]
 7243              	.L1069:
 7244 0036 2368     		ldr	r3, [r4]
ARM GAS  /tmp/ccdsbe5x.s 			page 124


 7245 0038 196A     		ldr	r1, [r3, #32]
 7246 003a 41F21112 		movw	r2, #4369
 7247 003e 1142     		tst	r1, r2
 7248 0040 08D1     		bne	.L1071
 7249 0042 196A     		ldr	r1, [r3, #32]
 7250 0044 40F24442 		movw	r2, #1092
 7251 0048 1142     		tst	r1, r2
 7252 004a 03D1     		bne	.L1071
 7253 004c 1A68     		ldr	r2, [r3]
 7254 004e 22F00102 		bic	r2, r2, #1
 7255 0052 1A60     		str	r2, [r3]
 7256              	.L1071:
 7257 0054 0DB3     		cbz	r5, .L1072
 7258 0056 042D     		cmp	r5, #4
 7259 0058 26D0     		beq	.L1080
 7260 005a 0123     		movs	r3, #1
 7261 005c 84F83E30 		strb	r3, [r4, #62]
 7262 0060 84F83F30 		strb	r3, [r4, #63]
 7263 0064 84F84230 		strb	r3, [r4, #66]
 7264 0068 84F84330 		strb	r3, [r4, #67]
 7265 006c 1AE0     		b	.L1075
 7266              	.L1078:
 7267 006e 0022     		movs	r2, #0
 7268 0070 1146     		mov	r1, r2
 7269 0072 0068     		ldr	r0, [r0]
 7270 0074 FFF7FEFF 		bl	TIM_CCxChannelCmd
 7271 0078 2268     		ldr	r2, [r4]
 7272 007a D368     		ldr	r3, [r2, #12]
 7273 007c 23F00203 		bic	r3, r3, #2
 7274 0080 D360     		str	r3, [r2, #12]
 7275 0082 D8E7     		b	.L1069
 7276              	.L1079:
 7277 0084 0022     		movs	r2, #0
 7278 0086 0421     		movs	r1, #4
 7279 0088 0068     		ldr	r0, [r0]
 7280 008a FFF7FEFF 		bl	TIM_CCxChannelCmd
 7281 008e 2268     		ldr	r2, [r4]
 7282 0090 D368     		ldr	r3, [r2, #12]
 7283 0092 23F00403 		bic	r3, r3, #4
 7284 0096 D360     		str	r3, [r2, #12]
 7285 0098 CDE7     		b	.L1069
 7286              	.L1072:
 7287 009a 0123     		movs	r3, #1
 7288 009c 84F83E30 		strb	r3, [r4, #62]
 7289 00a0 84F84230 		strb	r3, [r4, #66]
 7290              	.L1075:
 7291 00a4 0020     		movs	r0, #0
 7292 00a6 38BD     		pop	{r3, r4, r5, pc}
 7293              	.L1080:
 7294 00a8 0123     		movs	r3, #1
 7295 00aa 84F83F30 		strb	r3, [r4, #63]
 7296 00ae 84F84330 		strb	r3, [r4, #67]
 7297 00b2 F7E7     		b	.L1075
 7299              		.section	.text.HAL_TIM_Encoder_Start_DMA,"ax",%progbits
 7300              		.align	1
 7301              		.global	HAL_TIM_Encoder_Start_DMA
 7302              		.syntax unified
ARM GAS  /tmp/ccdsbe5x.s 			page 125


 7303              		.thumb
 7304              		.thumb_func
 7306              	HAL_TIM_Encoder_Start_DMA:
 7307              		@ args = 4, pretend = 0, frame = 0
 7308              		@ frame_needed = 0, uses_anonymous_args = 0
 7309 0000 F8B5     		push	{r3, r4, r5, r6, r7, lr}
 7310 0002 0446     		mov	r4, r0
 7311 0004 1E46     		mov	r6, r3
 7312 0006 BDF81870 		ldrh	r7, [sp, #24]
 7313 000a 90F83E50 		ldrb	r5, [r0, #62]	@ zero_extendqisi2
 7314 000e EDB2     		uxtb	r5, r5
 7315 0010 90F83F00 		ldrb	r0, [r0, #63]	@ zero_extendqisi2
 7316 0014 5FFA80FC 		uxtb	ip, r0
 7317 0018 94F84200 		ldrb	r0, [r4, #66]	@ zero_extendqisi2
 7318 001c C0B2     		uxtb	r0, r0
 7319 001e 94F84330 		ldrb	r3, [r4, #67]	@ zero_extendqisi2
 7320 0022 8E46     		mov	lr, r1
 7321 0024 0029     		cmp	r1, #0
 7322 0026 31D1     		bne	.L1082
 7323 0028 022D     		cmp	r5, #2
 7324 002a 00F0F180 		beq	.L1083
 7325 002e 0228     		cmp	r0, #2
 7326 0030 00F0EB80 		beq	.L1089
 7327 0034 012D     		cmp	r5, #1
 7328 0036 40F0EA80 		bne	.L1090
 7329 003a 0128     		cmp	r0, #1
 7330 003c 40F0E880 		bne	.L1083
 7331 0040 002A     		cmp	r2, #0
 7332 0042 00F0E780 		beq	.L1091
 7333 0046 002F     		cmp	r7, #0
 7334 0048 00F0E680 		beq	.L1092
 7335 004c 0223     		movs	r3, #2
 7336 004e 84F83E30 		strb	r3, [r4, #62]
 7337 0052 84F84230 		strb	r3, [r4, #66]
 7338              	.L1084:
 7339 0056 BEF1000F 		cmp	lr, #0
 7340 005a 61D0     		beq	.L1086
 7341 005c BEF1040F 		cmp	lr, #4
 7342 0060 00F08180 		beq	.L1087
 7343 0064 636A     		ldr	r3, [r4, #36]
 7344 0066 7C49     		ldr	r1, .L1119
 7345 0068 9962     		str	r1, [r3, #40]
 7346 006a 636A     		ldr	r3, [r4, #36]
 7347 006c 7B49     		ldr	r1, .L1119+4
 7348 006e D962     		str	r1, [r3, #44]
 7349 0070 636A     		ldr	r3, [r4, #36]
 7350 0072 7B49     		ldr	r1, .L1119+8
 7351 0074 1963     		str	r1, [r3, #48]
 7352 0076 2168     		ldr	r1, [r4]
 7353 0078 3B46     		mov	r3, r7
 7354 007a 3431     		adds	r1, r1, #52
 7355 007c 606A     		ldr	r0, [r4, #36]
 7356 007e FFF7FEFF 		bl	HAL_DMA_Start_IT
 7357 0082 0028     		cmp	r0, #0
 7358 0084 00F09380 		beq	.L1114
 7359 0088 0125     		movs	r5, #1
 7360 008a C1E0     		b	.L1083
ARM GAS  /tmp/ccdsbe5x.s 			page 126


 7361              	.L1082:
 7362 008c DBB2     		uxtb	r3, r3
 7363 008e 0429     		cmp	r1, #4
 7364 0090 2CD0     		beq	.L1115
 7365 0092 022D     		cmp	r5, #2
 7366 0094 00F0BC80 		beq	.L1083
 7367 0098 BCF1020F 		cmp	ip, #2
 7368 009c 00F0CA80 		beq	.L1099
 7369 00a0 0228     		cmp	r0, #2
 7370 00a2 00F0C980 		beq	.L1100
 7371 00a6 022B     		cmp	r3, #2
 7372 00a8 00F0C880 		beq	.L1101
 7373 00ac 012D     		cmp	r5, #1
 7374 00ae 40F0C780 		bne	.L1102
 7375 00b2 BCF1010F 		cmp	ip, #1
 7376 00b6 40F0AB80 		bne	.L1083
 7377 00ba 0128     		cmp	r0, #1
 7378 00bc 40F0C280 		bne	.L1103
 7379 00c0 012B     		cmp	r3, #1
 7380 00c2 40F0C180 		bne	.L1104
 7381 00c6 002A     		cmp	r2, #0
 7382 00c8 00F0C080 		beq	.L1105
 7383 00cc 002E     		cmp	r6, #0
 7384 00ce 00F0BF80 		beq	.L1106
 7385 00d2 002F     		cmp	r7, #0
 7386 00d4 00F0BE80 		beq	.L1107
 7387 00d8 0223     		movs	r3, #2
 7388 00da 84F83E30 		strb	r3, [r4, #62]
 7389 00de 84F83F30 		strb	r3, [r4, #63]
 7390 00e2 84F84230 		strb	r3, [r4, #66]
 7391 00e6 84F84330 		strb	r3, [r4, #67]
 7392 00ea B4E7     		b	.L1084
 7393              	.L1115:
 7394 00ec BCF1020F 		cmp	ip, #2
 7395 00f0 00F09480 		beq	.L1093
 7396 00f4 022B     		cmp	r3, #2
 7397 00f6 00F09380 		beq	.L1094
 7398 00fa BCF1010F 		cmp	ip, #1
 7399 00fe 40F09180 		bne	.L1095
 7400 0102 012B     		cmp	r3, #1
 7401 0104 40F09080 		bne	.L1096
 7402 0108 002E     		cmp	r6, #0
 7403 010a 00F08F80 		beq	.L1097
 7404 010e 002F     		cmp	r7, #0
 7405 0110 00F08E80 		beq	.L1098
 7406 0114 0223     		movs	r3, #2
 7407 0116 84F83F30 		strb	r3, [r4, #63]
 7408 011a 84F84330 		strb	r3, [r4, #67]
 7409 011e 9AE7     		b	.L1084
 7410              	.L1086:
 7411 0120 636A     		ldr	r3, [r4, #36]
 7412 0122 4D49     		ldr	r1, .L1119
 7413 0124 9962     		str	r1, [r3, #40]
 7414 0126 636A     		ldr	r3, [r4, #36]
 7415 0128 4C49     		ldr	r1, .L1119+4
 7416 012a D962     		str	r1, [r3, #44]
 7417 012c 636A     		ldr	r3, [r4, #36]
ARM GAS  /tmp/ccdsbe5x.s 			page 127


 7418 012e 4C49     		ldr	r1, .L1119+8
 7419 0130 1963     		str	r1, [r3, #48]
 7420 0132 2168     		ldr	r1, [r4]
 7421 0134 3B46     		mov	r3, r7
 7422 0136 3431     		adds	r1, r1, #52
 7423 0138 606A     		ldr	r0, [r4, #36]
 7424 013a FFF7FEFF 		bl	HAL_DMA_Start_IT
 7425 013e 0546     		mov	r5, r0
 7426 0140 08B1     		cbz	r0, .L1116
 7427 0142 0125     		movs	r5, #1
 7428 0144 64E0     		b	.L1083
 7429              	.L1116:
 7430 0146 2268     		ldr	r2, [r4]
 7431 0148 D368     		ldr	r3, [r2, #12]
 7432 014a 43F40073 		orr	r3, r3, #512
 7433 014e D360     		str	r3, [r2, #12]
 7434 0150 0122     		movs	r2, #1
 7435 0152 0021     		movs	r1, #0
 7436 0154 2068     		ldr	r0, [r4]
 7437 0156 FFF7FEFF 		bl	TIM_CCxChannelCmd
 7438 015a 2268     		ldr	r2, [r4]
 7439 015c 1368     		ldr	r3, [r2]
 7440 015e 43F00103 		orr	r3, r3, #1
 7441 0162 1360     		str	r3, [r2]
 7442 0164 54E0     		b	.L1083
 7443              	.L1087:
 7444 0166 A36A     		ldr	r3, [r4, #40]
 7445 0168 3B4A     		ldr	r2, .L1119
 7446 016a 9A62     		str	r2, [r3, #40]
 7447 016c A36A     		ldr	r3, [r4, #40]
 7448 016e 3B4A     		ldr	r2, .L1119+4
 7449 0170 DA62     		str	r2, [r3, #44]
 7450 0172 A36A     		ldr	r3, [r4, #40]
 7451 0174 3A4A     		ldr	r2, .L1119+8
 7452 0176 1A63     		str	r2, [r3, #48]
 7453 0178 2168     		ldr	r1, [r4]
 7454 017a 3B46     		mov	r3, r7
 7455 017c 3246     		mov	r2, r6
 7456 017e 3831     		adds	r1, r1, #56
 7457 0180 A06A     		ldr	r0, [r4, #40]
 7458 0182 FFF7FEFF 		bl	HAL_DMA_Start_IT
 7459 0186 0546     		mov	r5, r0
 7460 0188 08B1     		cbz	r0, .L1117
 7461 018a 0125     		movs	r5, #1
 7462 018c 40E0     		b	.L1083
 7463              	.L1117:
 7464 018e 2268     		ldr	r2, [r4]
 7465 0190 D368     		ldr	r3, [r2, #12]
 7466 0192 43F48063 		orr	r3, r3, #1024
 7467 0196 D360     		str	r3, [r2, #12]
 7468 0198 0122     		movs	r2, #1
 7469 019a 0421     		movs	r1, #4
 7470 019c 2068     		ldr	r0, [r4]
 7471 019e FFF7FEFF 		bl	TIM_CCxChannelCmd
 7472 01a2 2268     		ldr	r2, [r4]
 7473 01a4 1368     		ldr	r3, [r2]
 7474 01a6 43F00103 		orr	r3, r3, #1
ARM GAS  /tmp/ccdsbe5x.s 			page 128


 7475 01aa 1360     		str	r3, [r2]
 7476 01ac 30E0     		b	.L1083
 7477              	.L1114:
 7478 01ae A36A     		ldr	r3, [r4, #40]
 7479 01b0 294A     		ldr	r2, .L1119
 7480 01b2 9A62     		str	r2, [r3, #40]
 7481 01b4 A36A     		ldr	r3, [r4, #40]
 7482 01b6 294A     		ldr	r2, .L1119+4
 7483 01b8 DA62     		str	r2, [r3, #44]
 7484 01ba A36A     		ldr	r3, [r4, #40]
 7485 01bc 284A     		ldr	r2, .L1119+8
 7486 01be 1A63     		str	r2, [r3, #48]
 7487 01c0 2168     		ldr	r1, [r4]
 7488 01c2 3B46     		mov	r3, r7
 7489 01c4 3246     		mov	r2, r6
 7490 01c6 3831     		adds	r1, r1, #56
 7491 01c8 A06A     		ldr	r0, [r4, #40]
 7492 01ca FFF7FEFF 		bl	HAL_DMA_Start_IT
 7493 01ce 0546     		mov	r5, r0
 7494 01d0 08B1     		cbz	r0, .L1118
 7495 01d2 0125     		movs	r5, #1
 7496 01d4 1CE0     		b	.L1083
 7497              	.L1118:
 7498 01d6 2268     		ldr	r2, [r4]
 7499 01d8 D368     		ldr	r3, [r2, #12]
 7500 01da 43F40073 		orr	r3, r3, #512
 7501 01de D360     		str	r3, [r2, #12]
 7502 01e0 2268     		ldr	r2, [r4]
 7503 01e2 D368     		ldr	r3, [r2, #12]
 7504 01e4 43F48063 		orr	r3, r3, #1024
 7505 01e8 D360     		str	r3, [r2, #12]
 7506 01ea 0122     		movs	r2, #1
 7507 01ec 0021     		movs	r1, #0
 7508 01ee 2068     		ldr	r0, [r4]
 7509 01f0 FFF7FEFF 		bl	TIM_CCxChannelCmd
 7510 01f4 0122     		movs	r2, #1
 7511 01f6 0421     		movs	r1, #4
 7512 01f8 2068     		ldr	r0, [r4]
 7513 01fa FFF7FEFF 		bl	TIM_CCxChannelCmd
 7514 01fe 2268     		ldr	r2, [r4]
 7515 0200 1368     		ldr	r3, [r2]
 7516 0202 43F00103 		orr	r3, r3, #1
 7517 0206 1360     		str	r3, [r2]
 7518 0208 02E0     		b	.L1083
 7519              	.L1089:
 7520 020a 0546     		mov	r5, r0
 7521 020c 00E0     		b	.L1083
 7522              	.L1090:
 7523 020e 0125     		movs	r5, #1
 7524              	.L1083:
 7525 0210 2846     		mov	r0, r5
 7526 0212 F8BD     		pop	{r3, r4, r5, r6, r7, pc}
 7527              	.L1091:
 7528 0214 0546     		mov	r5, r0
 7529 0216 FBE7     		b	.L1083
 7530              	.L1092:
 7531 0218 0546     		mov	r5, r0
ARM GAS  /tmp/ccdsbe5x.s 			page 129


 7532 021a F9E7     		b	.L1083
 7533              	.L1093:
 7534 021c 6546     		mov	r5, ip
 7535 021e F7E7     		b	.L1083
 7536              	.L1094:
 7537 0220 1D46     		mov	r5, r3
 7538 0222 F5E7     		b	.L1083
 7539              	.L1095:
 7540 0224 0125     		movs	r5, #1
 7541 0226 F3E7     		b	.L1083
 7542              	.L1096:
 7543 0228 6546     		mov	r5, ip
 7544 022a F1E7     		b	.L1083
 7545              	.L1097:
 7546 022c 1D46     		mov	r5, r3
 7547 022e EFE7     		b	.L1083
 7548              	.L1098:
 7549 0230 1D46     		mov	r5, r3
 7550 0232 EDE7     		b	.L1083
 7551              	.L1099:
 7552 0234 6546     		mov	r5, ip
 7553 0236 EBE7     		b	.L1083
 7554              	.L1100:
 7555 0238 0546     		mov	r5, r0
 7556 023a E9E7     		b	.L1083
 7557              	.L1101:
 7558 023c 1D46     		mov	r5, r3
 7559 023e E7E7     		b	.L1083
 7560              	.L1102:
 7561 0240 0125     		movs	r5, #1
 7562 0242 E5E7     		b	.L1083
 7563              	.L1103:
 7564 0244 6546     		mov	r5, ip
 7565 0246 E3E7     		b	.L1083
 7566              	.L1104:
 7567 0248 0546     		mov	r5, r0
 7568 024a E1E7     		b	.L1083
 7569              	.L1105:
 7570 024c 1D46     		mov	r5, r3
 7571 024e DFE7     		b	.L1083
 7572              	.L1106:
 7573 0250 1D46     		mov	r5, r3
 7574 0252 DDE7     		b	.L1083
 7575              	.L1107:
 7576 0254 1D46     		mov	r5, r3
 7577 0256 DBE7     		b	.L1083
 7578              	.L1120:
 7579              		.align	2
 7580              	.L1119:
 7581 0258 00000000 		.word	TIM_DMACaptureCplt
 7582 025c 00000000 		.word	TIM_DMACaptureHalfCplt
 7583 0260 00000000 		.word	TIM_DMAError
 7585              		.section	.text.HAL_TIM_Encoder_Stop_DMA,"ax",%progbits
 7586              		.align	1
 7587              		.global	HAL_TIM_Encoder_Stop_DMA
 7588              		.syntax unified
 7589              		.thumb
ARM GAS  /tmp/ccdsbe5x.s 			page 130


 7590              		.thumb_func
 7592              	HAL_TIM_Encoder_Stop_DMA:
 7593              		@ args = 0, pretend = 0, frame = 0
 7594              		@ frame_needed = 0, uses_anonymous_args = 0
 7595 0000 38B5     		push	{r3, r4, r5, lr}
 7596 0002 0446     		mov	r4, r0
 7597 0004 0D46     		mov	r5, r1
 7598 0006 0029     		cmp	r1, #0
 7599 0008 37D0     		beq	.L1132
 7600 000a 0429     		cmp	r1, #4
 7601 000c 43D0     		beq	.L1133
 7602 000e 0022     		movs	r2, #0
 7603 0010 1146     		mov	r1, r2
 7604 0012 0068     		ldr	r0, [r0]
 7605 0014 FFF7FEFF 		bl	TIM_CCxChannelCmd
 7606 0018 0022     		movs	r2, #0
 7607 001a 0421     		movs	r1, #4
 7608 001c 2068     		ldr	r0, [r4]
 7609 001e FFF7FEFF 		bl	TIM_CCxChannelCmd
 7610 0022 2268     		ldr	r2, [r4]
 7611 0024 D368     		ldr	r3, [r2, #12]
 7612 0026 23F40073 		bic	r3, r3, #512
 7613 002a D360     		str	r3, [r2, #12]
 7614 002c 2268     		ldr	r2, [r4]
 7615 002e D368     		ldr	r3, [r2, #12]
 7616 0030 23F48063 		bic	r3, r3, #1024
 7617 0034 D360     		str	r3, [r2, #12]
 7618 0036 606A     		ldr	r0, [r4, #36]
 7619 0038 FFF7FEFF 		bl	HAL_DMA_Abort_IT
 7620 003c A06A     		ldr	r0, [r4, #40]
 7621 003e FFF7FEFF 		bl	HAL_DMA_Abort_IT
 7622              	.L1123:
 7623 0042 2368     		ldr	r3, [r4]
 7624 0044 196A     		ldr	r1, [r3, #32]
 7625 0046 41F21112 		movw	r2, #4369
 7626 004a 1142     		tst	r1, r2
 7627 004c 08D1     		bne	.L1125
 7628 004e 196A     		ldr	r1, [r3, #32]
 7629 0050 40F24442 		movw	r2, #1092
 7630 0054 1142     		tst	r1, r2
 7631 0056 03D1     		bne	.L1125
 7632 0058 1A68     		ldr	r2, [r3]
 7633 005a 22F00102 		bic	r2, r2, #1
 7634 005e 1A60     		str	r2, [r3]
 7635              	.L1125:
 7636 0060 3DB3     		cbz	r5, .L1126
 7637 0062 042D     		cmp	r5, #4
 7638 0064 2CD0     		beq	.L1134
 7639 0066 0123     		movs	r3, #1
 7640 0068 84F83E30 		strb	r3, [r4, #62]
 7641 006c 84F83F30 		strb	r3, [r4, #63]
 7642 0070 84F84230 		strb	r3, [r4, #66]
 7643 0074 84F84330 		strb	r3, [r4, #67]
 7644 0078 20E0     		b	.L1129
 7645              	.L1132:
 7646 007a 0022     		movs	r2, #0
 7647 007c 1146     		mov	r1, r2
ARM GAS  /tmp/ccdsbe5x.s 			page 131


 7648 007e 0068     		ldr	r0, [r0]
 7649 0080 FFF7FEFF 		bl	TIM_CCxChannelCmd
 7650 0084 2268     		ldr	r2, [r4]
 7651 0086 D368     		ldr	r3, [r2, #12]
 7652 0088 23F40073 		bic	r3, r3, #512
 7653 008c D360     		str	r3, [r2, #12]
 7654 008e 606A     		ldr	r0, [r4, #36]
 7655 0090 FFF7FEFF 		bl	HAL_DMA_Abort_IT
 7656 0094 D5E7     		b	.L1123
 7657              	.L1133:
 7658 0096 0022     		movs	r2, #0
 7659 0098 0421     		movs	r1, #4
 7660 009a 0068     		ldr	r0, [r0]
 7661 009c FFF7FEFF 		bl	TIM_CCxChannelCmd
 7662 00a0 2268     		ldr	r2, [r4]
 7663 00a2 D368     		ldr	r3, [r2, #12]
 7664 00a4 23F48063 		bic	r3, r3, #1024
 7665 00a8 D360     		str	r3, [r2, #12]
 7666 00aa A06A     		ldr	r0, [r4, #40]
 7667 00ac FFF7FEFF 		bl	HAL_DMA_Abort_IT
 7668 00b0 C7E7     		b	.L1123
 7669              	.L1126:
 7670 00b2 0123     		movs	r3, #1
 7671 00b4 84F83E30 		strb	r3, [r4, #62]
 7672 00b8 84F84230 		strb	r3, [r4, #66]
 7673              	.L1129:
 7674 00bc 0020     		movs	r0, #0
 7675 00be 38BD     		pop	{r3, r4, r5, pc}
 7676              	.L1134:
 7677 00c0 0123     		movs	r3, #1
 7678 00c2 84F83F30 		strb	r3, [r4, #63]
 7679 00c6 84F84330 		strb	r3, [r4, #67]
 7680 00ca F7E7     		b	.L1129
 7682              		.ident	"GCC: (Arch Repository) 14.2.0"
ARM GAS  /tmp/ccdsbe5x.s 			page 132


DEFINED SYMBOLS
                            *ABS*:00000000 stm32f1xx_hal_tim.c
     /tmp/ccdsbe5x.s:16     .text.TIM_OC1_SetConfig:00000000 $t
     /tmp/ccdsbe5x.s:21     .text.TIM_OC1_SetConfig:00000000 TIM_OC1_SetConfig
     /tmp/ccdsbe5x.s:63     .text.TIM_OC1_SetConfig:00000050 $d
     /tmp/ccdsbe5x.s:66     .text.TIM_OC3_SetConfig:00000000 $t
     /tmp/ccdsbe5x.s:71     .text.TIM_OC3_SetConfig:00000000 TIM_OC3_SetConfig
     /tmp/ccdsbe5x.s:113    .text.TIM_OC3_SetConfig:00000058 $d
     /tmp/ccdsbe5x.s:116    .text.TIM_OC4_SetConfig:00000000 $t
     /tmp/ccdsbe5x.s:121    .text.TIM_OC4_SetConfig:00000000 TIM_OC4_SetConfig
     /tmp/ccdsbe5x.s:157    .text.TIM_OC4_SetConfig:00000044 $d
     /tmp/ccdsbe5x.s:160    .text.TIM_TI1_ConfigInputStage:00000000 $t
     /tmp/ccdsbe5x.s:165    .text.TIM_TI1_ConfigInputStage:00000000 TIM_TI1_ConfigInputStage
     /tmp/ccdsbe5x.s:185    .text.TIM_TI2_SetConfig:00000000 $t
     /tmp/ccdsbe5x.s:190    .text.TIM_TI2_SetConfig:00000000 TIM_TI2_SetConfig
     /tmp/ccdsbe5x.s:216    .text.TIM_TI2_ConfigInputStage:00000000 $t
     /tmp/ccdsbe5x.s:221    .text.TIM_TI2_ConfigInputStage:00000000 TIM_TI2_ConfigInputStage
     /tmp/ccdsbe5x.s:241    .text.TIM_TI3_SetConfig:00000000 $t
     /tmp/ccdsbe5x.s:246    .text.TIM_TI3_SetConfig:00000000 TIM_TI3_SetConfig
     /tmp/ccdsbe5x.s:272    .text.TIM_TI4_SetConfig:00000000 $t
     /tmp/ccdsbe5x.s:277    .text.TIM_TI4_SetConfig:00000000 TIM_TI4_SetConfig
     /tmp/ccdsbe5x.s:303    .text.TIM_ITRx_SetConfig:00000000 $t
     /tmp/ccdsbe5x.s:308    .text.TIM_ITRx_SetConfig:00000000 TIM_ITRx_SetConfig
     /tmp/ccdsbe5x.s:320    .text.HAL_TIM_Base_MspInit:00000000 $t
     /tmp/ccdsbe5x.s:326    .text.HAL_TIM_Base_MspInit:00000000 HAL_TIM_Base_MspInit
     /tmp/ccdsbe5x.s:333    .text.HAL_TIM_Base_MspDeInit:00000000 $t
     /tmp/ccdsbe5x.s:339    .text.HAL_TIM_Base_MspDeInit:00000000 HAL_TIM_Base_MspDeInit
     /tmp/ccdsbe5x.s:346    .text.HAL_TIM_Base_DeInit:00000000 $t
     /tmp/ccdsbe5x.s:352    .text.HAL_TIM_Base_DeInit:00000000 HAL_TIM_Base_DeInit
     /tmp/ccdsbe5x.s:389    .text.HAL_TIM_Base_Start:00000000 $t
     /tmp/ccdsbe5x.s:395    .text.HAL_TIM_Base_Start:00000000 HAL_TIM_Base_Start
     /tmp/ccdsbe5x.s:440    .text.HAL_TIM_Base_Start:00000058 $d
     /tmp/ccdsbe5x.s:443    .text.HAL_TIM_Base_Stop:00000000 $t
     /tmp/ccdsbe5x.s:449    .text.HAL_TIM_Base_Stop:00000000 HAL_TIM_Base_Stop
     /tmp/ccdsbe5x.s:472    .text.HAL_TIM_Base_Start_IT:00000000 $t
     /tmp/ccdsbe5x.s:478    .text.HAL_TIM_Base_Start_IT:00000000 HAL_TIM_Base_Start_IT
     /tmp/ccdsbe5x.s:527    .text.HAL_TIM_Base_Start_IT:00000060 $d
     /tmp/ccdsbe5x.s:530    .text.HAL_TIM_Base_Stop_IT:00000000 $t
     /tmp/ccdsbe5x.s:536    .text.HAL_TIM_Base_Stop_IT:00000000 HAL_TIM_Base_Stop_IT
     /tmp/ccdsbe5x.s:563    .text.HAL_TIM_Base_Start_DMA:00000000 $t
     /tmp/ccdsbe5x.s:569    .text.HAL_TIM_Base_Start_DMA:00000000 HAL_TIM_Base_Start_DMA
     /tmp/ccdsbe5x.s:646    .text.HAL_TIM_Base_Start_DMA:000000a0 $d
     /tmp/ccdsbe5x.s:1754   .text.TIM_DMAPeriodElapsedCplt:00000000 TIM_DMAPeriodElapsedCplt
     /tmp/ccdsbe5x.s:1787   .text.TIM_DMAPeriodElapsedHalfCplt:00000000 TIM_DMAPeriodElapsedHalfCplt
     /tmp/ccdsbe5x.s:2329   .text.TIM_DMAError:00000000 TIM_DMAError
     /tmp/ccdsbe5x.s:652    .text.HAL_TIM_Base_Stop_DMA:00000000 $t
     /tmp/ccdsbe5x.s:658    .text.HAL_TIM_Base_Stop_DMA:00000000 HAL_TIM_Base_Stop_DMA
     /tmp/ccdsbe5x.s:688    .text.HAL_TIM_OC_MspInit:00000000 $t
     /tmp/ccdsbe5x.s:694    .text.HAL_TIM_OC_MspInit:00000000 HAL_TIM_OC_MspInit
     /tmp/ccdsbe5x.s:701    .text.HAL_TIM_OC_MspDeInit:00000000 $t
     /tmp/ccdsbe5x.s:707    .text.HAL_TIM_OC_MspDeInit:00000000 HAL_TIM_OC_MspDeInit
     /tmp/ccdsbe5x.s:714    .text.HAL_TIM_OC_DeInit:00000000 $t
     /tmp/ccdsbe5x.s:720    .text.HAL_TIM_OC_DeInit:00000000 HAL_TIM_OC_DeInit
     /tmp/ccdsbe5x.s:757    .text.HAL_TIM_PWM_MspInit:00000000 $t
     /tmp/ccdsbe5x.s:763    .text.HAL_TIM_PWM_MspInit:00000000 HAL_TIM_PWM_MspInit
     /tmp/ccdsbe5x.s:770    .text.HAL_TIM_PWM_MspDeInit:00000000 $t
     /tmp/ccdsbe5x.s:776    .text.HAL_TIM_PWM_MspDeInit:00000000 HAL_TIM_PWM_MspDeInit
ARM GAS  /tmp/ccdsbe5x.s 			page 133


     /tmp/ccdsbe5x.s:783    .text.HAL_TIM_PWM_DeInit:00000000 $t
     /tmp/ccdsbe5x.s:789    .text.HAL_TIM_PWM_DeInit:00000000 HAL_TIM_PWM_DeInit
     /tmp/ccdsbe5x.s:826    .text.HAL_TIM_IC_MspInit:00000000 $t
     /tmp/ccdsbe5x.s:832    .text.HAL_TIM_IC_MspInit:00000000 HAL_TIM_IC_MspInit
     /tmp/ccdsbe5x.s:839    .text.HAL_TIM_IC_MspDeInit:00000000 $t
     /tmp/ccdsbe5x.s:845    .text.HAL_TIM_IC_MspDeInit:00000000 HAL_TIM_IC_MspDeInit
     /tmp/ccdsbe5x.s:852    .text.HAL_TIM_IC_DeInit:00000000 $t
     /tmp/ccdsbe5x.s:858    .text.HAL_TIM_IC_DeInit:00000000 HAL_TIM_IC_DeInit
     /tmp/ccdsbe5x.s:895    .text.HAL_TIM_OnePulse_MspInit:00000000 $t
     /tmp/ccdsbe5x.s:901    .text.HAL_TIM_OnePulse_MspInit:00000000 HAL_TIM_OnePulse_MspInit
     /tmp/ccdsbe5x.s:908    .text.HAL_TIM_OnePulse_MspDeInit:00000000 $t
     /tmp/ccdsbe5x.s:914    .text.HAL_TIM_OnePulse_MspDeInit:00000000 HAL_TIM_OnePulse_MspDeInit
     /tmp/ccdsbe5x.s:921    .text.HAL_TIM_OnePulse_DeInit:00000000 $t
     /tmp/ccdsbe5x.s:927    .text.HAL_TIM_OnePulse_DeInit:00000000 HAL_TIM_OnePulse_DeInit
     /tmp/ccdsbe5x.s:960    .text.HAL_TIM_Encoder_MspInit:00000000 $t
     /tmp/ccdsbe5x.s:966    .text.HAL_TIM_Encoder_MspInit:00000000 HAL_TIM_Encoder_MspInit
     /tmp/ccdsbe5x.s:973    .text.HAL_TIM_Encoder_MspDeInit:00000000 $t
     /tmp/ccdsbe5x.s:979    .text.HAL_TIM_Encoder_MspDeInit:00000000 HAL_TIM_Encoder_MspDeInit
     /tmp/ccdsbe5x.s:986    .text.HAL_TIM_Encoder_DeInit:00000000 $t
     /tmp/ccdsbe5x.s:992    .text.HAL_TIM_Encoder_DeInit:00000000 HAL_TIM_Encoder_DeInit
     /tmp/ccdsbe5x.s:1025   .text.HAL_TIM_DMABurst_MultiWriteStart:00000000 $t
     /tmp/ccdsbe5x.s:1031   .text.HAL_TIM_DMABurst_MultiWriteStart:00000000 HAL_TIM_DMABurst_MultiWriteStart
     /tmp/ccdsbe5x.s:1228   .text.HAL_TIM_DMABurst_MultiWriteStart:00000188 $d
     /tmp/ccdsbe5x.s:1969   .text.TIM_DMADelayPulseCplt:00000000 TIM_DMADelayPulseCplt
     /tmp/ccdsbe5x.s:2049   .text.TIM_DMADelayPulseHalfCplt:00000000 TIM_DMADelayPulseHalfCplt
     /tmp/ccdsbe5x.s:2268   .text.TIM_DMATriggerCplt:00000000 TIM_DMATriggerCplt
     /tmp/ccdsbe5x.s:2301   .text.TIM_DMATriggerHalfCplt:00000000 TIM_DMATriggerHalfCplt
     /tmp/ccdsbe5x.s:1239   .text.HAL_TIM_DMABurst_WriteStart:00000000 $t
     /tmp/ccdsbe5x.s:1245   .text.HAL_TIM_DMABurst_WriteStart:00000000 HAL_TIM_DMABurst_WriteStart
     /tmp/ccdsbe5x.s:1261   .text.HAL_TIM_DMABurst_WriteStop:00000000 $t
     /tmp/ccdsbe5x.s:1267   .text.HAL_TIM_DMABurst_WriteStop:00000000 HAL_TIM_DMABurst_WriteStop
     /tmp/ccdsbe5x.s:1332   .text.HAL_TIM_DMABurst_MultiReadStart:00000000 $t
     /tmp/ccdsbe5x.s:1338   .text.HAL_TIM_DMABurst_MultiReadStart:00000000 HAL_TIM_DMABurst_MultiReadStart
     /tmp/ccdsbe5x.s:1535   .text.HAL_TIM_DMABurst_MultiReadStart:00000188 $d
     /tmp/ccdsbe5x.s:1828   .text.TIM_DMACaptureCplt:00000000 TIM_DMACaptureCplt
     /tmp/ccdsbe5x.s:1912   .text.TIM_DMACaptureHalfCplt:00000000 TIM_DMACaptureHalfCplt
     /tmp/ccdsbe5x.s:1546   .text.HAL_TIM_DMABurst_ReadStart:00000000 $t
     /tmp/ccdsbe5x.s:1552   .text.HAL_TIM_DMABurst_ReadStart:00000000 HAL_TIM_DMABurst_ReadStart
     /tmp/ccdsbe5x.s:1568   .text.HAL_TIM_DMABurst_ReadStop:00000000 $t
     /tmp/ccdsbe5x.s:1574   .text.HAL_TIM_DMABurst_ReadStop:00000000 HAL_TIM_DMABurst_ReadStop
     /tmp/ccdsbe5x.s:1639   .text.HAL_TIM_GenerateEvent:00000000 $t
     /tmp/ccdsbe5x.s:1645   .text.HAL_TIM_GenerateEvent:00000000 HAL_TIM_GenerateEvent
     /tmp/ccdsbe5x.s:1668   .text.HAL_TIM_ConfigTI1Input:00000000 $t
     /tmp/ccdsbe5x.s:1674   .text.HAL_TIM_ConfigTI1Input:00000000 HAL_TIM_ConfigTI1Input
     /tmp/ccdsbe5x.s:1687   .text.HAL_TIM_ReadCapturedValue:00000000 $t
     /tmp/ccdsbe5x.s:1693   .text.HAL_TIM_ReadCapturedValue:00000000 HAL_TIM_ReadCapturedValue
     /tmp/ccdsbe5x.s:1701   .text.HAL_TIM_ReadCapturedValue:00000008 $d
     /tmp/ccdsbe5x.s:1736   .text.HAL_TIM_PeriodElapsedCallback:00000000 $t
     /tmp/ccdsbe5x.s:1742   .text.HAL_TIM_PeriodElapsedCallback:00000000 HAL_TIM_PeriodElapsedCallback
     /tmp/ccdsbe5x.s:1749   .text.TIM_DMAPeriodElapsedCplt:00000000 $t
     /tmp/ccdsbe5x.s:1769   .text.HAL_TIM_PeriodElapsedHalfCpltCallback:00000000 $t
     /tmp/ccdsbe5x.s:1775   .text.HAL_TIM_PeriodElapsedHalfCpltCallback:00000000 HAL_TIM_PeriodElapsedHalfCpltCallback
     /tmp/ccdsbe5x.s:1782   .text.TIM_DMAPeriodElapsedHalfCplt:00000000 $t
     /tmp/ccdsbe5x.s:1796   .text.HAL_TIM_OC_DelayElapsedCallback:00000000 $t
     /tmp/ccdsbe5x.s:1802   .text.HAL_TIM_OC_DelayElapsedCallback:00000000 HAL_TIM_OC_DelayElapsedCallback
     /tmp/ccdsbe5x.s:1809   .text.HAL_TIM_IC_CaptureCallback:00000000 $t
     /tmp/ccdsbe5x.s:1815   .text.HAL_TIM_IC_CaptureCallback:00000000 HAL_TIM_IC_CaptureCallback
ARM GAS  /tmp/ccdsbe5x.s 			page 134


     /tmp/ccdsbe5x.s:1822   .text.TIM_DMACaptureCplt:00000000 $t
     /tmp/ccdsbe5x.s:1893   .text.HAL_TIM_IC_CaptureHalfCpltCallback:00000000 $t
     /tmp/ccdsbe5x.s:1899   .text.HAL_TIM_IC_CaptureHalfCpltCallback:00000000 HAL_TIM_IC_CaptureHalfCpltCallback
     /tmp/ccdsbe5x.s:1906   .text.TIM_DMACaptureHalfCplt:00000000 $t
     /tmp/ccdsbe5x.s:1951   .text.HAL_TIM_PWM_PulseFinishedCallback:00000000 $t
     /tmp/ccdsbe5x.s:1957   .text.HAL_TIM_PWM_PulseFinishedCallback:00000000 HAL_TIM_PWM_PulseFinishedCallback
     /tmp/ccdsbe5x.s:1964   .text.TIM_DMADelayPulseCplt:00000000 $t
     /tmp/ccdsbe5x.s:2030   .text.HAL_TIM_PWM_PulseFinishedHalfCpltCallback:00000000 $t
     /tmp/ccdsbe5x.s:2036   .text.HAL_TIM_PWM_PulseFinishedHalfCpltCallback:00000000 HAL_TIM_PWM_PulseFinishedHalfCpltCallback
     /tmp/ccdsbe5x.s:2043   .text.TIM_DMADelayPulseHalfCplt:00000000 $t
     /tmp/ccdsbe5x.s:2088   .text.HAL_TIM_TriggerCallback:00000000 $t
     /tmp/ccdsbe5x.s:2094   .text.HAL_TIM_TriggerCallback:00000000 HAL_TIM_TriggerCallback
     /tmp/ccdsbe5x.s:2101   .text.HAL_TIM_IRQHandler:00000000 $t
     /tmp/ccdsbe5x.s:2107   .text.HAL_TIM_IRQHandler:00000000 HAL_TIM_IRQHandler
     /tmp/ccdsbe5x.s:2263   .text.TIM_DMATriggerCplt:00000000 $t
     /tmp/ccdsbe5x.s:2283   .text.HAL_TIM_TriggerHalfCpltCallback:00000000 $t
     /tmp/ccdsbe5x.s:2289   .text.HAL_TIM_TriggerHalfCpltCallback:00000000 HAL_TIM_TriggerHalfCpltCallback
     /tmp/ccdsbe5x.s:2296   .text.TIM_DMATriggerHalfCplt:00000000 $t
     /tmp/ccdsbe5x.s:2310   .text.HAL_TIM_ErrorCallback:00000000 $t
     /tmp/ccdsbe5x.s:2316   .text.HAL_TIM_ErrorCallback:00000000 HAL_TIM_ErrorCallback
     /tmp/ccdsbe5x.s:2323   .text.TIM_DMAError:00000000 $t
     /tmp/ccdsbe5x.s:2379   .text.HAL_TIM_Base_GetState:00000000 $t
     /tmp/ccdsbe5x.s:2385   .text.HAL_TIM_Base_GetState:00000000 HAL_TIM_Base_GetState
     /tmp/ccdsbe5x.s:2393   .text.HAL_TIM_OC_GetState:00000000 $t
     /tmp/ccdsbe5x.s:2399   .text.HAL_TIM_OC_GetState:00000000 HAL_TIM_OC_GetState
     /tmp/ccdsbe5x.s:2407   .text.HAL_TIM_PWM_GetState:00000000 $t
     /tmp/ccdsbe5x.s:2413   .text.HAL_TIM_PWM_GetState:00000000 HAL_TIM_PWM_GetState
     /tmp/ccdsbe5x.s:2421   .text.HAL_TIM_IC_GetState:00000000 $t
     /tmp/ccdsbe5x.s:2427   .text.HAL_TIM_IC_GetState:00000000 HAL_TIM_IC_GetState
     /tmp/ccdsbe5x.s:2435   .text.HAL_TIM_OnePulse_GetState:00000000 $t
     /tmp/ccdsbe5x.s:2441   .text.HAL_TIM_OnePulse_GetState:00000000 HAL_TIM_OnePulse_GetState
     /tmp/ccdsbe5x.s:2449   .text.HAL_TIM_Encoder_GetState:00000000 $t
     /tmp/ccdsbe5x.s:2455   .text.HAL_TIM_Encoder_GetState:00000000 HAL_TIM_Encoder_GetState
     /tmp/ccdsbe5x.s:2463   .text.HAL_TIM_GetActiveChannel:00000000 $t
     /tmp/ccdsbe5x.s:2469   .text.HAL_TIM_GetActiveChannel:00000000 HAL_TIM_GetActiveChannel
     /tmp/ccdsbe5x.s:2477   .text.HAL_TIM_GetChannelState:00000000 $t
     /tmp/ccdsbe5x.s:2483   .text.HAL_TIM_GetChannelState:00000000 HAL_TIM_GetChannelState
     /tmp/ccdsbe5x.s:2509   .text.HAL_TIM_DMABurstState:00000000 $t
     /tmp/ccdsbe5x.s:2515   .text.HAL_TIM_DMABurstState:00000000 HAL_TIM_DMABurstState
     /tmp/ccdsbe5x.s:2523   .text.TIM_Base_SetConfig:00000000 $t
     /tmp/ccdsbe5x.s:2529   .text.TIM_Base_SetConfig:00000000 TIM_Base_SetConfig
     /tmp/ccdsbe5x.s:2595   .text.TIM_Base_SetConfig:00000080 $d
     /tmp/ccdsbe5x.s:2598   .text.HAL_TIM_Base_Init:00000000 $t
     /tmp/ccdsbe5x.s:2604   .text.HAL_TIM_Base_Init:00000000 HAL_TIM_Base_Init
     /tmp/ccdsbe5x.s:2640   .text.HAL_TIM_OC_Init:00000000 $t
     /tmp/ccdsbe5x.s:2646   .text.HAL_TIM_OC_Init:00000000 HAL_TIM_OC_Init
     /tmp/ccdsbe5x.s:2682   .text.HAL_TIM_PWM_Init:00000000 $t
     /tmp/ccdsbe5x.s:2688   .text.HAL_TIM_PWM_Init:00000000 HAL_TIM_PWM_Init
     /tmp/ccdsbe5x.s:2724   .text.HAL_TIM_IC_Init:00000000 $t
     /tmp/ccdsbe5x.s:2730   .text.HAL_TIM_IC_Init:00000000 HAL_TIM_IC_Init
     /tmp/ccdsbe5x.s:2766   .text.HAL_TIM_OnePulse_Init:00000000 $t
     /tmp/ccdsbe5x.s:2772   .text.HAL_TIM_OnePulse_Init:00000000 HAL_TIM_OnePulse_Init
     /tmp/ccdsbe5x.s:2813   .text.HAL_TIM_Encoder_Init:00000000 $t
     /tmp/ccdsbe5x.s:2819   .text.HAL_TIM_Encoder_Init:00000000 HAL_TIM_Encoder_Init
     /tmp/ccdsbe5x.s:2892   .text.TIM_OC2_SetConfig:00000000 $t
     /tmp/ccdsbe5x.s:2898   .text.TIM_OC2_SetConfig:00000000 TIM_OC2_SetConfig
     /tmp/ccdsbe5x.s:2940   .text.TIM_OC2_SetConfig:00000058 $d
ARM GAS  /tmp/ccdsbe5x.s 			page 135


     /tmp/ccdsbe5x.s:2943   .text.HAL_TIM_OC_ConfigChannel:00000000 $t
     /tmp/ccdsbe5x.s:2949   .text.HAL_TIM_OC_ConfigChannel:00000000 HAL_TIM_OC_ConfigChannel
     /tmp/ccdsbe5x.s:2963   .text.HAL_TIM_OC_ConfigChannel:0000001a $d
     /tmp/ccdsbe5x.s:3008   .text.HAL_TIM_PWM_ConfigChannel:00000000 $t
     /tmp/ccdsbe5x.s:3014   .text.HAL_TIM_PWM_ConfigChannel:00000000 HAL_TIM_PWM_ConfigChannel
     /tmp/ccdsbe5x.s:3029   .text.HAL_TIM_PWM_ConfigChannel:0000001c $d
     /tmp/ccdsbe5x.s:3127   .text.TIM_TI1_SetConfig:00000000 $t
     /tmp/ccdsbe5x.s:3133   .text.TIM_TI1_SetConfig:00000000 TIM_TI1_SetConfig
     /tmp/ccdsbe5x.s:3174   .text.TIM_TI1_SetConfig:00000054 $d
     /tmp/ccdsbe5x.s:3177   .text.HAL_TIM_IC_ConfigChannel:00000000 $t
     /tmp/ccdsbe5x.s:3183   .text.HAL_TIM_IC_ConfigChannel:00000000 HAL_TIM_IC_ConfigChannel
     /tmp/ccdsbe5x.s:3198   .text.HAL_TIM_IC_ConfigChannel:0000001c $d
     /tmp/ccdsbe5x.s:3292   .text.HAL_TIM_OnePulse_ConfigChannel:00000000 $t
     /tmp/ccdsbe5x.s:3298   .text.HAL_TIM_OnePulse_ConfigChannel:00000000 HAL_TIM_OnePulse_ConfigChannel
     /tmp/ccdsbe5x.s:3419   .text.TIM_ETR_SetConfig:00000000 $t
     /tmp/ccdsbe5x.s:3425   .text.TIM_ETR_SetConfig:00000000 TIM_ETR_SetConfig
     /tmp/ccdsbe5x.s:3440   .text.HAL_TIM_ConfigOCrefClear:00000000 $t
     /tmp/ccdsbe5x.s:3446   .text.HAL_TIM_ConfigOCrefClear:00000000 HAL_TIM_ConfigOCrefClear
     /tmp/ccdsbe5x.s:3482   .text.HAL_TIM_ConfigOCrefClear:00000046 $d
     /tmp/ccdsbe5x.s:3582   .text.HAL_TIM_ConfigClockSource:00000000 $t
     /tmp/ccdsbe5x.s:3588   .text.HAL_TIM_ConfigClockSource:00000000 HAL_TIM_ConfigClockSource
     /tmp/ccdsbe5x.s:3713   .text.TIM_SlaveTimer_SetConfig:00000000 $t
     /tmp/ccdsbe5x.s:3718   .text.TIM_SlaveTimer_SetConfig:00000000 TIM_SlaveTimer_SetConfig
     /tmp/ccdsbe5x.s:3820   .text.HAL_TIM_SlaveConfigSynchro:00000000 $t
     /tmp/ccdsbe5x.s:3826   .text.HAL_TIM_SlaveConfigSynchro:00000000 HAL_TIM_SlaveConfigSynchro
     /tmp/ccdsbe5x.s:3865   .text.HAL_TIM_SlaveConfigSynchro_IT:00000000 $t
     /tmp/ccdsbe5x.s:3871   .text.HAL_TIM_SlaveConfigSynchro_IT:00000000 HAL_TIM_SlaveConfigSynchro_IT
     /tmp/ccdsbe5x.s:3910   .text.TIM_CCxChannelCmd:00000000 $t
     /tmp/ccdsbe5x.s:3916   .text.TIM_CCxChannelCmd:00000000 TIM_CCxChannelCmd
     /tmp/ccdsbe5x.s:3933   .text.HAL_TIM_OC_Start:00000000 $t
     /tmp/ccdsbe5x.s:3939   .text.HAL_TIM_OC_Start:00000000 HAL_TIM_OC_Start
     /tmp/ccdsbe5x.s:4047   .text.HAL_TIM_OC_Start:000000d0 $d
     /tmp/ccdsbe5x.s:4050   .text.HAL_TIM_OC_Stop:00000000 $t
     /tmp/ccdsbe5x.s:4056   .text.HAL_TIM_OC_Stop:00000000 HAL_TIM_OC_Stop
     /tmp/ccdsbe5x.s:4121   .text.HAL_TIM_OC_Stop:00000080 $d
     /tmp/ccdsbe5x.s:4124   .text.HAL_TIM_OC_Start_IT:00000000 $t
     /tmp/ccdsbe5x.s:4130   .text.HAL_TIM_OC_Start_IT:00000000 HAL_TIM_OC_Start_IT
     /tmp/ccdsbe5x.s:4216   .text.HAL_TIM_OC_Start_IT:000000b0 $d
     /tmp/ccdsbe5x.s:4229   .text.HAL_TIM_OC_Start_IT:000000e4 $t
     /tmp/ccdsbe5x.s:4282   .text.HAL_TIM_OC_Start_IT:00000140 $d
     /tmp/ccdsbe5x.s:4285   .text.HAL_TIM_OC_Stop_IT:00000000 $t
     /tmp/ccdsbe5x.s:4291   .text.HAL_TIM_OC_Stop_IT:00000000 HAL_TIM_OC_Stop_IT
     /tmp/ccdsbe5x.s:4301   .text.HAL_TIM_OC_Stop_IT:0000000e $d
     /tmp/ccdsbe5x.s:4405   .text.HAL_TIM_OC_Stop_IT:000000d0 $d
     /tmp/ccdsbe5x.s:4408   .text.HAL_TIM_OC_Start_DMA:00000000 $t
     /tmp/ccdsbe5x.s:4414   .text.HAL_TIM_OC_Start_DMA:00000000 HAL_TIM_OC_Start_DMA
     /tmp/ccdsbe5x.s:4560   .text.HAL_TIM_OC_Start_DMA:0000013c $d
     /tmp/ccdsbe5x.s:4573   .text.HAL_TIM_OC_Start_DMA:00000170 $t
     /tmp/ccdsbe5x.s:4694   .text.HAL_TIM_OC_Start_DMA:0000024c $d
     /tmp/ccdsbe5x.s:4700   .text.HAL_TIM_OC_Stop_DMA:00000000 $t
     /tmp/ccdsbe5x.s:4706   .text.HAL_TIM_OC_Stop_DMA:00000000 HAL_TIM_OC_Stop_DMA
     /tmp/ccdsbe5x.s:4716   .text.HAL_TIM_OC_Stop_DMA:0000000e $d
     /tmp/ccdsbe5x.s:4829   .text.HAL_TIM_OC_Stop_DMA:000000e8 $d
     /tmp/ccdsbe5x.s:4832   .text.HAL_TIM_PWM_Start:00000000 $t
     /tmp/ccdsbe5x.s:4838   .text.HAL_TIM_PWM_Start:00000000 HAL_TIM_PWM_Start
     /tmp/ccdsbe5x.s:4946   .text.HAL_TIM_PWM_Start:000000d0 $d
     /tmp/ccdsbe5x.s:4949   .text.HAL_TIM_PWM_Stop:00000000 $t
ARM GAS  /tmp/ccdsbe5x.s 			page 136


     /tmp/ccdsbe5x.s:4955   .text.HAL_TIM_PWM_Stop:00000000 HAL_TIM_PWM_Stop
     /tmp/ccdsbe5x.s:5020   .text.HAL_TIM_PWM_Stop:00000080 $d
     /tmp/ccdsbe5x.s:5023   .text.HAL_TIM_PWM_Start_IT:00000000 $t
     /tmp/ccdsbe5x.s:5029   .text.HAL_TIM_PWM_Start_IT:00000000 HAL_TIM_PWM_Start_IT
     /tmp/ccdsbe5x.s:5115   .text.HAL_TIM_PWM_Start_IT:000000b0 $d
     /tmp/ccdsbe5x.s:5128   .text.HAL_TIM_PWM_Start_IT:000000e4 $t
     /tmp/ccdsbe5x.s:5181   .text.HAL_TIM_PWM_Start_IT:00000140 $d
     /tmp/ccdsbe5x.s:5184   .text.HAL_TIM_PWM_Stop_IT:00000000 $t
     /tmp/ccdsbe5x.s:5190   .text.HAL_TIM_PWM_Stop_IT:00000000 HAL_TIM_PWM_Stop_IT
     /tmp/ccdsbe5x.s:5200   .text.HAL_TIM_PWM_Stop_IT:0000000e $d
     /tmp/ccdsbe5x.s:5304   .text.HAL_TIM_PWM_Stop_IT:000000d0 $d
     /tmp/ccdsbe5x.s:5307   .text.HAL_TIM_PWM_Start_DMA:00000000 $t
     /tmp/ccdsbe5x.s:5313   .text.HAL_TIM_PWM_Start_DMA:00000000 HAL_TIM_PWM_Start_DMA
     /tmp/ccdsbe5x.s:5459   .text.HAL_TIM_PWM_Start_DMA:0000013c $d
     /tmp/ccdsbe5x.s:5472   .text.HAL_TIM_PWM_Start_DMA:00000170 $t
     /tmp/ccdsbe5x.s:5593   .text.HAL_TIM_PWM_Start_DMA:0000024c $d
     /tmp/ccdsbe5x.s:5599   .text.HAL_TIM_PWM_Stop_DMA:00000000 $t
     /tmp/ccdsbe5x.s:5605   .text.HAL_TIM_PWM_Stop_DMA:00000000 HAL_TIM_PWM_Stop_DMA
     /tmp/ccdsbe5x.s:5615   .text.HAL_TIM_PWM_Stop_DMA:0000000e $d
     /tmp/ccdsbe5x.s:5728   .text.HAL_TIM_PWM_Stop_DMA:000000e8 $d
     /tmp/ccdsbe5x.s:5731   .text.HAL_TIM_IC_Start:00000000 $t
     /tmp/ccdsbe5x.s:5737   .text.HAL_TIM_IC_Start:00000000 HAL_TIM_IC_Start
     /tmp/ccdsbe5x.s:5862   .text.HAL_TIM_IC_Start:000000f8 $d
     /tmp/ccdsbe5x.s:5865   .text.HAL_TIM_IC_Stop:00000000 $t
     /tmp/ccdsbe5x.s:5871   .text.HAL_TIM_IC_Stop:00000000 HAL_TIM_IC_Stop
     /tmp/ccdsbe5x.s:5933   .text.HAL_TIM_IC_Start_IT:00000000 $t
     /tmp/ccdsbe5x.s:5939   .text.HAL_TIM_IC_Start_IT:00000000 HAL_TIM_IC_Start_IT
     /tmp/ccdsbe5x.s:6039   .text.HAL_TIM_IC_Start_IT:000000d4 $d
     /tmp/ccdsbe5x.s:6052   .text.HAL_TIM_IC_Start_IT:00000108 $t
     /tmp/ccdsbe5x.s:6108   .text.HAL_TIM_IC_Start_IT:0000016c $d
     /tmp/ccdsbe5x.s:6111   .text.HAL_TIM_IC_Stop_IT:00000000 $t
     /tmp/ccdsbe5x.s:6117   .text.HAL_TIM_IC_Stop_IT:00000000 HAL_TIM_IC_Stop_IT
     /tmp/ccdsbe5x.s:6127   .text.HAL_TIM_IC_Stop_IT:0000000e $d
     /tmp/ccdsbe5x.s:6228   .text.HAL_TIM_IC_Start_DMA:00000000 $t
     /tmp/ccdsbe5x.s:6234   .text.HAL_TIM_IC_Start_DMA:00000000 HAL_TIM_IC_Start_DMA
     /tmp/ccdsbe5x.s:6274   .text.HAL_TIM_IC_Start_DMA:00000064 $d
     /tmp/ccdsbe5x.s:6503   .text.HAL_TIM_IC_Start_DMA:00000220 $d
     /tmp/ccdsbe5x.s:6509   .text.HAL_TIM_IC_Stop_DMA:00000000 $t
     /tmp/ccdsbe5x.s:6515   .text.HAL_TIM_IC_Stop_DMA:00000000 HAL_TIM_IC_Stop_DMA
     /tmp/ccdsbe5x.s:6528   .text.HAL_TIM_IC_Stop_DMA:00000016 $d
     /tmp/ccdsbe5x.s:6633   .text.HAL_TIM_OnePulse_Start:00000000 $t
     /tmp/ccdsbe5x.s:6639   .text.HAL_TIM_OnePulse_Start:00000000 HAL_TIM_OnePulse_Start
     /tmp/ccdsbe5x.s:6697   .text.HAL_TIM_OnePulse_Start:00000078 $d
     /tmp/ccdsbe5x.s:6700   .text.HAL_TIM_OnePulse_Stop:00000000 $t
     /tmp/ccdsbe5x.s:6706   .text.HAL_TIM_OnePulse_Stop:00000000 HAL_TIM_OnePulse_Stop
     /tmp/ccdsbe5x.s:6760   .text.HAL_TIM_OnePulse_Stop:00000074 $d
     /tmp/ccdsbe5x.s:6763   .text.HAL_TIM_OnePulse_Start_IT:00000000 $t
     /tmp/ccdsbe5x.s:6769   .text.HAL_TIM_OnePulse_Start_IT:00000000 HAL_TIM_OnePulse_Start_IT
     /tmp/ccdsbe5x.s:6836   .text.HAL_TIM_OnePulse_Start_IT:00000090 $d
     /tmp/ccdsbe5x.s:6839   .text.HAL_TIM_OnePulse_Stop_IT:00000000 $t
     /tmp/ccdsbe5x.s:6845   .text.HAL_TIM_OnePulse_Stop_IT:00000000 HAL_TIM_OnePulse_Stop_IT
     /tmp/ccdsbe5x.s:6907   .text.HAL_TIM_OnePulse_Stop_IT:00000088 $d
     /tmp/ccdsbe5x.s:6910   .text.HAL_TIM_Encoder_Start:00000000 $t
     /tmp/ccdsbe5x.s:6916   .text.HAL_TIM_Encoder_Start:00000000 HAL_TIM_Encoder_Start
     /tmp/ccdsbe5x.s:7016   .text.HAL_TIM_Encoder_Stop:00000000 $t
     /tmp/ccdsbe5x.s:7022   .text.HAL_TIM_Encoder_Stop:00000000 HAL_TIM_Encoder_Stop
     /tmp/ccdsbe5x.s:7088   .text.HAL_TIM_Encoder_Start_IT:00000000 $t
ARM GAS  /tmp/ccdsbe5x.s 			page 137


     /tmp/ccdsbe5x.s:7094   .text.HAL_TIM_Encoder_Start_IT:00000000 HAL_TIM_Encoder_Start_IT
     /tmp/ccdsbe5x.s:7211   .text.HAL_TIM_Encoder_Stop_IT:00000000 $t
     /tmp/ccdsbe5x.s:7217   .text.HAL_TIM_Encoder_Stop_IT:00000000 HAL_TIM_Encoder_Stop_IT
     /tmp/ccdsbe5x.s:7300   .text.HAL_TIM_Encoder_Start_DMA:00000000 $t
     /tmp/ccdsbe5x.s:7306   .text.HAL_TIM_Encoder_Start_DMA:00000000 HAL_TIM_Encoder_Start_DMA
     /tmp/ccdsbe5x.s:7581   .text.HAL_TIM_Encoder_Start_DMA:00000258 $d
     /tmp/ccdsbe5x.s:7586   .text.HAL_TIM_Encoder_Stop_DMA:00000000 $t
     /tmp/ccdsbe5x.s:7592   .text.HAL_TIM_Encoder_Stop_DMA:00000000 HAL_TIM_Encoder_Stop_DMA
     /tmp/ccdsbe5x.s:1714   .text.HAL_TIM_ReadCapturedValue:00000015 $d
     /tmp/ccdsbe5x.s:1714   .text.HAL_TIM_ReadCapturedValue:00000016 $t
     /tmp/ccdsbe5x.s:2976   .text.HAL_TIM_OC_ConfigChannel:00000027 $d
     /tmp/ccdsbe5x.s:2976   .text.HAL_TIM_OC_ConfigChannel:00000028 $t
     /tmp/ccdsbe5x.s:3042   .text.HAL_TIM_PWM_ConfigChannel:00000029 $d
     /tmp/ccdsbe5x.s:3042   .text.HAL_TIM_PWM_ConfigChannel:0000002a $t
     /tmp/ccdsbe5x.s:3211   .text.HAL_TIM_IC_ConfigChannel:00000029 $d
     /tmp/ccdsbe5x.s:3211   .text.HAL_TIM_IC_ConfigChannel:0000002a $t
     /tmp/ccdsbe5x.s:3495   .text.HAL_TIM_ConfigOCrefClear:00000053 $d
     /tmp/ccdsbe5x.s:3495   .text.HAL_TIM_ConfigOCrefClear:00000054 $t
     /tmp/ccdsbe5x.s:4314   .text.HAL_TIM_OC_Stop_IT:0000001b $d
     /tmp/ccdsbe5x.s:4314   .text.HAL_TIM_OC_Stop_IT:0000001c $t
     /tmp/ccdsbe5x.s:4729   .text.HAL_TIM_OC_Stop_DMA:0000001b $d
     /tmp/ccdsbe5x.s:4729   .text.HAL_TIM_OC_Stop_DMA:0000001c $t
     /tmp/ccdsbe5x.s:5213   .text.HAL_TIM_PWM_Stop_IT:0000001b $d
     /tmp/ccdsbe5x.s:5213   .text.HAL_TIM_PWM_Stop_IT:0000001c $t
     /tmp/ccdsbe5x.s:5628   .text.HAL_TIM_PWM_Stop_DMA:0000001b $d
     /tmp/ccdsbe5x.s:5628   .text.HAL_TIM_PWM_Stop_DMA:0000001c $t
     /tmp/ccdsbe5x.s:6140   .text.HAL_TIM_IC_Stop_IT:0000001b $d
     /tmp/ccdsbe5x.s:6140   .text.HAL_TIM_IC_Stop_IT:0000001c $t
     /tmp/ccdsbe5x.s:6287   .text.HAL_TIM_IC_Start_DMA:00000071 $d
     /tmp/ccdsbe5x.s:6287   .text.HAL_TIM_IC_Start_DMA:00000072 $t
     /tmp/ccdsbe5x.s:6541   .text.HAL_TIM_IC_Stop_DMA:00000023 $d
     /tmp/ccdsbe5x.s:6541   .text.HAL_TIM_IC_Stop_DMA:00000024 $t

UNDEFINED SYMBOLS
HAL_DMA_Start_IT
HAL_DMA_Abort_IT
TIMEx_DMACommutationCplt
TIMEx_DMACommutationHalfCplt
HAL_TIMEx_BreakCallback
HAL_TIMEx_CommutCallback
