ARM GAS  /tmp/cc226o5y.s 			page 1


   1              		.cpu cortex-m3
   2              		.arch armv7-m
   3              		.fpu softvfp
   4              		.eabi_attribute 20, 1
   5              		.eabi_attribute 21, 1
   6              		.eabi_attribute 23, 3
   7              		.eabi_attribute 24, 1
   8              		.eabi_attribute 25, 1
   9              		.eabi_attribute 26, 1
  10              		.eabi_attribute 30, 1
  11              		.eabi_attribute 34, 1
  12              		.eabi_attribute 18, 4
  13              		.file	"stm32f1xx_hal_tim_ex.c"
  14              		.text
  15              		.section	.text.TIM_CCxNChannelCmd,"ax",%progbits
  16              		.align	1
  17              		.syntax unified
  18              		.thumb
  19              		.thumb_func
  21              	TIM_CCxNChannelCmd:
  22              		@ args = 0, pretend = 0, frame = 0
  23              		@ frame_needed = 0, uses_anonymous_args = 0
  24              		@ link register save eliminated.
  25 0000 01F00F01 		and	r1, r1, #15
  26 0004 4FF0040C 		mov	ip, #4
  27 0008 0CFA01FC 		lsl	ip, ip, r1
  28 000c 036A     		ldr	r3, [r0, #32]
  29 000e 23EA0C03 		bic	r3, r3, ip
  30 0012 0362     		str	r3, [r0, #32]
  31 0014 036A     		ldr	r3, [r0, #32]
  32 0016 8A40     		lsls	r2, r2, r1
  33 0018 1343     		orrs	r3, r3, r2
  34 001a 0362     		str	r3, [r0, #32]
  35 001c 7047     		bx	lr
  37              		.section	.text.TIM_DMAErrorCCxN,"ax",%progbits
  38              		.align	1
  39              		.syntax unified
  40              		.thumb
  41              		.thumb_func
  43              	TIM_DMAErrorCCxN:
  44              		@ args = 0, pretend = 0, frame = 0
  45              		@ frame_needed = 0, uses_anonymous_args = 0
  46 0000 10B5     		push	{r4, lr}
  47 0002 446A     		ldr	r4, [r0, #36]
  48 0004 636A     		ldr	r3, [r4, #36]
  49 0006 8342     		cmp	r3, r0
  50 0008 0BD0     		beq	.L7
  51 000a A36A     		ldr	r3, [r4, #40]
  52 000c 8342     		cmp	r3, r0
  53 000e 0DD0     		beq	.L8
  54 0010 E36A     		ldr	r3, [r4, #44]
  55 0012 8342     		cmp	r3, r0
  56 0014 10D0     		beq	.L9
  57              	.L4:
  58 0016 2046     		mov	r0, r4
  59 0018 FFF7FEFF 		bl	HAL_TIM_ErrorCallback
  60 001c 0023     		movs	r3, #0
ARM GAS  /tmp/cc226o5y.s 			page 2


  61 001e 2377     		strb	r3, [r4, #28]
  62 0020 10BD     		pop	{r4, pc}
  63              	.L7:
  64 0022 0123     		movs	r3, #1
  65 0024 2377     		strb	r3, [r4, #28]
  66 0026 84F84230 		strb	r3, [r4, #66]
  67 002a F4E7     		b	.L4
  68              	.L8:
  69 002c 0223     		movs	r3, #2
  70 002e 2377     		strb	r3, [r4, #28]
  71 0030 0123     		movs	r3, #1
  72 0032 84F84330 		strb	r3, [r4, #67]
  73 0036 EEE7     		b	.L4
  74              	.L9:
  75 0038 0423     		movs	r3, #4
  76 003a 2377     		strb	r3, [r4, #28]
  77 003c 0123     		movs	r3, #1
  78 003e 84F84430 		strb	r3, [r4, #68]
  79 0042 E8E7     		b	.L4
  81              		.section	.text.TIM_DMADelayPulseNCplt,"ax",%progbits
  82              		.align	1
  83              		.syntax unified
  84              		.thumb
  85              		.thumb_func
  87              	TIM_DMADelayPulseNCplt:
  88              		@ args = 0, pretend = 0, frame = 0
  89              		@ frame_needed = 0, uses_anonymous_args = 0
  90 0000 10B5     		push	{r4, lr}
  91 0002 446A     		ldr	r4, [r0, #36]
  92 0004 636A     		ldr	r3, [r4, #36]
  93 0006 8342     		cmp	r3, r0
  94 0008 0BD0     		beq	.L15
  95 000a A36A     		ldr	r3, [r4, #40]
  96 000c 8342     		cmp	r3, r0
  97 000e 11D0     		beq	.L16
  98 0010 E36A     		ldr	r3, [r4, #44]
  99 0012 8342     		cmp	r3, r0
 100 0014 17D0     		beq	.L17
 101              	.L12:
 102 0016 2046     		mov	r0, r4
 103 0018 FFF7FEFF 		bl	HAL_TIM_PWM_PulseFinishedCallback
 104 001c 0023     		movs	r3, #0
 105 001e 2377     		strb	r3, [r4, #28]
 106 0020 10BD     		pop	{r4, pc}
 107              	.L15:
 108 0022 0123     		movs	r3, #1
 109 0024 2377     		strb	r3, [r4, #28]
 110 0026 8369     		ldr	r3, [r0, #24]
 111 0028 002B     		cmp	r3, #0
 112 002a F4D1     		bne	.L12
 113 002c 0123     		movs	r3, #1
 114 002e 84F84230 		strb	r3, [r4, #66]
 115 0032 F0E7     		b	.L12
 116              	.L16:
 117 0034 0223     		movs	r3, #2
 118 0036 2377     		strb	r3, [r4, #28]
 119 0038 8369     		ldr	r3, [r0, #24]
ARM GAS  /tmp/cc226o5y.s 			page 3


 120 003a 002B     		cmp	r3, #0
 121 003c EBD1     		bne	.L12
 122 003e 0123     		movs	r3, #1
 123 0040 84F84330 		strb	r3, [r4, #67]
 124 0044 E7E7     		b	.L12
 125              	.L17:
 126 0046 0423     		movs	r3, #4
 127 0048 2377     		strb	r3, [r4, #28]
 128 004a 8369     		ldr	r3, [r0, #24]
 129 004c 002B     		cmp	r3, #0
 130 004e E2D1     		bne	.L12
 131 0050 0123     		movs	r3, #1
 132 0052 84F84430 		strb	r3, [r4, #68]
 133 0056 DEE7     		b	.L12
 135              		.section	.text.HAL_TIMEx_HallSensor_MspInit,"ax",%progbits
 136              		.align	1
 137              		.weak	HAL_TIMEx_HallSensor_MspInit
 138              		.syntax unified
 139              		.thumb
 140              		.thumb_func
 142              	HAL_TIMEx_HallSensor_MspInit:
 143              		@ args = 0, pretend = 0, frame = 0
 144              		@ frame_needed = 0, uses_anonymous_args = 0
 145              		@ link register save eliminated.
 146 0000 7047     		bx	lr
 148              		.section	.text.HAL_TIMEx_HallSensor_Init,"ax",%progbits
 149              		.align	1
 150              		.global	HAL_TIMEx_HallSensor_Init
 151              		.syntax unified
 152              		.thumb
 153              		.thumb_func
 155              	HAL_TIMEx_HallSensor_Init:
 156              		@ args = 0, pretend = 0, frame = 32
 157              		@ frame_needed = 0, uses_anonymous_args = 0
 158 0000 0028     		cmp	r0, #0
 159 0002 65D0     		beq	.L22
 160 0004 70B5     		push	{r4, r5, r6, lr}
 161 0006 88B0     		sub	sp, sp, #32
 162 0008 0E46     		mov	r6, r1
 163 000a 0446     		mov	r4, r0
 164 000c 90F83D30 		ldrb	r3, [r0, #61]	@ zero_extendqisi2
 165 0010 002B     		cmp	r3, #0
 166 0012 58D0     		beq	.L27
 167              	.L21:
 168 0014 0223     		movs	r3, #2
 169 0016 84F83D30 		strb	r3, [r4, #61]
 170 001a 2146     		mov	r1, r4
 171 001c 51F8040B 		ldr	r0, [r1], #4
 172 0020 FFF7FEFF 		bl	TIM_Base_SetConfig
 173 0024 B368     		ldr	r3, [r6, #8]
 174 0026 0322     		movs	r2, #3
 175 0028 3168     		ldr	r1, [r6]
 176 002a 2068     		ldr	r0, [r4]
 177 002c FFF7FEFF 		bl	TIM_TI1_SetConfig
 178 0030 2268     		ldr	r2, [r4]
 179 0032 9369     		ldr	r3, [r2, #24]
 180 0034 23F00C03 		bic	r3, r3, #12
ARM GAS  /tmp/cc226o5y.s 			page 4


 181 0038 9361     		str	r3, [r2, #24]
 182 003a 2268     		ldr	r2, [r4]
 183 003c 9369     		ldr	r3, [r2, #24]
 184 003e 7168     		ldr	r1, [r6, #4]
 185 0040 0B43     		orrs	r3, r3, r1
 186 0042 9361     		str	r3, [r2, #24]
 187 0044 2268     		ldr	r2, [r4]
 188 0046 5368     		ldr	r3, [r2, #4]
 189 0048 43F08003 		orr	r3, r3, #128
 190 004c 5360     		str	r3, [r2, #4]
 191 004e 2268     		ldr	r2, [r4]
 192 0050 9368     		ldr	r3, [r2, #8]
 193 0052 23F07003 		bic	r3, r3, #112
 194 0056 9360     		str	r3, [r2, #8]
 195 0058 2268     		ldr	r2, [r4]
 196 005a 9368     		ldr	r3, [r2, #8]
 197 005c 43F04003 		orr	r3, r3, #64
 198 0060 9360     		str	r3, [r2, #8]
 199 0062 2268     		ldr	r2, [r4]
 200 0064 9368     		ldr	r3, [r2, #8]
 201 0066 23F00703 		bic	r3, r3, #7
 202 006a 9360     		str	r3, [r2, #8]
 203 006c 2268     		ldr	r2, [r4]
 204 006e 9368     		ldr	r3, [r2, #8]
 205 0070 43F00403 		orr	r3, r3, #4
 206 0074 9360     		str	r3, [r2, #8]
 207 0076 0025     		movs	r5, #0
 208 0078 0595     		str	r5, [sp, #20]
 209 007a 0695     		str	r5, [sp, #24]
 210 007c 7023     		movs	r3, #112
 211 007e 0193     		str	r3, [sp, #4]
 212 0080 0795     		str	r5, [sp, #28]
 213 0082 0495     		str	r5, [sp, #16]
 214 0084 0395     		str	r5, [sp, #12]
 215 0086 F368     		ldr	r3, [r6, #12]
 216 0088 0293     		str	r3, [sp, #8]
 217 008a 01A9     		add	r1, sp, #4
 218 008c 2068     		ldr	r0, [r4]
 219 008e FFF7FEFF 		bl	TIM_OC2_SetConfig
 220 0092 2268     		ldr	r2, [r4]
 221 0094 5368     		ldr	r3, [r2, #4]
 222 0096 23F07003 		bic	r3, r3, #112
 223 009a 5360     		str	r3, [r2, #4]
 224 009c 2268     		ldr	r2, [r4]
 225 009e 5368     		ldr	r3, [r2, #4]
 226 00a0 43F05003 		orr	r3, r3, #80
 227 00a4 5360     		str	r3, [r2, #4]
 228 00a6 0123     		movs	r3, #1
 229 00a8 84F84630 		strb	r3, [r4, #70]
 230 00ac 84F83E30 		strb	r3, [r4, #62]
 231 00b0 84F83F30 		strb	r3, [r4, #63]
 232 00b4 84F84230 		strb	r3, [r4, #66]
 233 00b8 84F84330 		strb	r3, [r4, #67]
 234 00bc 84F83D30 		strb	r3, [r4, #61]
 235 00c0 2846     		mov	r0, r5
 236 00c2 08B0     		add	sp, sp, #32
 237              		@ sp needed
ARM GAS  /tmp/cc226o5y.s 			page 5


 238 00c4 70BD     		pop	{r4, r5, r6, pc}
 239              	.L27:
 240 00c6 80F83C30 		strb	r3, [r0, #60]
 241 00ca FFF7FEFF 		bl	HAL_TIMEx_HallSensor_MspInit
 242 00ce A1E7     		b	.L21
 243              	.L22:
 244 00d0 0120     		movs	r0, #1
 245 00d2 7047     		bx	lr
 247              		.section	.text.HAL_TIMEx_HallSensor_MspDeInit,"ax",%progbits
 248              		.align	1
 249              		.weak	HAL_TIMEx_HallSensor_MspDeInit
 250              		.syntax unified
 251              		.thumb
 252              		.thumb_func
 254              	HAL_TIMEx_HallSensor_MspDeInit:
 255              		@ args = 0, pretend = 0, frame = 0
 256              		@ frame_needed = 0, uses_anonymous_args = 0
 257              		@ link register save eliminated.
 258 0000 7047     		bx	lr
 260              		.section	.text.HAL_TIMEx_HallSensor_DeInit,"ax",%progbits
 261              		.align	1
 262              		.global	HAL_TIMEx_HallSensor_DeInit
 263              		.syntax unified
 264              		.thumb
 265              		.thumb_func
 267              	HAL_TIMEx_HallSensor_DeInit:
 268              		@ args = 0, pretend = 0, frame = 0
 269              		@ frame_needed = 0, uses_anonymous_args = 0
 270 0000 10B5     		push	{r4, lr}
 271 0002 0446     		mov	r4, r0
 272 0004 0223     		movs	r3, #2
 273 0006 80F83D30 		strb	r3, [r0, #61]
 274 000a 0368     		ldr	r3, [r0]
 275 000c 196A     		ldr	r1, [r3, #32]
 276 000e 41F21112 		movw	r2, #4369
 277 0012 1142     		tst	r1, r2
 278 0014 08D1     		bne	.L30
 279 0016 196A     		ldr	r1, [r3, #32]
 280 0018 40F24442 		movw	r2, #1092
 281 001c 1142     		tst	r1, r2
 282 001e 03D1     		bne	.L30
 283 0020 1A68     		ldr	r2, [r3]
 284 0022 22F00102 		bic	r2, r2, #1
 285 0026 1A60     		str	r2, [r3]
 286              	.L30:
 287 0028 2046     		mov	r0, r4
 288 002a FFF7FEFF 		bl	HAL_TIMEx_HallSensor_MspDeInit
 289 002e 0020     		movs	r0, #0
 290 0030 84F84600 		strb	r0, [r4, #70]
 291 0034 84F83E00 		strb	r0, [r4, #62]
 292 0038 84F83F00 		strb	r0, [r4, #63]
 293 003c 84F84200 		strb	r0, [r4, #66]
 294 0040 84F84300 		strb	r0, [r4, #67]
 295 0044 84F83D00 		strb	r0, [r4, #61]
 296 0048 84F83C00 		strb	r0, [r4, #60]
 297 004c 10BD     		pop	{r4, pc}
 299              		.section	.text.HAL_TIMEx_HallSensor_Start,"ax",%progbits
ARM GAS  /tmp/cc226o5y.s 			page 6


 300              		.align	1
 301              		.global	HAL_TIMEx_HallSensor_Start
 302              		.syntax unified
 303              		.thumb
 304              		.thumb_func
 306              	HAL_TIMEx_HallSensor_Start:
 307              		@ args = 0, pretend = 0, frame = 0
 308              		@ frame_needed = 0, uses_anonymous_args = 0
 309 0000 10B5     		push	{r4, lr}
 310 0002 0446     		mov	r4, r0
 311 0004 90F83EC0 		ldrb	ip, [r0, #62]	@ zero_extendqisi2
 312 0008 90F83F30 		ldrb	r3, [r0, #63]	@ zero_extendqisi2
 313 000c 90F84220 		ldrb	r2, [r0, #66]	@ zero_extendqisi2
 314 0010 90F84310 		ldrb	r1, [r0, #67]	@ zero_extendqisi2
 315 0014 BCF1010F 		cmp	ip, #1
 316 0018 39D1     		bne	.L36
 317 001a 5FFA8CF0 		uxtb	r0, ip
 318 001e DBB2     		uxtb	r3, r3
 319 0020 D2B2     		uxtb	r2, r2
 320 0022 C9B2     		uxtb	r1, r1
 321 0024 012B     		cmp	r3, #1
 322 0026 33D1     		bne	.L33
 323 0028 012A     		cmp	r2, #1
 324 002a 32D1     		bne	.L37
 325 002c 0129     		cmp	r1, #1
 326 002e 01D0     		beq	.L41
 327 0030 1046     		mov	r0, r2
 328 0032 2DE0     		b	.L33
 329              	.L41:
 330 0034 0223     		movs	r3, #2
 331 0036 84F83E30 		strb	r3, [r4, #62]
 332 003a 84F83F30 		strb	r3, [r4, #63]
 333 003e 84F84230 		strb	r3, [r4, #66]
 334 0042 84F84330 		strb	r3, [r4, #67]
 335 0046 0021     		movs	r1, #0
 336 0048 2068     		ldr	r0, [r4]
 337 004a FFF7FEFF 		bl	TIM_CCxChannelCmd
 338 004e 2368     		ldr	r3, [r4]
 339 0050 124A     		ldr	r2, .L42
 340 0052 9342     		cmp	r3, r2
 341 0054 10D0     		beq	.L34
 342 0056 B3F1804F 		cmp	r3, #1073741824
 343 005a 0DD0     		beq	.L34
 344 005c A2F59432 		sub	r2, r2, #75776
 345 0060 9342     		cmp	r3, r2
 346 0062 09D0     		beq	.L34
 347 0064 02F58062 		add	r2, r2, #1024
 348 0068 9342     		cmp	r3, r2
 349 006a 05D0     		beq	.L34
 350 006c 1A68     		ldr	r2, [r3]
 351 006e 42F00102 		orr	r2, r2, #1
 352 0072 1A60     		str	r2, [r3]
 353 0074 0020     		movs	r0, #0
 354 0076 0BE0     		b	.L33
 355              	.L34:
 356 0078 9A68     		ldr	r2, [r3, #8]
 357 007a 02F00702 		and	r2, r2, #7
ARM GAS  /tmp/cc226o5y.s 			page 7


 358 007e 062A     		cmp	r2, #6
 359 0080 09D0     		beq	.L39
 360 0082 1A68     		ldr	r2, [r3]
 361 0084 42F00102 		orr	r2, r2, #1
 362 0088 1A60     		str	r2, [r3]
 363 008a 0020     		movs	r0, #0
 364 008c 00E0     		b	.L33
 365              	.L36:
 366 008e 0120     		movs	r0, #1
 367              	.L33:
 368 0090 10BD     		pop	{r4, pc}
 369              	.L37:
 370 0092 1846     		mov	r0, r3
 371 0094 FCE7     		b	.L33
 372              	.L39:
 373 0096 0020     		movs	r0, #0
 374 0098 FAE7     		b	.L33
 375              	.L43:
 376 009a 00BF     		.align	2
 377              	.L42:
 378 009c 002C0140 		.word	1073818624
 380              		.section	.text.HAL_TIMEx_HallSensor_Stop,"ax",%progbits
 381              		.align	1
 382              		.global	HAL_TIMEx_HallSensor_Stop
 383              		.syntax unified
 384              		.thumb
 385              		.thumb_func
 387              	HAL_TIMEx_HallSensor_Stop:
 388              		@ args = 0, pretend = 0, frame = 0
 389              		@ frame_needed = 0, uses_anonymous_args = 0
 390 0000 10B5     		push	{r4, lr}
 391 0002 0446     		mov	r4, r0
 392 0004 0022     		movs	r2, #0
 393 0006 1146     		mov	r1, r2
 394 0008 0068     		ldr	r0, [r0]
 395 000a FFF7FEFF 		bl	TIM_CCxChannelCmd
 396 000e 2368     		ldr	r3, [r4]
 397 0010 196A     		ldr	r1, [r3, #32]
 398 0012 41F21112 		movw	r2, #4369
 399 0016 1142     		tst	r1, r2
 400 0018 08D1     		bne	.L45
 401 001a 196A     		ldr	r1, [r3, #32]
 402 001c 40F24442 		movw	r2, #1092
 403 0020 1142     		tst	r1, r2
 404 0022 03D1     		bne	.L45
 405 0024 1A68     		ldr	r2, [r3]
 406 0026 22F00102 		bic	r2, r2, #1
 407 002a 1A60     		str	r2, [r3]
 408              	.L45:
 409 002c 0123     		movs	r3, #1
 410 002e 84F83E30 		strb	r3, [r4, #62]
 411 0032 84F83F30 		strb	r3, [r4, #63]
 412 0036 84F84230 		strb	r3, [r4, #66]
 413 003a 84F84330 		strb	r3, [r4, #67]
 414 003e 0020     		movs	r0, #0
 415 0040 10BD     		pop	{r4, pc}
 417              		.section	.text.HAL_TIMEx_HallSensor_Start_IT,"ax",%progbits
ARM GAS  /tmp/cc226o5y.s 			page 8


 418              		.align	1
 419              		.global	HAL_TIMEx_HallSensor_Start_IT
 420              		.syntax unified
 421              		.thumb
 422              		.thumb_func
 424              	HAL_TIMEx_HallSensor_Start_IT:
 425              		@ args = 0, pretend = 0, frame = 0
 426              		@ frame_needed = 0, uses_anonymous_args = 0
 427 0000 10B5     		push	{r4, lr}
 428 0002 0446     		mov	r4, r0
 429 0004 90F83EC0 		ldrb	ip, [r0, #62]	@ zero_extendqisi2
 430 0008 90F83F30 		ldrb	r3, [r0, #63]	@ zero_extendqisi2
 431 000c 90F84220 		ldrb	r2, [r0, #66]	@ zero_extendqisi2
 432 0010 90F84310 		ldrb	r1, [r0, #67]	@ zero_extendqisi2
 433 0014 BCF1010F 		cmp	ip, #1
 434 0018 3FD1     		bne	.L51
 435 001a 5FFA8CF0 		uxtb	r0, ip
 436 001e DBB2     		uxtb	r3, r3
 437 0020 D2B2     		uxtb	r2, r2
 438 0022 C9B2     		uxtb	r1, r1
 439 0024 012B     		cmp	r3, #1
 440 0026 39D1     		bne	.L48
 441 0028 012A     		cmp	r2, #1
 442 002a 38D1     		bne	.L52
 443 002c 0129     		cmp	r1, #1
 444 002e 01D0     		beq	.L56
 445 0030 1046     		mov	r0, r2
 446 0032 33E0     		b	.L48
 447              	.L56:
 448 0034 0223     		movs	r3, #2
 449 0036 84F83E30 		strb	r3, [r4, #62]
 450 003a 84F83F30 		strb	r3, [r4, #63]
 451 003e 84F84230 		strb	r3, [r4, #66]
 452 0042 84F84330 		strb	r3, [r4, #67]
 453 0046 2268     		ldr	r2, [r4]
 454 0048 D368     		ldr	r3, [r2, #12]
 455 004a 43F00203 		orr	r3, r3, #2
 456 004e D360     		str	r3, [r2, #12]
 457 0050 0122     		movs	r2, #1
 458 0052 0021     		movs	r1, #0
 459 0054 2068     		ldr	r0, [r4]
 460 0056 FFF7FEFF 		bl	TIM_CCxChannelCmd
 461 005a 2368     		ldr	r3, [r4]
 462 005c 124A     		ldr	r2, .L57
 463 005e 9342     		cmp	r3, r2
 464 0060 10D0     		beq	.L49
 465 0062 B3F1804F 		cmp	r3, #1073741824
 466 0066 0DD0     		beq	.L49
 467 0068 A2F59432 		sub	r2, r2, #75776
 468 006c 9342     		cmp	r3, r2
 469 006e 09D0     		beq	.L49
 470 0070 02F58062 		add	r2, r2, #1024
 471 0074 9342     		cmp	r3, r2
 472 0076 05D0     		beq	.L49
 473 0078 1A68     		ldr	r2, [r3]
 474 007a 42F00102 		orr	r2, r2, #1
 475 007e 1A60     		str	r2, [r3]
ARM GAS  /tmp/cc226o5y.s 			page 9


 476 0080 0020     		movs	r0, #0
 477 0082 0BE0     		b	.L48
 478              	.L49:
 479 0084 9A68     		ldr	r2, [r3, #8]
 480 0086 02F00702 		and	r2, r2, #7
 481 008a 062A     		cmp	r2, #6
 482 008c 09D0     		beq	.L54
 483 008e 1A68     		ldr	r2, [r3]
 484 0090 42F00102 		orr	r2, r2, #1
 485 0094 1A60     		str	r2, [r3]
 486 0096 0020     		movs	r0, #0
 487 0098 00E0     		b	.L48
 488              	.L51:
 489 009a 0120     		movs	r0, #1
 490              	.L48:
 491 009c 10BD     		pop	{r4, pc}
 492              	.L52:
 493 009e 1846     		mov	r0, r3
 494 00a0 FCE7     		b	.L48
 495              	.L54:
 496 00a2 0020     		movs	r0, #0
 497 00a4 FAE7     		b	.L48
 498              	.L58:
 499 00a6 00BF     		.align	2
 500              	.L57:
 501 00a8 002C0140 		.word	1073818624
 503              		.section	.text.HAL_TIMEx_HallSensor_Stop_IT,"ax",%progbits
 504              		.align	1
 505              		.global	HAL_TIMEx_HallSensor_Stop_IT
 506              		.syntax unified
 507              		.thumb
 508              		.thumb_func
 510              	HAL_TIMEx_HallSensor_Stop_IT:
 511              		@ args = 0, pretend = 0, frame = 0
 512              		@ frame_needed = 0, uses_anonymous_args = 0
 513 0000 10B5     		push	{r4, lr}
 514 0002 0446     		mov	r4, r0
 515 0004 0022     		movs	r2, #0
 516 0006 1146     		mov	r1, r2
 517 0008 0068     		ldr	r0, [r0]
 518 000a FFF7FEFF 		bl	TIM_CCxChannelCmd
 519 000e 2268     		ldr	r2, [r4]
 520 0010 D368     		ldr	r3, [r2, #12]
 521 0012 23F00203 		bic	r3, r3, #2
 522 0016 D360     		str	r3, [r2, #12]
 523 0018 2368     		ldr	r3, [r4]
 524 001a 196A     		ldr	r1, [r3, #32]
 525 001c 41F21112 		movw	r2, #4369
 526 0020 1142     		tst	r1, r2
 527 0022 08D1     		bne	.L60
 528 0024 196A     		ldr	r1, [r3, #32]
 529 0026 40F24442 		movw	r2, #1092
 530 002a 1142     		tst	r1, r2
 531 002c 03D1     		bne	.L60
 532 002e 1A68     		ldr	r2, [r3]
 533 0030 22F00102 		bic	r2, r2, #1
 534 0034 1A60     		str	r2, [r3]
ARM GAS  /tmp/cc226o5y.s 			page 10


 535              	.L60:
 536 0036 0123     		movs	r3, #1
 537 0038 84F83E30 		strb	r3, [r4, #62]
 538 003c 84F83F30 		strb	r3, [r4, #63]
 539 0040 84F84230 		strb	r3, [r4, #66]
 540 0044 84F84330 		strb	r3, [r4, #67]
 541 0048 0020     		movs	r0, #0
 542 004a 10BD     		pop	{r4, pc}
 544              		.section	.text.HAL_TIMEx_HallSensor_Start_DMA,"ax",%progbits
 545              		.align	1
 546              		.global	HAL_TIMEx_HallSensor_Start_DMA
 547              		.syntax unified
 548              		.thumb
 549              		.thumb_func
 551              	HAL_TIMEx_HallSensor_Start_DMA:
 552              		@ args = 0, pretend = 0, frame = 0
 553              		@ frame_needed = 0, uses_anonymous_args = 0
 554 0000 F8B5     		push	{r3, r4, r5, r6, r7, lr}
 555 0002 0446     		mov	r4, r0
 556 0004 90F83EC0 		ldrb	ip, [r0, #62]	@ zero_extendqisi2
 557 0008 5FFA8CF0 		uxtb	r0, ip
 558 000c 94F84250 		ldrb	r5, [r4, #66]	@ zero_extendqisi2
 559 0010 BCF1020F 		cmp	ip, #2
 560 0014 4ED0     		beq	.L63
 561 0016 0F46     		mov	r7, r1
 562 0018 1646     		mov	r6, r2
 563 001a EDB2     		uxtb	r5, r5
 564 001c 022D     		cmp	r5, #2
 565 001e 46D0     		beq	.L66
 566 0020 0128     		cmp	r0, #1
 567 0022 46D1     		bne	.L67
 568 0024 012D     		cmp	r5, #1
 569 0026 45D1     		bne	.L63
 570 0028 0029     		cmp	r1, #0
 571 002a 44D0     		beq	.L68
 572 002c 0AB9     		cbnz	r2, .L72
 573 002e 2846     		mov	r0, r5
 574 0030 40E0     		b	.L63
 575              	.L72:
 576 0032 0223     		movs	r3, #2
 577 0034 84F83E30 		strb	r3, [r4, #62]
 578 0038 84F84230 		strb	r3, [r4, #66]
 579 003c 0122     		movs	r2, #1
 580 003e 0021     		movs	r1, #0
 581 0040 2068     		ldr	r0, [r4]
 582 0042 FFF7FEFF 		bl	TIM_CCxChannelCmd
 583 0046 636A     		ldr	r3, [r4, #36]
 584 0048 1D4A     		ldr	r2, .L73
 585 004a 9A62     		str	r2, [r3, #40]
 586 004c 636A     		ldr	r3, [r4, #36]
 587 004e 1D4A     		ldr	r2, .L73+4
 588 0050 DA62     		str	r2, [r3, #44]
 589 0052 636A     		ldr	r3, [r4, #36]
 590 0054 1C4A     		ldr	r2, .L73+8
 591 0056 1A63     		str	r2, [r3, #48]
 592 0058 2168     		ldr	r1, [r4]
 593 005a 3346     		mov	r3, r6
ARM GAS  /tmp/cc226o5y.s 			page 11


 594 005c 3A46     		mov	r2, r7
 595 005e 3431     		adds	r1, r1, #52
 596 0060 606A     		ldr	r0, [r4, #36]
 597 0062 FFF7FEFF 		bl	HAL_DMA_Start_IT
 598 0066 40BB     		cbnz	r0, .L70
 599 0068 2268     		ldr	r2, [r4]
 600 006a D368     		ldr	r3, [r2, #12]
 601 006c 43F40073 		orr	r3, r3, #512
 602 0070 D360     		str	r3, [r2, #12]
 603 0072 2368     		ldr	r3, [r4]
 604 0074 154A     		ldr	r2, .L73+12
 605 0076 9342     		cmp	r3, r2
 606 0078 0FD0     		beq	.L64
 607 007a B3F1804F 		cmp	r3, #1073741824
 608 007e 0CD0     		beq	.L64
 609 0080 A2F59432 		sub	r2, r2, #75776
 610 0084 9342     		cmp	r3, r2
 611 0086 08D0     		beq	.L64
 612 0088 02F58062 		add	r2, r2, #1024
 613 008c 9342     		cmp	r3, r2
 614 008e 04D0     		beq	.L64
 615 0090 1A68     		ldr	r2, [r3]
 616 0092 42F00102 		orr	r2, r2, #1
 617 0096 1A60     		str	r2, [r3]
 618 0098 0CE0     		b	.L63
 619              	.L64:
 620 009a 9A68     		ldr	r2, [r3, #8]
 621 009c 02F00702 		and	r2, r2, #7
 622 00a0 062A     		cmp	r2, #6
 623 00a2 07D0     		beq	.L63
 624 00a4 1A68     		ldr	r2, [r3]
 625 00a6 42F00102 		orr	r2, r2, #1
 626 00aa 1A60     		str	r2, [r3]
 627 00ac 02E0     		b	.L63
 628              	.L66:
 629 00ae 2846     		mov	r0, r5
 630 00b0 00E0     		b	.L63
 631              	.L67:
 632 00b2 0120     		movs	r0, #1
 633              	.L63:
 634 00b4 F8BD     		pop	{r3, r4, r5, r6, r7, pc}
 635              	.L68:
 636 00b6 2846     		mov	r0, r5
 637 00b8 FCE7     		b	.L63
 638              	.L70:
 639 00ba 2846     		mov	r0, r5
 640 00bc FAE7     		b	.L63
 641              	.L74:
 642 00be 00BF     		.align	2
 643              	.L73:
 644 00c0 00000000 		.word	TIM_DMACaptureCplt
 645 00c4 00000000 		.word	TIM_DMACaptureHalfCplt
 646 00c8 00000000 		.word	TIM_DMAError
 647 00cc 002C0140 		.word	1073818624
 649              		.section	.text.HAL_TIMEx_HallSensor_Stop_DMA,"ax",%progbits
 650              		.align	1
 651              		.global	HAL_TIMEx_HallSensor_Stop_DMA
ARM GAS  /tmp/cc226o5y.s 			page 12


 652              		.syntax unified
 653              		.thumb
 654              		.thumb_func
 656              	HAL_TIMEx_HallSensor_Stop_DMA:
 657              		@ args = 0, pretend = 0, frame = 0
 658              		@ frame_needed = 0, uses_anonymous_args = 0
 659 0000 10B5     		push	{r4, lr}
 660 0002 0446     		mov	r4, r0
 661 0004 0022     		movs	r2, #0
 662 0006 1146     		mov	r1, r2
 663 0008 0068     		ldr	r0, [r0]
 664 000a FFF7FEFF 		bl	TIM_CCxChannelCmd
 665 000e 2268     		ldr	r2, [r4]
 666 0010 D368     		ldr	r3, [r2, #12]
 667 0012 23F40073 		bic	r3, r3, #512
 668 0016 D360     		str	r3, [r2, #12]
 669 0018 606A     		ldr	r0, [r4, #36]
 670 001a FFF7FEFF 		bl	HAL_DMA_Abort_IT
 671 001e 2368     		ldr	r3, [r4]
 672 0020 196A     		ldr	r1, [r3, #32]
 673 0022 41F21112 		movw	r2, #4369
 674 0026 1142     		tst	r1, r2
 675 0028 08D1     		bne	.L76
 676 002a 196A     		ldr	r1, [r3, #32]
 677 002c 40F24442 		movw	r2, #1092
 678 0030 1142     		tst	r1, r2
 679 0032 03D1     		bne	.L76
 680 0034 1A68     		ldr	r2, [r3]
 681 0036 22F00102 		bic	r2, r2, #1
 682 003a 1A60     		str	r2, [r3]
 683              	.L76:
 684 003c 0123     		movs	r3, #1
 685 003e 84F83E30 		strb	r3, [r4, #62]
 686 0042 84F84230 		strb	r3, [r4, #66]
 687 0046 0020     		movs	r0, #0
 688 0048 10BD     		pop	{r4, pc}
 690              		.section	.text.HAL_TIMEx_OCN_Start,"ax",%progbits
 691              		.align	1
 692              		.global	HAL_TIMEx_OCN_Start
 693              		.syntax unified
 694              		.thumb
 695              		.thumb_func
 697              	HAL_TIMEx_OCN_Start:
 698              		@ args = 0, pretend = 0, frame = 0
 699              		@ frame_needed = 0, uses_anonymous_args = 0
 700 0000 10B5     		push	{r4, lr}
 701 0002 0446     		mov	r4, r0
 702 0004 0846     		mov	r0, r1
 703 0006 51BB     		cbnz	r1, .L79
 704 0008 94F84230 		ldrb	r3, [r4, #66]	@ zero_extendqisi2
 705 000c 013B     		subs	r3, r3, #1
 706 000e 18BF     		it	ne
 707 0010 0123     		movne	r3, #1
 708              	.L80:
 709 0012 002B     		cmp	r3, #0
 710 0014 54D1     		bne	.L90
 711 0016 0028     		cmp	r0, #0
ARM GAS  /tmp/cc226o5y.s 			page 13


 712 0018 37D1     		bne	.L84
 713 001a 0223     		movs	r3, #2
 714 001c 84F84230 		strb	r3, [r4, #66]
 715              	.L85:
 716 0020 0422     		movs	r2, #4
 717 0022 0146     		mov	r1, r0
 718 0024 2068     		ldr	r0, [r4]
 719 0026 FFF7FEFF 		bl	TIM_CCxNChannelCmd
 720 002a 2268     		ldr	r2, [r4]
 721 002c 536C     		ldr	r3, [r2, #68]
 722 002e 43F40043 		orr	r3, r3, #32768
 723 0032 5364     		str	r3, [r2, #68]
 724 0034 2368     		ldr	r3, [r4]
 725 0036 244A     		ldr	r2, .L97
 726 0038 9342     		cmp	r3, r2
 727 003a 36D0     		beq	.L88
 728 003c B3F1804F 		cmp	r3, #1073741824
 729 0040 33D0     		beq	.L88
 730 0042 A2F59432 		sub	r2, r2, #75776
 731 0046 9342     		cmp	r3, r2
 732 0048 2FD0     		beq	.L88
 733 004a 02F58062 		add	r2, r2, #1024
 734 004e 9342     		cmp	r3, r2
 735 0050 2BD0     		beq	.L88
 736 0052 1A68     		ldr	r2, [r3]
 737 0054 42F00102 		orr	r2, r2, #1
 738 0058 1A60     		str	r2, [r3]
 739 005a 0020     		movs	r0, #0
 740 005c 31E0     		b	.L83
 741              	.L79:
 742 005e 0429     		cmp	r1, #4
 743 0060 07D0     		beq	.L93
 744 0062 0829     		cmp	r1, #8
 745 0064 0BD0     		beq	.L94
 746 0066 94F84530 		ldrb	r3, [r4, #69]	@ zero_extendqisi2
 747 006a 013B     		subs	r3, r3, #1
 748 006c 18BF     		it	ne
 749 006e 0123     		movne	r3, #1
 750 0070 CFE7     		b	.L80
 751              	.L93:
 752 0072 94F84330 		ldrb	r3, [r4, #67]	@ zero_extendqisi2
 753 0076 013B     		subs	r3, r3, #1
 754 0078 18BF     		it	ne
 755 007a 0123     		movne	r3, #1
 756 007c C9E7     		b	.L80
 757              	.L94:
 758 007e 94F84430 		ldrb	r3, [r4, #68]	@ zero_extendqisi2
 759 0082 013B     		subs	r3, r3, #1
 760 0084 18BF     		it	ne
 761 0086 0123     		movne	r3, #1
 762 0088 C3E7     		b	.L80
 763              	.L84:
 764 008a 0428     		cmp	r0, #4
 765 008c 05D0     		beq	.L95
 766 008e 0828     		cmp	r0, #8
 767 0090 07D0     		beq	.L96
 768 0092 0223     		movs	r3, #2
ARM GAS  /tmp/cc226o5y.s 			page 14


 769 0094 84F84530 		strb	r3, [r4, #69]
 770 0098 C2E7     		b	.L85
 771              	.L95:
 772 009a 0223     		movs	r3, #2
 773 009c 84F84330 		strb	r3, [r4, #67]
 774 00a0 BEE7     		b	.L85
 775              	.L96:
 776 00a2 0223     		movs	r3, #2
 777 00a4 84F84430 		strb	r3, [r4, #68]
 778 00a8 BAE7     		b	.L85
 779              	.L88:
 780 00aa 9A68     		ldr	r2, [r3, #8]
 781 00ac 02F00702 		and	r2, r2, #7
 782 00b0 062A     		cmp	r2, #6
 783 00b2 07D0     		beq	.L91
 784 00b4 1A68     		ldr	r2, [r3]
 785 00b6 42F00102 		orr	r2, r2, #1
 786 00ba 1A60     		str	r2, [r3]
 787 00bc 0020     		movs	r0, #0
 788 00be 00E0     		b	.L83
 789              	.L90:
 790 00c0 0120     		movs	r0, #1
 791              	.L83:
 792 00c2 10BD     		pop	{r4, pc}
 793              	.L91:
 794 00c4 0020     		movs	r0, #0
 795 00c6 FCE7     		b	.L83
 796              	.L98:
 797              		.align	2
 798              	.L97:
 799 00c8 002C0140 		.word	1073818624
 801              		.section	.text.HAL_TIMEx_OCN_Stop,"ax",%progbits
 802              		.align	1
 803              		.global	HAL_TIMEx_OCN_Stop
 804              		.syntax unified
 805              		.thumb
 806              		.thumb_func
 808              	HAL_TIMEx_OCN_Stop:
 809              		@ args = 0, pretend = 0, frame = 0
 810              		@ frame_needed = 0, uses_anonymous_args = 0
 811 0000 38B5     		push	{r3, r4, r5, lr}
 812 0002 0446     		mov	r4, r0
 813 0004 0D46     		mov	r5, r1
 814 0006 0022     		movs	r2, #0
 815 0008 0068     		ldr	r0, [r0]
 816 000a FFF7FEFF 		bl	TIM_CCxNChannelCmd
 817 000e 2368     		ldr	r3, [r4]
 818 0010 196A     		ldr	r1, [r3, #32]
 819 0012 41F21112 		movw	r2, #4369
 820 0016 1142     		tst	r1, r2
 821 0018 08D1     		bne	.L100
 822 001a 196A     		ldr	r1, [r3, #32]
 823 001c 40F24442 		movw	r2, #1092
 824 0020 1142     		tst	r1, r2
 825 0022 03D1     		bne	.L100
 826 0024 5A6C     		ldr	r2, [r3, #68]
 827 0026 22F40042 		bic	r2, r2, #32768
ARM GAS  /tmp/cc226o5y.s 			page 15


 828 002a 5A64     		str	r2, [r3, #68]
 829              	.L100:
 830 002c 2368     		ldr	r3, [r4]
 831 002e 196A     		ldr	r1, [r3, #32]
 832 0030 41F21112 		movw	r2, #4369
 833 0034 1142     		tst	r1, r2
 834 0036 08D1     		bne	.L101
 835 0038 196A     		ldr	r1, [r3, #32]
 836 003a 40F24442 		movw	r2, #1092
 837 003e 1142     		tst	r1, r2
 838 0040 03D1     		bne	.L101
 839 0042 1A68     		ldr	r2, [r3]
 840 0044 22F00102 		bic	r2, r2, #1
 841 0048 1A60     		str	r2, [r3]
 842              	.L101:
 843 004a 25B9     		cbnz	r5, .L102
 844 004c 0123     		movs	r3, #1
 845 004e 84F84230 		strb	r3, [r4, #66]
 846              	.L103:
 847 0052 0020     		movs	r0, #0
 848 0054 38BD     		pop	{r3, r4, r5, pc}
 849              	.L102:
 850 0056 042D     		cmp	r5, #4
 851 0058 05D0     		beq	.L107
 852 005a 082D     		cmp	r5, #8
 853 005c 07D0     		beq	.L108
 854 005e 0123     		movs	r3, #1
 855 0060 84F84530 		strb	r3, [r4, #69]
 856 0064 F5E7     		b	.L103
 857              	.L107:
 858 0066 0123     		movs	r3, #1
 859 0068 84F84330 		strb	r3, [r4, #67]
 860 006c F1E7     		b	.L103
 861              	.L108:
 862 006e 0123     		movs	r3, #1
 863 0070 84F84430 		strb	r3, [r4, #68]
 864 0074 EDE7     		b	.L103
 866              		.section	.text.HAL_TIMEx_OCN_Start_IT,"ax",%progbits
 867              		.align	1
 868              		.global	HAL_TIMEx_OCN_Start_IT
 869              		.syntax unified
 870              		.thumb
 871              		.thumb_func
 873              	HAL_TIMEx_OCN_Start_IT:
 874              		@ args = 0, pretend = 0, frame = 0
 875              		@ frame_needed = 0, uses_anonymous_args = 0
 876 0000 10B5     		push	{r4, lr}
 877 0002 0446     		mov	r4, r0
 878 0004 0846     		mov	r0, r1
 879 0006 0029     		cmp	r1, #0
 880 0008 34D1     		bne	.L110
 881 000a 94F84230 		ldrb	r3, [r4, #66]	@ zero_extendqisi2
 882 000e 013B     		subs	r3, r3, #1
 883 0010 18BF     		it	ne
 884 0012 0123     		movne	r3, #1
 885              	.L111:
 886 0014 002B     		cmp	r3, #0
ARM GAS  /tmp/cc226o5y.s 			page 16


 887 0016 6FD1     		bne	.L124
 888 0018 0028     		cmp	r0, #0
 889 001a 41D1     		bne	.L115
 890 001c 0223     		movs	r3, #2
 891 001e 84F84230 		strb	r3, [r4, #66]
 892              	.L116:
 893 0022 2268     		ldr	r2, [r4]
 894 0024 D368     		ldr	r3, [r2, #12]
 895 0026 43F00203 		orr	r3, r3, #2
 896 002a D360     		str	r3, [r2, #12]
 897              	.L121:
 898 002c 2268     		ldr	r2, [r4]
 899 002e D368     		ldr	r3, [r2, #12]
 900 0030 43F08003 		orr	r3, r3, #128
 901 0034 D360     		str	r3, [r2, #12]
 902 0036 0422     		movs	r2, #4
 903 0038 0146     		mov	r1, r0
 904 003a 2068     		ldr	r0, [r4]
 905 003c FFF7FEFF 		bl	TIM_CCxNChannelCmd
 906 0040 2268     		ldr	r2, [r4]
 907 0042 536C     		ldr	r3, [r2, #68]
 908 0044 43F40043 		orr	r3, r3, #32768
 909 0048 5364     		str	r3, [r2, #68]
 910 004a 2368     		ldr	r3, [r4]
 911 004c 2C4A     		ldr	r2, .L132
 912 004e 9342     		cmp	r3, r2
 913 0050 47D0     		beq	.L122
 914 0052 B3F1804F 		cmp	r3, #1073741824
 915 0056 44D0     		beq	.L122
 916 0058 A2F59432 		sub	r2, r2, #75776
 917 005c 9342     		cmp	r3, r2
 918 005e 40D0     		beq	.L122
 919 0060 02F58062 		add	r2, r2, #1024
 920 0064 9342     		cmp	r3, r2
 921 0066 3CD0     		beq	.L122
 922 0068 1A68     		ldr	r2, [r3]
 923 006a 42F00102 		orr	r2, r2, #1
 924 006e 1A60     		str	r2, [r3]
 925 0070 0020     		movs	r0, #0
 926 0072 42E0     		b	.L114
 927              	.L110:
 928 0074 0429     		cmp	r1, #4
 929 0076 07D0     		beq	.L128
 930 0078 0829     		cmp	r1, #8
 931 007a 0BD0     		beq	.L129
 932 007c 94F84530 		ldrb	r3, [r4, #69]	@ zero_extendqisi2
 933 0080 013B     		subs	r3, r3, #1
 934 0082 18BF     		it	ne
 935 0084 0123     		movne	r3, #1
 936 0086 C5E7     		b	.L111
 937              	.L128:
 938 0088 94F84330 		ldrb	r3, [r4, #67]	@ zero_extendqisi2
 939 008c 013B     		subs	r3, r3, #1
 940 008e 18BF     		it	ne
 941 0090 0123     		movne	r3, #1
 942 0092 BFE7     		b	.L111
 943              	.L129:
ARM GAS  /tmp/cc226o5y.s 			page 17


 944 0094 94F84430 		ldrb	r3, [r4, #68]	@ zero_extendqisi2
 945 0098 013B     		subs	r3, r3, #1
 946 009a 18BF     		it	ne
 947 009c 0123     		movne	r3, #1
 948 009e B9E7     		b	.L111
 949              	.L115:
 950 00a0 0428     		cmp	r0, #4
 951 00a2 0CD0     		beq	.L130
 952 00a4 0828     		cmp	r0, #8
 953 00a6 13D0     		beq	.L131
 954 00a8 0223     		movs	r3, #2
 955 00aa 84F84530 		strb	r3, [r4, #69]
 956 00ae 0428     		cmp	r0, #4
 957 00b0 08D0     		beq	.L118
 958 00b2 0828     		cmp	r0, #8
 959 00b4 0FD0     		beq	.L120
 960 00b6 0028     		cmp	r0, #0
 961 00b8 B3D0     		beq	.L116
 962 00ba 0120     		movs	r0, #1
 963 00bc 1DE0     		b	.L114
 964              	.L130:
 965 00be 0223     		movs	r3, #2
 966 00c0 84F84330 		strb	r3, [r4, #67]
 967              	.L118:
 968 00c4 2268     		ldr	r2, [r4]
 969 00c6 D368     		ldr	r3, [r2, #12]
 970 00c8 43F00403 		orr	r3, r3, #4
 971 00cc D360     		str	r3, [r2, #12]
 972 00ce ADE7     		b	.L121
 973              	.L131:
 974 00d0 0223     		movs	r3, #2
 975 00d2 84F84430 		strb	r3, [r4, #68]
 976              	.L120:
 977 00d6 2268     		ldr	r2, [r4]
 978 00d8 D368     		ldr	r3, [r2, #12]
 979 00da 43F00803 		orr	r3, r3, #8
 980 00de D360     		str	r3, [r2, #12]
 981 00e0 A4E7     		b	.L121
 982              	.L122:
 983 00e2 9A68     		ldr	r2, [r3, #8]
 984 00e4 02F00702 		and	r2, r2, #7
 985 00e8 062A     		cmp	r2, #6
 986 00ea 07D0     		beq	.L126
 987 00ec 1A68     		ldr	r2, [r3]
 988 00ee 42F00102 		orr	r2, r2, #1
 989 00f2 1A60     		str	r2, [r3]
 990 00f4 0020     		movs	r0, #0
 991 00f6 00E0     		b	.L114
 992              	.L124:
 993 00f8 0120     		movs	r0, #1
 994              	.L114:
 995 00fa 10BD     		pop	{r4, pc}
 996              	.L126:
 997 00fc 0020     		movs	r0, #0
 998 00fe FCE7     		b	.L114
 999              	.L133:
 1000              		.align	2
ARM GAS  /tmp/cc226o5y.s 			page 18


 1001              	.L132:
 1002 0100 002C0140 		.word	1073818624
 1004              		.section	.text.HAL_TIMEx_OCN_Stop_IT,"ax",%progbits
 1005              		.align	1
 1006              		.global	HAL_TIMEx_OCN_Stop_IT
 1007              		.syntax unified
 1008              		.thumb
 1009              		.thumb_func
 1011              	HAL_TIMEx_OCN_Stop_IT:
 1012              		@ args = 0, pretend = 0, frame = 0
 1013              		@ frame_needed = 0, uses_anonymous_args = 0
 1014 0000 38B5     		push	{r3, r4, r5, lr}
 1015 0002 0446     		mov	r4, r0
 1016 0004 0D46     		mov	r5, r1
 1017 0006 0429     		cmp	r1, #4
 1018 0008 3BD0     		beq	.L135
 1019 000a 0829     		cmp	r1, #8
 1020 000c 3FD0     		beq	.L136
 1021 000e 0029     		cmp	r1, #0
 1022 0010 56D1     		bne	.L145
 1023 0012 0268     		ldr	r2, [r0]
 1024 0014 D368     		ldr	r3, [r2, #12]
 1025 0016 23F00203 		bic	r3, r3, #2
 1026 001a D360     		str	r3, [r2, #12]
 1027              	.L138:
 1028 001c 0022     		movs	r2, #0
 1029 001e 2946     		mov	r1, r5
 1030 0020 2068     		ldr	r0, [r4]
 1031 0022 FFF7FEFF 		bl	TIM_CCxNChannelCmd
 1032 0026 2368     		ldr	r3, [r4]
 1033 0028 196A     		ldr	r1, [r3, #32]
 1034 002a 40F24442 		movw	r2, #1092
 1035 002e 1142     		tst	r1, r2
 1036 0030 03D1     		bne	.L139
 1037 0032 DA68     		ldr	r2, [r3, #12]
 1038 0034 22F08002 		bic	r2, r2, #128
 1039 0038 DA60     		str	r2, [r3, #12]
 1040              	.L139:
 1041 003a 2368     		ldr	r3, [r4]
 1042 003c 196A     		ldr	r1, [r3, #32]
 1043 003e 41F21112 		movw	r2, #4369
 1044 0042 1142     		tst	r1, r2
 1045 0044 08D1     		bne	.L140
 1046 0046 196A     		ldr	r1, [r3, #32]
 1047 0048 40F24442 		movw	r2, #1092
 1048 004c 1142     		tst	r1, r2
 1049 004e 03D1     		bne	.L140
 1050 0050 5A6C     		ldr	r2, [r3, #68]
 1051 0052 22F40042 		bic	r2, r2, #32768
 1052 0056 5A64     		str	r2, [r3, #68]
 1053              	.L140:
 1054 0058 2368     		ldr	r3, [r4]
 1055 005a 196A     		ldr	r1, [r3, #32]
 1056 005c 41F21112 		movw	r2, #4369
 1057 0060 1142     		tst	r1, r2
 1058 0062 08D1     		bne	.L141
 1059 0064 196A     		ldr	r1, [r3, #32]
ARM GAS  /tmp/cc226o5y.s 			page 19


 1060 0066 40F24442 		movw	r2, #1092
 1061 006a 1142     		tst	r1, r2
 1062 006c 03D1     		bne	.L141
 1063 006e 1A68     		ldr	r2, [r3]
 1064 0070 22F00102 		bic	r2, r2, #1
 1065 0074 1A60     		str	r2, [r3]
 1066              	.L141:
 1067 0076 85B9     		cbnz	r5, .L142
 1068 0078 0123     		movs	r3, #1
 1069 007a 84F84230 		strb	r3, [r4, #66]
 1070 007e 0020     		movs	r0, #0
 1071              	.L137:
 1072 0080 38BD     		pop	{r3, r4, r5, pc}
 1073              	.L135:
 1074 0082 0268     		ldr	r2, [r0]
 1075 0084 D368     		ldr	r3, [r2, #12]
 1076 0086 23F00403 		bic	r3, r3, #4
 1077 008a D360     		str	r3, [r2, #12]
 1078 008c C6E7     		b	.L138
 1079              	.L136:
 1080 008e 0268     		ldr	r2, [r0]
 1081 0090 D368     		ldr	r3, [r2, #12]
 1082 0092 23F00803 		bic	r3, r3, #8
 1083 0096 D360     		str	r3, [r2, #12]
 1084 0098 C0E7     		b	.L138
 1085              	.L142:
 1086 009a 042D     		cmp	r5, #4
 1087 009c 06D0     		beq	.L147
 1088 009e 082D     		cmp	r5, #8
 1089 00a0 09D0     		beq	.L148
 1090 00a2 0123     		movs	r3, #1
 1091 00a4 84F84530 		strb	r3, [r4, #69]
 1092 00a8 0020     		movs	r0, #0
 1093 00aa E9E7     		b	.L137
 1094              	.L147:
 1095 00ac 0123     		movs	r3, #1
 1096 00ae 84F84330 		strb	r3, [r4, #67]
 1097 00b2 0020     		movs	r0, #0
 1098 00b4 E4E7     		b	.L137
 1099              	.L148:
 1100 00b6 0123     		movs	r3, #1
 1101 00b8 84F84430 		strb	r3, [r4, #68]
 1102 00bc 0020     		movs	r0, #0
 1103 00be DFE7     		b	.L137
 1104              	.L145:
 1105 00c0 0120     		movs	r0, #1
 1106 00c2 DDE7     		b	.L137
 1108              		.section	.text.HAL_TIMEx_OCN_Start_DMA,"ax",%progbits
 1109              		.align	1
 1110              		.global	HAL_TIMEx_OCN_Start_DMA
 1111              		.syntax unified
 1112              		.thumb
 1113              		.thumb_func
 1115              	HAL_TIMEx_OCN_Start_DMA:
 1116              		@ args = 0, pretend = 0, frame = 0
 1117              		@ frame_needed = 0, uses_anonymous_args = 0
 1118 0000 70B5     		push	{r4, r5, r6, lr}
ARM GAS  /tmp/cc226o5y.s 			page 20


 1119 0002 0446     		mov	r4, r0
 1120 0004 1646     		mov	r6, r2
 1121 0006 0D46     		mov	r5, r1
 1122 0008 0029     		cmp	r1, #0
 1123 000a 56D1     		bne	.L150
 1124 000c 90F84200 		ldrb	r0, [r0, #66]	@ zero_extendqisi2
 1125 0010 0228     		cmp	r0, #2
 1126 0012 14BF     		ite	ne
 1127 0014 0020     		movne	r0, #0
 1128 0016 0120     		moveq	r0, #1
 1129              	.L151:
 1130 0018 0028     		cmp	r0, #0
 1131 001a 40F0CD80 		bne	.L168
 1132 001e 002D     		cmp	r5, #0
 1133 0020 64D1     		bne	.L155
 1134 0022 94F84220 		ldrb	r2, [r4, #66]	@ zero_extendqisi2
 1135 0026 012A     		cmp	r2, #1
 1136 0028 14BF     		ite	ne
 1137 002a 0022     		movne	r2, #0
 1138 002c 0122     		moveq	r2, #1
 1139              	.L156:
 1140 002e 002A     		cmp	r2, #0
 1141 0030 00F0C480 		beq	.L169
 1142 0034 002E     		cmp	r6, #0
 1143 0036 00F0C380 		beq	.L170
 1144 003a 002B     		cmp	r3, #0
 1145 003c 00F0C280 		beq	.L171
 1146 0040 002D     		cmp	r5, #0
 1147 0042 6CD1     		bne	.L159
 1148 0044 0222     		movs	r2, #2
 1149 0046 84F84220 		strb	r2, [r4, #66]
 1150              	.L160:
 1151 004a 626A     		ldr	r2, [r4, #36]
 1152 004c 6249     		ldr	r1, .L184
 1153 004e 9162     		str	r1, [r2, #40]
 1154 0050 626A     		ldr	r2, [r4, #36]
 1155 0052 6249     		ldr	r1, .L184+4
 1156 0054 D162     		str	r1, [r2, #44]
 1157 0056 626A     		ldr	r2, [r4, #36]
 1158 0058 6149     		ldr	r1, .L184+8
 1159 005a 1163     		str	r1, [r2, #48]
 1160 005c 2268     		ldr	r2, [r4]
 1161 005e 3432     		adds	r2, r2, #52
 1162 0060 3146     		mov	r1, r6
 1163 0062 606A     		ldr	r0, [r4, #36]
 1164 0064 FFF7FEFF 		bl	HAL_DMA_Start_IT
 1165 0068 0028     		cmp	r0, #0
 1166 006a 40F0AD80 		bne	.L173
 1167 006e 2268     		ldr	r2, [r4]
 1168 0070 D368     		ldr	r3, [r2, #12]
 1169 0072 43F40073 		orr	r3, r3, #512
 1170 0076 D360     		str	r3, [r2, #12]
 1171              	.L165:
 1172 0078 0422     		movs	r2, #4
 1173 007a 2946     		mov	r1, r5
 1174 007c 2068     		ldr	r0, [r4]
 1175 007e FFF7FEFF 		bl	TIM_CCxNChannelCmd
ARM GAS  /tmp/cc226o5y.s 			page 21


 1176 0082 2268     		ldr	r2, [r4]
 1177 0084 536C     		ldr	r3, [r2, #68]
 1178 0086 43F40043 		orr	r3, r3, #32768
 1179 008a 5364     		str	r3, [r2, #68]
 1180 008c 2368     		ldr	r3, [r4]
 1181 008e 554A     		ldr	r2, .L184+12
 1182 0090 9342     		cmp	r3, r2
 1183 0092 00F08680 		beq	.L166
 1184 0096 B3F1804F 		cmp	r3, #1073741824
 1185 009a 00F08280 		beq	.L166
 1186 009e A2F59432 		sub	r2, r2, #75776
 1187 00a2 9342     		cmp	r3, r2
 1188 00a4 7DD0     		beq	.L166
 1189 00a6 02F58062 		add	r2, r2, #1024
 1190 00aa 9342     		cmp	r3, r2
 1191 00ac 79D0     		beq	.L166
 1192 00ae 1A68     		ldr	r2, [r3]
 1193 00b0 42F00102 		orr	r2, r2, #1
 1194 00b4 1A60     		str	r2, [r3]
 1195 00b6 0020     		movs	r0, #0
 1196 00b8 81E0     		b	.L154
 1197              	.L150:
 1198 00ba 0429     		cmp	r1, #4
 1199 00bc 08D0     		beq	.L178
 1200 00be 0829     		cmp	r1, #8
 1201 00c0 0DD0     		beq	.L179
 1202 00c2 90F84500 		ldrb	r0, [r0, #69]	@ zero_extendqisi2
 1203 00c6 0228     		cmp	r0, #2
 1204 00c8 14BF     		ite	ne
 1205 00ca 0020     		movne	r0, #0
 1206 00cc 0120     		moveq	r0, #1
 1207 00ce A3E7     		b	.L151
 1208              	.L178:
 1209 00d0 90F84300 		ldrb	r0, [r0, #67]	@ zero_extendqisi2
 1210 00d4 0228     		cmp	r0, #2
 1211 00d6 14BF     		ite	ne
 1212 00d8 0020     		movne	r0, #0
 1213 00da 0120     		moveq	r0, #1
 1214 00dc 9CE7     		b	.L151
 1215              	.L179:
 1216 00de 90F84400 		ldrb	r0, [r0, #68]	@ zero_extendqisi2
 1217 00e2 0228     		cmp	r0, #2
 1218 00e4 14BF     		ite	ne
 1219 00e6 0020     		movne	r0, #0
 1220 00e8 0120     		moveq	r0, #1
 1221 00ea 95E7     		b	.L151
 1222              	.L155:
 1223 00ec 042D     		cmp	r5, #4
 1224 00ee 08D0     		beq	.L180
 1225 00f0 082D     		cmp	r5, #8
 1226 00f2 0DD0     		beq	.L181
 1227 00f4 94F84520 		ldrb	r2, [r4, #69]	@ zero_extendqisi2
 1228 00f8 012A     		cmp	r2, #1
 1229 00fa 14BF     		ite	ne
 1230 00fc 0022     		movne	r2, #0
 1231 00fe 0122     		moveq	r2, #1
 1232 0100 95E7     		b	.L156
ARM GAS  /tmp/cc226o5y.s 			page 22


 1233              	.L180:
 1234 0102 94F84320 		ldrb	r2, [r4, #67]	@ zero_extendqisi2
 1235 0106 012A     		cmp	r2, #1
 1236 0108 14BF     		ite	ne
 1237 010a 0022     		movne	r2, #0
 1238 010c 0122     		moveq	r2, #1
 1239 010e 8EE7     		b	.L156
 1240              	.L181:
 1241 0110 94F84420 		ldrb	r2, [r4, #68]	@ zero_extendqisi2
 1242 0114 012A     		cmp	r2, #1
 1243 0116 14BF     		ite	ne
 1244 0118 0022     		movne	r2, #0
 1245 011a 0122     		moveq	r2, #1
 1246 011c 87E7     		b	.L156
 1247              	.L159:
 1248 011e 042D     		cmp	r5, #4
 1249 0120 0CD0     		beq	.L182
 1250 0122 082D     		cmp	r5, #8
 1251 0124 24D0     		beq	.L183
 1252 0126 0222     		movs	r2, #2
 1253 0128 84F84520 		strb	r2, [r4, #69]
 1254 012c 042D     		cmp	r5, #4
 1255 012e 08D0     		beq	.L162
 1256 0130 082D     		cmp	r5, #8
 1257 0132 20D0     		beq	.L164
 1258 0134 002D     		cmp	r5, #0
 1259 0136 88D0     		beq	.L160
 1260 0138 0120     		movs	r0, #1
 1261 013a 40E0     		b	.L154
 1262              	.L182:
 1263 013c 0222     		movs	r2, #2
 1264 013e 84F84320 		strb	r2, [r4, #67]
 1265              	.L162:
 1266 0142 A26A     		ldr	r2, [r4, #40]
 1267 0144 2449     		ldr	r1, .L184
 1268 0146 9162     		str	r1, [r2, #40]
 1269 0148 A26A     		ldr	r2, [r4, #40]
 1270 014a 2449     		ldr	r1, .L184+4
 1271 014c D162     		str	r1, [r2, #44]
 1272 014e A26A     		ldr	r2, [r4, #40]
 1273 0150 2349     		ldr	r1, .L184+8
 1274 0152 1163     		str	r1, [r2, #48]
 1275 0154 2268     		ldr	r2, [r4]
 1276 0156 3832     		adds	r2, r2, #56
 1277 0158 3146     		mov	r1, r6
 1278 015a A06A     		ldr	r0, [r4, #40]
 1279 015c FFF7FEFF 		bl	HAL_DMA_Start_IT
 1280 0160 0028     		cmp	r0, #0
 1281 0162 33D1     		bne	.L174
 1282 0164 2268     		ldr	r2, [r4]
 1283 0166 D368     		ldr	r3, [r2, #12]
 1284 0168 43F48063 		orr	r3, r3, #1024
 1285 016c D360     		str	r3, [r2, #12]
 1286 016e 83E7     		b	.L165
 1287              	.L183:
 1288 0170 0222     		movs	r2, #2
 1289 0172 84F84420 		strb	r2, [r4, #68]
ARM GAS  /tmp/cc226o5y.s 			page 23


 1290              	.L164:
 1291 0176 E26A     		ldr	r2, [r4, #44]
 1292 0178 1749     		ldr	r1, .L184
 1293 017a 9162     		str	r1, [r2, #40]
 1294 017c E26A     		ldr	r2, [r4, #44]
 1295 017e 1749     		ldr	r1, .L184+4
 1296 0180 D162     		str	r1, [r2, #44]
 1297 0182 E26A     		ldr	r2, [r4, #44]
 1298 0184 1649     		ldr	r1, .L184+8
 1299 0186 1163     		str	r1, [r2, #48]
 1300 0188 2268     		ldr	r2, [r4]
 1301 018a 3C32     		adds	r2, r2, #60
 1302 018c 3146     		mov	r1, r6
 1303 018e E06A     		ldr	r0, [r4, #44]
 1304 0190 FFF7FEFF 		bl	HAL_DMA_Start_IT
 1305 0194 E0B9     		cbnz	r0, .L175
 1306 0196 2268     		ldr	r2, [r4]
 1307 0198 D368     		ldr	r3, [r2, #12]
 1308 019a 43F40063 		orr	r3, r3, #2048
 1309 019e D360     		str	r3, [r2, #12]
 1310 01a0 6AE7     		b	.L165
 1311              	.L166:
 1312 01a2 9A68     		ldr	r2, [r3, #8]
 1313 01a4 02F00702 		and	r2, r2, #7
 1314 01a8 062A     		cmp	r2, #6
 1315 01aa 13D0     		beq	.L176
 1316 01ac 1A68     		ldr	r2, [r3]
 1317 01ae 42F00102 		orr	r2, r2, #1
 1318 01b2 1A60     		str	r2, [r3]
 1319 01b4 0020     		movs	r0, #0
 1320 01b6 02E0     		b	.L154
 1321              	.L168:
 1322 01b8 0220     		movs	r0, #2
 1323 01ba 00E0     		b	.L154
 1324              	.L169:
 1325 01bc 0120     		movs	r0, #1
 1326              	.L154:
 1327 01be 70BD     		pop	{r4, r5, r6, pc}
 1328              	.L170:
 1329 01c0 0120     		movs	r0, #1
 1330 01c2 FCE7     		b	.L154
 1331              	.L171:
 1332 01c4 0120     		movs	r0, #1
 1333 01c6 FAE7     		b	.L154
 1334              	.L173:
 1335 01c8 0120     		movs	r0, #1
 1336 01ca F8E7     		b	.L154
 1337              	.L174:
 1338 01cc 0120     		movs	r0, #1
 1339 01ce F6E7     		b	.L154
 1340              	.L175:
 1341 01d0 0120     		movs	r0, #1
 1342 01d2 F4E7     		b	.L154
 1343              	.L176:
 1344 01d4 0020     		movs	r0, #0
 1345 01d6 F2E7     		b	.L154
 1346              	.L185:
ARM GAS  /tmp/cc226o5y.s 			page 24


 1347              		.align	2
 1348              	.L184:
 1349 01d8 00000000 		.word	TIM_DMADelayPulseNCplt
 1350 01dc 00000000 		.word	TIM_DMADelayPulseHalfCplt
 1351 01e0 00000000 		.word	TIM_DMAErrorCCxN
 1352 01e4 002C0140 		.word	1073818624
 1354              		.section	.text.HAL_TIMEx_OCN_Stop_DMA,"ax",%progbits
 1355              		.align	1
 1356              		.global	HAL_TIMEx_OCN_Stop_DMA
 1357              		.syntax unified
 1358              		.thumb
 1359              		.thumb_func
 1361              	HAL_TIMEx_OCN_Stop_DMA:
 1362              		@ args = 0, pretend = 0, frame = 0
 1363              		@ frame_needed = 0, uses_anonymous_args = 0
 1364 0000 38B5     		push	{r3, r4, r5, lr}
 1365 0002 0446     		mov	r4, r0
 1366 0004 0D46     		mov	r5, r1
 1367 0006 0429     		cmp	r1, #4
 1368 0008 34D0     		beq	.L187
 1369 000a 0829     		cmp	r1, #8
 1370 000c 3BD0     		beq	.L188
 1371 000e 0029     		cmp	r1, #0
 1372 0010 55D1     		bne	.L196
 1373 0012 0268     		ldr	r2, [r0]
 1374 0014 D368     		ldr	r3, [r2, #12]
 1375 0016 23F40073 		bic	r3, r3, #512
 1376 001a D360     		str	r3, [r2, #12]
 1377 001c 406A     		ldr	r0, [r0, #36]
 1378 001e FFF7FEFF 		bl	HAL_DMA_Abort_IT
 1379              	.L190:
 1380 0022 0022     		movs	r2, #0
 1381 0024 2946     		mov	r1, r5
 1382 0026 2068     		ldr	r0, [r4]
 1383 0028 FFF7FEFF 		bl	TIM_CCxNChannelCmd
 1384 002c 2368     		ldr	r3, [r4]
 1385 002e 196A     		ldr	r1, [r3, #32]
 1386 0030 41F21112 		movw	r2, #4369
 1387 0034 1142     		tst	r1, r2
 1388 0036 08D1     		bne	.L191
 1389 0038 196A     		ldr	r1, [r3, #32]
 1390 003a 40F24442 		movw	r2, #1092
 1391 003e 1142     		tst	r1, r2
 1392 0040 03D1     		bne	.L191
 1393 0042 5A6C     		ldr	r2, [r3, #68]
 1394 0044 22F40042 		bic	r2, r2, #32768
 1395 0048 5A64     		str	r2, [r3, #68]
 1396              	.L191:
 1397 004a 2368     		ldr	r3, [r4]
 1398 004c 196A     		ldr	r1, [r3, #32]
 1399 004e 41F21112 		movw	r2, #4369
 1400 0052 1142     		tst	r1, r2
 1401 0054 08D1     		bne	.L192
 1402 0056 196A     		ldr	r1, [r3, #32]
 1403 0058 40F24442 		movw	r2, #1092
 1404 005c 1142     		tst	r1, r2
 1405 005e 03D1     		bne	.L192
ARM GAS  /tmp/cc226o5y.s 			page 25


 1406 0060 1A68     		ldr	r2, [r3]
 1407 0062 22F00102 		bic	r2, r2, #1
 1408 0066 1A60     		str	r2, [r3]
 1409              	.L192:
 1410 0068 B5B9     		cbnz	r5, .L193
 1411 006a 0123     		movs	r3, #1
 1412 006c 84F84230 		strb	r3, [r4, #66]
 1413 0070 0020     		movs	r0, #0
 1414              	.L189:
 1415 0072 38BD     		pop	{r3, r4, r5, pc}
 1416              	.L187:
 1417 0074 0268     		ldr	r2, [r0]
 1418 0076 D368     		ldr	r3, [r2, #12]
 1419 0078 23F48063 		bic	r3, r3, #1024
 1420 007c D360     		str	r3, [r2, #12]
 1421 007e 806A     		ldr	r0, [r0, #40]
 1422 0080 FFF7FEFF 		bl	HAL_DMA_Abort_IT
 1423 0084 CDE7     		b	.L190
 1424              	.L188:
 1425 0086 0268     		ldr	r2, [r0]
 1426 0088 D368     		ldr	r3, [r2, #12]
 1427 008a 23F40063 		bic	r3, r3, #2048
 1428 008e D360     		str	r3, [r2, #12]
 1429 0090 C06A     		ldr	r0, [r0, #44]
 1430 0092 FFF7FEFF 		bl	HAL_DMA_Abort_IT
 1431 0096 C4E7     		b	.L190
 1432              	.L193:
 1433 0098 042D     		cmp	r5, #4
 1434 009a 06D0     		beq	.L198
 1435 009c 082D     		cmp	r5, #8
 1436 009e 09D0     		beq	.L199
 1437 00a0 0123     		movs	r3, #1
 1438 00a2 84F84530 		strb	r3, [r4, #69]
 1439 00a6 0020     		movs	r0, #0
 1440 00a8 E3E7     		b	.L189
 1441              	.L198:
 1442 00aa 0123     		movs	r3, #1
 1443 00ac 84F84330 		strb	r3, [r4, #67]
 1444 00b0 0020     		movs	r0, #0
 1445 00b2 DEE7     		b	.L189
 1446              	.L199:
 1447 00b4 0123     		movs	r3, #1
 1448 00b6 84F84430 		strb	r3, [r4, #68]
 1449 00ba 0020     		movs	r0, #0
 1450 00bc D9E7     		b	.L189
 1451              	.L196:
 1452 00be 0120     		movs	r0, #1
 1453 00c0 D7E7     		b	.L189
 1455              		.section	.text.HAL_TIMEx_PWMN_Start,"ax",%progbits
 1456              		.align	1
 1457              		.global	HAL_TIMEx_PWMN_Start
 1458              		.syntax unified
 1459              		.thumb
 1460              		.thumb_func
 1462              	HAL_TIMEx_PWMN_Start:
 1463              		@ args = 0, pretend = 0, frame = 0
 1464              		@ frame_needed = 0, uses_anonymous_args = 0
ARM GAS  /tmp/cc226o5y.s 			page 26


 1465 0000 10B5     		push	{r4, lr}
 1466 0002 0446     		mov	r4, r0
 1467 0004 0846     		mov	r0, r1
 1468 0006 51BB     		cbnz	r1, .L201
 1469 0008 94F84230 		ldrb	r3, [r4, #66]	@ zero_extendqisi2
 1470 000c 013B     		subs	r3, r3, #1
 1471 000e 18BF     		it	ne
 1472 0010 0123     		movne	r3, #1
 1473              	.L202:
 1474 0012 002B     		cmp	r3, #0
 1475 0014 54D1     		bne	.L212
 1476 0016 0028     		cmp	r0, #0
 1477 0018 37D1     		bne	.L206
 1478 001a 0223     		movs	r3, #2
 1479 001c 84F84230 		strb	r3, [r4, #66]
 1480              	.L207:
 1481 0020 0422     		movs	r2, #4
 1482 0022 0146     		mov	r1, r0
 1483 0024 2068     		ldr	r0, [r4]
 1484 0026 FFF7FEFF 		bl	TIM_CCxNChannelCmd
 1485 002a 2268     		ldr	r2, [r4]
 1486 002c 536C     		ldr	r3, [r2, #68]
 1487 002e 43F40043 		orr	r3, r3, #32768
 1488 0032 5364     		str	r3, [r2, #68]
 1489 0034 2368     		ldr	r3, [r4]
 1490 0036 244A     		ldr	r2, .L219
 1491 0038 9342     		cmp	r3, r2
 1492 003a 36D0     		beq	.L210
 1493 003c B3F1804F 		cmp	r3, #1073741824
 1494 0040 33D0     		beq	.L210
 1495 0042 A2F59432 		sub	r2, r2, #75776
 1496 0046 9342     		cmp	r3, r2
 1497 0048 2FD0     		beq	.L210
 1498 004a 02F58062 		add	r2, r2, #1024
 1499 004e 9342     		cmp	r3, r2
 1500 0050 2BD0     		beq	.L210
 1501 0052 1A68     		ldr	r2, [r3]
 1502 0054 42F00102 		orr	r2, r2, #1
 1503 0058 1A60     		str	r2, [r3]
 1504 005a 0020     		movs	r0, #0
 1505 005c 31E0     		b	.L205
 1506              	.L201:
 1507 005e 0429     		cmp	r1, #4
 1508 0060 07D0     		beq	.L215
 1509 0062 0829     		cmp	r1, #8
 1510 0064 0BD0     		beq	.L216
 1511 0066 94F84530 		ldrb	r3, [r4, #69]	@ zero_extendqisi2
 1512 006a 013B     		subs	r3, r3, #1
 1513 006c 18BF     		it	ne
 1514 006e 0123     		movne	r3, #1
 1515 0070 CFE7     		b	.L202
 1516              	.L215:
 1517 0072 94F84330 		ldrb	r3, [r4, #67]	@ zero_extendqisi2
 1518 0076 013B     		subs	r3, r3, #1
 1519 0078 18BF     		it	ne
 1520 007a 0123     		movne	r3, #1
 1521 007c C9E7     		b	.L202
ARM GAS  /tmp/cc226o5y.s 			page 27


 1522              	.L216:
 1523 007e 94F84430 		ldrb	r3, [r4, #68]	@ zero_extendqisi2
 1524 0082 013B     		subs	r3, r3, #1
 1525 0084 18BF     		it	ne
 1526 0086 0123     		movne	r3, #1
 1527 0088 C3E7     		b	.L202
 1528              	.L206:
 1529 008a 0428     		cmp	r0, #4
 1530 008c 05D0     		beq	.L217
 1531 008e 0828     		cmp	r0, #8
 1532 0090 07D0     		beq	.L218
 1533 0092 0223     		movs	r3, #2
 1534 0094 84F84530 		strb	r3, [r4, #69]
 1535 0098 C2E7     		b	.L207
 1536              	.L217:
 1537 009a 0223     		movs	r3, #2
 1538 009c 84F84330 		strb	r3, [r4, #67]
 1539 00a0 BEE7     		b	.L207
 1540              	.L218:
 1541 00a2 0223     		movs	r3, #2
 1542 00a4 84F84430 		strb	r3, [r4, #68]
 1543 00a8 BAE7     		b	.L207
 1544              	.L210:
 1545 00aa 9A68     		ldr	r2, [r3, #8]
 1546 00ac 02F00702 		and	r2, r2, #7
 1547 00b0 062A     		cmp	r2, #6
 1548 00b2 07D0     		beq	.L213
 1549 00b4 1A68     		ldr	r2, [r3]
 1550 00b6 42F00102 		orr	r2, r2, #1
 1551 00ba 1A60     		str	r2, [r3]
 1552 00bc 0020     		movs	r0, #0
 1553 00be 00E0     		b	.L205
 1554              	.L212:
 1555 00c0 0120     		movs	r0, #1
 1556              	.L205:
 1557 00c2 10BD     		pop	{r4, pc}
 1558              	.L213:
 1559 00c4 0020     		movs	r0, #0
 1560 00c6 FCE7     		b	.L205
 1561              	.L220:
 1562              		.align	2
 1563              	.L219:
 1564 00c8 002C0140 		.word	1073818624
 1566              		.section	.text.HAL_TIMEx_PWMN_Stop,"ax",%progbits
 1567              		.align	1
 1568              		.global	HAL_TIMEx_PWMN_Stop
 1569              		.syntax unified
 1570              		.thumb
 1571              		.thumb_func
 1573              	HAL_TIMEx_PWMN_Stop:
 1574              		@ args = 0, pretend = 0, frame = 0
 1575              		@ frame_needed = 0, uses_anonymous_args = 0
 1576 0000 38B5     		push	{r3, r4, r5, lr}
 1577 0002 0446     		mov	r4, r0
 1578 0004 0D46     		mov	r5, r1
 1579 0006 0022     		movs	r2, #0
 1580 0008 0068     		ldr	r0, [r0]
ARM GAS  /tmp/cc226o5y.s 			page 28


 1581 000a FFF7FEFF 		bl	TIM_CCxNChannelCmd
 1582 000e 2368     		ldr	r3, [r4]
 1583 0010 196A     		ldr	r1, [r3, #32]
 1584 0012 41F21112 		movw	r2, #4369
 1585 0016 1142     		tst	r1, r2
 1586 0018 08D1     		bne	.L222
 1587 001a 196A     		ldr	r1, [r3, #32]
 1588 001c 40F24442 		movw	r2, #1092
 1589 0020 1142     		tst	r1, r2
 1590 0022 03D1     		bne	.L222
 1591 0024 5A6C     		ldr	r2, [r3, #68]
 1592 0026 22F40042 		bic	r2, r2, #32768
 1593 002a 5A64     		str	r2, [r3, #68]
 1594              	.L222:
 1595 002c 2368     		ldr	r3, [r4]
 1596 002e 196A     		ldr	r1, [r3, #32]
 1597 0030 41F21112 		movw	r2, #4369
 1598 0034 1142     		tst	r1, r2
 1599 0036 08D1     		bne	.L223
 1600 0038 196A     		ldr	r1, [r3, #32]
 1601 003a 40F24442 		movw	r2, #1092
 1602 003e 1142     		tst	r1, r2
 1603 0040 03D1     		bne	.L223
 1604 0042 1A68     		ldr	r2, [r3]
 1605 0044 22F00102 		bic	r2, r2, #1
 1606 0048 1A60     		str	r2, [r3]
 1607              	.L223:
 1608 004a 25B9     		cbnz	r5, .L224
 1609 004c 0123     		movs	r3, #1
 1610 004e 84F84230 		strb	r3, [r4, #66]
 1611              	.L225:
 1612 0052 0020     		movs	r0, #0
 1613 0054 38BD     		pop	{r3, r4, r5, pc}
 1614              	.L224:
 1615 0056 042D     		cmp	r5, #4
 1616 0058 05D0     		beq	.L229
 1617 005a 082D     		cmp	r5, #8
 1618 005c 07D0     		beq	.L230
 1619 005e 0123     		movs	r3, #1
 1620 0060 84F84530 		strb	r3, [r4, #69]
 1621 0064 F5E7     		b	.L225
 1622              	.L229:
 1623 0066 0123     		movs	r3, #1
 1624 0068 84F84330 		strb	r3, [r4, #67]
 1625 006c F1E7     		b	.L225
 1626              	.L230:
 1627 006e 0123     		movs	r3, #1
 1628 0070 84F84430 		strb	r3, [r4, #68]
 1629 0074 EDE7     		b	.L225
 1631              		.section	.text.HAL_TIMEx_PWMN_Start_IT,"ax",%progbits
 1632              		.align	1
 1633              		.global	HAL_TIMEx_PWMN_Start_IT
 1634              		.syntax unified
 1635              		.thumb
 1636              		.thumb_func
 1638              	HAL_TIMEx_PWMN_Start_IT:
 1639              		@ args = 0, pretend = 0, frame = 0
ARM GAS  /tmp/cc226o5y.s 			page 29


 1640              		@ frame_needed = 0, uses_anonymous_args = 0
 1641 0000 10B5     		push	{r4, lr}
 1642 0002 0446     		mov	r4, r0
 1643 0004 0846     		mov	r0, r1
 1644 0006 0029     		cmp	r1, #0
 1645 0008 34D1     		bne	.L232
 1646 000a 94F84230 		ldrb	r3, [r4, #66]	@ zero_extendqisi2
 1647 000e 013B     		subs	r3, r3, #1
 1648 0010 18BF     		it	ne
 1649 0012 0123     		movne	r3, #1
 1650              	.L233:
 1651 0014 002B     		cmp	r3, #0
 1652 0016 6FD1     		bne	.L246
 1653 0018 0028     		cmp	r0, #0
 1654 001a 41D1     		bne	.L237
 1655 001c 0223     		movs	r3, #2
 1656 001e 84F84230 		strb	r3, [r4, #66]
 1657              	.L238:
 1658 0022 2268     		ldr	r2, [r4]
 1659 0024 D368     		ldr	r3, [r2, #12]
 1660 0026 43F00203 		orr	r3, r3, #2
 1661 002a D360     		str	r3, [r2, #12]
 1662              	.L243:
 1663 002c 2268     		ldr	r2, [r4]
 1664 002e D368     		ldr	r3, [r2, #12]
 1665 0030 43F08003 		orr	r3, r3, #128
 1666 0034 D360     		str	r3, [r2, #12]
 1667 0036 0422     		movs	r2, #4
 1668 0038 0146     		mov	r1, r0
 1669 003a 2068     		ldr	r0, [r4]
 1670 003c FFF7FEFF 		bl	TIM_CCxNChannelCmd
 1671 0040 2268     		ldr	r2, [r4]
 1672 0042 536C     		ldr	r3, [r2, #68]
 1673 0044 43F40043 		orr	r3, r3, #32768
 1674 0048 5364     		str	r3, [r2, #68]
 1675 004a 2368     		ldr	r3, [r4]
 1676 004c 2C4A     		ldr	r2, .L254
 1677 004e 9342     		cmp	r3, r2
 1678 0050 47D0     		beq	.L244
 1679 0052 B3F1804F 		cmp	r3, #1073741824
 1680 0056 44D0     		beq	.L244
 1681 0058 A2F59432 		sub	r2, r2, #75776
 1682 005c 9342     		cmp	r3, r2
 1683 005e 40D0     		beq	.L244
 1684 0060 02F58062 		add	r2, r2, #1024
 1685 0064 9342     		cmp	r3, r2
 1686 0066 3CD0     		beq	.L244
 1687 0068 1A68     		ldr	r2, [r3]
 1688 006a 42F00102 		orr	r2, r2, #1
 1689 006e 1A60     		str	r2, [r3]
 1690 0070 0020     		movs	r0, #0
 1691 0072 42E0     		b	.L236
 1692              	.L232:
 1693 0074 0429     		cmp	r1, #4
 1694 0076 07D0     		beq	.L250
 1695 0078 0829     		cmp	r1, #8
 1696 007a 0BD0     		beq	.L251
ARM GAS  /tmp/cc226o5y.s 			page 30


 1697 007c 94F84530 		ldrb	r3, [r4, #69]	@ zero_extendqisi2
 1698 0080 013B     		subs	r3, r3, #1
 1699 0082 18BF     		it	ne
 1700 0084 0123     		movne	r3, #1
 1701 0086 C5E7     		b	.L233
 1702              	.L250:
 1703 0088 94F84330 		ldrb	r3, [r4, #67]	@ zero_extendqisi2
 1704 008c 013B     		subs	r3, r3, #1
 1705 008e 18BF     		it	ne
 1706 0090 0123     		movne	r3, #1
 1707 0092 BFE7     		b	.L233
 1708              	.L251:
 1709 0094 94F84430 		ldrb	r3, [r4, #68]	@ zero_extendqisi2
 1710 0098 013B     		subs	r3, r3, #1
 1711 009a 18BF     		it	ne
 1712 009c 0123     		movne	r3, #1
 1713 009e B9E7     		b	.L233
 1714              	.L237:
 1715 00a0 0428     		cmp	r0, #4
 1716 00a2 0CD0     		beq	.L252
 1717 00a4 0828     		cmp	r0, #8
 1718 00a6 13D0     		beq	.L253
 1719 00a8 0223     		movs	r3, #2
 1720 00aa 84F84530 		strb	r3, [r4, #69]
 1721 00ae 0428     		cmp	r0, #4
 1722 00b0 08D0     		beq	.L240
 1723 00b2 0828     		cmp	r0, #8
 1724 00b4 0FD0     		beq	.L242
 1725 00b6 0028     		cmp	r0, #0
 1726 00b8 B3D0     		beq	.L238
 1727 00ba 0120     		movs	r0, #1
 1728 00bc 1DE0     		b	.L236
 1729              	.L252:
 1730 00be 0223     		movs	r3, #2
 1731 00c0 84F84330 		strb	r3, [r4, #67]
 1732              	.L240:
 1733 00c4 2268     		ldr	r2, [r4]
 1734 00c6 D368     		ldr	r3, [r2, #12]
 1735 00c8 43F00403 		orr	r3, r3, #4
 1736 00cc D360     		str	r3, [r2, #12]
 1737 00ce ADE7     		b	.L243
 1738              	.L253:
 1739 00d0 0223     		movs	r3, #2
 1740 00d2 84F84430 		strb	r3, [r4, #68]
 1741              	.L242:
 1742 00d6 2268     		ldr	r2, [r4]
 1743 00d8 D368     		ldr	r3, [r2, #12]
 1744 00da 43F00803 		orr	r3, r3, #8
 1745 00de D360     		str	r3, [r2, #12]
 1746 00e0 A4E7     		b	.L243
 1747              	.L244:
 1748 00e2 9A68     		ldr	r2, [r3, #8]
 1749 00e4 02F00702 		and	r2, r2, #7
 1750 00e8 062A     		cmp	r2, #6
 1751 00ea 07D0     		beq	.L248
 1752 00ec 1A68     		ldr	r2, [r3]
 1753 00ee 42F00102 		orr	r2, r2, #1
ARM GAS  /tmp/cc226o5y.s 			page 31


 1754 00f2 1A60     		str	r2, [r3]
 1755 00f4 0020     		movs	r0, #0
 1756 00f6 00E0     		b	.L236
 1757              	.L246:
 1758 00f8 0120     		movs	r0, #1
 1759              	.L236:
 1760 00fa 10BD     		pop	{r4, pc}
 1761              	.L248:
 1762 00fc 0020     		movs	r0, #0
 1763 00fe FCE7     		b	.L236
 1764              	.L255:
 1765              		.align	2
 1766              	.L254:
 1767 0100 002C0140 		.word	1073818624
 1769              		.section	.text.HAL_TIMEx_PWMN_Stop_IT,"ax",%progbits
 1770              		.align	1
 1771              		.global	HAL_TIMEx_PWMN_Stop_IT
 1772              		.syntax unified
 1773              		.thumb
 1774              		.thumb_func
 1776              	HAL_TIMEx_PWMN_Stop_IT:
 1777              		@ args = 0, pretend = 0, frame = 0
 1778              		@ frame_needed = 0, uses_anonymous_args = 0
 1779 0000 38B5     		push	{r3, r4, r5, lr}
 1780 0002 0446     		mov	r4, r0
 1781 0004 0D46     		mov	r5, r1
 1782 0006 0429     		cmp	r1, #4
 1783 0008 3BD0     		beq	.L257
 1784 000a 0829     		cmp	r1, #8
 1785 000c 3FD0     		beq	.L258
 1786 000e 0029     		cmp	r1, #0
 1787 0010 56D1     		bne	.L267
 1788 0012 0268     		ldr	r2, [r0]
 1789 0014 D368     		ldr	r3, [r2, #12]
 1790 0016 23F00203 		bic	r3, r3, #2
 1791 001a D360     		str	r3, [r2, #12]
 1792              	.L260:
 1793 001c 0022     		movs	r2, #0
 1794 001e 2946     		mov	r1, r5
 1795 0020 2068     		ldr	r0, [r4]
 1796 0022 FFF7FEFF 		bl	TIM_CCxNChannelCmd
 1797 0026 2368     		ldr	r3, [r4]
 1798 0028 196A     		ldr	r1, [r3, #32]
 1799 002a 40F24442 		movw	r2, #1092
 1800 002e 1142     		tst	r1, r2
 1801 0030 03D1     		bne	.L261
 1802 0032 DA68     		ldr	r2, [r3, #12]
 1803 0034 22F08002 		bic	r2, r2, #128
 1804 0038 DA60     		str	r2, [r3, #12]
 1805              	.L261:
 1806 003a 2368     		ldr	r3, [r4]
 1807 003c 196A     		ldr	r1, [r3, #32]
 1808 003e 41F21112 		movw	r2, #4369
 1809 0042 1142     		tst	r1, r2
 1810 0044 08D1     		bne	.L262
 1811 0046 196A     		ldr	r1, [r3, #32]
 1812 0048 40F24442 		movw	r2, #1092
ARM GAS  /tmp/cc226o5y.s 			page 32


 1813 004c 1142     		tst	r1, r2
 1814 004e 03D1     		bne	.L262
 1815 0050 5A6C     		ldr	r2, [r3, #68]
 1816 0052 22F40042 		bic	r2, r2, #32768
 1817 0056 5A64     		str	r2, [r3, #68]
 1818              	.L262:
 1819 0058 2368     		ldr	r3, [r4]
 1820 005a 196A     		ldr	r1, [r3, #32]
 1821 005c 41F21112 		movw	r2, #4369
 1822 0060 1142     		tst	r1, r2
 1823 0062 08D1     		bne	.L263
 1824 0064 196A     		ldr	r1, [r3, #32]
 1825 0066 40F24442 		movw	r2, #1092
 1826 006a 1142     		tst	r1, r2
 1827 006c 03D1     		bne	.L263
 1828 006e 1A68     		ldr	r2, [r3]
 1829 0070 22F00102 		bic	r2, r2, #1
 1830 0074 1A60     		str	r2, [r3]
 1831              	.L263:
 1832 0076 85B9     		cbnz	r5, .L264
 1833 0078 0123     		movs	r3, #1
 1834 007a 84F84230 		strb	r3, [r4, #66]
 1835 007e 0020     		movs	r0, #0
 1836              	.L259:
 1837 0080 38BD     		pop	{r3, r4, r5, pc}
 1838              	.L257:
 1839 0082 0268     		ldr	r2, [r0]
 1840 0084 D368     		ldr	r3, [r2, #12]
 1841 0086 23F00403 		bic	r3, r3, #4
 1842 008a D360     		str	r3, [r2, #12]
 1843 008c C6E7     		b	.L260
 1844              	.L258:
 1845 008e 0268     		ldr	r2, [r0]
 1846 0090 D368     		ldr	r3, [r2, #12]
 1847 0092 23F00803 		bic	r3, r3, #8
 1848 0096 D360     		str	r3, [r2, #12]
 1849 0098 C0E7     		b	.L260
 1850              	.L264:
 1851 009a 042D     		cmp	r5, #4
 1852 009c 06D0     		beq	.L269
 1853 009e 082D     		cmp	r5, #8
 1854 00a0 09D0     		beq	.L270
 1855 00a2 0123     		movs	r3, #1
 1856 00a4 84F84530 		strb	r3, [r4, #69]
 1857 00a8 0020     		movs	r0, #0
 1858 00aa E9E7     		b	.L259
 1859              	.L269:
 1860 00ac 0123     		movs	r3, #1
 1861 00ae 84F84330 		strb	r3, [r4, #67]
 1862 00b2 0020     		movs	r0, #0
 1863 00b4 E4E7     		b	.L259
 1864              	.L270:
 1865 00b6 0123     		movs	r3, #1
 1866 00b8 84F84430 		strb	r3, [r4, #68]
 1867 00bc 0020     		movs	r0, #0
 1868 00be DFE7     		b	.L259
 1869              	.L267:
ARM GAS  /tmp/cc226o5y.s 			page 33


 1870 00c0 0120     		movs	r0, #1
 1871 00c2 DDE7     		b	.L259
 1873              		.section	.text.HAL_TIMEx_PWMN_Start_DMA,"ax",%progbits
 1874              		.align	1
 1875              		.global	HAL_TIMEx_PWMN_Start_DMA
 1876              		.syntax unified
 1877              		.thumb
 1878              		.thumb_func
 1880              	HAL_TIMEx_PWMN_Start_DMA:
 1881              		@ args = 0, pretend = 0, frame = 0
 1882              		@ frame_needed = 0, uses_anonymous_args = 0
 1883 0000 70B5     		push	{r4, r5, r6, lr}
 1884 0002 0446     		mov	r4, r0
 1885 0004 1646     		mov	r6, r2
 1886 0006 0D46     		mov	r5, r1
 1887 0008 0029     		cmp	r1, #0
 1888 000a 56D1     		bne	.L272
 1889 000c 90F84200 		ldrb	r0, [r0, #66]	@ zero_extendqisi2
 1890 0010 0228     		cmp	r0, #2
 1891 0012 14BF     		ite	ne
 1892 0014 0020     		movne	r0, #0
 1893 0016 0120     		moveq	r0, #1
 1894              	.L273:
 1895 0018 0028     		cmp	r0, #0
 1896 001a 40F0CD80 		bne	.L290
 1897 001e 002D     		cmp	r5, #0
 1898 0020 64D1     		bne	.L277
 1899 0022 94F84220 		ldrb	r2, [r4, #66]	@ zero_extendqisi2
 1900 0026 012A     		cmp	r2, #1
 1901 0028 14BF     		ite	ne
 1902 002a 0022     		movne	r2, #0
 1903 002c 0122     		moveq	r2, #1
 1904              	.L278:
 1905 002e 002A     		cmp	r2, #0
 1906 0030 00F0C480 		beq	.L291
 1907 0034 002E     		cmp	r6, #0
 1908 0036 00F0C380 		beq	.L292
 1909 003a 002B     		cmp	r3, #0
 1910 003c 00F0C280 		beq	.L293
 1911 0040 002D     		cmp	r5, #0
 1912 0042 6CD1     		bne	.L281
 1913 0044 0222     		movs	r2, #2
 1914 0046 84F84220 		strb	r2, [r4, #66]
 1915              	.L282:
 1916 004a 626A     		ldr	r2, [r4, #36]
 1917 004c 6249     		ldr	r1, .L306
 1918 004e 9162     		str	r1, [r2, #40]
 1919 0050 626A     		ldr	r2, [r4, #36]
 1920 0052 6249     		ldr	r1, .L306+4
 1921 0054 D162     		str	r1, [r2, #44]
 1922 0056 626A     		ldr	r2, [r4, #36]
 1923 0058 6149     		ldr	r1, .L306+8
 1924 005a 1163     		str	r1, [r2, #48]
 1925 005c 2268     		ldr	r2, [r4]
 1926 005e 3432     		adds	r2, r2, #52
 1927 0060 3146     		mov	r1, r6
 1928 0062 606A     		ldr	r0, [r4, #36]
ARM GAS  /tmp/cc226o5y.s 			page 34


 1929 0064 FFF7FEFF 		bl	HAL_DMA_Start_IT
 1930 0068 0028     		cmp	r0, #0
 1931 006a 40F0AD80 		bne	.L295
 1932 006e 2268     		ldr	r2, [r4]
 1933 0070 D368     		ldr	r3, [r2, #12]
 1934 0072 43F40073 		orr	r3, r3, #512
 1935 0076 D360     		str	r3, [r2, #12]
 1936              	.L287:
 1937 0078 0422     		movs	r2, #4
 1938 007a 2946     		mov	r1, r5
 1939 007c 2068     		ldr	r0, [r4]
 1940 007e FFF7FEFF 		bl	TIM_CCxNChannelCmd
 1941 0082 2268     		ldr	r2, [r4]
 1942 0084 536C     		ldr	r3, [r2, #68]
 1943 0086 43F40043 		orr	r3, r3, #32768
 1944 008a 5364     		str	r3, [r2, #68]
 1945 008c 2368     		ldr	r3, [r4]
 1946 008e 554A     		ldr	r2, .L306+12
 1947 0090 9342     		cmp	r3, r2
 1948 0092 00F08680 		beq	.L288
 1949 0096 B3F1804F 		cmp	r3, #1073741824
 1950 009a 00F08280 		beq	.L288
 1951 009e A2F59432 		sub	r2, r2, #75776
 1952 00a2 9342     		cmp	r3, r2
 1953 00a4 7DD0     		beq	.L288
 1954 00a6 02F58062 		add	r2, r2, #1024
 1955 00aa 9342     		cmp	r3, r2
 1956 00ac 79D0     		beq	.L288
 1957 00ae 1A68     		ldr	r2, [r3]
 1958 00b0 42F00102 		orr	r2, r2, #1
 1959 00b4 1A60     		str	r2, [r3]
 1960 00b6 0020     		movs	r0, #0
 1961 00b8 81E0     		b	.L276
 1962              	.L272:
 1963 00ba 0429     		cmp	r1, #4
 1964 00bc 08D0     		beq	.L300
 1965 00be 0829     		cmp	r1, #8
 1966 00c0 0DD0     		beq	.L301
 1967 00c2 90F84500 		ldrb	r0, [r0, #69]	@ zero_extendqisi2
 1968 00c6 0228     		cmp	r0, #2
 1969 00c8 14BF     		ite	ne
 1970 00ca 0020     		movne	r0, #0
 1971 00cc 0120     		moveq	r0, #1
 1972 00ce A3E7     		b	.L273
 1973              	.L300:
 1974 00d0 90F84300 		ldrb	r0, [r0, #67]	@ zero_extendqisi2
 1975 00d4 0228     		cmp	r0, #2
 1976 00d6 14BF     		ite	ne
 1977 00d8 0020     		movne	r0, #0
 1978 00da 0120     		moveq	r0, #1
 1979 00dc 9CE7     		b	.L273
 1980              	.L301:
 1981 00de 90F84400 		ldrb	r0, [r0, #68]	@ zero_extendqisi2
 1982 00e2 0228     		cmp	r0, #2
 1983 00e4 14BF     		ite	ne
 1984 00e6 0020     		movne	r0, #0
 1985 00e8 0120     		moveq	r0, #1
ARM GAS  /tmp/cc226o5y.s 			page 35


 1986 00ea 95E7     		b	.L273
 1987              	.L277:
 1988 00ec 042D     		cmp	r5, #4
 1989 00ee 08D0     		beq	.L302
 1990 00f0 082D     		cmp	r5, #8
 1991 00f2 0DD0     		beq	.L303
 1992 00f4 94F84520 		ldrb	r2, [r4, #69]	@ zero_extendqisi2
 1993 00f8 012A     		cmp	r2, #1
 1994 00fa 14BF     		ite	ne
 1995 00fc 0022     		movne	r2, #0
 1996 00fe 0122     		moveq	r2, #1
 1997 0100 95E7     		b	.L278
 1998              	.L302:
 1999 0102 94F84320 		ldrb	r2, [r4, #67]	@ zero_extendqisi2
 2000 0106 012A     		cmp	r2, #1
 2001 0108 14BF     		ite	ne
 2002 010a 0022     		movne	r2, #0
 2003 010c 0122     		moveq	r2, #1
 2004 010e 8EE7     		b	.L278
 2005              	.L303:
 2006 0110 94F84420 		ldrb	r2, [r4, #68]	@ zero_extendqisi2
 2007 0114 012A     		cmp	r2, #1
 2008 0116 14BF     		ite	ne
 2009 0118 0022     		movne	r2, #0
 2010 011a 0122     		moveq	r2, #1
 2011 011c 87E7     		b	.L278
 2012              	.L281:
 2013 011e 042D     		cmp	r5, #4
 2014 0120 0CD0     		beq	.L304
 2015 0122 082D     		cmp	r5, #8
 2016 0124 24D0     		beq	.L305
 2017 0126 0222     		movs	r2, #2
 2018 0128 84F84520 		strb	r2, [r4, #69]
 2019 012c 042D     		cmp	r5, #4
 2020 012e 08D0     		beq	.L284
 2021 0130 082D     		cmp	r5, #8
 2022 0132 20D0     		beq	.L286
 2023 0134 002D     		cmp	r5, #0
 2024 0136 88D0     		beq	.L282
 2025 0138 0120     		movs	r0, #1
 2026 013a 40E0     		b	.L276
 2027              	.L304:
 2028 013c 0222     		movs	r2, #2
 2029 013e 84F84320 		strb	r2, [r4, #67]
 2030              	.L284:
 2031 0142 A26A     		ldr	r2, [r4, #40]
 2032 0144 2449     		ldr	r1, .L306
 2033 0146 9162     		str	r1, [r2, #40]
 2034 0148 A26A     		ldr	r2, [r4, #40]
 2035 014a 2449     		ldr	r1, .L306+4
 2036 014c D162     		str	r1, [r2, #44]
 2037 014e A26A     		ldr	r2, [r4, #40]
 2038 0150 2349     		ldr	r1, .L306+8
 2039 0152 1163     		str	r1, [r2, #48]
 2040 0154 2268     		ldr	r2, [r4]
 2041 0156 3832     		adds	r2, r2, #56
 2042 0158 3146     		mov	r1, r6
ARM GAS  /tmp/cc226o5y.s 			page 36


 2043 015a A06A     		ldr	r0, [r4, #40]
 2044 015c FFF7FEFF 		bl	HAL_DMA_Start_IT
 2045 0160 0028     		cmp	r0, #0
 2046 0162 33D1     		bne	.L296
 2047 0164 2268     		ldr	r2, [r4]
 2048 0166 D368     		ldr	r3, [r2, #12]
 2049 0168 43F48063 		orr	r3, r3, #1024
 2050 016c D360     		str	r3, [r2, #12]
 2051 016e 83E7     		b	.L287
 2052              	.L305:
 2053 0170 0222     		movs	r2, #2
 2054 0172 84F84420 		strb	r2, [r4, #68]
 2055              	.L286:
 2056 0176 E26A     		ldr	r2, [r4, #44]
 2057 0178 1749     		ldr	r1, .L306
 2058 017a 9162     		str	r1, [r2, #40]
 2059 017c E26A     		ldr	r2, [r4, #44]
 2060 017e 1749     		ldr	r1, .L306+4
 2061 0180 D162     		str	r1, [r2, #44]
 2062 0182 E26A     		ldr	r2, [r4, #44]
 2063 0184 1649     		ldr	r1, .L306+8
 2064 0186 1163     		str	r1, [r2, #48]
 2065 0188 2268     		ldr	r2, [r4]
 2066 018a 3C32     		adds	r2, r2, #60
 2067 018c 3146     		mov	r1, r6
 2068 018e E06A     		ldr	r0, [r4, #44]
 2069 0190 FFF7FEFF 		bl	HAL_DMA_Start_IT
 2070 0194 E0B9     		cbnz	r0, .L297
 2071 0196 2268     		ldr	r2, [r4]
 2072 0198 D368     		ldr	r3, [r2, #12]
 2073 019a 43F40063 		orr	r3, r3, #2048
 2074 019e D360     		str	r3, [r2, #12]
 2075 01a0 6AE7     		b	.L287
 2076              	.L288:
 2077 01a2 9A68     		ldr	r2, [r3, #8]
 2078 01a4 02F00702 		and	r2, r2, #7
 2079 01a8 062A     		cmp	r2, #6
 2080 01aa 13D0     		beq	.L298
 2081 01ac 1A68     		ldr	r2, [r3]
 2082 01ae 42F00102 		orr	r2, r2, #1
 2083 01b2 1A60     		str	r2, [r3]
 2084 01b4 0020     		movs	r0, #0
 2085 01b6 02E0     		b	.L276
 2086              	.L290:
 2087 01b8 0220     		movs	r0, #2
 2088 01ba 00E0     		b	.L276
 2089              	.L291:
 2090 01bc 0120     		movs	r0, #1
 2091              	.L276:
 2092 01be 70BD     		pop	{r4, r5, r6, pc}
 2093              	.L292:
 2094 01c0 0120     		movs	r0, #1
 2095 01c2 FCE7     		b	.L276
 2096              	.L293:
 2097 01c4 0120     		movs	r0, #1
 2098 01c6 FAE7     		b	.L276
 2099              	.L295:
ARM GAS  /tmp/cc226o5y.s 			page 37


 2100 01c8 0120     		movs	r0, #1
 2101 01ca F8E7     		b	.L276
 2102              	.L296:
 2103 01cc 0120     		movs	r0, #1
 2104 01ce F6E7     		b	.L276
 2105              	.L297:
 2106 01d0 0120     		movs	r0, #1
 2107 01d2 F4E7     		b	.L276
 2108              	.L298:
 2109 01d4 0020     		movs	r0, #0
 2110 01d6 F2E7     		b	.L276
 2111              	.L307:
 2112              		.align	2
 2113              	.L306:
 2114 01d8 00000000 		.word	TIM_DMADelayPulseNCplt
 2115 01dc 00000000 		.word	TIM_DMADelayPulseHalfCplt
 2116 01e0 00000000 		.word	TIM_DMAErrorCCxN
 2117 01e4 002C0140 		.word	1073818624
 2119              		.section	.text.HAL_TIMEx_PWMN_Stop_DMA,"ax",%progbits
 2120              		.align	1
 2121              		.global	HAL_TIMEx_PWMN_Stop_DMA
 2122              		.syntax unified
 2123              		.thumb
 2124              		.thumb_func
 2126              	HAL_TIMEx_PWMN_Stop_DMA:
 2127              		@ args = 0, pretend = 0, frame = 0
 2128              		@ frame_needed = 0, uses_anonymous_args = 0
 2129 0000 38B5     		push	{r3, r4, r5, lr}
 2130 0002 0446     		mov	r4, r0
 2131 0004 0D46     		mov	r5, r1
 2132 0006 0429     		cmp	r1, #4
 2133 0008 34D0     		beq	.L309
 2134 000a 0829     		cmp	r1, #8
 2135 000c 3BD0     		beq	.L310
 2136 000e 0029     		cmp	r1, #0
 2137 0010 55D1     		bne	.L318
 2138 0012 0268     		ldr	r2, [r0]
 2139 0014 D368     		ldr	r3, [r2, #12]
 2140 0016 23F40073 		bic	r3, r3, #512
 2141 001a D360     		str	r3, [r2, #12]
 2142 001c 406A     		ldr	r0, [r0, #36]
 2143 001e FFF7FEFF 		bl	HAL_DMA_Abort_IT
 2144              	.L312:
 2145 0022 0022     		movs	r2, #0
 2146 0024 2946     		mov	r1, r5
 2147 0026 2068     		ldr	r0, [r4]
 2148 0028 FFF7FEFF 		bl	TIM_CCxNChannelCmd
 2149 002c 2368     		ldr	r3, [r4]
 2150 002e 196A     		ldr	r1, [r3, #32]
 2151 0030 41F21112 		movw	r2, #4369
 2152 0034 1142     		tst	r1, r2
 2153 0036 08D1     		bne	.L313
 2154 0038 196A     		ldr	r1, [r3, #32]
 2155 003a 40F24442 		movw	r2, #1092
 2156 003e 1142     		tst	r1, r2
 2157 0040 03D1     		bne	.L313
 2158 0042 5A6C     		ldr	r2, [r3, #68]
ARM GAS  /tmp/cc226o5y.s 			page 38


 2159 0044 22F40042 		bic	r2, r2, #32768
 2160 0048 5A64     		str	r2, [r3, #68]
 2161              	.L313:
 2162 004a 2368     		ldr	r3, [r4]
 2163 004c 196A     		ldr	r1, [r3, #32]
 2164 004e 41F21112 		movw	r2, #4369
 2165 0052 1142     		tst	r1, r2
 2166 0054 08D1     		bne	.L314
 2167 0056 196A     		ldr	r1, [r3, #32]
 2168 0058 40F24442 		movw	r2, #1092
 2169 005c 1142     		tst	r1, r2
 2170 005e 03D1     		bne	.L314
 2171 0060 1A68     		ldr	r2, [r3]
 2172 0062 22F00102 		bic	r2, r2, #1
 2173 0066 1A60     		str	r2, [r3]
 2174              	.L314:
 2175 0068 B5B9     		cbnz	r5, .L315
 2176 006a 0123     		movs	r3, #1
 2177 006c 84F84230 		strb	r3, [r4, #66]
 2178 0070 0020     		movs	r0, #0
 2179              	.L311:
 2180 0072 38BD     		pop	{r3, r4, r5, pc}
 2181              	.L309:
 2182 0074 0268     		ldr	r2, [r0]
 2183 0076 D368     		ldr	r3, [r2, #12]
 2184 0078 23F48063 		bic	r3, r3, #1024
 2185 007c D360     		str	r3, [r2, #12]
 2186 007e 806A     		ldr	r0, [r0, #40]
 2187 0080 FFF7FEFF 		bl	HAL_DMA_Abort_IT
 2188 0084 CDE7     		b	.L312
 2189              	.L310:
 2190 0086 0268     		ldr	r2, [r0]
 2191 0088 D368     		ldr	r3, [r2, #12]
 2192 008a 23F40063 		bic	r3, r3, #2048
 2193 008e D360     		str	r3, [r2, #12]
 2194 0090 C06A     		ldr	r0, [r0, #44]
 2195 0092 FFF7FEFF 		bl	HAL_DMA_Abort_IT
 2196 0096 C4E7     		b	.L312
 2197              	.L315:
 2198 0098 042D     		cmp	r5, #4
 2199 009a 06D0     		beq	.L320
 2200 009c 082D     		cmp	r5, #8
 2201 009e 09D0     		beq	.L321
 2202 00a0 0123     		movs	r3, #1
 2203 00a2 84F84530 		strb	r3, [r4, #69]
 2204 00a6 0020     		movs	r0, #0
 2205 00a8 E3E7     		b	.L311
 2206              	.L320:
 2207 00aa 0123     		movs	r3, #1
 2208 00ac 84F84330 		strb	r3, [r4, #67]
 2209 00b0 0020     		movs	r0, #0
 2210 00b2 DEE7     		b	.L311
 2211              	.L321:
 2212 00b4 0123     		movs	r3, #1
 2213 00b6 84F84430 		strb	r3, [r4, #68]
 2214 00ba 0020     		movs	r0, #0
 2215 00bc D9E7     		b	.L311
ARM GAS  /tmp/cc226o5y.s 			page 39


 2216              	.L318:
 2217 00be 0120     		movs	r0, #1
 2218 00c0 D7E7     		b	.L311
 2220              		.section	.text.HAL_TIMEx_OnePulseN_Start,"ax",%progbits
 2221              		.align	1
 2222              		.global	HAL_TIMEx_OnePulseN_Start
 2223              		.syntax unified
 2224              		.thumb
 2225              		.thumb_func
 2227              	HAL_TIMEx_OnePulseN_Start:
 2228              		@ args = 0, pretend = 0, frame = 0
 2229              		@ frame_needed = 0, uses_anonymous_args = 0
 2230 0000 70B5     		push	{r4, r5, r6, lr}
 2231 0002 0446     		mov	r4, r0
 2232 0004 0E46     		mov	r6, r1
 2233 0006 D1B9     		cbnz	r1, .L325
 2234 0008 0425     		movs	r5, #4
 2235              	.L323:
 2236 000a 94F83EE0 		ldrb	lr, [r4, #62]	@ zero_extendqisi2
 2237 000e 5FFA8EF0 		uxtb	r0, lr
 2238 0012 94F83F30 		ldrb	r3, [r4, #63]	@ zero_extendqisi2
 2239 0016 DBB2     		uxtb	r3, r3
 2240 0018 94F84220 		ldrb	r2, [r4, #66]	@ zero_extendqisi2
 2241 001c D2B2     		uxtb	r2, r2
 2242 001e 94F843C0 		ldrb	ip, [r4, #67]	@ zero_extendqisi2
 2243 0022 5FFA8CFC 		uxtb	ip, ip
 2244 0026 BEF1010F 		cmp	lr, #1
 2245 002a 24D1     		bne	.L326
 2246 002c 012B     		cmp	r3, #1
 2247 002e 23D1     		bne	.L324
 2248 0030 012A     		cmp	r2, #1
 2249 0032 22D1     		bne	.L327
 2250 0034 BCF1010F 		cmp	ip, #1
 2251 0038 03D0     		beq	.L330
 2252 003a 1046     		mov	r0, r2
 2253 003c 1CE0     		b	.L324
 2254              	.L325:
 2255 003e 0025     		movs	r5, #0
 2256 0040 E3E7     		b	.L323
 2257              	.L330:
 2258 0042 0223     		movs	r3, #2
 2259 0044 84F83E30 		strb	r3, [r4, #62]
 2260 0048 84F83F30 		strb	r3, [r4, #63]
 2261 004c 84F84230 		strb	r3, [r4, #66]
 2262 0050 84F84330 		strb	r3, [r4, #67]
 2263 0054 0422     		movs	r2, #4
 2264 0056 3146     		mov	r1, r6
 2265 0058 2068     		ldr	r0, [r4]
 2266 005a FFF7FEFF 		bl	TIM_CCxNChannelCmd
 2267 005e 0122     		movs	r2, #1
 2268 0060 2946     		mov	r1, r5
 2269 0062 2068     		ldr	r0, [r4]
 2270 0064 FFF7FEFF 		bl	TIM_CCxChannelCmd
 2271 0068 2268     		ldr	r2, [r4]
 2272 006a 536C     		ldr	r3, [r2, #68]
 2273 006c 43F40043 		orr	r3, r3, #32768
 2274 0070 5364     		str	r3, [r2, #68]
ARM GAS  /tmp/cc226o5y.s 			page 40


 2275 0072 0020     		movs	r0, #0
 2276 0074 00E0     		b	.L324
 2277              	.L326:
 2278 0076 0120     		movs	r0, #1
 2279              	.L324:
 2280 0078 70BD     		pop	{r4, r5, r6, pc}
 2281              	.L327:
 2282 007a 1846     		mov	r0, r3
 2283 007c FCE7     		b	.L324
 2285              		.section	.text.HAL_TIMEx_OnePulseN_Stop,"ax",%progbits
 2286              		.align	1
 2287              		.global	HAL_TIMEx_OnePulseN_Stop
 2288              		.syntax unified
 2289              		.thumb
 2290              		.thumb_func
 2292              	HAL_TIMEx_OnePulseN_Stop:
 2293              		@ args = 0, pretend = 0, frame = 0
 2294              		@ frame_needed = 0, uses_anonymous_args = 0
 2295 0000 38B5     		push	{r3, r4, r5, lr}
 2296 0002 0446     		mov	r4, r0
 2297 0004 0029     		cmp	r1, #0
 2298 0006 32D1     		bne	.L335
 2299 0008 0425     		movs	r5, #4
 2300              	.L332:
 2301 000a 0022     		movs	r2, #0
 2302 000c 2068     		ldr	r0, [r4]
 2303 000e FFF7FEFF 		bl	TIM_CCxNChannelCmd
 2304 0012 0022     		movs	r2, #0
 2305 0014 2946     		mov	r1, r5
 2306 0016 2068     		ldr	r0, [r4]
 2307 0018 FFF7FEFF 		bl	TIM_CCxChannelCmd
 2308 001c 2368     		ldr	r3, [r4]
 2309 001e 196A     		ldr	r1, [r3, #32]
 2310 0020 41F21112 		movw	r2, #4369
 2311 0024 1142     		tst	r1, r2
 2312 0026 08D1     		bne	.L333
 2313 0028 196A     		ldr	r1, [r3, #32]
 2314 002a 40F24442 		movw	r2, #1092
 2315 002e 1142     		tst	r1, r2
 2316 0030 03D1     		bne	.L333
 2317 0032 5A6C     		ldr	r2, [r3, #68]
 2318 0034 22F40042 		bic	r2, r2, #32768
 2319 0038 5A64     		str	r2, [r3, #68]
 2320              	.L333:
 2321 003a 2368     		ldr	r3, [r4]
 2322 003c 196A     		ldr	r1, [r3, #32]
 2323 003e 41F21112 		movw	r2, #4369
 2324 0042 1142     		tst	r1, r2
 2325 0044 08D1     		bne	.L334
 2326 0046 196A     		ldr	r1, [r3, #32]
 2327 0048 40F24442 		movw	r2, #1092
 2328 004c 1142     		tst	r1, r2
 2329 004e 03D1     		bne	.L334
 2330 0050 1A68     		ldr	r2, [r3]
 2331 0052 22F00102 		bic	r2, r2, #1
 2332 0056 1A60     		str	r2, [r3]
 2333              	.L334:
ARM GAS  /tmp/cc226o5y.s 			page 41


 2334 0058 0123     		movs	r3, #1
 2335 005a 84F83E30 		strb	r3, [r4, #62]
 2336 005e 84F83F30 		strb	r3, [r4, #63]
 2337 0062 84F84230 		strb	r3, [r4, #66]
 2338 0066 84F84330 		strb	r3, [r4, #67]
 2339 006a 0020     		movs	r0, #0
 2340 006c 38BD     		pop	{r3, r4, r5, pc}
 2341              	.L335:
 2342 006e 0025     		movs	r5, #0
 2343 0070 CBE7     		b	.L332
 2345              		.section	.text.HAL_TIMEx_OnePulseN_Start_IT,"ax",%progbits
 2346              		.align	1
 2347              		.global	HAL_TIMEx_OnePulseN_Start_IT
 2348              		.syntax unified
 2349              		.thumb
 2350              		.thumb_func
 2352              	HAL_TIMEx_OnePulseN_Start_IT:
 2353              		@ args = 0, pretend = 0, frame = 0
 2354              		@ frame_needed = 0, uses_anonymous_args = 0
 2355 0000 70B5     		push	{r4, r5, r6, lr}
 2356 0002 0446     		mov	r4, r0
 2357 0004 0E46     		mov	r6, r1
 2358 0006 D1B9     		cbnz	r1, .L340
 2359 0008 0425     		movs	r5, #4
 2360              	.L338:
 2361 000a 94F83EE0 		ldrb	lr, [r4, #62]	@ zero_extendqisi2
 2362 000e 5FFA8EF0 		uxtb	r0, lr
 2363 0012 94F83F30 		ldrb	r3, [r4, #63]	@ zero_extendqisi2
 2364 0016 DBB2     		uxtb	r3, r3
 2365 0018 94F84220 		ldrb	r2, [r4, #66]	@ zero_extendqisi2
 2366 001c D2B2     		uxtb	r2, r2
 2367 001e 94F843C0 		ldrb	ip, [r4, #67]	@ zero_extendqisi2
 2368 0022 5FFA8CFC 		uxtb	ip, ip
 2369 0026 BEF1010F 		cmp	lr, #1
 2370 002a 2ED1     		bne	.L341
 2371 002c 012B     		cmp	r3, #1
 2372 002e 2DD1     		bne	.L339
 2373 0030 012A     		cmp	r2, #1
 2374 0032 2CD1     		bne	.L342
 2375 0034 BCF1010F 		cmp	ip, #1
 2376 0038 03D0     		beq	.L345
 2377 003a 1046     		mov	r0, r2
 2378 003c 26E0     		b	.L339
 2379              	.L340:
 2380 003e 0025     		movs	r5, #0
 2381 0040 E3E7     		b	.L338
 2382              	.L345:
 2383 0042 0223     		movs	r3, #2
 2384 0044 84F83E30 		strb	r3, [r4, #62]
 2385 0048 84F83F30 		strb	r3, [r4, #63]
 2386 004c 84F84230 		strb	r3, [r4, #66]
 2387 0050 84F84330 		strb	r3, [r4, #67]
 2388 0054 2268     		ldr	r2, [r4]
 2389 0056 D368     		ldr	r3, [r2, #12]
 2390 0058 43F00203 		orr	r3, r3, #2
 2391 005c D360     		str	r3, [r2, #12]
 2392 005e 2268     		ldr	r2, [r4]
ARM GAS  /tmp/cc226o5y.s 			page 42


 2393 0060 D368     		ldr	r3, [r2, #12]
 2394 0062 43F00403 		orr	r3, r3, #4
 2395 0066 D360     		str	r3, [r2, #12]
 2396 0068 0422     		movs	r2, #4
 2397 006a 3146     		mov	r1, r6
 2398 006c 2068     		ldr	r0, [r4]
 2399 006e FFF7FEFF 		bl	TIM_CCxNChannelCmd
 2400 0072 0122     		movs	r2, #1
 2401 0074 2946     		mov	r1, r5
 2402 0076 2068     		ldr	r0, [r4]
 2403 0078 FFF7FEFF 		bl	TIM_CCxChannelCmd
 2404 007c 2268     		ldr	r2, [r4]
 2405 007e 536C     		ldr	r3, [r2, #68]
 2406 0080 43F40043 		orr	r3, r3, #32768
 2407 0084 5364     		str	r3, [r2, #68]
 2408 0086 0020     		movs	r0, #0
 2409 0088 00E0     		b	.L339
 2410              	.L341:
 2411 008a 0120     		movs	r0, #1
 2412              	.L339:
 2413 008c 70BD     		pop	{r4, r5, r6, pc}
 2414              	.L342:
 2415 008e 1846     		mov	r0, r3
 2416 0090 FCE7     		b	.L339
 2418              		.section	.text.HAL_TIMEx_OnePulseN_Stop_IT,"ax",%progbits
 2419              		.align	1
 2420              		.global	HAL_TIMEx_OnePulseN_Stop_IT
 2421              		.syntax unified
 2422              		.thumb
 2423              		.thumb_func
 2425              	HAL_TIMEx_OnePulseN_Stop_IT:
 2426              		@ args = 0, pretend = 0, frame = 0
 2427              		@ frame_needed = 0, uses_anonymous_args = 0
 2428 0000 38B5     		push	{r3, r4, r5, lr}
 2429 0002 0446     		mov	r4, r0
 2430 0004 0029     		cmp	r1, #0
 2431 0006 3CD1     		bne	.L350
 2432 0008 0425     		movs	r5, #4
 2433              	.L347:
 2434 000a 2268     		ldr	r2, [r4]
 2435 000c D368     		ldr	r3, [r2, #12]
 2436 000e 23F00203 		bic	r3, r3, #2
 2437 0012 D360     		str	r3, [r2, #12]
 2438 0014 2268     		ldr	r2, [r4]
 2439 0016 D368     		ldr	r3, [r2, #12]
 2440 0018 23F00403 		bic	r3, r3, #4
 2441 001c D360     		str	r3, [r2, #12]
 2442 001e 0022     		movs	r2, #0
 2443 0020 2068     		ldr	r0, [r4]
 2444 0022 FFF7FEFF 		bl	TIM_CCxNChannelCmd
 2445 0026 0022     		movs	r2, #0
 2446 0028 2946     		mov	r1, r5
 2447 002a 2068     		ldr	r0, [r4]
 2448 002c FFF7FEFF 		bl	TIM_CCxChannelCmd
 2449 0030 2368     		ldr	r3, [r4]
 2450 0032 196A     		ldr	r1, [r3, #32]
 2451 0034 41F21112 		movw	r2, #4369
ARM GAS  /tmp/cc226o5y.s 			page 43


 2452 0038 1142     		tst	r1, r2
 2453 003a 08D1     		bne	.L348
 2454 003c 196A     		ldr	r1, [r3, #32]
 2455 003e 40F24442 		movw	r2, #1092
 2456 0042 1142     		tst	r1, r2
 2457 0044 03D1     		bne	.L348
 2458 0046 5A6C     		ldr	r2, [r3, #68]
 2459 0048 22F40042 		bic	r2, r2, #32768
 2460 004c 5A64     		str	r2, [r3, #68]
 2461              	.L348:
 2462 004e 2368     		ldr	r3, [r4]
 2463 0050 196A     		ldr	r1, [r3, #32]
 2464 0052 41F21112 		movw	r2, #4369
 2465 0056 1142     		tst	r1, r2
 2466 0058 08D1     		bne	.L349
 2467 005a 196A     		ldr	r1, [r3, #32]
 2468 005c 40F24442 		movw	r2, #1092
 2469 0060 1142     		tst	r1, r2
 2470 0062 03D1     		bne	.L349
 2471 0064 1A68     		ldr	r2, [r3]
 2472 0066 22F00102 		bic	r2, r2, #1
 2473 006a 1A60     		str	r2, [r3]
 2474              	.L349:
 2475 006c 0123     		movs	r3, #1
 2476 006e 84F83E30 		strb	r3, [r4, #62]
 2477 0072 84F83F30 		strb	r3, [r4, #63]
 2478 0076 84F84230 		strb	r3, [r4, #66]
 2479 007a 84F84330 		strb	r3, [r4, #67]
 2480 007e 0020     		movs	r0, #0
 2481 0080 38BD     		pop	{r3, r4, r5, pc}
 2482              	.L350:
 2483 0082 0025     		movs	r5, #0
 2484 0084 C1E7     		b	.L347
 2486              		.section	.text.HAL_TIMEx_ConfigCommutEvent,"ax",%progbits
 2487              		.align	1
 2488              		.global	HAL_TIMEx_ConfigCommutEvent
 2489              		.syntax unified
 2490              		.thumb
 2491              		.thumb_func
 2493              	HAL_TIMEx_ConfigCommutEvent:
 2494              		@ args = 0, pretend = 0, frame = 0
 2495              		@ frame_needed = 0, uses_anonymous_args = 0
 2496              		@ link register save eliminated.
 2497 0000 0346     		mov	r3, r0
 2498 0002 90F83C00 		ldrb	r0, [r0, #60]	@ zero_extendqisi2
 2499 0006 0128     		cmp	r0, #1
 2500 0008 32D0     		beq	.L357
 2501 000a 10B4     		push	{r4}
 2502 000c 0120     		movs	r0, #1
 2503 000e 83F83C00 		strb	r0, [r3, #60]
 2504 0012 2029     		cmp	r1, #32
 2505 0014 03D0     		beq	.L354
 2506 0016 28D8     		bhi	.L355
 2507 0018 09B1     		cbz	r1, .L354
 2508 001a 1029     		cmp	r1, #16
 2509 001c 08D1     		bne	.L356
 2510              	.L354:
ARM GAS  /tmp/cc226o5y.s 			page 44


 2511 001e 1C68     		ldr	r4, [r3]
 2512 0020 A068     		ldr	r0, [r4, #8]
 2513 0022 20F07000 		bic	r0, r0, #112
 2514 0026 A060     		str	r0, [r4, #8]
 2515 0028 1C68     		ldr	r4, [r3]
 2516 002a A068     		ldr	r0, [r4, #8]
 2517 002c 0143     		orrs	r1, r1, r0
 2518 002e A160     		str	r1, [r4, #8]
 2519              	.L356:
 2520 0030 1868     		ldr	r0, [r3]
 2521 0032 4168     		ldr	r1, [r0, #4]
 2522 0034 41F00101 		orr	r1, r1, #1
 2523 0038 4160     		str	r1, [r0, #4]
 2524 003a 1868     		ldr	r0, [r3]
 2525 003c 4168     		ldr	r1, [r0, #4]
 2526 003e 21F00401 		bic	r1, r1, #4
 2527 0042 4160     		str	r1, [r0, #4]
 2528 0044 1868     		ldr	r0, [r3]
 2529 0046 4168     		ldr	r1, [r0, #4]
 2530 0048 0A43     		orrs	r2, r2, r1
 2531 004a 4260     		str	r2, [r0, #4]
 2532 004c 1968     		ldr	r1, [r3]
 2533 004e CA68     		ldr	r2, [r1, #12]
 2534 0050 22F02002 		bic	r2, r2, #32
 2535 0054 CA60     		str	r2, [r1, #12]
 2536 0056 1968     		ldr	r1, [r3]
 2537 0058 CA68     		ldr	r2, [r1, #12]
 2538 005a 22F40052 		bic	r2, r2, #8192
 2539 005e CA60     		str	r2, [r1, #12]
 2540 0060 0020     		movs	r0, #0
 2541 0062 83F83C00 		strb	r0, [r3, #60]
 2542 0066 10BC     		pop	{r4}
 2543 0068 7047     		bx	lr
 2544              	.L355:
 2545 006a 3029     		cmp	r1, #48
 2546 006c E0D1     		bne	.L356
 2547 006e D6E7     		b	.L354
 2548              	.L357:
 2549 0070 0220     		movs	r0, #2
 2550 0072 7047     		bx	lr
 2552              		.section	.text.HAL_TIMEx_ConfigCommutEvent_IT,"ax",%progbits
 2553              		.align	1
 2554              		.global	HAL_TIMEx_ConfigCommutEvent_IT
 2555              		.syntax unified
 2556              		.thumb
 2557              		.thumb_func
 2559              	HAL_TIMEx_ConfigCommutEvent_IT:
 2560              		@ args = 0, pretend = 0, frame = 0
 2561              		@ frame_needed = 0, uses_anonymous_args = 0
 2562              		@ link register save eliminated.
 2563 0000 0346     		mov	r3, r0
 2564 0002 90F83C00 		ldrb	r0, [r0, #60]	@ zero_extendqisi2
 2565 0006 0128     		cmp	r0, #1
 2566 0008 32D0     		beq	.L367
 2567 000a 10B4     		push	{r4}
 2568 000c 0120     		movs	r0, #1
 2569 000e 83F83C00 		strb	r0, [r3, #60]
ARM GAS  /tmp/cc226o5y.s 			page 45


 2570 0012 2029     		cmp	r1, #32
 2571 0014 03D0     		beq	.L364
 2572 0016 28D8     		bhi	.L365
 2573 0018 09B1     		cbz	r1, .L364
 2574 001a 1029     		cmp	r1, #16
 2575 001c 08D1     		bne	.L366
 2576              	.L364:
 2577 001e 1C68     		ldr	r4, [r3]
 2578 0020 A068     		ldr	r0, [r4, #8]
 2579 0022 20F07000 		bic	r0, r0, #112
 2580 0026 A060     		str	r0, [r4, #8]
 2581 0028 1C68     		ldr	r4, [r3]
 2582 002a A068     		ldr	r0, [r4, #8]
 2583 002c 0143     		orrs	r1, r1, r0
 2584 002e A160     		str	r1, [r4, #8]
 2585              	.L366:
 2586 0030 1868     		ldr	r0, [r3]
 2587 0032 4168     		ldr	r1, [r0, #4]
 2588 0034 41F00101 		orr	r1, r1, #1
 2589 0038 4160     		str	r1, [r0, #4]
 2590 003a 1868     		ldr	r0, [r3]
 2591 003c 4168     		ldr	r1, [r0, #4]
 2592 003e 21F00401 		bic	r1, r1, #4
 2593 0042 4160     		str	r1, [r0, #4]
 2594 0044 1868     		ldr	r0, [r3]
 2595 0046 4168     		ldr	r1, [r0, #4]
 2596 0048 0A43     		orrs	r2, r2, r1
 2597 004a 4260     		str	r2, [r0, #4]
 2598 004c 1968     		ldr	r1, [r3]
 2599 004e CA68     		ldr	r2, [r1, #12]
 2600 0050 22F40052 		bic	r2, r2, #8192
 2601 0054 CA60     		str	r2, [r1, #12]
 2602 0056 1968     		ldr	r1, [r3]
 2603 0058 CA68     		ldr	r2, [r1, #12]
 2604 005a 42F02002 		orr	r2, r2, #32
 2605 005e CA60     		str	r2, [r1, #12]
 2606 0060 0020     		movs	r0, #0
 2607 0062 83F83C00 		strb	r0, [r3, #60]
 2608 0066 10BC     		pop	{r4}
 2609 0068 7047     		bx	lr
 2610              	.L365:
 2611 006a 3029     		cmp	r1, #48
 2612 006c E0D1     		bne	.L366
 2613 006e D6E7     		b	.L364
 2614              	.L367:
 2615 0070 0220     		movs	r0, #2
 2616 0072 7047     		bx	lr
 2618              		.section	.text.HAL_TIMEx_ConfigCommutEvent_DMA,"ax",%progbits
 2619              		.align	1
 2620              		.global	HAL_TIMEx_ConfigCommutEvent_DMA
 2621              		.syntax unified
 2622              		.thumb
 2623              		.thumb_func
 2625              	HAL_TIMEx_ConfigCommutEvent_DMA:
 2626              		@ args = 0, pretend = 0, frame = 0
 2627              		@ frame_needed = 0, uses_anonymous_args = 0
 2628              		@ link register save eliminated.
ARM GAS  /tmp/cc226o5y.s 			page 46


 2629 0000 0346     		mov	r3, r0
 2630 0002 90F83C00 		ldrb	r0, [r0, #60]	@ zero_extendqisi2
 2631 0006 0128     		cmp	r0, #1
 2632 0008 3BD0     		beq	.L377
 2633 000a 10B4     		push	{r4}
 2634 000c 0120     		movs	r0, #1
 2635 000e 83F83C00 		strb	r0, [r3, #60]
 2636 0012 2029     		cmp	r1, #32
 2637 0014 03D0     		beq	.L374
 2638 0016 31D8     		bhi	.L375
 2639 0018 09B1     		cbz	r1, .L374
 2640 001a 1029     		cmp	r1, #16
 2641 001c 08D1     		bne	.L376
 2642              	.L374:
 2643 001e 1C68     		ldr	r4, [r3]
 2644 0020 A068     		ldr	r0, [r4, #8]
 2645 0022 20F07000 		bic	r0, r0, #112
 2646 0026 A060     		str	r0, [r4, #8]
 2647 0028 1C68     		ldr	r4, [r3]
 2648 002a A068     		ldr	r0, [r4, #8]
 2649 002c 0143     		orrs	r1, r1, r0
 2650 002e A160     		str	r1, [r4, #8]
 2651              	.L376:
 2652 0030 1868     		ldr	r0, [r3]
 2653 0032 4168     		ldr	r1, [r0, #4]
 2654 0034 41F00101 		orr	r1, r1, #1
 2655 0038 4160     		str	r1, [r0, #4]
 2656 003a 1868     		ldr	r0, [r3]
 2657 003c 4168     		ldr	r1, [r0, #4]
 2658 003e 21F00401 		bic	r1, r1, #4
 2659 0042 4160     		str	r1, [r0, #4]
 2660 0044 1868     		ldr	r0, [r3]
 2661 0046 4168     		ldr	r1, [r0, #4]
 2662 0048 0A43     		orrs	r2, r2, r1
 2663 004a 4260     		str	r2, [r0, #4]
 2664 004c 5A6B     		ldr	r2, [r3, #52]
 2665 004e 0E49     		ldr	r1, .L382
 2666 0050 9162     		str	r1, [r2, #40]
 2667 0052 5A6B     		ldr	r2, [r3, #52]
 2668 0054 0D49     		ldr	r1, .L382+4
 2669 0056 D162     		str	r1, [r2, #44]
 2670 0058 5A6B     		ldr	r2, [r3, #52]
 2671 005a 0D49     		ldr	r1, .L382+8
 2672 005c 1163     		str	r1, [r2, #48]
 2673 005e 1968     		ldr	r1, [r3]
 2674 0060 CA68     		ldr	r2, [r1, #12]
 2675 0062 22F02002 		bic	r2, r2, #32
 2676 0066 CA60     		str	r2, [r1, #12]
 2677 0068 1968     		ldr	r1, [r3]
 2678 006a CA68     		ldr	r2, [r1, #12]
 2679 006c 42F40052 		orr	r2, r2, #8192
 2680 0070 CA60     		str	r2, [r1, #12]
 2681 0072 0020     		movs	r0, #0
 2682 0074 83F83C00 		strb	r0, [r3, #60]
 2683 0078 10BC     		pop	{r4}
 2684 007a 7047     		bx	lr
 2685              	.L375:
ARM GAS  /tmp/cc226o5y.s 			page 47


 2686 007c 3029     		cmp	r1, #48
 2687 007e D7D1     		bne	.L376
 2688 0080 CDE7     		b	.L374
 2689              	.L377:
 2690 0082 0220     		movs	r0, #2
 2691 0084 7047     		bx	lr
 2692              	.L383:
 2693 0086 00BF     		.align	2
 2694              	.L382:
 2695 0088 00000000 		.word	TIMEx_DMACommutationCplt
 2696 008c 00000000 		.word	TIMEx_DMACommutationHalfCplt
 2697 0090 00000000 		.word	TIM_DMAError
 2699              		.section	.text.HAL_TIMEx_MasterConfigSynchronization,"ax",%progbits
 2700              		.align	1
 2701              		.global	HAL_TIMEx_MasterConfigSynchronization
 2702              		.syntax unified
 2703              		.thumb
 2704              		.thumb_func
 2706              	HAL_TIMEx_MasterConfigSynchronization:
 2707              		@ args = 0, pretend = 0, frame = 0
 2708              		@ frame_needed = 0, uses_anonymous_args = 0
 2709              		@ link register save eliminated.
 2710 0000 90F83C20 		ldrb	r2, [r0, #60]	@ zero_extendqisi2
 2711 0004 012A     		cmp	r2, #1
 2712 0006 2CD0     		beq	.L388
 2713 0008 10B4     		push	{r4}
 2714 000a 0346     		mov	r3, r0
 2715 000c 0122     		movs	r2, #1
 2716 000e 80F83C20 		strb	r2, [r0, #60]
 2717 0012 0222     		movs	r2, #2
 2718 0014 80F83D20 		strb	r2, [r0, #61]
 2719 0018 0268     		ldr	r2, [r0]
 2720 001a 5068     		ldr	r0, [r2, #4]
 2721 001c 9468     		ldr	r4, [r2, #8]
 2722 001e 20F0700C 		bic	ip, r0, #112
 2723 0022 0868     		ldr	r0, [r1]
 2724 0024 40EA0C00 		orr	r0, r0, ip
 2725 0028 5060     		str	r0, [r2, #4]
 2726 002a 1A68     		ldr	r2, [r3]
 2727 002c 0E48     		ldr	r0, .L393
 2728 002e 8242     		cmp	r2, r0
 2729 0030 0AD0     		beq	.L386
 2730 0032 B2F1804F 		cmp	r2, #1073741824
 2731 0036 07D0     		beq	.L386
 2732 0038 A0F59430 		sub	r0, r0, #75776
 2733 003c 8242     		cmp	r2, r0
 2734 003e 03D0     		beq	.L386
 2735 0040 00F58060 		add	r0, r0, #1024
 2736 0044 8242     		cmp	r2, r0
 2737 0046 04D1     		bne	.L387
 2738              	.L386:
 2739 0048 24F08004 		bic	r4, r4, #128
 2740 004c 4968     		ldr	r1, [r1, #4]
 2741 004e 2143     		orrs	r1, r1, r4
 2742 0050 9160     		str	r1, [r2, #8]
 2743              	.L387:
 2744 0052 0122     		movs	r2, #1
ARM GAS  /tmp/cc226o5y.s 			page 48


 2745 0054 83F83D20 		strb	r2, [r3, #61]
 2746 0058 0020     		movs	r0, #0
 2747 005a 83F83C00 		strb	r0, [r3, #60]
 2748 005e 10BC     		pop	{r4}
 2749 0060 7047     		bx	lr
 2750              	.L388:
 2751 0062 0220     		movs	r0, #2
 2752 0064 7047     		bx	lr
 2753              	.L394:
 2754 0066 00BF     		.align	2
 2755              	.L393:
 2756 0068 002C0140 		.word	1073818624
 2758              		.section	.text.HAL_TIMEx_ConfigBreakDeadTime,"ax",%progbits
 2759              		.align	1
 2760              		.global	HAL_TIMEx_ConfigBreakDeadTime
 2761              		.syntax unified
 2762              		.thumb
 2763              		.thumb_func
 2765              	HAL_TIMEx_ConfigBreakDeadTime:
 2766              		@ args = 0, pretend = 0, frame = 0
 2767              		@ frame_needed = 0, uses_anonymous_args = 0
 2768              		@ link register save eliminated.
 2769 0000 0246     		mov	r2, r0
 2770 0002 90F83C30 		ldrb	r3, [r0, #60]	@ zero_extendqisi2
 2771 0006 012B     		cmp	r3, #1
 2772 0008 21D0     		beq	.L397
 2773 000a 0123     		movs	r3, #1
 2774 000c 80F83C30 		strb	r3, [r0, #60]
 2775 0010 CB68     		ldr	r3, [r1, #12]
 2776 0012 23F44073 		bic	r3, r3, #768
 2777 0016 8868     		ldr	r0, [r1, #8]
 2778 0018 0343     		orrs	r3, r3, r0
 2779 001a 23F48063 		bic	r3, r3, #1024
 2780 001e 4868     		ldr	r0, [r1, #4]
 2781 0020 0343     		orrs	r3, r3, r0
 2782 0022 23F40063 		bic	r3, r3, #2048
 2783 0026 0868     		ldr	r0, [r1]
 2784 0028 0343     		orrs	r3, r3, r0
 2785 002a 23F48053 		bic	r3, r3, #4096
 2786 002e 0869     		ldr	r0, [r1, #16]
 2787 0030 0343     		orrs	r3, r3, r0
 2788 0032 23F40053 		bic	r3, r3, #8192
 2789 0036 4869     		ldr	r0, [r1, #20]
 2790 0038 0343     		orrs	r3, r3, r0
 2791 003a 23F48043 		bic	r3, r3, #16384
 2792 003e C969     		ldr	r1, [r1, #28]
 2793 0040 0B43     		orrs	r3, r3, r1
 2794 0042 1168     		ldr	r1, [r2]
 2795 0044 4B64     		str	r3, [r1, #68]
 2796 0046 0020     		movs	r0, #0
 2797 0048 82F83C00 		strb	r0, [r2, #60]
 2798 004c 7047     		bx	lr
 2799              	.L397:
 2800 004e 0220     		movs	r0, #2
 2801 0050 7047     		bx	lr
 2803              		.section	.text.HAL_TIMEx_RemapConfig,"ax",%progbits
 2804              		.align	1
ARM GAS  /tmp/cc226o5y.s 			page 49


 2805              		.global	HAL_TIMEx_RemapConfig
 2806              		.syntax unified
 2807              		.thumb
 2808              		.thumb_func
 2810              	HAL_TIMEx_RemapConfig:
 2811              		@ args = 0, pretend = 0, frame = 0
 2812              		@ frame_needed = 0, uses_anonymous_args = 0
 2813              		@ link register save eliminated.
 2814 0000 0020     		movs	r0, #0
 2815 0002 7047     		bx	lr
 2817              		.section	.text.HAL_TIMEx_CommutCallback,"ax",%progbits
 2818              		.align	1
 2819              		.weak	HAL_TIMEx_CommutCallback
 2820              		.syntax unified
 2821              		.thumb
 2822              		.thumb_func
 2824              	HAL_TIMEx_CommutCallback:
 2825              		@ args = 0, pretend = 0, frame = 0
 2826              		@ frame_needed = 0, uses_anonymous_args = 0
 2827              		@ link register save eliminated.
 2828 0000 7047     		bx	lr
 2830              		.section	.text.TIMEx_DMACommutationCplt,"ax",%progbits
 2831              		.align	1
 2832              		.global	TIMEx_DMACommutationCplt
 2833              		.syntax unified
 2834              		.thumb
 2835              		.thumb_func
 2837              	TIMEx_DMACommutationCplt:
 2838              		@ args = 0, pretend = 0, frame = 0
 2839              		@ frame_needed = 0, uses_anonymous_args = 0
 2840 0000 08B5     		push	{r3, lr}
 2841 0002 406A     		ldr	r0, [r0, #36]
 2842 0004 0123     		movs	r3, #1
 2843 0006 80F83D30 		strb	r3, [r0, #61]
 2844 000a FFF7FEFF 		bl	HAL_TIMEx_CommutCallback
 2845 000e 08BD     		pop	{r3, pc}
 2847              		.section	.text.HAL_TIMEx_CommutHalfCpltCallback,"ax",%progbits
 2848              		.align	1
 2849              		.weak	HAL_TIMEx_CommutHalfCpltCallback
 2850              		.syntax unified
 2851              		.thumb
 2852              		.thumb_func
 2854              	HAL_TIMEx_CommutHalfCpltCallback:
 2855              		@ args = 0, pretend = 0, frame = 0
 2856              		@ frame_needed = 0, uses_anonymous_args = 0
 2857              		@ link register save eliminated.
 2858 0000 7047     		bx	lr
 2860              		.section	.text.TIMEx_DMACommutationHalfCplt,"ax",%progbits
 2861              		.align	1
 2862              		.global	TIMEx_DMACommutationHalfCplt
 2863              		.syntax unified
 2864              		.thumb
 2865              		.thumb_func
 2867              	TIMEx_DMACommutationHalfCplt:
 2868              		@ args = 0, pretend = 0, frame = 0
 2869              		@ frame_needed = 0, uses_anonymous_args = 0
 2870 0000 08B5     		push	{r3, lr}
ARM GAS  /tmp/cc226o5y.s 			page 50


 2871 0002 406A     		ldr	r0, [r0, #36]
 2872 0004 0123     		movs	r3, #1
 2873 0006 80F83D30 		strb	r3, [r0, #61]
 2874 000a FFF7FEFF 		bl	HAL_TIMEx_CommutHalfCpltCallback
 2875 000e 08BD     		pop	{r3, pc}
 2877              		.section	.text.HAL_TIMEx_BreakCallback,"ax",%progbits
 2878              		.align	1
 2879              		.weak	HAL_TIMEx_BreakCallback
 2880              		.syntax unified
 2881              		.thumb
 2882              		.thumb_func
 2884              	HAL_TIMEx_BreakCallback:
 2885              		@ args = 0, pretend = 0, frame = 0
 2886              		@ frame_needed = 0, uses_anonymous_args = 0
 2887              		@ link register save eliminated.
 2888 0000 7047     		bx	lr
 2890              		.section	.text.HAL_TIMEx_HallSensor_GetState,"ax",%progbits
 2891              		.align	1
 2892              		.global	HAL_TIMEx_HallSensor_GetState
 2893              		.syntax unified
 2894              		.thumb
 2895              		.thumb_func
 2897              	HAL_TIMEx_HallSensor_GetState:
 2898              		@ args = 0, pretend = 0, frame = 0
 2899              		@ frame_needed = 0, uses_anonymous_args = 0
 2900              		@ link register save eliminated.
 2901 0000 90F83D00 		ldrb	r0, [r0, #61]	@ zero_extendqisi2
 2902 0004 7047     		bx	lr
 2904              		.section	.text.HAL_TIMEx_GetChannelNState,"ax",%progbits
 2905              		.align	1
 2906              		.global	HAL_TIMEx_GetChannelNState
 2907              		.syntax unified
 2908              		.thumb
 2909              		.thumb_func
 2911              	HAL_TIMEx_GetChannelNState:
 2912              		@ args = 0, pretend = 0, frame = 0
 2913              		@ frame_needed = 0, uses_anonymous_args = 0
 2914              		@ link register save eliminated.
 2915 0000 19B9     		cbnz	r1, .L408
 2916 0002 90F84200 		ldrb	r0, [r0, #66]	@ zero_extendqisi2
 2917 0006 C0B2     		uxtb	r0, r0
 2918 0008 7047     		bx	lr
 2919              	.L408:
 2920 000a 0429     		cmp	r1, #4
 2921 000c 05D0     		beq	.L412
 2922 000e 0829     		cmp	r1, #8
 2923 0010 07D0     		beq	.L413
 2924 0012 90F84500 		ldrb	r0, [r0, #69]	@ zero_extendqisi2
 2925 0016 C0B2     		uxtb	r0, r0
 2926 0018 7047     		bx	lr
 2927              	.L412:
 2928 001a 90F84300 		ldrb	r0, [r0, #67]	@ zero_extendqisi2
 2929 001e C0B2     		uxtb	r0, r0
 2930 0020 7047     		bx	lr
 2931              	.L413:
 2932 0022 90F84400 		ldrb	r0, [r0, #68]	@ zero_extendqisi2
 2933 0026 C0B2     		uxtb	r0, r0
ARM GAS  /tmp/cc226o5y.s 			page 51


 2934 0028 7047     		bx	lr
 2936              		.ident	"GCC: (Arch Repository) 14.2.0"
ARM GAS  /tmp/cc226o5y.s 			page 52


DEFINED SYMBOLS
                            *ABS*:00000000 stm32f1xx_hal_tim_ex.c
     /tmp/cc226o5y.s:16     .text.TIM_CCxNChannelCmd:00000000 $t
     /tmp/cc226o5y.s:21     .text.TIM_CCxNChannelCmd:00000000 TIM_CCxNChannelCmd
     /tmp/cc226o5y.s:38     .text.TIM_DMAErrorCCxN:00000000 $t
     /tmp/cc226o5y.s:43     .text.TIM_DMAErrorCCxN:00000000 TIM_DMAErrorCCxN
     /tmp/cc226o5y.s:82     .text.TIM_DMADelayPulseNCplt:00000000 $t
     /tmp/cc226o5y.s:87     .text.TIM_DMADelayPulseNCplt:00000000 TIM_DMADelayPulseNCplt
     /tmp/cc226o5y.s:136    .text.HAL_TIMEx_HallSensor_MspInit:00000000 $t
     /tmp/cc226o5y.s:142    .text.HAL_TIMEx_HallSensor_MspInit:00000000 HAL_TIMEx_HallSensor_MspInit
     /tmp/cc226o5y.s:149    .text.HAL_TIMEx_HallSensor_Init:00000000 $t
     /tmp/cc226o5y.s:155    .text.HAL_TIMEx_HallSensor_Init:00000000 HAL_TIMEx_HallSensor_Init
     /tmp/cc226o5y.s:248    .text.HAL_TIMEx_HallSensor_MspDeInit:00000000 $t
     /tmp/cc226o5y.s:254    .text.HAL_TIMEx_HallSensor_MspDeInit:00000000 HAL_TIMEx_HallSensor_MspDeInit
     /tmp/cc226o5y.s:261    .text.HAL_TIMEx_HallSensor_DeInit:00000000 $t
     /tmp/cc226o5y.s:267    .text.HAL_TIMEx_HallSensor_DeInit:00000000 HAL_TIMEx_HallSensor_DeInit
     /tmp/cc226o5y.s:300    .text.HAL_TIMEx_HallSensor_Start:00000000 $t
     /tmp/cc226o5y.s:306    .text.HAL_TIMEx_HallSensor_Start:00000000 HAL_TIMEx_HallSensor_Start
     /tmp/cc226o5y.s:378    .text.HAL_TIMEx_HallSensor_Start:0000009c $d
     /tmp/cc226o5y.s:381    .text.HAL_TIMEx_HallSensor_Stop:00000000 $t
     /tmp/cc226o5y.s:387    .text.HAL_TIMEx_HallSensor_Stop:00000000 HAL_TIMEx_HallSensor_Stop
     /tmp/cc226o5y.s:418    .text.HAL_TIMEx_HallSensor_Start_IT:00000000 $t
     /tmp/cc226o5y.s:424    .text.HAL_TIMEx_HallSensor_Start_IT:00000000 HAL_TIMEx_HallSensor_Start_IT
     /tmp/cc226o5y.s:501    .text.HAL_TIMEx_HallSensor_Start_IT:000000a8 $d
     /tmp/cc226o5y.s:504    .text.HAL_TIMEx_HallSensor_Stop_IT:00000000 $t
     /tmp/cc226o5y.s:510    .text.HAL_TIMEx_HallSensor_Stop_IT:00000000 HAL_TIMEx_HallSensor_Stop_IT
     /tmp/cc226o5y.s:545    .text.HAL_TIMEx_HallSensor_Start_DMA:00000000 $t
     /tmp/cc226o5y.s:551    .text.HAL_TIMEx_HallSensor_Start_DMA:00000000 HAL_TIMEx_HallSensor_Start_DMA
     /tmp/cc226o5y.s:644    .text.HAL_TIMEx_HallSensor_Start_DMA:000000c0 $d
     /tmp/cc226o5y.s:650    .text.HAL_TIMEx_HallSensor_Stop_DMA:00000000 $t
     /tmp/cc226o5y.s:656    .text.HAL_TIMEx_HallSensor_Stop_DMA:00000000 HAL_TIMEx_HallSensor_Stop_DMA
     /tmp/cc226o5y.s:691    .text.HAL_TIMEx_OCN_Start:00000000 $t
     /tmp/cc226o5y.s:697    .text.HAL_TIMEx_OCN_Start:00000000 HAL_TIMEx_OCN_Start
     /tmp/cc226o5y.s:799    .text.HAL_TIMEx_OCN_Start:000000c8 $d
     /tmp/cc226o5y.s:802    .text.HAL_TIMEx_OCN_Stop:00000000 $t
     /tmp/cc226o5y.s:808    .text.HAL_TIMEx_OCN_Stop:00000000 HAL_TIMEx_OCN_Stop
     /tmp/cc226o5y.s:867    .text.HAL_TIMEx_OCN_Start_IT:00000000 $t
     /tmp/cc226o5y.s:873    .text.HAL_TIMEx_OCN_Start_IT:00000000 HAL_TIMEx_OCN_Start_IT
     /tmp/cc226o5y.s:1002   .text.HAL_TIMEx_OCN_Start_IT:00000100 $d
     /tmp/cc226o5y.s:1005   .text.HAL_TIMEx_OCN_Stop_IT:00000000 $t
     /tmp/cc226o5y.s:1011   .text.HAL_TIMEx_OCN_Stop_IT:00000000 HAL_TIMEx_OCN_Stop_IT
     /tmp/cc226o5y.s:1109   .text.HAL_TIMEx_OCN_Start_DMA:00000000 $t
     /tmp/cc226o5y.s:1115   .text.HAL_TIMEx_OCN_Start_DMA:00000000 HAL_TIMEx_OCN_Start_DMA
     /tmp/cc226o5y.s:1349   .text.HAL_TIMEx_OCN_Start_DMA:000001d8 $d
     /tmp/cc226o5y.s:1355   .text.HAL_TIMEx_OCN_Stop_DMA:00000000 $t
     /tmp/cc226o5y.s:1361   .text.HAL_TIMEx_OCN_Stop_DMA:00000000 HAL_TIMEx_OCN_Stop_DMA
     /tmp/cc226o5y.s:1456   .text.HAL_TIMEx_PWMN_Start:00000000 $t
     /tmp/cc226o5y.s:1462   .text.HAL_TIMEx_PWMN_Start:00000000 HAL_TIMEx_PWMN_Start
     /tmp/cc226o5y.s:1564   .text.HAL_TIMEx_PWMN_Start:000000c8 $d
     /tmp/cc226o5y.s:1567   .text.HAL_TIMEx_PWMN_Stop:00000000 $t
     /tmp/cc226o5y.s:1573   .text.HAL_TIMEx_PWMN_Stop:00000000 HAL_TIMEx_PWMN_Stop
     /tmp/cc226o5y.s:1632   .text.HAL_TIMEx_PWMN_Start_IT:00000000 $t
     /tmp/cc226o5y.s:1638   .text.HAL_TIMEx_PWMN_Start_IT:00000000 HAL_TIMEx_PWMN_Start_IT
     /tmp/cc226o5y.s:1767   .text.HAL_TIMEx_PWMN_Start_IT:00000100 $d
     /tmp/cc226o5y.s:1770   .text.HAL_TIMEx_PWMN_Stop_IT:00000000 $t
     /tmp/cc226o5y.s:1776   .text.HAL_TIMEx_PWMN_Stop_IT:00000000 HAL_TIMEx_PWMN_Stop_IT
     /tmp/cc226o5y.s:1874   .text.HAL_TIMEx_PWMN_Start_DMA:00000000 $t
ARM GAS  /tmp/cc226o5y.s 			page 53


     /tmp/cc226o5y.s:1880   .text.HAL_TIMEx_PWMN_Start_DMA:00000000 HAL_TIMEx_PWMN_Start_DMA
     /tmp/cc226o5y.s:2114   .text.HAL_TIMEx_PWMN_Start_DMA:000001d8 $d
     /tmp/cc226o5y.s:2120   .text.HAL_TIMEx_PWMN_Stop_DMA:00000000 $t
     /tmp/cc226o5y.s:2126   .text.HAL_TIMEx_PWMN_Stop_DMA:00000000 HAL_TIMEx_PWMN_Stop_DMA
     /tmp/cc226o5y.s:2221   .text.HAL_TIMEx_OnePulseN_Start:00000000 $t
     /tmp/cc226o5y.s:2227   .text.HAL_TIMEx_OnePulseN_Start:00000000 HAL_TIMEx_OnePulseN_Start
     /tmp/cc226o5y.s:2286   .text.HAL_TIMEx_OnePulseN_Stop:00000000 $t
     /tmp/cc226o5y.s:2292   .text.HAL_TIMEx_OnePulseN_Stop:00000000 HAL_TIMEx_OnePulseN_Stop
     /tmp/cc226o5y.s:2346   .text.HAL_TIMEx_OnePulseN_Start_IT:00000000 $t
     /tmp/cc226o5y.s:2352   .text.HAL_TIMEx_OnePulseN_Start_IT:00000000 HAL_TIMEx_OnePulseN_Start_IT
     /tmp/cc226o5y.s:2419   .text.HAL_TIMEx_OnePulseN_Stop_IT:00000000 $t
     /tmp/cc226o5y.s:2425   .text.HAL_TIMEx_OnePulseN_Stop_IT:00000000 HAL_TIMEx_OnePulseN_Stop_IT
     /tmp/cc226o5y.s:2487   .text.HAL_TIMEx_ConfigCommutEvent:00000000 $t
     /tmp/cc226o5y.s:2493   .text.HAL_TIMEx_ConfigCommutEvent:00000000 HAL_TIMEx_ConfigCommutEvent
     /tmp/cc226o5y.s:2553   .text.HAL_TIMEx_ConfigCommutEvent_IT:00000000 $t
     /tmp/cc226o5y.s:2559   .text.HAL_TIMEx_ConfigCommutEvent_IT:00000000 HAL_TIMEx_ConfigCommutEvent_IT
     /tmp/cc226o5y.s:2619   .text.HAL_TIMEx_ConfigCommutEvent_DMA:00000000 $t
     /tmp/cc226o5y.s:2625   .text.HAL_TIMEx_ConfigCommutEvent_DMA:00000000 HAL_TIMEx_ConfigCommutEvent_DMA
     /tmp/cc226o5y.s:2695   .text.HAL_TIMEx_ConfigCommutEvent_DMA:00000088 $d
     /tmp/cc226o5y.s:2837   .text.TIMEx_DMACommutationCplt:00000000 TIMEx_DMACommutationCplt
     /tmp/cc226o5y.s:2867   .text.TIMEx_DMACommutationHalfCplt:00000000 TIMEx_DMACommutationHalfCplt
     /tmp/cc226o5y.s:2700   .text.HAL_TIMEx_MasterConfigSynchronization:00000000 $t
     /tmp/cc226o5y.s:2706   .text.HAL_TIMEx_MasterConfigSynchronization:00000000 HAL_TIMEx_MasterConfigSynchronization
     /tmp/cc226o5y.s:2756   .text.HAL_TIMEx_MasterConfigSynchronization:00000068 $d
     /tmp/cc226o5y.s:2759   .text.HAL_TIMEx_ConfigBreakDeadTime:00000000 $t
     /tmp/cc226o5y.s:2765   .text.HAL_TIMEx_ConfigBreakDeadTime:00000000 HAL_TIMEx_ConfigBreakDeadTime
     /tmp/cc226o5y.s:2804   .text.HAL_TIMEx_RemapConfig:00000000 $t
     /tmp/cc226o5y.s:2810   .text.HAL_TIMEx_RemapConfig:00000000 HAL_TIMEx_RemapConfig
     /tmp/cc226o5y.s:2818   .text.HAL_TIMEx_CommutCallback:00000000 $t
     /tmp/cc226o5y.s:2824   .text.HAL_TIMEx_CommutCallback:00000000 HAL_TIMEx_CommutCallback
     /tmp/cc226o5y.s:2831   .text.TIMEx_DMACommutationCplt:00000000 $t
     /tmp/cc226o5y.s:2848   .text.HAL_TIMEx_CommutHalfCpltCallback:00000000 $t
     /tmp/cc226o5y.s:2854   .text.HAL_TIMEx_CommutHalfCpltCallback:00000000 HAL_TIMEx_CommutHalfCpltCallback
     /tmp/cc226o5y.s:2861   .text.TIMEx_DMACommutationHalfCplt:00000000 $t
     /tmp/cc226o5y.s:2878   .text.HAL_TIMEx_BreakCallback:00000000 $t
     /tmp/cc226o5y.s:2884   .text.HAL_TIMEx_BreakCallback:00000000 HAL_TIMEx_BreakCallback
     /tmp/cc226o5y.s:2891   .text.HAL_TIMEx_HallSensor_GetState:00000000 $t
     /tmp/cc226o5y.s:2897   .text.HAL_TIMEx_HallSensor_GetState:00000000 HAL_TIMEx_HallSensor_GetState
     /tmp/cc226o5y.s:2905   .text.HAL_TIMEx_GetChannelNState:00000000 $t
     /tmp/cc226o5y.s:2911   .text.HAL_TIMEx_GetChannelNState:00000000 HAL_TIMEx_GetChannelNState

UNDEFINED SYMBOLS
HAL_TIM_ErrorCallback
HAL_TIM_PWM_PulseFinishedCallback
TIM_Base_SetConfig
TIM_TI1_SetConfig
TIM_OC2_SetConfig
TIM_CCxChannelCmd
HAL_DMA_Start_IT
TIM_DMACaptureCplt
TIM_DMACaptureHalfCplt
TIM_DMAError
HAL_DMA_Abort_IT
TIM_DMADelayPulseHalfCplt
