
build/debug/pwm-timer-uart.elf:     file format elf32-littlearm

Sections:
Idx Name          Size      VMA       LMA       File off  Algn
  0 .isr_vector   0000010c  08000000  08000000  00001000  2**0
                  CONTENTS, ALLOC, LOAD, READONLY, DATA
  1 .text         0000273c  0800010c  0800010c  0000110c  2**2
                  CONTENTS, ALLOC, LOAD, READONLY, CODE
  2 .rodata       0000007c  08002848  08002848  00003848  2**2
                  CONTENTS, ALLOC, LOAD, READONLY, DATA
  3 .init_array   00000004  080028c4  080028c4  000038c4  2**2
                  CONTENTS, ALLOC, LOAD, DATA
  4 .fini_array   00000004  080028c8  080028c8  000038c8  2**2
                  CONTENTS, ALLOC, LOAD, DATA
  5 .data         0000008c  20000000  080028cc  00004000  2**2
                  CONTENTS, ALLOC, LOAD, DATA
  6 .bss          00000234  2000008c  08002958  0000408c  2**2
                  ALLOC
  7 ._user_heap_stack 00000600  200002c0  08002958  000042c0  2**0
                  ALLOC
  8 .ARM.attributes 00000029  00000000  00000000  0000408c  2**0
                  CONTENTS, READONLY
  9 .comment      0000001e  00000000  00000000  000040b5  2**0
                  CONTENTS, READONLY
 10 .debug_info   00017c32  00000000  00000000  000040d3  2**0
                  CONTENTS, READONLY, DEBUGGING, OCTETS
 11 .debug_abbrev 00003f05  00000000  00000000  0001bd05  2**0
                  CONTENTS, READONLY, DEBUGGING, OCTETS
 12 .debug_aranges 00000f88  00000000  00000000  0001fc10  2**3
                  CONTENTS, READONLY, DEBUGGING, OCTETS
 13 .debug_rnglists 00000c3f  00000000  00000000  00020b98  2**0
                  CONTENTS, READONLY, DEBUGGING, OCTETS
 14 .debug_line   00010101  00000000  00000000  000217d7  2**0
                  CONTENTS, READONLY, DEBUGGING, OCTETS
 15 .debug_str    00004b74  00000000  00000000  000318d8  2**0
                  CONTENTS, READONLY, DEBUGGING, OCTETS
 16 .debug_frame  00002668  00000000  00000000  0003644c  2**2
                  CONTENTS, READONLY, DEBUGGING, OCTETS
 17 .debug_loclists 0000a891  00000000  00000000  00038ab4  2**0
                  CONTENTS, READONLY, DEBUGGING, OCTETS
 18 .debug_line_str 00000049  00000000  00000000  00043345  2**0
                  CONTENTS, READONLY, DEBUGGING, OCTETS

Disassembly of section .text:

0800010c <__do_global_dtors_aux>:
 800010c:	b510      	push	{r4, lr}
 800010e:	4c05      	ldr	r4, [pc, #20]	@ (8000124 <__do_global_dtors_aux+0x18>)
 8000110:	7823      	ldrb	r3, [r4, #0]
 8000112:	b933      	cbnz	r3, 8000122 <__do_global_dtors_aux+0x16>
 8000114:	4b04      	ldr	r3, [pc, #16]	@ (8000128 <__do_global_dtors_aux+0x1c>)
 8000116:	b113      	cbz	r3, 800011e <__do_global_dtors_aux+0x12>
 8000118:	4804      	ldr	r0, [pc, #16]	@ (800012c <__do_global_dtors_aux+0x20>)
 800011a:	f3af 8000 	nop.w
 800011e:	2301      	movs	r3, #1
 8000120:	7023      	strb	r3, [r4, #0]
 8000122:	bd10      	pop	{r4, pc}
 8000124:	2000008c 	.word	0x2000008c
 8000128:	00000000 	.word	0x00000000
 800012c:	08002830 	.word	0x08002830

08000130 <frame_dummy>:
 8000130:	b508      	push	{r3, lr}
 8000132:	4b03      	ldr	r3, [pc, #12]	@ (8000140 <frame_dummy+0x10>)
 8000134:	b11b      	cbz	r3, 800013e <frame_dummy+0xe>
 8000136:	4903      	ldr	r1, [pc, #12]	@ (8000144 <frame_dummy+0x14>)
 8000138:	4803      	ldr	r0, [pc, #12]	@ (8000148 <frame_dummy+0x18>)
 800013a:	f3af 8000 	nop.w
 800013e:	bd08      	pop	{r3, pc}
 8000140:	00000000 	.word	0x00000000
 8000144:	20000090 	.word	0x20000090
 8000148:	08002830 	.word	0x08002830

0800014c <MX_GPIO_Init>:
  * @brief GPIO Initialization Function
  * @param None
  * @retval None
  */
static void MX_GPIO_Init(void)
{
 800014c:	b082      	sub	sp, #8
/* USER CODE BEGIN MX_GPIO_Init_1 */
/* USER CODE END MX_GPIO_Init_1 */

  /* GPIO Ports Clock Enable */
  __HAL_RCC_GPIOD_CLK_ENABLE();
 800014e:	4b0a      	ldr	r3, [pc, #40]	@ (8000178 <MX_GPIO_Init+0x2c>)
 8000150:	699a      	ldr	r2, [r3, #24]
 8000152:	f042 0220 	orr.w	r2, r2, #32
 8000156:	619a      	str	r2, [r3, #24]
 8000158:	699a      	ldr	r2, [r3, #24]
 800015a:	f002 0220 	and.w	r2, r2, #32
 800015e:	9200      	str	r2, [sp, #0]
 8000160:	9a00      	ldr	r2, [sp, #0]
  __HAL_RCC_GPIOA_CLK_ENABLE();
 8000162:	699a      	ldr	r2, [r3, #24]
 8000164:	f042 0204 	orr.w	r2, r2, #4
 8000168:	619a      	str	r2, [r3, #24]
 800016a:	699b      	ldr	r3, [r3, #24]
 800016c:	f003 0304 	and.w	r3, r3, #4
 8000170:	9301      	str	r3, [sp, #4]
 8000172:	9b01      	ldr	r3, [sp, #4]

/* USER CODE BEGIN MX_GPIO_Init_2 */
/* USER CODE END MX_GPIO_Init_2 */
}
 8000174:	b002      	add	sp, #8
 8000176:	4770      	bx	lr
 8000178:	40021000 	.word	0x40021000

0800017c <Error_Handler>:
  \details Disables IRQ interrupts by setting the I-bit in the CPSR.
           Can only be executed in Privileged modes.
 */
__STATIC_FORCEINLINE void __disable_irq(void)
{
  __ASM volatile ("cpsid i" : : : "memory");
 800017c:	b672      	cpsid	i
void Error_Handler(void)
{
  /* USER CODE BEGIN Error_Handler_Debug */
  /* User can add his own implementation to report the HAL error return state */
  __disable_irq();
  while (1)
 800017e:	e7fe      	b.n	800017e <Error_Handler+0x2>

08000180 <MX_ADC1_Init>:
{
 8000180:	b500      	push	{lr}
 8000182:	b085      	sub	sp, #20
  ADC_ChannelConfTypeDef sConfig = {0};
 8000184:	2300      	movs	r3, #0
 8000186:	9301      	str	r3, [sp, #4]
 8000188:	9302      	str	r3, [sp, #8]
 800018a:	9303      	str	r3, [sp, #12]
  hadc1.Instance = ADC1;
 800018c:	480f      	ldr	r0, [pc, #60]	@ (80001cc <MX_ADC1_Init+0x4c>)
 800018e:	4a10      	ldr	r2, [pc, #64]	@ (80001d0 <MX_ADC1_Init+0x50>)
 8000190:	6002      	str	r2, [r0, #0]
  hadc1.Init.ScanConvMode = ADC_SCAN_DISABLE;
 8000192:	6083      	str	r3, [r0, #8]
  hadc1.Init.ContinuousConvMode = ENABLE;
 8000194:	2201      	movs	r2, #1
 8000196:	7302      	strb	r2, [r0, #12]
  hadc1.Init.DiscontinuousConvMode = DISABLE;
 8000198:	7503      	strb	r3, [r0, #20]
  hadc1.Init.ExternalTrigConv = ADC_SOFTWARE_START;
 800019a:	f44f 2160 	mov.w	r1, #917504	@ 0xe0000
 800019e:	61c1      	str	r1, [r0, #28]
  hadc1.Init.DataAlign = ADC_DATAALIGN_RIGHT;
 80001a0:	6043      	str	r3, [r0, #4]
  hadc1.Init.NbrOfConversion = 1;
 80001a2:	6102      	str	r2, [r0, #16]
  if (HAL_ADC_Init(&hadc1) != HAL_OK)
 80001a4:	f000 fba6 	bl	80008f4 <HAL_ADC_Init>
 80001a8:	b960      	cbnz	r0, 80001c4 <MX_ADC1_Init+0x44>
  sConfig.Channel = ADC_CHANNEL_0;
 80001aa:	2300      	movs	r3, #0
 80001ac:	9301      	str	r3, [sp, #4]
  sConfig.Rank = ADC_REGULAR_RANK_1;
 80001ae:	2201      	movs	r2, #1
 80001b0:	9202      	str	r2, [sp, #8]
  sConfig.SamplingTime = ADC_SAMPLETIME_1CYCLE_5;
 80001b2:	9303      	str	r3, [sp, #12]
  if (HAL_ADC_ConfigChannel(&hadc1, &sConfig) != HAL_OK)
 80001b4:	a901      	add	r1, sp, #4
 80001b6:	4805      	ldr	r0, [pc, #20]	@ (80001cc <MX_ADC1_Init+0x4c>)
 80001b8:	f000 fa18 	bl	80005ec <HAL_ADC_ConfigChannel>
 80001bc:	b920      	cbnz	r0, 80001c8 <MX_ADC1_Init+0x48>
}
 80001be:	b005      	add	sp, #20
 80001c0:	f85d fb04 	ldr.w	pc, [sp], #4
    Error_Handler();
 80001c4:	f7ff ffda 	bl	800017c <Error_Handler>
    Error_Handler();
 80001c8:	f7ff ffd8 	bl	800017c <Error_Handler>
 80001cc:	20000138 	.word	0x20000138
 80001d0:	40012400 	.word	0x40012400

080001d4 <MX_TIM1_Init>:
{
 80001d4:	b510      	push	{r4, lr}
 80001d6:	b092      	sub	sp, #72	@ 0x48
  TIM_MasterConfigTypeDef sMasterConfig = {0};
 80001d8:	2400      	movs	r4, #0
 80001da:	9410      	str	r4, [sp, #64]	@ 0x40
 80001dc:	9411      	str	r4, [sp, #68]	@ 0x44
  TIM_OC_InitTypeDef sConfigOC = {0};
 80001de:	9409      	str	r4, [sp, #36]	@ 0x24
 80001e0:	940a      	str	r4, [sp, #40]	@ 0x28
 80001e2:	940b      	str	r4, [sp, #44]	@ 0x2c
 80001e4:	940c      	str	r4, [sp, #48]	@ 0x30
 80001e6:	940d      	str	r4, [sp, #52]	@ 0x34
 80001e8:	940e      	str	r4, [sp, #56]	@ 0x38
 80001ea:	940f      	str	r4, [sp, #60]	@ 0x3c
  TIM_BreakDeadTimeConfigTypeDef sBreakDeadTimeConfig = {0};
 80001ec:	2220      	movs	r2, #32
 80001ee:	4621      	mov	r1, r4
 80001f0:	a801      	add	r0, sp, #4
 80001f2:	f001 fe89 	bl	8001f08 <memset>
  htim1.Instance = TIM1;
 80001f6:	4820      	ldr	r0, [pc, #128]	@ (8000278 <MX_TIM1_Init+0xa4>)
 80001f8:	4b20      	ldr	r3, [pc, #128]	@ (800027c <MX_TIM1_Init+0xa8>)
 80001fa:	6003      	str	r3, [r0, #0]
  htim1.Init.Prescaler = 72-1;
 80001fc:	2347      	movs	r3, #71	@ 0x47
 80001fe:	6043      	str	r3, [r0, #4]
  htim1.Init.CounterMode = TIM_COUNTERMODE_UP;
 8000200:	6084      	str	r4, [r0, #8]
  htim1.Init.Period = 100;
 8000202:	2364      	movs	r3, #100	@ 0x64
 8000204:	60c3      	str	r3, [r0, #12]
  htim1.Init.ClockDivision = TIM_CLOCKDIVISION_DIV1;
 8000206:	6104      	str	r4, [r0, #16]
  htim1.Init.RepetitionCounter = 0;
 8000208:	6144      	str	r4, [r0, #20]
  htim1.Init.AutoReloadPreload = TIM_AUTORELOAD_PRELOAD_DISABLE;
 800020a:	6184      	str	r4, [r0, #24]
  if (HAL_TIM_PWM_Init(&htim1) != HAL_OK)
 800020c:	f001 fb10 	bl	8001830 <HAL_TIM_PWM_Init>
 8000210:	2800      	cmp	r0, #0
 8000212:	d129      	bne.n	8000268 <MX_TIM1_Init+0x94>
  sMasterConfig.MasterOutputTrigger = TIM_TRGO_RESET;
 8000214:	2300      	movs	r3, #0
 8000216:	9310      	str	r3, [sp, #64]	@ 0x40
  sMasterConfig.MasterSlaveMode = TIM_MASTERSLAVEMODE_DISABLE;
 8000218:	9311      	str	r3, [sp, #68]	@ 0x44
  if (HAL_TIMEx_MasterConfigSynchronization(&htim1, &sMasterConfig) != HAL_OK)
 800021a:	a910      	add	r1, sp, #64	@ 0x40
 800021c:	4816      	ldr	r0, [pc, #88]	@ (8000278 <MX_TIM1_Init+0xa4>)
 800021e:	f001 fc49 	bl	8001ab4 <HAL_TIMEx_MasterConfigSynchronization>
 8000222:	bb18      	cbnz	r0, 800026c <MX_TIM1_Init+0x98>
  sConfigOC.OCMode = TIM_OCMODE_PWM1;
 8000224:	2360      	movs	r3, #96	@ 0x60
 8000226:	9309      	str	r3, [sp, #36]	@ 0x24
  sConfigOC.Pulse = 0;
 8000228:	2200      	movs	r2, #0
 800022a:	920a      	str	r2, [sp, #40]	@ 0x28
  sConfigOC.OCPolarity = TIM_OCPOLARITY_HIGH;
 800022c:	920b      	str	r2, [sp, #44]	@ 0x2c
  sConfigOC.OCNPolarity = TIM_OCNPOLARITY_HIGH;
 800022e:	920c      	str	r2, [sp, #48]	@ 0x30
  sConfigOC.OCFastMode = TIM_OCFAST_DISABLE;
 8000230:	920d      	str	r2, [sp, #52]	@ 0x34
  sConfigOC.OCIdleState = TIM_OCIDLESTATE_RESET;
 8000232:	920e      	str	r2, [sp, #56]	@ 0x38
  sConfigOC.OCNIdleState = TIM_OCNIDLESTATE_RESET;
 8000234:	920f      	str	r2, [sp, #60]	@ 0x3c
  if (HAL_TIM_PWM_ConfigChannel(&htim1, &sConfigOC, TIM_CHANNEL_1) != HAL_OK)
 8000236:	a909      	add	r1, sp, #36	@ 0x24
 8000238:	480f      	ldr	r0, [pc, #60]	@ (8000278 <MX_TIM1_Init+0xa4>)
 800023a:	f001 fb53 	bl	80018e4 <HAL_TIM_PWM_ConfigChannel>
 800023e:	b9b8      	cbnz	r0, 8000270 <MX_TIM1_Init+0x9c>
  sBreakDeadTimeConfig.OffStateRunMode = TIM_OSSR_DISABLE;
 8000240:	2300      	movs	r3, #0
 8000242:	9301      	str	r3, [sp, #4]
  sBreakDeadTimeConfig.OffStateIDLEMode = TIM_OSSI_DISABLE;
 8000244:	9302      	str	r3, [sp, #8]
  sBreakDeadTimeConfig.LockLevel = TIM_LOCKLEVEL_OFF;
 8000246:	9303      	str	r3, [sp, #12]
  sBreakDeadTimeConfig.DeadTime = 0;
 8000248:	9304      	str	r3, [sp, #16]
  sBreakDeadTimeConfig.BreakState = TIM_BREAK_DISABLE;
 800024a:	9305      	str	r3, [sp, #20]
  sBreakDeadTimeConfig.BreakPolarity = TIM_BREAKPOLARITY_HIGH;
 800024c:	f44f 5200 	mov.w	r2, #8192	@ 0x2000
 8000250:	9206      	str	r2, [sp, #24]
  sBreakDeadTimeConfig.AutomaticOutput = TIM_AUTOMATICOUTPUT_DISABLE;
 8000252:	9308      	str	r3, [sp, #32]
  if (HAL_TIMEx_ConfigBreakDeadTime(&htim1, &sBreakDeadTimeConfig) != HAL_OK)
 8000254:	a901      	add	r1, sp, #4
 8000256:	4808      	ldr	r0, [pc, #32]	@ (8000278 <MX_TIM1_Init+0xa4>)
 8000258:	f001 fc62 	bl	8001b20 <HAL_TIMEx_ConfigBreakDeadTime>
 800025c:	b950      	cbnz	r0, 8000274 <MX_TIM1_Init+0xa0>
  HAL_TIM_MspPostInit(&htim1);
 800025e:	4806      	ldr	r0, [pc, #24]	@ (8000278 <MX_TIM1_Init+0xa4>)
 8000260:	f000 fda8 	bl	8000db4 <HAL_TIM_MspPostInit>
}
 8000264:	b012      	add	sp, #72	@ 0x48
 8000266:	bd10      	pop	{r4, pc}
    Error_Handler();
 8000268:	f7ff ff88 	bl	800017c <Error_Handler>
    Error_Handler();
 800026c:	f7ff ff86 	bl	800017c <Error_Handler>
    Error_Handler();
 8000270:	f7ff ff84 	bl	800017c <Error_Handler>
    Error_Handler();
 8000274:	f7ff ff82 	bl	800017c <Error_Handler>
 8000278:	200000f0 	.word	0x200000f0
 800027c:	40012c00 	.word	0x40012c00

08000280 <MX_USART2_UART_Init>:
{
 8000280:	b508      	push	{r3, lr}
  huart2.Instance = USART2;
 8000282:	480a      	ldr	r0, [pc, #40]	@ (80002ac <MX_USART2_UART_Init+0x2c>)
 8000284:	4b0a      	ldr	r3, [pc, #40]	@ (80002b0 <MX_USART2_UART_Init+0x30>)
 8000286:	6003      	str	r3, [r0, #0]
  huart2.Init.BaudRate = 115200;
 8000288:	f44f 33e1 	mov.w	r3, #115200	@ 0x1c200
 800028c:	6043      	str	r3, [r0, #4]
  huart2.Init.WordLength = UART_WORDLENGTH_8B;
 800028e:	2300      	movs	r3, #0
 8000290:	6083      	str	r3, [r0, #8]
  huart2.Init.StopBits = UART_STOPBITS_1;
 8000292:	60c3      	str	r3, [r0, #12]
  huart2.Init.Parity = UART_PARITY_NONE;
 8000294:	6103      	str	r3, [r0, #16]
  huart2.Init.Mode = UART_MODE_TX_RX;
 8000296:	220c      	movs	r2, #12
 8000298:	6142      	str	r2, [r0, #20]
  huart2.Init.HwFlowCtl = UART_HWCONTROL_NONE;
 800029a:	6183      	str	r3, [r0, #24]
  huart2.Init.OverSampling = UART_OVERSAMPLING_16;
 800029c:	61c3      	str	r3, [r0, #28]
  if (HAL_UART_Init(&huart2) != HAL_OK)
 800029e:	f001 fd24 	bl	8001cea <HAL_UART_Init>
 80002a2:	b900      	cbnz	r0, 80002a6 <MX_USART2_UART_Init+0x26>
}
 80002a4:	bd08      	pop	{r3, pc}
    Error_Handler();
 80002a6:	f7ff ff69 	bl	800017c <Error_Handler>
 80002aa:	bf00      	nop
 80002ac:	200000a8 	.word	0x200000a8
 80002b0:	40004400 	.word	0x40004400

080002b4 <SystemClock_Config>:
{
 80002b4:	b510      	push	{r4, lr}
 80002b6:	b094      	sub	sp, #80	@ 0x50
  RCC_OscInitTypeDef RCC_OscInitStruct = {0};
 80002b8:	ac0a      	add	r4, sp, #40	@ 0x28
 80002ba:	2228      	movs	r2, #40	@ 0x28
 80002bc:	2100      	movs	r1, #0
 80002be:	4620      	mov	r0, r4
 80002c0:	f001 fe22 	bl	8001f08 <memset>
  RCC_ClkInitTypeDef RCC_ClkInitStruct = {0};
 80002c4:	2300      	movs	r3, #0
 80002c6:	9305      	str	r3, [sp, #20]
 80002c8:	9306      	str	r3, [sp, #24]
 80002ca:	9307      	str	r3, [sp, #28]
 80002cc:	9308      	str	r3, [sp, #32]
 80002ce:	9309      	str	r3, [sp, #36]	@ 0x24
  RCC_PeriphCLKInitTypeDef PeriphClkInit = {0};
 80002d0:	9301      	str	r3, [sp, #4]
 80002d2:	9302      	str	r3, [sp, #8]
 80002d4:	9303      	str	r3, [sp, #12]
 80002d6:	9304      	str	r3, [sp, #16]
  RCC_OscInitStruct.OscillatorType = RCC_OSCILLATORTYPE_HSE;
 80002d8:	2201      	movs	r2, #1
 80002da:	920a      	str	r2, [sp, #40]	@ 0x28
  RCC_OscInitStruct.HSEState = RCC_HSE_ON;
 80002dc:	f44f 3380 	mov.w	r3, #65536	@ 0x10000
 80002e0:	930b      	str	r3, [sp, #44]	@ 0x2c
  RCC_OscInitStruct.HSIState = RCC_HSI_ON;
 80002e2:	920e      	str	r2, [sp, #56]	@ 0x38
  RCC_OscInitStruct.PLL.PLLState = RCC_PLL_ON;
 80002e4:	2202      	movs	r2, #2
 80002e6:	9211      	str	r2, [sp, #68]	@ 0x44
  RCC_OscInitStruct.PLL.PLLSource = RCC_PLLSOURCE_HSE;
 80002e8:	9312      	str	r3, [sp, #72]	@ 0x48
  RCC_OscInitStruct.PLL.PLLMUL = RCC_PLL_MUL9;
 80002ea:	f44f 13e0 	mov.w	r3, #1835008	@ 0x1c0000
 80002ee:	9313      	str	r3, [sp, #76]	@ 0x4c
  if (HAL_RCC_OscConfig(&RCC_OscInitStruct) != HAL_OK)
 80002f0:	4620      	mov	r0, r4
 80002f2:	f000 fdd9 	bl	8000ea8 <HAL_RCC_OscConfig>
 80002f6:	b9c0      	cbnz	r0, 800032a <SystemClock_Config+0x76>
  RCC_ClkInitStruct.ClockType = RCC_CLOCKTYPE_HCLK|RCC_CLOCKTYPE_SYSCLK
 80002f8:	230f      	movs	r3, #15
 80002fa:	9305      	str	r3, [sp, #20]
  RCC_ClkInitStruct.SYSCLKSource = RCC_SYSCLKSOURCE_PLLCLK;
 80002fc:	2102      	movs	r1, #2
 80002fe:	9106      	str	r1, [sp, #24]
  RCC_ClkInitStruct.AHBCLKDivider = RCC_SYSCLK_DIV1;
 8000300:	2300      	movs	r3, #0
 8000302:	9307      	str	r3, [sp, #28]
  RCC_ClkInitStruct.APB1CLKDivider = RCC_HCLK_DIV2;
 8000304:	f44f 6280 	mov.w	r2, #1024	@ 0x400
 8000308:	9208      	str	r2, [sp, #32]
  RCC_ClkInitStruct.APB2CLKDivider = RCC_HCLK_DIV1;
 800030a:	9309      	str	r3, [sp, #36]	@ 0x24
  if (HAL_RCC_ClockConfig(&RCC_ClkInitStruct, FLASH_LATENCY_2) != HAL_OK)
 800030c:	a805      	add	r0, sp, #20
 800030e:	f000 fffd 	bl	800130c <HAL_RCC_ClockConfig>
 8000312:	b960      	cbnz	r0, 800032e <SystemClock_Config+0x7a>
  PeriphClkInit.PeriphClockSelection = RCC_PERIPHCLK_ADC;
 8000314:	2302      	movs	r3, #2
 8000316:	9301      	str	r3, [sp, #4]
  PeriphClkInit.AdcClockSelection = RCC_ADCPCLK2_DIV6;
 8000318:	f44f 4300 	mov.w	r3, #32768	@ 0x8000
 800031c:	9303      	str	r3, [sp, #12]
  if (HAL_RCCEx_PeriphCLKConfig(&PeriphClkInit) != HAL_OK)
 800031e:	a801      	add	r0, sp, #4
 8000320:	f001 f8d0 	bl	80014c4 <HAL_RCCEx_PeriphCLKConfig>
 8000324:	b928      	cbnz	r0, 8000332 <SystemClock_Config+0x7e>
}
 8000326:	b014      	add	sp, #80	@ 0x50
 8000328:	bd10      	pop	{r4, pc}
    Error_Handler();
 800032a:	f7ff ff27 	bl	800017c <Error_Handler>
    Error_Handler();
 800032e:	f7ff ff25 	bl	800017c <Error_Handler>
    Error_Handler();
 8000332:	f7ff ff23 	bl	800017c <Error_Handler>
	...

08000338 <main>:
{
 8000338:	b508      	push	{r3, lr}
  HAL_Init();
 800033a:	f000 f86d 	bl	8000418 <HAL_Init>
  SystemClock_Config();
 800033e:	f7ff ffb9 	bl	80002b4 <SystemClock_Config>
  MX_GPIO_Init();
 8000342:	f7ff ff03 	bl	800014c <MX_GPIO_Init>
  MX_ADC1_Init();
 8000346:	f7ff ff1b 	bl	8000180 <MX_ADC1_Init>
  MX_TIM1_Init();
 800034a:	f7ff ff43 	bl	80001d4 <MX_TIM1_Init>
  MX_USART2_UART_Init();
 800034e:	f7ff ff97 	bl	8000280 <MX_USART2_UART_Init>
  HAL_ADC_Start(&hadc1);
 8000352:	4816      	ldr	r0, [pc, #88]	@ (80003ac <main+0x74>)
 8000354:	f000 fa2e 	bl	80007b4 <HAL_ADC_Start>
  HAL_TIM_PWM_Start(&htim1,TIM_CHANNEL_1);
 8000358:	2100      	movs	r1, #0
 800035a:	4815      	ldr	r0, [pc, #84]	@ (80003b0 <main+0x78>)
 800035c:	f001 fb40 	bl	80019e0 <HAL_TIM_PWM_Start>
    HAL_ADC_PollForConversion(&hadc1,100);
 8000360:	4c12      	ldr	r4, [pc, #72]	@ (80003ac <main+0x74>)
 8000362:	2164      	movs	r1, #100	@ 0x64
 8000364:	4620      	mov	r0, r4
 8000366:	f000 f87b 	bl	8000460 <HAL_ADC_PollForConversion>
    adc_value = HAL_ADC_GetValue(&hadc1);
 800036a:	4620      	mov	r0, r4
 800036c:	f000 f93a 	bl	80005e4 <HAL_ADC_GetValue>
 8000370:	4b10      	ldr	r3, [pc, #64]	@ (80003b4 <main+0x7c>)
 8000372:	6018      	str	r0, [r3, #0]
    pwm_value = (adc_value * 100) / 4095;
 8000374:	2364      	movs	r3, #100	@ 0x64
 8000376:	fb03 f000 	mul.w	r0, r3, r0
 800037a:	4b0f      	ldr	r3, [pc, #60]	@ (80003b8 <main+0x80>)
 800037c:	fb83 2300 	smull	r2, r3, r3, r0
 8000380:	4403      	add	r3, r0
 8000382:	17c2      	asrs	r2, r0, #31
 8000384:	ebc2 22e3 	rsb	r2, r2, r3, asr #11
 8000388:	4b0c      	ldr	r3, [pc, #48]	@ (80003bc <main+0x84>)
 800038a:	601a      	str	r2, [r3, #0]
    __HAL_TIM_SET_COMPARE(&htim1, TIM_CHANNEL_1, pwm_value);
 800038c:	4b08      	ldr	r3, [pc, #32]	@ (80003b0 <main+0x78>)
 800038e:	681b      	ldr	r3, [r3, #0]
 8000390:	635a      	str	r2, [r3, #52]	@ 0x34
    sprintf(buffer,"%d\r\n",pwm_value);
 8000392:	4c0b      	ldr	r4, [pc, #44]	@ (80003c0 <main+0x88>)
 8000394:	490b      	ldr	r1, [pc, #44]	@ (80003c4 <main+0x8c>)
 8000396:	4620      	mov	r0, r4
 8000398:	f001 fd94 	bl	8001ec4 <siprintf>
    HAL_UART_Transmit(&huart2, (uint8_t *)&buffer, sizeof(buffer), 1000);
 800039c:	f44f 737a 	mov.w	r3, #1000	@ 0x3e8
 80003a0:	2232      	movs	r2, #50	@ 0x32
 80003a2:	4621      	mov	r1, r4
 80003a4:	4808      	ldr	r0, [pc, #32]	@ (80003c8 <main+0x90>)
 80003a6:	f001 fcd0 	bl	8001d4a <HAL_UART_Transmit>
  while (1)
 80003aa:	e7d9      	b.n	8000360 <main+0x28>
 80003ac:	20000138 	.word	0x20000138
 80003b0:	200000f0 	.word	0x200000f0
 80003b4:	20000168 	.word	0x20000168
 80003b8:	80080081 	.word	0x80080081
 80003bc:	2000016c 	.word	0x2000016c
 80003c0:	20000000 	.word	0x20000000
 80003c4:	08002848 	.word	0x08002848
 80003c8:	200000a8 	.word	0x200000a8

080003cc <HAL_InitTick>:
  *       implementation  in user file.
  * @param TickPriority Tick interrupt priority.
  * @retval HAL status
  */
__weak HAL_StatusTypeDef HAL_InitTick(uint32_t TickPriority)
{
 80003cc:	b510      	push	{r4, lr}
 80003ce:	4604      	mov	r4, r0
  /* Configure the SysTick to have interrupt in 1ms time basis*/
  if (HAL_SYSTICK_Config(SystemCoreClock / (1000U / uwTickFreq)) > 0U)
 80003d0:	4b0e      	ldr	r3, [pc, #56]	@ (800040c <HAL_InitTick+0x40>)
 80003d2:	781a      	ldrb	r2, [r3, #0]
 80003d4:	f44f 737a 	mov.w	r3, #1000	@ 0x3e8
 80003d8:	fbb3 f3f2 	udiv	r3, r3, r2
 80003dc:	4a0c      	ldr	r2, [pc, #48]	@ (8000410 <HAL_InitTick+0x44>)
 80003de:	6810      	ldr	r0, [r2, #0]
 80003e0:	fbb0 f0f3 	udiv	r0, r0, r3
 80003e4:	f000 fb60 	bl	8000aa8 <HAL_SYSTICK_Config>
 80003e8:	b968      	cbnz	r0, 8000406 <HAL_InitTick+0x3a>
  {
    return HAL_ERROR;
  }

  /* Configure the SysTick IRQ priority */
  if (TickPriority < (1UL << __NVIC_PRIO_BITS))
 80003ea:	2c0f      	cmp	r4, #15
 80003ec:	d901      	bls.n	80003f2 <HAL_InitTick+0x26>
    HAL_NVIC_SetPriority(SysTick_IRQn, TickPriority, 0U);
    uwTickPrio = TickPriority;
  }
  else
  {
    return HAL_ERROR;
 80003ee:	2001      	movs	r0, #1
 80003f0:	e00a      	b.n	8000408 <HAL_InitTick+0x3c>
    HAL_NVIC_SetPriority(SysTick_IRQn, TickPriority, 0U);
 80003f2:	2200      	movs	r2, #0
 80003f4:	4621      	mov	r1, r4
 80003f6:	f04f 30ff 	mov.w	r0, #4294967295	@ 0xffffffff
 80003fa:	f000 fb45 	bl	8000a88 <HAL_NVIC_SetPriority>
    uwTickPrio = TickPriority;
 80003fe:	4b05      	ldr	r3, [pc, #20]	@ (8000414 <HAL_InitTick+0x48>)
 8000400:	601c      	str	r4, [r3, #0]
  }

  /* Return function status */
  return HAL_OK;
 8000402:	2000      	movs	r0, #0
 8000404:	e000      	b.n	8000408 <HAL_InitTick+0x3c>
    return HAL_ERROR;
 8000406:	2001      	movs	r0, #1
}
 8000408:	bd10      	pop	{r4, pc}
 800040a:	bf00      	nop
 800040c:	20000032 	.word	0x20000032
 8000410:	20000038 	.word	0x20000038
 8000414:	20000034 	.word	0x20000034

08000418 <HAL_Init>:
{
 8000418:	b508      	push	{r3, lr}
  __HAL_FLASH_PREFETCH_BUFFER_ENABLE();
 800041a:	4a07      	ldr	r2, [pc, #28]	@ (8000438 <HAL_Init+0x20>)
 800041c:	6813      	ldr	r3, [r2, #0]
 800041e:	f043 0310 	orr.w	r3, r3, #16
 8000422:	6013      	str	r3, [r2, #0]
  HAL_NVIC_SetPriorityGrouping(NVIC_PRIORITYGROUP_4);
 8000424:	2003      	movs	r0, #3
 8000426:	f000 fb1d 	bl	8000a64 <HAL_NVIC_SetPriorityGrouping>
  HAL_InitTick(TICK_INT_PRIORITY);
 800042a:	200f      	movs	r0, #15
 800042c:	f7ff ffce 	bl	80003cc <HAL_InitTick>
  HAL_MspInit();
 8000430:	f000 fc58 	bl	8000ce4 <HAL_MspInit>
}
 8000434:	2000      	movs	r0, #0
 8000436:	bd08      	pop	{r3, pc}
 8000438:	40022000 	.word	0x40022000

0800043c <HAL_IncTick>:
  *      implementations in user file.
  * @retval None
  */
__weak void HAL_IncTick(void)
{
  uwTick += uwTickFreq;
 800043c:	4a03      	ldr	r2, [pc, #12]	@ (800044c <HAL_IncTick+0x10>)
 800043e:	6811      	ldr	r1, [r2, #0]
 8000440:	4b03      	ldr	r3, [pc, #12]	@ (8000450 <HAL_IncTick+0x14>)
 8000442:	781b      	ldrb	r3, [r3, #0]
 8000444:	440b      	add	r3, r1
 8000446:	6013      	str	r3, [r2, #0]
}
 8000448:	4770      	bx	lr
 800044a:	bf00      	nop
 800044c:	20000170 	.word	0x20000170
 8000450:	20000032 	.word	0x20000032

08000454 <HAL_GetTick>:
  *       implementations in user file.
  * @retval tick value
  */
__weak uint32_t HAL_GetTick(void)
{
  return uwTick;
 8000454:	4b01      	ldr	r3, [pc, #4]	@ (800045c <HAL_GetTick+0x8>)
 8000456:	6818      	ldr	r0, [r3, #0]
}
 8000458:	4770      	bx	lr
 800045a:	bf00      	nop
 800045c:	20000170 	.word	0x20000170

08000460 <HAL_ADC_PollForConversion>:
  * @param  hadc: ADC handle
  * @param  Timeout: Timeout value in millisecond.
  * @retval HAL status
  */
HAL_StatusTypeDef HAL_ADC_PollForConversion(ADC_HandleTypeDef* hadc, uint32_t Timeout)
{
 8000460:	b5f0      	push	{r4, r5, r6, r7, lr}
 8000462:	b083      	sub	sp, #12
 8000464:	4605      	mov	r5, r0
 8000466:	460c      	mov	r4, r1
  uint32_t tickstart = 0U;
  
  /* Variables for polling in case of scan mode enabled and polling for each  */
  /* conversion.                                                              */
  __IO uint32_t Conversion_Timeout_CPU_cycles = 0U;
 8000468:	2300      	movs	r3, #0
 800046a:	9301      	str	r3, [sp, #4]
 
  /* Check the parameters */
  assert_param(IS_ADC_ALL_INSTANCE(hadc->Instance));
  
  /* Get tick count */
  tickstart = HAL_GetTick();
 800046c:	f7ff fff2 	bl	8000454 <HAL_GetTick>
  
  /* Verification that ADC configuration is compliant with polling for        */
  /* each conversion:                                                         */
  /* Particular case is ADC configured in DMA mode                            */
  if (HAL_IS_BIT_SET(hadc->Instance->CR2, ADC_CR2_DMA))
 8000470:	682b      	ldr	r3, [r5, #0]
 8000472:	689a      	ldr	r2, [r3, #8]
 8000474:	f412 7f80 	tst.w	r2, #256	@ 0x100
 8000478:	d123      	bne.n	80004c2 <HAL_ADC_PollForConversion+0x62>
 800047a:	4607      	mov	r7, r0
  /*    from ADC conversion time (selected sampling time + conversion time of */
  /*    12.5 ADC clock cycles) and APB2/ADC clock prescalers (depending on    */
  /*    settings, conversion time range can be from 28 to 32256 CPU cycles).  */
  /*    As flag EOC is not set after each conversion, no timeout status can   */
  /*    be set.                                                               */
  if (HAL_IS_BIT_CLR(hadc->Instance->CR1, ADC_CR1_SCAN) &&
 800047c:	685a      	ldr	r2, [r3, #4]
 800047e:	f412 7f80 	tst.w	r2, #256	@ 0x100
 8000482:	d103      	bne.n	800048c <HAL_ADC_PollForConversion+0x2c>
      HAL_IS_BIT_CLR(hadc->Instance->SQR1, ADC_SQR1_L)    )
 8000484:	6adb      	ldr	r3, [r3, #44]	@ 0x2c
  if (HAL_IS_BIT_CLR(hadc->Instance->CR1, ADC_CR1_SCAN) &&
 8000486:	f413 0f70 	tst.w	r3, #15728640	@ 0xf00000
 800048a:	d029      	beq.n	80004e0 <HAL_ADC_PollForConversion+0x80>
    /* Replace polling by wait for maximum conversion time */
    /*  - Computation of CPU clock cycles corresponding to ADC clock cycles   */
    /*    and ADC maximum conversion cycles on all channels.                  */
    /*  - Wait for the expected ADC clock cycles delay                        */
    Conversion_Timeout_CPU_cycles_max = ((SystemCoreClock
                                          / HAL_RCCEx_GetPeriphCLKFreq(RCC_PERIPHCLK_ADC))
 800048c:	4b50      	ldr	r3, [pc, #320]	@ (80005d0 <HAL_ADC_PollForConversion+0x170>)
 800048e:	681e      	ldr	r6, [r3, #0]
 8000490:	2002      	movs	r0, #2
 8000492:	f001 f8a3 	bl	80015dc <HAL_RCCEx_GetPeriphCLKFreq>
 8000496:	fbb6 f6f0 	udiv	r6, r6, r0
                                         * ADC_CONVCYCLES_MAX_RANGE(hadc)                 );
 800049a:	682b      	ldr	r3, [r5, #0]
 800049c:	6919      	ldr	r1, [r3, #16]
 800049e:	4a4d      	ldr	r2, [pc, #308]	@ (80005d4 <HAL_ADC_PollForConversion+0x174>)
 80004a0:	4211      	tst	r1, r2
 80004a2:	d136      	bne.n	8000512 <HAL_ADC_PollForConversion+0xb2>
 80004a4:	68d9      	ldr	r1, [r3, #12]
 80004a6:	f102 425c 	add.w	r2, r2, #3690987520	@ 0xdc000000
 80004aa:	4211      	tst	r1, r2
 80004ac:	d131      	bne.n	8000512 <HAL_ADC_PollForConversion+0xb2>
 80004ae:	6919      	ldr	r1, [r3, #16]
 80004b0:	4a49      	ldr	r2, [pc, #292]	@ (80005d8 <HAL_ADC_PollForConversion+0x178>)
 80004b2:	4211      	tst	r1, r2
 80004b4:	d140      	bne.n	8000538 <HAL_ADC_PollForConversion+0xd8>
 80004b6:	68da      	ldr	r2, [r3, #12]
 80004b8:	4b48      	ldr	r3, [pc, #288]	@ (80005dc <HAL_ADC_PollForConversion+0x17c>)
 80004ba:	421a      	tst	r2, r3
 80004bc:	d03e      	beq.n	800053c <HAL_ADC_PollForConversion+0xdc>
 80004be:	2329      	movs	r3, #41	@ 0x29
 80004c0:	e041      	b.n	8000546 <HAL_ADC_PollForConversion+0xe6>
    SET_BIT(hadc->State, HAL_ADC_STATE_ERROR_CONFIG);
 80004c2:	6aab      	ldr	r3, [r5, #40]	@ 0x28
 80004c4:	f043 0320 	orr.w	r3, r3, #32
 80004c8:	62ab      	str	r3, [r5, #40]	@ 0x28
    __HAL_UNLOCK(hadc);
 80004ca:	2300      	movs	r3, #0
 80004cc:	f885 3024 	strb.w	r3, [r5, #36]	@ 0x24
    return HAL_ERROR;
 80004d0:	2001      	movs	r0, #1
    }
  }
  
  /* Return ADC state */
  return HAL_OK;
}
 80004d2:	b003      	add	sp, #12
 80004d4:	bdf0      	pop	{r4, r5, r6, r7, pc}
          if(HAL_IS_BIT_CLR(hadc->Instance->SR, ADC_FLAG_EOC))
 80004d6:	682b      	ldr	r3, [r5, #0]
 80004d8:	681b      	ldr	r3, [r3, #0]
 80004da:	f013 0f02 	tst.w	r3, #2
 80004de:	d00f      	beq.n	8000500 <HAL_ADC_PollForConversion+0xa0>
    while(HAL_IS_BIT_CLR(hadc->Instance->SR, ADC_FLAG_EOC))
 80004e0:	682b      	ldr	r3, [r5, #0]
 80004e2:	681b      	ldr	r3, [r3, #0]
 80004e4:	f013 0f02 	tst.w	r3, #2
 80004e8:	d14f      	bne.n	800058a <HAL_ADC_PollForConversion+0x12a>
      if(Timeout != HAL_MAX_DELAY)
 80004ea:	f1b4 3fff 	cmp.w	r4, #4294967295	@ 0xffffffff
 80004ee:	d0f7      	beq.n	80004e0 <HAL_ADC_PollForConversion+0x80>
        if((Timeout == 0U) || ((HAL_GetTick() - tickstart ) > Timeout))
 80004f0:	2c00      	cmp	r4, #0
 80004f2:	d0f0      	beq.n	80004d6 <HAL_ADC_PollForConversion+0x76>
 80004f4:	f7ff ffae 	bl	8000454 <HAL_GetTick>
 80004f8:	1bc3      	subs	r3, r0, r7
 80004fa:	42a3      	cmp	r3, r4
 80004fc:	d9f0      	bls.n	80004e0 <HAL_ADC_PollForConversion+0x80>
 80004fe:	e7ea      	b.n	80004d6 <HAL_ADC_PollForConversion+0x76>
            SET_BIT(hadc->State, HAL_ADC_STATE_TIMEOUT);
 8000500:	6aab      	ldr	r3, [r5, #40]	@ 0x28
 8000502:	f043 0304 	orr.w	r3, r3, #4
 8000506:	62ab      	str	r3, [r5, #40]	@ 0x28
            __HAL_UNLOCK(hadc);
 8000508:	2300      	movs	r3, #0
 800050a:	f885 3024 	strb.w	r3, [r5, #36]	@ 0x24
            return HAL_TIMEOUT;
 800050e:	2003      	movs	r0, #3
 8000510:	e7df      	b.n	80004d2 <HAL_ADC_PollForConversion+0x72>
                                         * ADC_CONVCYCLES_MAX_RANGE(hadc)                 );
 8000512:	6919      	ldr	r1, [r3, #16]
 8000514:	4a30      	ldr	r2, [pc, #192]	@ (80005d8 <HAL_ADC_PollForConversion+0x178>)
 8000516:	4211      	tst	r1, r2
 8000518:	d104      	bne.n	8000524 <HAL_ADC_PollForConversion+0xc4>
 800051a:	68d9      	ldr	r1, [r3, #12]
 800051c:	f102 426e 	add.w	r2, r2, #3992977408	@ 0xee000000
 8000520:	4211      	tst	r1, r2
 8000522:	d00d      	beq.n	8000540 <HAL_ADC_PollForConversion+0xe0>
 8000524:	6919      	ldr	r1, [r3, #16]
 8000526:	4a2e      	ldr	r2, [pc, #184]	@ (80005e0 <HAL_ADC_PollForConversion+0x180>)
 8000528:	400a      	ands	r2, r1
 800052a:	b95a      	cbnz	r2, 8000544 <HAL_ADC_PollForConversion+0xe4>
 800052c:	68da      	ldr	r2, [r3, #12]
 800052e:	4b2c      	ldr	r3, [pc, #176]	@ (80005e0 <HAL_ADC_PollForConversion+0x180>)
 8000530:	4013      	ands	r3, r2
 8000532:	b15b      	cbz	r3, 800054c <HAL_ADC_PollForConversion+0xec>
 8000534:	23fc      	movs	r3, #252	@ 0xfc
 8000536:	e006      	b.n	8000546 <HAL_ADC_PollForConversion+0xe6>
 8000538:	2329      	movs	r3, #41	@ 0x29
 800053a:	e004      	b.n	8000546 <HAL_ADC_PollForConversion+0xe6>
 800053c:	2314      	movs	r3, #20
 800053e:	e002      	b.n	8000546 <HAL_ADC_PollForConversion+0xe6>
 8000540:	2354      	movs	r3, #84	@ 0x54
 8000542:	e000      	b.n	8000546 <HAL_ADC_PollForConversion+0xe6>
 8000544:	23fc      	movs	r3, #252	@ 0xfc
    Conversion_Timeout_CPU_cycles_max = ((SystemCoreClock
 8000546:	fb03 f606 	mul.w	r6, r3, r6
    while(Conversion_Timeout_CPU_cycles < Conversion_Timeout_CPU_cycles_max)
 800054a:	e007      	b.n	800055c <HAL_ADC_PollForConversion+0xfc>
                                         * ADC_CONVCYCLES_MAX_RANGE(hadc)                 );
 800054c:	2354      	movs	r3, #84	@ 0x54
 800054e:	e7fa      	b.n	8000546 <HAL_ADC_PollForConversion+0xe6>
          if(Conversion_Timeout_CPU_cycles < Conversion_Timeout_CPU_cycles_max)
 8000550:	9b01      	ldr	r3, [sp, #4]
 8000552:	42b3      	cmp	r3, r6
 8000554:	d310      	bcc.n	8000578 <HAL_ADC_PollForConversion+0x118>
      Conversion_Timeout_CPU_cycles ++;
 8000556:	9b01      	ldr	r3, [sp, #4]
 8000558:	3301      	adds	r3, #1
 800055a:	9301      	str	r3, [sp, #4]
    while(Conversion_Timeout_CPU_cycles < Conversion_Timeout_CPU_cycles_max)
 800055c:	9b01      	ldr	r3, [sp, #4]
 800055e:	42b3      	cmp	r3, r6
 8000560:	d213      	bcs.n	800058a <HAL_ADC_PollForConversion+0x12a>
      if(Timeout != HAL_MAX_DELAY)
 8000562:	f1b4 3fff 	cmp.w	r4, #4294967295	@ 0xffffffff
 8000566:	d0f6      	beq.n	8000556 <HAL_ADC_PollForConversion+0xf6>
        if((Timeout == 0U) || ((HAL_GetTick() - tickstart) > Timeout))
 8000568:	2c00      	cmp	r4, #0
 800056a:	d0f1      	beq.n	8000550 <HAL_ADC_PollForConversion+0xf0>
 800056c:	f7ff ff72 	bl	8000454 <HAL_GetTick>
 8000570:	1bc0      	subs	r0, r0, r7
 8000572:	42a0      	cmp	r0, r4
 8000574:	d9ef      	bls.n	8000556 <HAL_ADC_PollForConversion+0xf6>
 8000576:	e7eb      	b.n	8000550 <HAL_ADC_PollForConversion+0xf0>
            SET_BIT(hadc->State, HAL_ADC_STATE_TIMEOUT);
 8000578:	6aab      	ldr	r3, [r5, #40]	@ 0x28
 800057a:	f043 0304 	orr.w	r3, r3, #4
 800057e:	62ab      	str	r3, [r5, #40]	@ 0x28
            __HAL_UNLOCK(hadc);
 8000580:	2300      	movs	r3, #0
 8000582:	f885 3024 	strb.w	r3, [r5, #36]	@ 0x24
            return HAL_TIMEOUT;
 8000586:	2003      	movs	r0, #3
 8000588:	e7a3      	b.n	80004d2 <HAL_ADC_PollForConversion+0x72>
  __HAL_ADC_CLEAR_FLAG(hadc, ADC_FLAG_STRT | ADC_FLAG_EOC);
 800058a:	682b      	ldr	r3, [r5, #0]
 800058c:	f06f 0212 	mvn.w	r2, #18
 8000590:	601a      	str	r2, [r3, #0]
  SET_BIT(hadc->State, HAL_ADC_STATE_REG_EOC);
 8000592:	6aab      	ldr	r3, [r5, #40]	@ 0x28
 8000594:	f443 7300 	orr.w	r3, r3, #512	@ 0x200
 8000598:	62ab      	str	r3, [r5, #40]	@ 0x28
  if(ADC_IS_SOFTWARE_START_REGULAR(hadc)        && 
 800059a:	682b      	ldr	r3, [r5, #0]
 800059c:	689b      	ldr	r3, [r3, #8]
 800059e:	f403 2360 	and.w	r3, r3, #917504	@ 0xe0000
 80005a2:	f5b3 2f60 	cmp.w	r3, #917504	@ 0xe0000
 80005a6:	d001      	beq.n	80005ac <HAL_ADC_PollForConversion+0x14c>
  return HAL_OK;
 80005a8:	2000      	movs	r0, #0
 80005aa:	e792      	b.n	80004d2 <HAL_ADC_PollForConversion+0x72>
     (hadc->Init.ContinuousConvMode == DISABLE)   )
 80005ac:	7b28      	ldrb	r0, [r5, #12]
  if(ADC_IS_SOFTWARE_START_REGULAR(hadc)        && 
 80005ae:	b960      	cbnz	r0, 80005ca <HAL_ADC_PollForConversion+0x16a>
    CLEAR_BIT(hadc->State, HAL_ADC_STATE_REG_BUSY);   
 80005b0:	6aab      	ldr	r3, [r5, #40]	@ 0x28
 80005b2:	f423 7380 	bic.w	r3, r3, #256	@ 0x100
 80005b6:	62ab      	str	r3, [r5, #40]	@ 0x28
    if (HAL_IS_BIT_CLR(hadc->State, HAL_ADC_STATE_INJ_BUSY))
 80005b8:	6aab      	ldr	r3, [r5, #40]	@ 0x28
 80005ba:	f413 5f80 	tst.w	r3, #4096	@ 0x1000
 80005be:	d188      	bne.n	80004d2 <HAL_ADC_PollForConversion+0x72>
      SET_BIT(hadc->State, HAL_ADC_STATE_READY);
 80005c0:	6aab      	ldr	r3, [r5, #40]	@ 0x28
 80005c2:	f043 0301 	orr.w	r3, r3, #1
 80005c6:	62ab      	str	r3, [r5, #40]	@ 0x28
 80005c8:	e783      	b.n	80004d2 <HAL_ADC_PollForConversion+0x72>
  return HAL_OK;
 80005ca:	2000      	movs	r0, #0
 80005cc:	e781      	b.n	80004d2 <HAL_ADC_PollForConversion+0x72>
 80005ce:	bf00      	nop
 80005d0:	20000038 	.word	0x20000038
 80005d4:	24924924 	.word	0x24924924
 80005d8:	12492492 	.word	0x12492492
 80005dc:	00492492 	.word	0x00492492
 80005e0:	00249249 	.word	0x00249249

080005e4 <HAL_ADC_GetValue>:

  /* Note: EOC flag is not cleared here by software because automatically     */
  /*       cleared by hardware when reading register DR.                      */
  
  /* Return ADC converted value */ 
  return hadc->Instance->DR;
 80005e4:	6803      	ldr	r3, [r0, #0]
 80005e6:	6cd8      	ldr	r0, [r3, #76]	@ 0x4c
}
 80005e8:	4770      	bx	lr
	...

080005ec <HAL_ADC_ConfigChannel>:
  * @param  hadc: ADC handle
  * @param  sConfig: Structure of ADC channel for regular group.
  * @retval HAL status
  */
HAL_StatusTypeDef HAL_ADC_ConfigChannel(ADC_HandleTypeDef* hadc, ADC_ChannelConfTypeDef* sConfig)
{ 
 80005ec:	b430      	push	{r4, r5}
 80005ee:	b082      	sub	sp, #8
  HAL_StatusTypeDef tmp_hal_status = HAL_OK;
  __IO uint32_t wait_loop_index = 0U;
 80005f0:	2200      	movs	r2, #0
 80005f2:	9201      	str	r2, [sp, #4]
  assert_param(IS_ADC_CHANNEL(sConfig->Channel));
  assert_param(IS_ADC_REGULAR_RANK(sConfig->Rank));
  assert_param(IS_ADC_SAMPLE_TIME(sConfig->SamplingTime));
  
  /* Process locked */
  __HAL_LOCK(hadc);
 80005f4:	f890 2024 	ldrb.w	r2, [r0, #36]	@ 0x24
 80005f8:	2a01      	cmp	r2, #1
 80005fa:	f000 808f 	beq.w	800071c <HAL_ADC_ConfigChannel+0x130>
 80005fe:	4603      	mov	r3, r0
 8000600:	2201      	movs	r2, #1
 8000602:	f880 2024 	strb.w	r2, [r0, #36]	@ 0x24
  
  
  /* Regular sequence configuration */
  /* For Rank 1 to 6 */
  if (sConfig->Rank < 7U)
 8000606:	684a      	ldr	r2, [r1, #4]
 8000608:	2a06      	cmp	r2, #6
 800060a:	d82d      	bhi.n	8000668 <HAL_ADC_ConfigChannel+0x7c>
  {
    MODIFY_REG(hadc->Instance->SQR3                        ,
 800060c:	6804      	ldr	r4, [r0, #0]
 800060e:	6b60      	ldr	r0, [r4, #52]	@ 0x34
 8000610:	eb02 0282 	add.w	r2, r2, r2, lsl #2
 8000614:	3a05      	subs	r2, #5
 8000616:	f04f 0c1f 	mov.w	ip, #31
 800061a:	fa0c fc02 	lsl.w	ip, ip, r2
 800061e:	ea20 000c 	bic.w	r0, r0, ip
 8000622:	680d      	ldr	r5, [r1, #0]
 8000624:	fa05 f202 	lsl.w	r2, r5, r2
 8000628:	4302      	orrs	r2, r0
 800062a:	6362      	str	r2, [r4, #52]	@ 0x34
  }
  
  
  /* Channel sampling time configuration */
  /* For channels 10 to 17 */
  if (sConfig->Channel >= ADC_CHANNEL_10)
 800062c:	680a      	ldr	r2, [r1, #0]
 800062e:	2a09      	cmp	r2, #9
 8000630:	d938      	bls.n	80006a4 <HAL_ADC_ConfigChannel+0xb8>
  {
    MODIFY_REG(hadc->Instance->SMPR1                             ,
 8000632:	681c      	ldr	r4, [r3, #0]
 8000634:	68e0      	ldr	r0, [r4, #12]
 8000636:	eb02 0242 	add.w	r2, r2, r2, lsl #1
 800063a:	3a1e      	subs	r2, #30
 800063c:	f04f 0c07 	mov.w	ip, #7
 8000640:	fa0c fc02 	lsl.w	ip, ip, r2
 8000644:	ea20 000c 	bic.w	r0, r0, ip
 8000648:	688d      	ldr	r5, [r1, #8]
 800064a:	fa05 f202 	lsl.w	r2, r5, r2
 800064e:	4302      	orrs	r2, r0
 8000650:	60e2      	str	r2, [r4, #12]
               ADC_SMPR2(sConfig->SamplingTime, sConfig->Channel) );
  }
  
  /* If ADC1 Channel_16 or Channel_17 is selected, enable Temperature sensor  */
  /* and VREFINT measurement path.                                            */
  if ((sConfig->Channel == ADC_CHANNEL_TEMPSENSOR) ||
 8000652:	680a      	ldr	r2, [r1, #0]
 8000654:	3a10      	subs	r2, #16
 8000656:	2a01      	cmp	r2, #1
 8000658:	d934      	bls.n	80006c4 <HAL_ADC_ConfigChannel+0xd8>
  HAL_StatusTypeDef tmp_hal_status = HAL_OK;
 800065a:	2000      	movs	r0, #0
      tmp_hal_status = HAL_ERROR;
    }
  }
  
  /* Process unlocked */
  __HAL_UNLOCK(hadc);
 800065c:	2200      	movs	r2, #0
 800065e:	f883 2024 	strb.w	r2, [r3, #36]	@ 0x24
  
  /* Return function status */
  return tmp_hal_status;
}
 8000662:	b002      	add	sp, #8
 8000664:	bc30      	pop	{r4, r5}
 8000666:	4770      	bx	lr
  else if (sConfig->Rank < 13U)
 8000668:	2a0c      	cmp	r2, #12
 800066a:	d80d      	bhi.n	8000688 <HAL_ADC_ConfigChannel+0x9c>
    MODIFY_REG(hadc->Instance->SQR2                        ,
 800066c:	6805      	ldr	r5, [r0, #0]
 800066e:	6b28      	ldr	r0, [r5, #48]	@ 0x30
 8000670:	eb02 0282 	add.w	r2, r2, r2, lsl #2
 8000674:	3a23      	subs	r2, #35	@ 0x23
 8000676:	241f      	movs	r4, #31
 8000678:	4094      	lsls	r4, r2
 800067a:	ea20 0004 	bic.w	r0, r0, r4
 800067e:	680c      	ldr	r4, [r1, #0]
 8000680:	4094      	lsls	r4, r2
 8000682:	4320      	orrs	r0, r4
 8000684:	6328      	str	r0, [r5, #48]	@ 0x30
 8000686:	e7d1      	b.n	800062c <HAL_ADC_ConfigChannel+0x40>
    MODIFY_REG(hadc->Instance->SQR1                        ,
 8000688:	6805      	ldr	r5, [r0, #0]
 800068a:	6ae8      	ldr	r0, [r5, #44]	@ 0x2c
 800068c:	eb02 0282 	add.w	r2, r2, r2, lsl #2
 8000690:	3a41      	subs	r2, #65	@ 0x41
 8000692:	241f      	movs	r4, #31
 8000694:	4094      	lsls	r4, r2
 8000696:	ea20 0004 	bic.w	r0, r0, r4
 800069a:	680c      	ldr	r4, [r1, #0]
 800069c:	4094      	lsls	r4, r2
 800069e:	4320      	orrs	r0, r4
 80006a0:	62e8      	str	r0, [r5, #44]	@ 0x2c
 80006a2:	e7c3      	b.n	800062c <HAL_ADC_ConfigChannel+0x40>
    MODIFY_REG(hadc->Instance->SMPR2                             ,
 80006a4:	681c      	ldr	r4, [r3, #0]
 80006a6:	6920      	ldr	r0, [r4, #16]
 80006a8:	eb02 0242 	add.w	r2, r2, r2, lsl #1
 80006ac:	f04f 0c07 	mov.w	ip, #7
 80006b0:	fa0c fc02 	lsl.w	ip, ip, r2
 80006b4:	ea20 000c 	bic.w	r0, r0, ip
 80006b8:	688d      	ldr	r5, [r1, #8]
 80006ba:	fa05 f202 	lsl.w	r2, r5, r2
 80006be:	4302      	orrs	r2, r0
 80006c0:	6122      	str	r2, [r4, #16]
 80006c2:	e7c6      	b.n	8000652 <HAL_ADC_ConfigChannel+0x66>
    if (hadc->Instance == ADC1)
 80006c4:	681a      	ldr	r2, [r3, #0]
 80006c6:	4816      	ldr	r0, [pc, #88]	@ (8000720 <HAL_ADC_ConfigChannel+0x134>)
 80006c8:	4282      	cmp	r2, r0
 80006ca:	d005      	beq.n	80006d8 <HAL_ADC_ConfigChannel+0xec>
      SET_BIT(hadc->State, HAL_ADC_STATE_ERROR_CONFIG);
 80006cc:	6a9a      	ldr	r2, [r3, #40]	@ 0x28
 80006ce:	f042 0220 	orr.w	r2, r2, #32
 80006d2:	629a      	str	r2, [r3, #40]	@ 0x28
      tmp_hal_status = HAL_ERROR;
 80006d4:	2001      	movs	r0, #1
 80006d6:	e7c1      	b.n	800065c <HAL_ADC_ConfigChannel+0x70>
      if (READ_BIT(hadc->Instance->CR2, ADC_CR2_TSVREFE) == RESET)
 80006d8:	6890      	ldr	r0, [r2, #8]
 80006da:	f410 0f00 	tst.w	r0, #8388608	@ 0x800000
 80006de:	d11b      	bne.n	8000718 <HAL_ADC_ConfigChannel+0x12c>
        SET_BIT(hadc->Instance->CR2, ADC_CR2_TSVREFE);
 80006e0:	6890      	ldr	r0, [r2, #8]
 80006e2:	f440 0000 	orr.w	r0, r0, #8388608	@ 0x800000
 80006e6:	6090      	str	r0, [r2, #8]
        if (sConfig->Channel == ADC_CHANNEL_TEMPSENSOR)
 80006e8:	680a      	ldr	r2, [r1, #0]
 80006ea:	2a10      	cmp	r2, #16
 80006ec:	d001      	beq.n	80006f2 <HAL_ADC_ConfigChannel+0x106>
  HAL_StatusTypeDef tmp_hal_status = HAL_OK;
 80006ee:	2000      	movs	r0, #0
 80006f0:	e7b4      	b.n	800065c <HAL_ADC_ConfigChannel+0x70>
          wait_loop_index = (ADC_TEMPSENSOR_DELAY_US * (SystemCoreClock / 1000000U));
 80006f2:	4a0c      	ldr	r2, [pc, #48]	@ (8000724 <HAL_ADC_ConfigChannel+0x138>)
 80006f4:	6812      	ldr	r2, [r2, #0]
 80006f6:	490c      	ldr	r1, [pc, #48]	@ (8000728 <HAL_ADC_ConfigChannel+0x13c>)
 80006f8:	fba1 1202 	umull	r1, r2, r1, r2
 80006fc:	0c92      	lsrs	r2, r2, #18
 80006fe:	eb02 0282 	add.w	r2, r2, r2, lsl #2
 8000702:	0052      	lsls	r2, r2, #1
 8000704:	9201      	str	r2, [sp, #4]
          while(wait_loop_index != 0U)
 8000706:	e002      	b.n	800070e <HAL_ADC_ConfigChannel+0x122>
            wait_loop_index--;
 8000708:	9a01      	ldr	r2, [sp, #4]
 800070a:	3a01      	subs	r2, #1
 800070c:	9201      	str	r2, [sp, #4]
          while(wait_loop_index != 0U)
 800070e:	9a01      	ldr	r2, [sp, #4]
 8000710:	2a00      	cmp	r2, #0
 8000712:	d1f9      	bne.n	8000708 <HAL_ADC_ConfigChannel+0x11c>
  HAL_StatusTypeDef tmp_hal_status = HAL_OK;
 8000714:	2000      	movs	r0, #0
 8000716:	e7a1      	b.n	800065c <HAL_ADC_ConfigChannel+0x70>
 8000718:	2000      	movs	r0, #0
 800071a:	e79f      	b.n	800065c <HAL_ADC_ConfigChannel+0x70>
  __HAL_LOCK(hadc);
 800071c:	2002      	movs	r0, #2
 800071e:	e7a0      	b.n	8000662 <HAL_ADC_ConfigChannel+0x76>
 8000720:	40012400 	.word	0x40012400
 8000724:	20000038 	.word	0x20000038
 8000728:	431bde83 	.word	0x431bde83

0800072c <ADC_Enable>:
  *         and voltage regulator must be enabled (done into HAL_ADC_Init()).
  * @param  hadc: ADC handle
  * @retval HAL status.
  */
HAL_StatusTypeDef ADC_Enable(ADC_HandleTypeDef* hadc)
{
 800072c:	b530      	push	{r4, r5, lr}
 800072e:	b083      	sub	sp, #12
  uint32_t tickstart = 0U;
  __IO uint32_t wait_loop_index = 0U;
 8000730:	2300      	movs	r3, #0
 8000732:	9301      	str	r3, [sp, #4]
  
  /* ADC enable and wait for ADC ready (in case of ADC is disabled or         */
  /* enabling phase not yet completed: flag ADC ready not yet set).           */
  /* Timeout implemented to not be stuck if ADC cannot be enabled (possible   */
  /* causes: ADC clock not running, ...).                                     */
  if (ADC_IS_ENABLE(hadc) == RESET)
 8000734:	6803      	ldr	r3, [r0, #0]
 8000736:	689a      	ldr	r2, [r3, #8]
 8000738:	f012 0f01 	tst.w	r2, #1
 800073c:	d133      	bne.n	80007a6 <ADC_Enable+0x7a>
 800073e:	4604      	mov	r4, r0
  {
    /* Enable the Peripheral */
    __HAL_ADC_ENABLE(hadc);
 8000740:	689a      	ldr	r2, [r3, #8]
 8000742:	f042 0201 	orr.w	r2, r2, #1
 8000746:	609a      	str	r2, [r3, #8]
    
    /* Delay for ADC stabilization time */
    /* Compute number of CPU cycles to wait for */
    wait_loop_index = (ADC_STAB_DELAY_US * (SystemCoreClock / 1000000U));
 8000748:	4b18      	ldr	r3, [pc, #96]	@ (80007ac <ADC_Enable+0x80>)
 800074a:	681b      	ldr	r3, [r3, #0]
 800074c:	4a18      	ldr	r2, [pc, #96]	@ (80007b0 <ADC_Enable+0x84>)
 800074e:	fba2 2303 	umull	r2, r3, r2, r3
 8000752:	0c9b      	lsrs	r3, r3, #18
 8000754:	9301      	str	r3, [sp, #4]
    while(wait_loop_index != 0U)
 8000756:	e002      	b.n	800075e <ADC_Enable+0x32>
    {
      wait_loop_index--;
 8000758:	9b01      	ldr	r3, [sp, #4]
 800075a:	3b01      	subs	r3, #1
 800075c:	9301      	str	r3, [sp, #4]
    while(wait_loop_index != 0U)
 800075e:	9b01      	ldr	r3, [sp, #4]
 8000760:	2b00      	cmp	r3, #0
 8000762:	d1f9      	bne.n	8000758 <ADC_Enable+0x2c>
    }
    
    /* Get tick count */
    tickstart = HAL_GetTick();
 8000764:	f7ff fe76 	bl	8000454 <HAL_GetTick>
 8000768:	4605      	mov	r5, r0

    /* Wait for ADC effectively enabled */
    while(ADC_IS_ENABLE(hadc) == RESET)
 800076a:	6823      	ldr	r3, [r4, #0]
 800076c:	689b      	ldr	r3, [r3, #8]
 800076e:	f013 0f01 	tst.w	r3, #1
 8000772:	d116      	bne.n	80007a2 <ADC_Enable+0x76>
    {
      if((HAL_GetTick() - tickstart) > ADC_ENABLE_TIMEOUT)
 8000774:	f7ff fe6e 	bl	8000454 <HAL_GetTick>
 8000778:	1b43      	subs	r3, r0, r5
 800077a:	2b02      	cmp	r3, #2
 800077c:	d9f5      	bls.n	800076a <ADC_Enable+0x3e>
      {
        /* New check to avoid false timeout detection in case of preemption */
        if(ADC_IS_ENABLE(hadc) == RESET)
 800077e:	6823      	ldr	r3, [r4, #0]
 8000780:	689b      	ldr	r3, [r3, #8]
 8000782:	f013 0f01 	tst.w	r3, #1
 8000786:	d1f0      	bne.n	800076a <ADC_Enable+0x3e>
        {
          /* Update ADC state machine to error */
          SET_BIT(hadc->State, HAL_ADC_STATE_ERROR_INTERNAL);
 8000788:	6aa3      	ldr	r3, [r4, #40]	@ 0x28
 800078a:	f043 0310 	orr.w	r3, r3, #16
 800078e:	62a3      	str	r3, [r4, #40]	@ 0x28

          /* Set ADC error code to ADC IP internal error */
          SET_BIT(hadc->ErrorCode, HAL_ADC_ERROR_INTERNAL);
 8000790:	6ae3      	ldr	r3, [r4, #44]	@ 0x2c
 8000792:	f043 0301 	orr.w	r3, r3, #1
 8000796:	62e3      	str	r3, [r4, #44]	@ 0x2c

          /* Process unlocked */
          __HAL_UNLOCK(hadc);
 8000798:	2300      	movs	r3, #0
 800079a:	f884 3024 	strb.w	r3, [r4, #36]	@ 0x24

          return HAL_ERROR;
 800079e:	2001      	movs	r0, #1
 80007a0:	e002      	b.n	80007a8 <ADC_Enable+0x7c>
      }
    }
  }
   
  /* Return HAL status */
  return HAL_OK;
 80007a2:	2000      	movs	r0, #0
 80007a4:	e000      	b.n	80007a8 <ADC_Enable+0x7c>
 80007a6:	2000      	movs	r0, #0
}
 80007a8:	b003      	add	sp, #12
 80007aa:	bd30      	pop	{r4, r5, pc}
 80007ac:	20000038 	.word	0x20000038
 80007b0:	431bde83 	.word	0x431bde83

080007b4 <HAL_ADC_Start>:
  __HAL_LOCK(hadc);
 80007b4:	f890 3024 	ldrb.w	r3, [r0, #36]	@ 0x24
 80007b8:	2b01      	cmp	r3, #1
 80007ba:	d068      	beq.n	800088e <HAL_ADC_Start+0xda>
{
 80007bc:	b510      	push	{r4, lr}
 80007be:	4604      	mov	r4, r0
  __HAL_LOCK(hadc);
 80007c0:	2301      	movs	r3, #1
 80007c2:	f880 3024 	strb.w	r3, [r0, #36]	@ 0x24
  tmp_hal_status = ADC_Enable(hadc);
 80007c6:	f7ff ffb1 	bl	800072c <ADC_Enable>
  if (tmp_hal_status == HAL_OK)
 80007ca:	2800      	cmp	r0, #0
 80007cc:	d15b      	bne.n	8000886 <HAL_ADC_Start+0xd2>
    ADC_STATE_CLR_SET(hadc->State,
 80007ce:	6aa3      	ldr	r3, [r4, #40]	@ 0x28
 80007d0:	f423 7340 	bic.w	r3, r3, #768	@ 0x300
 80007d4:	f023 0301 	bic.w	r3, r3, #1
 80007d8:	f443 7380 	orr.w	r3, r3, #256	@ 0x100
 80007dc:	62a3      	str	r3, [r4, #40]	@ 0x28
    if (ADC_NONMULTIMODE_OR_MULTIMODEMASTER(hadc))
 80007de:	6823      	ldr	r3, [r4, #0]
 80007e0:	4a2c      	ldr	r2, [pc, #176]	@ (8000894 <HAL_ADC_Start+0xe0>)
 80007e2:	4293      	cmp	r3, r2
 80007e4:	d027      	beq.n	8000836 <HAL_ADC_Start+0x82>
      CLEAR_BIT(hadc->State, HAL_ADC_STATE_MULTIMODE_SLAVE);
 80007e6:	6aa2      	ldr	r2, [r4, #40]	@ 0x28
 80007e8:	f422 1280 	bic.w	r2, r2, #1048576	@ 0x100000
 80007ec:	62a2      	str	r2, [r4, #40]	@ 0x28
      if (READ_BIT(hadc->Instance->CR1, ADC_CR1_JAUTO) != RESET)
 80007ee:	685a      	ldr	r2, [r3, #4]
 80007f0:	f412 6f80 	tst.w	r2, #1024	@ 0x400
 80007f4:	d005      	beq.n	8000802 <HAL_ADC_Start+0x4e>
        ADC_STATE_CLR_SET(hadc->State, HAL_ADC_STATE_INJ_EOC, HAL_ADC_STATE_INJ_BUSY);  
 80007f6:	6aa2      	ldr	r2, [r4, #40]	@ 0x28
 80007f8:	f422 5240 	bic.w	r2, r2, #12288	@ 0x3000
 80007fc:	f442 5280 	orr.w	r2, r2, #4096	@ 0x1000
 8000800:	62a2      	str	r2, [r4, #40]	@ 0x28
    if (HAL_IS_BIT_SET(hadc->State, HAL_ADC_STATE_INJ_BUSY))
 8000802:	6aa2      	ldr	r2, [r4, #40]	@ 0x28
 8000804:	f412 5f80 	tst.w	r2, #4096	@ 0x1000
 8000808:	d02b      	beq.n	8000862 <HAL_ADC_Start+0xae>
      CLEAR_BIT(hadc->ErrorCode, (HAL_ADC_ERROR_OVR | HAL_ADC_ERROR_DMA));         
 800080a:	6ae2      	ldr	r2, [r4, #44]	@ 0x2c
 800080c:	f022 0206 	bic.w	r2, r2, #6
 8000810:	62e2      	str	r2, [r4, #44]	@ 0x2c
    __HAL_UNLOCK(hadc);
 8000812:	2200      	movs	r2, #0
 8000814:	f884 2024 	strb.w	r2, [r4, #36]	@ 0x24
    __HAL_ADC_CLEAR_FLAG(hadc, ADC_FLAG_EOC);
 8000818:	f06f 0202 	mvn.w	r2, #2
 800081c:	601a      	str	r2, [r3, #0]
    if (ADC_IS_SOFTWARE_START_REGULAR(hadc)      &&
 800081e:	6823      	ldr	r3, [r4, #0]
 8000820:	689a      	ldr	r2, [r3, #8]
 8000822:	f402 2260 	and.w	r2, r2, #917504	@ 0xe0000
 8000826:	f5b2 2f60 	cmp.w	r2, #917504	@ 0xe0000
 800082a:	d01d      	beq.n	8000868 <HAL_ADC_Start+0xb4>
      SET_BIT(hadc->Instance->CR2, ADC_CR2_EXTTRIG);
 800082c:	689a      	ldr	r2, [r3, #8]
 800082e:	f442 1280 	orr.w	r2, r2, #1048576	@ 0x100000
 8000832:	609a      	str	r2, [r3, #8]
 8000834:	e02a      	b.n	800088c <HAL_ADC_Start+0xd8>
    if (ADC_NONMULTIMODE_OR_MULTIMODEMASTER(hadc))
 8000836:	f5a2 6280 	sub.w	r2, r2, #1024	@ 0x400
 800083a:	6852      	ldr	r2, [r2, #4]
 800083c:	f412 2f70 	tst.w	r2, #983040	@ 0xf0000
 8000840:	d0d1      	beq.n	80007e6 <HAL_ADC_Start+0x32>
      SET_BIT(hadc->State, HAL_ADC_STATE_MULTIMODE_SLAVE);
 8000842:	6aa2      	ldr	r2, [r4, #40]	@ 0x28
 8000844:	f442 1280 	orr.w	r2, r2, #1048576	@ 0x100000
 8000848:	62a2      	str	r2, [r4, #40]	@ 0x28
      if (ADC_MULTIMODE_AUTO_INJECTED(hadc))
 800084a:	4a13      	ldr	r2, [pc, #76]	@ (8000898 <HAL_ADC_Start+0xe4>)
 800084c:	6852      	ldr	r2, [r2, #4]
 800084e:	f412 6f80 	tst.w	r2, #1024	@ 0x400
 8000852:	d0d6      	beq.n	8000802 <HAL_ADC_Start+0x4e>
        ADC_STATE_CLR_SET(hadc->State, HAL_ADC_STATE_INJ_EOC, HAL_ADC_STATE_INJ_BUSY);
 8000854:	6aa2      	ldr	r2, [r4, #40]	@ 0x28
 8000856:	f422 5240 	bic.w	r2, r2, #12288	@ 0x3000
 800085a:	f442 5280 	orr.w	r2, r2, #4096	@ 0x1000
 800085e:	62a2      	str	r2, [r4, #40]	@ 0x28
 8000860:	e7cf      	b.n	8000802 <HAL_ADC_Start+0x4e>
      ADC_CLEAR_ERRORCODE(hadc);
 8000862:	2200      	movs	r2, #0
 8000864:	62e2      	str	r2, [r4, #44]	@ 0x2c
 8000866:	e7d4      	b.n	8000812 <HAL_ADC_Start+0x5e>
    if (ADC_IS_SOFTWARE_START_REGULAR(hadc)      &&
 8000868:	4a0a      	ldr	r2, [pc, #40]	@ (8000894 <HAL_ADC_Start+0xe0>)
 800086a:	4293      	cmp	r3, r2
 800086c:	d004      	beq.n	8000878 <HAL_ADC_Start+0xc4>
      SET_BIT(hadc->Instance->CR2, (ADC_CR2_SWSTART | ADC_CR2_EXTTRIG));
 800086e:	689a      	ldr	r2, [r3, #8]
 8000870:	f442 02a0 	orr.w	r2, r2, #5242880	@ 0x500000
 8000874:	609a      	str	r2, [r3, #8]
 8000876:	e009      	b.n	800088c <HAL_ADC_Start+0xd8>
        ADC_NONMULTIMODE_OR_MULTIMODEMASTER(hadc)  )
 8000878:	f5a2 6280 	sub.w	r2, r2, #1024	@ 0x400
 800087c:	6852      	ldr	r2, [r2, #4]
    if (ADC_IS_SOFTWARE_START_REGULAR(hadc)      &&
 800087e:	f412 2f70 	tst.w	r2, #983040	@ 0xf0000
 8000882:	d1d3      	bne.n	800082c <HAL_ADC_Start+0x78>
 8000884:	e7f3      	b.n	800086e <HAL_ADC_Start+0xba>
    __HAL_UNLOCK(hadc);
 8000886:	2300      	movs	r3, #0
 8000888:	f884 3024 	strb.w	r3, [r4, #36]	@ 0x24
}
 800088c:	bd10      	pop	{r4, pc}
  __HAL_LOCK(hadc);
 800088e:	2002      	movs	r0, #2
}
 8000890:	4770      	bx	lr
 8000892:	bf00      	nop
 8000894:	40012800 	.word	0x40012800
 8000898:	40012400 	.word	0x40012400

0800089c <ADC_ConversionStop_Disable>:
  *         stopped to disable the ADC.
  * @param  hadc: ADC handle
  * @retval HAL status.
  */
HAL_StatusTypeDef ADC_ConversionStop_Disable(ADC_HandleTypeDef* hadc)
{
 800089c:	b538      	push	{r3, r4, r5, lr}
  uint32_t tickstart = 0U;
  
  /* Verification if ADC is not already disabled */
  if (ADC_IS_ENABLE(hadc) != RESET)
 800089e:	6803      	ldr	r3, [r0, #0]
 80008a0:	689a      	ldr	r2, [r3, #8]
 80008a2:	f012 0f01 	tst.w	r2, #1
 80008a6:	d101      	bne.n	80008ac <ADC_ConversionStop_Disable+0x10>
      }
    }
  }
  
  /* Return HAL status */
  return HAL_OK;
 80008a8:	2000      	movs	r0, #0
}
 80008aa:	bd38      	pop	{r3, r4, r5, pc}
 80008ac:	4604      	mov	r4, r0
    __HAL_ADC_DISABLE(hadc);
 80008ae:	689a      	ldr	r2, [r3, #8]
 80008b0:	f022 0201 	bic.w	r2, r2, #1
 80008b4:	609a      	str	r2, [r3, #8]
    tickstart = HAL_GetTick();
 80008b6:	f7ff fdcd 	bl	8000454 <HAL_GetTick>
 80008ba:	4605      	mov	r5, r0
    while(ADC_IS_ENABLE(hadc) != RESET)
 80008bc:	6823      	ldr	r3, [r4, #0]
 80008be:	689b      	ldr	r3, [r3, #8]
 80008c0:	f013 0f01 	tst.w	r3, #1
 80008c4:	d013      	beq.n	80008ee <ADC_ConversionStop_Disable+0x52>
      if((HAL_GetTick() - tickstart) > ADC_DISABLE_TIMEOUT)
 80008c6:	f7ff fdc5 	bl	8000454 <HAL_GetTick>
 80008ca:	1b43      	subs	r3, r0, r5
 80008cc:	2b02      	cmp	r3, #2
 80008ce:	d9f5      	bls.n	80008bc <ADC_ConversionStop_Disable+0x20>
        if(ADC_IS_ENABLE(hadc) != RESET)
 80008d0:	6823      	ldr	r3, [r4, #0]
 80008d2:	689b      	ldr	r3, [r3, #8]
 80008d4:	f013 0f01 	tst.w	r3, #1
 80008d8:	d0f0      	beq.n	80008bc <ADC_ConversionStop_Disable+0x20>
          SET_BIT(hadc->State, HAL_ADC_STATE_ERROR_INTERNAL);
 80008da:	6aa3      	ldr	r3, [r4, #40]	@ 0x28
 80008dc:	f043 0310 	orr.w	r3, r3, #16
 80008e0:	62a3      	str	r3, [r4, #40]	@ 0x28
          SET_BIT(hadc->ErrorCode, HAL_ADC_ERROR_INTERNAL);
 80008e2:	6ae3      	ldr	r3, [r4, #44]	@ 0x2c
 80008e4:	f043 0301 	orr.w	r3, r3, #1
 80008e8:	62e3      	str	r3, [r4, #44]	@ 0x2c
          return HAL_ERROR;
 80008ea:	2001      	movs	r0, #1
 80008ec:	e7dd      	b.n	80008aa <ADC_ConversionStop_Disable+0xe>
  return HAL_OK;
 80008ee:	2000      	movs	r0, #0
 80008f0:	e7db      	b.n	80008aa <ADC_ConversionStop_Disable+0xe>
	...

080008f4 <HAL_ADC_Init>:
  if(hadc == NULL)
 80008f4:	2800      	cmp	r0, #0
 80008f6:	d07b      	beq.n	80009f0 <HAL_ADC_Init+0xfc>
{
 80008f8:	b570      	push	{r4, r5, r6, lr}
 80008fa:	4604      	mov	r4, r0
  if (hadc->State == HAL_ADC_STATE_RESET)
 80008fc:	6a83      	ldr	r3, [r0, #40]	@ 0x28
 80008fe:	2b00      	cmp	r3, #0
 8000900:	d04d      	beq.n	800099e <HAL_ADC_Init+0xaa>
  tmp_hal_status = ADC_ConversionStop_Disable(hadc);
 8000902:	4620      	mov	r0, r4
 8000904:	f7ff ffca 	bl	800089c <ADC_ConversionStop_Disable>
  if (HAL_IS_BIT_CLR(hadc->State, HAL_ADC_STATE_ERROR_INTERNAL) &&
 8000908:	6aa3      	ldr	r3, [r4, #40]	@ 0x28
 800090a:	f013 0310 	ands.w	r3, r3, #16
 800090e:	d169      	bne.n	80009e4 <HAL_ADC_Init+0xf0>
 8000910:	2800      	cmp	r0, #0
 8000912:	d167      	bne.n	80009e4 <HAL_ADC_Init+0xf0>
    ADC_STATE_CLR_SET(hadc->State,
 8000914:	6aa2      	ldr	r2, [r4, #40]	@ 0x28
 8000916:	f422 5288 	bic.w	r2, r2, #4352	@ 0x1100
 800091a:	f022 0202 	bic.w	r2, r2, #2
 800091e:	f042 0202 	orr.w	r2, r2, #2
 8000922:	62a2      	str	r2, [r4, #40]	@ 0x28
    tmp_cr2 |= (hadc->Init.DataAlign                                          |
 8000924:	6862      	ldr	r2, [r4, #4]
                ADC_CFGR_EXTSEL(hadc, hadc->Init.ExternalTrigConv)            |
 8000926:	69e1      	ldr	r1, [r4, #28]
    tmp_cr2 |= (hadc->Init.DataAlign                                          |
 8000928:	430a      	orrs	r2, r1
                ADC_CR2_CONTINUOUS((uint32_t)hadc->Init.ContinuousConvMode)   );
 800092a:	7b21      	ldrb	r1, [r4, #12]
                ADC_CFGR_EXTSEL(hadc, hadc->Init.ExternalTrigConv)            |
 800092c:	ea42 0241 	orr.w	r2, r2, r1, lsl #1
    tmp_cr1 |= (ADC_CR1_SCAN_SET(hadc->Init.ScanConvMode));
 8000930:	68a5      	ldr	r5, [r4, #8]
 8000932:	f5b5 7f80 	cmp.w	r5, #256	@ 0x100
 8000936:	d002      	beq.n	800093e <HAL_ADC_Init+0x4a>
 8000938:	2d01      	cmp	r5, #1
 800093a:	d036      	beq.n	80009aa <HAL_ADC_Init+0xb6>
 800093c:	461d      	mov	r5, r3
    if (hadc->Init.DiscontinuousConvMode == ENABLE)
 800093e:	7d26      	ldrb	r6, [r4, #20]
 8000940:	2e01      	cmp	r6, #1
 8000942:	d035      	beq.n	80009b0 <HAL_ADC_Init+0xbc>
      MODIFY_REG(hadc->Instance->CR1,
 8000944:	6826      	ldr	r6, [r4, #0]
 8000946:	6871      	ldr	r1, [r6, #4]
 8000948:	f421 4169 	bic.w	r1, r1, #59648	@ 0xe900
 800094c:	4329      	orrs	r1, r5
 800094e:	6071      	str	r1, [r6, #4]
      MODIFY_REG(hadc->Instance->CR2,
 8000950:	6825      	ldr	r5, [r4, #0]
 8000952:	68ae      	ldr	r6, [r5, #8]
 8000954:	4927      	ldr	r1, [pc, #156]	@ (80009f4 <HAL_ADC_Init+0x100>)
 8000956:	4031      	ands	r1, r6
 8000958:	4311      	orrs	r1, r2
 800095a:	60a9      	str	r1, [r5, #8]
    if (ADC_CR1_SCAN_SET(hadc->Init.ScanConvMode) == ADC_SCAN_ENABLE)
 800095c:	68a1      	ldr	r1, [r4, #8]
 800095e:	f5b1 7f80 	cmp.w	r1, #256	@ 0x100
 8000962:	d001      	beq.n	8000968 <HAL_ADC_Init+0x74>
 8000964:	2901      	cmp	r1, #1
 8000966:	d102      	bne.n	800096e <HAL_ADC_Init+0x7a>
      tmp_sqr1 = ADC_SQR1_L_SHIFT(hadc->Init.NbrOfConversion);
 8000968:	6923      	ldr	r3, [r4, #16]
 800096a:	3b01      	subs	r3, #1
 800096c:	051b      	lsls	r3, r3, #20
    MODIFY_REG(hadc->Instance->SQR1,
 800096e:	6825      	ldr	r5, [r4, #0]
 8000970:	6ae9      	ldr	r1, [r5, #44]	@ 0x2c
 8000972:	f421 0170 	bic.w	r1, r1, #15728640	@ 0xf00000
 8000976:	430b      	orrs	r3, r1
 8000978:	62eb      	str	r3, [r5, #44]	@ 0x2c
    if (READ_BIT(hadc->Instance->CR2, ~(ADC_CR2_ADON | ADC_CR2_DMA |
 800097a:	6823      	ldr	r3, [r4, #0]
 800097c:	6899      	ldr	r1, [r3, #8]
 800097e:	4b1e      	ldr	r3, [pc, #120]	@ (80009f8 <HAL_ADC_Init+0x104>)
 8000980:	400b      	ands	r3, r1
 8000982:	429a      	cmp	r2, r3
 8000984:	d025      	beq.n	80009d2 <HAL_ADC_Init+0xde>
      ADC_STATE_CLR_SET(hadc->State,
 8000986:	6aa3      	ldr	r3, [r4, #40]	@ 0x28
 8000988:	f023 0312 	bic.w	r3, r3, #18
 800098c:	f043 0310 	orr.w	r3, r3, #16
 8000990:	62a3      	str	r3, [r4, #40]	@ 0x28
      SET_BIT(hadc->ErrorCode, HAL_ADC_ERROR_INTERNAL);
 8000992:	6ae3      	ldr	r3, [r4, #44]	@ 0x2c
 8000994:	f043 0301 	orr.w	r3, r3, #1
 8000998:	62e3      	str	r3, [r4, #44]	@ 0x2c
      tmp_hal_status = HAL_ERROR;
 800099a:	2001      	movs	r0, #1
 800099c:	e027      	b.n	80009ee <HAL_ADC_Init+0xfa>
    ADC_CLEAR_ERRORCODE(hadc);
 800099e:	62c3      	str	r3, [r0, #44]	@ 0x2c
    hadc->Lock = HAL_UNLOCKED;
 80009a0:	f880 3024 	strb.w	r3, [r0, #36]	@ 0x24
    HAL_ADC_MspInit(hadc);
 80009a4:	f000 f9c0 	bl	8000d28 <HAL_ADC_MspInit>
 80009a8:	e7ab      	b.n	8000902 <HAL_ADC_Init+0xe>
    tmp_cr1 |= (ADC_CR1_SCAN_SET(hadc->Init.ScanConvMode));
 80009aa:	f44f 7580 	mov.w	r5, #256	@ 0x100
 80009ae:	e7c6      	b.n	800093e <HAL_ADC_Init+0x4a>
      if (hadc->Init.ContinuousConvMode == DISABLE)
 80009b0:	b931      	cbnz	r1, 80009c0 <HAL_ADC_Init+0xcc>
        SET_BIT(tmp_cr1, ADC_CR1_DISCEN                                            |
 80009b2:	69a1      	ldr	r1, [r4, #24]
 80009b4:	3901      	subs	r1, #1
 80009b6:	ea45 3141 	orr.w	r1, r5, r1, lsl #13
 80009ba:	f441 6500 	orr.w	r5, r1, #2048	@ 0x800
 80009be:	e7c1      	b.n	8000944 <HAL_ADC_Init+0x50>
        SET_BIT(hadc->State, HAL_ADC_STATE_ERROR_CONFIG);
 80009c0:	6aa1      	ldr	r1, [r4, #40]	@ 0x28
 80009c2:	f041 0120 	orr.w	r1, r1, #32
 80009c6:	62a1      	str	r1, [r4, #40]	@ 0x28
        SET_BIT(hadc->ErrorCode, HAL_ADC_ERROR_INTERNAL);
 80009c8:	6ae1      	ldr	r1, [r4, #44]	@ 0x2c
 80009ca:	f041 0101 	orr.w	r1, r1, #1
 80009ce:	62e1      	str	r1, [r4, #44]	@ 0x2c
 80009d0:	e7b8      	b.n	8000944 <HAL_ADC_Init+0x50>
      ADC_CLEAR_ERRORCODE(hadc);
 80009d2:	2300      	movs	r3, #0
 80009d4:	62e3      	str	r3, [r4, #44]	@ 0x2c
      ADC_STATE_CLR_SET(hadc->State,
 80009d6:	6aa3      	ldr	r3, [r4, #40]	@ 0x28
 80009d8:	f023 0303 	bic.w	r3, r3, #3
 80009dc:	f043 0301 	orr.w	r3, r3, #1
 80009e0:	62a3      	str	r3, [r4, #40]	@ 0x28
 80009e2:	e004      	b.n	80009ee <HAL_ADC_Init+0xfa>
    SET_BIT(hadc->State, HAL_ADC_STATE_ERROR_INTERNAL);
 80009e4:	6aa3      	ldr	r3, [r4, #40]	@ 0x28
 80009e6:	f043 0310 	orr.w	r3, r3, #16
 80009ea:	62a3      	str	r3, [r4, #40]	@ 0x28
    tmp_hal_status = HAL_ERROR;
 80009ec:	2001      	movs	r0, #1
}
 80009ee:	bd70      	pop	{r4, r5, r6, pc}
    return HAL_ERROR;
 80009f0:	2001      	movs	r0, #1
}
 80009f2:	4770      	bx	lr
 80009f4:	ffe1f7fd 	.word	0xffe1f7fd
 80009f8:	ff1f0efe 	.word	0xff1f0efe

080009fc <__NVIC_SetPriority>:
  \param [in]  priority  Priority to set.
  \note    The priority cannot be set for every processor exception.
 */
__STATIC_INLINE void __NVIC_SetPriority(IRQn_Type IRQn, uint32_t priority)
{
  if ((int32_t)(IRQn) >= 0)
 80009fc:	2800      	cmp	r0, #0
 80009fe:	db08      	blt.n	8000a12 <__NVIC_SetPriority+0x16>
  {
    NVIC->IP[((uint32_t)IRQn)]               = (uint8_t)((priority << (8U - __NVIC_PRIO_BITS)) & (uint32_t)0xFFUL);
 8000a00:	0109      	lsls	r1, r1, #4
 8000a02:	b2c9      	uxtb	r1, r1
 8000a04:	f100 4060 	add.w	r0, r0, #3758096384	@ 0xe0000000
 8000a08:	f500 4061 	add.w	r0, r0, #57600	@ 0xe100
 8000a0c:	f880 1300 	strb.w	r1, [r0, #768]	@ 0x300
 8000a10:	4770      	bx	lr
  }
  else
  {
    SCB->SHP[(((uint32_t)IRQn) & 0xFUL)-4UL] = (uint8_t)((priority << (8U - __NVIC_PRIO_BITS)) & (uint32_t)0xFFUL);
 8000a12:	f000 000f 	and.w	r0, r0, #15
 8000a16:	0109      	lsls	r1, r1, #4
 8000a18:	b2c9      	uxtb	r1, r1
 8000a1a:	4b01      	ldr	r3, [pc, #4]	@ (8000a20 <__NVIC_SetPriority+0x24>)
 8000a1c:	5419      	strb	r1, [r3, r0]
  }
}
 8000a1e:	4770      	bx	lr
 8000a20:	e000ed14 	.word	0xe000ed14

08000a24 <NVIC_EncodePriority>:
  \param [in]   PreemptPriority  Preemptive priority value (starting from 0).
  \param [in]       SubPriority  Subpriority value (starting from 0).
  \return                        Encoded priority. Value can be used in the function \ref NVIC_SetPriority().
 */
__STATIC_INLINE uint32_t NVIC_EncodePriority (uint32_t PriorityGroup, uint32_t PreemptPriority, uint32_t SubPriority)
{
 8000a24:	b500      	push	{lr}
  uint32_t PriorityGroupTmp = (PriorityGroup & (uint32_t)0x07UL);   /* only values 0..7 are used          */
 8000a26:	f000 0007 	and.w	r0, r0, #7
  uint32_t PreemptPriorityBits;
  uint32_t SubPriorityBits;

  PreemptPriorityBits = ((7UL - PriorityGroupTmp) > (uint32_t)(__NVIC_PRIO_BITS)) ? (uint32_t)(__NVIC_PRIO_BITS) : (uint32_t)(7UL - PriorityGroupTmp);
 8000a2a:	f1c0 0c07 	rsb	ip, r0, #7
 8000a2e:	f1bc 0f04 	cmp.w	ip, #4
 8000a32:	bf28      	it	cs
 8000a34:	f04f 0c04 	movcs.w	ip, #4
  SubPriorityBits     = ((PriorityGroupTmp + (uint32_t)(__NVIC_PRIO_BITS)) < (uint32_t)7UL) ? (uint32_t)0UL : (uint32_t)((PriorityGroupTmp - 7UL) + (uint32_t)(__NVIC_PRIO_BITS));
 8000a38:	1d03      	adds	r3, r0, #4
 8000a3a:	2b06      	cmp	r3, #6
 8000a3c:	d90f      	bls.n	8000a5e <NVIC_EncodePriority+0x3a>
 8000a3e:	1ec3      	subs	r3, r0, #3

  return (
           ((PreemptPriority & (uint32_t)((1UL << (PreemptPriorityBits)) - 1UL)) << SubPriorityBits) |
 8000a40:	f04f 3eff 	mov.w	lr, #4294967295	@ 0xffffffff
 8000a44:	fa0e f00c 	lsl.w	r0, lr, ip
 8000a48:	ea21 0100 	bic.w	r1, r1, r0
 8000a4c:	4099      	lsls	r1, r3
           ((SubPriority     & (uint32_t)((1UL << (SubPriorityBits    )) - 1UL)))
 8000a4e:	fa0e fe03 	lsl.w	lr, lr, r3
 8000a52:	ea22 020e 	bic.w	r2, r2, lr
         );
}
 8000a56:	ea41 0002 	orr.w	r0, r1, r2
 8000a5a:	f85d fb04 	ldr.w	pc, [sp], #4
  SubPriorityBits     = ((PriorityGroupTmp + (uint32_t)(__NVIC_PRIO_BITS)) < (uint32_t)7UL) ? (uint32_t)0UL : (uint32_t)((PriorityGroupTmp - 7UL) + (uint32_t)(__NVIC_PRIO_BITS));
 8000a5e:	2300      	movs	r3, #0
 8000a60:	e7ee      	b.n	8000a40 <NVIC_EncodePriority+0x1c>
	...

08000a64 <HAL_NVIC_SetPriorityGrouping>:
  reg_value  =  SCB->AIRCR;                                                   /* read old register configuration    */
 8000a64:	4a07      	ldr	r2, [pc, #28]	@ (8000a84 <HAL_NVIC_SetPriorityGrouping+0x20>)
 8000a66:	68d3      	ldr	r3, [r2, #12]
  reg_value &= ~((uint32_t)(SCB_AIRCR_VECTKEY_Msk | SCB_AIRCR_PRIGROUP_Msk)); /* clear bits to change               */
 8000a68:	f423 63e0 	bic.w	r3, r3, #1792	@ 0x700
 8000a6c:	041b      	lsls	r3, r3, #16
 8000a6e:	0c1b      	lsrs	r3, r3, #16
                (PriorityGroupTmp << SCB_AIRCR_PRIGROUP_Pos) );               /* Insert write key and priority group */
 8000a70:	0200      	lsls	r0, r0, #8
 8000a72:	f400 60e0 	and.w	r0, r0, #1792	@ 0x700
                ((uint32_t)0x5FAUL << SCB_AIRCR_VECTKEY_Pos) |
 8000a76:	4303      	orrs	r3, r0
  reg_value  =  (reg_value                                   |
 8000a78:	f043 63bf 	orr.w	r3, r3, #100139008	@ 0x5f80000
 8000a7c:	f443 3300 	orr.w	r3, r3, #131072	@ 0x20000
  SCB->AIRCR =  reg_value;
 8000a80:	60d3      	str	r3, [r2, #12]
  /* Check the parameters */
  assert_param(IS_NVIC_PRIORITY_GROUP(PriorityGroup));
  
  /* Set the PRIGROUP[10:8] bits according to the PriorityGroup parameter value */
  NVIC_SetPriorityGrouping(PriorityGroup);
}
 8000a82:	4770      	bx	lr
 8000a84:	e000ed00 	.word	0xe000ed00

08000a88 <HAL_NVIC_SetPriority>:
  *         This parameter can be a value between 0 and 15
  *         A lower priority value indicates a higher priority.          
  * @retval None
  */
void HAL_NVIC_SetPriority(IRQn_Type IRQn, uint32_t PreemptPriority, uint32_t SubPriority)
{ 
 8000a88:	b510      	push	{r4, lr}
 8000a8a:	4604      	mov	r4, r0
  return ((uint32_t)((SCB->AIRCR & SCB_AIRCR_PRIGROUP_Msk) >> SCB_AIRCR_PRIGROUP_Pos));
 8000a8c:	4b05      	ldr	r3, [pc, #20]	@ (8000aa4 <HAL_NVIC_SetPriority+0x1c>)
 8000a8e:	68d8      	ldr	r0, [r3, #12]
  assert_param(IS_NVIC_SUB_PRIORITY(SubPriority));
  assert_param(IS_NVIC_PREEMPTION_PRIORITY(PreemptPriority));
  
  prioritygroup = NVIC_GetPriorityGrouping();
  
  NVIC_SetPriority(IRQn, NVIC_EncodePriority(prioritygroup, PreemptPriority, SubPriority));
 8000a90:	f3c0 2002 	ubfx	r0, r0, #8, #3
 8000a94:	f7ff ffc6 	bl	8000a24 <NVIC_EncodePriority>
 8000a98:	4601      	mov	r1, r0
 8000a9a:	4620      	mov	r0, r4
 8000a9c:	f7ff ffae 	bl	80009fc <__NVIC_SetPriority>
}
 8000aa0:	bd10      	pop	{r4, pc}
 8000aa2:	bf00      	nop
 8000aa4:	e000ed00 	.word	0xe000ed00

08000aa8 <HAL_SYSTICK_Config>:
           function <b>SysTick_Config</b> is not included. In this case, the file <b><i>device</i>.h</b>
           must contain a vendor-specific implementation of this function.
 */
__STATIC_INLINE uint32_t SysTick_Config(uint32_t ticks)
{
  if ((ticks - 1UL) > SysTick_LOAD_RELOAD_Msk)
 8000aa8:	3801      	subs	r0, #1
 8000aaa:	f1b0 7f80 	cmp.w	r0, #16777216	@ 0x1000000
 8000aae:	d20b      	bcs.n	8000ac8 <HAL_SYSTICK_Config+0x20>
  {
    return (1UL);                                                   /* Reload value impossible */
  }

  SysTick->LOAD  = (uint32_t)(ticks - 1UL);                         /* set reload register */
 8000ab0:	f04f 23e0 	mov.w	r3, #3758153728	@ 0xe000e000
 8000ab4:	6158      	str	r0, [r3, #20]
    SCB->SHP[(((uint32_t)IRQn) & 0xFUL)-4UL] = (uint8_t)((priority << (8U - __NVIC_PRIO_BITS)) & (uint32_t)0xFFUL);
 8000ab6:	4a05      	ldr	r2, [pc, #20]	@ (8000acc <HAL_SYSTICK_Config+0x24>)
 8000ab8:	21f0      	movs	r1, #240	@ 0xf0
 8000aba:	f882 1023 	strb.w	r1, [r2, #35]	@ 0x23
  NVIC_SetPriority (SysTick_IRQn, (1UL << __NVIC_PRIO_BITS) - 1UL); /* set Priority for Systick Interrupt */
  SysTick->VAL   = 0UL;                                             /* Load the SysTick Counter Value */
 8000abe:	2000      	movs	r0, #0
 8000ac0:	6198      	str	r0, [r3, #24]
  SysTick->CTRL  = SysTick_CTRL_CLKSOURCE_Msk |
 8000ac2:	2207      	movs	r2, #7
 8000ac4:	611a      	str	r2, [r3, #16]
                   SysTick_CTRL_TICKINT_Msk   |
                   SysTick_CTRL_ENABLE_Msk;                         /* Enable SysTick IRQ and SysTick Timer */
  return (0UL);                                                     /* Function successful */
 8000ac6:	4770      	bx	lr
    return (1UL);                                                   /* Reload value impossible */
 8000ac8:	2001      	movs	r0, #1
  *                  - 1  Function failed.
  */
uint32_t HAL_SYSTICK_Config(uint32_t TicksNumb)
{
   return SysTick_Config(TicksNumb);
}
 8000aca:	4770      	bx	lr
 8000acc:	e000ed00 	.word	0xe000ed00

08000ad0 <HAL_GPIO_Init>:
  * @param  GPIO_Init: pointer to a GPIO_InitTypeDef structure that contains
  *         the configuration information for the specified GPIO peripheral.
  * @retval None
  */
void HAL_GPIO_Init(GPIO_TypeDef  *GPIOx, GPIO_InitTypeDef *GPIO_Init)
{
 8000ad0:	b570      	push	{r4, r5, r6, lr}
 8000ad2:	b082      	sub	sp, #8
  uint32_t position = 0x00u;
  uint32_t ioposition;
  uint32_t iocurrent;
  uint32_t temp;
  uint32_t config = 0x00u;
 8000ad4:	2400      	movs	r4, #0
  uint32_t position = 0x00u;
 8000ad6:	46a4      	mov	ip, r4
  assert_param(IS_GPIO_ALL_INSTANCE(GPIOx));
  assert_param(IS_GPIO_PIN(GPIO_Init->Pin));
  assert_param(IS_GPIO_MODE(GPIO_Init->Mode));

  /* Configure the port pins */
  while (((GPIO_Init->Pin) >> position) != 0x00u)
 8000ad8:	e09e      	b.n	8000c18 <HAL_GPIO_Init+0x148>
    {
      /* Check the Alternate function parameters */
      assert_param(IS_GPIO_AF_INSTANCE(GPIOx));

      /* Based on the required mode, filling config variable with MODEy[1:0] and CNFy[3:2] corresponding bits */
      switch (GPIO_Init->Mode)
 8000ada:	4d7c      	ldr	r5, [pc, #496]	@ (8000ccc <HAL_GPIO_Init+0x1fc>)
 8000adc:	42ab      	cmp	r3, r5
 8000ade:	d014      	beq.n	8000b0a <HAL_GPIO_Init+0x3a>
 8000ae0:	d80c      	bhi.n	8000afc <HAL_GPIO_Init+0x2c>
 8000ae2:	f5a5 1580 	sub.w	r5, r5, #1048576	@ 0x100000
 8000ae6:	42ab      	cmp	r3, r5
 8000ae8:	d00f      	beq.n	8000b0a <HAL_GPIO_Init+0x3a>
 8000aea:	f505 2570 	add.w	r5, r5, #983040	@ 0xf0000
 8000aee:	42ab      	cmp	r3, r5
 8000af0:	d00b      	beq.n	8000b0a <HAL_GPIO_Init+0x3a>
 8000af2:	f5a5 1580 	sub.w	r5, r5, #1048576	@ 0x100000
 8000af6:	42ab      	cmp	r3, r5
 8000af8:	d11f      	bne.n	8000b3a <HAL_GPIO_Init+0x6a>
 8000afa:	e006      	b.n	8000b0a <HAL_GPIO_Init+0x3a>
 8000afc:	4d74      	ldr	r5, [pc, #464]	@ (8000cd0 <HAL_GPIO_Init+0x200>)
 8000afe:	42ab      	cmp	r3, r5
 8000b00:	d003      	beq.n	8000b0a <HAL_GPIO_Init+0x3a>
 8000b02:	f505 3580 	add.w	r5, r5, #65536	@ 0x10000
 8000b06:	42ab      	cmp	r3, r5
 8000b08:	d117      	bne.n	8000b3a <HAL_GPIO_Init+0x6a>
        case GPIO_MODE_EVT_RISING:
        case GPIO_MODE_EVT_FALLING:
        case GPIO_MODE_EVT_RISING_FALLING:
          /* Check the GPIO pull parameter */
          assert_param(IS_GPIO_PULL(GPIO_Init->Pull));
          if (GPIO_Init->Pull == GPIO_NOPULL)
 8000b0a:	688b      	ldr	r3, [r1, #8]
 8000b0c:	b1a3      	cbz	r3, 8000b38 <HAL_GPIO_Init+0x68>
          {
            config = GPIO_CR_MODE_INPUT + GPIO_CR_CNF_INPUT_FLOATING;
          }
          else if (GPIO_Init->Pull == GPIO_PULLUP)
 8000b0e:	2b01      	cmp	r3, #1
 8000b10:	d00d      	beq.n	8000b2e <HAL_GPIO_Init+0x5e>
          else /* GPIO_PULLDOWN */
          {
            config = GPIO_CR_MODE_INPUT + GPIO_CR_CNF_INPUT_PU_PD;

            /* Reset the corresponding ODR bit */
            GPIOx->BRR = ioposition;
 8000b12:	6142      	str	r2, [r0, #20]
            config = GPIO_CR_MODE_INPUT + GPIO_CR_CNF_INPUT_PU_PD;
 8000b14:	2408      	movs	r4, #8
 8000b16:	e010      	b.n	8000b3a <HAL_GPIO_Init+0x6a>
          config = GPIO_Init->Speed + GPIO_CR_CNF_GP_OUTPUT_PP;
 8000b18:	68cc      	ldr	r4, [r1, #12]
          break;
 8000b1a:	e00e      	b.n	8000b3a <HAL_GPIO_Init+0x6a>
          config = GPIO_Init->Speed + GPIO_CR_CNF_GP_OUTPUT_OD;
 8000b1c:	68cc      	ldr	r4, [r1, #12]
 8000b1e:	3404      	adds	r4, #4
          break;
 8000b20:	e00b      	b.n	8000b3a <HAL_GPIO_Init+0x6a>
          config = GPIO_Init->Speed + GPIO_CR_CNF_AF_OUTPUT_PP;
 8000b22:	68cc      	ldr	r4, [r1, #12]
 8000b24:	3408      	adds	r4, #8
          break;
 8000b26:	e008      	b.n	8000b3a <HAL_GPIO_Init+0x6a>
          config = GPIO_Init->Speed + GPIO_CR_CNF_AF_OUTPUT_OD;
 8000b28:	68cc      	ldr	r4, [r1, #12]
 8000b2a:	340c      	adds	r4, #12
          break;
 8000b2c:	e005      	b.n	8000b3a <HAL_GPIO_Init+0x6a>
            GPIOx->BSRR = ioposition;
 8000b2e:	6102      	str	r2, [r0, #16]
            config = GPIO_CR_MODE_INPUT + GPIO_CR_CNF_INPUT_PU_PD;
 8000b30:	2408      	movs	r4, #8
 8000b32:	e002      	b.n	8000b3a <HAL_GPIO_Init+0x6a>
          }
          break;

        /* If we are configuring the pin in INPUT analog mode */
        case GPIO_MODE_ANALOG:
          config = GPIO_CR_MODE_INPUT + GPIO_CR_CNF_ANALOG;
 8000b34:	2400      	movs	r4, #0
 8000b36:	e000      	b.n	8000b3a <HAL_GPIO_Init+0x6a>
            config = GPIO_CR_MODE_INPUT + GPIO_CR_CNF_INPUT_FLOATING;
 8000b38:	2404      	movs	r4, #4
          break;
      }

      /* Check if the current bit belongs to first half or last half of the pin count number
       in order to address CRH or CRL register*/
      configregister = (iocurrent < GPIO_PIN_8) ? &GPIOx->CRL     : &GPIOx->CRH;
 8000b3a:	f1be 0fff 	cmp.w	lr, #255	@ 0xff
 8000b3e:	d837      	bhi.n	8000bb0 <HAL_GPIO_Init+0xe0>
 8000b40:	4606      	mov	r6, r0
      registeroffset = (iocurrent < GPIO_PIN_8) ? (position << 2u) : ((position - 8u) << 2u);
 8000b42:	ea4f 028c 	mov.w	r2, ip, lsl #2

      /* Apply the new configuration of the pin to the register */
      MODIFY_REG((*configregister), ((GPIO_CRL_MODE0 | GPIO_CRL_CNF0) << registeroffset), (config << registeroffset));
 8000b46:	6833      	ldr	r3, [r6, #0]
 8000b48:	250f      	movs	r5, #15
 8000b4a:	4095      	lsls	r5, r2
 8000b4c:	ea23 0305 	bic.w	r3, r3, r5
 8000b50:	fa04 f202 	lsl.w	r2, r4, r2
 8000b54:	4313      	orrs	r3, r2
 8000b56:	6033      	str	r3, [r6, #0]

      /*--------------------- EXTI Mode Configuration ------------------------*/
      /* Configure the External Interrupt or event for the current IO */
      if ((GPIO_Init->Mode & EXTI_MODE) == EXTI_MODE)
 8000b58:	684b      	ldr	r3, [r1, #4]
 8000b5a:	f013 5f80 	tst.w	r3, #268435456	@ 0x10000000
 8000b5e:	d059      	beq.n	8000c14 <HAL_GPIO_Init+0x144>
      {
        /* Enable AFIO Clock */
        __HAL_RCC_AFIO_CLK_ENABLE();
 8000b60:	4b5c      	ldr	r3, [pc, #368]	@ (8000cd4 <HAL_GPIO_Init+0x204>)
 8000b62:	699a      	ldr	r2, [r3, #24]
 8000b64:	f042 0201 	orr.w	r2, r2, #1
 8000b68:	619a      	str	r2, [r3, #24]
 8000b6a:	699b      	ldr	r3, [r3, #24]
 8000b6c:	f003 0301 	and.w	r3, r3, #1
 8000b70:	9301      	str	r3, [sp, #4]
 8000b72:	9b01      	ldr	r3, [sp, #4]
        temp = AFIO->EXTICR[position >> 2u];
 8000b74:	ea4f 029c 	mov.w	r2, ip, lsr #2
 8000b78:	1c95      	adds	r5, r2, #2
 8000b7a:	4b57      	ldr	r3, [pc, #348]	@ (8000cd8 <HAL_GPIO_Init+0x208>)
 8000b7c:	f853 6025 	ldr.w	r6, [r3, r5, lsl #2]
        CLEAR_BIT(temp, (0x0Fu) << (4u * (position & 0x03u)));
 8000b80:	f00c 0503 	and.w	r5, ip, #3
 8000b84:	00ad      	lsls	r5, r5, #2
 8000b86:	230f      	movs	r3, #15
 8000b88:	40ab      	lsls	r3, r5
 8000b8a:	ea26 0603 	bic.w	r6, r6, r3
        SET_BIT(temp, (GPIO_GET_INDEX(GPIOx)) << (4u * (position & 0x03u)));
 8000b8e:	4b53      	ldr	r3, [pc, #332]	@ (8000cdc <HAL_GPIO_Init+0x20c>)
 8000b90:	4298      	cmp	r0, r3
 8000b92:	d014      	beq.n	8000bbe <HAL_GPIO_Init+0xee>
 8000b94:	f503 6380 	add.w	r3, r3, #1024	@ 0x400
 8000b98:	4298      	cmp	r0, r3
 8000b9a:	d079      	beq.n	8000c90 <HAL_GPIO_Init+0x1c0>
 8000b9c:	f503 6380 	add.w	r3, r3, #1024	@ 0x400
 8000ba0:	4298      	cmp	r0, r3
 8000ba2:	d077      	beq.n	8000c94 <HAL_GPIO_Init+0x1c4>
 8000ba4:	f503 6380 	add.w	r3, r3, #1024	@ 0x400
 8000ba8:	4298      	cmp	r0, r3
 8000baa:	d006      	beq.n	8000bba <HAL_GPIO_Init+0xea>
 8000bac:	2304      	movs	r3, #4
 8000bae:	e007      	b.n	8000bc0 <HAL_GPIO_Init+0xf0>
      configregister = (iocurrent < GPIO_PIN_8) ? &GPIOx->CRL     : &GPIOx->CRH;
 8000bb0:	1d06      	adds	r6, r0, #4
      registeroffset = (iocurrent < GPIO_PIN_8) ? (position << 2u) : ((position - 8u) << 2u);
 8000bb2:	f1ac 0208 	sub.w	r2, ip, #8
 8000bb6:	0092      	lsls	r2, r2, #2
 8000bb8:	e7c5      	b.n	8000b46 <HAL_GPIO_Init+0x76>
        SET_BIT(temp, (GPIO_GET_INDEX(GPIOx)) << (4u * (position & 0x03u)));
 8000bba:	2303      	movs	r3, #3
 8000bbc:	e000      	b.n	8000bc0 <HAL_GPIO_Init+0xf0>
 8000bbe:	2300      	movs	r3, #0
 8000bc0:	40ab      	lsls	r3, r5
 8000bc2:	4333      	orrs	r3, r6
        AFIO->EXTICR[position >> 2u] = temp;
 8000bc4:	3202      	adds	r2, #2
 8000bc6:	4d44      	ldr	r5, [pc, #272]	@ (8000cd8 <HAL_GPIO_Init+0x208>)
 8000bc8:	f845 3022 	str.w	r3, [r5, r2, lsl #2]


        /* Enable or disable the rising trigger */
        if ((GPIO_Init->Mode & RISING_EDGE) == RISING_EDGE)
 8000bcc:	684b      	ldr	r3, [r1, #4]
 8000bce:	f413 1f80 	tst.w	r3, #1048576	@ 0x100000
 8000bd2:	d061      	beq.n	8000c98 <HAL_GPIO_Init+0x1c8>
        {
          SET_BIT(EXTI->RTSR, iocurrent);
 8000bd4:	4a42      	ldr	r2, [pc, #264]	@ (8000ce0 <HAL_GPIO_Init+0x210>)
 8000bd6:	6893      	ldr	r3, [r2, #8]
 8000bd8:	ea43 030e 	orr.w	r3, r3, lr
 8000bdc:	6093      	str	r3, [r2, #8]
        {
          CLEAR_BIT(EXTI->RTSR, iocurrent);
        }

        /* Enable or disable the falling trigger */
        if ((GPIO_Init->Mode & FALLING_EDGE) == FALLING_EDGE)
 8000bde:	684b      	ldr	r3, [r1, #4]
 8000be0:	f413 1f00 	tst.w	r3, #2097152	@ 0x200000
 8000be4:	d05e      	beq.n	8000ca4 <HAL_GPIO_Init+0x1d4>
        {
          SET_BIT(EXTI->FTSR, iocurrent);
 8000be6:	4a3e      	ldr	r2, [pc, #248]	@ (8000ce0 <HAL_GPIO_Init+0x210>)
 8000be8:	68d3      	ldr	r3, [r2, #12]
 8000bea:	ea43 030e 	orr.w	r3, r3, lr
 8000bee:	60d3      	str	r3, [r2, #12]
        {
          CLEAR_BIT(EXTI->FTSR, iocurrent);
        }

        /* Configure the event mask */
        if ((GPIO_Init->Mode & GPIO_MODE_EVT) == GPIO_MODE_EVT)
 8000bf0:	684b      	ldr	r3, [r1, #4]
 8000bf2:	f413 3f00 	tst.w	r3, #131072	@ 0x20000
 8000bf6:	d05b      	beq.n	8000cb0 <HAL_GPIO_Init+0x1e0>
        {
          SET_BIT(EXTI->EMR, iocurrent);
 8000bf8:	4a39      	ldr	r2, [pc, #228]	@ (8000ce0 <HAL_GPIO_Init+0x210>)
 8000bfa:	6853      	ldr	r3, [r2, #4]
 8000bfc:	ea43 030e 	orr.w	r3, r3, lr
 8000c00:	6053      	str	r3, [r2, #4]
        {
          CLEAR_BIT(EXTI->EMR, iocurrent);
        }

        /* Configure the interrupt mask */
        if ((GPIO_Init->Mode & GPIO_MODE_IT) == GPIO_MODE_IT)
 8000c02:	684b      	ldr	r3, [r1, #4]
 8000c04:	f413 3f80 	tst.w	r3, #65536	@ 0x10000
 8000c08:	d058      	beq.n	8000cbc <HAL_GPIO_Init+0x1ec>
        {
          SET_BIT(EXTI->IMR, iocurrent);
 8000c0a:	4a35      	ldr	r2, [pc, #212]	@ (8000ce0 <HAL_GPIO_Init+0x210>)
 8000c0c:	6813      	ldr	r3, [r2, #0]
 8000c0e:	ea43 030e 	orr.w	r3, r3, lr
 8000c12:	6013      	str	r3, [r2, #0]
          CLEAR_BIT(EXTI->IMR, iocurrent);
        }
      }
    }

	position++;
 8000c14:	f10c 0c01 	add.w	ip, ip, #1
  while (((GPIO_Init->Pin) >> position) != 0x00u)
 8000c18:	680b      	ldr	r3, [r1, #0]
 8000c1a:	fa33 f20c 	lsrs.w	r2, r3, ip
 8000c1e:	d053      	beq.n	8000cc8 <HAL_GPIO_Init+0x1f8>
    ioposition = (0x01uL << position);
 8000c20:	2201      	movs	r2, #1
 8000c22:	fa02 f20c 	lsl.w	r2, r2, ip
    iocurrent = (uint32_t)(GPIO_Init->Pin) & ioposition;
 8000c26:	ea03 0e02 	and.w	lr, r3, r2
    if (iocurrent == ioposition)
 8000c2a:	ea32 0303 	bics.w	r3, r2, r3
 8000c2e:	d1f1      	bne.n	8000c14 <HAL_GPIO_Init+0x144>
      switch (GPIO_Init->Mode)
 8000c30:	684b      	ldr	r3, [r1, #4]
 8000c32:	2b12      	cmp	r3, #18
 8000c34:	f63f af51 	bhi.w	8000ada <HAL_GPIO_Init+0xa>
 8000c38:	2b12      	cmp	r3, #18
 8000c3a:	f63f af7e 	bhi.w	8000b3a <HAL_GPIO_Init+0x6a>
 8000c3e:	a501      	add	r5, pc, #4	@ (adr r5, 8000c44 <HAL_GPIO_Init+0x174>)
 8000c40:	f855 f023 	ldr.w	pc, [r5, r3, lsl #2]
 8000c44:	08000b0b 	.word	0x08000b0b
 8000c48:	08000b19 	.word	0x08000b19
 8000c4c:	08000b23 	.word	0x08000b23
 8000c50:	08000b35 	.word	0x08000b35
 8000c54:	08000b3b 	.word	0x08000b3b
 8000c58:	08000b3b 	.word	0x08000b3b
 8000c5c:	08000b3b 	.word	0x08000b3b
 8000c60:	08000b3b 	.word	0x08000b3b
 8000c64:	08000b3b 	.word	0x08000b3b
 8000c68:	08000b3b 	.word	0x08000b3b
 8000c6c:	08000b3b 	.word	0x08000b3b
 8000c70:	08000b3b 	.word	0x08000b3b
 8000c74:	08000b3b 	.word	0x08000b3b
 8000c78:	08000b3b 	.word	0x08000b3b
 8000c7c:	08000b3b 	.word	0x08000b3b
 8000c80:	08000b3b 	.word	0x08000b3b
 8000c84:	08000b3b 	.word	0x08000b3b
 8000c88:	08000b1d 	.word	0x08000b1d
 8000c8c:	08000b29 	.word	0x08000b29
        SET_BIT(temp, (GPIO_GET_INDEX(GPIOx)) << (4u * (position & 0x03u)));
 8000c90:	2301      	movs	r3, #1
 8000c92:	e795      	b.n	8000bc0 <HAL_GPIO_Init+0xf0>
 8000c94:	2302      	movs	r3, #2
 8000c96:	e793      	b.n	8000bc0 <HAL_GPIO_Init+0xf0>
          CLEAR_BIT(EXTI->RTSR, iocurrent);
 8000c98:	4a11      	ldr	r2, [pc, #68]	@ (8000ce0 <HAL_GPIO_Init+0x210>)
 8000c9a:	6893      	ldr	r3, [r2, #8]
 8000c9c:	ea23 030e 	bic.w	r3, r3, lr
 8000ca0:	6093      	str	r3, [r2, #8]
 8000ca2:	e79c      	b.n	8000bde <HAL_GPIO_Init+0x10e>
          CLEAR_BIT(EXTI->FTSR, iocurrent);
 8000ca4:	4a0e      	ldr	r2, [pc, #56]	@ (8000ce0 <HAL_GPIO_Init+0x210>)
 8000ca6:	68d3      	ldr	r3, [r2, #12]
 8000ca8:	ea23 030e 	bic.w	r3, r3, lr
 8000cac:	60d3      	str	r3, [r2, #12]
 8000cae:	e79f      	b.n	8000bf0 <HAL_GPIO_Init+0x120>
          CLEAR_BIT(EXTI->EMR, iocurrent);
 8000cb0:	4a0b      	ldr	r2, [pc, #44]	@ (8000ce0 <HAL_GPIO_Init+0x210>)
 8000cb2:	6853      	ldr	r3, [r2, #4]
 8000cb4:	ea23 030e 	bic.w	r3, r3, lr
 8000cb8:	6053      	str	r3, [r2, #4]
 8000cba:	e7a2      	b.n	8000c02 <HAL_GPIO_Init+0x132>
          CLEAR_BIT(EXTI->IMR, iocurrent);
 8000cbc:	4a08      	ldr	r2, [pc, #32]	@ (8000ce0 <HAL_GPIO_Init+0x210>)
 8000cbe:	6813      	ldr	r3, [r2, #0]
 8000cc0:	ea23 030e 	bic.w	r3, r3, lr
 8000cc4:	6013      	str	r3, [r2, #0]
 8000cc6:	e7a5      	b.n	8000c14 <HAL_GPIO_Init+0x144>
  }
}
 8000cc8:	b002      	add	sp, #8
 8000cca:	bd70      	pop	{r4, r5, r6, pc}
 8000ccc:	10220000 	.word	0x10220000
 8000cd0:	10310000 	.word	0x10310000
 8000cd4:	40021000 	.word	0x40021000
 8000cd8:	40010000 	.word	0x40010000
 8000cdc:	40010800 	.word	0x40010800
 8000ce0:	40010400 	.word	0x40010400

08000ce4 <HAL_MspInit>:
void HAL_TIM_MspPostInit(TIM_HandleTypeDef *htim);
                    /**
  * Initializes the Global MSP.
  */
void HAL_MspInit(void)
{
 8000ce4:	b082      	sub	sp, #8

  /* USER CODE BEGIN MspInit 0 */

  /* USER CODE END MspInit 0 */

  __HAL_RCC_AFIO_CLK_ENABLE();
 8000ce6:	4b0e      	ldr	r3, [pc, #56]	@ (8000d20 <HAL_MspInit+0x3c>)
 8000ce8:	699a      	ldr	r2, [r3, #24]
 8000cea:	f042 0201 	orr.w	r2, r2, #1
 8000cee:	619a      	str	r2, [r3, #24]
 8000cf0:	699a      	ldr	r2, [r3, #24]
 8000cf2:	f002 0201 	and.w	r2, r2, #1
 8000cf6:	9200      	str	r2, [sp, #0]
 8000cf8:	9a00      	ldr	r2, [sp, #0]
  __HAL_RCC_PWR_CLK_ENABLE();
 8000cfa:	69da      	ldr	r2, [r3, #28]
 8000cfc:	f042 5280 	orr.w	r2, r2, #268435456	@ 0x10000000
 8000d00:	61da      	str	r2, [r3, #28]
 8000d02:	69db      	ldr	r3, [r3, #28]
 8000d04:	f003 5380 	and.w	r3, r3, #268435456	@ 0x10000000
 8000d08:	9301      	str	r3, [sp, #4]
 8000d0a:	9b01      	ldr	r3, [sp, #4]

  /* System interrupt init*/

  /** NOJTAG: JTAG-DP Disabled and SW-DP Enabled
  */
  __HAL_AFIO_REMAP_SWJ_NOJTAG();
 8000d0c:	4a05      	ldr	r2, [pc, #20]	@ (8000d24 <HAL_MspInit+0x40>)
 8000d0e:	6853      	ldr	r3, [r2, #4]
 8000d10:	f023 63e0 	bic.w	r3, r3, #117440512	@ 0x7000000
 8000d14:	f043 7300 	orr.w	r3, r3, #33554432	@ 0x2000000
 8000d18:	6053      	str	r3, [r2, #4]

  /* USER CODE BEGIN MspInit 1 */

  /* USER CODE END MspInit 1 */
}
 8000d1a:	b002      	add	sp, #8
 8000d1c:	4770      	bx	lr
 8000d1e:	bf00      	nop
 8000d20:	40021000 	.word	0x40021000
 8000d24:	40010000 	.word	0x40010000

08000d28 <HAL_ADC_MspInit>:
* This function configures the hardware resources used in this example
* @param hadc: ADC handle pointer
* @retval None
*/
void HAL_ADC_MspInit(ADC_HandleTypeDef* hadc)
{
 8000d28:	b500      	push	{lr}
 8000d2a:	b087      	sub	sp, #28
  GPIO_InitTypeDef GPIO_InitStruct = {0};
 8000d2c:	2300      	movs	r3, #0
 8000d2e:	9302      	str	r3, [sp, #8]
 8000d30:	9303      	str	r3, [sp, #12]
 8000d32:	9304      	str	r3, [sp, #16]
 8000d34:	9305      	str	r3, [sp, #20]
  if(hadc->Instance==ADC1)
 8000d36:	6802      	ldr	r2, [r0, #0]
 8000d38:	4b11      	ldr	r3, [pc, #68]	@ (8000d80 <HAL_ADC_MspInit+0x58>)
 8000d3a:	429a      	cmp	r2, r3
 8000d3c:	d002      	beq.n	8000d44 <HAL_ADC_MspInit+0x1c>

  /* USER CODE END ADC1_MspInit 1 */

  }

}
 8000d3e:	b007      	add	sp, #28
 8000d40:	f85d fb04 	ldr.w	pc, [sp], #4
    __HAL_RCC_ADC1_CLK_ENABLE();
 8000d44:	f503 436c 	add.w	r3, r3, #60416	@ 0xec00
 8000d48:	699a      	ldr	r2, [r3, #24]
 8000d4a:	f442 7200 	orr.w	r2, r2, #512	@ 0x200
 8000d4e:	619a      	str	r2, [r3, #24]
 8000d50:	699a      	ldr	r2, [r3, #24]
 8000d52:	f402 7200 	and.w	r2, r2, #512	@ 0x200
 8000d56:	9200      	str	r2, [sp, #0]
 8000d58:	9a00      	ldr	r2, [sp, #0]
    __HAL_RCC_GPIOA_CLK_ENABLE();
 8000d5a:	699a      	ldr	r2, [r3, #24]
 8000d5c:	f042 0204 	orr.w	r2, r2, #4
 8000d60:	619a      	str	r2, [r3, #24]
 8000d62:	699b      	ldr	r3, [r3, #24]
 8000d64:	f003 0304 	and.w	r3, r3, #4
 8000d68:	9301      	str	r3, [sp, #4]
 8000d6a:	9b01      	ldr	r3, [sp, #4]
    GPIO_InitStruct.Pin = GPIO_PIN_0;
 8000d6c:	2301      	movs	r3, #1
 8000d6e:	9302      	str	r3, [sp, #8]
    GPIO_InitStruct.Mode = GPIO_MODE_ANALOG;
 8000d70:	2303      	movs	r3, #3
 8000d72:	9303      	str	r3, [sp, #12]
    HAL_GPIO_Init(GPIOA, &GPIO_InitStruct);
 8000d74:	a902      	add	r1, sp, #8
 8000d76:	4803      	ldr	r0, [pc, #12]	@ (8000d84 <HAL_ADC_MspInit+0x5c>)
 8000d78:	f7ff feaa 	bl	8000ad0 <HAL_GPIO_Init>
}
 8000d7c:	e7df      	b.n	8000d3e <HAL_ADC_MspInit+0x16>
 8000d7e:	bf00      	nop
 8000d80:	40012400 	.word	0x40012400
 8000d84:	40010800 	.word	0x40010800

08000d88 <HAL_TIM_PWM_MspInit>:
* @param htim_pwm: TIM_PWM handle pointer
* @retval None
*/
void HAL_TIM_PWM_MspInit(TIM_HandleTypeDef* htim_pwm)
{
  if(htim_pwm->Instance==TIM1)
 8000d88:	6802      	ldr	r2, [r0, #0]
 8000d8a:	4b09      	ldr	r3, [pc, #36]	@ (8000db0 <HAL_TIM_PWM_MspInit+0x28>)
 8000d8c:	429a      	cmp	r2, r3
 8000d8e:	d000      	beq.n	8000d92 <HAL_TIM_PWM_MspInit+0xa>
 8000d90:	4770      	bx	lr
{
 8000d92:	b082      	sub	sp, #8
  {
  /* USER CODE BEGIN TIM1_MspInit 0 */

  /* USER CODE END TIM1_MspInit 0 */
    /* Peripheral clock enable */
    __HAL_RCC_TIM1_CLK_ENABLE();
 8000d94:	f503 4364 	add.w	r3, r3, #58368	@ 0xe400
 8000d98:	699a      	ldr	r2, [r3, #24]
 8000d9a:	f442 6200 	orr.w	r2, r2, #2048	@ 0x800
 8000d9e:	619a      	str	r2, [r3, #24]
 8000da0:	699b      	ldr	r3, [r3, #24]
 8000da2:	f403 6300 	and.w	r3, r3, #2048	@ 0x800
 8000da6:	9301      	str	r3, [sp, #4]
 8000da8:	9b01      	ldr	r3, [sp, #4]

  /* USER CODE END TIM1_MspInit 1 */

  }

}
 8000daa:	b002      	add	sp, #8
 8000dac:	4770      	bx	lr
 8000dae:	bf00      	nop
 8000db0:	40012c00 	.word	0x40012c00

08000db4 <HAL_TIM_MspPostInit>:

void HAL_TIM_MspPostInit(TIM_HandleTypeDef* htim)
{
 8000db4:	b500      	push	{lr}
 8000db6:	b087      	sub	sp, #28
  GPIO_InitTypeDef GPIO_InitStruct = {0};
 8000db8:	2300      	movs	r3, #0
 8000dba:	9302      	str	r3, [sp, #8]
 8000dbc:	9303      	str	r3, [sp, #12]
 8000dbe:	9304      	str	r3, [sp, #16]
 8000dc0:	9305      	str	r3, [sp, #20]
  if(htim->Instance==TIM1)
 8000dc2:	6802      	ldr	r2, [r0, #0]
 8000dc4:	4b0d      	ldr	r3, [pc, #52]	@ (8000dfc <HAL_TIM_MspPostInit+0x48>)
 8000dc6:	429a      	cmp	r2, r3
 8000dc8:	d002      	beq.n	8000dd0 <HAL_TIM_MspPostInit+0x1c>
  /* USER CODE BEGIN TIM1_MspPostInit 1 */

  /* USER CODE END TIM1_MspPostInit 1 */
  }

}
 8000dca:	b007      	add	sp, #28
 8000dcc:	f85d fb04 	ldr.w	pc, [sp], #4
    __HAL_RCC_GPIOA_CLK_ENABLE();
 8000dd0:	f503 4364 	add.w	r3, r3, #58368	@ 0xe400
 8000dd4:	699a      	ldr	r2, [r3, #24]
 8000dd6:	f042 0204 	orr.w	r2, r2, #4
 8000dda:	619a      	str	r2, [r3, #24]
 8000ddc:	699b      	ldr	r3, [r3, #24]
 8000dde:	f003 0304 	and.w	r3, r3, #4
 8000de2:	9301      	str	r3, [sp, #4]
 8000de4:	9b01      	ldr	r3, [sp, #4]
    GPIO_InitStruct.Pin = GPIO_PIN_8;
 8000de6:	f44f 7380 	mov.w	r3, #256	@ 0x100
 8000dea:	9302      	str	r3, [sp, #8]
    GPIO_InitStruct.Mode = GPIO_MODE_AF_PP;
 8000dec:	2302      	movs	r3, #2
 8000dee:	9303      	str	r3, [sp, #12]
    GPIO_InitStruct.Speed = GPIO_SPEED_FREQ_LOW;
 8000df0:	9305      	str	r3, [sp, #20]
    HAL_GPIO_Init(GPIOA, &GPIO_InitStruct);
 8000df2:	a902      	add	r1, sp, #8
 8000df4:	4802      	ldr	r0, [pc, #8]	@ (8000e00 <HAL_TIM_MspPostInit+0x4c>)
 8000df6:	f7ff fe6b 	bl	8000ad0 <HAL_GPIO_Init>
}
 8000dfa:	e7e6      	b.n	8000dca <HAL_TIM_MspPostInit+0x16>
 8000dfc:	40012c00 	.word	0x40012c00
 8000e00:	40010800 	.word	0x40010800

08000e04 <HAL_UART_MspInit>:
* This function configures the hardware resources used in this example
* @param huart: UART handle pointer
* @retval None
*/
void HAL_UART_MspInit(UART_HandleTypeDef* huart)
{
 8000e04:	b530      	push	{r4, r5, lr}
 8000e06:	b087      	sub	sp, #28
  GPIO_InitTypeDef GPIO_InitStruct = {0};
 8000e08:	2300      	movs	r3, #0
 8000e0a:	9302      	str	r3, [sp, #8]
 8000e0c:	9303      	str	r3, [sp, #12]
 8000e0e:	9304      	str	r3, [sp, #16]
 8000e10:	9305      	str	r3, [sp, #20]
  if(huart->Instance==USART2)
 8000e12:	6802      	ldr	r2, [r0, #0]
 8000e14:	4b17      	ldr	r3, [pc, #92]	@ (8000e74 <HAL_UART_MspInit+0x70>)
 8000e16:	429a      	cmp	r2, r3
 8000e18:	d001      	beq.n	8000e1e <HAL_UART_MspInit+0x1a>

  /* USER CODE END USART2_MspInit 1 */

  }

}
 8000e1a:	b007      	add	sp, #28
 8000e1c:	bd30      	pop	{r4, r5, pc}
    __HAL_RCC_USART2_CLK_ENABLE();
 8000e1e:	f503 33e6 	add.w	r3, r3, #117760	@ 0x1cc00
 8000e22:	69da      	ldr	r2, [r3, #28]
 8000e24:	f442 3200 	orr.w	r2, r2, #131072	@ 0x20000
 8000e28:	61da      	str	r2, [r3, #28]
 8000e2a:	69da      	ldr	r2, [r3, #28]
 8000e2c:	f402 3200 	and.w	r2, r2, #131072	@ 0x20000
 8000e30:	9200      	str	r2, [sp, #0]
 8000e32:	9a00      	ldr	r2, [sp, #0]
    __HAL_RCC_GPIOA_CLK_ENABLE();
 8000e34:	699a      	ldr	r2, [r3, #24]
 8000e36:	f042 0204 	orr.w	r2, r2, #4
 8000e3a:	619a      	str	r2, [r3, #24]
 8000e3c:	699b      	ldr	r3, [r3, #24]
 8000e3e:	f003 0304 	and.w	r3, r3, #4
 8000e42:	9301      	str	r3, [sp, #4]
 8000e44:	9b01      	ldr	r3, [sp, #4]
    GPIO_InitStruct.Pin = GPIO_PIN_2;
 8000e46:	2304      	movs	r3, #4
 8000e48:	9302      	str	r3, [sp, #8]
    GPIO_InitStruct.Mode = GPIO_MODE_AF_PP;
 8000e4a:	2302      	movs	r3, #2
 8000e4c:	9303      	str	r3, [sp, #12]
    GPIO_InitStruct.Speed = GPIO_SPEED_FREQ_HIGH;
 8000e4e:	2303      	movs	r3, #3
 8000e50:	9305      	str	r3, [sp, #20]
    HAL_GPIO_Init(GPIOA, &GPIO_InitStruct);
 8000e52:	ad02      	add	r5, sp, #8
 8000e54:	4c08      	ldr	r4, [pc, #32]	@ (8000e78 <HAL_UART_MspInit+0x74>)
 8000e56:	4629      	mov	r1, r5
 8000e58:	4620      	mov	r0, r4
 8000e5a:	f7ff fe39 	bl	8000ad0 <HAL_GPIO_Init>
    GPIO_InitStruct.Pin = GPIO_PIN_3;
 8000e5e:	2308      	movs	r3, #8
 8000e60:	9302      	str	r3, [sp, #8]
    GPIO_InitStruct.Mode = GPIO_MODE_INPUT;
 8000e62:	2300      	movs	r3, #0
 8000e64:	9303      	str	r3, [sp, #12]
    GPIO_InitStruct.Pull = GPIO_NOPULL;
 8000e66:	9304      	str	r3, [sp, #16]
    HAL_GPIO_Init(GPIOA, &GPIO_InitStruct);
 8000e68:	4629      	mov	r1, r5
 8000e6a:	4620      	mov	r0, r4
 8000e6c:	f7ff fe30 	bl	8000ad0 <HAL_GPIO_Init>
}
 8000e70:	e7d3      	b.n	8000e1a <HAL_UART_MspInit+0x16>
 8000e72:	bf00      	nop
 8000e74:	40004400 	.word	0x40004400
 8000e78:	40010800 	.word	0x40010800

08000e7c <RCC_Delay>:
  * @brief  This function provides delay (in milliseconds) based on CPU cycles method.
  * @param  mdelay: specifies the delay time length, in milliseconds.
  * @retval None
  */
static void RCC_Delay(uint32_t mdelay)
{
 8000e7c:	b082      	sub	sp, #8
  __IO uint32_t Delay = mdelay * (SystemCoreClock / 8U / 1000U);
 8000e7e:	4b08      	ldr	r3, [pc, #32]	@ (8000ea0 <RCC_Delay+0x24>)
 8000e80:	681b      	ldr	r3, [r3, #0]
 8000e82:	4a08      	ldr	r2, [pc, #32]	@ (8000ea4 <RCC_Delay+0x28>)
 8000e84:	fba2 2303 	umull	r2, r3, r2, r3
 8000e88:	0a5b      	lsrs	r3, r3, #9
 8000e8a:	fb00 f303 	mul.w	r3, r0, r3
 8000e8e:	9301      	str	r3, [sp, #4]
  do
  {
    __NOP();
 8000e90:	bf00      	nop
  }
  while (Delay --);
 8000e92:	9b01      	ldr	r3, [sp, #4]
 8000e94:	1e5a      	subs	r2, r3, #1
 8000e96:	9201      	str	r2, [sp, #4]
 8000e98:	2b00      	cmp	r3, #0
 8000e9a:	d1f9      	bne.n	8000e90 <RCC_Delay+0x14>
}
 8000e9c:	b002      	add	sp, #8
 8000e9e:	4770      	bx	lr
 8000ea0:	20000038 	.word	0x20000038
 8000ea4:	10624dd3 	.word	0x10624dd3

08000ea8 <HAL_RCC_OscConfig>:
  if (RCC_OscInitStruct == NULL)
 8000ea8:	2800      	cmp	r0, #0
 8000eaa:	f000 81f1 	beq.w	8001290 <HAL_RCC_OscConfig+0x3e8>
{
 8000eae:	b570      	push	{r4, r5, r6, lr}
 8000eb0:	b082      	sub	sp, #8
 8000eb2:	4604      	mov	r4, r0
  if (((RCC_OscInitStruct->OscillatorType) & RCC_OSCILLATORTYPE_HSE) == RCC_OSCILLATORTYPE_HSE)
 8000eb4:	6803      	ldr	r3, [r0, #0]
 8000eb6:	f013 0f01 	tst.w	r3, #1
 8000eba:	d02c      	beq.n	8000f16 <HAL_RCC_OscConfig+0x6e>
    if ((__HAL_RCC_GET_SYSCLK_SOURCE() == RCC_SYSCLKSOURCE_STATUS_HSE)
 8000ebc:	4b99      	ldr	r3, [pc, #612]	@ (8001124 <HAL_RCC_OscConfig+0x27c>)
 8000ebe:	685b      	ldr	r3, [r3, #4]
 8000ec0:	f003 030c 	and.w	r3, r3, #12
 8000ec4:	2b04      	cmp	r3, #4
 8000ec6:	d01d      	beq.n	8000f04 <HAL_RCC_OscConfig+0x5c>
        || ((__HAL_RCC_GET_SYSCLK_SOURCE() == RCC_SYSCLKSOURCE_STATUS_PLLCLK) && (__HAL_RCC_GET_PLL_OSCSOURCE() == RCC_PLLSOURCE_HSE)))
 8000ec8:	4b96      	ldr	r3, [pc, #600]	@ (8001124 <HAL_RCC_OscConfig+0x27c>)
 8000eca:	685b      	ldr	r3, [r3, #4]
 8000ecc:	f003 030c 	and.w	r3, r3, #12
 8000ed0:	2b08      	cmp	r3, #8
 8000ed2:	d012      	beq.n	8000efa <HAL_RCC_OscConfig+0x52>
      __HAL_RCC_HSE_CONFIG(RCC_OscInitStruct->HSEState);
 8000ed4:	6863      	ldr	r3, [r4, #4]
 8000ed6:	f5b3 3f80 	cmp.w	r3, #65536	@ 0x10000
 8000eda:	d041      	beq.n	8000f60 <HAL_RCC_OscConfig+0xb8>
 8000edc:	2b00      	cmp	r3, #0
 8000ede:	d155      	bne.n	8000f8c <HAL_RCC_OscConfig+0xe4>
 8000ee0:	f103 4380 	add.w	r3, r3, #1073741824	@ 0x40000000
 8000ee4:	f503 3304 	add.w	r3, r3, #135168	@ 0x21000
 8000ee8:	681a      	ldr	r2, [r3, #0]
 8000eea:	f422 3280 	bic.w	r2, r2, #65536	@ 0x10000
 8000eee:	601a      	str	r2, [r3, #0]
 8000ef0:	681a      	ldr	r2, [r3, #0]
 8000ef2:	f422 2280 	bic.w	r2, r2, #262144	@ 0x40000
 8000ef6:	601a      	str	r2, [r3, #0]
 8000ef8:	e037      	b.n	8000f6a <HAL_RCC_OscConfig+0xc2>
        || ((__HAL_RCC_GET_SYSCLK_SOURCE() == RCC_SYSCLKSOURCE_STATUS_PLLCLK) && (__HAL_RCC_GET_PLL_OSCSOURCE() == RCC_PLLSOURCE_HSE)))
 8000efa:	4b8a      	ldr	r3, [pc, #552]	@ (8001124 <HAL_RCC_OscConfig+0x27c>)
 8000efc:	685b      	ldr	r3, [r3, #4]
 8000efe:	f413 3f80 	tst.w	r3, #65536	@ 0x10000
 8000f02:	d0e7      	beq.n	8000ed4 <HAL_RCC_OscConfig+0x2c>
      if ((__HAL_RCC_GET_FLAG(RCC_FLAG_HSERDY) != RESET) && (RCC_OscInitStruct->HSEState == RCC_HSE_OFF))
 8000f04:	4b87      	ldr	r3, [pc, #540]	@ (8001124 <HAL_RCC_OscConfig+0x27c>)
 8000f06:	681b      	ldr	r3, [r3, #0]
 8000f08:	f413 3f00 	tst.w	r3, #131072	@ 0x20000
 8000f0c:	d003      	beq.n	8000f16 <HAL_RCC_OscConfig+0x6e>
 8000f0e:	6863      	ldr	r3, [r4, #4]
 8000f10:	2b00      	cmp	r3, #0
 8000f12:	f000 81bf 	beq.w	8001294 <HAL_RCC_OscConfig+0x3ec>
  if (((RCC_OscInitStruct->OscillatorType) & RCC_OSCILLATORTYPE_HSI) == RCC_OSCILLATORTYPE_HSI)
 8000f16:	6823      	ldr	r3, [r4, #0]
 8000f18:	f013 0f02 	tst.w	r3, #2
 8000f1c:	d075      	beq.n	800100a <HAL_RCC_OscConfig+0x162>
    if ((__HAL_RCC_GET_SYSCLK_SOURCE() == RCC_SYSCLKSOURCE_STATUS_HSI)
 8000f1e:	4b81      	ldr	r3, [pc, #516]	@ (8001124 <HAL_RCC_OscConfig+0x27c>)
 8000f20:	685b      	ldr	r3, [r3, #4]
 8000f22:	f013 0f0c 	tst.w	r3, #12
 8000f26:	d05f      	beq.n	8000fe8 <HAL_RCC_OscConfig+0x140>
        || ((__HAL_RCC_GET_SYSCLK_SOURCE() == RCC_SYSCLKSOURCE_STATUS_PLLCLK) && (__HAL_RCC_GET_PLL_OSCSOURCE() == RCC_PLLSOURCE_HSI_DIV2)))
 8000f28:	4b7e      	ldr	r3, [pc, #504]	@ (8001124 <HAL_RCC_OscConfig+0x27c>)
 8000f2a:	685b      	ldr	r3, [r3, #4]
 8000f2c:	f003 030c 	and.w	r3, r3, #12
 8000f30:	2b08      	cmp	r3, #8
 8000f32:	d054      	beq.n	8000fde <HAL_RCC_OscConfig+0x136>
      if (RCC_OscInitStruct->HSIState != RCC_HSI_OFF)
 8000f34:	6923      	ldr	r3, [r4, #16]
 8000f36:	2b00      	cmp	r3, #0
 8000f38:	f000 808a 	beq.w	8001050 <HAL_RCC_OscConfig+0x1a8>
        __HAL_RCC_HSI_ENABLE();
 8000f3c:	4b7a      	ldr	r3, [pc, #488]	@ (8001128 <HAL_RCC_OscConfig+0x280>)
 8000f3e:	2201      	movs	r2, #1
 8000f40:	601a      	str	r2, [r3, #0]
        tickstart = HAL_GetTick();
 8000f42:	f7ff fa87 	bl	8000454 <HAL_GetTick>
 8000f46:	4605      	mov	r5, r0
        while (__HAL_RCC_GET_FLAG(RCC_FLAG_HSIRDY) == RESET)
 8000f48:	4b76      	ldr	r3, [pc, #472]	@ (8001124 <HAL_RCC_OscConfig+0x27c>)
 8000f4a:	681b      	ldr	r3, [r3, #0]
 8000f4c:	f013 0f02 	tst.w	r3, #2
 8000f50:	d175      	bne.n	800103e <HAL_RCC_OscConfig+0x196>
          if ((HAL_GetTick() - tickstart) > HSI_TIMEOUT_VALUE)
 8000f52:	f7ff fa7f 	bl	8000454 <HAL_GetTick>
 8000f56:	1b40      	subs	r0, r0, r5
 8000f58:	2802      	cmp	r0, #2
 8000f5a:	d9f5      	bls.n	8000f48 <HAL_RCC_OscConfig+0xa0>
            return HAL_TIMEOUT;
 8000f5c:	2003      	movs	r0, #3
 8000f5e:	e19e      	b.n	800129e <HAL_RCC_OscConfig+0x3f6>
      __HAL_RCC_HSE_CONFIG(RCC_OscInitStruct->HSEState);
 8000f60:	4a70      	ldr	r2, [pc, #448]	@ (8001124 <HAL_RCC_OscConfig+0x27c>)
 8000f62:	6813      	ldr	r3, [r2, #0]
 8000f64:	f443 3380 	orr.w	r3, r3, #65536	@ 0x10000
 8000f68:	6013      	str	r3, [r2, #0]
      if (RCC_OscInitStruct->HSEState != RCC_HSE_OFF)
 8000f6a:	6863      	ldr	r3, [r4, #4]
 8000f6c:	b343      	cbz	r3, 8000fc0 <HAL_RCC_OscConfig+0x118>
        tickstart = HAL_GetTick();
 8000f6e:	f7ff fa71 	bl	8000454 <HAL_GetTick>
 8000f72:	4605      	mov	r5, r0
        while (__HAL_RCC_GET_FLAG(RCC_FLAG_HSERDY) == RESET)
 8000f74:	4b6b      	ldr	r3, [pc, #428]	@ (8001124 <HAL_RCC_OscConfig+0x27c>)
 8000f76:	681b      	ldr	r3, [r3, #0]
 8000f78:	f413 3f00 	tst.w	r3, #131072	@ 0x20000
 8000f7c:	d1cb      	bne.n	8000f16 <HAL_RCC_OscConfig+0x6e>
          if ((HAL_GetTick() - tickstart) > HSE_TIMEOUT_VALUE)
 8000f7e:	f7ff fa69 	bl	8000454 <HAL_GetTick>
 8000f82:	1b40      	subs	r0, r0, r5
 8000f84:	2864      	cmp	r0, #100	@ 0x64
 8000f86:	d9f5      	bls.n	8000f74 <HAL_RCC_OscConfig+0xcc>
            return HAL_TIMEOUT;
 8000f88:	2003      	movs	r0, #3
 8000f8a:	e188      	b.n	800129e <HAL_RCC_OscConfig+0x3f6>
      __HAL_RCC_HSE_CONFIG(RCC_OscInitStruct->HSEState);
 8000f8c:	f5b3 2fa0 	cmp.w	r3, #327680	@ 0x50000
 8000f90:	d009      	beq.n	8000fa6 <HAL_RCC_OscConfig+0xfe>
 8000f92:	4b64      	ldr	r3, [pc, #400]	@ (8001124 <HAL_RCC_OscConfig+0x27c>)
 8000f94:	681a      	ldr	r2, [r3, #0]
 8000f96:	f422 3280 	bic.w	r2, r2, #65536	@ 0x10000
 8000f9a:	601a      	str	r2, [r3, #0]
 8000f9c:	681a      	ldr	r2, [r3, #0]
 8000f9e:	f422 2280 	bic.w	r2, r2, #262144	@ 0x40000
 8000fa2:	601a      	str	r2, [r3, #0]
 8000fa4:	e7e1      	b.n	8000f6a <HAL_RCC_OscConfig+0xc2>
 8000fa6:	f103 4380 	add.w	r3, r3, #1073741824	@ 0x40000000
 8000faa:	f5a3 333c 	sub.w	r3, r3, #192512	@ 0x2f000
 8000fae:	681a      	ldr	r2, [r3, #0]
 8000fb0:	f442 2280 	orr.w	r2, r2, #262144	@ 0x40000
 8000fb4:	601a      	str	r2, [r3, #0]
 8000fb6:	681a      	ldr	r2, [r3, #0]
 8000fb8:	f442 3280 	orr.w	r2, r2, #65536	@ 0x10000
 8000fbc:	601a      	str	r2, [r3, #0]
 8000fbe:	e7d4      	b.n	8000f6a <HAL_RCC_OscConfig+0xc2>
        tickstart = HAL_GetTick();
 8000fc0:	f7ff fa48 	bl	8000454 <HAL_GetTick>
 8000fc4:	4605      	mov	r5, r0
        while (__HAL_RCC_GET_FLAG(RCC_FLAG_HSERDY) != RESET)
 8000fc6:	4b57      	ldr	r3, [pc, #348]	@ (8001124 <HAL_RCC_OscConfig+0x27c>)
 8000fc8:	681b      	ldr	r3, [r3, #0]
 8000fca:	f413 3f00 	tst.w	r3, #131072	@ 0x20000
 8000fce:	d0a2      	beq.n	8000f16 <HAL_RCC_OscConfig+0x6e>
          if ((HAL_GetTick() - tickstart) > HSE_TIMEOUT_VALUE)
 8000fd0:	f7ff fa40 	bl	8000454 <HAL_GetTick>
 8000fd4:	1b40      	subs	r0, r0, r5
 8000fd6:	2864      	cmp	r0, #100	@ 0x64
 8000fd8:	d9f5      	bls.n	8000fc6 <HAL_RCC_OscConfig+0x11e>
            return HAL_TIMEOUT;
 8000fda:	2003      	movs	r0, #3
 8000fdc:	e15f      	b.n	800129e <HAL_RCC_OscConfig+0x3f6>
        || ((__HAL_RCC_GET_SYSCLK_SOURCE() == RCC_SYSCLKSOURCE_STATUS_PLLCLK) && (__HAL_RCC_GET_PLL_OSCSOURCE() == RCC_PLLSOURCE_HSI_DIV2)))
 8000fde:	4b51      	ldr	r3, [pc, #324]	@ (8001124 <HAL_RCC_OscConfig+0x27c>)
 8000fe0:	685b      	ldr	r3, [r3, #4]
 8000fe2:	f413 3f80 	tst.w	r3, #65536	@ 0x10000
 8000fe6:	d1a5      	bne.n	8000f34 <HAL_RCC_OscConfig+0x8c>
      if ((__HAL_RCC_GET_FLAG(RCC_FLAG_HSIRDY) != RESET) && (RCC_OscInitStruct->HSIState != RCC_HSI_ON))
 8000fe8:	4b4e      	ldr	r3, [pc, #312]	@ (8001124 <HAL_RCC_OscConfig+0x27c>)
 8000fea:	681b      	ldr	r3, [r3, #0]
 8000fec:	f013 0f02 	tst.w	r3, #2
 8000ff0:	d003      	beq.n	8000ffa <HAL_RCC_OscConfig+0x152>
 8000ff2:	6923      	ldr	r3, [r4, #16]
 8000ff4:	2b01      	cmp	r3, #1
 8000ff6:	f040 814f 	bne.w	8001298 <HAL_RCC_OscConfig+0x3f0>
        __HAL_RCC_HSI_CALIBRATIONVALUE_ADJUST(RCC_OscInitStruct->HSICalibrationValue);
 8000ffa:	4a4a      	ldr	r2, [pc, #296]	@ (8001124 <HAL_RCC_OscConfig+0x27c>)
 8000ffc:	6813      	ldr	r3, [r2, #0]
 8000ffe:	f023 03f8 	bic.w	r3, r3, #248	@ 0xf8
 8001002:	6961      	ldr	r1, [r4, #20]
 8001004:	ea43 03c1 	orr.w	r3, r3, r1, lsl #3
 8001008:	6013      	str	r3, [r2, #0]
  if (((RCC_OscInitStruct->OscillatorType) & RCC_OSCILLATORTYPE_LSI) == RCC_OSCILLATORTYPE_LSI)
 800100a:	6823      	ldr	r3, [r4, #0]
 800100c:	f013 0f08 	tst.w	r3, #8
 8001010:	d033      	beq.n	800107a <HAL_RCC_OscConfig+0x1d2>
    if (RCC_OscInitStruct->LSIState != RCC_LSI_OFF)
 8001012:	69a3      	ldr	r3, [r4, #24]
 8001014:	2b00      	cmp	r3, #0
 8001016:	d05c      	beq.n	80010d2 <HAL_RCC_OscConfig+0x22a>
      __HAL_RCC_LSI_ENABLE();
 8001018:	4b43      	ldr	r3, [pc, #268]	@ (8001128 <HAL_RCC_OscConfig+0x280>)
 800101a:	2201      	movs	r2, #1
 800101c:	f8c3 2480 	str.w	r2, [r3, #1152]	@ 0x480
      tickstart = HAL_GetTick();
 8001020:	f7ff fa18 	bl	8000454 <HAL_GetTick>
 8001024:	4605      	mov	r5, r0
      while (__HAL_RCC_GET_FLAG(RCC_FLAG_LSIRDY) == RESET)
 8001026:	4b3f      	ldr	r3, [pc, #252]	@ (8001124 <HAL_RCC_OscConfig+0x27c>)
 8001028:	6a5b      	ldr	r3, [r3, #36]	@ 0x24
 800102a:	f013 0f02 	tst.w	r3, #2
 800102e:	d121      	bne.n	8001074 <HAL_RCC_OscConfig+0x1cc>
        if ((HAL_GetTick() - tickstart) > LSI_TIMEOUT_VALUE)
 8001030:	f7ff fa10 	bl	8000454 <HAL_GetTick>
 8001034:	1b40      	subs	r0, r0, r5
 8001036:	2802      	cmp	r0, #2
 8001038:	d9f5      	bls.n	8001026 <HAL_RCC_OscConfig+0x17e>
          return HAL_TIMEOUT;
 800103a:	2003      	movs	r0, #3
 800103c:	e12f      	b.n	800129e <HAL_RCC_OscConfig+0x3f6>
        __HAL_RCC_HSI_CALIBRATIONVALUE_ADJUST(RCC_OscInitStruct->HSICalibrationValue);
 800103e:	4a39      	ldr	r2, [pc, #228]	@ (8001124 <HAL_RCC_OscConfig+0x27c>)
 8001040:	6813      	ldr	r3, [r2, #0]
 8001042:	f023 03f8 	bic.w	r3, r3, #248	@ 0xf8
 8001046:	6961      	ldr	r1, [r4, #20]
 8001048:	ea43 03c1 	orr.w	r3, r3, r1, lsl #3
 800104c:	6013      	str	r3, [r2, #0]
 800104e:	e7dc      	b.n	800100a <HAL_RCC_OscConfig+0x162>
        __HAL_RCC_HSI_DISABLE();
 8001050:	4b35      	ldr	r3, [pc, #212]	@ (8001128 <HAL_RCC_OscConfig+0x280>)
 8001052:	2200      	movs	r2, #0
 8001054:	601a      	str	r2, [r3, #0]
        tickstart = HAL_GetTick();
 8001056:	f7ff f9fd 	bl	8000454 <HAL_GetTick>
 800105a:	4605      	mov	r5, r0
        while (__HAL_RCC_GET_FLAG(RCC_FLAG_HSIRDY) != RESET)
 800105c:	4b31      	ldr	r3, [pc, #196]	@ (8001124 <HAL_RCC_OscConfig+0x27c>)
 800105e:	681b      	ldr	r3, [r3, #0]
 8001060:	f013 0f02 	tst.w	r3, #2
 8001064:	d0d1      	beq.n	800100a <HAL_RCC_OscConfig+0x162>
          if ((HAL_GetTick() - tickstart) > HSI_TIMEOUT_VALUE)
 8001066:	f7ff f9f5 	bl	8000454 <HAL_GetTick>
 800106a:	1b40      	subs	r0, r0, r5
 800106c:	2802      	cmp	r0, #2
 800106e:	d9f5      	bls.n	800105c <HAL_RCC_OscConfig+0x1b4>
            return HAL_TIMEOUT;
 8001070:	2003      	movs	r0, #3
 8001072:	e114      	b.n	800129e <HAL_RCC_OscConfig+0x3f6>
      RCC_Delay(1);
 8001074:	2001      	movs	r0, #1
 8001076:	f7ff ff01 	bl	8000e7c <RCC_Delay>
  if (((RCC_OscInitStruct->OscillatorType) & RCC_OSCILLATORTYPE_LSE) == RCC_OSCILLATORTYPE_LSE)
 800107a:	6823      	ldr	r3, [r4, #0]
 800107c:	f013 0f04 	tst.w	r3, #4
 8001080:	f000 8096 	beq.w	80011b0 <HAL_RCC_OscConfig+0x308>
    if (__HAL_RCC_PWR_IS_CLK_DISABLED())
 8001084:	4b27      	ldr	r3, [pc, #156]	@ (8001124 <HAL_RCC_OscConfig+0x27c>)
 8001086:	69db      	ldr	r3, [r3, #28]
 8001088:	f013 5f80 	tst.w	r3, #268435456	@ 0x10000000
 800108c:	d134      	bne.n	80010f8 <HAL_RCC_OscConfig+0x250>
      __HAL_RCC_PWR_CLK_ENABLE();
 800108e:	4b25      	ldr	r3, [pc, #148]	@ (8001124 <HAL_RCC_OscConfig+0x27c>)
 8001090:	69da      	ldr	r2, [r3, #28]
 8001092:	f042 5280 	orr.w	r2, r2, #268435456	@ 0x10000000
 8001096:	61da      	str	r2, [r3, #28]
 8001098:	69db      	ldr	r3, [r3, #28]
 800109a:	f003 5380 	and.w	r3, r3, #268435456	@ 0x10000000
 800109e:	9301      	str	r3, [sp, #4]
 80010a0:	9b01      	ldr	r3, [sp, #4]
      pwrclkchanged = SET;
 80010a2:	2501      	movs	r5, #1
    if (HAL_IS_BIT_CLR(PWR->CR, PWR_CR_DBP))
 80010a4:	4b21      	ldr	r3, [pc, #132]	@ (800112c <HAL_RCC_OscConfig+0x284>)
 80010a6:	681b      	ldr	r3, [r3, #0]
 80010a8:	f413 7f80 	tst.w	r3, #256	@ 0x100
 80010ac:	d026      	beq.n	80010fc <HAL_RCC_OscConfig+0x254>
    __HAL_RCC_LSE_CONFIG(RCC_OscInitStruct->LSEState);
 80010ae:	68e3      	ldr	r3, [r4, #12]
 80010b0:	2b01      	cmp	r3, #1
 80010b2:	d03d      	beq.n	8001130 <HAL_RCC_OscConfig+0x288>
 80010b4:	2b00      	cmp	r3, #0
 80010b6:	d153      	bne.n	8001160 <HAL_RCC_OscConfig+0x2b8>
 80010b8:	f103 4380 	add.w	r3, r3, #1073741824	@ 0x40000000
 80010bc:	f503 3304 	add.w	r3, r3, #135168	@ 0x21000
 80010c0:	6a1a      	ldr	r2, [r3, #32]
 80010c2:	f022 0201 	bic.w	r2, r2, #1
 80010c6:	621a      	str	r2, [r3, #32]
 80010c8:	6a1a      	ldr	r2, [r3, #32]
 80010ca:	f022 0204 	bic.w	r2, r2, #4
 80010ce:	621a      	str	r2, [r3, #32]
 80010d0:	e033      	b.n	800113a <HAL_RCC_OscConfig+0x292>
      __HAL_RCC_LSI_DISABLE();
 80010d2:	4b15      	ldr	r3, [pc, #84]	@ (8001128 <HAL_RCC_OscConfig+0x280>)
 80010d4:	2200      	movs	r2, #0
 80010d6:	f8c3 2480 	str.w	r2, [r3, #1152]	@ 0x480
      tickstart = HAL_GetTick();
 80010da:	f7ff f9bb 	bl	8000454 <HAL_GetTick>
 80010de:	4605      	mov	r5, r0
      while (__HAL_RCC_GET_FLAG(RCC_FLAG_LSIRDY) != RESET)
 80010e0:	4b10      	ldr	r3, [pc, #64]	@ (8001124 <HAL_RCC_OscConfig+0x27c>)
 80010e2:	6a5b      	ldr	r3, [r3, #36]	@ 0x24
 80010e4:	f013 0f02 	tst.w	r3, #2
 80010e8:	d0c7      	beq.n	800107a <HAL_RCC_OscConfig+0x1d2>
        if ((HAL_GetTick() - tickstart) > LSI_TIMEOUT_VALUE)
 80010ea:	f7ff f9b3 	bl	8000454 <HAL_GetTick>
 80010ee:	1b40      	subs	r0, r0, r5
 80010f0:	2802      	cmp	r0, #2
 80010f2:	d9f5      	bls.n	80010e0 <HAL_RCC_OscConfig+0x238>
          return HAL_TIMEOUT;
 80010f4:	2003      	movs	r0, #3
 80010f6:	e0d2      	b.n	800129e <HAL_RCC_OscConfig+0x3f6>
    FlagStatus       pwrclkchanged = RESET;
 80010f8:	2500      	movs	r5, #0
 80010fa:	e7d3      	b.n	80010a4 <HAL_RCC_OscConfig+0x1fc>
      SET_BIT(PWR->CR, PWR_CR_DBP);
 80010fc:	4a0b      	ldr	r2, [pc, #44]	@ (800112c <HAL_RCC_OscConfig+0x284>)
 80010fe:	6813      	ldr	r3, [r2, #0]
 8001100:	f443 7380 	orr.w	r3, r3, #256	@ 0x100
 8001104:	6013      	str	r3, [r2, #0]
      tickstart = HAL_GetTick();
 8001106:	f7ff f9a5 	bl	8000454 <HAL_GetTick>
 800110a:	4606      	mov	r6, r0
      while (HAL_IS_BIT_CLR(PWR->CR, PWR_CR_DBP))
 800110c:	4b07      	ldr	r3, [pc, #28]	@ (800112c <HAL_RCC_OscConfig+0x284>)
 800110e:	681b      	ldr	r3, [r3, #0]
 8001110:	f413 7f80 	tst.w	r3, #256	@ 0x100
 8001114:	d1cb      	bne.n	80010ae <HAL_RCC_OscConfig+0x206>
        if ((HAL_GetTick() - tickstart) > RCC_DBP_TIMEOUT_VALUE)
 8001116:	f7ff f99d 	bl	8000454 <HAL_GetTick>
 800111a:	1b80      	subs	r0, r0, r6
 800111c:	2864      	cmp	r0, #100	@ 0x64
 800111e:	d9f5      	bls.n	800110c <HAL_RCC_OscConfig+0x264>
          return HAL_TIMEOUT;
 8001120:	2003      	movs	r0, #3
 8001122:	e0bc      	b.n	800129e <HAL_RCC_OscConfig+0x3f6>
 8001124:	40021000 	.word	0x40021000
 8001128:	42420000 	.word	0x42420000
 800112c:	40007000 	.word	0x40007000
    __HAL_RCC_LSE_CONFIG(RCC_OscInitStruct->LSEState);
 8001130:	4a5f      	ldr	r2, [pc, #380]	@ (80012b0 <HAL_RCC_OscConfig+0x408>)
 8001132:	6a13      	ldr	r3, [r2, #32]
 8001134:	f043 0301 	orr.w	r3, r3, #1
 8001138:	6213      	str	r3, [r2, #32]
    if (RCC_OscInitStruct->LSEState != RCC_LSE_OFF)
 800113a:	68e3      	ldr	r3, [r4, #12]
 800113c:	b333      	cbz	r3, 800118c <HAL_RCC_OscConfig+0x2e4>
      tickstart = HAL_GetTick();
 800113e:	f7ff f989 	bl	8000454 <HAL_GetTick>
 8001142:	4606      	mov	r6, r0
      while (__HAL_RCC_GET_FLAG(RCC_FLAG_LSERDY) == RESET)
 8001144:	4b5a      	ldr	r3, [pc, #360]	@ (80012b0 <HAL_RCC_OscConfig+0x408>)
 8001146:	6a1b      	ldr	r3, [r3, #32]
 8001148:	f013 0f02 	tst.w	r3, #2
 800114c:	d12f      	bne.n	80011ae <HAL_RCC_OscConfig+0x306>
        if ((HAL_GetTick() - tickstart) > RCC_LSE_TIMEOUT_VALUE)
 800114e:	f7ff f981 	bl	8000454 <HAL_GetTick>
 8001152:	1b80      	subs	r0, r0, r6
 8001154:	f241 3388 	movw	r3, #5000	@ 0x1388
 8001158:	4298      	cmp	r0, r3
 800115a:	d9f3      	bls.n	8001144 <HAL_RCC_OscConfig+0x29c>
          return HAL_TIMEOUT;
 800115c:	2003      	movs	r0, #3
 800115e:	e09e      	b.n	800129e <HAL_RCC_OscConfig+0x3f6>
    __HAL_RCC_LSE_CONFIG(RCC_OscInitStruct->LSEState);
 8001160:	2b05      	cmp	r3, #5
 8001162:	d009      	beq.n	8001178 <HAL_RCC_OscConfig+0x2d0>
 8001164:	4b52      	ldr	r3, [pc, #328]	@ (80012b0 <HAL_RCC_OscConfig+0x408>)
 8001166:	6a1a      	ldr	r2, [r3, #32]
 8001168:	f022 0201 	bic.w	r2, r2, #1
 800116c:	621a      	str	r2, [r3, #32]
 800116e:	6a1a      	ldr	r2, [r3, #32]
 8001170:	f022 0204 	bic.w	r2, r2, #4
 8001174:	621a      	str	r2, [r3, #32]
 8001176:	e7e0      	b.n	800113a <HAL_RCC_OscConfig+0x292>
 8001178:	4b4d      	ldr	r3, [pc, #308]	@ (80012b0 <HAL_RCC_OscConfig+0x408>)
 800117a:	6a1a      	ldr	r2, [r3, #32]
 800117c:	f042 0204 	orr.w	r2, r2, #4
 8001180:	621a      	str	r2, [r3, #32]
 8001182:	6a1a      	ldr	r2, [r3, #32]
 8001184:	f042 0201 	orr.w	r2, r2, #1
 8001188:	621a      	str	r2, [r3, #32]
 800118a:	e7d6      	b.n	800113a <HAL_RCC_OscConfig+0x292>
      tickstart = HAL_GetTick();
 800118c:	f7ff f962 	bl	8000454 <HAL_GetTick>
 8001190:	4606      	mov	r6, r0
      while (__HAL_RCC_GET_FLAG(RCC_FLAG_LSERDY) != RESET)
 8001192:	4b47      	ldr	r3, [pc, #284]	@ (80012b0 <HAL_RCC_OscConfig+0x408>)
 8001194:	6a1b      	ldr	r3, [r3, #32]
 8001196:	f013 0f02 	tst.w	r3, #2
 800119a:	d008      	beq.n	80011ae <HAL_RCC_OscConfig+0x306>
        if ((HAL_GetTick() - tickstart) > RCC_LSE_TIMEOUT_VALUE)
 800119c:	f7ff f95a 	bl	8000454 <HAL_GetTick>
 80011a0:	1b80      	subs	r0, r0, r6
 80011a2:	f241 3388 	movw	r3, #5000	@ 0x1388
 80011a6:	4298      	cmp	r0, r3
 80011a8:	d9f3      	bls.n	8001192 <HAL_RCC_OscConfig+0x2ea>
          return HAL_TIMEOUT;
 80011aa:	2003      	movs	r0, #3
 80011ac:	e077      	b.n	800129e <HAL_RCC_OscConfig+0x3f6>
    if (pwrclkchanged == SET)
 80011ae:	b9e5      	cbnz	r5, 80011ea <HAL_RCC_OscConfig+0x342>
  if ((RCC_OscInitStruct->PLL.PLLState) != RCC_PLL_NONE)
 80011b0:	69e3      	ldr	r3, [r4, #28]
 80011b2:	2b00      	cmp	r3, #0
 80011b4:	d072      	beq.n	800129c <HAL_RCC_OscConfig+0x3f4>
    if (__HAL_RCC_GET_SYSCLK_SOURCE() != RCC_SYSCLKSOURCE_STATUS_PLLCLK)
 80011b6:	4a3e      	ldr	r2, [pc, #248]	@ (80012b0 <HAL_RCC_OscConfig+0x408>)
 80011b8:	6852      	ldr	r2, [r2, #4]
 80011ba:	f002 020c 	and.w	r2, r2, #12
 80011be:	2a08      	cmp	r2, #8
 80011c0:	d056      	beq.n	8001270 <HAL_RCC_OscConfig+0x3c8>
      if ((RCC_OscInitStruct->PLL.PLLState) == RCC_PLL_ON)
 80011c2:	2b02      	cmp	r3, #2
 80011c4:	d017      	beq.n	80011f6 <HAL_RCC_OscConfig+0x34e>
        __HAL_RCC_PLL_DISABLE();
 80011c6:	4b3b      	ldr	r3, [pc, #236]	@ (80012b4 <HAL_RCC_OscConfig+0x40c>)
 80011c8:	2200      	movs	r2, #0
 80011ca:	661a      	str	r2, [r3, #96]	@ 0x60
        tickstart = HAL_GetTick();
 80011cc:	f7ff f942 	bl	8000454 <HAL_GetTick>
 80011d0:	4604      	mov	r4, r0
        while (__HAL_RCC_GET_FLAG(RCC_FLAG_PLLRDY)  != RESET)
 80011d2:	4b37      	ldr	r3, [pc, #220]	@ (80012b0 <HAL_RCC_OscConfig+0x408>)
 80011d4:	681b      	ldr	r3, [r3, #0]
 80011d6:	f013 7f00 	tst.w	r3, #33554432	@ 0x2000000
 80011da:	d047      	beq.n	800126c <HAL_RCC_OscConfig+0x3c4>
          if ((HAL_GetTick() - tickstart) > PLL_TIMEOUT_VALUE)
 80011dc:	f7ff f93a 	bl	8000454 <HAL_GetTick>
 80011e0:	1b00      	subs	r0, r0, r4
 80011e2:	2802      	cmp	r0, #2
 80011e4:	d9f5      	bls.n	80011d2 <HAL_RCC_OscConfig+0x32a>
            return HAL_TIMEOUT;
 80011e6:	2003      	movs	r0, #3
 80011e8:	e059      	b.n	800129e <HAL_RCC_OscConfig+0x3f6>
      __HAL_RCC_PWR_CLK_DISABLE();
 80011ea:	4a31      	ldr	r2, [pc, #196]	@ (80012b0 <HAL_RCC_OscConfig+0x408>)
 80011ec:	69d3      	ldr	r3, [r2, #28]
 80011ee:	f023 5380 	bic.w	r3, r3, #268435456	@ 0x10000000
 80011f2:	61d3      	str	r3, [r2, #28]
 80011f4:	e7dc      	b.n	80011b0 <HAL_RCC_OscConfig+0x308>
        __HAL_RCC_PLL_DISABLE();
 80011f6:	4b2f      	ldr	r3, [pc, #188]	@ (80012b4 <HAL_RCC_OscConfig+0x40c>)
 80011f8:	2200      	movs	r2, #0
 80011fa:	661a      	str	r2, [r3, #96]	@ 0x60
        tickstart = HAL_GetTick();
 80011fc:	f7ff f92a 	bl	8000454 <HAL_GetTick>
 8001200:	4605      	mov	r5, r0
        while (__HAL_RCC_GET_FLAG(RCC_FLAG_PLLRDY)  != RESET)
 8001202:	4b2b      	ldr	r3, [pc, #172]	@ (80012b0 <HAL_RCC_OscConfig+0x408>)
 8001204:	681b      	ldr	r3, [r3, #0]
 8001206:	f013 7f00 	tst.w	r3, #33554432	@ 0x2000000
 800120a:	d006      	beq.n	800121a <HAL_RCC_OscConfig+0x372>
          if ((HAL_GetTick() - tickstart) > PLL_TIMEOUT_VALUE)
 800120c:	f7ff f922 	bl	8000454 <HAL_GetTick>
 8001210:	1b40      	subs	r0, r0, r5
 8001212:	2802      	cmp	r0, #2
 8001214:	d9f5      	bls.n	8001202 <HAL_RCC_OscConfig+0x35a>
            return HAL_TIMEOUT;
 8001216:	2003      	movs	r0, #3
 8001218:	e041      	b.n	800129e <HAL_RCC_OscConfig+0x3f6>
        if (RCC_OscInitStruct->PLL.PLLSource == RCC_PLLSOURCE_HSE)
 800121a:	6a23      	ldr	r3, [r4, #32]
 800121c:	f5b3 3f80 	cmp.w	r3, #65536	@ 0x10000
 8001220:	d01a      	beq.n	8001258 <HAL_RCC_OscConfig+0x3b0>
        __HAL_RCC_PLL_CONFIG(RCC_OscInitStruct->PLL.PLLSource,
 8001222:	4923      	ldr	r1, [pc, #140]	@ (80012b0 <HAL_RCC_OscConfig+0x408>)
 8001224:	684b      	ldr	r3, [r1, #4]
 8001226:	f423 1374 	bic.w	r3, r3, #3997696	@ 0x3d0000
 800122a:	6a22      	ldr	r2, [r4, #32]
 800122c:	6a60      	ldr	r0, [r4, #36]	@ 0x24
 800122e:	4302      	orrs	r2, r0
 8001230:	4313      	orrs	r3, r2
 8001232:	604b      	str	r3, [r1, #4]
        __HAL_RCC_PLL_ENABLE();
 8001234:	4b1f      	ldr	r3, [pc, #124]	@ (80012b4 <HAL_RCC_OscConfig+0x40c>)
 8001236:	2201      	movs	r2, #1
 8001238:	661a      	str	r2, [r3, #96]	@ 0x60
        tickstart = HAL_GetTick();
 800123a:	f7ff f90b 	bl	8000454 <HAL_GetTick>
 800123e:	4604      	mov	r4, r0
        while (__HAL_RCC_GET_FLAG(RCC_FLAG_PLLRDY)  == RESET)
 8001240:	4b1b      	ldr	r3, [pc, #108]	@ (80012b0 <HAL_RCC_OscConfig+0x408>)
 8001242:	681b      	ldr	r3, [r3, #0]
 8001244:	f013 7f00 	tst.w	r3, #33554432	@ 0x2000000
 8001248:	d10e      	bne.n	8001268 <HAL_RCC_OscConfig+0x3c0>
          if ((HAL_GetTick() - tickstart) > PLL_TIMEOUT_VALUE)
 800124a:	f7ff f903 	bl	8000454 <HAL_GetTick>
 800124e:	1b00      	subs	r0, r0, r4
 8001250:	2802      	cmp	r0, #2
 8001252:	d9f5      	bls.n	8001240 <HAL_RCC_OscConfig+0x398>
            return HAL_TIMEOUT;
 8001254:	2003      	movs	r0, #3
 8001256:	e022      	b.n	800129e <HAL_RCC_OscConfig+0x3f6>
          __HAL_RCC_HSE_PREDIV_CONFIG(RCC_OscInitStruct->HSEPredivValue);
 8001258:	4a15      	ldr	r2, [pc, #84]	@ (80012b0 <HAL_RCC_OscConfig+0x408>)
 800125a:	6853      	ldr	r3, [r2, #4]
 800125c:	f423 3300 	bic.w	r3, r3, #131072	@ 0x20000
 8001260:	68a1      	ldr	r1, [r4, #8]
 8001262:	430b      	orrs	r3, r1
 8001264:	6053      	str	r3, [r2, #4]
 8001266:	e7dc      	b.n	8001222 <HAL_RCC_OscConfig+0x37a>
  return HAL_OK;
 8001268:	2000      	movs	r0, #0
 800126a:	e018      	b.n	800129e <HAL_RCC_OscConfig+0x3f6>
 800126c:	2000      	movs	r0, #0
 800126e:	e016      	b.n	800129e <HAL_RCC_OscConfig+0x3f6>
      if ((RCC_OscInitStruct->PLL.PLLState) == RCC_PLL_OFF)
 8001270:	2b01      	cmp	r3, #1
 8001272:	d016      	beq.n	80012a2 <HAL_RCC_OscConfig+0x3fa>
        pll_config = RCC->CFGR;
 8001274:	4b0e      	ldr	r3, [pc, #56]	@ (80012b0 <HAL_RCC_OscConfig+0x408>)
 8001276:	685b      	ldr	r3, [r3, #4]
        if ((READ_BIT(pll_config, RCC_CFGR_PLLSRC) != RCC_OscInitStruct->PLL.PLLSource) ||
 8001278:	f403 3180 	and.w	r1, r3, #65536	@ 0x10000
 800127c:	6a22      	ldr	r2, [r4, #32]
 800127e:	4291      	cmp	r1, r2
 8001280:	d111      	bne.n	80012a6 <HAL_RCC_OscConfig+0x3fe>
            (READ_BIT(pll_config, RCC_CFGR_PLLMULL) != RCC_OscInitStruct->PLL.PLLMUL))
 8001282:	f403 1370 	and.w	r3, r3, #3932160	@ 0x3c0000
 8001286:	6a62      	ldr	r2, [r4, #36]	@ 0x24
        if ((READ_BIT(pll_config, RCC_CFGR_PLLSRC) != RCC_OscInitStruct->PLL.PLLSource) ||
 8001288:	4293      	cmp	r3, r2
 800128a:	d10e      	bne.n	80012aa <HAL_RCC_OscConfig+0x402>
  return HAL_OK;
 800128c:	2000      	movs	r0, #0
 800128e:	e006      	b.n	800129e <HAL_RCC_OscConfig+0x3f6>
    return HAL_ERROR;
 8001290:	2001      	movs	r0, #1
}
 8001292:	4770      	bx	lr
        return HAL_ERROR;
 8001294:	2001      	movs	r0, #1
 8001296:	e002      	b.n	800129e <HAL_RCC_OscConfig+0x3f6>
        return HAL_ERROR;
 8001298:	2001      	movs	r0, #1
 800129a:	e000      	b.n	800129e <HAL_RCC_OscConfig+0x3f6>
  return HAL_OK;
 800129c:	2000      	movs	r0, #0
}
 800129e:	b002      	add	sp, #8
 80012a0:	bd70      	pop	{r4, r5, r6, pc}
        return HAL_ERROR;
 80012a2:	2001      	movs	r0, #1
 80012a4:	e7fb      	b.n	800129e <HAL_RCC_OscConfig+0x3f6>
          return HAL_ERROR;
 80012a6:	2001      	movs	r0, #1
 80012a8:	e7f9      	b.n	800129e <HAL_RCC_OscConfig+0x3f6>
 80012aa:	2001      	movs	r0, #1
 80012ac:	e7f7      	b.n	800129e <HAL_RCC_OscConfig+0x3f6>
 80012ae:	bf00      	nop
 80012b0:	40021000 	.word	0x40021000
 80012b4:	42420000 	.word	0x42420000

080012b8 <HAL_RCC_GetSysClockFreq>:
  tmpreg = RCC->CFGR;
 80012b8:	4b0f      	ldr	r3, [pc, #60]	@ (80012f8 <HAL_RCC_GetSysClockFreq+0x40>)
 80012ba:	685b      	ldr	r3, [r3, #4]
  switch (tmpreg & RCC_CFGR_SWS)
 80012bc:	f003 020c 	and.w	r2, r3, #12
 80012c0:	2a08      	cmp	r2, #8
 80012c2:	d001      	beq.n	80012c8 <HAL_RCC_GetSysClockFreq+0x10>
      sysclockfreq = HSE_VALUE;
 80012c4:	480d      	ldr	r0, [pc, #52]	@ (80012fc <HAL_RCC_GetSysClockFreq+0x44>)
}
 80012c6:	4770      	bx	lr
      pllmul = aPLLMULFactorTable[(uint32_t)(tmpreg & RCC_CFGR_PLLMULL) >> RCC_CFGR_PLLMULL_Pos];
 80012c8:	f3c3 4283 	ubfx	r2, r3, #18, #4
 80012cc:	490c      	ldr	r1, [pc, #48]	@ (8001300 <HAL_RCC_GetSysClockFreq+0x48>)
 80012ce:	5c88      	ldrb	r0, [r1, r2]
      if ((tmpreg & RCC_CFGR_PLLSRC) != RCC_PLLSOURCE_HSI_DIV2)
 80012d0:	f413 3f80 	tst.w	r3, #65536	@ 0x10000
 80012d4:	d00b      	beq.n	80012ee <HAL_RCC_GetSysClockFreq+0x36>
        prediv = aPredivFactorTable[(uint32_t)(RCC->CFGR & RCC_CFGR_PLLXTPRE) >> RCC_CFGR_PLLXTPRE_Pos];
 80012d6:	4b08      	ldr	r3, [pc, #32]	@ (80012f8 <HAL_RCC_GetSysClockFreq+0x40>)
 80012d8:	685b      	ldr	r3, [r3, #4]
 80012da:	f3c3 4340 	ubfx	r3, r3, #17, #1
 80012de:	4a09      	ldr	r2, [pc, #36]	@ (8001304 <HAL_RCC_GetSysClockFreq+0x4c>)
 80012e0:	5cd3      	ldrb	r3, [r2, r3]
        pllclk = (uint32_t)((HSE_VALUE  * pllmul) / prediv);
 80012e2:	4a06      	ldr	r2, [pc, #24]	@ (80012fc <HAL_RCC_GetSysClockFreq+0x44>)
 80012e4:	fb02 f000 	mul.w	r0, r2, r0
 80012e8:	fbb0 f0f3 	udiv	r0, r0, r3
 80012ec:	4770      	bx	lr
        pllclk = (uint32_t)((HSI_VALUE >> 1) * pllmul);
 80012ee:	4b06      	ldr	r3, [pc, #24]	@ (8001308 <HAL_RCC_GetSysClockFreq+0x50>)
 80012f0:	fb03 f000 	mul.w	r0, r3, r0
 80012f4:	4770      	bx	lr
 80012f6:	bf00      	nop
 80012f8:	40021000 	.word	0x40021000
 80012fc:	007a1200 	.word	0x007a1200
 8001300:	08002854 	.word	0x08002854
 8001304:	08002850 	.word	0x08002850
 8001308:	003d0900 	.word	0x003d0900

0800130c <HAL_RCC_ClockConfig>:
  if (RCC_ClkInitStruct == NULL)
 800130c:	2800      	cmp	r0, #0
 800130e:	f000 80a0 	beq.w	8001452 <HAL_RCC_ClockConfig+0x146>
{
 8001312:	b570      	push	{r4, r5, r6, lr}
 8001314:	460d      	mov	r5, r1
 8001316:	4604      	mov	r4, r0
  if (FLatency > __HAL_FLASH_GET_LATENCY())
 8001318:	4b52      	ldr	r3, [pc, #328]	@ (8001464 <HAL_RCC_ClockConfig+0x158>)
 800131a:	681b      	ldr	r3, [r3, #0]
 800131c:	f003 0307 	and.w	r3, r3, #7
 8001320:	428b      	cmp	r3, r1
 8001322:	d20b      	bcs.n	800133c <HAL_RCC_ClockConfig+0x30>
    __HAL_FLASH_SET_LATENCY(FLatency);
 8001324:	4a4f      	ldr	r2, [pc, #316]	@ (8001464 <HAL_RCC_ClockConfig+0x158>)
 8001326:	6813      	ldr	r3, [r2, #0]
 8001328:	f023 0307 	bic.w	r3, r3, #7
 800132c:	430b      	orrs	r3, r1
 800132e:	6013      	str	r3, [r2, #0]
    if (__HAL_FLASH_GET_LATENCY() != FLatency)
 8001330:	6813      	ldr	r3, [r2, #0]
 8001332:	f003 0307 	and.w	r3, r3, #7
 8001336:	428b      	cmp	r3, r1
 8001338:	f040 808d 	bne.w	8001456 <HAL_RCC_ClockConfig+0x14a>
if (((RCC_ClkInitStruct->ClockType) & RCC_CLOCKTYPE_HCLK) == RCC_CLOCKTYPE_HCLK)
 800133c:	6823      	ldr	r3, [r4, #0]
 800133e:	f013 0f02 	tst.w	r3, #2
 8001342:	d017      	beq.n	8001374 <HAL_RCC_ClockConfig+0x68>
    if (((RCC_ClkInitStruct->ClockType) & RCC_CLOCKTYPE_PCLK1) == RCC_CLOCKTYPE_PCLK1)
 8001344:	f013 0f04 	tst.w	r3, #4
 8001348:	d004      	beq.n	8001354 <HAL_RCC_ClockConfig+0x48>
      MODIFY_REG(RCC->CFGR, RCC_CFGR_PPRE1, RCC_HCLK_DIV16);
 800134a:	4a47      	ldr	r2, [pc, #284]	@ (8001468 <HAL_RCC_ClockConfig+0x15c>)
 800134c:	6853      	ldr	r3, [r2, #4]
 800134e:	f443 63e0 	orr.w	r3, r3, #1792	@ 0x700
 8001352:	6053      	str	r3, [r2, #4]
    if (((RCC_ClkInitStruct->ClockType) & RCC_CLOCKTYPE_PCLK2) == RCC_CLOCKTYPE_PCLK2)
 8001354:	6823      	ldr	r3, [r4, #0]
 8001356:	f013 0f08 	tst.w	r3, #8
 800135a:	d004      	beq.n	8001366 <HAL_RCC_ClockConfig+0x5a>
      MODIFY_REG(RCC->CFGR, RCC_CFGR_PPRE2, (RCC_HCLK_DIV16 << 3));
 800135c:	4a42      	ldr	r2, [pc, #264]	@ (8001468 <HAL_RCC_ClockConfig+0x15c>)
 800135e:	6853      	ldr	r3, [r2, #4]
 8001360:	f443 5360 	orr.w	r3, r3, #14336	@ 0x3800
 8001364:	6053      	str	r3, [r2, #4]
    MODIFY_REG(RCC->CFGR, RCC_CFGR_HPRE, RCC_ClkInitStruct->AHBCLKDivider);
 8001366:	4a40      	ldr	r2, [pc, #256]	@ (8001468 <HAL_RCC_ClockConfig+0x15c>)
 8001368:	6853      	ldr	r3, [r2, #4]
 800136a:	f023 03f0 	bic.w	r3, r3, #240	@ 0xf0
 800136e:	68a1      	ldr	r1, [r4, #8]
 8001370:	430b      	orrs	r3, r1
 8001372:	6053      	str	r3, [r2, #4]
  if (((RCC_ClkInitStruct->ClockType) & RCC_CLOCKTYPE_SYSCLK) == RCC_CLOCKTYPE_SYSCLK)
 8001374:	6823      	ldr	r3, [r4, #0]
 8001376:	f013 0f01 	tst.w	r3, #1
 800137a:	d031      	beq.n	80013e0 <HAL_RCC_ClockConfig+0xd4>
    if (RCC_ClkInitStruct->SYSCLKSource == RCC_SYSCLKSOURCE_HSE)
 800137c:	6863      	ldr	r3, [r4, #4]
 800137e:	2b01      	cmp	r3, #1
 8001380:	d020      	beq.n	80013c4 <HAL_RCC_ClockConfig+0xb8>
    else if (RCC_ClkInitStruct->SYSCLKSource == RCC_SYSCLKSOURCE_PLLCLK)
 8001382:	2b02      	cmp	r3, #2
 8001384:	d025      	beq.n	80013d2 <HAL_RCC_ClockConfig+0xc6>
      if (__HAL_RCC_GET_FLAG(RCC_FLAG_HSIRDY) == RESET)
 8001386:	4a38      	ldr	r2, [pc, #224]	@ (8001468 <HAL_RCC_ClockConfig+0x15c>)
 8001388:	6812      	ldr	r2, [r2, #0]
 800138a:	f012 0f02 	tst.w	r2, #2
 800138e:	d064      	beq.n	800145a <HAL_RCC_ClockConfig+0x14e>
    __HAL_RCC_SYSCLK_CONFIG(RCC_ClkInitStruct->SYSCLKSource);
 8001390:	4935      	ldr	r1, [pc, #212]	@ (8001468 <HAL_RCC_ClockConfig+0x15c>)
 8001392:	684a      	ldr	r2, [r1, #4]
 8001394:	f022 0203 	bic.w	r2, r2, #3
 8001398:	4313      	orrs	r3, r2
 800139a:	604b      	str	r3, [r1, #4]
    tickstart = HAL_GetTick();
 800139c:	f7ff f85a 	bl	8000454 <HAL_GetTick>
 80013a0:	4606      	mov	r6, r0
    while (__HAL_RCC_GET_SYSCLK_SOURCE() != (RCC_ClkInitStruct->SYSCLKSource << RCC_CFGR_SWS_Pos))
 80013a2:	4b31      	ldr	r3, [pc, #196]	@ (8001468 <HAL_RCC_ClockConfig+0x15c>)
 80013a4:	685b      	ldr	r3, [r3, #4]
 80013a6:	f003 030c 	and.w	r3, r3, #12
 80013aa:	6862      	ldr	r2, [r4, #4]
 80013ac:	ebb3 0f82 	cmp.w	r3, r2, lsl #2
 80013b0:	d016      	beq.n	80013e0 <HAL_RCC_ClockConfig+0xd4>
      if ((HAL_GetTick() - tickstart) > CLOCKSWITCH_TIMEOUT_VALUE)
 80013b2:	f7ff f84f 	bl	8000454 <HAL_GetTick>
 80013b6:	1b80      	subs	r0, r0, r6
 80013b8:	f241 3388 	movw	r3, #5000	@ 0x1388
 80013bc:	4298      	cmp	r0, r3
 80013be:	d9f0      	bls.n	80013a2 <HAL_RCC_ClockConfig+0x96>
        return HAL_TIMEOUT;
 80013c0:	2003      	movs	r0, #3
 80013c2:	e045      	b.n	8001450 <HAL_RCC_ClockConfig+0x144>
      if (__HAL_RCC_GET_FLAG(RCC_FLAG_HSERDY) == RESET)
 80013c4:	4a28      	ldr	r2, [pc, #160]	@ (8001468 <HAL_RCC_ClockConfig+0x15c>)
 80013c6:	6812      	ldr	r2, [r2, #0]
 80013c8:	f412 3f00 	tst.w	r2, #131072	@ 0x20000
 80013cc:	d1e0      	bne.n	8001390 <HAL_RCC_ClockConfig+0x84>
        return HAL_ERROR;
 80013ce:	2001      	movs	r0, #1
 80013d0:	e03e      	b.n	8001450 <HAL_RCC_ClockConfig+0x144>
      if (__HAL_RCC_GET_FLAG(RCC_FLAG_PLLRDY) == RESET)
 80013d2:	4a25      	ldr	r2, [pc, #148]	@ (8001468 <HAL_RCC_ClockConfig+0x15c>)
 80013d4:	6812      	ldr	r2, [r2, #0]
 80013d6:	f012 7f00 	tst.w	r2, #33554432	@ 0x2000000
 80013da:	d1d9      	bne.n	8001390 <HAL_RCC_ClockConfig+0x84>
        return HAL_ERROR;
 80013dc:	2001      	movs	r0, #1
 80013de:	e037      	b.n	8001450 <HAL_RCC_ClockConfig+0x144>
  if (FLatency < __HAL_FLASH_GET_LATENCY())
 80013e0:	4b20      	ldr	r3, [pc, #128]	@ (8001464 <HAL_RCC_ClockConfig+0x158>)
 80013e2:	681b      	ldr	r3, [r3, #0]
 80013e4:	f003 0307 	and.w	r3, r3, #7
 80013e8:	42ab      	cmp	r3, r5
 80013ea:	d90a      	bls.n	8001402 <HAL_RCC_ClockConfig+0xf6>
    __HAL_FLASH_SET_LATENCY(FLatency);
 80013ec:	4a1d      	ldr	r2, [pc, #116]	@ (8001464 <HAL_RCC_ClockConfig+0x158>)
 80013ee:	6813      	ldr	r3, [r2, #0]
 80013f0:	f023 0307 	bic.w	r3, r3, #7
 80013f4:	432b      	orrs	r3, r5
 80013f6:	6013      	str	r3, [r2, #0]
    if (__HAL_FLASH_GET_LATENCY() != FLatency)
 80013f8:	6813      	ldr	r3, [r2, #0]
 80013fa:	f003 0307 	and.w	r3, r3, #7
 80013fe:	42ab      	cmp	r3, r5
 8001400:	d12d      	bne.n	800145e <HAL_RCC_ClockConfig+0x152>
if (((RCC_ClkInitStruct->ClockType) & RCC_CLOCKTYPE_PCLK1) == RCC_CLOCKTYPE_PCLK1)
 8001402:	6823      	ldr	r3, [r4, #0]
 8001404:	f013 0f04 	tst.w	r3, #4
 8001408:	d006      	beq.n	8001418 <HAL_RCC_ClockConfig+0x10c>
    MODIFY_REG(RCC->CFGR, RCC_CFGR_PPRE1, RCC_ClkInitStruct->APB1CLKDivider);
 800140a:	4a17      	ldr	r2, [pc, #92]	@ (8001468 <HAL_RCC_ClockConfig+0x15c>)
 800140c:	6853      	ldr	r3, [r2, #4]
 800140e:	f423 63e0 	bic.w	r3, r3, #1792	@ 0x700
 8001412:	68e1      	ldr	r1, [r4, #12]
 8001414:	430b      	orrs	r3, r1
 8001416:	6053      	str	r3, [r2, #4]
  if (((RCC_ClkInitStruct->ClockType) & RCC_CLOCKTYPE_PCLK2) == RCC_CLOCKTYPE_PCLK2)
 8001418:	6823      	ldr	r3, [r4, #0]
 800141a:	f013 0f08 	tst.w	r3, #8
 800141e:	d007      	beq.n	8001430 <HAL_RCC_ClockConfig+0x124>
    MODIFY_REG(RCC->CFGR, RCC_CFGR_PPRE2, ((RCC_ClkInitStruct->APB2CLKDivider) << 3));
 8001420:	4a11      	ldr	r2, [pc, #68]	@ (8001468 <HAL_RCC_ClockConfig+0x15c>)
 8001422:	6853      	ldr	r3, [r2, #4]
 8001424:	f423 5360 	bic.w	r3, r3, #14336	@ 0x3800
 8001428:	6921      	ldr	r1, [r4, #16]
 800142a:	ea43 03c1 	orr.w	r3, r3, r1, lsl #3
 800142e:	6053      	str	r3, [r2, #4]
  SystemCoreClock = HAL_RCC_GetSysClockFreq() >> AHBPrescTable[(RCC->CFGR & RCC_CFGR_HPRE) >> RCC_CFGR_HPRE_Pos];
 8001430:	f7ff ff42 	bl	80012b8 <HAL_RCC_GetSysClockFreq>
 8001434:	4b0c      	ldr	r3, [pc, #48]	@ (8001468 <HAL_RCC_ClockConfig+0x15c>)
 8001436:	685b      	ldr	r3, [r3, #4]
 8001438:	f3c3 1303 	ubfx	r3, r3, #4, #4
 800143c:	4a0b      	ldr	r2, [pc, #44]	@ (800146c <HAL_RCC_ClockConfig+0x160>)
 800143e:	5cd3      	ldrb	r3, [r2, r3]
 8001440:	40d8      	lsrs	r0, r3
 8001442:	4b0b      	ldr	r3, [pc, #44]	@ (8001470 <HAL_RCC_ClockConfig+0x164>)
 8001444:	6018      	str	r0, [r3, #0]
  HAL_InitTick(uwTickPrio);
 8001446:	4b0b      	ldr	r3, [pc, #44]	@ (8001474 <HAL_RCC_ClockConfig+0x168>)
 8001448:	6818      	ldr	r0, [r3, #0]
 800144a:	f7fe ffbf 	bl	80003cc <HAL_InitTick>
  return HAL_OK;
 800144e:	2000      	movs	r0, #0
}
 8001450:	bd70      	pop	{r4, r5, r6, pc}
    return HAL_ERROR;
 8001452:	2001      	movs	r0, #1
}
 8001454:	4770      	bx	lr
    return HAL_ERROR;
 8001456:	2001      	movs	r0, #1
 8001458:	e7fa      	b.n	8001450 <HAL_RCC_ClockConfig+0x144>
        return HAL_ERROR;
 800145a:	2001      	movs	r0, #1
 800145c:	e7f8      	b.n	8001450 <HAL_RCC_ClockConfig+0x144>
    return HAL_ERROR;
 800145e:	2001      	movs	r0, #1
 8001460:	e7f6      	b.n	8001450 <HAL_RCC_ClockConfig+0x144>
 8001462:	bf00      	nop
 8001464:	40022000 	.word	0x40022000
 8001468:	40021000 	.word	0x40021000
 800146c:	08002880 	.word	0x08002880
 8001470:	20000038 	.word	0x20000038
 8001474:	20000034 	.word	0x20000034

08001478 <HAL_RCC_GetHCLKFreq>:
}
 8001478:	4b01      	ldr	r3, [pc, #4]	@ (8001480 <HAL_RCC_GetHCLKFreq+0x8>)
 800147a:	6818      	ldr	r0, [r3, #0]
 800147c:	4770      	bx	lr
 800147e:	bf00      	nop
 8001480:	20000038 	.word	0x20000038

08001484 <HAL_RCC_GetPCLK1Freq>:
{
 8001484:	b508      	push	{r3, lr}
  return (HAL_RCC_GetHCLKFreq() >> APBPrescTable[(RCC->CFGR & RCC_CFGR_PPRE1) >> RCC_CFGR_PPRE1_Pos]);
 8001486:	f7ff fff7 	bl	8001478 <HAL_RCC_GetHCLKFreq>
 800148a:	4b04      	ldr	r3, [pc, #16]	@ (800149c <HAL_RCC_GetPCLK1Freq+0x18>)
 800148c:	685b      	ldr	r3, [r3, #4]
 800148e:	f3c3 2302 	ubfx	r3, r3, #8, #3
 8001492:	4a03      	ldr	r2, [pc, #12]	@ (80014a0 <HAL_RCC_GetPCLK1Freq+0x1c>)
 8001494:	5cd3      	ldrb	r3, [r2, r3]
}
 8001496:	40d8      	lsrs	r0, r3
 8001498:	bd08      	pop	{r3, pc}
 800149a:	bf00      	nop
 800149c:	40021000 	.word	0x40021000
 80014a0:	08002878 	.word	0x08002878

080014a4 <HAL_RCC_GetPCLK2Freq>:
{
 80014a4:	b508      	push	{r3, lr}
  return (HAL_RCC_GetHCLKFreq() >> APBPrescTable[(RCC->CFGR & RCC_CFGR_PPRE2) >> RCC_CFGR_PPRE2_Pos]);
 80014a6:	f7ff ffe7 	bl	8001478 <HAL_RCC_GetHCLKFreq>
 80014aa:	4b04      	ldr	r3, [pc, #16]	@ (80014bc <HAL_RCC_GetPCLK2Freq+0x18>)
 80014ac:	685b      	ldr	r3, [r3, #4]
 80014ae:	f3c3 23c2 	ubfx	r3, r3, #11, #3
 80014b2:	4a03      	ldr	r2, [pc, #12]	@ (80014c0 <HAL_RCC_GetPCLK2Freq+0x1c>)
 80014b4:	5cd3      	ldrb	r3, [r2, r3]
}
 80014b6:	40d8      	lsrs	r0, r3
 80014b8:	bd08      	pop	{r3, pc}
 80014ba:	bf00      	nop
 80014bc:	40021000 	.word	0x40021000
 80014c0:	08002878 	.word	0x08002878

080014c4 <HAL_RCCEx_PeriphCLKConfig>:
  *         manually disable it.
  *
  * @retval HAL status
  */
HAL_StatusTypeDef HAL_RCCEx_PeriphCLKConfig(RCC_PeriphCLKInitTypeDef  *PeriphClkInit)
{
 80014c4:	b570      	push	{r4, r5, r6, lr}
 80014c6:	b082      	sub	sp, #8
 80014c8:	4604      	mov	r4, r0

  /* Check the parameters */
  assert_param(IS_RCC_PERIPHCLOCK(PeriphClkInit->PeriphClockSelection));

  /*------------------------------- RTC/LCD Configuration ------------------------*/
  if ((((PeriphClkInit->PeriphClockSelection) & RCC_PERIPHCLK_RTC) == RCC_PERIPHCLK_RTC))
 80014ca:	6803      	ldr	r3, [r0, #0]
 80014cc:	f013 0f01 	tst.w	r3, #1
 80014d0:	d036      	beq.n	8001540 <HAL_RCCEx_PeriphCLKConfig+0x7c>
    assert_param(IS_RCC_RTCCLKSOURCE(PeriphClkInit->RTCClockSelection));

    /* As soon as function is called to change RTC clock source, activation of the
       power domain is done. */
    /* Requires to enable write access to Backup Domain of necessary */
    if (__HAL_RCC_PWR_IS_CLK_DISABLED())
 80014d2:	4b3f      	ldr	r3, [pc, #252]	@ (80015d0 <HAL_RCCEx_PeriphCLKConfig+0x10c>)
 80014d4:	69db      	ldr	r3, [r3, #28]
 80014d6:	f013 5f80 	tst.w	r3, #268435456	@ 0x10000000
 80014da:	d14a      	bne.n	8001572 <HAL_RCCEx_PeriphCLKConfig+0xae>
    {
      __HAL_RCC_PWR_CLK_ENABLE();
 80014dc:	4b3c      	ldr	r3, [pc, #240]	@ (80015d0 <HAL_RCCEx_PeriphCLKConfig+0x10c>)
 80014de:	69da      	ldr	r2, [r3, #28]
 80014e0:	f042 5280 	orr.w	r2, r2, #268435456	@ 0x10000000
 80014e4:	61da      	str	r2, [r3, #28]
 80014e6:	69db      	ldr	r3, [r3, #28]
 80014e8:	f003 5380 	and.w	r3, r3, #268435456	@ 0x10000000
 80014ec:	9301      	str	r3, [sp, #4]
 80014ee:	9b01      	ldr	r3, [sp, #4]
      pwrclkchanged = SET;
 80014f0:	2501      	movs	r5, #1
    }

    if (HAL_IS_BIT_CLR(PWR->CR, PWR_CR_DBP))
 80014f2:	4b38      	ldr	r3, [pc, #224]	@ (80015d4 <HAL_RCCEx_PeriphCLKConfig+0x110>)
 80014f4:	681b      	ldr	r3, [r3, #0]
 80014f6:	f413 7f80 	tst.w	r3, #256	@ 0x100
 80014fa:	d03c      	beq.n	8001576 <HAL_RCCEx_PeriphCLKConfig+0xb2>
        }
      }
    }

    /* Reset the Backup domain only if the RTC Clock source selection is modified from reset value */
    temp_reg = (RCC->BDCR & RCC_BDCR_RTCSEL);
 80014fc:	4b34      	ldr	r3, [pc, #208]	@ (80015d0 <HAL_RCCEx_PeriphCLKConfig+0x10c>)
 80014fe:	6a1b      	ldr	r3, [r3, #32]
    if ((temp_reg != 0x00000000U) && (temp_reg != (PeriphClkInit->RTCClockSelection & RCC_BDCR_RTCSEL)))
 8001500:	f413 7340 	ands.w	r3, r3, #768	@ 0x300
 8001504:	d013      	beq.n	800152e <HAL_RCCEx_PeriphCLKConfig+0x6a>
 8001506:	6862      	ldr	r2, [r4, #4]
 8001508:	f402 7240 	and.w	r2, r2, #768	@ 0x300
 800150c:	429a      	cmp	r2, r3
 800150e:	d00e      	beq.n	800152e <HAL_RCCEx_PeriphCLKConfig+0x6a>
    {
      /* Store the content of BDCR register before the reset of Backup Domain */
      temp_reg = (RCC->BDCR & ~(RCC_BDCR_RTCSEL));
 8001510:	4a2f      	ldr	r2, [pc, #188]	@ (80015d0 <HAL_RCCEx_PeriphCLKConfig+0x10c>)
 8001512:	6a13      	ldr	r3, [r2, #32]
 8001514:	f423 7040 	bic.w	r0, r3, #768	@ 0x300
      /* RTC Clock selection can be changed only if the Backup Domain is reset */
      __HAL_RCC_BACKUPRESET_FORCE();
 8001518:	492f      	ldr	r1, [pc, #188]	@ (80015d8 <HAL_RCCEx_PeriphCLKConfig+0x114>)
 800151a:	2601      	movs	r6, #1
 800151c:	f8c1 6440 	str.w	r6, [r1, #1088]	@ 0x440
      __HAL_RCC_BACKUPRESET_RELEASE();
 8001520:	2600      	movs	r6, #0
 8001522:	f8c1 6440 	str.w	r6, [r1, #1088]	@ 0x440
      /* Restore the Content of BDCR register */
      RCC->BDCR = temp_reg;
 8001526:	6210      	str	r0, [r2, #32]

      /* Wait for LSERDY if LSE was enabled */
      if (HAL_IS_BIT_SET(temp_reg, RCC_BDCR_LSEON))
 8001528:	f013 0f01 	tst.w	r3, #1
 800152c:	d137      	bne.n	800159e <HAL_RCCEx_PeriphCLKConfig+0xda>
            return HAL_TIMEOUT;
          }
        }
      }
    }
    __HAL_RCC_RTC_CONFIG(PeriphClkInit->RTCClockSelection);
 800152e:	4a28      	ldr	r2, [pc, #160]	@ (80015d0 <HAL_RCCEx_PeriphCLKConfig+0x10c>)
 8001530:	6a13      	ldr	r3, [r2, #32]
 8001532:	f423 7340 	bic.w	r3, r3, #768	@ 0x300
 8001536:	6861      	ldr	r1, [r4, #4]
 8001538:	430b      	orrs	r3, r1
 800153a:	6213      	str	r3, [r2, #32]

    /* Require to disable power clock if necessary */
    if (pwrclkchanged == SET)
 800153c:	2d00      	cmp	r5, #0
 800153e:	d13f      	bne.n	80015c0 <HAL_RCCEx_PeriphCLKConfig+0xfc>
      __HAL_RCC_PWR_CLK_DISABLE();
    }
  }

  /*------------------------------ ADC clock Configuration ------------------*/
  if (((PeriphClkInit->PeriphClockSelection) & RCC_PERIPHCLK_ADC) == RCC_PERIPHCLK_ADC)
 8001540:	6823      	ldr	r3, [r4, #0]
 8001542:	f013 0f02 	tst.w	r3, #2
 8001546:	d006      	beq.n	8001556 <HAL_RCCEx_PeriphCLKConfig+0x92>
  {
    /* Check the parameters */
    assert_param(IS_RCC_ADCPLLCLK_DIV(PeriphClkInit->AdcClockSelection));

    /* Configure the ADC clock source */
    __HAL_RCC_ADC_CONFIG(PeriphClkInit->AdcClockSelection);
 8001548:	4a21      	ldr	r2, [pc, #132]	@ (80015d0 <HAL_RCCEx_PeriphCLKConfig+0x10c>)
 800154a:	6853      	ldr	r3, [r2, #4]
 800154c:	f423 4340 	bic.w	r3, r3, #49152	@ 0xc000
 8001550:	68a1      	ldr	r1, [r4, #8]
 8001552:	430b      	orrs	r3, r1
 8001554:	6053      	str	r3, [r2, #4]

#if defined(STM32F102x6) || defined(STM32F102xB) || defined(STM32F103x6)\
 || defined(STM32F103xB) || defined(STM32F103xE) || defined(STM32F103xG)\
 || defined(STM32F105xC) || defined(STM32F107xC)
  /*------------------------------ USB clock Configuration ------------------*/
  if (((PeriphClkInit->PeriphClockSelection) & RCC_PERIPHCLK_USB) == RCC_PERIPHCLK_USB)
 8001556:	6823      	ldr	r3, [r4, #0]
 8001558:	f013 0f10 	tst.w	r3, #16
 800155c:	d035      	beq.n	80015ca <HAL_RCCEx_PeriphCLKConfig+0x106>
  {
    /* Check the parameters */
    assert_param(IS_RCC_USBPLLCLK_DIV(PeriphClkInit->UsbClockSelection));

    /* Configure the USB clock source */
    __HAL_RCC_USB_CONFIG(PeriphClkInit->UsbClockSelection);
 800155e:	4a1c      	ldr	r2, [pc, #112]	@ (80015d0 <HAL_RCCEx_PeriphCLKConfig+0x10c>)
 8001560:	6853      	ldr	r3, [r2, #4]
 8001562:	f423 0380 	bic.w	r3, r3, #4194304	@ 0x400000
 8001566:	68e1      	ldr	r1, [r4, #12]
 8001568:	430b      	orrs	r3, r1
 800156a:	6053      	str	r3, [r2, #4]
  }
#endif /* STM32F102x6 || STM32F102xB || STM32F103x6 || STM32F103xB || STM32F103xE || STM32F103xG || STM32F105xC || STM32F107xC */

  return HAL_OK;
 800156c:	2000      	movs	r0, #0
}
 800156e:	b002      	add	sp, #8
 8001570:	bd70      	pop	{r4, r5, r6, pc}
    FlagStatus pwrclkchanged = RESET;
 8001572:	2500      	movs	r5, #0
 8001574:	e7bd      	b.n	80014f2 <HAL_RCCEx_PeriphCLKConfig+0x2e>
      SET_BIT(PWR->CR, PWR_CR_DBP);
 8001576:	4a17      	ldr	r2, [pc, #92]	@ (80015d4 <HAL_RCCEx_PeriphCLKConfig+0x110>)
 8001578:	6813      	ldr	r3, [r2, #0]
 800157a:	f443 7380 	orr.w	r3, r3, #256	@ 0x100
 800157e:	6013      	str	r3, [r2, #0]
      tickstart = HAL_GetTick();
 8001580:	f7fe ff68 	bl	8000454 <HAL_GetTick>
 8001584:	4606      	mov	r6, r0
      while (HAL_IS_BIT_CLR(PWR->CR, PWR_CR_DBP))
 8001586:	4b13      	ldr	r3, [pc, #76]	@ (80015d4 <HAL_RCCEx_PeriphCLKConfig+0x110>)
 8001588:	681b      	ldr	r3, [r3, #0]
 800158a:	f413 7f80 	tst.w	r3, #256	@ 0x100
 800158e:	d1b5      	bne.n	80014fc <HAL_RCCEx_PeriphCLKConfig+0x38>
        if ((HAL_GetTick() - tickstart) > RCC_DBP_TIMEOUT_VALUE)
 8001590:	f7fe ff60 	bl	8000454 <HAL_GetTick>
 8001594:	1b80      	subs	r0, r0, r6
 8001596:	2864      	cmp	r0, #100	@ 0x64
 8001598:	d9f5      	bls.n	8001586 <HAL_RCCEx_PeriphCLKConfig+0xc2>
          return HAL_TIMEOUT;
 800159a:	2003      	movs	r0, #3
 800159c:	e7e7      	b.n	800156e <HAL_RCCEx_PeriphCLKConfig+0xaa>
        tickstart = HAL_GetTick();
 800159e:	f7fe ff59 	bl	8000454 <HAL_GetTick>
 80015a2:	4606      	mov	r6, r0
        while (__HAL_RCC_GET_FLAG(RCC_FLAG_LSERDY) == RESET)
 80015a4:	4b0a      	ldr	r3, [pc, #40]	@ (80015d0 <HAL_RCCEx_PeriphCLKConfig+0x10c>)
 80015a6:	6a1b      	ldr	r3, [r3, #32]
 80015a8:	f013 0f02 	tst.w	r3, #2
 80015ac:	d1bf      	bne.n	800152e <HAL_RCCEx_PeriphCLKConfig+0x6a>
          if ((HAL_GetTick() - tickstart) > RCC_LSE_TIMEOUT_VALUE)
 80015ae:	f7fe ff51 	bl	8000454 <HAL_GetTick>
 80015b2:	1b80      	subs	r0, r0, r6
 80015b4:	f241 3388 	movw	r3, #5000	@ 0x1388
 80015b8:	4298      	cmp	r0, r3
 80015ba:	d9f3      	bls.n	80015a4 <HAL_RCCEx_PeriphCLKConfig+0xe0>
            return HAL_TIMEOUT;
 80015bc:	2003      	movs	r0, #3
 80015be:	e7d6      	b.n	800156e <HAL_RCCEx_PeriphCLKConfig+0xaa>
      __HAL_RCC_PWR_CLK_DISABLE();
 80015c0:	69d3      	ldr	r3, [r2, #28]
 80015c2:	f023 5380 	bic.w	r3, r3, #268435456	@ 0x10000000
 80015c6:	61d3      	str	r3, [r2, #28]
 80015c8:	e7ba      	b.n	8001540 <HAL_RCCEx_PeriphCLKConfig+0x7c>
  return HAL_OK;
 80015ca:	2000      	movs	r0, #0
 80015cc:	e7cf      	b.n	800156e <HAL_RCCEx_PeriphCLKConfig+0xaa>
 80015ce:	bf00      	nop
 80015d0:	40021000 	.word	0x40021000
 80015d4:	40007000 	.word	0x40007000
 80015d8:	42420000 	.word	0x42420000

080015dc <HAL_RCCEx_GetPeriphCLKFreq>:
  *            @arg @ref RCC_PERIPHCLK_USB  USB peripheral clock
  @endif
  * @retval Frequency in Hz (0: means that no available frequency for the peripheral)
  */
uint32_t HAL_RCCEx_GetPeriphCLKFreq(uint32_t PeriphClk)
{
 80015dc:	b508      	push	{r3, lr}
  uint32_t temp_reg = 0U, frequency = 0U;

  /* Check the parameters */
  assert_param(IS_RCC_PERIPHCLOCK(PeriphClk));

  switch (PeriphClk)
 80015de:	2802      	cmp	r0, #2
 80015e0:	d04e      	beq.n	8001680 <HAL_RCCEx_GetPeriphCLKFreq+0xa4>
 80015e2:	2810      	cmp	r0, #16
 80015e4:	d003      	beq.n	80015ee <HAL_RCCEx_GetPeriphCLKFreq+0x12>
 80015e6:	2801      	cmp	r0, #1
 80015e8:	d028      	beq.n	800163c <HAL_RCCEx_GetPeriphCLKFreq+0x60>
 80015ea:	2000      	movs	r0, #0
 80015ec:	e052      	b.n	8001694 <HAL_RCCEx_GetPeriphCLKFreq+0xb8>
 || defined(STM32F103xB) || defined(STM32F103xE) || defined(STM32F103xG)\
 || defined(STM32F105xC) || defined(STM32F107xC)
    case RCC_PERIPHCLK_USB:
    {
      /* Get RCC configuration ------------------------------------------------------*/
      temp_reg = RCC->CFGR;
 80015ee:	4b2b      	ldr	r3, [pc, #172]	@ (800169c <HAL_RCCEx_GetPeriphCLKFreq+0xc0>)
 80015f0:	685a      	ldr	r2, [r3, #4]

      /* Check if PLL is enabled */
      if (HAL_IS_BIT_SET(RCC->CR, RCC_CR_PLLON))
 80015f2:	6818      	ldr	r0, [r3, #0]
 80015f4:	f010 7080 	ands.w	r0, r0, #16777216	@ 0x1000000
 80015f8:	d04c      	beq.n	8001694 <HAL_RCCEx_GetPeriphCLKFreq+0xb8>
      {
        pllmul = aPLLMULFactorTable[(uint32_t)(temp_reg & RCC_CFGR_PLLMULL) >> RCC_CFGR_PLLMULL_Pos];
 80015fa:	f3c2 4383 	ubfx	r3, r2, #18, #4
 80015fe:	4928      	ldr	r1, [pc, #160]	@ (80016a0 <HAL_RCCEx_GetPeriphCLKFreq+0xc4>)
 8001600:	5cc8      	ldrb	r0, [r1, r3]
        if ((temp_reg & RCC_CFGR_PLLSRC) != RCC_PLLSOURCE_HSI_DIV2)
 8001602:	f412 3f80 	tst.w	r2, #65536	@ 0x10000
 8001606:	d015      	beq.n	8001634 <HAL_RCCEx_GetPeriphCLKFreq+0x58>
        {
#if defined(STM32F105xC) || defined(STM32F107xC) || defined(STM32F100xB)\
 || defined(STM32F100xE)
          prediv1 = aPredivFactorTable[(uint32_t)(RCC->CFGR2 & RCC_CFGR2_PREDIV1) >> RCC_CFGR2_PREDIV1_Pos];
#else
          prediv1 = aPredivFactorTable[(uint32_t)(RCC->CFGR & RCC_CFGR_PLLXTPRE) >> RCC_CFGR_PLLXTPRE_Pos];
 8001608:	4b24      	ldr	r3, [pc, #144]	@ (800169c <HAL_RCCEx_GetPeriphCLKFreq+0xc0>)
 800160a:	685b      	ldr	r3, [r3, #4]
 800160c:	f3c3 4340 	ubfx	r3, r3, #17, #1
 8001610:	4a24      	ldr	r2, [pc, #144]	@ (80016a4 <HAL_RCCEx_GetPeriphCLKFreq+0xc8>)
 8001612:	5cd2      	ldrb	r2, [r2, r3]
          }
#else
          if ((temp_reg & RCC_CFGR_PLLSRC) != RCC_PLLSOURCE_HSI_DIV2)
          {
            /* HSE used as PLL clock source : PLLCLK = HSE/PREDIV1 * PLLMUL */
            pllclk = (uint32_t)((HSE_VALUE / prediv1) * pllmul);
 8001614:	4b24      	ldr	r3, [pc, #144]	@ (80016a8 <HAL_RCCEx_GetPeriphCLKFreq+0xcc>)
 8001616:	fbb3 f3f2 	udiv	r3, r3, r2
 800161a:	fb03 f000 	mul.w	r0, r3, r0
          /* Prescaler of 3 selected for USB */
          frequency = (2 * pllclk) / 3;
        }
#else
        /* USBCLK = PLLCLK / USB prescaler */
        if (__HAL_RCC_GET_USB_SOURCE() == RCC_USBCLKSOURCE_PLL)
 800161e:	4b1f      	ldr	r3, [pc, #124]	@ (800169c <HAL_RCCEx_GetPeriphCLKFreq+0xc0>)
 8001620:	685b      	ldr	r3, [r3, #4]
 8001622:	f413 0f80 	tst.w	r3, #4194304	@ 0x400000
 8001626:	d135      	bne.n	8001694 <HAL_RCCEx_GetPeriphCLKFreq+0xb8>
          frequency = pllclk;
        }
        else
        {
          /* Prescaler of 1.5 selected for USB */
          frequency = (pllclk * 2) / 3;
 8001628:	0040      	lsls	r0, r0, #1
 800162a:	4b20      	ldr	r3, [pc, #128]	@ (80016ac <HAL_RCCEx_GetPeriphCLKFreq+0xd0>)
 800162c:	fba3 3000 	umull	r3, r0, r3, r0
 8001630:	0840      	lsrs	r0, r0, #1
 8001632:	e02f      	b.n	8001694 <HAL_RCCEx_GetPeriphCLKFreq+0xb8>
          pllclk = (uint32_t)((HSI_VALUE >> 1) * pllmul);
 8001634:	4b1e      	ldr	r3, [pc, #120]	@ (80016b0 <HAL_RCCEx_GetPeriphCLKFreq+0xd4>)
 8001636:	fb03 f000 	mul.w	r0, r3, r0
 800163a:	e7f0      	b.n	800161e <HAL_RCCEx_GetPeriphCLKFreq+0x42>
    }
#endif /* STM32F103xE || STM32F103xG || STM32F105xC || STM32F107xC */
    case RCC_PERIPHCLK_RTC:
    {
      /* Get RCC BDCR configuration ------------------------------------------------------*/
      temp_reg = RCC->BDCR;
 800163c:	4b17      	ldr	r3, [pc, #92]	@ (800169c <HAL_RCCEx_GetPeriphCLKFreq+0xc0>)
 800163e:	6a1b      	ldr	r3, [r3, #32]

      /* Check if LSE is ready if RTC clock selection is LSE */
      if (((temp_reg & RCC_BDCR_RTCSEL) == RCC_RTCCLKSOURCE_LSE) && (HAL_IS_BIT_SET(temp_reg, RCC_BDCR_LSERDY)))
 8001640:	f240 3202 	movw	r2, #770	@ 0x302
 8001644:	401a      	ands	r2, r3
 8001646:	f5b2 7f81 	cmp.w	r2, #258	@ 0x102
 800164a:	d024      	beq.n	8001696 <HAL_RCCEx_GetPeriphCLKFreq+0xba>
      {
        frequency = LSE_VALUE;
      }
      /* Check if LSI is ready if RTC clock selection is LSI */
      else if (((temp_reg & RCC_BDCR_RTCSEL) == RCC_RTCCLKSOURCE_LSI) && (HAL_IS_BIT_SET(RCC->CSR, RCC_CSR_LSIRDY)))
 800164c:	f403 7340 	and.w	r3, r3, #768	@ 0x300
 8001650:	f5b3 7f00 	cmp.w	r3, #512	@ 0x200
 8001654:	d004      	beq.n	8001660 <HAL_RCCEx_GetPeriphCLKFreq+0x84>
      {
        frequency = LSI_VALUE;
      }
      else if (((temp_reg & RCC_BDCR_RTCSEL) == RCC_RTCCLKSOURCE_HSE_DIV128) && (HAL_IS_BIT_SET(RCC->CR, RCC_CR_HSERDY)))
 8001656:	f5b3 7f40 	cmp.w	r3, #768	@ 0x300
 800165a:	d009      	beq.n	8001670 <HAL_RCCEx_GetPeriphCLKFreq+0x94>
  uint32_t temp_reg = 0U, frequency = 0U;
 800165c:	2000      	movs	r0, #0
 800165e:	e019      	b.n	8001694 <HAL_RCCEx_GetPeriphCLKFreq+0xb8>
      else if (((temp_reg & RCC_BDCR_RTCSEL) == RCC_RTCCLKSOURCE_LSI) && (HAL_IS_BIT_SET(RCC->CSR, RCC_CSR_LSIRDY)))
 8001660:	4a0e      	ldr	r2, [pc, #56]	@ (800169c <HAL_RCCEx_GetPeriphCLKFreq+0xc0>)
 8001662:	6a52      	ldr	r2, [r2, #36]	@ 0x24
 8001664:	f012 0f02 	tst.w	r2, #2
 8001668:	d0f5      	beq.n	8001656 <HAL_RCCEx_GetPeriphCLKFreq+0x7a>
        frequency = LSI_VALUE;
 800166a:	f649 4040 	movw	r0, #40000	@ 0x9c40
 800166e:	e011      	b.n	8001694 <HAL_RCCEx_GetPeriphCLKFreq+0xb8>
      else if (((temp_reg & RCC_BDCR_RTCSEL) == RCC_RTCCLKSOURCE_HSE_DIV128) && (HAL_IS_BIT_SET(RCC->CR, RCC_CR_HSERDY)))
 8001670:	4b0a      	ldr	r3, [pc, #40]	@ (800169c <HAL_RCCEx_GetPeriphCLKFreq+0xc0>)
 8001672:	6818      	ldr	r0, [r3, #0]
 8001674:	f410 3000 	ands.w	r0, r0, #131072	@ 0x20000
 8001678:	d00c      	beq.n	8001694 <HAL_RCCEx_GetPeriphCLKFreq+0xb8>
      {
        frequency = HSE_VALUE / 128U;
 800167a:	f24f 4024 	movw	r0, #62500	@ 0xf424
    default:
    {
      break;
    }
  }
  return (frequency);
 800167e:	e009      	b.n	8001694 <HAL_RCCEx_GetPeriphCLKFreq+0xb8>
      frequency = HAL_RCC_GetPCLK2Freq() / (((__HAL_RCC_GET_ADC_SOURCE() >> RCC_CFGR_ADCPRE_Pos) + 1) * 2);
 8001680:	f7ff ff10 	bl	80014a4 <HAL_RCC_GetPCLK2Freq>
 8001684:	4b05      	ldr	r3, [pc, #20]	@ (800169c <HAL_RCCEx_GetPeriphCLKFreq+0xc0>)
 8001686:	685b      	ldr	r3, [r3, #4]
 8001688:	f3c3 3381 	ubfx	r3, r3, #14, #2
 800168c:	3301      	adds	r3, #1
 800168e:	005b      	lsls	r3, r3, #1
 8001690:	fbb0 f0f3 	udiv	r0, r0, r3
}
 8001694:	bd08      	pop	{r3, pc}
        frequency = LSE_VALUE;
 8001696:	f44f 4000 	mov.w	r0, #32768	@ 0x8000
 800169a:	e7fb      	b.n	8001694 <HAL_RCCEx_GetPeriphCLKFreq+0xb8>
 800169c:	40021000 	.word	0x40021000
 80016a0:	08002868 	.word	0x08002868
 80016a4:	08002864 	.word	0x08002864
 80016a8:	007a1200 	.word	0x007a1200
 80016ac:	aaaaaaab 	.word	0xaaaaaaab
 80016b0:	003d0900 	.word	0x003d0900

080016b4 <TIM_OC1_SetConfig>:
  * @param  TIMx to select the TIM peripheral
  * @param  OC_Config The output configuration structure
  * @retval None
  */
static void TIM_OC1_SetConfig(TIM_TypeDef *TIMx, const TIM_OC_InitTypeDef *OC_Config)
{
 80016b4:	b430      	push	{r4, r5}
  uint32_t tmpccmrx;
  uint32_t tmpccer;
  uint32_t tmpcr2;

  /* Get the TIMx CCER register value */
  tmpccer = TIMx->CCER;
 80016b6:	6a02      	ldr	r2, [r0, #32]

  /* Disable the Channel 1: Reset the CC1E Bit */
  TIMx->CCER &= ~TIM_CCER_CC1E;
 80016b8:	6a03      	ldr	r3, [r0, #32]
 80016ba:	f023 0301 	bic.w	r3, r3, #1
 80016be:	6203      	str	r3, [r0, #32]

  /* Get the TIMx CR2 register value */
  tmpcr2 =  TIMx->CR2;
 80016c0:	6845      	ldr	r5, [r0, #4]

  /* Get the TIMx CCMR1 register value */
  tmpccmrx = TIMx->CCMR1;
 80016c2:	6983      	ldr	r3, [r0, #24]

  /* Reset the Output Compare Mode Bits */
  tmpccmrx &= ~TIM_CCMR1_OC1M;
  tmpccmrx &= ~TIM_CCMR1_CC1S;
 80016c4:	f023 0373 	bic.w	r3, r3, #115	@ 0x73
  /* Select the Output Compare Mode */
  tmpccmrx |= OC_Config->OCMode;
 80016c8:	680c      	ldr	r4, [r1, #0]
 80016ca:	431c      	orrs	r4, r3

  /* Reset the Output Polarity level */
  tmpccer &= ~TIM_CCER_CC1P;
 80016cc:	f022 0202 	bic.w	r2, r2, #2
  /* Set the Output Compare Polarity */
  tmpccer |= OC_Config->OCPolarity;
 80016d0:	688b      	ldr	r3, [r1, #8]
 80016d2:	4313      	orrs	r3, r2

  if (IS_TIM_CCXN_INSTANCE(TIMx, TIM_CHANNEL_1))
 80016d4:	4a0b      	ldr	r2, [pc, #44]	@ (8001704 <TIM_OC1_SetConfig+0x50>)
 80016d6:	4290      	cmp	r0, r2
 80016d8:	d006      	beq.n	80016e8 <TIM_OC1_SetConfig+0x34>
    /* Set the Output N Idle state */
    tmpcr2 |= OC_Config->OCNIdleState;
  }

  /* Write to TIMx CR2 */
  TIMx->CR2 = tmpcr2;
 80016da:	6045      	str	r5, [r0, #4]

  /* Write to TIMx CCMR1 */
  TIMx->CCMR1 = tmpccmrx;
 80016dc:	6184      	str	r4, [r0, #24]

  /* Set the Capture Compare Register value */
  TIMx->CCR1 = OC_Config->Pulse;
 80016de:	684a      	ldr	r2, [r1, #4]
 80016e0:	6342      	str	r2, [r0, #52]	@ 0x34

  /* Write to TIMx CCER */
  TIMx->CCER = tmpccer;
 80016e2:	6203      	str	r3, [r0, #32]
}
 80016e4:	bc30      	pop	{r4, r5}
 80016e6:	4770      	bx	lr
    tmpccer &= ~TIM_CCER_CC1NP;
 80016e8:	f023 0308 	bic.w	r3, r3, #8
    tmpccer |= OC_Config->OCNPolarity;
 80016ec:	68ca      	ldr	r2, [r1, #12]
 80016ee:	431a      	orrs	r2, r3
    tmpccer &= ~TIM_CCER_CC1NE;
 80016f0:	f022 0304 	bic.w	r3, r2, #4
    tmpcr2 &= ~TIM_CR2_OIS1N;
 80016f4:	f425 7540 	bic.w	r5, r5, #768	@ 0x300
    tmpcr2 |= OC_Config->OCIdleState;
 80016f8:	694a      	ldr	r2, [r1, #20]
 80016fa:	432a      	orrs	r2, r5
    tmpcr2 |= OC_Config->OCNIdleState;
 80016fc:	698d      	ldr	r5, [r1, #24]
 80016fe:	4315      	orrs	r5, r2
 8001700:	e7eb      	b.n	80016da <TIM_OC1_SetConfig+0x26>
 8001702:	bf00      	nop
 8001704:	40012c00 	.word	0x40012c00

08001708 <TIM_OC3_SetConfig>:
  * @param  TIMx to select the TIM peripheral
  * @param  OC_Config The output configuration structure
  * @retval None
  */
static void TIM_OC3_SetConfig(TIM_TypeDef *TIMx, const TIM_OC_InitTypeDef *OC_Config)
{
 8001708:	b430      	push	{r4, r5}
  uint32_t tmpccmrx;
  uint32_t tmpccer;
  uint32_t tmpcr2;

  /* Get the TIMx CCER register value */
  tmpccer = TIMx->CCER;
 800170a:	6a03      	ldr	r3, [r0, #32]

  /* Disable the Channel 3: Reset the CC2E Bit */
  TIMx->CCER &= ~TIM_CCER_CC3E;
 800170c:	6a02      	ldr	r2, [r0, #32]
 800170e:	f422 7280 	bic.w	r2, r2, #256	@ 0x100
 8001712:	6202      	str	r2, [r0, #32]

  /* Get the TIMx CR2 register value */
  tmpcr2 =  TIMx->CR2;
 8001714:	6844      	ldr	r4, [r0, #4]

  /* Get the TIMx CCMR2 register value */
  tmpccmrx = TIMx->CCMR2;
 8001716:	69c2      	ldr	r2, [r0, #28]

  /* Reset the Output Compare mode and Capture/Compare selection Bits */
  tmpccmrx &= ~TIM_CCMR2_OC3M;
  tmpccmrx &= ~TIM_CCMR2_CC3S;
 8001718:	f022 0273 	bic.w	r2, r2, #115	@ 0x73
  /* Select the Output Compare Mode */
  tmpccmrx |= OC_Config->OCMode;
 800171c:	680d      	ldr	r5, [r1, #0]
 800171e:	4315      	orrs	r5, r2

  /* Reset the Output Polarity level */
  tmpccer &= ~TIM_CCER_CC3P;
 8001720:	f423 7300 	bic.w	r3, r3, #512	@ 0x200
  /* Set the Output Compare Polarity */
  tmpccer |= (OC_Config->OCPolarity << 8U);
 8001724:	688a      	ldr	r2, [r1, #8]
 8001726:	ea43 2302 	orr.w	r3, r3, r2, lsl #8

  if (IS_TIM_CCXN_INSTANCE(TIMx, TIM_CHANNEL_3))
 800172a:	4a0d      	ldr	r2, [pc, #52]	@ (8001760 <TIM_OC3_SetConfig+0x58>)
 800172c:	4290      	cmp	r0, r2
 800172e:	d006      	beq.n	800173e <TIM_OC3_SetConfig+0x36>
    /* Set the Output N Idle state */
    tmpcr2 |= (OC_Config->OCNIdleState << 4U);
  }

  /* Write to TIMx CR2 */
  TIMx->CR2 = tmpcr2;
 8001730:	6044      	str	r4, [r0, #4]

  /* Write to TIMx CCMR2 */
  TIMx->CCMR2 = tmpccmrx;
 8001732:	61c5      	str	r5, [r0, #28]

  /* Set the Capture Compare Register value */
  TIMx->CCR3 = OC_Config->Pulse;
 8001734:	684a      	ldr	r2, [r1, #4]
 8001736:	63c2      	str	r2, [r0, #60]	@ 0x3c

  /* Write to TIMx CCER */
  TIMx->CCER = tmpccer;
 8001738:	6203      	str	r3, [r0, #32]
}
 800173a:	bc30      	pop	{r4, r5}
 800173c:	4770      	bx	lr
    tmpccer &= ~TIM_CCER_CC3NP;
 800173e:	f423 6300 	bic.w	r3, r3, #2048	@ 0x800
    tmpccer |= (OC_Config->OCNPolarity << 8U);
 8001742:	68ca      	ldr	r2, [r1, #12]
 8001744:	ea43 2302 	orr.w	r3, r3, r2, lsl #8
    tmpccer &= ~TIM_CCER_CC3NE;
 8001748:	f423 6380 	bic.w	r3, r3, #1024	@ 0x400
    tmpcr2 &= ~TIM_CR2_OIS3N;
 800174c:	f424 5440 	bic.w	r4, r4, #12288	@ 0x3000
    tmpcr2 |= (OC_Config->OCIdleState << 4U);
 8001750:	694a      	ldr	r2, [r1, #20]
 8001752:	ea44 1402 	orr.w	r4, r4, r2, lsl #4
    tmpcr2 |= (OC_Config->OCNIdleState << 4U);
 8001756:	698a      	ldr	r2, [r1, #24]
 8001758:	ea44 1402 	orr.w	r4, r4, r2, lsl #4
 800175c:	e7e8      	b.n	8001730 <TIM_OC3_SetConfig+0x28>
 800175e:	bf00      	nop
 8001760:	40012c00 	.word	0x40012c00

08001764 <TIM_OC4_SetConfig>:
  * @param  TIMx to select the TIM peripheral
  * @param  OC_Config The output configuration structure
  * @retval None
  */
static void TIM_OC4_SetConfig(TIM_TypeDef *TIMx, const TIM_OC_InitTypeDef *OC_Config)
{
 8001764:	b430      	push	{r4, r5}
  uint32_t tmpccmrx;
  uint32_t tmpccer;
  uint32_t tmpcr2;

  /* Get the TIMx CCER register value */
  tmpccer = TIMx->CCER;
 8001766:	6a03      	ldr	r3, [r0, #32]

  /* Disable the Channel 4: Reset the CC4E Bit */
  TIMx->CCER &= ~TIM_CCER_CC4E;
 8001768:	6a02      	ldr	r2, [r0, #32]
 800176a:	f422 5280 	bic.w	r2, r2, #4096	@ 0x1000
 800176e:	6202      	str	r2, [r0, #32]

  /* Get the TIMx CR2 register value */
  tmpcr2 =  TIMx->CR2;
 8001770:	6844      	ldr	r4, [r0, #4]

  /* Get the TIMx CCMR2 register value */
  tmpccmrx = TIMx->CCMR2;
 8001772:	69c2      	ldr	r2, [r0, #28]

  /* Reset the Output Compare mode and Capture/Compare selection Bits */
  tmpccmrx &= ~TIM_CCMR2_OC4M;
  tmpccmrx &= ~TIM_CCMR2_CC4S;
 8001774:	f422 42e6 	bic.w	r2, r2, #29440	@ 0x7300

  /* Select the Output Compare Mode */
  tmpccmrx |= (OC_Config->OCMode << 8U);
 8001778:	680d      	ldr	r5, [r1, #0]
 800177a:	ea42 2205 	orr.w	r2, r2, r5, lsl #8

  /* Reset the Output Polarity level */
  tmpccer &= ~TIM_CCER_CC4P;
 800177e:	f423 5300 	bic.w	r3, r3, #8192	@ 0x2000
  /* Set the Output Compare Polarity */
  tmpccer |= (OC_Config->OCPolarity << 12U);
 8001782:	688d      	ldr	r5, [r1, #8]
 8001784:	ea43 3305 	orr.w	r3, r3, r5, lsl #12

  if (IS_TIM_BREAK_INSTANCE(TIMx))
 8001788:	4d07      	ldr	r5, [pc, #28]	@ (80017a8 <TIM_OC4_SetConfig+0x44>)
 800178a:	42a8      	cmp	r0, r5
 800178c:	d006      	beq.n	800179c <TIM_OC4_SetConfig+0x38>
    /* Set the Output Idle state */
    tmpcr2 |= (OC_Config->OCIdleState << 6U);
  }

  /* Write to TIMx CR2 */
  TIMx->CR2 = tmpcr2;
 800178e:	6044      	str	r4, [r0, #4]

  /* Write to TIMx CCMR2 */
  TIMx->CCMR2 = tmpccmrx;
 8001790:	61c2      	str	r2, [r0, #28]

  /* Set the Capture Compare Register value */
  TIMx->CCR4 = OC_Config->Pulse;
 8001792:	684a      	ldr	r2, [r1, #4]
 8001794:	6402      	str	r2, [r0, #64]	@ 0x40

  /* Write to TIMx CCER */
  TIMx->CCER = tmpccer;
 8001796:	6203      	str	r3, [r0, #32]
}
 8001798:	bc30      	pop	{r4, r5}
 800179a:	4770      	bx	lr
    tmpcr2 &= ~TIM_CR2_OIS4;
 800179c:	f424 4480 	bic.w	r4, r4, #16384	@ 0x4000
    tmpcr2 |= (OC_Config->OCIdleState << 6U);
 80017a0:	694d      	ldr	r5, [r1, #20]
 80017a2:	ea44 1485 	orr.w	r4, r4, r5, lsl #6
 80017a6:	e7f2      	b.n	800178e <TIM_OC4_SetConfig+0x2a>
 80017a8:	40012c00 	.word	0x40012c00

080017ac <TIM_Base_SetConfig>:
  tmpcr1 = TIMx->CR1;
 80017ac:	6803      	ldr	r3, [r0, #0]
  if (IS_TIM_COUNTER_MODE_SELECT_INSTANCE(TIMx))
 80017ae:	4a1f      	ldr	r2, [pc, #124]	@ (800182c <TIM_Base_SetConfig+0x80>)
 80017b0:	4290      	cmp	r0, r2
 80017b2:	d00a      	beq.n	80017ca <TIM_Base_SetConfig+0x1e>
 80017b4:	f1b0 4f80 	cmp.w	r0, #1073741824	@ 0x40000000
 80017b8:	d007      	beq.n	80017ca <TIM_Base_SetConfig+0x1e>
 80017ba:	f5a2 3294 	sub.w	r2, r2, #75776	@ 0x12800
 80017be:	4290      	cmp	r0, r2
 80017c0:	d003      	beq.n	80017ca <TIM_Base_SetConfig+0x1e>
 80017c2:	f502 6280 	add.w	r2, r2, #1024	@ 0x400
 80017c6:	4290      	cmp	r0, r2
 80017c8:	d103      	bne.n	80017d2 <TIM_Base_SetConfig+0x26>
    tmpcr1 &= ~(TIM_CR1_DIR | TIM_CR1_CMS);
 80017ca:	f023 0370 	bic.w	r3, r3, #112	@ 0x70
    tmpcr1 |= Structure->CounterMode;
 80017ce:	684a      	ldr	r2, [r1, #4]
 80017d0:	4313      	orrs	r3, r2
  if (IS_TIM_CLOCK_DIVISION_INSTANCE(TIMx))
 80017d2:	4a16      	ldr	r2, [pc, #88]	@ (800182c <TIM_Base_SetConfig+0x80>)
 80017d4:	4290      	cmp	r0, r2
 80017d6:	d00a      	beq.n	80017ee <TIM_Base_SetConfig+0x42>
 80017d8:	f1b0 4f80 	cmp.w	r0, #1073741824	@ 0x40000000
 80017dc:	d007      	beq.n	80017ee <TIM_Base_SetConfig+0x42>
 80017de:	f5a2 3294 	sub.w	r2, r2, #75776	@ 0x12800
 80017e2:	4290      	cmp	r0, r2
 80017e4:	d003      	beq.n	80017ee <TIM_Base_SetConfig+0x42>
 80017e6:	f502 6280 	add.w	r2, r2, #1024	@ 0x400
 80017ea:	4290      	cmp	r0, r2
 80017ec:	d103      	bne.n	80017f6 <TIM_Base_SetConfig+0x4a>
    tmpcr1 &= ~TIM_CR1_CKD;
 80017ee:	f423 7340 	bic.w	r3, r3, #768	@ 0x300
    tmpcr1 |= (uint32_t)Structure->ClockDivision;
 80017f2:	68ca      	ldr	r2, [r1, #12]
 80017f4:	4313      	orrs	r3, r2
  MODIFY_REG(tmpcr1, TIM_CR1_ARPE, Structure->AutoReloadPreload);
 80017f6:	f023 0380 	bic.w	r3, r3, #128	@ 0x80
 80017fa:	694a      	ldr	r2, [r1, #20]
 80017fc:	4313      	orrs	r3, r2
  TIMx->CR1 = tmpcr1;
 80017fe:	6003      	str	r3, [r0, #0]
  TIMx->ARR = (uint32_t)Structure->Period ;
 8001800:	688b      	ldr	r3, [r1, #8]
 8001802:	62c3      	str	r3, [r0, #44]	@ 0x2c
  TIMx->PSC = Structure->Prescaler;
 8001804:	680b      	ldr	r3, [r1, #0]
 8001806:	6283      	str	r3, [r0, #40]	@ 0x28
  if (IS_TIM_REPETITION_COUNTER_INSTANCE(TIMx))
 8001808:	4b08      	ldr	r3, [pc, #32]	@ (800182c <TIM_Base_SetConfig+0x80>)
 800180a:	4298      	cmp	r0, r3
 800180c:	d00a      	beq.n	8001824 <TIM_Base_SetConfig+0x78>
  TIMx->EGR = TIM_EGR_UG;
 800180e:	2301      	movs	r3, #1
 8001810:	6143      	str	r3, [r0, #20]
  if (HAL_IS_BIT_SET(TIMx->SR, TIM_FLAG_UPDATE))
 8001812:	6903      	ldr	r3, [r0, #16]
 8001814:	f013 0f01 	tst.w	r3, #1
 8001818:	d003      	beq.n	8001822 <TIM_Base_SetConfig+0x76>
    CLEAR_BIT(TIMx->SR, TIM_FLAG_UPDATE);
 800181a:	6903      	ldr	r3, [r0, #16]
 800181c:	f023 0301 	bic.w	r3, r3, #1
 8001820:	6103      	str	r3, [r0, #16]
}
 8001822:	4770      	bx	lr
    TIMx->RCR = Structure->RepetitionCounter;
 8001824:	690b      	ldr	r3, [r1, #16]
 8001826:	6303      	str	r3, [r0, #48]	@ 0x30
 8001828:	e7f1      	b.n	800180e <TIM_Base_SetConfig+0x62>
 800182a:	bf00      	nop
 800182c:	40012c00 	.word	0x40012c00

08001830 <HAL_TIM_PWM_Init>:
  if (htim == NULL)
 8001830:	b340      	cbz	r0, 8001884 <HAL_TIM_PWM_Init+0x54>
{
 8001832:	b510      	push	{r4, lr}
 8001834:	4604      	mov	r4, r0
  if (htim->State == HAL_TIM_STATE_RESET)
 8001836:	f890 303d 	ldrb.w	r3, [r0, #61]	@ 0x3d
 800183a:	b1f3      	cbz	r3, 800187a <HAL_TIM_PWM_Init+0x4a>
  htim->State = HAL_TIM_STATE_BUSY;
 800183c:	2302      	movs	r3, #2
 800183e:	f884 303d 	strb.w	r3, [r4, #61]	@ 0x3d
  TIM_Base_SetConfig(htim->Instance, &htim->Init);
 8001842:	4621      	mov	r1, r4
 8001844:	f851 0b04 	ldr.w	r0, [r1], #4
 8001848:	f7ff ffb0 	bl	80017ac <TIM_Base_SetConfig>
  htim->DMABurstState = HAL_DMA_BURST_STATE_READY;
 800184c:	2301      	movs	r3, #1
 800184e:	f884 3046 	strb.w	r3, [r4, #70]	@ 0x46
  TIM_CHANNEL_STATE_SET_ALL(htim, HAL_TIM_CHANNEL_STATE_READY);
 8001852:	f884 303e 	strb.w	r3, [r4, #62]	@ 0x3e
 8001856:	f884 303f 	strb.w	r3, [r4, #63]	@ 0x3f
 800185a:	f884 3040 	strb.w	r3, [r4, #64]	@ 0x40
 800185e:	f884 3041 	strb.w	r3, [r4, #65]	@ 0x41
  TIM_CHANNEL_N_STATE_SET_ALL(htim, HAL_TIM_CHANNEL_STATE_READY);
 8001862:	f884 3042 	strb.w	r3, [r4, #66]	@ 0x42
 8001866:	f884 3043 	strb.w	r3, [r4, #67]	@ 0x43
 800186a:	f884 3044 	strb.w	r3, [r4, #68]	@ 0x44
 800186e:	f884 3045 	strb.w	r3, [r4, #69]	@ 0x45
  htim->State = HAL_TIM_STATE_READY;
 8001872:	f884 303d 	strb.w	r3, [r4, #61]	@ 0x3d
  return HAL_OK;
 8001876:	2000      	movs	r0, #0
}
 8001878:	bd10      	pop	{r4, pc}
    htim->Lock = HAL_UNLOCKED;
 800187a:	f880 303c 	strb.w	r3, [r0, #60]	@ 0x3c
    HAL_TIM_PWM_MspInit(htim);
 800187e:	f7ff fa83 	bl	8000d88 <HAL_TIM_PWM_MspInit>
 8001882:	e7db      	b.n	800183c <HAL_TIM_PWM_Init+0xc>
    return HAL_ERROR;
 8001884:	2001      	movs	r0, #1
}
 8001886:	4770      	bx	lr

08001888 <TIM_OC2_SetConfig>:
{
 8001888:	b430      	push	{r4, r5}
  tmpccer = TIMx->CCER;
 800188a:	6a03      	ldr	r3, [r0, #32]
  TIMx->CCER &= ~TIM_CCER_CC2E;
 800188c:	6a02      	ldr	r2, [r0, #32]
 800188e:	f022 0210 	bic.w	r2, r2, #16
 8001892:	6202      	str	r2, [r0, #32]
  tmpcr2 =  TIMx->CR2;
 8001894:	6844      	ldr	r4, [r0, #4]
  tmpccmrx = TIMx->CCMR1;
 8001896:	6982      	ldr	r2, [r0, #24]
  tmpccmrx &= ~TIM_CCMR1_CC2S;
 8001898:	f422 42e6 	bic.w	r2, r2, #29440	@ 0x7300
  tmpccmrx |= (OC_Config->OCMode << 8U);
 800189c:	680d      	ldr	r5, [r1, #0]
 800189e:	ea42 2205 	orr.w	r2, r2, r5, lsl #8
  tmpccer &= ~TIM_CCER_CC2P;
 80018a2:	f023 0320 	bic.w	r3, r3, #32
  tmpccer |= (OC_Config->OCPolarity << 4U);
 80018a6:	688d      	ldr	r5, [r1, #8]
 80018a8:	ea43 1305 	orr.w	r3, r3, r5, lsl #4
  if (IS_TIM_CCXN_INSTANCE(TIMx, TIM_CHANNEL_2))
 80018ac:	4d0c      	ldr	r5, [pc, #48]	@ (80018e0 <TIM_OC2_SetConfig+0x58>)
 80018ae:	42a8      	cmp	r0, r5
 80018b0:	d006      	beq.n	80018c0 <TIM_OC2_SetConfig+0x38>
  TIMx->CR2 = tmpcr2;
 80018b2:	6044      	str	r4, [r0, #4]
  TIMx->CCMR1 = tmpccmrx;
 80018b4:	6182      	str	r2, [r0, #24]
  TIMx->CCR2 = OC_Config->Pulse;
 80018b6:	684a      	ldr	r2, [r1, #4]
 80018b8:	6382      	str	r2, [r0, #56]	@ 0x38
  TIMx->CCER = tmpccer;
 80018ba:	6203      	str	r3, [r0, #32]
}
 80018bc:	bc30      	pop	{r4, r5}
 80018be:	4770      	bx	lr
    tmpccer &= ~TIM_CCER_CC2NP;
 80018c0:	f023 0380 	bic.w	r3, r3, #128	@ 0x80
    tmpccer |= (OC_Config->OCNPolarity << 4U);
 80018c4:	68cd      	ldr	r5, [r1, #12]
 80018c6:	ea43 1305 	orr.w	r3, r3, r5, lsl #4
    tmpccer &= ~TIM_CCER_CC2NE;
 80018ca:	f023 0340 	bic.w	r3, r3, #64	@ 0x40
    tmpcr2 &= ~TIM_CR2_OIS2N;
 80018ce:	f424 6440 	bic.w	r4, r4, #3072	@ 0xc00
    tmpcr2 |= (OC_Config->OCIdleState << 2U);
 80018d2:	694d      	ldr	r5, [r1, #20]
 80018d4:	ea44 0485 	orr.w	r4, r4, r5, lsl #2
    tmpcr2 |= (OC_Config->OCNIdleState << 2U);
 80018d8:	698d      	ldr	r5, [r1, #24]
 80018da:	ea44 0485 	orr.w	r4, r4, r5, lsl #2
 80018de:	e7e8      	b.n	80018b2 <TIM_OC2_SetConfig+0x2a>
 80018e0:	40012c00 	.word	0x40012c00

080018e4 <HAL_TIM_PWM_ConfigChannel>:
{
 80018e4:	b538      	push	{r3, r4, r5, lr}
  __HAL_LOCK(htim);
 80018e6:	f890 303c 	ldrb.w	r3, [r0, #60]	@ 0x3c
 80018ea:	2b01      	cmp	r3, #1
 80018ec:	d066      	beq.n	80019bc <HAL_TIM_PWM_ConfigChannel+0xd8>
 80018ee:	4604      	mov	r4, r0
 80018f0:	460d      	mov	r5, r1
 80018f2:	2301      	movs	r3, #1
 80018f4:	f880 303c 	strb.w	r3, [r0, #60]	@ 0x3c
  switch (Channel)
 80018f8:	2a0c      	cmp	r2, #12
 80018fa:	d85a      	bhi.n	80019b2 <HAL_TIM_PWM_ConfigChannel+0xce>
 80018fc:	e8df f002 	tbb	[pc, r2]
 8001900:	59595907 	.word	0x59595907
 8001904:	5959591b 	.word	0x5959591b
 8001908:	59595930 	.word	0x59595930
 800190c:	44          	.byte	0x44
 800190d:	00          	.byte	0x00
      TIM_OC1_SetConfig(htim->Instance, sConfig);
 800190e:	6800      	ldr	r0, [r0, #0]
 8001910:	f7ff fed0 	bl	80016b4 <TIM_OC1_SetConfig>
      htim->Instance->CCMR1 |= TIM_CCMR1_OC1PE;
 8001914:	6822      	ldr	r2, [r4, #0]
 8001916:	6993      	ldr	r3, [r2, #24]
 8001918:	f043 0308 	orr.w	r3, r3, #8
 800191c:	6193      	str	r3, [r2, #24]
      htim->Instance->CCMR1 &= ~TIM_CCMR1_OC1FE;
 800191e:	6822      	ldr	r2, [r4, #0]
 8001920:	6993      	ldr	r3, [r2, #24]
 8001922:	f023 0304 	bic.w	r3, r3, #4
 8001926:	6193      	str	r3, [r2, #24]
      htim->Instance->CCMR1 |= sConfig->OCFastMode;
 8001928:	6822      	ldr	r2, [r4, #0]
 800192a:	6993      	ldr	r3, [r2, #24]
 800192c:	6929      	ldr	r1, [r5, #16]
 800192e:	430b      	orrs	r3, r1
 8001930:	6193      	str	r3, [r2, #24]
  HAL_StatusTypeDef status = HAL_OK;
 8001932:	2000      	movs	r0, #0
      break;
 8001934:	e03e      	b.n	80019b4 <HAL_TIM_PWM_ConfigChannel+0xd0>
      TIM_OC2_SetConfig(htim->Instance, sConfig);
 8001936:	6800      	ldr	r0, [r0, #0]
 8001938:	f7ff ffa6 	bl	8001888 <TIM_OC2_SetConfig>
      htim->Instance->CCMR1 |= TIM_CCMR1_OC2PE;
 800193c:	6822      	ldr	r2, [r4, #0]
 800193e:	6993      	ldr	r3, [r2, #24]
 8001940:	f443 6300 	orr.w	r3, r3, #2048	@ 0x800
 8001944:	6193      	str	r3, [r2, #24]
      htim->Instance->CCMR1 &= ~TIM_CCMR1_OC2FE;
 8001946:	6822      	ldr	r2, [r4, #0]
 8001948:	6993      	ldr	r3, [r2, #24]
 800194a:	f423 6380 	bic.w	r3, r3, #1024	@ 0x400
 800194e:	6193      	str	r3, [r2, #24]
      htim->Instance->CCMR1 |= sConfig->OCFastMode << 8U;
 8001950:	6822      	ldr	r2, [r4, #0]
 8001952:	6993      	ldr	r3, [r2, #24]
 8001954:	6929      	ldr	r1, [r5, #16]
 8001956:	ea43 2301 	orr.w	r3, r3, r1, lsl #8
 800195a:	6193      	str	r3, [r2, #24]
  HAL_StatusTypeDef status = HAL_OK;
 800195c:	2000      	movs	r0, #0
      break;
 800195e:	e029      	b.n	80019b4 <HAL_TIM_PWM_ConfigChannel+0xd0>
      TIM_OC3_SetConfig(htim->Instance, sConfig);
 8001960:	6800      	ldr	r0, [r0, #0]
 8001962:	f7ff fed1 	bl	8001708 <TIM_OC3_SetConfig>
      htim->Instance->CCMR2 |= TIM_CCMR2_OC3PE;
 8001966:	6822      	ldr	r2, [r4, #0]
 8001968:	69d3      	ldr	r3, [r2, #28]
 800196a:	f043 0308 	orr.w	r3, r3, #8
 800196e:	61d3      	str	r3, [r2, #28]
      htim->Instance->CCMR2 &= ~TIM_CCMR2_OC3FE;
 8001970:	6822      	ldr	r2, [r4, #0]
 8001972:	69d3      	ldr	r3, [r2, #28]
 8001974:	f023 0304 	bic.w	r3, r3, #4
 8001978:	61d3      	str	r3, [r2, #28]
      htim->Instance->CCMR2 |= sConfig->OCFastMode;
 800197a:	6822      	ldr	r2, [r4, #0]
 800197c:	69d3      	ldr	r3, [r2, #28]
 800197e:	6929      	ldr	r1, [r5, #16]
 8001980:	430b      	orrs	r3, r1
 8001982:	61d3      	str	r3, [r2, #28]
  HAL_StatusTypeDef status = HAL_OK;
 8001984:	2000      	movs	r0, #0
      break;
 8001986:	e015      	b.n	80019b4 <HAL_TIM_PWM_ConfigChannel+0xd0>
      TIM_OC4_SetConfig(htim->Instance, sConfig);
 8001988:	6800      	ldr	r0, [r0, #0]
 800198a:	f7ff feeb 	bl	8001764 <TIM_OC4_SetConfig>
      htim->Instance->CCMR2 |= TIM_CCMR2_OC4PE;
 800198e:	6822      	ldr	r2, [r4, #0]
 8001990:	69d3      	ldr	r3, [r2, #28]
 8001992:	f443 6300 	orr.w	r3, r3, #2048	@ 0x800
 8001996:	61d3      	str	r3, [r2, #28]
      htim->Instance->CCMR2 &= ~TIM_CCMR2_OC4FE;
 8001998:	6822      	ldr	r2, [r4, #0]
 800199a:	69d3      	ldr	r3, [r2, #28]
 800199c:	f423 6380 	bic.w	r3, r3, #1024	@ 0x400
 80019a0:	61d3      	str	r3, [r2, #28]
      htim->Instance->CCMR2 |= sConfig->OCFastMode << 8U;
 80019a2:	6822      	ldr	r2, [r4, #0]
 80019a4:	69d3      	ldr	r3, [r2, #28]
 80019a6:	6929      	ldr	r1, [r5, #16]
 80019a8:	ea43 2301 	orr.w	r3, r3, r1, lsl #8
 80019ac:	61d3      	str	r3, [r2, #28]
  HAL_StatusTypeDef status = HAL_OK;
 80019ae:	2000      	movs	r0, #0
      break;
 80019b0:	e000      	b.n	80019b4 <HAL_TIM_PWM_ConfigChannel+0xd0>
  switch (Channel)
 80019b2:	2001      	movs	r0, #1
  __HAL_UNLOCK(htim);
 80019b4:	2300      	movs	r3, #0
 80019b6:	f884 303c 	strb.w	r3, [r4, #60]	@ 0x3c
}
 80019ba:	bd38      	pop	{r3, r4, r5, pc}
  __HAL_LOCK(htim);
 80019bc:	2002      	movs	r0, #2
 80019be:	e7fc      	b.n	80019ba <HAL_TIM_PWM_ConfigChannel+0xd6>

080019c0 <TIM_CCxChannelCmd>:

  /* Check the parameters */
  assert_param(IS_TIM_CC1_INSTANCE(TIMx));
  assert_param(IS_TIM_CHANNELS(Channel));

  tmp = TIM_CCER_CC1E << (Channel & 0x1FU); /* 0x1FU = 31 bits max shift */
 80019c0:	f001 011f 	and.w	r1, r1, #31
 80019c4:	f04f 0c01 	mov.w	ip, #1
 80019c8:	fa0c fc01 	lsl.w	ip, ip, r1

  /* Reset the CCxE Bit */
  TIMx->CCER &= ~tmp;
 80019cc:	6a03      	ldr	r3, [r0, #32]
 80019ce:	ea23 030c 	bic.w	r3, r3, ip
 80019d2:	6203      	str	r3, [r0, #32]

  /* Set or reset the CCxE Bit */
  TIMx->CCER |= (uint32_t)(ChannelState << (Channel & 0x1FU)); /* 0x1FU = 31 bits max shift */
 80019d4:	6a03      	ldr	r3, [r0, #32]
 80019d6:	408a      	lsls	r2, r1
 80019d8:	4313      	orrs	r3, r2
 80019da:	6203      	str	r3, [r0, #32]
}
 80019dc:	4770      	bx	lr
	...

080019e0 <HAL_TIM_PWM_Start>:
{
 80019e0:	b510      	push	{r4, lr}
 80019e2:	4604      	mov	r4, r0
  if (TIM_CHANNEL_STATE_GET(htim, Channel) != HAL_TIM_CHANNEL_STATE_READY)
 80019e4:	4608      	mov	r0, r1
 80019e6:	bb49      	cbnz	r1, 8001a3c <HAL_TIM_PWM_Start+0x5c>
 80019e8:	f894 303e 	ldrb.w	r3, [r4, #62]	@ 0x3e
 80019ec:	3b01      	subs	r3, #1
 80019ee:	bf18      	it	ne
 80019f0:	2301      	movne	r3, #1
 80019f2:	2b00      	cmp	r3, #0
 80019f4:	d158      	bne.n	8001aa8 <HAL_TIM_PWM_Start+0xc8>
  TIM_CHANNEL_STATE_SET(htim, Channel, HAL_TIM_CHANNEL_STATE_BUSY);
 80019f6:	2800      	cmp	r0, #0
 80019f8:	d136      	bne.n	8001a68 <HAL_TIM_PWM_Start+0x88>
 80019fa:	2302      	movs	r3, #2
 80019fc:	f884 303e 	strb.w	r3, [r4, #62]	@ 0x3e
  TIM_CCxChannelCmd(htim->Instance, Channel, TIM_CCx_ENABLE);
 8001a00:	2201      	movs	r2, #1
 8001a02:	4601      	mov	r1, r0
 8001a04:	6820      	ldr	r0, [r4, #0]
 8001a06:	f7ff ffdb 	bl	80019c0 <TIM_CCxChannelCmd>
  if (IS_TIM_BREAK_INSTANCE(htim->Instance) != RESET)
 8001a0a:	6823      	ldr	r3, [r4, #0]
 8001a0c:	4a28      	ldr	r2, [pc, #160]	@ (8001ab0 <HAL_TIM_PWM_Start+0xd0>)
 8001a0e:	4293      	cmp	r3, r2
 8001a10:	d03a      	beq.n	8001a88 <HAL_TIM_PWM_Start+0xa8>
  if (IS_TIM_SLAVE_INSTANCE(htim->Instance))
 8001a12:	6823      	ldr	r3, [r4, #0]
 8001a14:	4a26      	ldr	r2, [pc, #152]	@ (8001ab0 <HAL_TIM_PWM_Start+0xd0>)
 8001a16:	4293      	cmp	r3, r2
 8001a18:	d03b      	beq.n	8001a92 <HAL_TIM_PWM_Start+0xb2>
 8001a1a:	f1b3 4f80 	cmp.w	r3, #1073741824	@ 0x40000000
 8001a1e:	d038      	beq.n	8001a92 <HAL_TIM_PWM_Start+0xb2>
 8001a20:	f5a2 3294 	sub.w	r2, r2, #75776	@ 0x12800
 8001a24:	4293      	cmp	r3, r2
 8001a26:	d034      	beq.n	8001a92 <HAL_TIM_PWM_Start+0xb2>
 8001a28:	f502 6280 	add.w	r2, r2, #1024	@ 0x400
 8001a2c:	4293      	cmp	r3, r2
 8001a2e:	d030      	beq.n	8001a92 <HAL_TIM_PWM_Start+0xb2>
    __HAL_TIM_ENABLE(htim);
 8001a30:	681a      	ldr	r2, [r3, #0]
 8001a32:	f042 0201 	orr.w	r2, r2, #1
 8001a36:	601a      	str	r2, [r3, #0]
  return HAL_OK;
 8001a38:	2000      	movs	r0, #0
 8001a3a:	e036      	b.n	8001aaa <HAL_TIM_PWM_Start+0xca>
  if (TIM_CHANNEL_STATE_GET(htim, Channel) != HAL_TIM_CHANNEL_STATE_READY)
 8001a3c:	2904      	cmp	r1, #4
 8001a3e:	d007      	beq.n	8001a50 <HAL_TIM_PWM_Start+0x70>
 8001a40:	2908      	cmp	r1, #8
 8001a42:	d00b      	beq.n	8001a5c <HAL_TIM_PWM_Start+0x7c>
 8001a44:	f894 3041 	ldrb.w	r3, [r4, #65]	@ 0x41
 8001a48:	3b01      	subs	r3, #1
 8001a4a:	bf18      	it	ne
 8001a4c:	2301      	movne	r3, #1
 8001a4e:	e7d0      	b.n	80019f2 <HAL_TIM_PWM_Start+0x12>
 8001a50:	f894 303f 	ldrb.w	r3, [r4, #63]	@ 0x3f
 8001a54:	3b01      	subs	r3, #1
 8001a56:	bf18      	it	ne
 8001a58:	2301      	movne	r3, #1
 8001a5a:	e7ca      	b.n	80019f2 <HAL_TIM_PWM_Start+0x12>
 8001a5c:	f894 3040 	ldrb.w	r3, [r4, #64]	@ 0x40
 8001a60:	3b01      	subs	r3, #1
 8001a62:	bf18      	it	ne
 8001a64:	2301      	movne	r3, #1
 8001a66:	e7c4      	b.n	80019f2 <HAL_TIM_PWM_Start+0x12>
  TIM_CHANNEL_STATE_SET(htim, Channel, HAL_TIM_CHANNEL_STATE_BUSY);
 8001a68:	2804      	cmp	r0, #4
 8001a6a:	d005      	beq.n	8001a78 <HAL_TIM_PWM_Start+0x98>
 8001a6c:	2808      	cmp	r0, #8
 8001a6e:	d007      	beq.n	8001a80 <HAL_TIM_PWM_Start+0xa0>
 8001a70:	2302      	movs	r3, #2
 8001a72:	f884 3041 	strb.w	r3, [r4, #65]	@ 0x41
 8001a76:	e7c3      	b.n	8001a00 <HAL_TIM_PWM_Start+0x20>
 8001a78:	2302      	movs	r3, #2
 8001a7a:	f884 303f 	strb.w	r3, [r4, #63]	@ 0x3f
 8001a7e:	e7bf      	b.n	8001a00 <HAL_TIM_PWM_Start+0x20>
 8001a80:	2302      	movs	r3, #2
 8001a82:	f884 3040 	strb.w	r3, [r4, #64]	@ 0x40
 8001a86:	e7bb      	b.n	8001a00 <HAL_TIM_PWM_Start+0x20>
    __HAL_TIM_MOE_ENABLE(htim);
 8001a88:	6c5a      	ldr	r2, [r3, #68]	@ 0x44
 8001a8a:	f442 4200 	orr.w	r2, r2, #32768	@ 0x8000
 8001a8e:	645a      	str	r2, [r3, #68]	@ 0x44
 8001a90:	e7bf      	b.n	8001a12 <HAL_TIM_PWM_Start+0x32>
    tmpsmcr = htim->Instance->SMCR & TIM_SMCR_SMS;
 8001a92:	689a      	ldr	r2, [r3, #8]
 8001a94:	f002 0207 	and.w	r2, r2, #7
    if (!IS_TIM_SLAVEMODE_TRIGGER_ENABLED(tmpsmcr))
 8001a98:	2a06      	cmp	r2, #6
 8001a9a:	d007      	beq.n	8001aac <HAL_TIM_PWM_Start+0xcc>
      __HAL_TIM_ENABLE(htim);
 8001a9c:	681a      	ldr	r2, [r3, #0]
 8001a9e:	f042 0201 	orr.w	r2, r2, #1
 8001aa2:	601a      	str	r2, [r3, #0]
  return HAL_OK;
 8001aa4:	2000      	movs	r0, #0
 8001aa6:	e000      	b.n	8001aaa <HAL_TIM_PWM_Start+0xca>
    return HAL_ERROR;
 8001aa8:	2001      	movs	r0, #1
}
 8001aaa:	bd10      	pop	{r4, pc}
  return HAL_OK;
 8001aac:	2000      	movs	r0, #0
 8001aae:	e7fc      	b.n	8001aaa <HAL_TIM_PWM_Start+0xca>
 8001ab0:	40012c00 	.word	0x40012c00

08001ab4 <HAL_TIMEx_MasterConfigSynchronization>:
  assert_param(IS_TIM_MASTER_INSTANCE(htim->Instance));
  assert_param(IS_TIM_TRGO_SOURCE(sMasterConfig->MasterOutputTrigger));
  assert_param(IS_TIM_MSM_STATE(sMasterConfig->MasterSlaveMode));

  /* Check input state */
  __HAL_LOCK(htim);
 8001ab4:	f890 203c 	ldrb.w	r2, [r0, #60]	@ 0x3c
 8001ab8:	2a01      	cmp	r2, #1
 8001aba:	d02c      	beq.n	8001b16 <HAL_TIMEx_MasterConfigSynchronization+0x62>
{
 8001abc:	b410      	push	{r4}
 8001abe:	4603      	mov	r3, r0
  __HAL_LOCK(htim);
 8001ac0:	2201      	movs	r2, #1
 8001ac2:	f880 203c 	strb.w	r2, [r0, #60]	@ 0x3c

  /* Change the handler state */
  htim->State = HAL_TIM_STATE_BUSY;
 8001ac6:	2202      	movs	r2, #2
 8001ac8:	f880 203d 	strb.w	r2, [r0, #61]	@ 0x3d

  /* Get the TIMx CR2 register value */
  tmpcr2 = htim->Instance->CR2;
 8001acc:	6802      	ldr	r2, [r0, #0]
 8001ace:	6850      	ldr	r0, [r2, #4]

  /* Get the TIMx SMCR register value */
  tmpsmcr = htim->Instance->SMCR;
 8001ad0:	6894      	ldr	r4, [r2, #8]

  /* Reset the MMS Bits */
  tmpcr2 &= ~TIM_CR2_MMS;
 8001ad2:	f020 0c70 	bic.w	ip, r0, #112	@ 0x70
  /* Select the TRGO source */
  tmpcr2 |=  sMasterConfig->MasterOutputTrigger;
 8001ad6:	6808      	ldr	r0, [r1, #0]
 8001ad8:	ea40 000c 	orr.w	r0, r0, ip

  /* Update TIMx CR2 */
  htim->Instance->CR2 = tmpcr2;
 8001adc:	6050      	str	r0, [r2, #4]

  if (IS_TIM_SLAVE_INSTANCE(htim->Instance))
 8001ade:	681a      	ldr	r2, [r3, #0]
 8001ae0:	480e      	ldr	r0, [pc, #56]	@ (8001b1c <HAL_TIMEx_MasterConfigSynchronization+0x68>)
 8001ae2:	4282      	cmp	r2, r0
 8001ae4:	d00a      	beq.n	8001afc <HAL_TIMEx_MasterConfigSynchronization+0x48>
 8001ae6:	f1b2 4f80 	cmp.w	r2, #1073741824	@ 0x40000000
 8001aea:	d007      	beq.n	8001afc <HAL_TIMEx_MasterConfigSynchronization+0x48>
 8001aec:	f5a0 3094 	sub.w	r0, r0, #75776	@ 0x12800
 8001af0:	4282      	cmp	r2, r0
 8001af2:	d003      	beq.n	8001afc <HAL_TIMEx_MasterConfigSynchronization+0x48>
 8001af4:	f500 6080 	add.w	r0, r0, #1024	@ 0x400
 8001af8:	4282      	cmp	r2, r0
 8001afa:	d104      	bne.n	8001b06 <HAL_TIMEx_MasterConfigSynchronization+0x52>
  {
    /* Reset the MSM Bit */
    tmpsmcr &= ~TIM_SMCR_MSM;
 8001afc:	f024 0480 	bic.w	r4, r4, #128	@ 0x80
    /* Set master mode */
    tmpsmcr |= sMasterConfig->MasterSlaveMode;
 8001b00:	6849      	ldr	r1, [r1, #4]
 8001b02:	4321      	orrs	r1, r4

    /* Update TIMx SMCR */
    htim->Instance->SMCR = tmpsmcr;
 8001b04:	6091      	str	r1, [r2, #8]
  }

  /* Change the htim state */
  htim->State = HAL_TIM_STATE_READY;
 8001b06:	2201      	movs	r2, #1
 8001b08:	f883 203d 	strb.w	r2, [r3, #61]	@ 0x3d

  __HAL_UNLOCK(htim);
 8001b0c:	2000      	movs	r0, #0
 8001b0e:	f883 003c 	strb.w	r0, [r3, #60]	@ 0x3c

  return HAL_OK;
}
 8001b12:	bc10      	pop	{r4}
 8001b14:	4770      	bx	lr
  __HAL_LOCK(htim);
 8001b16:	2002      	movs	r0, #2
}
 8001b18:	4770      	bx	lr
 8001b1a:	bf00      	nop
 8001b1c:	40012c00 	.word	0x40012c00

08001b20 <HAL_TIMEx_ConfigBreakDeadTime>:
  *         interrupt can be enabled by calling the @ref __HAL_TIM_ENABLE_IT macro.
  * @retval HAL status
  */
HAL_StatusTypeDef HAL_TIMEx_ConfigBreakDeadTime(TIM_HandleTypeDef *htim,
                                                const TIM_BreakDeadTimeConfigTypeDef *sBreakDeadTimeConfig)
{
 8001b20:	4602      	mov	r2, r0
  assert_param(IS_TIM_BREAK_STATE(sBreakDeadTimeConfig->BreakState));
  assert_param(IS_TIM_BREAK_POLARITY(sBreakDeadTimeConfig->BreakPolarity));
  assert_param(IS_TIM_AUTOMATIC_OUTPUT_STATE(sBreakDeadTimeConfig->AutomaticOutput));

  /* Check input state */
  __HAL_LOCK(htim);
 8001b22:	f890 303c 	ldrb.w	r3, [r0, #60]	@ 0x3c
 8001b26:	2b01      	cmp	r3, #1
 8001b28:	d021      	beq.n	8001b6e <HAL_TIMEx_ConfigBreakDeadTime+0x4e>
 8001b2a:	2301      	movs	r3, #1
 8001b2c:	f880 303c 	strb.w	r3, [r0, #60]	@ 0x3c

  /* Set the Lock level, the Break enable Bit and the Polarity, the OSSR State,
     the OSSI State, the dead time value and the Automatic Output Enable Bit */

  /* Set the BDTR bits */
  MODIFY_REG(tmpbdtr, TIM_BDTR_DTG, sBreakDeadTimeConfig->DeadTime);
 8001b30:	68cb      	ldr	r3, [r1, #12]
  MODIFY_REG(tmpbdtr, TIM_BDTR_LOCK, sBreakDeadTimeConfig->LockLevel);
 8001b32:	f423 7340 	bic.w	r3, r3, #768	@ 0x300
 8001b36:	6888      	ldr	r0, [r1, #8]
 8001b38:	4303      	orrs	r3, r0
  MODIFY_REG(tmpbdtr, TIM_BDTR_OSSI, sBreakDeadTimeConfig->OffStateIDLEMode);
 8001b3a:	f423 6380 	bic.w	r3, r3, #1024	@ 0x400
 8001b3e:	6848      	ldr	r0, [r1, #4]
 8001b40:	4303      	orrs	r3, r0
  MODIFY_REG(tmpbdtr, TIM_BDTR_OSSR, sBreakDeadTimeConfig->OffStateRunMode);
 8001b42:	f423 6300 	bic.w	r3, r3, #2048	@ 0x800
 8001b46:	6808      	ldr	r0, [r1, #0]
 8001b48:	4303      	orrs	r3, r0
  MODIFY_REG(tmpbdtr, TIM_BDTR_BKE, sBreakDeadTimeConfig->BreakState);
 8001b4a:	f423 5380 	bic.w	r3, r3, #4096	@ 0x1000
 8001b4e:	6908      	ldr	r0, [r1, #16]
 8001b50:	4303      	orrs	r3, r0
  MODIFY_REG(tmpbdtr, TIM_BDTR_BKP, sBreakDeadTimeConfig->BreakPolarity);
 8001b52:	f423 5300 	bic.w	r3, r3, #8192	@ 0x2000
 8001b56:	6948      	ldr	r0, [r1, #20]
 8001b58:	4303      	orrs	r3, r0
  MODIFY_REG(tmpbdtr, TIM_BDTR_AOE, sBreakDeadTimeConfig->AutomaticOutput);
 8001b5a:	f423 4380 	bic.w	r3, r3, #16384	@ 0x4000
 8001b5e:	69c9      	ldr	r1, [r1, #28]
 8001b60:	430b      	orrs	r3, r1


  /* Set TIMx_BDTR */
  htim->Instance->BDTR = tmpbdtr;
 8001b62:	6811      	ldr	r1, [r2, #0]
 8001b64:	644b      	str	r3, [r1, #68]	@ 0x44

  __HAL_UNLOCK(htim);
 8001b66:	2000      	movs	r0, #0
 8001b68:	f882 003c 	strb.w	r0, [r2, #60]	@ 0x3c

  return HAL_OK;
 8001b6c:	4770      	bx	lr
  __HAL_LOCK(htim);
 8001b6e:	2002      	movs	r0, #2
}
 8001b70:	4770      	bx	lr

08001b72 <UART_EndRxTransfer>:
  * @retval None
  */
static void UART_EndRxTransfer(UART_HandleTypeDef *huart)
{
  /* Disable RXNE, PE and ERR (Frame error, noise error, overrun error) interrupts */
  ATOMIC_CLEAR_BIT(huart->Instance->CR1, (USART_CR1_RXNEIE | USART_CR1_PEIE));
 8001b72:	6802      	ldr	r2, [r0, #0]
 */
__STATIC_FORCEINLINE uint32_t __LDREXW(volatile uint32_t *addr)
{
    uint32_t result;

   __ASM volatile ("ldrex %0, %1" : "=r" (result) : "Q" (*addr) );
 8001b74:	f102 030c 	add.w	r3, r2, #12
 8001b78:	e853 3f00 	ldrex	r3, [r3]
 8001b7c:	f423 7390 	bic.w	r3, r3, #288	@ 0x120
 */
__STATIC_FORCEINLINE uint32_t __STREXW(uint32_t value, volatile uint32_t *addr)
{
   uint32_t result;

   __ASM volatile ("strex %0, %2, %1" : "=&r" (result), "=Q" (*addr) : "r" (value) );
 8001b80:	320c      	adds	r2, #12
 8001b82:	e842 3100 	strex	r1, r3, [r2]
 8001b86:	2900      	cmp	r1, #0
 8001b88:	d1f3      	bne.n	8001b72 <UART_EndRxTransfer>
  ATOMIC_CLEAR_BIT(huart->Instance->CR3, USART_CR3_EIE);
 8001b8a:	6802      	ldr	r2, [r0, #0]
   __ASM volatile ("ldrex %0, %1" : "=r" (result) : "Q" (*addr) );
 8001b8c:	f102 0314 	add.w	r3, r2, #20
 8001b90:	e853 3f00 	ldrex	r3, [r3]
 8001b94:	f023 0301 	bic.w	r3, r3, #1
   __ASM volatile ("strex %0, %2, %1" : "=&r" (result), "=Q" (*addr) : "r" (value) );
 8001b98:	3214      	adds	r2, #20
 8001b9a:	e842 3100 	strex	r1, r3, [r2]
 8001b9e:	2900      	cmp	r1, #0
 8001ba0:	d1f3      	bne.n	8001b8a <UART_EndRxTransfer+0x18>

  /* In case of reception waiting for IDLE event, disable also the IDLE IE interrupt source */
  if (huart->ReceptionType == HAL_UART_RECEPTION_TOIDLE)
 8001ba2:	6b03      	ldr	r3, [r0, #48]	@ 0x30
 8001ba4:	2b01      	cmp	r3, #1
 8001ba6:	d005      	beq.n	8001bb4 <UART_EndRxTransfer+0x42>
  {
    ATOMIC_CLEAR_BIT(huart->Instance->CR1, USART_CR1_IDLEIE);
  }

  /* At end of Rx process, restore huart->RxState to Ready */
  huart->RxState = HAL_UART_STATE_READY;
 8001ba8:	2320      	movs	r3, #32
 8001baa:	f880 3042 	strb.w	r3, [r0, #66]	@ 0x42
  huart->ReceptionType = HAL_UART_RECEPTION_STANDARD;
 8001bae:	2300      	movs	r3, #0
 8001bb0:	6303      	str	r3, [r0, #48]	@ 0x30
}
 8001bb2:	4770      	bx	lr
    ATOMIC_CLEAR_BIT(huart->Instance->CR1, USART_CR1_IDLEIE);
 8001bb4:	6802      	ldr	r2, [r0, #0]
   __ASM volatile ("ldrex %0, %1" : "=r" (result) : "Q" (*addr) );
 8001bb6:	f102 030c 	add.w	r3, r2, #12
 8001bba:	e853 3f00 	ldrex	r3, [r3]
 8001bbe:	f023 0310 	bic.w	r3, r3, #16
   __ASM volatile ("strex %0, %2, %1" : "=&r" (result), "=Q" (*addr) : "r" (value) );
 8001bc2:	320c      	adds	r2, #12
 8001bc4:	e842 3100 	strex	r1, r3, [r2]
 8001bc8:	2900      	cmp	r1, #0
 8001bca:	d1f3      	bne.n	8001bb4 <UART_EndRxTransfer+0x42>
 8001bcc:	e7ec      	b.n	8001ba8 <UART_EndRxTransfer+0x36>
	...

08001bd0 <UART_SetConfig>:
  * @param  huart  Pointer to a UART_HandleTypeDef structure that contains
  *                the configuration information for the specified UART module.
  * @retval None
  */
static void UART_SetConfig(UART_HandleTypeDef *huart)
{
 8001bd0:	b510      	push	{r4, lr}
 8001bd2:	4604      	mov	r4, r0
  assert_param(IS_UART_MODE(huart->Init.Mode));

  /*-------------------------- USART CR2 Configuration -----------------------*/
  /* Configure the UART Stop Bits: Set STOP[13:12] bits
     according to huart->Init.StopBits value */
  MODIFY_REG(huart->Instance->CR2, USART_CR2_STOP, huart->Init.StopBits);
 8001bd4:	6802      	ldr	r2, [r0, #0]
 8001bd6:	6913      	ldr	r3, [r2, #16]
 8001bd8:	f423 5340 	bic.w	r3, r3, #12288	@ 0x3000
 8001bdc:	68c1      	ldr	r1, [r0, #12]
 8001bde:	430b      	orrs	r3, r1
 8001be0:	6113      	str	r3, [r2, #16]
  tmpreg = (uint32_t)huart->Init.WordLength | huart->Init.Parity | huart->Init.Mode | huart->Init.OverSampling;
  MODIFY_REG(huart->Instance->CR1,
             (uint32_t)(USART_CR1_M | USART_CR1_PCE | USART_CR1_PS | USART_CR1_TE | USART_CR1_RE | USART_CR1_OVER8),
             tmpreg);
#else
  tmpreg = (uint32_t)huart->Init.WordLength | huart->Init.Parity | huart->Init.Mode;
 8001be2:	6883      	ldr	r3, [r0, #8]
 8001be4:	6902      	ldr	r2, [r0, #16]
 8001be6:	4313      	orrs	r3, r2
 8001be8:	6942      	ldr	r2, [r0, #20]
 8001bea:	431a      	orrs	r2, r3
  MODIFY_REG(huart->Instance->CR1,
 8001bec:	6801      	ldr	r1, [r0, #0]
 8001bee:	68cb      	ldr	r3, [r1, #12]
 8001bf0:	f423 53b0 	bic.w	r3, r3, #5632	@ 0x1600
 8001bf4:	f023 030c 	bic.w	r3, r3, #12
 8001bf8:	4313      	orrs	r3, r2
 8001bfa:	60cb      	str	r3, [r1, #12]
             tmpreg);
#endif /* USART_CR1_OVER8 */

  /*-------------------------- USART CR3 Configuration -----------------------*/
  /* Configure the UART HFC: Set CTSE and RTSE bits according to huart->Init.HwFlowCtl value */
  MODIFY_REG(huart->Instance->CR3, (USART_CR3_RTSE | USART_CR3_CTSE), huart->Init.HwFlowCtl);
 8001bfc:	6802      	ldr	r2, [r0, #0]
 8001bfe:	6953      	ldr	r3, [r2, #20]
 8001c00:	f423 7340 	bic.w	r3, r3, #768	@ 0x300
 8001c04:	6981      	ldr	r1, [r0, #24]
 8001c06:	430b      	orrs	r3, r1
 8001c08:	6153      	str	r3, [r2, #20]


  if(huart->Instance == USART1)
 8001c0a:	6802      	ldr	r2, [r0, #0]
 8001c0c:	4b13      	ldr	r3, [pc, #76]	@ (8001c5c <UART_SetConfig+0x8c>)
 8001c0e:	429a      	cmp	r2, r3
 8001c10:	d020      	beq.n	8001c54 <UART_SetConfig+0x84>
  {
    pclk = HAL_RCC_GetPCLK2Freq();
  }
  else
  {
    pclk = HAL_RCC_GetPCLK1Freq();
 8001c12:	f7ff fc37 	bl	8001484 <HAL_RCC_GetPCLK1Freq>
 8001c16:	4602      	mov	r2, r0
  else
  {
    huart->Instance->BRR = UART_BRR_SAMPLING16(pclk, huart->Init.BaudRate);
  }
#else
  huart->Instance->BRR = UART_BRR_SAMPLING16(pclk, huart->Init.BaudRate);
 8001c18:	eb02 0282 	add.w	r2, r2, r2, lsl #2
 8001c1c:	eb02 0282 	add.w	r2, r2, r2, lsl #2
 8001c20:	6863      	ldr	r3, [r4, #4]
 8001c22:	009b      	lsls	r3, r3, #2
 8001c24:	fbb2 f2f3 	udiv	r2, r2, r3
 8001c28:	480d      	ldr	r0, [pc, #52]	@ (8001c60 <UART_SetConfig+0x90>)
 8001c2a:	fba0 3102 	umull	r3, r1, r0, r2
 8001c2e:	0949      	lsrs	r1, r1, #5
 8001c30:	2364      	movs	r3, #100	@ 0x64
 8001c32:	fb03 2311 	mls	r3, r3, r1, r2
 8001c36:	011b      	lsls	r3, r3, #4
 8001c38:	3332      	adds	r3, #50	@ 0x32
 8001c3a:	fba0 0303 	umull	r0, r3, r0, r3
 8001c3e:	095b      	lsrs	r3, r3, #5
 8001c40:	f003 02f0 	and.w	r2, r3, #240	@ 0xf0
 8001c44:	eb02 1201 	add.w	r2, r2, r1, lsl #4
 8001c48:	f003 030f 	and.w	r3, r3, #15
 8001c4c:	6821      	ldr	r1, [r4, #0]
 8001c4e:	4413      	add	r3, r2
 8001c50:	608b      	str	r3, [r1, #8]
#endif /* USART_CR1_OVER8 */
}
 8001c52:	bd10      	pop	{r4, pc}
    pclk = HAL_RCC_GetPCLK2Freq();
 8001c54:	f7ff fc26 	bl	80014a4 <HAL_RCC_GetPCLK2Freq>
 8001c58:	4602      	mov	r2, r0
 8001c5a:	e7dd      	b.n	8001c18 <UART_SetConfig+0x48>
 8001c5c:	40013800 	.word	0x40013800
 8001c60:	51eb851f 	.word	0x51eb851f

08001c64 <UART_WaitOnFlagUntilTimeout>:
{
 8001c64:	e92d 43f0 	stmdb	sp!, {r4, r5, r6, r7, r8, r9, lr}
 8001c68:	b083      	sub	sp, #12
 8001c6a:	4605      	mov	r5, r0
 8001c6c:	460e      	mov	r6, r1
 8001c6e:	4617      	mov	r7, r2
 8001c70:	4699      	mov	r9, r3
 8001c72:	f8dd 8028 	ldr.w	r8, [sp, #40]	@ 0x28
  while ((__HAL_UART_GET_FLAG(huart, Flag) ? SET : RESET) == Status)
 8001c76:	682b      	ldr	r3, [r5, #0]
 8001c78:	681c      	ldr	r4, [r3, #0]
 8001c7a:	ea36 0404 	bics.w	r4, r6, r4
 8001c7e:	bf0c      	ite	eq
 8001c80:	2401      	moveq	r4, #1
 8001c82:	2400      	movne	r4, #0
 8001c84:	42bc      	cmp	r4, r7
 8001c86:	d128      	bne.n	8001cda <UART_WaitOnFlagUntilTimeout+0x76>
    if (Timeout != HAL_MAX_DELAY)
 8001c88:	f1b8 3fff 	cmp.w	r8, #4294967295	@ 0xffffffff
 8001c8c:	d0f3      	beq.n	8001c76 <UART_WaitOnFlagUntilTimeout+0x12>
      if (((HAL_GetTick() - Tickstart) > Timeout) || (Timeout == 0U))
 8001c8e:	f7fe fbe1 	bl	8000454 <HAL_GetTick>
 8001c92:	eba0 0009 	sub.w	r0, r0, r9
 8001c96:	4540      	cmp	r0, r8
 8001c98:	d823      	bhi.n	8001ce2 <UART_WaitOnFlagUntilTimeout+0x7e>
 8001c9a:	f1b8 0f00 	cmp.w	r8, #0
 8001c9e:	d022      	beq.n	8001ce6 <UART_WaitOnFlagUntilTimeout+0x82>
      if ((READ_BIT(huart->Instance->CR1, USART_CR1_RE) != 0U) && (Flag != UART_FLAG_TXE) && (Flag != UART_FLAG_TC))
 8001ca0:	682b      	ldr	r3, [r5, #0]
 8001ca2:	68da      	ldr	r2, [r3, #12]
 8001ca4:	f012 0f04 	tst.w	r2, #4
 8001ca8:	d0e5      	beq.n	8001c76 <UART_WaitOnFlagUntilTimeout+0x12>
 8001caa:	2e80      	cmp	r6, #128	@ 0x80
 8001cac:	d0e3      	beq.n	8001c76 <UART_WaitOnFlagUntilTimeout+0x12>
 8001cae:	2e40      	cmp	r6, #64	@ 0x40
 8001cb0:	d0e1      	beq.n	8001c76 <UART_WaitOnFlagUntilTimeout+0x12>
        if (__HAL_UART_GET_FLAG(huart, UART_FLAG_ORE) == SET)
 8001cb2:	681a      	ldr	r2, [r3, #0]
 8001cb4:	f012 0f08 	tst.w	r2, #8
 8001cb8:	d0dd      	beq.n	8001c76 <UART_WaitOnFlagUntilTimeout+0x12>
          __HAL_UART_CLEAR_OREFLAG(huart);
 8001cba:	2400      	movs	r4, #0
 8001cbc:	9401      	str	r4, [sp, #4]
 8001cbe:	681a      	ldr	r2, [r3, #0]
 8001cc0:	9201      	str	r2, [sp, #4]
 8001cc2:	685b      	ldr	r3, [r3, #4]
 8001cc4:	9301      	str	r3, [sp, #4]
 8001cc6:	9b01      	ldr	r3, [sp, #4]
          UART_EndRxTransfer(huart);
 8001cc8:	4628      	mov	r0, r5
 8001cca:	f7ff ff52 	bl	8001b72 <UART_EndRxTransfer>
          huart->ErrorCode = HAL_UART_ERROR_ORE;
 8001cce:	2308      	movs	r3, #8
 8001cd0:	646b      	str	r3, [r5, #68]	@ 0x44
          __HAL_UNLOCK(huart);
 8001cd2:	f885 4040 	strb.w	r4, [r5, #64]	@ 0x40
          return HAL_ERROR;
 8001cd6:	2001      	movs	r0, #1
 8001cd8:	e000      	b.n	8001cdc <UART_WaitOnFlagUntilTimeout+0x78>
  return HAL_OK;
 8001cda:	2000      	movs	r0, #0
}
 8001cdc:	b003      	add	sp, #12
 8001cde:	e8bd 83f0 	ldmia.w	sp!, {r4, r5, r6, r7, r8, r9, pc}
        return HAL_TIMEOUT;
 8001ce2:	2003      	movs	r0, #3
 8001ce4:	e7fa      	b.n	8001cdc <UART_WaitOnFlagUntilTimeout+0x78>
 8001ce6:	2003      	movs	r0, #3
 8001ce8:	e7f8      	b.n	8001cdc <UART_WaitOnFlagUntilTimeout+0x78>

08001cea <HAL_UART_Init>:
  if (huart == NULL)
 8001cea:	b360      	cbz	r0, 8001d46 <HAL_UART_Init+0x5c>
{
 8001cec:	b510      	push	{r4, lr}
 8001cee:	4604      	mov	r4, r0
  if (huart->gState == HAL_UART_STATE_RESET)
 8001cf0:	f890 3041 	ldrb.w	r3, [r0, #65]	@ 0x41
 8001cf4:	b313      	cbz	r3, 8001d3c <HAL_UART_Init+0x52>
  huart->gState = HAL_UART_STATE_BUSY;
 8001cf6:	2324      	movs	r3, #36	@ 0x24
 8001cf8:	f884 3041 	strb.w	r3, [r4, #65]	@ 0x41
  __HAL_UART_DISABLE(huart);
 8001cfc:	6822      	ldr	r2, [r4, #0]
 8001cfe:	68d3      	ldr	r3, [r2, #12]
 8001d00:	f423 5300 	bic.w	r3, r3, #8192	@ 0x2000
 8001d04:	60d3      	str	r3, [r2, #12]
  UART_SetConfig(huart);
 8001d06:	4620      	mov	r0, r4
 8001d08:	f7ff ff62 	bl	8001bd0 <UART_SetConfig>
  CLEAR_BIT(huart->Instance->CR2, (USART_CR2_LINEN | USART_CR2_CLKEN));
 8001d0c:	6822      	ldr	r2, [r4, #0]
 8001d0e:	6913      	ldr	r3, [r2, #16]
 8001d10:	f423 4390 	bic.w	r3, r3, #18432	@ 0x4800
 8001d14:	6113      	str	r3, [r2, #16]
  CLEAR_BIT(huart->Instance->CR3, (USART_CR3_SCEN | USART_CR3_HDSEL | USART_CR3_IREN));
 8001d16:	6822      	ldr	r2, [r4, #0]
 8001d18:	6953      	ldr	r3, [r2, #20]
 8001d1a:	f023 032a 	bic.w	r3, r3, #42	@ 0x2a
 8001d1e:	6153      	str	r3, [r2, #20]
  __HAL_UART_ENABLE(huart);
 8001d20:	6822      	ldr	r2, [r4, #0]
 8001d22:	68d3      	ldr	r3, [r2, #12]
 8001d24:	f443 5300 	orr.w	r3, r3, #8192	@ 0x2000
 8001d28:	60d3      	str	r3, [r2, #12]
  huart->ErrorCode = HAL_UART_ERROR_NONE;
 8001d2a:	2000      	movs	r0, #0
 8001d2c:	6460      	str	r0, [r4, #68]	@ 0x44
  huart->gState = HAL_UART_STATE_READY;
 8001d2e:	2320      	movs	r3, #32
 8001d30:	f884 3041 	strb.w	r3, [r4, #65]	@ 0x41
  huart->RxState = HAL_UART_STATE_READY;
 8001d34:	f884 3042 	strb.w	r3, [r4, #66]	@ 0x42
  huart->RxEventType = HAL_UART_RXEVENT_TC;
 8001d38:	6360      	str	r0, [r4, #52]	@ 0x34
}
 8001d3a:	bd10      	pop	{r4, pc}
    huart->Lock = HAL_UNLOCKED;
 8001d3c:	f880 3040 	strb.w	r3, [r0, #64]	@ 0x40
    HAL_UART_MspInit(huart);
 8001d40:	f7ff f860 	bl	8000e04 <HAL_UART_MspInit>
 8001d44:	e7d7      	b.n	8001cf6 <HAL_UART_Init+0xc>
    return HAL_ERROR;
 8001d46:	2001      	movs	r0, #1
}
 8001d48:	4770      	bx	lr

08001d4a <HAL_UART_Transmit>:
{
 8001d4a:	e92d 41f0 	stmdb	sp!, {r4, r5, r6, r7, r8, lr}
 8001d4e:	b082      	sub	sp, #8
 8001d50:	461e      	mov	r6, r3
  if (huart->gState == HAL_UART_STATE_READY)
 8001d52:	f890 3041 	ldrb.w	r3, [r0, #65]	@ 0x41
 8001d56:	2b20      	cmp	r3, #32
 8001d58:	d156      	bne.n	8001e08 <HAL_UART_Transmit+0xbe>
 8001d5a:	4604      	mov	r4, r0
 8001d5c:	460d      	mov	r5, r1
 8001d5e:	4690      	mov	r8, r2
    if ((pData == NULL) || (Size == 0U))
 8001d60:	2900      	cmp	r1, #0
 8001d62:	d055      	beq.n	8001e10 <HAL_UART_Transmit+0xc6>
 8001d64:	b90a      	cbnz	r2, 8001d6a <HAL_UART_Transmit+0x20>
      return  HAL_ERROR;
 8001d66:	2001      	movs	r0, #1
 8001d68:	e04f      	b.n	8001e0a <HAL_UART_Transmit+0xc0>
    huart->ErrorCode = HAL_UART_ERROR_NONE;
 8001d6a:	2300      	movs	r3, #0
 8001d6c:	6443      	str	r3, [r0, #68]	@ 0x44
    huart->gState = HAL_UART_STATE_BUSY_TX;
 8001d6e:	2321      	movs	r3, #33	@ 0x21
 8001d70:	f880 3041 	strb.w	r3, [r0, #65]	@ 0x41
    tickstart = HAL_GetTick();
 8001d74:	f7fe fb6e 	bl	8000454 <HAL_GetTick>
 8001d78:	4607      	mov	r7, r0
    huart->TxXferSize = Size;
 8001d7a:	f8a4 8024 	strh.w	r8, [r4, #36]	@ 0x24
    huart->TxXferCount = Size;
 8001d7e:	f8a4 8026 	strh.w	r8, [r4, #38]	@ 0x26
    if ((huart->Init.WordLength == UART_WORDLENGTH_9B) && (huart->Init.Parity == UART_PARITY_NONE))
 8001d82:	68a3      	ldr	r3, [r4, #8]
 8001d84:	f5b3 5f80 	cmp.w	r3, #4096	@ 0x1000
 8001d88:	d002      	beq.n	8001d90 <HAL_UART_Transmit+0x46>
      pdata16bits = NULL;
 8001d8a:	f04f 0800 	mov.w	r8, #0
 8001d8e:	e014      	b.n	8001dba <HAL_UART_Transmit+0x70>
    if ((huart->Init.WordLength == UART_WORDLENGTH_9B) && (huart->Init.Parity == UART_PARITY_NONE))
 8001d90:	6923      	ldr	r3, [r4, #16]
 8001d92:	b32b      	cbz	r3, 8001de0 <HAL_UART_Transmit+0x96>
      pdata16bits = NULL;
 8001d94:	f04f 0800 	mov.w	r8, #0
 8001d98:	e00f      	b.n	8001dba <HAL_UART_Transmit+0x70>
        huart->gState = HAL_UART_STATE_READY;
 8001d9a:	2320      	movs	r3, #32
 8001d9c:	f884 3041 	strb.w	r3, [r4, #65]	@ 0x41
        return HAL_TIMEOUT;
 8001da0:	2003      	movs	r0, #3
 8001da2:	e032      	b.n	8001e0a <HAL_UART_Transmit+0xc0>
        huart->Instance->DR = (uint16_t)(*pdata16bits & 0x01FFU);
 8001da4:	f838 3b02 	ldrh.w	r3, [r8], #2
 8001da8:	6822      	ldr	r2, [r4, #0]
 8001daa:	f3c3 0308 	ubfx	r3, r3, #0, #9
 8001dae:	6053      	str	r3, [r2, #4]
      huart->TxXferCount--;
 8001db0:	8ce2      	ldrh	r2, [r4, #38]	@ 0x26
 8001db2:	b292      	uxth	r2, r2
 8001db4:	3a01      	subs	r2, #1
 8001db6:	b292      	uxth	r2, r2
 8001db8:	84e2      	strh	r2, [r4, #38]	@ 0x26
    while (huart->TxXferCount > 0U)
 8001dba:	8ce3      	ldrh	r3, [r4, #38]	@ 0x26
 8001dbc:	b29b      	uxth	r3, r3
 8001dbe:	b193      	cbz	r3, 8001de6 <HAL_UART_Transmit+0x9c>
      if (UART_WaitOnFlagUntilTimeout(huart, UART_FLAG_TXE, RESET, tickstart, Timeout) != HAL_OK)
 8001dc0:	9600      	str	r6, [sp, #0]
 8001dc2:	463b      	mov	r3, r7
 8001dc4:	2200      	movs	r2, #0
 8001dc6:	2180      	movs	r1, #128	@ 0x80
 8001dc8:	4620      	mov	r0, r4
 8001dca:	f7ff ff4b 	bl	8001c64 <UART_WaitOnFlagUntilTimeout>
 8001dce:	2800      	cmp	r0, #0
 8001dd0:	d1e3      	bne.n	8001d9a <HAL_UART_Transmit+0x50>
      if (pdata8bits == NULL)
 8001dd2:	2d00      	cmp	r5, #0
 8001dd4:	d0e6      	beq.n	8001da4 <HAL_UART_Transmit+0x5a>
        huart->Instance->DR = (uint8_t)(*pdata8bits & 0xFFU);
 8001dd6:	f815 2b01 	ldrb.w	r2, [r5], #1
 8001dda:	6823      	ldr	r3, [r4, #0]
 8001ddc:	605a      	str	r2, [r3, #4]
        pdata8bits++;
 8001dde:	e7e7      	b.n	8001db0 <HAL_UART_Transmit+0x66>
      pdata16bits = (const uint16_t *) pData;
 8001de0:	46a8      	mov	r8, r5
      pdata8bits  = NULL;
 8001de2:	2500      	movs	r5, #0
 8001de4:	e7e9      	b.n	8001dba <HAL_UART_Transmit+0x70>
    if (UART_WaitOnFlagUntilTimeout(huart, UART_FLAG_TC, RESET, tickstart, Timeout) != HAL_OK)
 8001de6:	9600      	str	r6, [sp, #0]
 8001de8:	463b      	mov	r3, r7
 8001dea:	2200      	movs	r2, #0
 8001dec:	2140      	movs	r1, #64	@ 0x40
 8001dee:	4620      	mov	r0, r4
 8001df0:	f7ff ff38 	bl	8001c64 <UART_WaitOnFlagUntilTimeout>
 8001df4:	b918      	cbnz	r0, 8001dfe <HAL_UART_Transmit+0xb4>
    huart->gState = HAL_UART_STATE_READY;
 8001df6:	2320      	movs	r3, #32
 8001df8:	f884 3041 	strb.w	r3, [r4, #65]	@ 0x41
    return HAL_OK;
 8001dfc:	e005      	b.n	8001e0a <HAL_UART_Transmit+0xc0>
      huart->gState = HAL_UART_STATE_READY;
 8001dfe:	2320      	movs	r3, #32
 8001e00:	f884 3041 	strb.w	r3, [r4, #65]	@ 0x41
      return HAL_TIMEOUT;
 8001e04:	2003      	movs	r0, #3
 8001e06:	e000      	b.n	8001e0a <HAL_UART_Transmit+0xc0>
    return HAL_BUSY;
 8001e08:	2002      	movs	r0, #2
}
 8001e0a:	b002      	add	sp, #8
 8001e0c:	e8bd 81f0 	ldmia.w	sp!, {r4, r5, r6, r7, r8, pc}
      return  HAL_ERROR;
 8001e10:	2001      	movs	r0, #1
 8001e12:	e7fa      	b.n	8001e0a <HAL_UART_Transmit+0xc0>

08001e14 <NMI_Handler>:
{
  /* USER CODE BEGIN NonMaskableInt_IRQn 0 */

  /* USER CODE END NonMaskableInt_IRQn 0 */
  /* USER CODE BEGIN NonMaskableInt_IRQn 1 */
   while (1)
 8001e14:	e7fe      	b.n	8001e14 <NMI_Handler>

08001e16 <HardFault_Handler>:
void HardFault_Handler(void)
{
  /* USER CODE BEGIN HardFault_IRQn 0 */

  /* USER CODE END HardFault_IRQn 0 */
  while (1)
 8001e16:	e7fe      	b.n	8001e16 <HardFault_Handler>

08001e18 <MemManage_Handler>:
void MemManage_Handler(void)
{
  /* USER CODE BEGIN MemoryManagement_IRQn 0 */

  /* USER CODE END MemoryManagement_IRQn 0 */
  while (1)
 8001e18:	e7fe      	b.n	8001e18 <MemManage_Handler>

08001e1a <BusFault_Handler>:
void BusFault_Handler(void)
{
  /* USER CODE BEGIN BusFault_IRQn 0 */

  /* USER CODE END BusFault_IRQn 0 */
  while (1)
 8001e1a:	e7fe      	b.n	8001e1a <BusFault_Handler>

08001e1c <UsageFault_Handler>:
void UsageFault_Handler(void)
{
  /* USER CODE BEGIN UsageFault_IRQn 0 */

  /* USER CODE END UsageFault_IRQn 0 */
  while (1)
 8001e1c:	e7fe      	b.n	8001e1c <UsageFault_Handler>

08001e1e <SVC_Handler>:

  /* USER CODE END SVCall_IRQn 0 */
  /* USER CODE BEGIN SVCall_IRQn 1 */

  /* USER CODE END SVCall_IRQn 1 */
}
 8001e1e:	4770      	bx	lr

08001e20 <DebugMon_Handler>:

  /* USER CODE END DebugMonitor_IRQn 0 */
  /* USER CODE BEGIN DebugMonitor_IRQn 1 */

  /* USER CODE END DebugMonitor_IRQn 1 */
}
 8001e20:	4770      	bx	lr

08001e22 <PendSV_Handler>:

  /* USER CODE END PendSV_IRQn 0 */
  /* USER CODE BEGIN PendSV_IRQn 1 */

  /* USER CODE END PendSV_IRQn 1 */
}
 8001e22:	4770      	bx	lr

08001e24 <SysTick_Handler>:

/**
  * @brief This function handles System tick timer.
  */
void SysTick_Handler(void)
{
 8001e24:	b508      	push	{r3, lr}
  /* USER CODE BEGIN SysTick_IRQn 0 */

  /* USER CODE END SysTick_IRQn 0 */
  HAL_IncTick();
 8001e26:	f7fe fb09 	bl	800043c <HAL_IncTick>
  /* USER CODE BEGIN SysTick_IRQn 1 */

  /* USER CODE END SysTick_IRQn 1 */
}
 8001e2a:	bd08      	pop	{r3, pc}

08001e2c <_sbrk>:
 *
 * @param incr Memory size
 * @return Pointer to allocated memory
 */
void *_sbrk(ptrdiff_t incr)
{
 8001e2c:	b510      	push	{r4, lr}
 8001e2e:	4603      	mov	r3, r0
  extern uint8_t _end; /* Symbol defined in the linker script */
  extern uint8_t _estack; /* Symbol defined in the linker script */
  extern uint32_t _Min_Stack_Size; /* Symbol defined in the linker script */
  const uint32_t stack_limit = (uint32_t)&_estack - (uint32_t)&_Min_Stack_Size;
 8001e30:	4a0c      	ldr	r2, [pc, #48]	@ (8001e64 <_sbrk+0x38>)
 8001e32:	490d      	ldr	r1, [pc, #52]	@ (8001e68 <_sbrk+0x3c>)
  const uint8_t *max_heap = (uint8_t *)stack_limit;
  uint8_t *prev_heap_end;

  /* Initialize heap end at first call */
  if (NULL == __sbrk_heap_end)
 8001e34:	480d      	ldr	r0, [pc, #52]	@ (8001e6c <_sbrk+0x40>)
 8001e36:	6800      	ldr	r0, [r0, #0]
 8001e38:	b140      	cbz	r0, 8001e4c <_sbrk+0x20>
  {
    __sbrk_heap_end = &_end;
  }

  /* Protect heap from growing into the reserved MSP stack */
  if (__sbrk_heap_end + incr > max_heap)
 8001e3a:	480c      	ldr	r0, [pc, #48]	@ (8001e6c <_sbrk+0x40>)
 8001e3c:	6800      	ldr	r0, [r0, #0]
 8001e3e:	4403      	add	r3, r0
 8001e40:	1a52      	subs	r2, r2, r1
 8001e42:	4293      	cmp	r3, r2
 8001e44:	d806      	bhi.n	8001e54 <_sbrk+0x28>
    errno = ENOMEM;
    return (void *)-1;
  }

  prev_heap_end = __sbrk_heap_end;
  __sbrk_heap_end += incr;
 8001e46:	4a09      	ldr	r2, [pc, #36]	@ (8001e6c <_sbrk+0x40>)
 8001e48:	6013      	str	r3, [r2, #0]

  return (void *)prev_heap_end;
}
 8001e4a:	bd10      	pop	{r4, pc}
    __sbrk_heap_end = &_end;
 8001e4c:	4807      	ldr	r0, [pc, #28]	@ (8001e6c <_sbrk+0x40>)
 8001e4e:	4c08      	ldr	r4, [pc, #32]	@ (8001e70 <_sbrk+0x44>)
 8001e50:	6004      	str	r4, [r0, #0]
 8001e52:	e7f2      	b.n	8001e3a <_sbrk+0xe>
    errno = ENOMEM;
 8001e54:	f000 f860 	bl	8001f18 <__errno>
 8001e58:	230c      	movs	r3, #12
 8001e5a:	6003      	str	r3, [r0, #0]
    return (void *)-1;
 8001e5c:	f04f 30ff 	mov.w	r0, #4294967295	@ 0xffffffff
 8001e60:	e7f3      	b.n	8001e4a <_sbrk+0x1e>
 8001e62:	bf00      	nop
 8001e64:	20005000 	.word	0x20005000
 8001e68:	00000400 	.word	0x00000400
 8001e6c:	20000174 	.word	0x20000174
 8001e70:	200002c0 	.word	0x200002c0

08001e74 <SystemInit>:

  /* Configure the Vector Table location -------------------------------------*/
#if defined(USER_VECT_TAB_ADDRESS)
  SCB->VTOR = VECT_TAB_BASE_ADDRESS | VECT_TAB_OFFSET; /* Vector Table Relocation in Internal SRAM. */
#endif /* USER_VECT_TAB_ADDRESS */
}
 8001e74:	4770      	bx	lr
	...

08001e78 <Reset_Handler>:
  .weak Reset_Handler
  .type Reset_Handler, %function
Reset_Handler:

/* Call the clock system initialization function.*/
    bl  SystemInit
 8001e78:	f7ff fffc 	bl	8001e74 <SystemInit>

/* Copy the data segment initializers from flash to SRAM */
  ldr r0, =_sdata
 8001e7c:	480b      	ldr	r0, [pc, #44]	@ (8001eac <LoopFillZerobss+0xe>)
  ldr r1, =_edata
 8001e7e:	490c      	ldr	r1, [pc, #48]	@ (8001eb0 <LoopFillZerobss+0x12>)
  ldr r2, =_sidata
 8001e80:	4a0c      	ldr	r2, [pc, #48]	@ (8001eb4 <LoopFillZerobss+0x16>)
  movs r3, #0
 8001e82:	2300      	movs	r3, #0
  b LoopCopyDataInit
 8001e84:	e002      	b.n	8001e8c <LoopCopyDataInit>

08001e86 <CopyDataInit>:

CopyDataInit:
  ldr r4, [r2, r3]
 8001e86:	58d4      	ldr	r4, [r2, r3]
  str r4, [r0, r3]
 8001e88:	50c4      	str	r4, [r0, r3]
  adds r3, r3, #4
 8001e8a:	3304      	adds	r3, #4

08001e8c <LoopCopyDataInit>:

LoopCopyDataInit:
  adds r4, r0, r3
 8001e8c:	18c4      	adds	r4, r0, r3
  cmp r4, r1
 8001e8e:	428c      	cmp	r4, r1
  bcc CopyDataInit
 8001e90:	d3f9      	bcc.n	8001e86 <CopyDataInit>
  
/* Zero fill the bss segment. */
  ldr r2, =_sbss
 8001e92:	4a09      	ldr	r2, [pc, #36]	@ (8001eb8 <LoopFillZerobss+0x1a>)
  ldr r4, =_ebss
 8001e94:	4c09      	ldr	r4, [pc, #36]	@ (8001ebc <LoopFillZerobss+0x1e>)
  movs r3, #0
 8001e96:	2300      	movs	r3, #0
  b LoopFillZerobss
 8001e98:	e001      	b.n	8001e9e <LoopFillZerobss>

08001e9a <FillZerobss>:

FillZerobss:
  str  r3, [r2]
 8001e9a:	6013      	str	r3, [r2, #0]
  adds r2, r2, #4
 8001e9c:	3204      	adds	r2, #4

08001e9e <LoopFillZerobss>:

LoopFillZerobss:
  cmp r2, r4
 8001e9e:	42a2      	cmp	r2, r4
  bcc FillZerobss
 8001ea0:	d3fb      	bcc.n	8001e9a <FillZerobss>

/* Call static constructors */
    bl __libc_init_array
 8001ea2:	f000 f83f 	bl	8001f24 <__libc_init_array>
/* Call the application's entry point.*/
  bl main
 8001ea6:	f7fe fa47 	bl	8000338 <main>
  bx lr
 8001eaa:	4770      	bx	lr
  ldr r0, =_sdata
 8001eac:	20000000 	.word	0x20000000
  ldr r1, =_edata
 8001eb0:	2000008c 	.word	0x2000008c
  ldr r2, =_sidata
 8001eb4:	080028cc 	.word	0x080028cc
  ldr r2, =_sbss
 8001eb8:	2000008c 	.word	0x2000008c
  ldr r4, =_ebss
 8001ebc:	200002c0 	.word	0x200002c0

08001ec0 <ADC1_2_IRQHandler>:
 * @retval : None
*/
    .section .text.Default_Handler,"ax",%progbits
Default_Handler:
Infinite_Loop:
  b Infinite_Loop
 8001ec0:	e7fe      	b.n	8001ec0 <ADC1_2_IRQHandler>
	...

08001ec4 <siprintf>:
 8001ec4:	b40e      	push	{r1, r2, r3}
 8001ec6:	f06f 4100 	mvn.w	r1, #2147483648	@ 0x80000000
 8001eca:	b510      	push	{r4, lr}
 8001ecc:	2400      	movs	r4, #0
 8001ece:	b09d      	sub	sp, #116	@ 0x74
 8001ed0:	ab1f      	add	r3, sp, #124	@ 0x7c
 8001ed2:	9002      	str	r0, [sp, #8]
 8001ed4:	9006      	str	r0, [sp, #24]
 8001ed6:	9107      	str	r1, [sp, #28]
 8001ed8:	9104      	str	r1, [sp, #16]
 8001eda:	4809      	ldr	r0, [pc, #36]	@ (8001f00 <siprintf+0x3c>)
 8001edc:	4909      	ldr	r1, [pc, #36]	@ (8001f04 <siprintf+0x40>)
 8001ede:	f853 2b04 	ldr.w	r2, [r3], #4
 8001ee2:	9105      	str	r1, [sp, #20]
 8001ee4:	6800      	ldr	r0, [r0, #0]
 8001ee6:	a902      	add	r1, sp, #8
 8001ee8:	9301      	str	r3, [sp, #4]
 8001eea:	941b      	str	r4, [sp, #108]	@ 0x6c
 8001eec:	f000 f996 	bl	800221c <_svfiprintf_r>
 8001ef0:	9b02      	ldr	r3, [sp, #8]
 8001ef2:	701c      	strb	r4, [r3, #0]
 8001ef4:	b01d      	add	sp, #116	@ 0x74
 8001ef6:	e8bd 4010 	ldmia.w	sp!, {r4, lr}
 8001efa:	b003      	add	sp, #12
 8001efc:	4770      	bx	lr
 8001efe:	bf00      	nop
 8001f00:	2000003c 	.word	0x2000003c
 8001f04:	ffff0208 	.word	0xffff0208

08001f08 <memset>:
 8001f08:	4603      	mov	r3, r0
 8001f0a:	4402      	add	r2, r0
 8001f0c:	4293      	cmp	r3, r2
 8001f0e:	d100      	bne.n	8001f12 <memset+0xa>
 8001f10:	4770      	bx	lr
 8001f12:	f803 1b01 	strb.w	r1, [r3], #1
 8001f16:	e7f9      	b.n	8001f0c <memset+0x4>

08001f18 <__errno>:
 8001f18:	4b01      	ldr	r3, [pc, #4]	@ (8001f20 <__errno+0x8>)
 8001f1a:	6818      	ldr	r0, [r3, #0]
 8001f1c:	4770      	bx	lr
 8001f1e:	bf00      	nop
 8001f20:	2000003c 	.word	0x2000003c

08001f24 <__libc_init_array>:
 8001f24:	b570      	push	{r4, r5, r6, lr}
 8001f26:	2600      	movs	r6, #0
 8001f28:	4d0c      	ldr	r5, [pc, #48]	@ (8001f5c <__libc_init_array+0x38>)
 8001f2a:	4b0d      	ldr	r3, [pc, #52]	@ (8001f60 <__libc_init_array+0x3c>)
 8001f2c:	1b5b      	subs	r3, r3, r5
 8001f2e:	109c      	asrs	r4, r3, #2
 8001f30:	42a6      	cmp	r6, r4
 8001f32:	d109      	bne.n	8001f48 <__libc_init_array+0x24>
 8001f34:	2600      	movs	r6, #0
 8001f36:	f000 fc7b 	bl	8002830 <_init>
 8001f3a:	4d0a      	ldr	r5, [pc, #40]	@ (8001f64 <__libc_init_array+0x40>)
 8001f3c:	4b0a      	ldr	r3, [pc, #40]	@ (8001f68 <__libc_init_array+0x44>)
 8001f3e:	1b5b      	subs	r3, r3, r5
 8001f40:	109c      	asrs	r4, r3, #2
 8001f42:	42a6      	cmp	r6, r4
 8001f44:	d105      	bne.n	8001f52 <__libc_init_array+0x2e>
 8001f46:	bd70      	pop	{r4, r5, r6, pc}
 8001f48:	f855 3b04 	ldr.w	r3, [r5], #4
 8001f4c:	4798      	blx	r3
 8001f4e:	3601      	adds	r6, #1
 8001f50:	e7ee      	b.n	8001f30 <__libc_init_array+0xc>
 8001f52:	f855 3b04 	ldr.w	r3, [r5], #4
 8001f56:	4798      	blx	r3
 8001f58:	3601      	adds	r6, #1
 8001f5a:	e7f2      	b.n	8001f42 <__libc_init_array+0x1e>
 8001f5c:	080028c4 	.word	0x080028c4
 8001f60:	080028c4 	.word	0x080028c4
 8001f64:	080028c4 	.word	0x080028c4
 8001f68:	080028c8 	.word	0x080028c8

08001f6c <__retarget_lock_acquire_recursive>:
 8001f6c:	4770      	bx	lr

08001f6e <__retarget_lock_release_recursive>:
 8001f6e:	4770      	bx	lr

08001f70 <_free_r>:
 8001f70:	b538      	push	{r3, r4, r5, lr}
 8001f72:	4605      	mov	r5, r0
 8001f74:	2900      	cmp	r1, #0
 8001f76:	d040      	beq.n	8001ffa <_free_r+0x8a>
 8001f78:	f851 3c04 	ldr.w	r3, [r1, #-4]
 8001f7c:	1f0c      	subs	r4, r1, #4
 8001f7e:	2b00      	cmp	r3, #0
 8001f80:	bfb8      	it	lt
 8001f82:	18e4      	addlt	r4, r4, r3
 8001f84:	f000 f8de 	bl	8002144 <__malloc_lock>
 8001f88:	4a1c      	ldr	r2, [pc, #112]	@ (8001ffc <_free_r+0x8c>)
 8001f8a:	6813      	ldr	r3, [r2, #0]
 8001f8c:	b933      	cbnz	r3, 8001f9c <_free_r+0x2c>
 8001f8e:	6063      	str	r3, [r4, #4]
 8001f90:	6014      	str	r4, [r2, #0]
 8001f92:	4628      	mov	r0, r5
 8001f94:	e8bd 4038 	ldmia.w	sp!, {r3, r4, r5, lr}
 8001f98:	f000 b8da 	b.w	8002150 <__malloc_unlock>
 8001f9c:	42a3      	cmp	r3, r4
 8001f9e:	d908      	bls.n	8001fb2 <_free_r+0x42>
 8001fa0:	6820      	ldr	r0, [r4, #0]
 8001fa2:	1821      	adds	r1, r4, r0
 8001fa4:	428b      	cmp	r3, r1
 8001fa6:	bf01      	itttt	eq
 8001fa8:	6819      	ldreq	r1, [r3, #0]
 8001faa:	685b      	ldreq	r3, [r3, #4]
 8001fac:	1809      	addeq	r1, r1, r0
 8001fae:	6021      	streq	r1, [r4, #0]
 8001fb0:	e7ed      	b.n	8001f8e <_free_r+0x1e>
 8001fb2:	461a      	mov	r2, r3
 8001fb4:	685b      	ldr	r3, [r3, #4]
 8001fb6:	b10b      	cbz	r3, 8001fbc <_free_r+0x4c>
 8001fb8:	42a3      	cmp	r3, r4
 8001fba:	d9fa      	bls.n	8001fb2 <_free_r+0x42>
 8001fbc:	6811      	ldr	r1, [r2, #0]
 8001fbe:	1850      	adds	r0, r2, r1
 8001fc0:	42a0      	cmp	r0, r4
 8001fc2:	d10b      	bne.n	8001fdc <_free_r+0x6c>
 8001fc4:	6820      	ldr	r0, [r4, #0]
 8001fc6:	4401      	add	r1, r0
 8001fc8:	1850      	adds	r0, r2, r1
 8001fca:	4283      	cmp	r3, r0
 8001fcc:	6011      	str	r1, [r2, #0]
 8001fce:	d1e0      	bne.n	8001f92 <_free_r+0x22>
 8001fd0:	6818      	ldr	r0, [r3, #0]
 8001fd2:	685b      	ldr	r3, [r3, #4]
 8001fd4:	4408      	add	r0, r1
 8001fd6:	6010      	str	r0, [r2, #0]
 8001fd8:	6053      	str	r3, [r2, #4]
 8001fda:	e7da      	b.n	8001f92 <_free_r+0x22>
 8001fdc:	d902      	bls.n	8001fe4 <_free_r+0x74>
 8001fde:	230c      	movs	r3, #12
 8001fe0:	602b      	str	r3, [r5, #0]
 8001fe2:	e7d6      	b.n	8001f92 <_free_r+0x22>
 8001fe4:	6820      	ldr	r0, [r4, #0]
 8001fe6:	1821      	adds	r1, r4, r0
 8001fe8:	428b      	cmp	r3, r1
 8001fea:	bf01      	itttt	eq
 8001fec:	6819      	ldreq	r1, [r3, #0]
 8001fee:	685b      	ldreq	r3, [r3, #4]
 8001ff0:	1809      	addeq	r1, r1, r0
 8001ff2:	6021      	streq	r1, [r4, #0]
 8001ff4:	6063      	str	r3, [r4, #4]
 8001ff6:	6054      	str	r4, [r2, #4]
 8001ff8:	e7cb      	b.n	8001f92 <_free_r+0x22>
 8001ffa:	bd38      	pop	{r3, r4, r5, pc}
 8001ffc:	200002bc 	.word	0x200002bc

08002000 <sbrk_aligned>:
 8002000:	b570      	push	{r4, r5, r6, lr}
 8002002:	4e0f      	ldr	r6, [pc, #60]	@ (8002040 <sbrk_aligned+0x40>)
 8002004:	460c      	mov	r4, r1
 8002006:	6831      	ldr	r1, [r6, #0]
 8002008:	4605      	mov	r5, r0
 800200a:	b911      	cbnz	r1, 8002012 <sbrk_aligned+0x12>
 800200c:	f000 fbae 	bl	800276c <_sbrk_r>
 8002010:	6030      	str	r0, [r6, #0]
 8002012:	4621      	mov	r1, r4
 8002014:	4628      	mov	r0, r5
 8002016:	f000 fba9 	bl	800276c <_sbrk_r>
 800201a:	1c43      	adds	r3, r0, #1
 800201c:	d103      	bne.n	8002026 <sbrk_aligned+0x26>
 800201e:	f04f 34ff 	mov.w	r4, #4294967295	@ 0xffffffff
 8002022:	4620      	mov	r0, r4
 8002024:	bd70      	pop	{r4, r5, r6, pc}
 8002026:	1cc4      	adds	r4, r0, #3
 8002028:	f024 0403 	bic.w	r4, r4, #3
 800202c:	42a0      	cmp	r0, r4
 800202e:	d0f8      	beq.n	8002022 <sbrk_aligned+0x22>
 8002030:	1a21      	subs	r1, r4, r0
 8002032:	4628      	mov	r0, r5
 8002034:	f000 fb9a 	bl	800276c <_sbrk_r>
 8002038:	3001      	adds	r0, #1
 800203a:	d1f2      	bne.n	8002022 <sbrk_aligned+0x22>
 800203c:	e7ef      	b.n	800201e <sbrk_aligned+0x1e>
 800203e:	bf00      	nop
 8002040:	200002b8 	.word	0x200002b8

08002044 <_malloc_r>:
 8002044:	e92d 43f8 	stmdb	sp!, {r3, r4, r5, r6, r7, r8, r9, lr}
 8002048:	1ccd      	adds	r5, r1, #3
 800204a:	f025 0503 	bic.w	r5, r5, #3
 800204e:	3508      	adds	r5, #8
 8002050:	2d0c      	cmp	r5, #12
 8002052:	bf38      	it	cc
 8002054:	250c      	movcc	r5, #12
 8002056:	2d00      	cmp	r5, #0
 8002058:	4606      	mov	r6, r0
 800205a:	db01      	blt.n	8002060 <_malloc_r+0x1c>
 800205c:	42a9      	cmp	r1, r5
 800205e:	d904      	bls.n	800206a <_malloc_r+0x26>
 8002060:	230c      	movs	r3, #12
 8002062:	6033      	str	r3, [r6, #0]
 8002064:	2000      	movs	r0, #0
 8002066:	e8bd 83f8 	ldmia.w	sp!, {r3, r4, r5, r6, r7, r8, r9, pc}
 800206a:	f8df 80d4 	ldr.w	r8, [pc, #212]	@ 8002140 <_malloc_r+0xfc>
 800206e:	f000 f869 	bl	8002144 <__malloc_lock>
 8002072:	f8d8 3000 	ldr.w	r3, [r8]
 8002076:	461c      	mov	r4, r3
 8002078:	bb44      	cbnz	r4, 80020cc <_malloc_r+0x88>
 800207a:	4629      	mov	r1, r5
 800207c:	4630      	mov	r0, r6
 800207e:	f7ff ffbf 	bl	8002000 <sbrk_aligned>
 8002082:	1c43      	adds	r3, r0, #1
 8002084:	4604      	mov	r4, r0
 8002086:	d158      	bne.n	800213a <_malloc_r+0xf6>
 8002088:	f8d8 4000 	ldr.w	r4, [r8]
 800208c:	4627      	mov	r7, r4
 800208e:	2f00      	cmp	r7, #0
 8002090:	d143      	bne.n	800211a <_malloc_r+0xd6>
 8002092:	2c00      	cmp	r4, #0
 8002094:	d04b      	beq.n	800212e <_malloc_r+0xea>
 8002096:	6823      	ldr	r3, [r4, #0]
 8002098:	4639      	mov	r1, r7
 800209a:	4630      	mov	r0, r6
 800209c:	eb04 0903 	add.w	r9, r4, r3
 80020a0:	f000 fb64 	bl	800276c <_sbrk_r>
 80020a4:	4581      	cmp	r9, r0
 80020a6:	d142      	bne.n	800212e <_malloc_r+0xea>
 80020a8:	6821      	ldr	r1, [r4, #0]
 80020aa:	4630      	mov	r0, r6
 80020ac:	1a6d      	subs	r5, r5, r1
 80020ae:	4629      	mov	r1, r5
 80020b0:	f7ff ffa6 	bl	8002000 <sbrk_aligned>
 80020b4:	3001      	adds	r0, #1
 80020b6:	d03a      	beq.n	800212e <_malloc_r+0xea>
 80020b8:	6823      	ldr	r3, [r4, #0]
 80020ba:	442b      	add	r3, r5
 80020bc:	6023      	str	r3, [r4, #0]
 80020be:	f8d8 3000 	ldr.w	r3, [r8]
 80020c2:	685a      	ldr	r2, [r3, #4]
 80020c4:	bb62      	cbnz	r2, 8002120 <_malloc_r+0xdc>
 80020c6:	f8c8 7000 	str.w	r7, [r8]
 80020ca:	e00f      	b.n	80020ec <_malloc_r+0xa8>
 80020cc:	6822      	ldr	r2, [r4, #0]
 80020ce:	1b52      	subs	r2, r2, r5
 80020d0:	d420      	bmi.n	8002114 <_malloc_r+0xd0>
 80020d2:	2a0b      	cmp	r2, #11
 80020d4:	d917      	bls.n	8002106 <_malloc_r+0xc2>
 80020d6:	1961      	adds	r1, r4, r5
 80020d8:	42a3      	cmp	r3, r4
 80020da:	6025      	str	r5, [r4, #0]
 80020dc:	bf18      	it	ne
 80020de:	6059      	strne	r1, [r3, #4]
 80020e0:	6863      	ldr	r3, [r4, #4]
 80020e2:	bf08      	it	eq
 80020e4:	f8c8 1000 	streq.w	r1, [r8]
 80020e8:	5162      	str	r2, [r4, r5]
 80020ea:	604b      	str	r3, [r1, #4]
 80020ec:	4630      	mov	r0, r6
 80020ee:	f000 f82f 	bl	8002150 <__malloc_unlock>
 80020f2:	f104 000b 	add.w	r0, r4, #11
 80020f6:	1d23      	adds	r3, r4, #4
 80020f8:	f020 0007 	bic.w	r0, r0, #7
 80020fc:	1ac2      	subs	r2, r0, r3
 80020fe:	bf1c      	itt	ne
 8002100:	1a1b      	subne	r3, r3, r0
 8002102:	50a3      	strne	r3, [r4, r2]
 8002104:	e7af      	b.n	8002066 <_malloc_r+0x22>
 8002106:	6862      	ldr	r2, [r4, #4]
 8002108:	42a3      	cmp	r3, r4
 800210a:	bf0c      	ite	eq
 800210c:	f8c8 2000 	streq.w	r2, [r8]
 8002110:	605a      	strne	r2, [r3, #4]
 8002112:	e7eb      	b.n	80020ec <_malloc_r+0xa8>
 8002114:	4623      	mov	r3, r4
 8002116:	6864      	ldr	r4, [r4, #4]
 8002118:	e7ae      	b.n	8002078 <_malloc_r+0x34>
 800211a:	463c      	mov	r4, r7
 800211c:	687f      	ldr	r7, [r7, #4]
 800211e:	e7b6      	b.n	800208e <_malloc_r+0x4a>
 8002120:	461a      	mov	r2, r3
 8002122:	685b      	ldr	r3, [r3, #4]
 8002124:	42a3      	cmp	r3, r4
 8002126:	d1fb      	bne.n	8002120 <_malloc_r+0xdc>
 8002128:	2300      	movs	r3, #0
 800212a:	6053      	str	r3, [r2, #4]
 800212c:	e7de      	b.n	80020ec <_malloc_r+0xa8>
 800212e:	230c      	movs	r3, #12
 8002130:	4630      	mov	r0, r6
 8002132:	6033      	str	r3, [r6, #0]
 8002134:	f000 f80c 	bl	8002150 <__malloc_unlock>
 8002138:	e794      	b.n	8002064 <_malloc_r+0x20>
 800213a:	6005      	str	r5, [r0, #0]
 800213c:	e7d6      	b.n	80020ec <_malloc_r+0xa8>
 800213e:	bf00      	nop
 8002140:	200002bc 	.word	0x200002bc

08002144 <__malloc_lock>:
 8002144:	4801      	ldr	r0, [pc, #4]	@ (800214c <__malloc_lock+0x8>)
 8002146:	f7ff bf11 	b.w	8001f6c <__retarget_lock_acquire_recursive>
 800214a:	bf00      	nop
 800214c:	200002b4 	.word	0x200002b4

08002150 <__malloc_unlock>:
 8002150:	4801      	ldr	r0, [pc, #4]	@ (8002158 <__malloc_unlock+0x8>)
 8002152:	f7ff bf0c 	b.w	8001f6e <__retarget_lock_release_recursive>
 8002156:	bf00      	nop
 8002158:	200002b4 	.word	0x200002b4

0800215c <__ssputs_r>:
 800215c:	e92d 47f0 	stmdb	sp!, {r4, r5, r6, r7, r8, r9, sl, lr}
 8002160:	461f      	mov	r7, r3
 8002162:	688e      	ldr	r6, [r1, #8]
 8002164:	4682      	mov	sl, r0
 8002166:	42be      	cmp	r6, r7
 8002168:	460c      	mov	r4, r1
 800216a:	4690      	mov	r8, r2
 800216c:	4633      	mov	r3, r6
 800216e:	d853      	bhi.n	8002218 <__ssputs_r+0xbc>
 8002170:	f9b1 000c 	ldrsh.w	r0, [r1, #12]
 8002174:	f410 6f90 	tst.w	r0, #1152	@ 0x480
 8002178:	d02b      	beq.n	80021d2 <__ssputs_r+0x76>
 800217a:	6965      	ldr	r5, [r4, #20]
 800217c:	6823      	ldr	r3, [r4, #0]
 800217e:	6909      	ldr	r1, [r1, #16]
 8002180:	eb05 0545 	add.w	r5, r5, r5, lsl #1
 8002184:	eba3 0901 	sub.w	r9, r3, r1
 8002188:	eb05 75d5 	add.w	r5, r5, r5, lsr #31
 800218c:	1c7b      	adds	r3, r7, #1
 800218e:	106d      	asrs	r5, r5, #1
 8002190:	444b      	add	r3, r9
 8002192:	42ab      	cmp	r3, r5
 8002194:	462a      	mov	r2, r5
 8002196:	bf84      	itt	hi
 8002198:	461d      	movhi	r5, r3
 800219a:	462a      	movhi	r2, r5
 800219c:	0543      	lsls	r3, r0, #21
 800219e:	d527      	bpl.n	80021f0 <__ssputs_r+0x94>
 80021a0:	4611      	mov	r1, r2
 80021a2:	4650      	mov	r0, sl
 80021a4:	f7ff ff4e 	bl	8002044 <_malloc_r>
 80021a8:	4606      	mov	r6, r0
 80021aa:	b358      	cbz	r0, 8002204 <__ssputs_r+0xa8>
 80021ac:	464a      	mov	r2, r9
 80021ae:	6921      	ldr	r1, [r4, #16]
 80021b0:	f000 fafa 	bl	80027a8 <memcpy>
 80021b4:	89a3      	ldrh	r3, [r4, #12]
 80021b6:	f423 6390 	bic.w	r3, r3, #1152	@ 0x480
 80021ba:	f043 0380 	orr.w	r3, r3, #128	@ 0x80
 80021be:	81a3      	strh	r3, [r4, #12]
 80021c0:	6126      	str	r6, [r4, #16]
 80021c2:	444e      	add	r6, r9
 80021c4:	6026      	str	r6, [r4, #0]
 80021c6:	463b      	mov	r3, r7
 80021c8:	463e      	mov	r6, r7
 80021ca:	6165      	str	r5, [r4, #20]
 80021cc:	eba5 0509 	sub.w	r5, r5, r9
 80021d0:	60a5      	str	r5, [r4, #8]
 80021d2:	461f      	mov	r7, r3
 80021d4:	463a      	mov	r2, r7
 80021d6:	4641      	mov	r1, r8
 80021d8:	6820      	ldr	r0, [r4, #0]
 80021da:	f000 faad 	bl	8002738 <memmove>
 80021de:	2000      	movs	r0, #0
 80021e0:	68a3      	ldr	r3, [r4, #8]
 80021e2:	1b9b      	subs	r3, r3, r6
 80021e4:	60a3      	str	r3, [r4, #8]
 80021e6:	6823      	ldr	r3, [r4, #0]
 80021e8:	443b      	add	r3, r7
 80021ea:	6023      	str	r3, [r4, #0]
 80021ec:	e8bd 87f0 	ldmia.w	sp!, {r4, r5, r6, r7, r8, r9, sl, pc}
 80021f0:	4650      	mov	r0, sl
 80021f2:	f000 fae7 	bl	80027c4 <_realloc_r>
 80021f6:	4606      	mov	r6, r0
 80021f8:	2800      	cmp	r0, #0
 80021fa:	d1e1      	bne.n	80021c0 <__ssputs_r+0x64>
 80021fc:	4650      	mov	r0, sl
 80021fe:	6921      	ldr	r1, [r4, #16]
 8002200:	f7ff feb6 	bl	8001f70 <_free_r>
 8002204:	230c      	movs	r3, #12
 8002206:	f8ca 3000 	str.w	r3, [sl]
 800220a:	89a3      	ldrh	r3, [r4, #12]
 800220c:	f04f 30ff 	mov.w	r0, #4294967295	@ 0xffffffff
 8002210:	f043 0340 	orr.w	r3, r3, #64	@ 0x40
 8002214:	81a3      	strh	r3, [r4, #12]
 8002216:	e7e9      	b.n	80021ec <__ssputs_r+0x90>
 8002218:	463e      	mov	r6, r7
 800221a:	e7db      	b.n	80021d4 <__ssputs_r+0x78>

0800221c <_svfiprintf_r>:
 800221c:	e92d 4ff0 	stmdb	sp!, {r4, r5, r6, r7, r8, r9, sl, fp, lr}
 8002220:	4698      	mov	r8, r3
 8002222:	898b      	ldrh	r3, [r1, #12]
 8002224:	4607      	mov	r7, r0
 8002226:	061b      	lsls	r3, r3, #24
 8002228:	460d      	mov	r5, r1
 800222a:	4614      	mov	r4, r2
 800222c:	b09d      	sub	sp, #116	@ 0x74
 800222e:	d510      	bpl.n	8002252 <_svfiprintf_r+0x36>
 8002230:	690b      	ldr	r3, [r1, #16]
 8002232:	b973      	cbnz	r3, 8002252 <_svfiprintf_r+0x36>
 8002234:	2140      	movs	r1, #64	@ 0x40
 8002236:	f7ff ff05 	bl	8002044 <_malloc_r>
 800223a:	6028      	str	r0, [r5, #0]
 800223c:	6128      	str	r0, [r5, #16]
 800223e:	b930      	cbnz	r0, 800224e <_svfiprintf_r+0x32>
 8002240:	230c      	movs	r3, #12
 8002242:	603b      	str	r3, [r7, #0]
 8002244:	f04f 30ff 	mov.w	r0, #4294967295	@ 0xffffffff
 8002248:	b01d      	add	sp, #116	@ 0x74
 800224a:	e8bd 8ff0 	ldmia.w	sp!, {r4, r5, r6, r7, r8, r9, sl, fp, pc}
 800224e:	2340      	movs	r3, #64	@ 0x40
 8002250:	616b      	str	r3, [r5, #20]
 8002252:	2300      	movs	r3, #0
 8002254:	9309      	str	r3, [sp, #36]	@ 0x24
 8002256:	2320      	movs	r3, #32
 8002258:	f88d 3029 	strb.w	r3, [sp, #41]	@ 0x29
 800225c:	2330      	movs	r3, #48	@ 0x30
 800225e:	f04f 0901 	mov.w	r9, #1
 8002262:	f8cd 800c 	str.w	r8, [sp, #12]
 8002266:	f8df 8198 	ldr.w	r8, [pc, #408]	@ 8002400 <_svfiprintf_r+0x1e4>
 800226a:	f88d 302a 	strb.w	r3, [sp, #42]	@ 0x2a
 800226e:	4623      	mov	r3, r4
 8002270:	469a      	mov	sl, r3
 8002272:	f813 2b01 	ldrb.w	r2, [r3], #1
 8002276:	b10a      	cbz	r2, 800227c <_svfiprintf_r+0x60>
 8002278:	2a25      	cmp	r2, #37	@ 0x25
 800227a:	d1f9      	bne.n	8002270 <_svfiprintf_r+0x54>
 800227c:	ebba 0b04 	subs.w	fp, sl, r4
 8002280:	d00b      	beq.n	800229a <_svfiprintf_r+0x7e>
 8002282:	465b      	mov	r3, fp
 8002284:	4622      	mov	r2, r4
 8002286:	4629      	mov	r1, r5
 8002288:	4638      	mov	r0, r7
 800228a:	f7ff ff67 	bl	800215c <__ssputs_r>
 800228e:	3001      	adds	r0, #1
 8002290:	f000 80a7 	beq.w	80023e2 <_svfiprintf_r+0x1c6>
 8002294:	9a09      	ldr	r2, [sp, #36]	@ 0x24
 8002296:	445a      	add	r2, fp
 8002298:	9209      	str	r2, [sp, #36]	@ 0x24
 800229a:	f89a 3000 	ldrb.w	r3, [sl]
 800229e:	2b00      	cmp	r3, #0
 80022a0:	f000 809f 	beq.w	80023e2 <_svfiprintf_r+0x1c6>
 80022a4:	2300      	movs	r3, #0
 80022a6:	f04f 32ff 	mov.w	r2, #4294967295	@ 0xffffffff
 80022aa:	e9cd 2305 	strd	r2, r3, [sp, #20]
 80022ae:	f10a 0a01 	add.w	sl, sl, #1
 80022b2:	9304      	str	r3, [sp, #16]
 80022b4:	9307      	str	r3, [sp, #28]
 80022b6:	f88d 3053 	strb.w	r3, [sp, #83]	@ 0x53
 80022ba:	931a      	str	r3, [sp, #104]	@ 0x68
 80022bc:	4654      	mov	r4, sl
 80022be:	2205      	movs	r2, #5
 80022c0:	f814 1b01 	ldrb.w	r1, [r4], #1
 80022c4:	484e      	ldr	r0, [pc, #312]	@ (8002400 <_svfiprintf_r+0x1e4>)
 80022c6:	f000 fa61 	bl	800278c <memchr>
 80022ca:	9a04      	ldr	r2, [sp, #16]
 80022cc:	b9d8      	cbnz	r0, 8002306 <_svfiprintf_r+0xea>
 80022ce:	06d0      	lsls	r0, r2, #27
 80022d0:	bf44      	itt	mi
 80022d2:	2320      	movmi	r3, #32
 80022d4:	f88d 3053 	strbmi.w	r3, [sp, #83]	@ 0x53
 80022d8:	0711      	lsls	r1, r2, #28
 80022da:	bf44      	itt	mi
 80022dc:	232b      	movmi	r3, #43	@ 0x2b
 80022de:	f88d 3053 	strbmi.w	r3, [sp, #83]	@ 0x53
 80022e2:	f89a 3000 	ldrb.w	r3, [sl]
 80022e6:	2b2a      	cmp	r3, #42	@ 0x2a
 80022e8:	d015      	beq.n	8002316 <_svfiprintf_r+0xfa>
 80022ea:	4654      	mov	r4, sl
 80022ec:	2000      	movs	r0, #0
 80022ee:	f04f 0c0a 	mov.w	ip, #10
 80022f2:	9a07      	ldr	r2, [sp, #28]
 80022f4:	4621      	mov	r1, r4
 80022f6:	f811 3b01 	ldrb.w	r3, [r1], #1
 80022fa:	3b30      	subs	r3, #48	@ 0x30
 80022fc:	2b09      	cmp	r3, #9
 80022fe:	d94b      	bls.n	8002398 <_svfiprintf_r+0x17c>
 8002300:	b1b0      	cbz	r0, 8002330 <_svfiprintf_r+0x114>
 8002302:	9207      	str	r2, [sp, #28]
 8002304:	e014      	b.n	8002330 <_svfiprintf_r+0x114>
 8002306:	eba0 0308 	sub.w	r3, r0, r8
 800230a:	fa09 f303 	lsl.w	r3, r9, r3
 800230e:	4313      	orrs	r3, r2
 8002310:	46a2      	mov	sl, r4
 8002312:	9304      	str	r3, [sp, #16]
 8002314:	e7d2      	b.n	80022bc <_svfiprintf_r+0xa0>
 8002316:	9b03      	ldr	r3, [sp, #12]
 8002318:	1d19      	adds	r1, r3, #4
 800231a:	681b      	ldr	r3, [r3, #0]
 800231c:	9103      	str	r1, [sp, #12]
 800231e:	2b00      	cmp	r3, #0
 8002320:	bfbb      	ittet	lt
 8002322:	425b      	neglt	r3, r3
 8002324:	f042 0202 	orrlt.w	r2, r2, #2
 8002328:	9307      	strge	r3, [sp, #28]
 800232a:	9307      	strlt	r3, [sp, #28]
 800232c:	bfb8      	it	lt
 800232e:	9204      	strlt	r2, [sp, #16]
 8002330:	7823      	ldrb	r3, [r4, #0]
 8002332:	2b2e      	cmp	r3, #46	@ 0x2e
 8002334:	d10a      	bne.n	800234c <_svfiprintf_r+0x130>
 8002336:	7863      	ldrb	r3, [r4, #1]
 8002338:	2b2a      	cmp	r3, #42	@ 0x2a
 800233a:	d132      	bne.n	80023a2 <_svfiprintf_r+0x186>
 800233c:	9b03      	ldr	r3, [sp, #12]
 800233e:	3402      	adds	r4, #2
 8002340:	1d1a      	adds	r2, r3, #4
 8002342:	681b      	ldr	r3, [r3, #0]
 8002344:	9203      	str	r2, [sp, #12]
 8002346:	ea43 73e3 	orr.w	r3, r3, r3, asr #31
 800234a:	9305      	str	r3, [sp, #20]
 800234c:	f8df a0b4 	ldr.w	sl, [pc, #180]	@ 8002404 <_svfiprintf_r+0x1e8>
 8002350:	2203      	movs	r2, #3
 8002352:	4650      	mov	r0, sl
 8002354:	7821      	ldrb	r1, [r4, #0]
 8002356:	f000 fa19 	bl	800278c <memchr>
 800235a:	b138      	cbz	r0, 800236c <_svfiprintf_r+0x150>
 800235c:	2240      	movs	r2, #64	@ 0x40
 800235e:	9b04      	ldr	r3, [sp, #16]
 8002360:	eba0 000a 	sub.w	r0, r0, sl
 8002364:	4082      	lsls	r2, r0
 8002366:	4313      	orrs	r3, r2
 8002368:	3401      	adds	r4, #1
 800236a:	9304      	str	r3, [sp, #16]
 800236c:	f814 1b01 	ldrb.w	r1, [r4], #1
 8002370:	2206      	movs	r2, #6
 8002372:	4825      	ldr	r0, [pc, #148]	@ (8002408 <_svfiprintf_r+0x1ec>)
 8002374:	f88d 1028 	strb.w	r1, [sp, #40]	@ 0x28
 8002378:	f000 fa08 	bl	800278c <memchr>
 800237c:	2800      	cmp	r0, #0
 800237e:	d036      	beq.n	80023ee <_svfiprintf_r+0x1d2>
 8002380:	4b22      	ldr	r3, [pc, #136]	@ (800240c <_svfiprintf_r+0x1f0>)
 8002382:	bb1b      	cbnz	r3, 80023cc <_svfiprintf_r+0x1b0>
 8002384:	9b03      	ldr	r3, [sp, #12]
 8002386:	3307      	adds	r3, #7
 8002388:	f023 0307 	bic.w	r3, r3, #7
 800238c:	3308      	adds	r3, #8
 800238e:	9303      	str	r3, [sp, #12]
 8002390:	9b09      	ldr	r3, [sp, #36]	@ 0x24
 8002392:	4433      	add	r3, r6
 8002394:	9309      	str	r3, [sp, #36]	@ 0x24
 8002396:	e76a      	b.n	800226e <_svfiprintf_r+0x52>
 8002398:	460c      	mov	r4, r1
 800239a:	2001      	movs	r0, #1
 800239c:	fb0c 3202 	mla	r2, ip, r2, r3
 80023a0:	e7a8      	b.n	80022f4 <_svfiprintf_r+0xd8>
 80023a2:	2300      	movs	r3, #0
 80023a4:	f04f 0c0a 	mov.w	ip, #10
 80023a8:	4619      	mov	r1, r3
 80023aa:	3401      	adds	r4, #1
 80023ac:	9305      	str	r3, [sp, #20]
 80023ae:	4620      	mov	r0, r4
 80023b0:	f810 2b01 	ldrb.w	r2, [r0], #1
 80023b4:	3a30      	subs	r2, #48	@ 0x30
 80023b6:	2a09      	cmp	r2, #9
 80023b8:	d903      	bls.n	80023c2 <_svfiprintf_r+0x1a6>
 80023ba:	2b00      	cmp	r3, #0
 80023bc:	d0c6      	beq.n	800234c <_svfiprintf_r+0x130>
 80023be:	9105      	str	r1, [sp, #20]
 80023c0:	e7c4      	b.n	800234c <_svfiprintf_r+0x130>
 80023c2:	4604      	mov	r4, r0
 80023c4:	2301      	movs	r3, #1
 80023c6:	fb0c 2101 	mla	r1, ip, r1, r2
 80023ca:	e7f0      	b.n	80023ae <_svfiprintf_r+0x192>
 80023cc:	ab03      	add	r3, sp, #12
 80023ce:	9300      	str	r3, [sp, #0]
 80023d0:	462a      	mov	r2, r5
 80023d2:	4638      	mov	r0, r7
 80023d4:	4b0e      	ldr	r3, [pc, #56]	@ (8002410 <_svfiprintf_r+0x1f4>)
 80023d6:	a904      	add	r1, sp, #16
 80023d8:	f3af 8000 	nop.w
 80023dc:	1c42      	adds	r2, r0, #1
 80023de:	4606      	mov	r6, r0
 80023e0:	d1d6      	bne.n	8002390 <_svfiprintf_r+0x174>
 80023e2:	89ab      	ldrh	r3, [r5, #12]
 80023e4:	065b      	lsls	r3, r3, #25
 80023e6:	f53f af2d 	bmi.w	8002244 <_svfiprintf_r+0x28>
 80023ea:	9809      	ldr	r0, [sp, #36]	@ 0x24
 80023ec:	e72c      	b.n	8002248 <_svfiprintf_r+0x2c>
 80023ee:	ab03      	add	r3, sp, #12
 80023f0:	9300      	str	r3, [sp, #0]
 80023f2:	462a      	mov	r2, r5
 80023f4:	4638      	mov	r0, r7
 80023f6:	4b06      	ldr	r3, [pc, #24]	@ (8002410 <_svfiprintf_r+0x1f4>)
 80023f8:	a904      	add	r1, sp, #16
 80023fa:	f000 f87d 	bl	80024f8 <_printf_i>
 80023fe:	e7ed      	b.n	80023dc <_svfiprintf_r+0x1c0>
 8002400:	08002890 	.word	0x08002890
 8002404:	08002896 	.word	0x08002896
 8002408:	0800289a 	.word	0x0800289a
 800240c:	00000000 	.word	0x00000000
 8002410:	0800215d 	.word	0x0800215d

08002414 <_printf_common>:
 8002414:	e92d 47f0 	stmdb	sp!, {r4, r5, r6, r7, r8, r9, sl, lr}
 8002418:	4616      	mov	r6, r2
 800241a:	4698      	mov	r8, r3
 800241c:	688a      	ldr	r2, [r1, #8]
 800241e:	690b      	ldr	r3, [r1, #16]
 8002420:	4607      	mov	r7, r0
 8002422:	4293      	cmp	r3, r2
 8002424:	bfb8      	it	lt
 8002426:	4613      	movlt	r3, r2
 8002428:	6033      	str	r3, [r6, #0]
 800242a:	f891 2043 	ldrb.w	r2, [r1, #67]	@ 0x43
 800242e:	460c      	mov	r4, r1
 8002430:	f8dd 9020 	ldr.w	r9, [sp, #32]
 8002434:	b10a      	cbz	r2, 800243a <_printf_common+0x26>
 8002436:	3301      	adds	r3, #1
 8002438:	6033      	str	r3, [r6, #0]
 800243a:	6823      	ldr	r3, [r4, #0]
 800243c:	0699      	lsls	r1, r3, #26
 800243e:	bf42      	ittt	mi
 8002440:	6833      	ldrmi	r3, [r6, #0]
 8002442:	3302      	addmi	r3, #2
 8002444:	6033      	strmi	r3, [r6, #0]
 8002446:	6825      	ldr	r5, [r4, #0]
 8002448:	f015 0506 	ands.w	r5, r5, #6
 800244c:	d106      	bne.n	800245c <_printf_common+0x48>
 800244e:	f104 0a19 	add.w	sl, r4, #25
 8002452:	68e3      	ldr	r3, [r4, #12]
 8002454:	6832      	ldr	r2, [r6, #0]
 8002456:	1a9b      	subs	r3, r3, r2
 8002458:	42ab      	cmp	r3, r5
 800245a:	dc2b      	bgt.n	80024b4 <_printf_common+0xa0>
 800245c:	f894 3043 	ldrb.w	r3, [r4, #67]	@ 0x43
 8002460:	6822      	ldr	r2, [r4, #0]
 8002462:	3b00      	subs	r3, #0
 8002464:	bf18      	it	ne
 8002466:	2301      	movne	r3, #1
 8002468:	0692      	lsls	r2, r2, #26
 800246a:	d430      	bmi.n	80024ce <_printf_common+0xba>
 800246c:	4641      	mov	r1, r8
 800246e:	4638      	mov	r0, r7
 8002470:	f104 0243 	add.w	r2, r4, #67	@ 0x43
 8002474:	47c8      	blx	r9
 8002476:	3001      	adds	r0, #1
 8002478:	d023      	beq.n	80024c2 <_printf_common+0xae>
 800247a:	6823      	ldr	r3, [r4, #0]
 800247c:	6922      	ldr	r2, [r4, #16]
 800247e:	f003 0306 	and.w	r3, r3, #6
 8002482:	2b04      	cmp	r3, #4
 8002484:	bf14      	ite	ne
 8002486:	2500      	movne	r5, #0
 8002488:	6833      	ldreq	r3, [r6, #0]
 800248a:	f04f 0600 	mov.w	r6, #0
 800248e:	bf08      	it	eq
 8002490:	68e5      	ldreq	r5, [r4, #12]
 8002492:	f104 041a 	add.w	r4, r4, #26
 8002496:	bf08      	it	eq
 8002498:	1aed      	subeq	r5, r5, r3
 800249a:	f854 3c12 	ldr.w	r3, [r4, #-18]
 800249e:	bf08      	it	eq
 80024a0:	ea25 75e5 	biceq.w	r5, r5, r5, asr #31
 80024a4:	4293      	cmp	r3, r2
 80024a6:	bfc4      	itt	gt
 80024a8:	1a9b      	subgt	r3, r3, r2
 80024aa:	18ed      	addgt	r5, r5, r3
 80024ac:	42b5      	cmp	r5, r6
 80024ae:	d11a      	bne.n	80024e6 <_printf_common+0xd2>
 80024b0:	2000      	movs	r0, #0
 80024b2:	e008      	b.n	80024c6 <_printf_common+0xb2>
 80024b4:	2301      	movs	r3, #1
 80024b6:	4652      	mov	r2, sl
 80024b8:	4641      	mov	r1, r8
 80024ba:	4638      	mov	r0, r7
 80024bc:	47c8      	blx	r9
 80024be:	3001      	adds	r0, #1
 80024c0:	d103      	bne.n	80024ca <_printf_common+0xb6>
 80024c2:	f04f 30ff 	mov.w	r0, #4294967295	@ 0xffffffff
 80024c6:	e8bd 87f0 	ldmia.w	sp!, {r4, r5, r6, r7, r8, r9, sl, pc}
 80024ca:	3501      	adds	r5, #1
 80024cc:	e7c1      	b.n	8002452 <_printf_common+0x3e>
 80024ce:	2030      	movs	r0, #48	@ 0x30
 80024d0:	18e1      	adds	r1, r4, r3
 80024d2:	f881 0043 	strb.w	r0, [r1, #67]	@ 0x43
 80024d6:	1c5a      	adds	r2, r3, #1
 80024d8:	f894 1045 	ldrb.w	r1, [r4, #69]	@ 0x45
 80024dc:	4422      	add	r2, r4
 80024de:	3302      	adds	r3, #2
 80024e0:	f882 1043 	strb.w	r1, [r2, #67]	@ 0x43
 80024e4:	e7c2      	b.n	800246c <_printf_common+0x58>
 80024e6:	2301      	movs	r3, #1
 80024e8:	4622      	mov	r2, r4
 80024ea:	4641      	mov	r1, r8
 80024ec:	4638      	mov	r0, r7
 80024ee:	47c8      	blx	r9
 80024f0:	3001      	adds	r0, #1
 80024f2:	d0e6      	beq.n	80024c2 <_printf_common+0xae>
 80024f4:	3601      	adds	r6, #1
 80024f6:	e7d9      	b.n	80024ac <_printf_common+0x98>

080024f8 <_printf_i>:
 80024f8:	e92d 47ff 	stmdb	sp!, {r0, r1, r2, r3, r4, r5, r6, r7, r8, r9, sl, lr}
 80024fc:	7e0f      	ldrb	r7, [r1, #24]
 80024fe:	4691      	mov	r9, r2
 8002500:	2f78      	cmp	r7, #120	@ 0x78
 8002502:	4680      	mov	r8, r0
 8002504:	460c      	mov	r4, r1
 8002506:	469a      	mov	sl, r3
 8002508:	9e0c      	ldr	r6, [sp, #48]	@ 0x30
 800250a:	f101 0243 	add.w	r2, r1, #67	@ 0x43
 800250e:	d807      	bhi.n	8002520 <_printf_i+0x28>
 8002510:	2f62      	cmp	r7, #98	@ 0x62
 8002512:	d80a      	bhi.n	800252a <_printf_i+0x32>
 8002514:	2f00      	cmp	r7, #0
 8002516:	f000 80d2 	beq.w	80026be <_printf_i+0x1c6>
 800251a:	2f58      	cmp	r7, #88	@ 0x58
 800251c:	f000 80b7 	beq.w	800268e <_printf_i+0x196>
 8002520:	f104 0642 	add.w	r6, r4, #66	@ 0x42
 8002524:	f884 7042 	strb.w	r7, [r4, #66]	@ 0x42
 8002528:	e03a      	b.n	80025a0 <_printf_i+0xa8>
 800252a:	f1a7 0363 	sub.w	r3, r7, #99	@ 0x63
 800252e:	2b15      	cmp	r3, #21
 8002530:	d8f6      	bhi.n	8002520 <_printf_i+0x28>
 8002532:	a101      	add	r1, pc, #4	@ (adr r1, 8002538 <_printf_i+0x40>)
 8002534:	f851 f023 	ldr.w	pc, [r1, r3, lsl #2]
 8002538:	08002591 	.word	0x08002591
 800253c:	080025a5 	.word	0x080025a5
 8002540:	08002521 	.word	0x08002521
 8002544:	08002521 	.word	0x08002521
 8002548:	08002521 	.word	0x08002521
 800254c:	08002521 	.word	0x08002521
 8002550:	080025a5 	.word	0x080025a5
 8002554:	08002521 	.word	0x08002521
 8002558:	08002521 	.word	0x08002521
 800255c:	08002521 	.word	0x08002521
 8002560:	08002521 	.word	0x08002521
 8002564:	080026a5 	.word	0x080026a5
 8002568:	080025cf 	.word	0x080025cf
 800256c:	0800265b 	.word	0x0800265b
 8002570:	08002521 	.word	0x08002521
 8002574:	08002521 	.word	0x08002521
 8002578:	080026c7 	.word	0x080026c7
 800257c:	08002521 	.word	0x08002521
 8002580:	080025cf 	.word	0x080025cf
 8002584:	08002521 	.word	0x08002521
 8002588:	08002521 	.word	0x08002521
 800258c:	08002663 	.word	0x08002663
 8002590:	6833      	ldr	r3, [r6, #0]
 8002592:	1d1a      	adds	r2, r3, #4
 8002594:	681b      	ldr	r3, [r3, #0]
 8002596:	6032      	str	r2, [r6, #0]
 8002598:	f104 0642 	add.w	r6, r4, #66	@ 0x42
 800259c:	f884 3042 	strb.w	r3, [r4, #66]	@ 0x42
 80025a0:	2301      	movs	r3, #1
 80025a2:	e09d      	b.n	80026e0 <_printf_i+0x1e8>
 80025a4:	6833      	ldr	r3, [r6, #0]
 80025a6:	6820      	ldr	r0, [r4, #0]
 80025a8:	1d19      	adds	r1, r3, #4
 80025aa:	6031      	str	r1, [r6, #0]
 80025ac:	0606      	lsls	r6, r0, #24
 80025ae:	d501      	bpl.n	80025b4 <_printf_i+0xbc>
 80025b0:	681d      	ldr	r5, [r3, #0]
 80025b2:	e003      	b.n	80025bc <_printf_i+0xc4>
 80025b4:	0645      	lsls	r5, r0, #25
 80025b6:	d5fb      	bpl.n	80025b0 <_printf_i+0xb8>
 80025b8:	f9b3 5000 	ldrsh.w	r5, [r3]
 80025bc:	2d00      	cmp	r5, #0
 80025be:	da03      	bge.n	80025c8 <_printf_i+0xd0>
 80025c0:	232d      	movs	r3, #45	@ 0x2d
 80025c2:	426d      	negs	r5, r5
 80025c4:	f884 3043 	strb.w	r3, [r4, #67]	@ 0x43
 80025c8:	230a      	movs	r3, #10
 80025ca:	4859      	ldr	r0, [pc, #356]	@ (8002730 <_printf_i+0x238>)
 80025cc:	e010      	b.n	80025f0 <_printf_i+0xf8>
 80025ce:	6821      	ldr	r1, [r4, #0]
 80025d0:	6833      	ldr	r3, [r6, #0]
 80025d2:	0608      	lsls	r0, r1, #24
 80025d4:	f853 5b04 	ldr.w	r5, [r3], #4
 80025d8:	d402      	bmi.n	80025e0 <_printf_i+0xe8>
 80025da:	0649      	lsls	r1, r1, #25
 80025dc:	bf48      	it	mi
 80025de:	b2ad      	uxthmi	r5, r5
 80025e0:	2f6f      	cmp	r7, #111	@ 0x6f
 80025e2:	4853      	ldr	r0, [pc, #332]	@ (8002730 <_printf_i+0x238>)
 80025e4:	6033      	str	r3, [r6, #0]
 80025e6:	d159      	bne.n	800269c <_printf_i+0x1a4>
 80025e8:	2308      	movs	r3, #8
 80025ea:	2100      	movs	r1, #0
 80025ec:	f884 1043 	strb.w	r1, [r4, #67]	@ 0x43
 80025f0:	6866      	ldr	r6, [r4, #4]
 80025f2:	2e00      	cmp	r6, #0
 80025f4:	60a6      	str	r6, [r4, #8]
 80025f6:	db05      	blt.n	8002604 <_printf_i+0x10c>
 80025f8:	6821      	ldr	r1, [r4, #0]
 80025fa:	432e      	orrs	r6, r5
 80025fc:	f021 0104 	bic.w	r1, r1, #4
 8002600:	6021      	str	r1, [r4, #0]
 8002602:	d04d      	beq.n	80026a0 <_printf_i+0x1a8>
 8002604:	4616      	mov	r6, r2
 8002606:	fbb5 f1f3 	udiv	r1, r5, r3
 800260a:	fb03 5711 	mls	r7, r3, r1, r5
 800260e:	5dc7      	ldrb	r7, [r0, r7]
 8002610:	f806 7d01 	strb.w	r7, [r6, #-1]!
 8002614:	462f      	mov	r7, r5
 8002616:	42bb      	cmp	r3, r7
 8002618:	460d      	mov	r5, r1
 800261a:	d9f4      	bls.n	8002606 <_printf_i+0x10e>
 800261c:	2b08      	cmp	r3, #8
 800261e:	d10b      	bne.n	8002638 <_printf_i+0x140>
 8002620:	6823      	ldr	r3, [r4, #0]
 8002622:	07df      	lsls	r7, r3, #31
 8002624:	d508      	bpl.n	8002638 <_printf_i+0x140>
 8002626:	6923      	ldr	r3, [r4, #16]
 8002628:	6861      	ldr	r1, [r4, #4]
 800262a:	4299      	cmp	r1, r3
 800262c:	bfde      	ittt	le
 800262e:	2330      	movle	r3, #48	@ 0x30
 8002630:	f806 3c01 	strble.w	r3, [r6, #-1]
 8002634:	f106 36ff 	addle.w	r6, r6, #4294967295	@ 0xffffffff
 8002638:	1b92      	subs	r2, r2, r6
 800263a:	6122      	str	r2, [r4, #16]
 800263c:	464b      	mov	r3, r9
 800263e:	4621      	mov	r1, r4
 8002640:	4640      	mov	r0, r8
 8002642:	f8cd a000 	str.w	sl, [sp]
 8002646:	aa03      	add	r2, sp, #12
 8002648:	f7ff fee4 	bl	8002414 <_printf_common>
 800264c:	3001      	adds	r0, #1
 800264e:	d14c      	bne.n	80026ea <_printf_i+0x1f2>
 8002650:	f04f 30ff 	mov.w	r0, #4294967295	@ 0xffffffff
 8002654:	b004      	add	sp, #16
 8002656:	e8bd 87f0 	ldmia.w	sp!, {r4, r5, r6, r7, r8, r9, sl, pc}
 800265a:	6823      	ldr	r3, [r4, #0]
 800265c:	f043 0320 	orr.w	r3, r3, #32
 8002660:	6023      	str	r3, [r4, #0]
 8002662:	2778      	movs	r7, #120	@ 0x78
 8002664:	4833      	ldr	r0, [pc, #204]	@ (8002734 <_printf_i+0x23c>)
 8002666:	f884 7045 	strb.w	r7, [r4, #69]	@ 0x45
 800266a:	6823      	ldr	r3, [r4, #0]
 800266c:	6831      	ldr	r1, [r6, #0]
 800266e:	061f      	lsls	r7, r3, #24
 8002670:	f851 5b04 	ldr.w	r5, [r1], #4
 8002674:	d402      	bmi.n	800267c <_printf_i+0x184>
 8002676:	065f      	lsls	r7, r3, #25
 8002678:	bf48      	it	mi
 800267a:	b2ad      	uxthmi	r5, r5
 800267c:	6031      	str	r1, [r6, #0]
 800267e:	07d9      	lsls	r1, r3, #31
 8002680:	bf44      	itt	mi
 8002682:	f043 0320 	orrmi.w	r3, r3, #32
 8002686:	6023      	strmi	r3, [r4, #0]
 8002688:	b11d      	cbz	r5, 8002692 <_printf_i+0x19a>
 800268a:	2310      	movs	r3, #16
 800268c:	e7ad      	b.n	80025ea <_printf_i+0xf2>
 800268e:	4828      	ldr	r0, [pc, #160]	@ (8002730 <_printf_i+0x238>)
 8002690:	e7e9      	b.n	8002666 <_printf_i+0x16e>
 8002692:	6823      	ldr	r3, [r4, #0]
 8002694:	f023 0320 	bic.w	r3, r3, #32
 8002698:	6023      	str	r3, [r4, #0]
 800269a:	e7f6      	b.n	800268a <_printf_i+0x192>
 800269c:	230a      	movs	r3, #10
 800269e:	e7a4      	b.n	80025ea <_printf_i+0xf2>
 80026a0:	4616      	mov	r6, r2
 80026a2:	e7bb      	b.n	800261c <_printf_i+0x124>
 80026a4:	6833      	ldr	r3, [r6, #0]
 80026a6:	6825      	ldr	r5, [r4, #0]
 80026a8:	1d18      	adds	r0, r3, #4
 80026aa:	6961      	ldr	r1, [r4, #20]
 80026ac:	6030      	str	r0, [r6, #0]
 80026ae:	062e      	lsls	r6, r5, #24
 80026b0:	681b      	ldr	r3, [r3, #0]
 80026b2:	d501      	bpl.n	80026b8 <_printf_i+0x1c0>
 80026b4:	6019      	str	r1, [r3, #0]
 80026b6:	e002      	b.n	80026be <_printf_i+0x1c6>
 80026b8:	0668      	lsls	r0, r5, #25
 80026ba:	d5fb      	bpl.n	80026b4 <_printf_i+0x1bc>
 80026bc:	8019      	strh	r1, [r3, #0]
 80026be:	2300      	movs	r3, #0
 80026c0:	4616      	mov	r6, r2
 80026c2:	6123      	str	r3, [r4, #16]
 80026c4:	e7ba      	b.n	800263c <_printf_i+0x144>
 80026c6:	6833      	ldr	r3, [r6, #0]
 80026c8:	2100      	movs	r1, #0
 80026ca:	1d1a      	adds	r2, r3, #4
 80026cc:	6032      	str	r2, [r6, #0]
 80026ce:	681e      	ldr	r6, [r3, #0]
 80026d0:	6862      	ldr	r2, [r4, #4]
 80026d2:	4630      	mov	r0, r6
 80026d4:	f000 f85a 	bl	800278c <memchr>
 80026d8:	b108      	cbz	r0, 80026de <_printf_i+0x1e6>
 80026da:	1b80      	subs	r0, r0, r6
 80026dc:	6060      	str	r0, [r4, #4]
 80026de:	6863      	ldr	r3, [r4, #4]
 80026e0:	6123      	str	r3, [r4, #16]
 80026e2:	2300      	movs	r3, #0
 80026e4:	f884 3043 	strb.w	r3, [r4, #67]	@ 0x43
 80026e8:	e7a8      	b.n	800263c <_printf_i+0x144>
 80026ea:	4632      	mov	r2, r6
 80026ec:	4649      	mov	r1, r9
 80026ee:	4640      	mov	r0, r8
 80026f0:	6923      	ldr	r3, [r4, #16]
 80026f2:	47d0      	blx	sl
 80026f4:	3001      	adds	r0, #1
 80026f6:	d0ab      	beq.n	8002650 <_printf_i+0x158>
 80026f8:	6823      	ldr	r3, [r4, #0]
 80026fa:	079b      	lsls	r3, r3, #30
 80026fc:	d413      	bmi.n	8002726 <_printf_i+0x22e>
 80026fe:	68e0      	ldr	r0, [r4, #12]
 8002700:	9b03      	ldr	r3, [sp, #12]
 8002702:	4298      	cmp	r0, r3
 8002704:	bfb8      	it	lt
 8002706:	4618      	movlt	r0, r3
 8002708:	e7a4      	b.n	8002654 <_printf_i+0x15c>
 800270a:	2301      	movs	r3, #1
 800270c:	4632      	mov	r2, r6
 800270e:	4649      	mov	r1, r9
 8002710:	4640      	mov	r0, r8
 8002712:	47d0      	blx	sl
 8002714:	3001      	adds	r0, #1
 8002716:	d09b      	beq.n	8002650 <_printf_i+0x158>
 8002718:	3501      	adds	r5, #1
 800271a:	68e3      	ldr	r3, [r4, #12]
 800271c:	9903      	ldr	r1, [sp, #12]
 800271e:	1a5b      	subs	r3, r3, r1
 8002720:	42ab      	cmp	r3, r5
 8002722:	dcf2      	bgt.n	800270a <_printf_i+0x212>
 8002724:	e7eb      	b.n	80026fe <_printf_i+0x206>
 8002726:	2500      	movs	r5, #0
 8002728:	f104 0619 	add.w	r6, r4, #25
 800272c:	e7f5      	b.n	800271a <_printf_i+0x222>
 800272e:	bf00      	nop
 8002730:	080028a1 	.word	0x080028a1
 8002734:	080028b2 	.word	0x080028b2

08002738 <memmove>:
 8002738:	4288      	cmp	r0, r1
 800273a:	b510      	push	{r4, lr}
 800273c:	eb01 0402 	add.w	r4, r1, r2
 8002740:	d902      	bls.n	8002748 <memmove+0x10>
 8002742:	4284      	cmp	r4, r0
 8002744:	4623      	mov	r3, r4
 8002746:	d807      	bhi.n	8002758 <memmove+0x20>
 8002748:	1e43      	subs	r3, r0, #1
 800274a:	42a1      	cmp	r1, r4
 800274c:	d007      	beq.n	800275e <memmove+0x26>
 800274e:	f811 2b01 	ldrb.w	r2, [r1], #1
 8002752:	f803 2f01 	strb.w	r2, [r3, #1]!
 8002756:	e7f8      	b.n	800274a <memmove+0x12>
 8002758:	4402      	add	r2, r0
 800275a:	4282      	cmp	r2, r0
 800275c:	d100      	bne.n	8002760 <memmove+0x28>
 800275e:	bd10      	pop	{r4, pc}
 8002760:	f813 1d01 	ldrb.w	r1, [r3, #-1]!
 8002764:	f802 1d01 	strb.w	r1, [r2, #-1]!
 8002768:	e7f7      	b.n	800275a <memmove+0x22>
	...

0800276c <_sbrk_r>:
 800276c:	b538      	push	{r3, r4, r5, lr}
 800276e:	2300      	movs	r3, #0
 8002770:	4d05      	ldr	r5, [pc, #20]	@ (8002788 <_sbrk_r+0x1c>)
 8002772:	4604      	mov	r4, r0
 8002774:	4608      	mov	r0, r1
 8002776:	602b      	str	r3, [r5, #0]
 8002778:	f7ff fb58 	bl	8001e2c <_sbrk>
 800277c:	1c43      	adds	r3, r0, #1
 800277e:	d102      	bne.n	8002786 <_sbrk_r+0x1a>
 8002780:	682b      	ldr	r3, [r5, #0]
 8002782:	b103      	cbz	r3, 8002786 <_sbrk_r+0x1a>
 8002784:	6023      	str	r3, [r4, #0]
 8002786:	bd38      	pop	{r3, r4, r5, pc}
 8002788:	200002b0 	.word	0x200002b0

0800278c <memchr>:
 800278c:	4603      	mov	r3, r0
 800278e:	b510      	push	{r4, lr}
 8002790:	b2c9      	uxtb	r1, r1
 8002792:	4402      	add	r2, r0
 8002794:	4293      	cmp	r3, r2
 8002796:	4618      	mov	r0, r3
 8002798:	d101      	bne.n	800279e <memchr+0x12>
 800279a:	2000      	movs	r0, #0
 800279c:	e003      	b.n	80027a6 <memchr+0x1a>
 800279e:	7804      	ldrb	r4, [r0, #0]
 80027a0:	3301      	adds	r3, #1
 80027a2:	428c      	cmp	r4, r1
 80027a4:	d1f6      	bne.n	8002794 <memchr+0x8>
 80027a6:	bd10      	pop	{r4, pc}

080027a8 <memcpy>:
 80027a8:	440a      	add	r2, r1
 80027aa:	4291      	cmp	r1, r2
 80027ac:	f100 33ff 	add.w	r3, r0, #4294967295	@ 0xffffffff
 80027b0:	d100      	bne.n	80027b4 <memcpy+0xc>
 80027b2:	4770      	bx	lr
 80027b4:	b510      	push	{r4, lr}
 80027b6:	f811 4b01 	ldrb.w	r4, [r1], #1
 80027ba:	4291      	cmp	r1, r2
 80027bc:	f803 4f01 	strb.w	r4, [r3, #1]!
 80027c0:	d1f9      	bne.n	80027b6 <memcpy+0xe>
 80027c2:	bd10      	pop	{r4, pc}

080027c4 <_realloc_r>:
 80027c4:	e92d 41f0 	stmdb	sp!, {r4, r5, r6, r7, r8, lr}
 80027c8:	4607      	mov	r7, r0
 80027ca:	4614      	mov	r4, r2
 80027cc:	460d      	mov	r5, r1
 80027ce:	b921      	cbnz	r1, 80027da <_realloc_r+0x16>
 80027d0:	4611      	mov	r1, r2
 80027d2:	e8bd 41f0 	ldmia.w	sp!, {r4, r5, r6, r7, r8, lr}
 80027d6:	f7ff bc35 	b.w	8002044 <_malloc_r>
 80027da:	b92a      	cbnz	r2, 80027e8 <_realloc_r+0x24>
 80027dc:	f7ff fbc8 	bl	8001f70 <_free_r>
 80027e0:	4625      	mov	r5, r4
 80027e2:	4628      	mov	r0, r5
 80027e4:	e8bd 81f0 	ldmia.w	sp!, {r4, r5, r6, r7, r8, pc}
 80027e8:	f000 f81a 	bl	8002820 <_malloc_usable_size_r>
 80027ec:	4284      	cmp	r4, r0
 80027ee:	4606      	mov	r6, r0
 80027f0:	d802      	bhi.n	80027f8 <_realloc_r+0x34>
 80027f2:	ebb4 0f50 	cmp.w	r4, r0, lsr #1
 80027f6:	d8f4      	bhi.n	80027e2 <_realloc_r+0x1e>
 80027f8:	4621      	mov	r1, r4
 80027fa:	4638      	mov	r0, r7
 80027fc:	f7ff fc22 	bl	8002044 <_malloc_r>
 8002800:	4680      	mov	r8, r0
 8002802:	b908      	cbnz	r0, 8002808 <_realloc_r+0x44>
 8002804:	4645      	mov	r5, r8
 8002806:	e7ec      	b.n	80027e2 <_realloc_r+0x1e>
 8002808:	42b4      	cmp	r4, r6
 800280a:	4622      	mov	r2, r4
 800280c:	4629      	mov	r1, r5
 800280e:	bf28      	it	cs
 8002810:	4632      	movcs	r2, r6
 8002812:	f7ff ffc9 	bl	80027a8 <memcpy>
 8002816:	4629      	mov	r1, r5
 8002818:	4638      	mov	r0, r7
 800281a:	f7ff fba9 	bl	8001f70 <_free_r>
 800281e:	e7f1      	b.n	8002804 <_realloc_r+0x40>

08002820 <_malloc_usable_size_r>:
 8002820:	f851 3c04 	ldr.w	r3, [r1, #-4]
 8002824:	1f18      	subs	r0, r3, #4
 8002826:	2b00      	cmp	r3, #0
 8002828:	bfbc      	itt	lt
 800282a:	580b      	ldrlt	r3, [r1, r0]
 800282c:	18c0      	addlt	r0, r0, r3
 800282e:	4770      	bx	lr

08002830 <_init>:
 8002830:	b5f8      	push	{r3, r4, r5, r6, r7, lr}
 8002832:	bf00      	nop
 8002834:	bcf8      	pop	{r3, r4, r5, r6, r7}
 8002836:	bc08      	pop	{r3}
 8002838:	469e      	mov	lr, r3
 800283a:	4770      	bx	lr

0800283c <_fini>:
 800283c:	b5f8      	push	{r3, r4, r5, r6, r7, lr}
 800283e:	bf00      	nop
 8002840:	bcf8      	pop	{r3, r4, r5, r6, r7}
 8002842:	bc08      	pop	{r3}
 8002844:	469e      	mov	lr, r3
 8002846:	4770      	bx	lr
