ARM GAS  /tmp/cciK5C1q.s 			page 1


   1              		.cpu cortex-m3
   2              		.arch armv7-m
   3              		.fpu softvfp
   4              		.eabi_attribute 20, 1
   5              		.eabi_attribute 21, 1
   6              		.eabi_attribute 23, 3
   7              		.eabi_attribute 24, 1
   8              		.eabi_attribute 25, 1
   9              		.eabi_attribute 26, 1
  10              		.eabi_attribute 30, 1
  11              		.eabi_attribute 34, 1
  12              		.eabi_attribute 18, 4
  13              		.file	"stm32f1xx_hal_uart.c"
  14              		.text
  15              		.section	.text.UART_EndTxTransfer,"ax",%progbits
  16              		.align	1
  17              		.syntax unified
  18              		.thumb
  19              		.thumb_func
  21              	UART_EndTxTransfer:
  22              		@ args = 0, pretend = 0, frame = 0
  23              		@ frame_needed = 0, uses_anonymous_args = 0
  24              		@ link register save eliminated.
  25              	.L2:
  26 0000 0268     		ldr	r2, [r0]
  27 0002 02F10C03 		add	r3, r2, #12
  28              		.syntax unified
  29              	@ 1072 "Drivers/CMSIS/Include/cmsis_gcc.h" 1
  30 0006 53E8003F 		ldrex r3, [r3]
  31              	@ 0 "" 2
  32              		.thumb
  33              		.syntax unified
  34 000a 23F0C003 		bic	r3, r3, #192
  35 000e 0C32     		adds	r2, r2, #12
  36              		.syntax unified
  37              	@ 1123 "Drivers/CMSIS/Include/cmsis_gcc.h" 1
  38 0010 42E80031 		strex r1, r3, [r2]
  39              	@ 0 "" 2
  40              		.thumb
  41              		.syntax unified
  42 0014 0029     		cmp	r1, #0
  43 0016 F3D1     		bne	.L2
  44 0018 2023     		movs	r3, #32
  45 001a 80F84130 		strb	r3, [r0, #65]
  46 001e 7047     		bx	lr
  48              		.section	.text.UART_EndRxTransfer,"ax",%progbits
  49              		.align	1
  50              		.syntax unified
  51              		.thumb
  52              		.thumb_func
  54              	UART_EndRxTransfer:
  55              		@ args = 0, pretend = 0, frame = 0
  56              		@ frame_needed = 0, uses_anonymous_args = 0
  57              		@ link register save eliminated.
  58              	.L4:
  59 0000 0268     		ldr	r2, [r0]
  60 0002 02F10C03 		add	r3, r2, #12
ARM GAS  /tmp/cciK5C1q.s 			page 2


  61              		.syntax unified
  62              	@ 1072 "Drivers/CMSIS/Include/cmsis_gcc.h" 1
  63 0006 53E8003F 		ldrex r3, [r3]
  64              	@ 0 "" 2
  65              		.thumb
  66              		.syntax unified
  67 000a 23F49073 		bic	r3, r3, #288
  68 000e 0C32     		adds	r2, r2, #12
  69              		.syntax unified
  70              	@ 1123 "Drivers/CMSIS/Include/cmsis_gcc.h" 1
  71 0010 42E80031 		strex r1, r3, [r2]
  72              	@ 0 "" 2
  73              		.thumb
  74              		.syntax unified
  75 0014 0029     		cmp	r1, #0
  76 0016 F3D1     		bne	.L4
  77              	.L5:
  78 0018 0268     		ldr	r2, [r0]
  79 001a 02F11403 		add	r3, r2, #20
  80              		.syntax unified
  81              	@ 1072 "Drivers/CMSIS/Include/cmsis_gcc.h" 1
  82 001e 53E8003F 		ldrex r3, [r3]
  83              	@ 0 "" 2
  84              		.thumb
  85              		.syntax unified
  86 0022 23F00103 		bic	r3, r3, #1
  87 0026 1432     		adds	r2, r2, #20
  88              		.syntax unified
  89              	@ 1123 "Drivers/CMSIS/Include/cmsis_gcc.h" 1
  90 0028 42E80031 		strex r1, r3, [r2]
  91              	@ 0 "" 2
  92              		.thumb
  93              		.syntax unified
  94 002c 0029     		cmp	r1, #0
  95 002e F3D1     		bne	.L5
  96 0030 036B     		ldr	r3, [r0, #48]
  97 0032 012B     		cmp	r3, #1
  98 0034 05D0     		beq	.L7
  99              	.L6:
 100 0036 2023     		movs	r3, #32
 101 0038 80F84230 		strb	r3, [r0, #66]
 102 003c 0023     		movs	r3, #0
 103 003e 0363     		str	r3, [r0, #48]
 104 0040 7047     		bx	lr
 105              	.L7:
 106 0042 0268     		ldr	r2, [r0]
 107 0044 02F10C03 		add	r3, r2, #12
 108              		.syntax unified
 109              	@ 1072 "Drivers/CMSIS/Include/cmsis_gcc.h" 1
 110 0048 53E8003F 		ldrex r3, [r3]
 111              	@ 0 "" 2
 112              		.thumb
 113              		.syntax unified
 114 004c 23F01003 		bic	r3, r3, #16
 115 0050 0C32     		adds	r2, r2, #12
 116              		.syntax unified
 117              	@ 1123 "Drivers/CMSIS/Include/cmsis_gcc.h" 1
ARM GAS  /tmp/cciK5C1q.s 			page 3


 118 0052 42E80031 		strex r1, r3, [r2]
 119              	@ 0 "" 2
 120              		.thumb
 121              		.syntax unified
 122 0056 0029     		cmp	r1, #0
 123 0058 F3D1     		bne	.L7
 124 005a ECE7     		b	.L6
 126              		.section	.text.UART_Transmit_IT,"ax",%progbits
 127              		.align	1
 128              		.syntax unified
 129              		.thumb
 130              		.thumb_func
 132              	UART_Transmit_IT:
 133              		@ args = 0, pretend = 0, frame = 0
 134              		@ frame_needed = 0, uses_anonymous_args = 0
 135              		@ link register save eliminated.
 136 0000 90F84130 		ldrb	r3, [r0, #65]	@ zero_extendqisi2
 137 0004 212B     		cmp	r3, #33
 138 0006 01D0     		beq	.L14
 139 0008 0220     		movs	r0, #2
 140 000a 7047     		bx	lr
 141              	.L14:
 142 000c 8368     		ldr	r3, [r0, #8]
 143 000e B3F5805F 		cmp	r3, #4096
 144 0012 17D0     		beq	.L15
 145              	.L10:
 146 0014 036A     		ldr	r3, [r0, #32]
 147 0016 5A1C     		adds	r2, r3, #1
 148 0018 0262     		str	r2, [r0, #32]
 149 001a 1A78     		ldrb	r2, [r3]	@ zero_extendqisi2
 150 001c 0368     		ldr	r3, [r0]
 151 001e 5A60     		str	r2, [r3, #4]
 152              	.L11:
 153 0020 C38C     		ldrh	r3, [r0, #38]
 154 0022 9BB2     		uxth	r3, r3
 155 0024 013B     		subs	r3, r3, #1
 156 0026 9BB2     		uxth	r3, r3
 157 0028 C384     		strh	r3, [r0, #38]	@ movhi
 158 002a 4BB9     		cbnz	r3, .L12
 159 002c 0268     		ldr	r2, [r0]
 160 002e D368     		ldr	r3, [r2, #12]
 161 0030 23F08003 		bic	r3, r3, #128
 162 0034 D360     		str	r3, [r2, #12]
 163 0036 0268     		ldr	r2, [r0]
 164 0038 D368     		ldr	r3, [r2, #12]
 165 003a 43F04003 		orr	r3, r3, #64
 166 003e D360     		str	r3, [r2, #12]
 167              	.L12:
 168 0040 0020     		movs	r0, #0
 169 0042 7047     		bx	lr
 170              	.L15:
 171 0044 0369     		ldr	r3, [r0, #16]
 172 0046 002B     		cmp	r3, #0
 173 0048 E4D1     		bne	.L10
 174 004a 036A     		ldr	r3, [r0, #32]
 175 004c 1B88     		ldrh	r3, [r3]
 176 004e 0268     		ldr	r2, [r0]
ARM GAS  /tmp/cciK5C1q.s 			page 4


 177 0050 C3F30803 		ubfx	r3, r3, #0, #9
 178 0054 5360     		str	r3, [r2, #4]
 179 0056 036A     		ldr	r3, [r0, #32]
 180 0058 0233     		adds	r3, r3, #2
 181 005a 0362     		str	r3, [r0, #32]
 182 005c E0E7     		b	.L11
 184              		.section	.text.UART_SetConfig,"ax",%progbits
 185              		.align	1
 186              		.syntax unified
 187              		.thumb
 188              		.thumb_func
 190              	UART_SetConfig:
 191              		@ args = 0, pretend = 0, frame = 0
 192              		@ frame_needed = 0, uses_anonymous_args = 0
 193 0000 10B5     		push	{r4, lr}
 194 0002 0446     		mov	r4, r0
 195 0004 0268     		ldr	r2, [r0]
 196 0006 1369     		ldr	r3, [r2, #16]
 197 0008 23F44053 		bic	r3, r3, #12288
 198 000c C168     		ldr	r1, [r0, #12]
 199 000e 0B43     		orrs	r3, r3, r1
 200 0010 1361     		str	r3, [r2, #16]
 201 0012 8368     		ldr	r3, [r0, #8]
 202 0014 0269     		ldr	r2, [r0, #16]
 203 0016 1343     		orrs	r3, r3, r2
 204 0018 4269     		ldr	r2, [r0, #20]
 205 001a 1A43     		orrs	r2, r2, r3
 206 001c 0168     		ldr	r1, [r0]
 207 001e CB68     		ldr	r3, [r1, #12]
 208 0020 23F4B053 		bic	r3, r3, #5632
 209 0024 23F00C03 		bic	r3, r3, #12
 210 0028 1343     		orrs	r3, r3, r2
 211 002a CB60     		str	r3, [r1, #12]
 212 002c 0268     		ldr	r2, [r0]
 213 002e 5369     		ldr	r3, [r2, #20]
 214 0030 23F44073 		bic	r3, r3, #768
 215 0034 8169     		ldr	r1, [r0, #24]
 216 0036 0B43     		orrs	r3, r3, r1
 217 0038 5361     		str	r3, [r2, #20]
 218 003a 0268     		ldr	r2, [r0]
 219 003c 134B     		ldr	r3, .L21
 220 003e 9A42     		cmp	r2, r3
 221 0040 20D0     		beq	.L20
 222 0042 FFF7FEFF 		bl	HAL_RCC_GetPCLK1Freq
 223 0046 0246     		mov	r2, r0
 224              	.L18:
 225 0048 02EB8202 		add	r2, r2, r2, lsl #2
 226 004c 02EB8202 		add	r2, r2, r2, lsl #2
 227 0050 6368     		ldr	r3, [r4, #4]
 228 0052 9B00     		lsls	r3, r3, #2
 229 0054 B2FBF3F2 		udiv	r2, r2, r3
 230 0058 0D48     		ldr	r0, .L21+4
 231 005a A0FB0231 		umull	r3, r1, r0, r2
 232 005e 4909     		lsrs	r1, r1, #5
 233 0060 6423     		movs	r3, #100
 234 0062 03FB1123 		mls	r3, r3, r1, r2
 235 0066 1B01     		lsls	r3, r3, #4
ARM GAS  /tmp/cciK5C1q.s 			page 5


 236 0068 3233     		adds	r3, r3, #50
 237 006a A0FB0303 		umull	r0, r3, r0, r3
 238 006e 5B09     		lsrs	r3, r3, #5
 239 0070 03F0F002 		and	r2, r3, #240
 240 0074 02EB0112 		add	r2, r2, r1, lsl #4
 241 0078 03F00F03 		and	r3, r3, #15
 242 007c 2168     		ldr	r1, [r4]
 243 007e 1344     		add	r3, r3, r2
 244 0080 8B60     		str	r3, [r1, #8]
 245 0082 10BD     		pop	{r4, pc}
 246              	.L20:
 247 0084 FFF7FEFF 		bl	HAL_RCC_GetPCLK2Freq
 248 0088 0246     		mov	r2, r0
 249 008a DDE7     		b	.L18
 250              	.L22:
 251              		.align	2
 252              	.L21:
 253 008c 00380140 		.word	1073821696
 254 0090 1F85EB51 		.word	1374389535
 256              		.section	.text.UART_WaitOnFlagUntilTimeout,"ax",%progbits
 257              		.align	1
 258              		.syntax unified
 259              		.thumb
 260              		.thumb_func
 262              	UART_WaitOnFlagUntilTimeout:
 263              		@ args = 4, pretend = 0, frame = 8
 264              		@ frame_needed = 0, uses_anonymous_args = 0
 265 0000 2DE9F043 		push	{r4, r5, r6, r7, r8, r9, lr}
 266 0004 83B0     		sub	sp, sp, #12
 267 0006 0546     		mov	r5, r0
 268 0008 0E46     		mov	r6, r1
 269 000a 1746     		mov	r7, r2
 270 000c 9946     		mov	r9, r3
 271 000e DDF82880 		ldr	r8, [sp, #40]
 272              	.L25:
 273 0012 2B68     		ldr	r3, [r5]
 274 0014 1C68     		ldr	r4, [r3]
 275 0016 36EA0404 		bics	r4, r6, r4
 276 001a 0CBF     		ite	eq
 277 001c 0124     		moveq	r4, #1
 278 001e 0024     		movne	r4, #0
 279 0020 BC42     		cmp	r4, r7
 280 0022 28D1     		bne	.L31
 281 0024 B8F1FF3F 		cmp	r8, #-1
 282 0028 F3D0     		beq	.L25
 283 002a FFF7FEFF 		bl	HAL_GetTick
 284 002e A0EB0900 		sub	r0, r0, r9
 285 0032 4045     		cmp	r0, r8
 286 0034 23D8     		bhi	.L28
 287 0036 B8F1000F 		cmp	r8, #0
 288 003a 22D0     		beq	.L29
 289 003c 2B68     		ldr	r3, [r5]
 290 003e DA68     		ldr	r2, [r3, #12]
 291 0040 12F0040F 		tst	r2, #4
 292 0044 E5D0     		beq	.L25
 293 0046 802E     		cmp	r6, #128
 294 0048 E3D0     		beq	.L25
ARM GAS  /tmp/cciK5C1q.s 			page 6


 295 004a 402E     		cmp	r6, #64
 296 004c E1D0     		beq	.L25
 297 004e 1A68     		ldr	r2, [r3]
 298 0050 12F0080F 		tst	r2, #8
 299 0054 DDD0     		beq	.L25
 300 0056 0024     		movs	r4, #0
 301 0058 0194     		str	r4, [sp, #4]
 302 005a 1A68     		ldr	r2, [r3]
 303 005c 0192     		str	r2, [sp, #4]
 304 005e 5B68     		ldr	r3, [r3, #4]
 305 0060 0193     		str	r3, [sp, #4]
 306 0062 019B     		ldr	r3, [sp, #4]
 307 0064 2846     		mov	r0, r5
 308 0066 FFF7FEFF 		bl	UART_EndRxTransfer
 309 006a 0823     		movs	r3, #8
 310 006c 6B64     		str	r3, [r5, #68]
 311 006e 85F84040 		strb	r4, [r5, #64]
 312 0072 0120     		movs	r0, #1
 313 0074 00E0     		b	.L26
 314              	.L31:
 315 0076 0020     		movs	r0, #0
 316              	.L26:
 317 0078 03B0     		add	sp, sp, #12
 318              		@ sp needed
 319 007a BDE8F083 		pop	{r4, r5, r6, r7, r8, r9, pc}
 320              	.L28:
 321 007e 0320     		movs	r0, #3
 322 0080 FAE7     		b	.L26
 323              	.L29:
 324 0082 0320     		movs	r0, #3
 325 0084 F8E7     		b	.L26
 327              		.section	.text.HAL_UART_MspInit,"ax",%progbits
 328              		.align	1
 329              		.weak	HAL_UART_MspInit
 330              		.syntax unified
 331              		.thumb
 332              		.thumb_func
 334              	HAL_UART_MspInit:
 335              		@ args = 0, pretend = 0, frame = 0
 336              		@ frame_needed = 0, uses_anonymous_args = 0
 337              		@ link register save eliminated.
 338 0000 7047     		bx	lr
 340              		.section	.text.HAL_UART_Init,"ax",%progbits
 341              		.align	1
 342              		.global	HAL_UART_Init
 343              		.syntax unified
 344              		.thumb
 345              		.thumb_func
 347              	HAL_UART_Init:
 348              		@ args = 0, pretend = 0, frame = 0
 349              		@ frame_needed = 0, uses_anonymous_args = 0
 350 0000 60B3     		cbz	r0, .L36
 351 0002 10B5     		push	{r4, lr}
 352 0004 0446     		mov	r4, r0
 353 0006 90F84130 		ldrb	r3, [r0, #65]	@ zero_extendqisi2
 354 000a 13B3     		cbz	r3, .L41
 355              	.L35:
ARM GAS  /tmp/cciK5C1q.s 			page 7


 356 000c 2423     		movs	r3, #36
 357 000e 84F84130 		strb	r3, [r4, #65]
 358 0012 2268     		ldr	r2, [r4]
 359 0014 D368     		ldr	r3, [r2, #12]
 360 0016 23F40053 		bic	r3, r3, #8192
 361 001a D360     		str	r3, [r2, #12]
 362 001c 2046     		mov	r0, r4
 363 001e FFF7FEFF 		bl	UART_SetConfig
 364 0022 2268     		ldr	r2, [r4]
 365 0024 1369     		ldr	r3, [r2, #16]
 366 0026 23F49043 		bic	r3, r3, #18432
 367 002a 1361     		str	r3, [r2, #16]
 368 002c 2268     		ldr	r2, [r4]
 369 002e 5369     		ldr	r3, [r2, #20]
 370 0030 23F02A03 		bic	r3, r3, #42
 371 0034 5361     		str	r3, [r2, #20]
 372 0036 2268     		ldr	r2, [r4]
 373 0038 D368     		ldr	r3, [r2, #12]
 374 003a 43F40053 		orr	r3, r3, #8192
 375 003e D360     		str	r3, [r2, #12]
 376 0040 0020     		movs	r0, #0
 377 0042 6064     		str	r0, [r4, #68]
 378 0044 2023     		movs	r3, #32
 379 0046 84F84130 		strb	r3, [r4, #65]
 380 004a 84F84230 		strb	r3, [r4, #66]
 381 004e 6063     		str	r0, [r4, #52]
 382 0050 10BD     		pop	{r4, pc}
 383              	.L41:
 384 0052 80F84030 		strb	r3, [r0, #64]
 385 0056 FFF7FEFF 		bl	HAL_UART_MspInit
 386 005a D7E7     		b	.L35
 387              	.L36:
 388 005c 0120     		movs	r0, #1
 389 005e 7047     		bx	lr
 391              		.section	.text.HAL_HalfDuplex_Init,"ax",%progbits
 392              		.align	1
 393              		.global	HAL_HalfDuplex_Init
 394              		.syntax unified
 395              		.thumb
 396              		.thumb_func
 398              	HAL_HalfDuplex_Init:
 399              		@ args = 0, pretend = 0, frame = 0
 400              		@ frame_needed = 0, uses_anonymous_args = 0
 401 0000 0028     		cmp	r0, #0
 402 0002 31D0     		beq	.L45
 403 0004 10B5     		push	{r4, lr}
 404 0006 0446     		mov	r4, r0
 405 0008 90F84130 		ldrb	r3, [r0, #65]	@ zero_extendqisi2
 406 000c 3BB3     		cbz	r3, .L50
 407              	.L44:
 408 000e 2423     		movs	r3, #36
 409 0010 84F84130 		strb	r3, [r4, #65]
 410 0014 2268     		ldr	r2, [r4]
 411 0016 D368     		ldr	r3, [r2, #12]
 412 0018 23F40053 		bic	r3, r3, #8192
 413 001c D360     		str	r3, [r2, #12]
 414 001e 2046     		mov	r0, r4
ARM GAS  /tmp/cciK5C1q.s 			page 8


 415 0020 FFF7FEFF 		bl	UART_SetConfig
 416 0024 2268     		ldr	r2, [r4]
 417 0026 1369     		ldr	r3, [r2, #16]
 418 0028 23F49043 		bic	r3, r3, #18432
 419 002c 1361     		str	r3, [r2, #16]
 420 002e 2268     		ldr	r2, [r4]
 421 0030 5369     		ldr	r3, [r2, #20]
 422 0032 23F02203 		bic	r3, r3, #34
 423 0036 5361     		str	r3, [r2, #20]
 424 0038 2268     		ldr	r2, [r4]
 425 003a 5369     		ldr	r3, [r2, #20]
 426 003c 43F00803 		orr	r3, r3, #8
 427 0040 5361     		str	r3, [r2, #20]
 428 0042 2268     		ldr	r2, [r4]
 429 0044 D368     		ldr	r3, [r2, #12]
 430 0046 43F40053 		orr	r3, r3, #8192
 431 004a D360     		str	r3, [r2, #12]
 432 004c 0020     		movs	r0, #0
 433 004e 6064     		str	r0, [r4, #68]
 434 0050 2023     		movs	r3, #32
 435 0052 84F84130 		strb	r3, [r4, #65]
 436 0056 84F84230 		strb	r3, [r4, #66]
 437 005a 6063     		str	r0, [r4, #52]
 438 005c 10BD     		pop	{r4, pc}
 439              	.L50:
 440 005e 80F84030 		strb	r3, [r0, #64]
 441 0062 FFF7FEFF 		bl	HAL_UART_MspInit
 442 0066 D2E7     		b	.L44
 443              	.L45:
 444 0068 0120     		movs	r0, #1
 445 006a 7047     		bx	lr
 447              		.section	.text.HAL_LIN_Init,"ax",%progbits
 448              		.align	1
 449              		.global	HAL_LIN_Init
 450              		.syntax unified
 451              		.thumb
 452              		.thumb_func
 454              	HAL_LIN_Init:
 455              		@ args = 0, pretend = 0, frame = 0
 456              		@ frame_needed = 0, uses_anonymous_args = 0
 457 0000 0028     		cmp	r0, #0
 458 0002 3CD0     		beq	.L54
 459 0004 38B5     		push	{r3, r4, r5, lr}
 460 0006 0D46     		mov	r5, r1
 461 0008 0446     		mov	r4, r0
 462 000a 90F84130 		ldrb	r3, [r0, #65]	@ zero_extendqisi2
 463 000e 002B     		cmp	r3, #0
 464 0010 30D0     		beq	.L59
 465              	.L53:
 466 0012 2423     		movs	r3, #36
 467 0014 84F84130 		strb	r3, [r4, #65]
 468 0018 2268     		ldr	r2, [r4]
 469 001a D368     		ldr	r3, [r2, #12]
 470 001c 23F40053 		bic	r3, r3, #8192
 471 0020 D360     		str	r3, [r2, #12]
 472 0022 2046     		mov	r0, r4
 473 0024 FFF7FEFF 		bl	UART_SetConfig
ARM GAS  /tmp/cciK5C1q.s 			page 9


 474 0028 2268     		ldr	r2, [r4]
 475 002a 1369     		ldr	r3, [r2, #16]
 476 002c 23F40063 		bic	r3, r3, #2048
 477 0030 1361     		str	r3, [r2, #16]
 478 0032 2268     		ldr	r2, [r4]
 479 0034 5369     		ldr	r3, [r2, #20]
 480 0036 23F02A03 		bic	r3, r3, #42
 481 003a 5361     		str	r3, [r2, #20]
 482 003c 2268     		ldr	r2, [r4]
 483 003e 1369     		ldr	r3, [r2, #16]
 484 0040 43F48043 		orr	r3, r3, #16384
 485 0044 1361     		str	r3, [r2, #16]
 486 0046 2268     		ldr	r2, [r4]
 487 0048 1369     		ldr	r3, [r2, #16]
 488 004a 23F02003 		bic	r3, r3, #32
 489 004e 1361     		str	r3, [r2, #16]
 490 0050 2268     		ldr	r2, [r4]
 491 0052 1369     		ldr	r3, [r2, #16]
 492 0054 2B43     		orrs	r3, r3, r5
 493 0056 1361     		str	r3, [r2, #16]
 494 0058 2268     		ldr	r2, [r4]
 495 005a D368     		ldr	r3, [r2, #12]
 496 005c 43F40053 		orr	r3, r3, #8192
 497 0060 D360     		str	r3, [r2, #12]
 498 0062 0020     		movs	r0, #0
 499 0064 6064     		str	r0, [r4, #68]
 500 0066 2023     		movs	r3, #32
 501 0068 84F84130 		strb	r3, [r4, #65]
 502 006c 84F84230 		strb	r3, [r4, #66]
 503 0070 6063     		str	r0, [r4, #52]
 504 0072 38BD     		pop	{r3, r4, r5, pc}
 505              	.L59:
 506 0074 80F84030 		strb	r3, [r0, #64]
 507 0078 FFF7FEFF 		bl	HAL_UART_MspInit
 508 007c C9E7     		b	.L53
 509              	.L54:
 510 007e 0120     		movs	r0, #1
 511 0080 7047     		bx	lr
 513              		.section	.text.HAL_MultiProcessor_Init,"ax",%progbits
 514              		.align	1
 515              		.global	HAL_MultiProcessor_Init
 516              		.syntax unified
 517              		.thumb
 518              		.thumb_func
 520              	HAL_MultiProcessor_Init:
 521              		@ args = 0, pretend = 0, frame = 0
 522              		@ frame_needed = 0, uses_anonymous_args = 0
 523 0000 0028     		cmp	r0, #0
 524 0002 41D0     		beq	.L63
 525 0004 70B5     		push	{r4, r5, r6, lr}
 526 0006 0D46     		mov	r5, r1
 527 0008 1646     		mov	r6, r2
 528 000a 0446     		mov	r4, r0
 529 000c 90F84130 		ldrb	r3, [r0, #65]	@ zero_extendqisi2
 530 0010 002B     		cmp	r3, #0
 531 0012 34D0     		beq	.L68
 532              	.L62:
ARM GAS  /tmp/cciK5C1q.s 			page 10


 533 0014 2423     		movs	r3, #36
 534 0016 84F84130 		strb	r3, [r4, #65]
 535 001a 2268     		ldr	r2, [r4]
 536 001c D368     		ldr	r3, [r2, #12]
 537 001e 23F40053 		bic	r3, r3, #8192
 538 0022 D360     		str	r3, [r2, #12]
 539 0024 2046     		mov	r0, r4
 540 0026 FFF7FEFF 		bl	UART_SetConfig
 541 002a 2268     		ldr	r2, [r4]
 542 002c 1369     		ldr	r3, [r2, #16]
 543 002e 23F49043 		bic	r3, r3, #18432
 544 0032 1361     		str	r3, [r2, #16]
 545 0034 2268     		ldr	r2, [r4]
 546 0036 5369     		ldr	r3, [r2, #20]
 547 0038 23F02A03 		bic	r3, r3, #42
 548 003c 5361     		str	r3, [r2, #20]
 549 003e 2268     		ldr	r2, [r4]
 550 0040 1369     		ldr	r3, [r2, #16]
 551 0042 23F00F03 		bic	r3, r3, #15
 552 0046 1361     		str	r3, [r2, #16]
 553 0048 2368     		ldr	r3, [r4]
 554 004a 1A69     		ldr	r2, [r3, #16]
 555 004c 1543     		orrs	r5, r5, r2
 556 004e 1D61     		str	r5, [r3, #16]
 557 0050 2268     		ldr	r2, [r4]
 558 0052 D368     		ldr	r3, [r2, #12]
 559 0054 23F40063 		bic	r3, r3, #2048
 560 0058 D360     		str	r3, [r2, #12]
 561 005a 2268     		ldr	r2, [r4]
 562 005c D368     		ldr	r3, [r2, #12]
 563 005e 3343     		orrs	r3, r3, r6
 564 0060 D360     		str	r3, [r2, #12]
 565 0062 2268     		ldr	r2, [r4]
 566 0064 D368     		ldr	r3, [r2, #12]
 567 0066 43F40053 		orr	r3, r3, #8192
 568 006a D360     		str	r3, [r2, #12]
 569 006c 0020     		movs	r0, #0
 570 006e 6064     		str	r0, [r4, #68]
 571 0070 2023     		movs	r3, #32
 572 0072 84F84130 		strb	r3, [r4, #65]
 573 0076 84F84230 		strb	r3, [r4, #66]
 574 007a 6063     		str	r0, [r4, #52]
 575 007c 70BD     		pop	{r4, r5, r6, pc}
 576              	.L68:
 577 007e 80F84030 		strb	r3, [r0, #64]
 578 0082 FFF7FEFF 		bl	HAL_UART_MspInit
 579 0086 C5E7     		b	.L62
 580              	.L63:
 581 0088 0120     		movs	r0, #1
 582 008a 7047     		bx	lr
 584              		.section	.text.HAL_UART_MspDeInit,"ax",%progbits
 585              		.align	1
 586              		.weak	HAL_UART_MspDeInit
 587              		.syntax unified
 588              		.thumb
 589              		.thumb_func
 591              	HAL_UART_MspDeInit:
ARM GAS  /tmp/cciK5C1q.s 			page 11


 592              		@ args = 0, pretend = 0, frame = 0
 593              		@ frame_needed = 0, uses_anonymous_args = 0
 594              		@ link register save eliminated.
 595 0000 7047     		bx	lr
 597              		.section	.text.HAL_UART_DeInit,"ax",%progbits
 598              		.align	1
 599              		.global	HAL_UART_DeInit
 600              		.syntax unified
 601              		.thumb
 602              		.thumb_func
 604              	HAL_UART_DeInit:
 605              		@ args = 0, pretend = 0, frame = 0
 606              		@ frame_needed = 0, uses_anonymous_args = 0
 607 0000 B0B1     		cbz	r0, .L72
 608 0002 10B5     		push	{r4, lr}
 609 0004 0446     		mov	r4, r0
 610 0006 2423     		movs	r3, #36
 611 0008 80F84130 		strb	r3, [r0, #65]
 612 000c 0268     		ldr	r2, [r0]
 613 000e D368     		ldr	r3, [r2, #12]
 614 0010 23F40053 		bic	r3, r3, #8192
 615 0014 D360     		str	r3, [r2, #12]
 616 0016 FFF7FEFF 		bl	HAL_UART_MspDeInit
 617 001a 0020     		movs	r0, #0
 618 001c 6064     		str	r0, [r4, #68]
 619 001e 84F84100 		strb	r0, [r4, #65]
 620 0022 84F84200 		strb	r0, [r4, #66]
 621 0026 2063     		str	r0, [r4, #48]
 622 0028 6063     		str	r0, [r4, #52]
 623 002a 84F84000 		strb	r0, [r4, #64]
 624 002e 10BD     		pop	{r4, pc}
 625              	.L72:
 626 0030 0120     		movs	r0, #1
 627 0032 7047     		bx	lr
 629              		.section	.text.HAL_UART_Transmit,"ax",%progbits
 630              		.align	1
 631              		.global	HAL_UART_Transmit
 632              		.syntax unified
 633              		.thumb
 634              		.thumb_func
 636              	HAL_UART_Transmit:
 637              		@ args = 0, pretend = 0, frame = 0
 638              		@ frame_needed = 0, uses_anonymous_args = 0
 639 0000 2DE9F041 		push	{r4, r5, r6, r7, r8, lr}
 640 0004 82B0     		sub	sp, sp, #8
 641 0006 1E46     		mov	r6, r3
 642 0008 90F84130 		ldrb	r3, [r0, #65]	@ zero_extendqisi2
 643 000c 202B     		cmp	r3, #32
 644 000e 56D1     		bne	.L86
 645 0010 0446     		mov	r4, r0
 646 0012 0D46     		mov	r5, r1
 647 0014 9046     		mov	r8, r2
 648 0016 0029     		cmp	r1, #0
 649 0018 55D0     		beq	.L87
 650 001a 0AB9     		cbnz	r2, .L92
 651 001c 0120     		movs	r0, #1
 652 001e 4FE0     		b	.L78
ARM GAS  /tmp/cciK5C1q.s 			page 12


 653              	.L92:
 654 0020 0023     		movs	r3, #0
 655 0022 4364     		str	r3, [r0, #68]
 656 0024 2123     		movs	r3, #33
 657 0026 80F84130 		strb	r3, [r0, #65]
 658 002a FFF7FEFF 		bl	HAL_GetTick
 659 002e 0746     		mov	r7, r0
 660 0030 A4F82480 		strh	r8, [r4, #36]	@ movhi
 661 0034 A4F82680 		strh	r8, [r4, #38]	@ movhi
 662 0038 A368     		ldr	r3, [r4, #8]
 663 003a B3F5805F 		cmp	r3, #4096
 664 003e 02D0     		beq	.L93
 665 0040 4FF00008 		mov	r8, #0
 666 0044 14E0     		b	.L83
 667              	.L93:
 668 0046 2369     		ldr	r3, [r4, #16]
 669 0048 2BB3     		cbz	r3, .L90
 670 004a 4FF00008 		mov	r8, #0
 671 004e 0FE0     		b	.L83
 672              	.L95:
 673 0050 2023     		movs	r3, #32
 674 0052 84F84130 		strb	r3, [r4, #65]
 675 0056 0320     		movs	r0, #3
 676 0058 32E0     		b	.L78
 677              	.L96:
 678 005a 38F8023B 		ldrh	r3, [r8], #2
 679 005e 2268     		ldr	r2, [r4]
 680 0060 C3F30803 		ubfx	r3, r3, #0, #9
 681 0064 5360     		str	r3, [r2, #4]
 682              	.L82:
 683 0066 E28C     		ldrh	r2, [r4, #38]
 684 0068 92B2     		uxth	r2, r2
 685 006a 013A     		subs	r2, r2, #1
 686 006c 92B2     		uxth	r2, r2
 687 006e E284     		strh	r2, [r4, #38]	@ movhi
 688              	.L83:
 689 0070 E38C     		ldrh	r3, [r4, #38]
 690 0072 9BB2     		uxth	r3, r3
 691 0074 93B1     		cbz	r3, .L94
 692 0076 0096     		str	r6, [sp]
 693 0078 3B46     		mov	r3, r7
 694 007a 0022     		movs	r2, #0
 695 007c 8021     		movs	r1, #128
 696 007e 2046     		mov	r0, r4
 697 0080 FFF7FEFF 		bl	UART_WaitOnFlagUntilTimeout
 698 0084 0028     		cmp	r0, #0
 699 0086 E3D1     		bne	.L95
 700 0088 002D     		cmp	r5, #0
 701 008a E6D0     		beq	.L96
 702 008c 15F8012B 		ldrb	r2, [r5], #1	@ zero_extendqisi2
 703 0090 2368     		ldr	r3, [r4]
 704 0092 5A60     		str	r2, [r3, #4]
 705 0094 E7E7     		b	.L82
 706              	.L90:
 707 0096 A846     		mov	r8, r5
 708 0098 0025     		movs	r5, #0
 709 009a E9E7     		b	.L83
ARM GAS  /tmp/cciK5C1q.s 			page 13


 710              	.L94:
 711 009c 0096     		str	r6, [sp]
 712 009e 3B46     		mov	r3, r7
 713 00a0 0022     		movs	r2, #0
 714 00a2 4021     		movs	r1, #64
 715 00a4 2046     		mov	r0, r4
 716 00a6 FFF7FEFF 		bl	UART_WaitOnFlagUntilTimeout
 717 00aa 18B9     		cbnz	r0, .L97
 718 00ac 2023     		movs	r3, #32
 719 00ae 84F84130 		strb	r3, [r4, #65]
 720 00b2 05E0     		b	.L78
 721              	.L97:
 722 00b4 2023     		movs	r3, #32
 723 00b6 84F84130 		strb	r3, [r4, #65]
 724 00ba 0320     		movs	r0, #3
 725 00bc 00E0     		b	.L78
 726              	.L86:
 727 00be 0220     		movs	r0, #2
 728              	.L78:
 729 00c0 02B0     		add	sp, sp, #8
 730              		@ sp needed
 731 00c2 BDE8F081 		pop	{r4, r5, r6, r7, r8, pc}
 732              	.L87:
 733 00c6 0120     		movs	r0, #1
 734 00c8 FAE7     		b	.L78
 736              		.section	.text.HAL_UART_Receive,"ax",%progbits
 737              		.align	1
 738              		.global	HAL_UART_Receive
 739              		.syntax unified
 740              		.thumb
 741              		.thumb_func
 743              	HAL_UART_Receive:
 744              		@ args = 0, pretend = 0, frame = 0
 745              		@ frame_needed = 0, uses_anonymous_args = 0
 746 0000 2DE9F041 		push	{r4, r5, r6, r7, r8, lr}
 747 0004 82B0     		sub	sp, sp, #8
 748 0006 1E46     		mov	r6, r3
 749 0008 90F84230 		ldrb	r3, [r0, #66]	@ zero_extendqisi2
 750 000c 202B     		cmp	r3, #32
 751 000e 5AD1     		bne	.L109
 752 0010 0446     		mov	r4, r0
 753 0012 0D46     		mov	r5, r1
 754 0014 9046     		mov	r8, r2
 755 0016 0029     		cmp	r1, #0
 756 0018 59D0     		beq	.L110
 757 001a 0AB9     		cbnz	r2, .L115
 758 001c 0120     		movs	r0, #1
 759 001e 53E0     		b	.L99
 760              	.L115:
 761 0020 0023     		movs	r3, #0
 762 0022 4364     		str	r3, [r0, #68]
 763 0024 2222     		movs	r2, #34
 764 0026 80F84220 		strb	r2, [r0, #66]
 765 002a 0363     		str	r3, [r0, #48]
 766 002c FFF7FEFF 		bl	HAL_GetTick
 767 0030 0746     		mov	r7, r0
 768 0032 A4F82C80 		strh	r8, [r4, #44]	@ movhi
ARM GAS  /tmp/cciK5C1q.s 			page 14


 769 0036 A4F82E80 		strh	r8, [r4, #46]	@ movhi
 770 003a A368     		ldr	r3, [r4, #8]
 771 003c B3F5805F 		cmp	r3, #4096
 772 0040 02D0     		beq	.L116
 773 0042 4FF00008 		mov	r8, #0
 774 0046 1AE0     		b	.L107
 775              	.L116:
 776 0048 2369     		ldr	r3, [r4, #16]
 777 004a 002B     		cmp	r3, #0
 778 004c 33D0     		beq	.L113
 779 004e 4FF00008 		mov	r8, #0
 780 0052 14E0     		b	.L107
 781              	.L118:
 782 0054 2023     		movs	r3, #32
 783 0056 84F84230 		strb	r3, [r4, #66]
 784 005a 0320     		movs	r0, #3
 785 005c 34E0     		b	.L99
 786              	.L119:
 787 005e 2368     		ldr	r3, [r4]
 788 0060 5B68     		ldr	r3, [r3, #4]
 789 0062 C3F30803 		ubfx	r3, r3, #0, #9
 790 0066 28F8023B 		strh	r3, [r8], #2	@ movhi
 791 006a 03E0     		b	.L103
 792              	.L104:
 793 006c 2368     		ldr	r3, [r4]
 794 006e 5B68     		ldr	r3, [r3, #4]
 795 0070 2B70     		strb	r3, [r5]
 796              	.L106:
 797 0072 0135     		adds	r5, r5, #1
 798              	.L103:
 799 0074 E28D     		ldrh	r2, [r4, #46]
 800 0076 92B2     		uxth	r2, r2
 801 0078 013A     		subs	r2, r2, #1
 802 007a 92B2     		uxth	r2, r2
 803 007c E285     		strh	r2, [r4, #46]	@ movhi
 804              	.L107:
 805 007e E38D     		ldrh	r3, [r4, #46]
 806 0080 9BB2     		uxth	r3, r3
 807 0082 DBB1     		cbz	r3, .L117
 808 0084 0096     		str	r6, [sp]
 809 0086 3B46     		mov	r3, r7
 810 0088 0022     		movs	r2, #0
 811 008a 2021     		movs	r1, #32
 812 008c 2046     		mov	r0, r4
 813 008e FFF7FEFF 		bl	UART_WaitOnFlagUntilTimeout
 814 0092 0028     		cmp	r0, #0
 815 0094 DED1     		bne	.L118
 816 0096 002D     		cmp	r5, #0
 817 0098 E1D0     		beq	.L119
 818 009a A368     		ldr	r3, [r4, #8]
 819 009c B3F5805F 		cmp	r3, #4096
 820 00a0 E4D0     		beq	.L104
 821 00a2 13B9     		cbnz	r3, .L105
 822 00a4 2369     		ldr	r3, [r4, #16]
 823 00a6 002B     		cmp	r3, #0
 824 00a8 E0D0     		beq	.L104
 825              	.L105:
ARM GAS  /tmp/cciK5C1q.s 			page 15


 826 00aa 2368     		ldr	r3, [r4]
 827 00ac 5B68     		ldr	r3, [r3, #4]
 828 00ae 03F07F03 		and	r3, r3, #127
 829 00b2 2B70     		strb	r3, [r5]
 830 00b4 DDE7     		b	.L106
 831              	.L113:
 832 00b6 A846     		mov	r8, r5
 833 00b8 0025     		movs	r5, #0
 834 00ba E0E7     		b	.L107
 835              	.L117:
 836 00bc 2023     		movs	r3, #32
 837 00be 84F84230 		strb	r3, [r4, #66]
 838 00c2 0020     		movs	r0, #0
 839 00c4 00E0     		b	.L99
 840              	.L109:
 841 00c6 0220     		movs	r0, #2
 842              	.L99:
 843 00c8 02B0     		add	sp, sp, #8
 844              		@ sp needed
 845 00ca BDE8F081 		pop	{r4, r5, r6, r7, r8, pc}
 846              	.L110:
 847 00ce 0120     		movs	r0, #1
 848 00d0 FAE7     		b	.L99
 850              		.section	.text.HAL_UART_Transmit_IT,"ax",%progbits
 851              		.align	1
 852              		.global	HAL_UART_Transmit_IT
 853              		.syntax unified
 854              		.thumb
 855              		.thumb_func
 857              	HAL_UART_Transmit_IT:
 858              		@ args = 0, pretend = 0, frame = 0
 859              		@ frame_needed = 0, uses_anonymous_args = 0
 860              		@ link register save eliminated.
 861 0000 90F84130 		ldrb	r3, [r0, #65]	@ zero_extendqisi2
 862 0004 202B     		cmp	r3, #32
 863 0006 10D1     		bne	.L122
 864 0008 89B1     		cbz	r1, .L123
 865 000a 92B1     		cbz	r2, .L124
 866 000c 0162     		str	r1, [r0, #32]
 867 000e 8284     		strh	r2, [r0, #36]	@ movhi
 868 0010 C284     		strh	r2, [r0, #38]	@ movhi
 869 0012 0023     		movs	r3, #0
 870 0014 4364     		str	r3, [r0, #68]
 871 0016 2122     		movs	r2, #33
 872 0018 80F84120 		strb	r2, [r0, #65]
 873 001c 0168     		ldr	r1, [r0]
 874 001e CA68     		ldr	r2, [r1, #12]
 875 0020 42F08002 		orr	r2, r2, #128
 876 0024 CA60     		str	r2, [r1, #12]
 877 0026 1846     		mov	r0, r3
 878 0028 7047     		bx	lr
 879              	.L122:
 880 002a 0220     		movs	r0, #2
 881 002c 7047     		bx	lr
 882              	.L123:
 883 002e 0120     		movs	r0, #1
 884 0030 7047     		bx	lr
ARM GAS  /tmp/cciK5C1q.s 			page 16


 885              	.L124:
 886 0032 0120     		movs	r0, #1
 887 0034 7047     		bx	lr
 889              		.section	.text.HAL_UART_Transmit_DMA,"ax",%progbits
 890              		.align	1
 891              		.global	HAL_UART_Transmit_DMA
 892              		.syntax unified
 893              		.thumb
 894              		.thumb_func
 896              	HAL_UART_Transmit_DMA:
 897              		@ args = 0, pretend = 0, frame = 0
 898              		@ frame_needed = 0, uses_anonymous_args = 0
 899 0000 38B5     		push	{r3, r4, r5, lr}
 900 0002 90F84130 		ldrb	r3, [r0, #65]	@ zero_extendqisi2
 901 0006 202B     		cmp	r3, #32
 902 0008 30D1     		bne	.L128
 903 000a 0446     		mov	r4, r0
 904 000c 0029     		cmp	r1, #0
 905 000e 2FD0     		beq	.L129
 906 0010 0AB9     		cbnz	r2, .L132
 907 0012 0120     		movs	r0, #1
 908              	.L126:
 909 0014 38BD     		pop	{r3, r4, r5, pc}
 910              	.L132:
 911 0016 0162     		str	r1, [r0, #32]
 912 0018 8284     		strh	r2, [r0, #36]	@ movhi
 913 001a C284     		strh	r2, [r0, #38]	@ movhi
 914 001c 0023     		movs	r3, #0
 915 001e 4364     		str	r3, [r0, #68]
 916 0020 2120     		movs	r0, #33
 917 0022 84F84100 		strb	r0, [r4, #65]
 918 0026 A06B     		ldr	r0, [r4, #56]
 919 0028 124D     		ldr	r5, .L133
 920 002a 8562     		str	r5, [r0, #40]
 921 002c A06B     		ldr	r0, [r4, #56]
 922 002e 124D     		ldr	r5, .L133+4
 923 0030 C562     		str	r5, [r0, #44]
 924 0032 A06B     		ldr	r0, [r4, #56]
 925 0034 114D     		ldr	r5, .L133+8
 926 0036 0563     		str	r5, [r0, #48]
 927 0038 A06B     		ldr	r0, [r4, #56]
 928 003a 4363     		str	r3, [r0, #52]
 929 003c 2068     		ldr	r0, [r4]
 930 003e 1346     		mov	r3, r2
 931 0040 021D     		adds	r2, r0, #4
 932 0042 A06B     		ldr	r0, [r4, #56]
 933 0044 FFF7FEFF 		bl	HAL_DMA_Start_IT
 934 0048 2368     		ldr	r3, [r4]
 935 004a 6FF04002 		mvn	r2, #64
 936 004e 1A60     		str	r2, [r3]
 937              	.L127:
 938 0050 2268     		ldr	r2, [r4]
 939 0052 02F11403 		add	r3, r2, #20
 940              		.syntax unified
 941              	@ 1072 "Drivers/CMSIS/Include/cmsis_gcc.h" 1
 942 0056 53E8003F 		ldrex r3, [r3]
 943              	@ 0 "" 2
ARM GAS  /tmp/cciK5C1q.s 			page 17


 944              		.thumb
 945              		.syntax unified
 946 005a 43F08003 		orr	r3, r3, #128
 947 005e 1432     		adds	r2, r2, #20
 948              		.syntax unified
 949              	@ 1123 "Drivers/CMSIS/Include/cmsis_gcc.h" 1
 950 0060 42E80031 		strex r1, r3, [r2]
 951              	@ 0 "" 2
 952              		.thumb
 953              		.syntax unified
 954 0064 0029     		cmp	r1, #0
 955 0066 F3D1     		bne	.L127
 956 0068 0020     		movs	r0, #0
 957 006a D3E7     		b	.L126
 958              	.L128:
 959 006c 0220     		movs	r0, #2
 960 006e D1E7     		b	.L126
 961              	.L129:
 962 0070 0120     		movs	r0, #1
 963 0072 CFE7     		b	.L126
 964              	.L134:
 965              		.align	2
 966              	.L133:
 967 0074 00000000 		.word	UART_DMATransmitCplt
 968 0078 00000000 		.word	UART_DMATxHalfCplt
 969 007c 00000000 		.word	UART_DMAError
 971              		.section	.text.HAL_UART_DMAPause,"ax",%progbits
 972              		.align	1
 973              		.global	HAL_UART_DMAPause
 974              		.syntax unified
 975              		.thumb
 976              		.thumb_func
 978              	HAL_UART_DMAPause:
 979              		@ args = 0, pretend = 0, frame = 0
 980              		@ frame_needed = 0, uses_anonymous_args = 0
 981              		@ link register save eliminated.
 982 0000 0368     		ldr	r3, [r0]
 983 0002 5B69     		ldr	r3, [r3, #20]
 984 0004 03F08003 		and	r3, r3, #128
 985 0008 90F84120 		ldrb	r2, [r0, #65]	@ zero_extendqisi2
 986 000c 212A     		cmp	r2, #33
 987 000e 09D0     		beq	.L142
 988              	.L136:
 989 0010 0368     		ldr	r3, [r0]
 990 0012 5B69     		ldr	r3, [r3, #20]
 991 0014 03F04003 		and	r3, r3, #64
 992 0018 90F84220 		ldrb	r2, [r0, #66]	@ zero_extendqisi2
 993 001c 222A     		cmp	r2, #34
 994 001e 10D0     		beq	.L143
 995              	.L138:
 996 0020 0020     		movs	r0, #0
 997 0022 7047     		bx	lr
 998              	.L142:
 999 0024 002B     		cmp	r3, #0
 1000 0026 F3D0     		beq	.L136
 1001              	.L137:
 1002 0028 0268     		ldr	r2, [r0]
ARM GAS  /tmp/cciK5C1q.s 			page 18


 1003 002a 02F11403 		add	r3, r2, #20
 1004              		.syntax unified
 1005              	@ 1072 "Drivers/CMSIS/Include/cmsis_gcc.h" 1
 1006 002e 53E8003F 		ldrex r3, [r3]
 1007              	@ 0 "" 2
 1008              		.thumb
 1009              		.syntax unified
 1010 0032 23F08003 		bic	r3, r3, #128
 1011 0036 1432     		adds	r2, r2, #20
 1012              		.syntax unified
 1013              	@ 1123 "Drivers/CMSIS/Include/cmsis_gcc.h" 1
 1014 0038 42E80031 		strex r1, r3, [r2]
 1015              	@ 0 "" 2
 1016              		.thumb
 1017              		.syntax unified
 1018 003c 0029     		cmp	r1, #0
 1019 003e F3D1     		bne	.L137
 1020 0040 E6E7     		b	.L136
 1021              	.L143:
 1022 0042 002B     		cmp	r3, #0
 1023 0044 ECD0     		beq	.L138
 1024              	.L139:
 1025 0046 0268     		ldr	r2, [r0]
 1026 0048 02F10C03 		add	r3, r2, #12
 1027              		.syntax unified
 1028              	@ 1072 "Drivers/CMSIS/Include/cmsis_gcc.h" 1
 1029 004c 53E8003F 		ldrex r3, [r3]
 1030              	@ 0 "" 2
 1031              		.thumb
 1032              		.syntax unified
 1033 0050 23F48073 		bic	r3, r3, #256
 1034 0054 0C32     		adds	r2, r2, #12
 1035              		.syntax unified
 1036              	@ 1123 "Drivers/CMSIS/Include/cmsis_gcc.h" 1
 1037 0056 42E80031 		strex r1, r3, [r2]
 1038              	@ 0 "" 2
 1039              		.thumb
 1040              		.syntax unified
 1041 005a 0029     		cmp	r1, #0
 1042 005c F3D1     		bne	.L139
 1043              	.L140:
 1044 005e 0268     		ldr	r2, [r0]
 1045 0060 02F11403 		add	r3, r2, #20
 1046              		.syntax unified
 1047              	@ 1072 "Drivers/CMSIS/Include/cmsis_gcc.h" 1
 1048 0064 53E8003F 		ldrex r3, [r3]
 1049              	@ 0 "" 2
 1050              		.thumb
 1051              		.syntax unified
 1052 0068 23F00103 		bic	r3, r3, #1
 1053 006c 1432     		adds	r2, r2, #20
 1054              		.syntax unified
 1055              	@ 1123 "Drivers/CMSIS/Include/cmsis_gcc.h" 1
 1056 006e 42E80031 		strex r1, r3, [r2]
 1057              	@ 0 "" 2
 1058              		.thumb
 1059              		.syntax unified
ARM GAS  /tmp/cciK5C1q.s 			page 19


 1060 0072 0029     		cmp	r1, #0
 1061 0074 F3D1     		bne	.L140
 1062              	.L141:
 1063 0076 0268     		ldr	r2, [r0]
 1064 0078 02F11403 		add	r3, r2, #20
 1065              		.syntax unified
 1066              	@ 1072 "Drivers/CMSIS/Include/cmsis_gcc.h" 1
 1067 007c 53E8003F 		ldrex r3, [r3]
 1068              	@ 0 "" 2
 1069              		.thumb
 1070              		.syntax unified
 1071 0080 23F04003 		bic	r3, r3, #64
 1072 0084 1432     		adds	r2, r2, #20
 1073              		.syntax unified
 1074              	@ 1123 "Drivers/CMSIS/Include/cmsis_gcc.h" 1
 1075 0086 42E80031 		strex r1, r3, [r2]
 1076              	@ 0 "" 2
 1077              		.thumb
 1078              		.syntax unified
 1079 008a 0029     		cmp	r1, #0
 1080 008c F3D1     		bne	.L141
 1081 008e C7E7     		b	.L138
 1083              		.section	.text.HAL_UART_DMAResume,"ax",%progbits
 1084              		.align	1
 1085              		.global	HAL_UART_DMAResume
 1086              		.syntax unified
 1087              		.thumb
 1088              		.thumb_func
 1090              	HAL_UART_DMAResume:
 1091              		@ args = 0, pretend = 0, frame = 8
 1092              		@ frame_needed = 0, uses_anonymous_args = 0
 1093              		@ link register save eliminated.
 1094 0000 90F84130 		ldrb	r3, [r0, #65]	@ zero_extendqisi2
 1095 0004 212B     		cmp	r3, #33
 1096 0006 05D0     		beq	.L146
 1097              	.L145:
 1098 0008 90F84230 		ldrb	r3, [r0, #66]	@ zero_extendqisi2
 1099 000c 222B     		cmp	r3, #34
 1100 000e 0ED0     		beq	.L156
 1101 0010 0020     		movs	r0, #0
 1102 0012 7047     		bx	lr
 1103              	.L146:
 1104 0014 0268     		ldr	r2, [r0]
 1105 0016 02F11403 		add	r3, r2, #20
 1106              		.syntax unified
 1107              	@ 1072 "Drivers/CMSIS/Include/cmsis_gcc.h" 1
 1108 001a 53E8003F 		ldrex r3, [r3]
 1109              	@ 0 "" 2
 1110              		.thumb
 1111              		.syntax unified
 1112 001e 43F08003 		orr	r3, r3, #128
 1113 0022 1432     		adds	r2, r2, #20
 1114              		.syntax unified
 1115              	@ 1123 "Drivers/CMSIS/Include/cmsis_gcc.h" 1
 1116 0024 42E80031 		strex r1, r3, [r2]
 1117              	@ 0 "" 2
 1118              		.thumb
ARM GAS  /tmp/cciK5C1q.s 			page 20


 1119              		.syntax unified
 1120 0028 0029     		cmp	r1, #0
 1121 002a F3D1     		bne	.L146
 1122 002c ECE7     		b	.L145
 1123              	.L156:
 1124 002e 82B0     		sub	sp, sp, #8
 1125 0030 0023     		movs	r3, #0
 1126 0032 0193     		str	r3, [sp, #4]
 1127 0034 0368     		ldr	r3, [r0]
 1128 0036 1A68     		ldr	r2, [r3]
 1129 0038 0192     		str	r2, [sp, #4]
 1130 003a 5B68     		ldr	r3, [r3, #4]
 1131 003c 0193     		str	r3, [sp, #4]
 1132 003e 019B     		ldr	r3, [sp, #4]
 1133 0040 0369     		ldr	r3, [r0, #16]
 1134 0042 5BB1     		cbz	r3, .L150
 1135              	.L149:
 1136 0044 0268     		ldr	r2, [r0]
 1137 0046 02F10C03 		add	r3, r2, #12
 1138              		.syntax unified
 1139              	@ 1072 "Drivers/CMSIS/Include/cmsis_gcc.h" 1
 1140 004a 53E8003F 		ldrex r3, [r3]
 1141              	@ 0 "" 2
 1142              		.thumb
 1143              		.syntax unified
 1144 004e 43F48073 		orr	r3, r3, #256
 1145 0052 0C32     		adds	r2, r2, #12
 1146              		.syntax unified
 1147              	@ 1123 "Drivers/CMSIS/Include/cmsis_gcc.h" 1
 1148 0054 42E80031 		strex r1, r3, [r2]
 1149              	@ 0 "" 2
 1150              		.thumb
 1151              		.syntax unified
 1152 0058 0029     		cmp	r1, #0
 1153 005a F3D1     		bne	.L149
 1154              	.L150:
 1155 005c 0268     		ldr	r2, [r0]
 1156 005e 02F11403 		add	r3, r2, #20
 1157              		.syntax unified
 1158              	@ 1072 "Drivers/CMSIS/Include/cmsis_gcc.h" 1
 1159 0062 53E8003F 		ldrex r3, [r3]
 1160              	@ 0 "" 2
 1161              		.thumb
 1162              		.syntax unified
 1163 0066 43F00103 		orr	r3, r3, #1
 1164 006a 1432     		adds	r2, r2, #20
 1165              		.syntax unified
 1166              	@ 1123 "Drivers/CMSIS/Include/cmsis_gcc.h" 1
 1167 006c 42E80031 		strex r1, r3, [r2]
 1168              	@ 0 "" 2
 1169              		.thumb
 1170              		.syntax unified
 1171 0070 0029     		cmp	r1, #0
 1172 0072 F3D1     		bne	.L150
 1173              	.L151:
 1174 0074 0268     		ldr	r2, [r0]
 1175 0076 02F11403 		add	r3, r2, #20
ARM GAS  /tmp/cciK5C1q.s 			page 21


 1176              		.syntax unified
 1177              	@ 1072 "Drivers/CMSIS/Include/cmsis_gcc.h" 1
 1178 007a 53E8003F 		ldrex r3, [r3]
 1179              	@ 0 "" 2
 1180              		.thumb
 1181              		.syntax unified
 1182 007e 43F04003 		orr	r3, r3, #64
 1183 0082 1432     		adds	r2, r2, #20
 1184              		.syntax unified
 1185              	@ 1123 "Drivers/CMSIS/Include/cmsis_gcc.h" 1
 1186 0084 42E80031 		strex r1, r3, [r2]
 1187              	@ 0 "" 2
 1188              		.thumb
 1189              		.syntax unified
 1190 0088 0029     		cmp	r1, #0
 1191 008a F3D1     		bne	.L151
 1192 008c 0020     		movs	r0, #0
 1193 008e 02B0     		add	sp, sp, #8
 1194              		@ sp needed
 1195 0090 7047     		bx	lr
 1197              		.section	.text.HAL_UART_DMAStop,"ax",%progbits
 1198              		.align	1
 1199              		.global	HAL_UART_DMAStop
 1200              		.syntax unified
 1201              		.thumb
 1202              		.thumb_func
 1204              	HAL_UART_DMAStop:
 1205              		@ args = 0, pretend = 0, frame = 0
 1206              		@ frame_needed = 0, uses_anonymous_args = 0
 1207 0000 10B5     		push	{r4, lr}
 1208 0002 0446     		mov	r4, r0
 1209 0004 0368     		ldr	r3, [r0]
 1210 0006 5B69     		ldr	r3, [r3, #20]
 1211 0008 90F84120 		ldrb	r2, [r0, #65]	@ zero_extendqisi2
 1212 000c 212A     		cmp	r2, #33
 1213 000e 09D0     		beq	.L165
 1214              	.L158:
 1215 0010 2368     		ldr	r3, [r4]
 1216 0012 5B69     		ldr	r3, [r3, #20]
 1217 0014 03F04003 		and	r3, r3, #64
 1218 0018 94F84220 		ldrb	r2, [r4, #66]	@ zero_extendqisi2
 1219 001c 222A     		cmp	r2, #34
 1220 001e 19D0     		beq	.L166
 1221              	.L161:
 1222 0020 0020     		movs	r0, #0
 1223 0022 10BD     		pop	{r4, pc}
 1224              	.L165:
 1225 0024 03F08003 		and	r3, r3, #128
 1226 0028 002B     		cmp	r3, #0
 1227 002a F1D0     		beq	.L158
 1228              	.L159:
 1229 002c 2268     		ldr	r2, [r4]
 1230 002e 02F11403 		add	r3, r2, #20
 1231              		.syntax unified
 1232              	@ 1072 "Drivers/CMSIS/Include/cmsis_gcc.h" 1
 1233 0032 53E8003F 		ldrex r3, [r3]
 1234              	@ 0 "" 2
ARM GAS  /tmp/cciK5C1q.s 			page 22


 1235              		.thumb
 1236              		.syntax unified
 1237 0036 23F08003 		bic	r3, r3, #128
 1238 003a 1432     		adds	r2, r2, #20
 1239              		.syntax unified
 1240              	@ 1123 "Drivers/CMSIS/Include/cmsis_gcc.h" 1
 1241 003c 42E80031 		strex r1, r3, [r2]
 1242              	@ 0 "" 2
 1243              		.thumb
 1244              		.syntax unified
 1245 0040 0029     		cmp	r1, #0
 1246 0042 F3D1     		bne	.L159
 1247 0044 A06B     		ldr	r0, [r4, #56]
 1248 0046 08B1     		cbz	r0, .L160
 1249 0048 FFF7FEFF 		bl	HAL_DMA_Abort
 1250              	.L160:
 1251 004c 2046     		mov	r0, r4
 1252 004e FFF7FEFF 		bl	UART_EndTxTransfer
 1253 0052 DDE7     		b	.L158
 1254              	.L166:
 1255 0054 002B     		cmp	r3, #0
 1256 0056 E3D0     		beq	.L161
 1257              	.L162:
 1258 0058 2268     		ldr	r2, [r4]
 1259 005a 02F11403 		add	r3, r2, #20
 1260              		.syntax unified
 1261              	@ 1072 "Drivers/CMSIS/Include/cmsis_gcc.h" 1
 1262 005e 53E8003F 		ldrex r3, [r3]
 1263              	@ 0 "" 2
 1264              		.thumb
 1265              		.syntax unified
 1266 0062 23F04003 		bic	r3, r3, #64
 1267 0066 1432     		adds	r2, r2, #20
 1268              		.syntax unified
 1269              	@ 1123 "Drivers/CMSIS/Include/cmsis_gcc.h" 1
 1270 0068 42E80031 		strex r1, r3, [r2]
 1271              	@ 0 "" 2
 1272              		.thumb
 1273              		.syntax unified
 1274 006c 0029     		cmp	r1, #0
 1275 006e F3D1     		bne	.L162
 1276 0070 E06B     		ldr	r0, [r4, #60]
 1277 0072 08B1     		cbz	r0, .L163
 1278 0074 FFF7FEFF 		bl	HAL_DMA_Abort
 1279              	.L163:
 1280 0078 2046     		mov	r0, r4
 1281 007a FFF7FEFF 		bl	UART_EndRxTransfer
 1282 007e CFE7     		b	.L161
 1284              		.section	.text.HAL_UARTEx_ReceiveToIdle,"ax",%progbits
 1285              		.align	1
 1286              		.global	HAL_UARTEx_ReceiveToIdle
 1287              		.syntax unified
 1288              		.thumb
 1289              		.thumb_func
 1291              	HAL_UARTEx_ReceiveToIdle:
 1292              		@ args = 4, pretend = 0, frame = 8
 1293              		@ frame_needed = 0, uses_anonymous_args = 0
ARM GAS  /tmp/cciK5C1q.s 			page 23


 1294 0000 2DE9F043 		push	{r4, r5, r6, r7, r8, r9, lr}
 1295 0004 83B0     		sub	sp, sp, #12
 1296 0006 1E46     		mov	r6, r3
 1297 0008 0A9F     		ldr	r7, [sp, #40]
 1298 000a 90F84230 		ldrb	r3, [r0, #66]	@ zero_extendqisi2
 1299 000e 202B     		cmp	r3, #32
 1300 0010 7FD1     		bne	.L181
 1301 0012 0446     		mov	r4, r0
 1302 0014 0D46     		mov	r5, r1
 1303 0016 9146     		mov	r9, r2
 1304 0018 0029     		cmp	r1, #0
 1305 001a 7ED0     		beq	.L182
 1306 001c 0AB9     		cbnz	r2, .L187
 1307 001e 0120     		movs	r0, #1
 1308 0020 78E0     		b	.L168
 1309              	.L187:
 1310 0022 0023     		movs	r3, #0
 1311 0024 4364     		str	r3, [r0, #68]
 1312 0026 2222     		movs	r2, #34
 1313 0028 80F84220 		strb	r2, [r0, #66]
 1314 002c 0122     		movs	r2, #1
 1315 002e 0263     		str	r2, [r0, #48]
 1316 0030 4363     		str	r3, [r0, #52]
 1317 0032 FFF7FEFF 		bl	HAL_GetTick
 1318 0036 8046     		mov	r8, r0
 1319 0038 A4F82C90 		strh	r9, [r4, #44]	@ movhi
 1320 003c A4F82E90 		strh	r9, [r4, #46]	@ movhi
 1321 0040 A368     		ldr	r3, [r4, #8]
 1322 0042 B3F5805F 		cmp	r3, #4096
 1323 0046 04D0     		beq	.L188
 1324 0048 4FF00009 		mov	r9, #0
 1325              	.L169:
 1326 004c 0023     		movs	r3, #0
 1327 004e 3380     		strh	r3, [r6]	@ movhi
 1328 0050 22E0     		b	.L170
 1329              	.L188:
 1330 0052 2369     		ldr	r3, [r4, #16]
 1331 0054 13B1     		cbz	r3, .L185
 1332 0056 4FF00009 		mov	r9, #0
 1333 005a F7E7     		b	.L169
 1334              	.L185:
 1335 005c A946     		mov	r9, r5
 1336 005e 0025     		movs	r5, #0
 1337 0060 F4E7     		b	.L169
 1338              	.L191:
 1339 0062 0223     		movs	r3, #2
 1340 0064 6363     		str	r3, [r4, #52]
 1341 0066 2023     		movs	r3, #32
 1342 0068 84F84230 		strb	r3, [r4, #66]
 1343 006c 0020     		movs	r0, #0
 1344 006e 51E0     		b	.L168
 1345              	.L192:
 1346 0070 5368     		ldr	r3, [r2, #4]
 1347 0072 C3F30803 		ubfx	r3, r3, #0, #9
 1348 0076 29F8023B 		strh	r3, [r9], #2	@ movhi
 1349 007a 02E0     		b	.L174
 1350              	.L175:
ARM GAS  /tmp/cciK5C1q.s 			page 24


 1351 007c 5368     		ldr	r3, [r2, #4]
 1352 007e 2B70     		strb	r3, [r5]
 1353              	.L177:
 1354 0080 0135     		adds	r5, r5, #1
 1355              	.L174:
 1356 0082 3388     		ldrh	r3, [r6]
 1357 0084 0133     		adds	r3, r3, #1
 1358 0086 3380     		strh	r3, [r6]	@ movhi
 1359 0088 E38D     		ldrh	r3, [r4, #46]
 1360 008a 9BB2     		uxth	r3, r3
 1361 008c 013B     		subs	r3, r3, #1
 1362 008e 9BB2     		uxth	r3, r3
 1363 0090 E385     		strh	r3, [r4, #46]	@ movhi
 1364              	.L172:
 1365 0092 B7F1FF3F 		cmp	r7, #-1
 1366 0096 25D1     		bne	.L189
 1367              	.L170:
 1368 0098 E28D     		ldrh	r2, [r4, #46]
 1369 009a 92B2     		uxth	r2, r2
 1370 009c 002A     		cmp	r2, #0
 1371 009e 2ED0     		beq	.L190
 1372 00a0 2268     		ldr	r2, [r4]
 1373 00a2 1368     		ldr	r3, [r2]
 1374 00a4 13F0100F 		tst	r3, #16
 1375 00a8 09D0     		beq	.L171
 1376 00aa 0023     		movs	r3, #0
 1377 00ac 0193     		str	r3, [sp, #4]
 1378 00ae 1368     		ldr	r3, [r2]
 1379 00b0 0193     		str	r3, [sp, #4]
 1380 00b2 5368     		ldr	r3, [r2, #4]
 1381 00b4 0193     		str	r3, [sp, #4]
 1382 00b6 019B     		ldr	r3, [sp, #4]
 1383 00b8 3388     		ldrh	r3, [r6]
 1384 00ba 002B     		cmp	r3, #0
 1385 00bc D1D1     		bne	.L191
 1386              	.L171:
 1387 00be 1368     		ldr	r3, [r2]
 1388 00c0 13F0200F 		tst	r3, #32
 1389 00c4 E5D0     		beq	.L172
 1390 00c6 002D     		cmp	r5, #0
 1391 00c8 D2D0     		beq	.L192
 1392 00ca A368     		ldr	r3, [r4, #8]
 1393 00cc B3F5805F 		cmp	r3, #4096
 1394 00d0 D4D0     		beq	.L175
 1395 00d2 13B9     		cbnz	r3, .L176
 1396 00d4 2369     		ldr	r3, [r4, #16]
 1397 00d6 002B     		cmp	r3, #0
 1398 00d8 D0D0     		beq	.L175
 1399              	.L176:
 1400 00da 5368     		ldr	r3, [r2, #4]
 1401 00dc 03F07F03 		and	r3, r3, #127
 1402 00e0 2B70     		strb	r3, [r5]
 1403 00e2 CDE7     		b	.L177
 1404              	.L189:
 1405 00e4 FFF7FEFF 		bl	HAL_GetTick
 1406 00e8 A0EB0800 		sub	r0, r0, r8
 1407 00ec B842     		cmp	r0, r7
ARM GAS  /tmp/cciK5C1q.s 			page 25


 1408 00ee 01D8     		bhi	.L179
 1409 00f0 002F     		cmp	r7, #0
 1410 00f2 D1D1     		bne	.L170
 1411              	.L179:
 1412 00f4 2023     		movs	r3, #32
 1413 00f6 84F84230 		strb	r3, [r4, #66]
 1414 00fa 0320     		movs	r0, #3
 1415 00fc 0AE0     		b	.L168
 1416              	.L190:
 1417 00fe A38D     		ldrh	r3, [r4, #44]
 1418 0100 E28D     		ldrh	r2, [r4, #46]
 1419 0102 92B2     		uxth	r2, r2
 1420 0104 9B1A     		subs	r3, r3, r2
 1421 0106 3380     		strh	r3, [r6]	@ movhi
 1422 0108 2023     		movs	r3, #32
 1423 010a 84F84230 		strb	r3, [r4, #66]
 1424 010e 0020     		movs	r0, #0
 1425 0110 00E0     		b	.L168
 1426              	.L181:
 1427 0112 0220     		movs	r0, #2
 1428              	.L168:
 1429 0114 03B0     		add	sp, sp, #12
 1430              		@ sp needed
 1431 0116 BDE8F083 		pop	{r4, r5, r6, r7, r8, r9, pc}
 1432              	.L182:
 1433 011a 0120     		movs	r0, #1
 1434 011c FAE7     		b	.L168
 1436              		.section	.text.HAL_UARTEx_GetRxEventType,"ax",%progbits
 1437              		.align	1
 1438              		.global	HAL_UARTEx_GetRxEventType
 1439              		.syntax unified
 1440              		.thumb
 1441              		.thumb_func
 1443              	HAL_UARTEx_GetRxEventType:
 1444              		@ args = 0, pretend = 0, frame = 0
 1445              		@ frame_needed = 0, uses_anonymous_args = 0
 1446              		@ link register save eliminated.
 1447 0000 406B     		ldr	r0, [r0, #52]
 1448 0002 7047     		bx	lr
 1450              		.section	.text.HAL_UART_Abort,"ax",%progbits
 1451              		.align	1
 1452              		.global	HAL_UART_Abort
 1453              		.syntax unified
 1454              		.thumb
 1455              		.thumb_func
 1457              	HAL_UART_Abort:
 1458              		@ args = 0, pretend = 0, frame = 0
 1459              		@ frame_needed = 0, uses_anonymous_args = 0
 1460 0000 10B5     		push	{r4, lr}
 1461 0002 0446     		mov	r4, r0
 1462              	.L195:
 1463 0004 2268     		ldr	r2, [r4]
 1464 0006 02F10C03 		add	r3, r2, #12
 1465              		.syntax unified
 1466              	@ 1072 "Drivers/CMSIS/Include/cmsis_gcc.h" 1
 1467 000a 53E8003F 		ldrex r3, [r3]
 1468              	@ 0 "" 2
ARM GAS  /tmp/cciK5C1q.s 			page 26


 1469              		.thumb
 1470              		.syntax unified
 1471 000e 23F4F073 		bic	r3, r3, #480
 1472 0012 0C32     		adds	r2, r2, #12
 1473              		.syntax unified
 1474              	@ 1123 "Drivers/CMSIS/Include/cmsis_gcc.h" 1
 1475 0014 42E80031 		strex r1, r3, [r2]
 1476              	@ 0 "" 2
 1477              		.thumb
 1478              		.syntax unified
 1479 0018 0029     		cmp	r1, #0
 1480 001a F3D1     		bne	.L195
 1481              	.L196:
 1482 001c 2268     		ldr	r2, [r4]
 1483 001e 02F11403 		add	r3, r2, #20
 1484              		.syntax unified
 1485              	@ 1072 "Drivers/CMSIS/Include/cmsis_gcc.h" 1
 1486 0022 53E8003F 		ldrex r3, [r3]
 1487              	@ 0 "" 2
 1488              		.thumb
 1489              		.syntax unified
 1490 0026 23F00103 		bic	r3, r3, #1
 1491 002a 1432     		adds	r2, r2, #20
 1492              		.syntax unified
 1493              	@ 1123 "Drivers/CMSIS/Include/cmsis_gcc.h" 1
 1494 002c 42E80031 		strex r1, r3, [r2]
 1495              	@ 0 "" 2
 1496              		.thumb
 1497              		.syntax unified
 1498 0030 0029     		cmp	r1, #0
 1499 0032 F3D1     		bne	.L196
 1500 0034 236B     		ldr	r3, [r4, #48]
 1501 0036 012B     		cmp	r3, #1
 1502 0038 3CD0     		beq	.L198
 1503              	.L197:
 1504 003a 2368     		ldr	r3, [r4]
 1505 003c 5B69     		ldr	r3, [r3, #20]
 1506 003e 13F0800F 		tst	r3, #128
 1507 0042 13D0     		beq	.L199
 1508              	.L200:
 1509 0044 2268     		ldr	r2, [r4]
 1510 0046 02F11403 		add	r3, r2, #20
 1511              		.syntax unified
 1512              	@ 1072 "Drivers/CMSIS/Include/cmsis_gcc.h" 1
 1513 004a 53E8003F 		ldrex r3, [r3]
 1514              	@ 0 "" 2
 1515              		.thumb
 1516              		.syntax unified
 1517 004e 23F08003 		bic	r3, r3, #128
 1518 0052 1432     		adds	r2, r2, #20
 1519              		.syntax unified
 1520              	@ 1123 "Drivers/CMSIS/Include/cmsis_gcc.h" 1
 1521 0054 42E80031 		strex r1, r3, [r2]
 1522              	@ 0 "" 2
 1523              		.thumb
 1524              		.syntax unified
 1525 0058 0029     		cmp	r1, #0
ARM GAS  /tmp/cciK5C1q.s 			page 27


 1526 005a F3D1     		bne	.L200
 1527 005c A36B     		ldr	r3, [r4, #56]
 1528 005e 2BB1     		cbz	r3, .L199
 1529 0060 0022     		movs	r2, #0
 1530 0062 5A63     		str	r2, [r3, #52]
 1531 0064 A06B     		ldr	r0, [r4, #56]
 1532 0066 FFF7FEFF 		bl	HAL_DMA_Abort
 1533 006a 80BB     		cbnz	r0, .L205
 1534              	.L199:
 1535 006c 2368     		ldr	r3, [r4]
 1536 006e 5B69     		ldr	r3, [r3, #20]
 1537 0070 13F0400F 		tst	r3, #64
 1538 0074 13D0     		beq	.L202
 1539              	.L203:
 1540 0076 2268     		ldr	r2, [r4]
 1541 0078 02F11403 		add	r3, r2, #20
 1542              		.syntax unified
 1543              	@ 1072 "Drivers/CMSIS/Include/cmsis_gcc.h" 1
 1544 007c 53E8003F 		ldrex r3, [r3]
 1545              	@ 0 "" 2
 1546              		.thumb
 1547              		.syntax unified
 1548 0080 23F04003 		bic	r3, r3, #64
 1549 0084 1432     		adds	r2, r2, #20
 1550              		.syntax unified
 1551              	@ 1123 "Drivers/CMSIS/Include/cmsis_gcc.h" 1
 1552 0086 42E80031 		strex r1, r3, [r2]
 1553              	@ 0 "" 2
 1554              		.thumb
 1555              		.syntax unified
 1556 008a 0029     		cmp	r1, #0
 1557 008c F3D1     		bne	.L203
 1558 008e E36B     		ldr	r3, [r4, #60]
 1559 0090 2BB1     		cbz	r3, .L202
 1560 0092 0022     		movs	r2, #0
 1561 0094 5A63     		str	r2, [r3, #52]
 1562 0096 E06B     		ldr	r0, [r4, #60]
 1563 0098 FFF7FEFF 		bl	HAL_DMA_Abort
 1564 009c 00BB     		cbnz	r0, .L206
 1565              	.L202:
 1566 009e 0020     		movs	r0, #0
 1567 00a0 E084     		strh	r0, [r4, #38]	@ movhi
 1568 00a2 E085     		strh	r0, [r4, #46]	@ movhi
 1569 00a4 6064     		str	r0, [r4, #68]
 1570 00a6 2023     		movs	r3, #32
 1571 00a8 84F84230 		strb	r3, [r4, #66]
 1572 00ac 84F84130 		strb	r3, [r4, #65]
 1573 00b0 2063     		str	r0, [r4, #48]
 1574              	.L201:
 1575 00b2 10BD     		pop	{r4, pc}
 1576              	.L198:
 1577 00b4 2268     		ldr	r2, [r4]
 1578 00b6 02F10C03 		add	r3, r2, #12
 1579              		.syntax unified
 1580              	@ 1072 "Drivers/CMSIS/Include/cmsis_gcc.h" 1
 1581 00ba 53E8003F 		ldrex r3, [r3]
 1582              	@ 0 "" 2
ARM GAS  /tmp/cciK5C1q.s 			page 28


 1583              		.thumb
 1584              		.syntax unified
 1585 00be 23F01003 		bic	r3, r3, #16
 1586 00c2 0C32     		adds	r2, r2, #12
 1587              		.syntax unified
 1588              	@ 1123 "Drivers/CMSIS/Include/cmsis_gcc.h" 1
 1589 00c4 42E80031 		strex r1, r3, [r2]
 1590              	@ 0 "" 2
 1591              		.thumb
 1592              		.syntax unified
 1593 00c8 0029     		cmp	r1, #0
 1594 00ca F3D1     		bne	.L198
 1595 00cc B5E7     		b	.L197
 1596              	.L205:
 1597 00ce A06B     		ldr	r0, [r4, #56]
 1598 00d0 FFF7FEFF 		bl	HAL_DMA_GetError
 1599 00d4 2028     		cmp	r0, #32
 1600 00d6 C9D1     		bne	.L199
 1601 00d8 1023     		movs	r3, #16
 1602 00da 6364     		str	r3, [r4, #68]
 1603 00dc 0320     		movs	r0, #3
 1604 00de E8E7     		b	.L201
 1605              	.L206:
 1606 00e0 E06B     		ldr	r0, [r4, #60]
 1607 00e2 FFF7FEFF 		bl	HAL_DMA_GetError
 1608 00e6 2028     		cmp	r0, #32
 1609 00e8 D9D1     		bne	.L202
 1610 00ea 1023     		movs	r3, #16
 1611 00ec 6364     		str	r3, [r4, #68]
 1612 00ee 0320     		movs	r0, #3
 1613 00f0 DFE7     		b	.L201
 1615              		.section	.text.HAL_UART_AbortTransmit,"ax",%progbits
 1616              		.align	1
 1617              		.global	HAL_UART_AbortTransmit
 1618              		.syntax unified
 1619              		.thumb
 1620              		.thumb_func
 1622              	HAL_UART_AbortTransmit:
 1623              		@ args = 0, pretend = 0, frame = 0
 1624              		@ frame_needed = 0, uses_anonymous_args = 0
 1625 0000 10B5     		push	{r4, lr}
 1626 0002 0446     		mov	r4, r0
 1627              	.L208:
 1628 0004 2268     		ldr	r2, [r4]
 1629 0006 02F10C03 		add	r3, r2, #12
 1630              		.syntax unified
 1631              	@ 1072 "Drivers/CMSIS/Include/cmsis_gcc.h" 1
 1632 000a 53E8003F 		ldrex r3, [r3]
 1633              	@ 0 "" 2
 1634              		.thumb
 1635              		.syntax unified
 1636 000e 23F0C003 		bic	r3, r3, #192
 1637 0012 0C32     		adds	r2, r2, #12
 1638              		.syntax unified
 1639              	@ 1123 "Drivers/CMSIS/Include/cmsis_gcc.h" 1
 1640 0014 42E80031 		strex r1, r3, [r2]
 1641              	@ 0 "" 2
ARM GAS  /tmp/cciK5C1q.s 			page 29


 1642              		.thumb
 1643              		.syntax unified
 1644 0018 0029     		cmp	r1, #0
 1645 001a F3D1     		bne	.L208
 1646 001c 2368     		ldr	r3, [r4]
 1647 001e 5B69     		ldr	r3, [r3, #20]
 1648 0020 13F0800F 		tst	r3, #128
 1649 0024 13D0     		beq	.L209
 1650              	.L210:
 1651 0026 2268     		ldr	r2, [r4]
 1652 0028 02F11403 		add	r3, r2, #20
 1653              		.syntax unified
 1654              	@ 1072 "Drivers/CMSIS/Include/cmsis_gcc.h" 1
 1655 002c 53E8003F 		ldrex r3, [r3]
 1656              	@ 0 "" 2
 1657              		.thumb
 1658              		.syntax unified
 1659 0030 23F08003 		bic	r3, r3, #128
 1660 0034 1432     		adds	r2, r2, #20
 1661              		.syntax unified
 1662              	@ 1123 "Drivers/CMSIS/Include/cmsis_gcc.h" 1
 1663 0036 42E80031 		strex r1, r3, [r2]
 1664              	@ 0 "" 2
 1665              		.thumb
 1666              		.syntax unified
 1667 003a 0029     		cmp	r1, #0
 1668 003c F3D1     		bne	.L210
 1669 003e A36B     		ldr	r3, [r4, #56]
 1670 0040 2BB1     		cbz	r3, .L209
 1671 0042 0022     		movs	r2, #0
 1672 0044 5A63     		str	r2, [r3, #52]
 1673 0046 A06B     		ldr	r0, [r4, #56]
 1674 0048 FFF7FEFF 		bl	HAL_DMA_Abort
 1675 004c 28B9     		cbnz	r0, .L213
 1676              	.L209:
 1677 004e 0020     		movs	r0, #0
 1678 0050 E084     		strh	r0, [r4, #38]	@ movhi
 1679 0052 2023     		movs	r3, #32
 1680 0054 84F84130 		strb	r3, [r4, #65]
 1681              	.L211:
 1682 0058 10BD     		pop	{r4, pc}
 1683              	.L213:
 1684 005a A06B     		ldr	r0, [r4, #56]
 1685 005c FFF7FEFF 		bl	HAL_DMA_GetError
 1686 0060 2028     		cmp	r0, #32
 1687 0062 F4D1     		bne	.L209
 1688 0064 1023     		movs	r3, #16
 1689 0066 6364     		str	r3, [r4, #68]
 1690 0068 0320     		movs	r0, #3
 1691 006a F5E7     		b	.L211
 1693              		.section	.text.HAL_UART_AbortReceive,"ax",%progbits
 1694              		.align	1
 1695              		.global	HAL_UART_AbortReceive
 1696              		.syntax unified
 1697              		.thumb
 1698              		.thumb_func
 1700              	HAL_UART_AbortReceive:
ARM GAS  /tmp/cciK5C1q.s 			page 30


 1701              		@ args = 0, pretend = 0, frame = 0
 1702              		@ frame_needed = 0, uses_anonymous_args = 0
 1703 0000 10B5     		push	{r4, lr}
 1704 0002 0446     		mov	r4, r0
 1705              	.L215:
 1706 0004 2268     		ldr	r2, [r4]
 1707 0006 02F10C03 		add	r3, r2, #12
 1708              		.syntax unified
 1709              	@ 1072 "Drivers/CMSIS/Include/cmsis_gcc.h" 1
 1710 000a 53E8003F 		ldrex r3, [r3]
 1711              	@ 0 "" 2
 1712              		.thumb
 1713              		.syntax unified
 1714 000e 23F49073 		bic	r3, r3, #288
 1715 0012 0C32     		adds	r2, r2, #12
 1716              		.syntax unified
 1717              	@ 1123 "Drivers/CMSIS/Include/cmsis_gcc.h" 1
 1718 0014 42E80031 		strex r1, r3, [r2]
 1719              	@ 0 "" 2
 1720              		.thumb
 1721              		.syntax unified
 1722 0018 0029     		cmp	r1, #0
 1723 001a F3D1     		bne	.L215
 1724              	.L216:
 1725 001c 2268     		ldr	r2, [r4]
 1726 001e 02F11403 		add	r3, r2, #20
 1727              		.syntax unified
 1728              	@ 1072 "Drivers/CMSIS/Include/cmsis_gcc.h" 1
 1729 0022 53E8003F 		ldrex r3, [r3]
 1730              	@ 0 "" 2
 1731              		.thumb
 1732              		.syntax unified
 1733 0026 23F00103 		bic	r3, r3, #1
 1734 002a 1432     		adds	r2, r2, #20
 1735              		.syntax unified
 1736              	@ 1123 "Drivers/CMSIS/Include/cmsis_gcc.h" 1
 1737 002c 42E80031 		strex r1, r3, [r2]
 1738              	@ 0 "" 2
 1739              		.thumb
 1740              		.syntax unified
 1741 0030 0029     		cmp	r1, #0
 1742 0032 F3D1     		bne	.L216
 1743 0034 236B     		ldr	r3, [r4, #48]
 1744 0036 012B     		cmp	r3, #1
 1745 0038 1FD0     		beq	.L218
 1746              	.L217:
 1747 003a 2368     		ldr	r3, [r4]
 1748 003c 5B69     		ldr	r3, [r3, #20]
 1749 003e 13F0400F 		tst	r3, #64
 1750 0042 13D0     		beq	.L219
 1751              	.L220:
 1752 0044 2268     		ldr	r2, [r4]
 1753 0046 02F11403 		add	r3, r2, #20
 1754              		.syntax unified
 1755              	@ 1072 "Drivers/CMSIS/Include/cmsis_gcc.h" 1
 1756 004a 53E8003F 		ldrex r3, [r3]
 1757              	@ 0 "" 2
ARM GAS  /tmp/cciK5C1q.s 			page 31


 1758              		.thumb
 1759              		.syntax unified
 1760 004e 23F04003 		bic	r3, r3, #64
 1761 0052 1432     		adds	r2, r2, #20
 1762              		.syntax unified
 1763              	@ 1123 "Drivers/CMSIS/Include/cmsis_gcc.h" 1
 1764 0054 42E80031 		strex r1, r3, [r2]
 1765              	@ 0 "" 2
 1766              		.thumb
 1767              		.syntax unified
 1768 0058 0029     		cmp	r1, #0
 1769 005a F3D1     		bne	.L220
 1770 005c E36B     		ldr	r3, [r4, #60]
 1771 005e 2BB1     		cbz	r3, .L219
 1772 0060 0022     		movs	r2, #0
 1773 0062 5A63     		str	r2, [r3, #52]
 1774 0064 E06B     		ldr	r0, [r4, #60]
 1775 0066 FFF7FEFF 		bl	HAL_DMA_Abort
 1776 006a 98B9     		cbnz	r0, .L223
 1777              	.L219:
 1778 006c 0020     		movs	r0, #0
 1779 006e E085     		strh	r0, [r4, #46]	@ movhi
 1780 0070 2023     		movs	r3, #32
 1781 0072 84F84230 		strb	r3, [r4, #66]
 1782 0076 2063     		str	r0, [r4, #48]
 1783              	.L221:
 1784 0078 10BD     		pop	{r4, pc}
 1785              	.L218:
 1786 007a 2268     		ldr	r2, [r4]
 1787 007c 02F10C03 		add	r3, r2, #12
 1788              		.syntax unified
 1789              	@ 1072 "Drivers/CMSIS/Include/cmsis_gcc.h" 1
 1790 0080 53E8003F 		ldrex r3, [r3]
 1791              	@ 0 "" 2
 1792              		.thumb
 1793              		.syntax unified
 1794 0084 23F01003 		bic	r3, r3, #16
 1795 0088 0C32     		adds	r2, r2, #12
 1796              		.syntax unified
 1797              	@ 1123 "Drivers/CMSIS/Include/cmsis_gcc.h" 1
 1798 008a 42E80031 		strex r1, r3, [r2]
 1799              	@ 0 "" 2
 1800              		.thumb
 1801              		.syntax unified
 1802 008e 0029     		cmp	r1, #0
 1803 0090 F3D1     		bne	.L218
 1804 0092 D2E7     		b	.L217
 1805              	.L223:
 1806 0094 E06B     		ldr	r0, [r4, #60]
 1807 0096 FFF7FEFF 		bl	HAL_DMA_GetError
 1808 009a 2028     		cmp	r0, #32
 1809 009c E6D1     		bne	.L219
 1810 009e 1023     		movs	r3, #16
 1811 00a0 6364     		str	r3, [r4, #68]
 1812 00a2 0320     		movs	r0, #3
 1813 00a4 E8E7     		b	.L221
 1815              		.section	.text.HAL_UART_TxCpltCallback,"ax",%progbits
ARM GAS  /tmp/cciK5C1q.s 			page 32


 1816              		.align	1
 1817              		.weak	HAL_UART_TxCpltCallback
 1818              		.syntax unified
 1819              		.thumb
 1820              		.thumb_func
 1822              	HAL_UART_TxCpltCallback:
 1823              		@ args = 0, pretend = 0, frame = 0
 1824              		@ frame_needed = 0, uses_anonymous_args = 0
 1825              		@ link register save eliminated.
 1826 0000 7047     		bx	lr
 1828              		.section	.text.UART_DMATransmitCplt,"ax",%progbits
 1829              		.align	1
 1830              		.syntax unified
 1831              		.thumb
 1832              		.thumb_func
 1834              	UART_DMATransmitCplt:
 1835              		@ args = 0, pretend = 0, frame = 0
 1836              		@ frame_needed = 0, uses_anonymous_args = 0
 1837 0000 08B5     		push	{r3, lr}
 1838 0002 0346     		mov	r3, r0
 1839 0004 406A     		ldr	r0, [r0, #36]
 1840 0006 1B68     		ldr	r3, [r3]
 1841 0008 1B68     		ldr	r3, [r3]
 1842 000a 13F0200F 		tst	r3, #32
 1843 000e 1AD1     		bne	.L226
 1844 0010 0023     		movs	r3, #0
 1845 0012 C384     		strh	r3, [r0, #38]	@ movhi
 1846              	.L227:
 1847 0014 0268     		ldr	r2, [r0]
 1848 0016 02F11403 		add	r3, r2, #20
 1849              		.syntax unified
 1850              	@ 1072 "Drivers/CMSIS/Include/cmsis_gcc.h" 1
 1851 001a 53E8003F 		ldrex r3, [r3]
 1852              	@ 0 "" 2
 1853              		.thumb
 1854              		.syntax unified
 1855 001e 23F08003 		bic	r3, r3, #128
 1856 0022 1432     		adds	r2, r2, #20
 1857              		.syntax unified
 1858              	@ 1123 "Drivers/CMSIS/Include/cmsis_gcc.h" 1
 1859 0024 42E80031 		strex r1, r3, [r2]
 1860              	@ 0 "" 2
 1861              		.thumb
 1862              		.syntax unified
 1863 0028 0029     		cmp	r1, #0
 1864 002a F3D1     		bne	.L227
 1865              	.L228:
 1866 002c 0268     		ldr	r2, [r0]
 1867 002e 02F10C03 		add	r3, r2, #12
 1868              		.syntax unified
 1869              	@ 1072 "Drivers/CMSIS/Include/cmsis_gcc.h" 1
 1870 0032 53E8003F 		ldrex r3, [r3]
 1871              	@ 0 "" 2
 1872              		.thumb
 1873              		.syntax unified
 1874 0036 43F04003 		orr	r3, r3, #64
 1875 003a 0C32     		adds	r2, r2, #12
ARM GAS  /tmp/cciK5C1q.s 			page 33


 1876              		.syntax unified
 1877              	@ 1123 "Drivers/CMSIS/Include/cmsis_gcc.h" 1
 1878 003c 42E80031 		strex r1, r3, [r2]
 1879              	@ 0 "" 2
 1880              		.thumb
 1881              		.syntax unified
 1882 0040 0029     		cmp	r1, #0
 1883 0042 F3D1     		bne	.L228
 1884              	.L225:
 1885 0044 08BD     		pop	{r3, pc}
 1886              	.L226:
 1887 0046 FFF7FEFF 		bl	HAL_UART_TxCpltCallback
 1888 004a FBE7     		b	.L225
 1890              		.section	.text.UART_EndTransmit_IT,"ax",%progbits
 1891              		.align	1
 1892              		.syntax unified
 1893              		.thumb
 1894              		.thumb_func
 1896              	UART_EndTransmit_IT:
 1897              		@ args = 0, pretend = 0, frame = 0
 1898              		@ frame_needed = 0, uses_anonymous_args = 0
 1899 0000 08B5     		push	{r3, lr}
 1900 0002 0168     		ldr	r1, [r0]
 1901 0004 CA68     		ldr	r2, [r1, #12]
 1902 0006 22F04002 		bic	r2, r2, #64
 1903 000a CA60     		str	r2, [r1, #12]
 1904 000c 2022     		movs	r2, #32
 1905 000e 80F84120 		strb	r2, [r0, #65]
 1906 0012 FFF7FEFF 		bl	HAL_UART_TxCpltCallback
 1907 0016 0020     		movs	r0, #0
 1908 0018 08BD     		pop	{r3, pc}
 1910              		.section	.text.HAL_UART_TxHalfCpltCallback,"ax",%progbits
 1911              		.align	1
 1912              		.weak	HAL_UART_TxHalfCpltCallback
 1913              		.syntax unified
 1914              		.thumb
 1915              		.thumb_func
 1917              	HAL_UART_TxHalfCpltCallback:
 1918              		@ args = 0, pretend = 0, frame = 0
 1919              		@ frame_needed = 0, uses_anonymous_args = 0
 1920              		@ link register save eliminated.
 1921 0000 7047     		bx	lr
 1923              		.section	.text.UART_DMATxHalfCplt,"ax",%progbits
 1924              		.align	1
 1925              		.syntax unified
 1926              		.thumb
 1927              		.thumb_func
 1929              	UART_DMATxHalfCplt:
 1930              		@ args = 0, pretend = 0, frame = 0
 1931              		@ frame_needed = 0, uses_anonymous_args = 0
 1932 0000 08B5     		push	{r3, lr}
 1933 0002 406A     		ldr	r0, [r0, #36]
 1934 0004 FFF7FEFF 		bl	HAL_UART_TxHalfCpltCallback
 1935 0008 08BD     		pop	{r3, pc}
 1937              		.section	.text.HAL_UART_RxCpltCallback,"ax",%progbits
 1938              		.align	1
 1939              		.weak	HAL_UART_RxCpltCallback
ARM GAS  /tmp/cciK5C1q.s 			page 34


 1940              		.syntax unified
 1941              		.thumb
 1942              		.thumb_func
 1944              	HAL_UART_RxCpltCallback:
 1945              		@ args = 0, pretend = 0, frame = 0
 1946              		@ frame_needed = 0, uses_anonymous_args = 0
 1947              		@ link register save eliminated.
 1948 0000 7047     		bx	lr
 1950              		.section	.text.HAL_UART_RxHalfCpltCallback,"ax",%progbits
 1951              		.align	1
 1952              		.weak	HAL_UART_RxHalfCpltCallback
 1953              		.syntax unified
 1954              		.thumb
 1955              		.thumb_func
 1957              	HAL_UART_RxHalfCpltCallback:
 1958              		@ args = 0, pretend = 0, frame = 0
 1959              		@ frame_needed = 0, uses_anonymous_args = 0
 1960              		@ link register save eliminated.
 1961 0000 7047     		bx	lr
 1963              		.section	.text.HAL_UART_ErrorCallback,"ax",%progbits
 1964              		.align	1
 1965              		.weak	HAL_UART_ErrorCallback
 1966              		.syntax unified
 1967              		.thumb
 1968              		.thumb_func
 1970              	HAL_UART_ErrorCallback:
 1971              		@ args = 0, pretend = 0, frame = 0
 1972              		@ frame_needed = 0, uses_anonymous_args = 0
 1973              		@ link register save eliminated.
 1974 0000 7047     		bx	lr
 1976              		.section	.text.UART_DMAError,"ax",%progbits
 1977              		.align	1
 1978              		.syntax unified
 1979              		.thumb
 1980              		.thumb_func
 1982              	UART_DMAError:
 1983              		@ args = 0, pretend = 0, frame = 0
 1984              		@ frame_needed = 0, uses_anonymous_args = 0
 1985 0000 10B5     		push	{r4, lr}
 1986 0002 446A     		ldr	r4, [r0, #36]
 1987 0004 2368     		ldr	r3, [r4]
 1988 0006 5B69     		ldr	r3, [r3, #20]
 1989 0008 94F84120 		ldrb	r2, [r4, #65]	@ zero_extendqisi2
 1990 000c 212A     		cmp	r2, #33
 1991 000e 0FD0     		beq	.L243
 1992              	.L240:
 1993 0010 2368     		ldr	r3, [r4]
 1994 0012 5B69     		ldr	r3, [r3, #20]
 1995 0014 03F04003 		and	r3, r3, #64
 1996 0018 94F84220 		ldrb	r2, [r4, #66]	@ zero_extendqisi2
 1997 001c 222A     		cmp	r2, #34
 1998 001e 11D0     		beq	.L244
 1999              	.L241:
 2000 0020 636C     		ldr	r3, [r4, #68]
 2001 0022 43F01003 		orr	r3, r3, #16
 2002 0026 6364     		str	r3, [r4, #68]
 2003 0028 2046     		mov	r0, r4
ARM GAS  /tmp/cciK5C1q.s 			page 35


 2004 002a FFF7FEFF 		bl	HAL_UART_ErrorCallback
 2005 002e 10BD     		pop	{r4, pc}
 2006              	.L243:
 2007 0030 03F08003 		and	r3, r3, #128
 2008 0034 002B     		cmp	r3, #0
 2009 0036 EBD0     		beq	.L240
 2010 0038 0023     		movs	r3, #0
 2011 003a E384     		strh	r3, [r4, #38]	@ movhi
 2012 003c 2046     		mov	r0, r4
 2013 003e FFF7FEFF 		bl	UART_EndTxTransfer
 2014 0042 E5E7     		b	.L240
 2015              	.L244:
 2016 0044 002B     		cmp	r3, #0
 2017 0046 EBD0     		beq	.L241
 2018 0048 0023     		movs	r3, #0
 2019 004a E385     		strh	r3, [r4, #46]	@ movhi
 2020 004c 2046     		mov	r0, r4
 2021 004e FFF7FEFF 		bl	UART_EndRxTransfer
 2022 0052 E5E7     		b	.L241
 2024              		.section	.text.UART_DMAAbortOnError,"ax",%progbits
 2025              		.align	1
 2026              		.syntax unified
 2027              		.thumb
 2028              		.thumb_func
 2030              	UART_DMAAbortOnError:
 2031              		@ args = 0, pretend = 0, frame = 0
 2032              		@ frame_needed = 0, uses_anonymous_args = 0
 2033 0000 08B5     		push	{r3, lr}
 2034 0002 406A     		ldr	r0, [r0, #36]
 2035 0004 0023     		movs	r3, #0
 2036 0006 C385     		strh	r3, [r0, #46]	@ movhi
 2037 0008 C384     		strh	r3, [r0, #38]	@ movhi
 2038 000a FFF7FEFF 		bl	HAL_UART_ErrorCallback
 2039 000e 08BD     		pop	{r3, pc}
 2041              		.section	.text.HAL_UART_AbortCpltCallback,"ax",%progbits
 2042              		.align	1
 2043              		.weak	HAL_UART_AbortCpltCallback
 2044              		.syntax unified
 2045              		.thumb
 2046              		.thumb_func
 2048              	HAL_UART_AbortCpltCallback:
 2049              		@ args = 0, pretend = 0, frame = 0
 2050              		@ frame_needed = 0, uses_anonymous_args = 0
 2051              		@ link register save eliminated.
 2052 0000 7047     		bx	lr
 2054              		.section	.text.HAL_UART_Abort_IT,"ax",%progbits
 2055              		.align	1
 2056              		.global	HAL_UART_Abort_IT
 2057              		.syntax unified
 2058              		.thumb
 2059              		.thumb_func
 2061              	HAL_UART_Abort_IT:
 2062              		@ args = 0, pretend = 0, frame = 0
 2063              		@ frame_needed = 0, uses_anonymous_args = 0
 2064 0000 38B5     		push	{r3, r4, r5, lr}
 2065 0002 0446     		mov	r4, r0
 2066              	.L249:
ARM GAS  /tmp/cciK5C1q.s 			page 36


 2067 0004 2268     		ldr	r2, [r4]
 2068 0006 02F10C03 		add	r3, r2, #12
 2069              		.syntax unified
 2070              	@ 1072 "Drivers/CMSIS/Include/cmsis_gcc.h" 1
 2071 000a 53E8003F 		ldrex r3, [r3]
 2072              	@ 0 "" 2
 2073              		.thumb
 2074              		.syntax unified
 2075 000e 23F4F073 		bic	r3, r3, #480
 2076 0012 0C32     		adds	r2, r2, #12
 2077              		.syntax unified
 2078              	@ 1123 "Drivers/CMSIS/Include/cmsis_gcc.h" 1
 2079 0014 42E80031 		strex r1, r3, [r2]
 2080              	@ 0 "" 2
 2081              		.thumb
 2082              		.syntax unified
 2083 0018 0029     		cmp	r1, #0
 2084 001a F3D1     		bne	.L249
 2085              	.L250:
 2086 001c 2268     		ldr	r2, [r4]
 2087 001e 02F11403 		add	r3, r2, #20
 2088              		.syntax unified
 2089              	@ 1072 "Drivers/CMSIS/Include/cmsis_gcc.h" 1
 2090 0022 53E8003F 		ldrex r3, [r3]
 2091              	@ 0 "" 2
 2092              		.thumb
 2093              		.syntax unified
 2094 0026 23F00103 		bic	r3, r3, #1
 2095 002a 1432     		adds	r2, r2, #20
 2096              		.syntax unified
 2097              	@ 1123 "Drivers/CMSIS/Include/cmsis_gcc.h" 1
 2098 002c 42E80031 		strex r1, r3, [r2]
 2099              	@ 0 "" 2
 2100              		.thumb
 2101              		.syntax unified
 2102 0030 0029     		cmp	r1, #0
 2103 0032 F3D1     		bne	.L250
 2104 0034 236B     		ldr	r3, [r4, #48]
 2105 0036 012B     		cmp	r3, #1
 2106 0038 2ED0     		beq	.L252
 2107              	.L251:
 2108 003a A36B     		ldr	r3, [r4, #56]
 2109 003c 33B1     		cbz	r3, .L253
 2110 003e 2268     		ldr	r2, [r4]
 2111 0040 5269     		ldr	r2, [r2, #20]
 2112 0042 12F0800F 		tst	r2, #128
 2113 0046 34D0     		beq	.L254
 2114 0048 344A     		ldr	r2, .L266
 2115 004a 5A63     		str	r2, [r3, #52]
 2116              	.L253:
 2117 004c E36B     		ldr	r3, [r4, #60]
 2118 004e 33B1     		cbz	r3, .L255
 2119 0050 2268     		ldr	r2, [r4]
 2120 0052 5269     		ldr	r2, [r2, #20]
 2121 0054 12F0400F 		tst	r2, #64
 2122 0058 2ED0     		beq	.L256
 2123 005a 314A     		ldr	r2, .L266+4
ARM GAS  /tmp/cciK5C1q.s 			page 37


 2124 005c 5A63     		str	r2, [r3, #52]
 2125              	.L255:
 2126 005e 2368     		ldr	r3, [r4]
 2127 0060 5B69     		ldr	r3, [r3, #20]
 2128 0062 13F0800F 		tst	r3, #128
 2129 0066 2AD0     		beq	.L263
 2130              	.L258:
 2131 0068 2168     		ldr	r1, [r4]
 2132 006a 01F11403 		add	r3, r1, #20
 2133              		.syntax unified
 2134              	@ 1072 "Drivers/CMSIS/Include/cmsis_gcc.h" 1
 2135 006e 53E8003F 		ldrex r3, [r3]
 2136              	@ 0 "" 2
 2137              		.thumb
 2138              		.syntax unified
 2139 0072 23F08003 		bic	r3, r3, #128
 2140 0076 1431     		adds	r1, r1, #20
 2141              		.syntax unified
 2142              	@ 1123 "Drivers/CMSIS/Include/cmsis_gcc.h" 1
 2143 0078 41E80032 		strex r2, r3, [r1]
 2144              	@ 0 "" 2
 2145              		.thumb
 2146              		.syntax unified
 2147 007c 1546     		mov	r5, r2
 2148 007e 002A     		cmp	r2, #0
 2149 0080 F2D1     		bne	.L258
 2150 0082 A06B     		ldr	r0, [r4, #56]
 2151 0084 0028     		cmp	r0, #0
 2152 0086 42D0     		beq	.L264
 2153 0088 FFF7FEFF 		bl	HAL_DMA_Abort_IT
 2154 008c C0B1     		cbz	r0, .L257
 2155 008e A36B     		ldr	r3, [r4, #56]
 2156 0090 0022     		movs	r2, #0
 2157 0092 5A63     		str	r2, [r3, #52]
 2158 0094 0125     		movs	r5, #1
 2159 0096 13E0     		b	.L257
 2160              	.L252:
 2161 0098 2268     		ldr	r2, [r4]
 2162 009a 02F10C03 		add	r3, r2, #12
 2163              		.syntax unified
 2164              	@ 1072 "Drivers/CMSIS/Include/cmsis_gcc.h" 1
 2165 009e 53E8003F 		ldrex r3, [r3]
 2166              	@ 0 "" 2
 2167              		.thumb
 2168              		.syntax unified
 2169 00a2 23F01003 		bic	r3, r3, #16
 2170 00a6 0C32     		adds	r2, r2, #12
 2171              		.syntax unified
 2172              	@ 1123 "Drivers/CMSIS/Include/cmsis_gcc.h" 1
 2173 00a8 42E80031 		strex r1, r3, [r2]
 2174              	@ 0 "" 2
 2175              		.thumb
 2176              		.syntax unified
 2177 00ac 0029     		cmp	r1, #0
 2178 00ae F3D1     		bne	.L252
 2179 00b0 C3E7     		b	.L251
 2180              	.L254:
ARM GAS  /tmp/cciK5C1q.s 			page 38


 2181 00b2 0022     		movs	r2, #0
 2182 00b4 5A63     		str	r2, [r3, #52]
 2183 00b6 C9E7     		b	.L253
 2184              	.L256:
 2185 00b8 0022     		movs	r2, #0
 2186 00ba 5A63     		str	r2, [r3, #52]
 2187 00bc CFE7     		b	.L255
 2188              	.L263:
 2189 00be 0125     		movs	r5, #1
 2190              	.L257:
 2191 00c0 2368     		ldr	r3, [r4]
 2192 00c2 5B69     		ldr	r3, [r3, #20]
 2193 00c4 13F0400F 		tst	r3, #64
 2194 00c8 23D0     		beq	.L259
 2195              	.L260:
 2196 00ca 2268     		ldr	r2, [r4]
 2197 00cc 02F11403 		add	r3, r2, #20
 2198              		.syntax unified
 2199              	@ 1072 "Drivers/CMSIS/Include/cmsis_gcc.h" 1
 2200 00d0 53E8003F 		ldrex r3, [r3]
 2201              	@ 0 "" 2
 2202              		.thumb
 2203              		.syntax unified
 2204 00d4 23F04003 		bic	r3, r3, #64
 2205 00d8 1432     		adds	r2, r2, #20
 2206              		.syntax unified
 2207              	@ 1123 "Drivers/CMSIS/Include/cmsis_gcc.h" 1
 2208 00da 42E80031 		strex r1, r3, [r2]
 2209              	@ 0 "" 2
 2210              		.thumb
 2211              		.syntax unified
 2212 00de 0029     		cmp	r1, #0
 2213 00e0 F3D1     		bne	.L260
 2214 00e2 E06B     		ldr	r0, [r4, #60]
 2215 00e4 A8B1     		cbz	r0, .L259
 2216 00e6 FFF7FEFF 		bl	HAL_DMA_Abort_IT
 2217 00ea A0B1     		cbz	r0, .L261
 2218 00ec E36B     		ldr	r3, [r4, #60]
 2219 00ee 0022     		movs	r2, #0
 2220 00f0 5A63     		str	r2, [r3, #52]
 2221              	.L262:
 2222 00f2 0023     		movs	r3, #0
 2223 00f4 E384     		strh	r3, [r4, #38]	@ movhi
 2224 00f6 E385     		strh	r3, [r4, #46]	@ movhi
 2225 00f8 6364     		str	r3, [r4, #68]
 2226 00fa 2022     		movs	r2, #32
 2227 00fc 84F84120 		strb	r2, [r4, #65]
 2228 0100 84F84220 		strb	r2, [r4, #66]
 2229 0104 2363     		str	r3, [r4, #48]
 2230 0106 2046     		mov	r0, r4
 2231 0108 FFF7FEFF 		bl	HAL_UART_AbortCpltCallback
 2232 010c 03E0     		b	.L261
 2233              	.L264:
 2234 010e 0125     		movs	r5, #1
 2235 0110 D6E7     		b	.L257
 2236              	.L259:
 2237 0112 012D     		cmp	r5, #1
ARM GAS  /tmp/cciK5C1q.s 			page 39


 2238 0114 EDD0     		beq	.L262
 2239              	.L261:
 2240 0116 0020     		movs	r0, #0
 2241 0118 38BD     		pop	{r3, r4, r5, pc}
 2242              	.L267:
 2243 011a 00BF     		.align	2
 2244              	.L266:
 2245 011c 00000000 		.word	UART_DMATxAbortCallback
 2246 0120 00000000 		.word	UART_DMARxAbortCallback
 2248              		.section	.text.UART_DMARxAbortCallback,"ax",%progbits
 2249              		.align	1
 2250              		.syntax unified
 2251              		.thumb
 2252              		.thumb_func
 2254              	UART_DMARxAbortCallback:
 2255              		@ args = 0, pretend = 0, frame = 0
 2256              		@ frame_needed = 0, uses_anonymous_args = 0
 2257 0000 08B5     		push	{r3, lr}
 2258 0002 406A     		ldr	r0, [r0, #36]
 2259 0004 C36B     		ldr	r3, [r0, #60]
 2260 0006 0022     		movs	r2, #0
 2261 0008 5A63     		str	r2, [r3, #52]
 2262 000a 836B     		ldr	r3, [r0, #56]
 2263 000c 0BB1     		cbz	r3, .L269
 2264 000e 5B6B     		ldr	r3, [r3, #52]
 2265 0010 5BB9     		cbnz	r3, .L268
 2266              	.L269:
 2267 0012 0023     		movs	r3, #0
 2268 0014 C384     		strh	r3, [r0, #38]	@ movhi
 2269 0016 C385     		strh	r3, [r0, #46]	@ movhi
 2270 0018 4364     		str	r3, [r0, #68]
 2271 001a 2022     		movs	r2, #32
 2272 001c 80F84120 		strb	r2, [r0, #65]
 2273 0020 80F84220 		strb	r2, [r0, #66]
 2274 0024 0363     		str	r3, [r0, #48]
 2275 0026 FFF7FEFF 		bl	HAL_UART_AbortCpltCallback
 2276              	.L268:
 2277 002a 08BD     		pop	{r3, pc}
 2279              		.section	.text.UART_DMATxAbortCallback,"ax",%progbits
 2280              		.align	1
 2281              		.syntax unified
 2282              		.thumb
 2283              		.thumb_func
 2285              	UART_DMATxAbortCallback:
 2286              		@ args = 0, pretend = 0, frame = 0
 2287              		@ frame_needed = 0, uses_anonymous_args = 0
 2288 0000 08B5     		push	{r3, lr}
 2289 0002 406A     		ldr	r0, [r0, #36]
 2290 0004 836B     		ldr	r3, [r0, #56]
 2291 0006 0022     		movs	r2, #0
 2292 0008 5A63     		str	r2, [r3, #52]
 2293 000a C36B     		ldr	r3, [r0, #60]
 2294 000c 0BB1     		cbz	r3, .L273
 2295 000e 5B6B     		ldr	r3, [r3, #52]
 2296 0010 5BB9     		cbnz	r3, .L272
 2297              	.L273:
 2298 0012 0023     		movs	r3, #0
ARM GAS  /tmp/cciK5C1q.s 			page 40


 2299 0014 C384     		strh	r3, [r0, #38]	@ movhi
 2300 0016 C385     		strh	r3, [r0, #46]	@ movhi
 2301 0018 4364     		str	r3, [r0, #68]
 2302 001a 2022     		movs	r2, #32
 2303 001c 80F84120 		strb	r2, [r0, #65]
 2304 0020 80F84220 		strb	r2, [r0, #66]
 2305 0024 0363     		str	r3, [r0, #48]
 2306 0026 FFF7FEFF 		bl	HAL_UART_AbortCpltCallback
 2307              	.L272:
 2308 002a 08BD     		pop	{r3, pc}
 2310              		.section	.text.HAL_UART_AbortTransmitCpltCallback,"ax",%progbits
 2311              		.align	1
 2312              		.weak	HAL_UART_AbortTransmitCpltCallback
 2313              		.syntax unified
 2314              		.thumb
 2315              		.thumb_func
 2317              	HAL_UART_AbortTransmitCpltCallback:
 2318              		@ args = 0, pretend = 0, frame = 0
 2319              		@ frame_needed = 0, uses_anonymous_args = 0
 2320              		@ link register save eliminated.
 2321 0000 7047     		bx	lr
 2323              		.section	.text.HAL_UART_AbortTransmit_IT,"ax",%progbits
 2324              		.align	1
 2325              		.global	HAL_UART_AbortTransmit_IT
 2326              		.syntax unified
 2327              		.thumb
 2328              		.thumb_func
 2330              	HAL_UART_AbortTransmit_IT:
 2331              		@ args = 0, pretend = 0, frame = 0
 2332              		@ frame_needed = 0, uses_anonymous_args = 0
 2333 0000 10B5     		push	{r4, lr}
 2334 0002 0446     		mov	r4, r0
 2335              	.L278:
 2336 0004 2268     		ldr	r2, [r4]
 2337 0006 02F10C03 		add	r3, r2, #12
 2338              		.syntax unified
 2339              	@ 1072 "Drivers/CMSIS/Include/cmsis_gcc.h" 1
 2340 000a 53E8003F 		ldrex r3, [r3]
 2341              	@ 0 "" 2
 2342              		.thumb
 2343              		.syntax unified
 2344 000e 23F0C003 		bic	r3, r3, #192
 2345 0012 0C32     		adds	r2, r2, #12
 2346              		.syntax unified
 2347              	@ 1123 "Drivers/CMSIS/Include/cmsis_gcc.h" 1
 2348 0014 42E80031 		strex r1, r3, [r2]
 2349              	@ 0 "" 2
 2350              		.thumb
 2351              		.syntax unified
 2352 0018 0029     		cmp	r1, #0
 2353 001a F3D1     		bne	.L278
 2354 001c 2368     		ldr	r3, [r4]
 2355 001e 5B69     		ldr	r3, [r3, #20]
 2356 0020 13F0800F 		tst	r3, #128
 2357 0024 20D0     		beq	.L279
 2358              	.L280:
 2359 0026 2268     		ldr	r2, [r4]
ARM GAS  /tmp/cciK5C1q.s 			page 41


 2360 0028 02F11403 		add	r3, r2, #20
 2361              		.syntax unified
 2362              	@ 1072 "Drivers/CMSIS/Include/cmsis_gcc.h" 1
 2363 002c 53E8003F 		ldrex r3, [r3]
 2364              	@ 0 "" 2
 2365              		.thumb
 2366              		.syntax unified
 2367 0030 23F08003 		bic	r3, r3, #128
 2368 0034 1432     		adds	r2, r2, #20
 2369              		.syntax unified
 2370              	@ 1123 "Drivers/CMSIS/Include/cmsis_gcc.h" 1
 2371 0036 42E80031 		strex r1, r3, [r2]
 2372              	@ 0 "" 2
 2373              		.thumb
 2374              		.syntax unified
 2375 003a 0029     		cmp	r1, #0
 2376 003c F3D1     		bne	.L280
 2377 003e A36B     		ldr	r3, [r4, #56]
 2378 0040 4BB1     		cbz	r3, .L281
 2379 0042 0E4A     		ldr	r2, .L284
 2380 0044 5A63     		str	r2, [r3, #52]
 2381 0046 A06B     		ldr	r0, [r4, #56]
 2382 0048 FFF7FEFF 		bl	HAL_DMA_Abort_IT
 2383 004c A0B1     		cbz	r0, .L282
 2384 004e A06B     		ldr	r0, [r4, #56]
 2385 0050 436B     		ldr	r3, [r0, #52]
 2386 0052 9847     		blx	r3
 2387 0054 10E0     		b	.L282
 2388              	.L281:
 2389 0056 0023     		movs	r3, #0
 2390 0058 E384     		strh	r3, [r4, #38]	@ movhi
 2391 005a 2023     		movs	r3, #32
 2392 005c 84F84130 		strb	r3, [r4, #65]
 2393 0060 2046     		mov	r0, r4
 2394 0062 FFF7FEFF 		bl	HAL_UART_AbortTransmitCpltCallback
 2395 0066 07E0     		b	.L282
 2396              	.L279:
 2397 0068 0023     		movs	r3, #0
 2398 006a E384     		strh	r3, [r4, #38]	@ movhi
 2399 006c 2023     		movs	r3, #32
 2400 006e 84F84130 		strb	r3, [r4, #65]
 2401 0072 2046     		mov	r0, r4
 2402 0074 FFF7FEFF 		bl	HAL_UART_AbortTransmitCpltCallback
 2403              	.L282:
 2404 0078 0020     		movs	r0, #0
 2405 007a 10BD     		pop	{r4, pc}
 2406              	.L285:
 2407              		.align	2
 2408              	.L284:
 2409 007c 00000000 		.word	UART_DMATxOnlyAbortCallback
 2411              		.section	.text.UART_DMATxOnlyAbortCallback,"ax",%progbits
 2412              		.align	1
 2413              		.syntax unified
 2414              		.thumb
 2415              		.thumb_func
 2417              	UART_DMATxOnlyAbortCallback:
 2418              		@ args = 0, pretend = 0, frame = 0
ARM GAS  /tmp/cciK5C1q.s 			page 42


 2419              		@ frame_needed = 0, uses_anonymous_args = 0
 2420 0000 08B5     		push	{r3, lr}
 2421 0002 406A     		ldr	r0, [r0, #36]
 2422 0004 0023     		movs	r3, #0
 2423 0006 C384     		strh	r3, [r0, #38]	@ movhi
 2424 0008 2023     		movs	r3, #32
 2425 000a 80F84130 		strb	r3, [r0, #65]
 2426 000e FFF7FEFF 		bl	HAL_UART_AbortTransmitCpltCallback
 2427 0012 08BD     		pop	{r3, pc}
 2429              		.section	.text.HAL_UART_AbortReceiveCpltCallback,"ax",%progbits
 2430              		.align	1
 2431              		.weak	HAL_UART_AbortReceiveCpltCallback
 2432              		.syntax unified
 2433              		.thumb
 2434              		.thumb_func
 2436              	HAL_UART_AbortReceiveCpltCallback:
 2437              		@ args = 0, pretend = 0, frame = 0
 2438              		@ frame_needed = 0, uses_anonymous_args = 0
 2439              		@ link register save eliminated.
 2440 0000 7047     		bx	lr
 2442              		.section	.text.HAL_UART_AbortReceive_IT,"ax",%progbits
 2443              		.align	1
 2444              		.global	HAL_UART_AbortReceive_IT
 2445              		.syntax unified
 2446              		.thumb
 2447              		.thumb_func
 2449              	HAL_UART_AbortReceive_IT:
 2450              		@ args = 0, pretend = 0, frame = 0
 2451              		@ frame_needed = 0, uses_anonymous_args = 0
 2452 0000 10B5     		push	{r4, lr}
 2453 0002 0446     		mov	r4, r0
 2454              	.L290:
 2455 0004 2268     		ldr	r2, [r4]
 2456 0006 02F10C03 		add	r3, r2, #12
 2457              		.syntax unified
 2458              	@ 1072 "Drivers/CMSIS/Include/cmsis_gcc.h" 1
 2459 000a 53E8003F 		ldrex r3, [r3]
 2460              	@ 0 "" 2
 2461              		.thumb
 2462              		.syntax unified
 2463 000e 23F49073 		bic	r3, r3, #288
 2464 0012 0C32     		adds	r2, r2, #12
 2465              		.syntax unified
 2466              	@ 1123 "Drivers/CMSIS/Include/cmsis_gcc.h" 1
 2467 0014 42E80031 		strex r1, r3, [r2]
 2468              	@ 0 "" 2
 2469              		.thumb
 2470              		.syntax unified
 2471 0018 0029     		cmp	r1, #0
 2472 001a F3D1     		bne	.L290
 2473              	.L291:
 2474 001c 2268     		ldr	r2, [r4]
 2475 001e 02F11403 		add	r3, r2, #20
 2476              		.syntax unified
 2477              	@ 1072 "Drivers/CMSIS/Include/cmsis_gcc.h" 1
 2478 0022 53E8003F 		ldrex r3, [r3]
 2479              	@ 0 "" 2
ARM GAS  /tmp/cciK5C1q.s 			page 43


 2480              		.thumb
 2481              		.syntax unified
 2482 0026 23F00103 		bic	r3, r3, #1
 2483 002a 1432     		adds	r2, r2, #20
 2484              		.syntax unified
 2485              	@ 1123 "Drivers/CMSIS/Include/cmsis_gcc.h" 1
 2486 002c 42E80031 		strex r1, r3, [r2]
 2487              	@ 0 "" 2
 2488              		.thumb
 2489              		.syntax unified
 2490 0030 0029     		cmp	r1, #0
 2491 0032 F3D1     		bne	.L291
 2492 0034 236B     		ldr	r3, [r4, #48]
 2493 0036 012B     		cmp	r3, #1
 2494 0038 1CD0     		beq	.L293
 2495              	.L292:
 2496 003a 2368     		ldr	r3, [r4]
 2497 003c 5B69     		ldr	r3, [r3, #20]
 2498 003e 13F0400F 		tst	r3, #64
 2499 0042 2ED0     		beq	.L294
 2500              	.L295:
 2501 0044 2268     		ldr	r2, [r4]
 2502 0046 02F11403 		add	r3, r2, #20
 2503              		.syntax unified
 2504              	@ 1072 "Drivers/CMSIS/Include/cmsis_gcc.h" 1
 2505 004a 53E8003F 		ldrex r3, [r3]
 2506              	@ 0 "" 2
 2507              		.thumb
 2508              		.syntax unified
 2509 004e 23F04003 		bic	r3, r3, #64
 2510 0052 1432     		adds	r2, r2, #20
 2511              		.syntax unified
 2512              	@ 1123 "Drivers/CMSIS/Include/cmsis_gcc.h" 1
 2513 0054 42E80031 		strex r1, r3, [r2]
 2514              	@ 0 "" 2
 2515              		.thumb
 2516              		.syntax unified
 2517 0058 0029     		cmp	r1, #0
 2518 005a F3D1     		bne	.L295
 2519 005c E36B     		ldr	r3, [r4, #60]
 2520 005e B3B1     		cbz	r3, .L296
 2521 0060 154A     		ldr	r2, .L299
 2522 0062 5A63     		str	r2, [r3, #52]
 2523 0064 E06B     		ldr	r0, [r4, #60]
 2524 0066 FFF7FEFF 		bl	HAL_DMA_Abort_IT
 2525 006a 18B3     		cbz	r0, .L297
 2526 006c E06B     		ldr	r0, [r4, #60]
 2527 006e 436B     		ldr	r3, [r0, #52]
 2528 0070 9847     		blx	r3
 2529 0072 1FE0     		b	.L297
 2530              	.L293:
 2531 0074 2268     		ldr	r2, [r4]
 2532 0076 02F10C03 		add	r3, r2, #12
 2533              		.syntax unified
 2534              	@ 1072 "Drivers/CMSIS/Include/cmsis_gcc.h" 1
 2535 007a 53E8003F 		ldrex r3, [r3]
 2536              	@ 0 "" 2
ARM GAS  /tmp/cciK5C1q.s 			page 44


 2537              		.thumb
 2538              		.syntax unified
 2539 007e 23F01003 		bic	r3, r3, #16
 2540 0082 0C32     		adds	r2, r2, #12
 2541              		.syntax unified
 2542              	@ 1123 "Drivers/CMSIS/Include/cmsis_gcc.h" 1
 2543 0084 42E80031 		strex r1, r3, [r2]
 2544              	@ 0 "" 2
 2545              		.thumb
 2546              		.syntax unified
 2547 0088 0029     		cmp	r1, #0
 2548 008a F3D1     		bne	.L293
 2549 008c D5E7     		b	.L292
 2550              	.L296:
 2551 008e 0023     		movs	r3, #0
 2552 0090 E385     		strh	r3, [r4, #46]	@ movhi
 2553 0092 2022     		movs	r2, #32
 2554 0094 84F84220 		strb	r2, [r4, #66]
 2555 0098 2363     		str	r3, [r4, #48]
 2556 009a 2046     		mov	r0, r4
 2557 009c FFF7FEFF 		bl	HAL_UART_AbortReceiveCpltCallback
 2558 00a0 08E0     		b	.L297
 2559              	.L294:
 2560 00a2 0023     		movs	r3, #0
 2561 00a4 E385     		strh	r3, [r4, #46]	@ movhi
 2562 00a6 2022     		movs	r2, #32
 2563 00a8 84F84220 		strb	r2, [r4, #66]
 2564 00ac 2363     		str	r3, [r4, #48]
 2565 00ae 2046     		mov	r0, r4
 2566 00b0 FFF7FEFF 		bl	HAL_UART_AbortReceiveCpltCallback
 2567              	.L297:
 2568 00b4 0020     		movs	r0, #0
 2569 00b6 10BD     		pop	{r4, pc}
 2570              	.L300:
 2571              		.align	2
 2572              	.L299:
 2573 00b8 00000000 		.word	UART_DMARxOnlyAbortCallback
 2575              		.section	.text.UART_DMARxOnlyAbortCallback,"ax",%progbits
 2576              		.align	1
 2577              		.syntax unified
 2578              		.thumb
 2579              		.thumb_func
 2581              	UART_DMARxOnlyAbortCallback:
 2582              		@ args = 0, pretend = 0, frame = 0
 2583              		@ frame_needed = 0, uses_anonymous_args = 0
 2584 0000 08B5     		push	{r3, lr}
 2585 0002 406A     		ldr	r0, [r0, #36]
 2586 0004 0023     		movs	r3, #0
 2587 0006 C385     		strh	r3, [r0, #46]	@ movhi
 2588 0008 2022     		movs	r2, #32
 2589 000a 80F84220 		strb	r2, [r0, #66]
 2590 000e 0363     		str	r3, [r0, #48]
 2591 0010 FFF7FEFF 		bl	HAL_UART_AbortReceiveCpltCallback
 2592 0014 08BD     		pop	{r3, pc}
 2594              		.section	.text.HAL_UARTEx_RxEventCallback,"ax",%progbits
 2595              		.align	1
 2596              		.weak	HAL_UARTEx_RxEventCallback
ARM GAS  /tmp/cciK5C1q.s 			page 45


 2597              		.syntax unified
 2598              		.thumb
 2599              		.thumb_func
 2601              	HAL_UARTEx_RxEventCallback:
 2602              		@ args = 0, pretend = 0, frame = 0
 2603              		@ frame_needed = 0, uses_anonymous_args = 0
 2604              		@ link register save eliminated.
 2605 0000 7047     		bx	lr
 2607              		.section	.text.UART_Receive_IT,"ax",%progbits
 2608              		.align	1
 2609              		.syntax unified
 2610              		.thumb
 2611              		.thumb_func
 2613              	UART_Receive_IT:
 2614              		@ args = 0, pretend = 0, frame = 8
 2615              		@ frame_needed = 0, uses_anonymous_args = 0
 2616 0000 90F84230 		ldrb	r3, [r0, #66]	@ zero_extendqisi2
 2617 0004 222B     		cmp	r3, #34
 2618 0006 69D1     		bne	.L315
 2619 0008 8368     		ldr	r3, [r0, #8]
 2620 000a B3F5805F 		cmp	r3, #4096
 2621 000e 4FD0     		beq	.L321
 2622              	.L306:
 2623 0010 826A     		ldr	r2, [r0, #40]
 2624 0012 B3F5805F 		cmp	r3, #4096
 2625 0016 04D0     		beq	.L308
 2626 0018 002B     		cmp	r3, #0
 2627 001a 56D1     		bne	.L309
 2628 001c 0369     		ldr	r3, [r0, #16]
 2629 001e 002B     		cmp	r3, #0
 2630 0020 53D1     		bne	.L309
 2631              	.L308:
 2632 0022 0368     		ldr	r3, [r0]
 2633 0024 5B68     		ldr	r3, [r3, #4]
 2634 0026 1370     		strb	r3, [r2]
 2635              	.L310:
 2636 0028 836A     		ldr	r3, [r0, #40]
 2637 002a 0133     		adds	r3, r3, #1
 2638 002c 8362     		str	r3, [r0, #40]
 2639              	.L307:
 2640 002e C38D     		ldrh	r3, [r0, #46]
 2641 0030 9BB2     		uxth	r3, r3
 2642 0032 013B     		subs	r3, r3, #1
 2643 0034 9BB2     		uxth	r3, r3
 2644 0036 C385     		strh	r3, [r0, #46]	@ movhi
 2645 0038 002B     		cmp	r3, #0
 2646 003a 51D1     		bne	.L316
 2647 003c 00B5     		push	{lr}
 2648 003e 83B0     		sub	sp, sp, #12
 2649 0040 0268     		ldr	r2, [r0]
 2650 0042 D368     		ldr	r3, [r2, #12]
 2651 0044 23F02003 		bic	r3, r3, #32
 2652 0048 D360     		str	r3, [r2, #12]
 2653 004a 0268     		ldr	r2, [r0]
 2654 004c D368     		ldr	r3, [r2, #12]
 2655 004e 23F48073 		bic	r3, r3, #256
 2656 0052 D360     		str	r3, [r2, #12]
ARM GAS  /tmp/cciK5C1q.s 			page 46


 2657 0054 0268     		ldr	r2, [r0]
 2658 0056 5369     		ldr	r3, [r2, #20]
 2659 0058 23F00103 		bic	r3, r3, #1
 2660 005c 5361     		str	r3, [r2, #20]
 2661 005e 2023     		movs	r3, #32
 2662 0060 80F84230 		strb	r3, [r0, #66]
 2663 0064 0023     		movs	r3, #0
 2664 0066 4363     		str	r3, [r0, #52]
 2665 0068 036B     		ldr	r3, [r0, #48]
 2666 006a 012B     		cmp	r3, #1
 2667 006c 33D1     		bne	.L311
 2668 006e 0023     		movs	r3, #0
 2669 0070 0363     		str	r3, [r0, #48]
 2670              	.L312:
 2671 0072 0268     		ldr	r2, [r0]
 2672 0074 02F10C03 		add	r3, r2, #12
 2673              		.syntax unified
 2674              	@ 1072 "Drivers/CMSIS/Include/cmsis_gcc.h" 1
 2675 0078 53E8003F 		ldrex r3, [r3]
 2676              	@ 0 "" 2
 2677              		.thumb
 2678              		.syntax unified
 2679 007c 23F01003 		bic	r3, r3, #16
 2680 0080 0C32     		adds	r2, r2, #12
 2681              		.syntax unified
 2682              	@ 1123 "Drivers/CMSIS/Include/cmsis_gcc.h" 1
 2683 0082 42E80031 		strex r1, r3, [r2]
 2684              	@ 0 "" 2
 2685              		.thumb
 2686              		.syntax unified
 2687 0086 0029     		cmp	r1, #0
 2688 0088 F3D1     		bne	.L312
 2689 008a 0368     		ldr	r3, [r0]
 2690 008c 1A68     		ldr	r2, [r3]
 2691 008e 12F0100F 		tst	r2, #16
 2692 0092 06D0     		beq	.L313
 2693 0094 0022     		movs	r2, #0
 2694 0096 0192     		str	r2, [sp, #4]
 2695 0098 1A68     		ldr	r2, [r3]
 2696 009a 0192     		str	r2, [sp, #4]
 2697 009c 5B68     		ldr	r3, [r3, #4]
 2698 009e 0193     		str	r3, [sp, #4]
 2699 00a0 019B     		ldr	r3, [sp, #4]
 2700              	.L313:
 2701 00a2 818D     		ldrh	r1, [r0, #44]
 2702 00a4 FFF7FEFF 		bl	HAL_UARTEx_RxEventCallback
 2703              	.L314:
 2704 00a8 0020     		movs	r0, #0
 2705 00aa 03B0     		add	sp, sp, #12
 2706              		@ sp needed
 2707 00ac 5DF804FB 		ldr	pc, [sp], #4
 2708              	.L321:
 2709 00b0 0269     		ldr	r2, [r0, #16]
 2710 00b2 002A     		cmp	r2, #0
 2711 00b4 ACD1     		bne	.L306
 2712 00b6 826A     		ldr	r2, [r0, #40]
 2713 00b8 0368     		ldr	r3, [r0]
ARM GAS  /tmp/cciK5C1q.s 			page 47


 2714 00ba 5B68     		ldr	r3, [r3, #4]
 2715 00bc C3F30803 		ubfx	r3, r3, #0, #9
 2716 00c0 1380     		strh	r3, [r2]	@ movhi
 2717 00c2 836A     		ldr	r3, [r0, #40]
 2718 00c4 0233     		adds	r3, r3, #2
 2719 00c6 8362     		str	r3, [r0, #40]
 2720 00c8 B1E7     		b	.L307
 2721              	.L309:
 2722 00ca 0368     		ldr	r3, [r0]
 2723 00cc 5B68     		ldr	r3, [r3, #4]
 2724 00ce 03F07F03 		and	r3, r3, #127
 2725 00d2 1370     		strb	r3, [r2]
 2726 00d4 A8E7     		b	.L310
 2727              	.L311:
 2728 00d6 FFF7FEFF 		bl	HAL_UART_RxCpltCallback
 2729 00da E5E7     		b	.L314
 2730              	.L315:
 2731 00dc 0220     		movs	r0, #2
 2732 00de 7047     		bx	lr
 2733              	.L316:
 2734 00e0 0020     		movs	r0, #0
 2735 00e2 7047     		bx	lr
 2737              		.section	.text.HAL_UART_IRQHandler,"ax",%progbits
 2738              		.align	1
 2739              		.global	HAL_UART_IRQHandler
 2740              		.syntax unified
 2741              		.thumb
 2742              		.thumb_func
 2744              	HAL_UART_IRQHandler:
 2745              		@ args = 0, pretend = 0, frame = 8
 2746              		@ frame_needed = 0, uses_anonymous_args = 0
 2747 0000 10B5     		push	{r4, lr}
 2748 0002 82B0     		sub	sp, sp, #8
 2749 0004 0446     		mov	r4, r0
 2750 0006 0268     		ldr	r2, [r0]
 2751 0008 1368     		ldr	r3, [r2]
 2752 000a D068     		ldr	r0, [r2, #12]
 2753 000c 5169     		ldr	r1, [r2, #20]
 2754 000e 13F00F0F 		tst	r3, #15
 2755 0012 09D1     		bne	.L323
 2756 0014 13F0200F 		tst	r3, #32
 2757 0018 0CD0     		beq	.L324
 2758 001a 10F0200F 		tst	r0, #32
 2759 001e 09D0     		beq	.L324
 2760 0020 2046     		mov	r0, r4
 2761 0022 FFF7FEFF 		bl	UART_Receive_IT
 2762 0026 16E0     		b	.L322
 2763              	.L323:
 2764 0028 11F00101 		ands	r1, r1, #1
 2765 002c 15D1     		bne	.L326
 2766 002e 10F4907F 		tst	r0, #288
 2767 0032 12D1     		bne	.L326
 2768              	.L324:
 2769 0034 216B     		ldr	r1, [r4, #48]
 2770 0036 0129     		cmp	r1, #1
 2771 0038 79D0     		beq	.L353
 2772              	.L339:
ARM GAS  /tmp/cciK5C1q.s 			page 48


 2773 003a 13F0800F 		tst	r3, #128
 2774 003e 03D0     		beq	.L351
 2775 0040 10F0800F 		tst	r0, #128
 2776 0044 40F01381 		bne	.L354
 2777              	.L351:
 2778 0048 13F0400F 		tst	r3, #64
 2779 004c 03D0     		beq	.L322
 2780 004e 10F0400F 		tst	r0, #64
 2781 0052 40F01081 		bne	.L355
 2782              	.L322:
 2783 0056 02B0     		add	sp, sp, #8
 2784              		@ sp needed
 2785 0058 10BD     		pop	{r4, pc}
 2786              	.L326:
 2787 005a 13F0010F 		tst	r3, #1
 2788 005e 06D0     		beq	.L327
 2789 0060 10F4807F 		tst	r0, #256
 2790 0064 03D0     		beq	.L327
 2791 0066 626C     		ldr	r2, [r4, #68]
 2792 0068 42F00102 		orr	r2, r2, #1
 2793 006c 6264     		str	r2, [r4, #68]
 2794              	.L327:
 2795 006e 13F0040F 		tst	r3, #4
 2796 0072 04D0     		beq	.L328
 2797 0074 19B1     		cbz	r1, .L328
 2798 0076 626C     		ldr	r2, [r4, #68]
 2799 0078 42F00202 		orr	r2, r2, #2
 2800 007c 6264     		str	r2, [r4, #68]
 2801              	.L328:
 2802 007e 13F0020F 		tst	r3, #2
 2803 0082 04D0     		beq	.L329
 2804 0084 19B1     		cbz	r1, .L329
 2805 0086 626C     		ldr	r2, [r4, #68]
 2806 0088 42F00402 		orr	r2, r2, #4
 2807 008c 6264     		str	r2, [r4, #68]
 2808              	.L329:
 2809 008e 13F0080F 		tst	r3, #8
 2810 0092 07D0     		beq	.L330
 2811 0094 10F0200F 		tst	r0, #32
 2812 0098 00D1     		bne	.L331
 2813 009a 19B1     		cbz	r1, .L330
 2814              	.L331:
 2815 009c 626C     		ldr	r2, [r4, #68]
 2816 009e 42F00802 		orr	r2, r2, #8
 2817 00a2 6264     		str	r2, [r4, #68]
 2818              	.L330:
 2819 00a4 626C     		ldr	r2, [r4, #68]
 2820 00a6 002A     		cmp	r2, #0
 2821 00a8 D5D0     		beq	.L322
 2822 00aa 13F0200F 		tst	r3, #32
 2823 00ae 02D0     		beq	.L333
 2824 00b0 10F0200F 		tst	r0, #32
 2825 00b4 29D1     		bne	.L356
 2826              	.L333:
 2827 00b6 2368     		ldr	r3, [r4]
 2828 00b8 5B69     		ldr	r3, [r3, #20]
 2829 00ba 03F04003 		and	r3, r3, #64
ARM GAS  /tmp/cciK5C1q.s 			page 49


 2830 00be 626C     		ldr	r2, [r4, #68]
 2831 00c0 12F0080F 		tst	r2, #8
 2832 00c4 00D1     		bne	.L334
 2833 00c6 63B3     		cbz	r3, .L335
 2834              	.L334:
 2835 00c8 2046     		mov	r0, r4
 2836 00ca FFF7FEFF 		bl	UART_EndRxTransfer
 2837 00ce 2368     		ldr	r3, [r4]
 2838 00d0 5B69     		ldr	r3, [r3, #20]
 2839 00d2 13F0400F 		tst	r3, #64
 2840 00d6 20D0     		beq	.L336
 2841              	.L337:
 2842 00d8 2268     		ldr	r2, [r4]
 2843 00da 02F11403 		add	r3, r2, #20
 2844              		.syntax unified
 2845              	@ 1072 "Drivers/CMSIS/Include/cmsis_gcc.h" 1
 2846 00de 53E8003F 		ldrex r3, [r3]
 2847              	@ 0 "" 2
 2848              		.thumb
 2849              		.syntax unified
 2850 00e2 23F04003 		bic	r3, r3, #64
 2851 00e6 1432     		adds	r2, r2, #20
 2852              		.syntax unified
 2853              	@ 1123 "Drivers/CMSIS/Include/cmsis_gcc.h" 1
 2854 00e8 42E80031 		strex r1, r3, [r2]
 2855              	@ 0 "" 2
 2856              		.thumb
 2857              		.syntax unified
 2858 00ec 0029     		cmp	r1, #0
 2859 00ee F3D1     		bne	.L337
 2860 00f0 E36B     		ldr	r3, [r4, #60]
 2861 00f2 73B1     		cbz	r3, .L338
 2862 00f4 624A     		ldr	r2, .L357
 2863 00f6 5A63     		str	r2, [r3, #52]
 2864 00f8 E06B     		ldr	r0, [r4, #60]
 2865 00fa FFF7FEFF 		bl	HAL_DMA_Abort_IT
 2866 00fe 0028     		cmp	r0, #0
 2867 0100 A9D0     		beq	.L322
 2868 0102 E06B     		ldr	r0, [r4, #60]
 2869 0104 436B     		ldr	r3, [r0, #52]
 2870 0106 9847     		blx	r3
 2871 0108 A5E7     		b	.L322
 2872              	.L356:
 2873 010a 2046     		mov	r0, r4
 2874 010c FFF7FEFF 		bl	UART_Receive_IT
 2875 0110 D1E7     		b	.L333
 2876              	.L338:
 2877 0112 2046     		mov	r0, r4
 2878 0114 FFF7FEFF 		bl	HAL_UART_ErrorCallback
 2879 0118 9DE7     		b	.L322
 2880              	.L336:
 2881 011a 2046     		mov	r0, r4
 2882 011c FFF7FEFF 		bl	HAL_UART_ErrorCallback
 2883 0120 99E7     		b	.L322
 2884              	.L335:
 2885 0122 2046     		mov	r0, r4
 2886 0124 FFF7FEFF 		bl	HAL_UART_ErrorCallback
ARM GAS  /tmp/cciK5C1q.s 			page 50


 2887 0128 0023     		movs	r3, #0
 2888 012a 6364     		str	r3, [r4, #68]
 2889 012c 93E7     		b	.L322
 2890              	.L353:
 2891 012e 13F0100F 		tst	r3, #16
 2892 0132 82D0     		beq	.L339
 2893 0134 10F0100F 		tst	r0, #16
 2894 0138 3FF47FAF 		beq	.L339
 2895 013c 0023     		movs	r3, #0
 2896 013e 0193     		str	r3, [sp, #4]
 2897 0140 1368     		ldr	r3, [r2]
 2898 0142 0193     		str	r3, [sp, #4]
 2899 0144 5368     		ldr	r3, [r2, #4]
 2900 0146 0193     		str	r3, [sp, #4]
 2901 0148 019B     		ldr	r3, [sp, #4]
 2902 014a 5369     		ldr	r3, [r2, #20]
 2903 014c 13F0400F 		tst	r3, #64
 2904 0150 51D0     		beq	.L340
 2905 0152 E26B     		ldr	r2, [r4, #60]
 2906 0154 1368     		ldr	r3, [r2]
 2907 0156 5B68     		ldr	r3, [r3, #4]
 2908 0158 9BB2     		uxth	r3, r3
 2909 015a 002B     		cmp	r3, #0
 2910 015c 3FF47BAF 		beq	.L322
 2911 0160 A18D     		ldrh	r1, [r4, #44]
 2912 0162 9942     		cmp	r1, r3
 2913 0164 7FF677AF 		bls	.L322
 2914 0168 E385     		strh	r3, [r4, #46]	@ movhi
 2915 016a 9369     		ldr	r3, [r2, #24]
 2916 016c 202B     		cmp	r3, #32
 2917 016e 37D0     		beq	.L342
 2918              	.L343:
 2919 0170 2268     		ldr	r2, [r4]
 2920 0172 02F10C03 		add	r3, r2, #12
 2921              		.syntax unified
 2922              	@ 1072 "Drivers/CMSIS/Include/cmsis_gcc.h" 1
 2923 0176 53E8003F 		ldrex r3, [r3]
 2924              	@ 0 "" 2
 2925              		.thumb
 2926              		.syntax unified
 2927 017a 23F48073 		bic	r3, r3, #256
 2928 017e 0C32     		adds	r2, r2, #12
 2929              		.syntax unified
 2930              	@ 1123 "Drivers/CMSIS/Include/cmsis_gcc.h" 1
 2931 0180 42E80031 		strex r1, r3, [r2]
 2932              	@ 0 "" 2
 2933              		.thumb
 2934              		.syntax unified
 2935 0184 0029     		cmp	r1, #0
 2936 0186 F3D1     		bne	.L343
 2937              	.L344:
 2938 0188 2268     		ldr	r2, [r4]
 2939 018a 02F11403 		add	r3, r2, #20
 2940              		.syntax unified
 2941              	@ 1072 "Drivers/CMSIS/Include/cmsis_gcc.h" 1
 2942 018e 53E8003F 		ldrex r3, [r3]
 2943              	@ 0 "" 2
ARM GAS  /tmp/cciK5C1q.s 			page 51


 2944              		.thumb
 2945              		.syntax unified
 2946 0192 23F00103 		bic	r3, r3, #1
 2947 0196 1432     		adds	r2, r2, #20
 2948              		.syntax unified
 2949              	@ 1123 "Drivers/CMSIS/Include/cmsis_gcc.h" 1
 2950 0198 42E80031 		strex r1, r3, [r2]
 2951              	@ 0 "" 2
 2952              		.thumb
 2953              		.syntax unified
 2954 019c 0029     		cmp	r1, #0
 2955 019e F3D1     		bne	.L344
 2956              	.L345:
 2957 01a0 2268     		ldr	r2, [r4]
 2958 01a2 02F11403 		add	r3, r2, #20
 2959              		.syntax unified
 2960              	@ 1072 "Drivers/CMSIS/Include/cmsis_gcc.h" 1
 2961 01a6 53E8003F 		ldrex r3, [r3]
 2962              	@ 0 "" 2
 2963              		.thumb
 2964              		.syntax unified
 2965 01aa 23F04003 		bic	r3, r3, #64
 2966 01ae 1432     		adds	r2, r2, #20
 2967              		.syntax unified
 2968              	@ 1123 "Drivers/CMSIS/Include/cmsis_gcc.h" 1
 2969 01b0 42E80031 		strex r1, r3, [r2]
 2970              	@ 0 "" 2
 2971              		.thumb
 2972              		.syntax unified
 2973 01b4 0029     		cmp	r1, #0
 2974 01b6 F3D1     		bne	.L345
 2975 01b8 2023     		movs	r3, #32
 2976 01ba 84F84230 		strb	r3, [r4, #66]
 2977 01be 0023     		movs	r3, #0
 2978 01c0 2363     		str	r3, [r4, #48]
 2979              	.L346:
 2980 01c2 2268     		ldr	r2, [r4]
 2981 01c4 02F10C03 		add	r3, r2, #12
 2982              		.syntax unified
 2983              	@ 1072 "Drivers/CMSIS/Include/cmsis_gcc.h" 1
 2984 01c8 53E8003F 		ldrex r3, [r3]
 2985              	@ 0 "" 2
 2986              		.thumb
 2987              		.syntax unified
 2988 01cc 23F01003 		bic	r3, r3, #16
 2989 01d0 0C32     		adds	r2, r2, #12
 2990              		.syntax unified
 2991              	@ 1123 "Drivers/CMSIS/Include/cmsis_gcc.h" 1
 2992 01d2 42E80031 		strex r1, r3, [r2]
 2993              	@ 0 "" 2
 2994              		.thumb
 2995              		.syntax unified
 2996 01d6 0029     		cmp	r1, #0
 2997 01d8 F3D1     		bne	.L346
 2998 01da E06B     		ldr	r0, [r4, #60]
 2999 01dc FFF7FEFF 		bl	HAL_DMA_Abort
 3000              	.L342:
ARM GAS  /tmp/cciK5C1q.s 			page 52


 3001 01e0 0223     		movs	r3, #2
 3002 01e2 6363     		str	r3, [r4, #52]
 3003 01e4 A18D     		ldrh	r1, [r4, #44]
 3004 01e6 E38D     		ldrh	r3, [r4, #46]
 3005 01e8 9BB2     		uxth	r3, r3
 3006 01ea C91A     		subs	r1, r1, r3
 3007 01ec 89B2     		uxth	r1, r1
 3008 01ee 2046     		mov	r0, r4
 3009 01f0 FFF7FEFF 		bl	HAL_UARTEx_RxEventCallback
 3010 01f4 2FE7     		b	.L322
 3011              	.L340:
 3012 01f6 A18D     		ldrh	r1, [r4, #44]
 3013 01f8 E38D     		ldrh	r3, [r4, #46]
 3014 01fa 9BB2     		uxth	r3, r3
 3015 01fc C91A     		subs	r1, r1, r3
 3016 01fe 89B2     		uxth	r1, r1
 3017 0200 E38D     		ldrh	r3, [r4, #46]
 3018 0202 9BB2     		uxth	r3, r3
 3019 0204 002B     		cmp	r3, #0
 3020 0206 3FF426AF 		beq	.L322
 3021 020a 0029     		cmp	r1, #0
 3022 020c 3FF423AF 		beq	.L322
 3023              	.L348:
 3024 0210 2268     		ldr	r2, [r4]
 3025 0212 02F10C03 		add	r3, r2, #12
 3026              		.syntax unified
 3027              	@ 1072 "Drivers/CMSIS/Include/cmsis_gcc.h" 1
 3028 0216 53E8003F 		ldrex r3, [r3]
 3029              	@ 0 "" 2
 3030              		.thumb
 3031              		.syntax unified
 3032 021a 23F49073 		bic	r3, r3, #288
 3033 021e 0C32     		adds	r2, r2, #12
 3034              		.syntax unified
 3035              	@ 1123 "Drivers/CMSIS/Include/cmsis_gcc.h" 1
 3036 0220 42E80030 		strex r0, r3, [r2]
 3037              	@ 0 "" 2
 3038              		.thumb
 3039              		.syntax unified
 3040 0224 0028     		cmp	r0, #0
 3041 0226 F3D1     		bne	.L348
 3042              	.L349:
 3043 0228 2268     		ldr	r2, [r4]
 3044 022a 02F11403 		add	r3, r2, #20
 3045              		.syntax unified
 3046              	@ 1072 "Drivers/CMSIS/Include/cmsis_gcc.h" 1
 3047 022e 53E8003F 		ldrex r3, [r3]
 3048              	@ 0 "" 2
 3049              		.thumb
 3050              		.syntax unified
 3051 0232 23F00103 		bic	r3, r3, #1
 3052 0236 1432     		adds	r2, r2, #20
 3053              		.syntax unified
 3054              	@ 1123 "Drivers/CMSIS/Include/cmsis_gcc.h" 1
 3055 0238 42E80030 		strex r0, r3, [r2]
 3056              	@ 0 "" 2
 3057              		.thumb
ARM GAS  /tmp/cciK5C1q.s 			page 53


 3058              		.syntax unified
 3059 023c 0028     		cmp	r0, #0
 3060 023e F3D1     		bne	.L349
 3061 0240 2023     		movs	r3, #32
 3062 0242 84F84230 		strb	r3, [r4, #66]
 3063 0246 0023     		movs	r3, #0
 3064 0248 2363     		str	r3, [r4, #48]
 3065              	.L350:
 3066 024a 2268     		ldr	r2, [r4]
 3067 024c 02F10C03 		add	r3, r2, #12
 3068              		.syntax unified
 3069              	@ 1072 "Drivers/CMSIS/Include/cmsis_gcc.h" 1
 3070 0250 53E8003F 		ldrex r3, [r3]
 3071              	@ 0 "" 2
 3072              		.thumb
 3073              		.syntax unified
 3074 0254 23F01003 		bic	r3, r3, #16
 3075 0258 0C32     		adds	r2, r2, #12
 3076              		.syntax unified
 3077              	@ 1123 "Drivers/CMSIS/Include/cmsis_gcc.h" 1
 3078 025a 42E80030 		strex r0, r3, [r2]
 3079              	@ 0 "" 2
 3080              		.thumb
 3081              		.syntax unified
 3082 025e 0028     		cmp	r0, #0
 3083 0260 F3D1     		bne	.L350
 3084 0262 0223     		movs	r3, #2
 3085 0264 6363     		str	r3, [r4, #52]
 3086 0266 2046     		mov	r0, r4
 3087 0268 FFF7FEFF 		bl	HAL_UARTEx_RxEventCallback
 3088 026c F3E6     		b	.L322
 3089              	.L354:
 3090 026e 2046     		mov	r0, r4
 3091 0270 FFF7FEFF 		bl	UART_Transmit_IT
 3092 0274 EFE6     		b	.L322
 3093              	.L355:
 3094 0276 2046     		mov	r0, r4
 3095 0278 FFF7FEFF 		bl	UART_EndTransmit_IT
 3096 027c EBE6     		b	.L322
 3097              	.L358:
 3098 027e 00BF     		.align	2
 3099              	.L357:
 3100 0280 00000000 		.word	UART_DMAAbortOnError
 3102              		.section	.text.UART_DMARxHalfCplt,"ax",%progbits
 3103              		.align	1
 3104              		.syntax unified
 3105              		.thumb
 3106              		.thumb_func
 3108              	UART_DMARxHalfCplt:
 3109              		@ args = 0, pretend = 0, frame = 0
 3110              		@ frame_needed = 0, uses_anonymous_args = 0
 3111 0000 08B5     		push	{r3, lr}
 3112 0002 406A     		ldr	r0, [r0, #36]
 3113 0004 0123     		movs	r3, #1
 3114 0006 4363     		str	r3, [r0, #52]
 3115 0008 036B     		ldr	r3, [r0, #48]
 3116 000a 012B     		cmp	r3, #1
ARM GAS  /tmp/cciK5C1q.s 			page 54


 3117 000c 02D0     		beq	.L363
 3118 000e FFF7FEFF 		bl	HAL_UART_RxHalfCpltCallback
 3119              	.L359:
 3120 0012 08BD     		pop	{r3, pc}
 3121              	.L363:
 3122 0014 818D     		ldrh	r1, [r0, #44]
 3123 0016 4908     		lsrs	r1, r1, #1
 3124 0018 FFF7FEFF 		bl	HAL_UARTEx_RxEventCallback
 3125 001c F9E7     		b	.L359
 3127              		.section	.text.UART_DMAReceiveCplt,"ax",%progbits
 3128              		.align	1
 3129              		.syntax unified
 3130              		.thumb
 3131              		.thumb_func
 3133              	UART_DMAReceiveCplt:
 3134              		@ args = 0, pretend = 0, frame = 0
 3135              		@ frame_needed = 0, uses_anonymous_args = 0
 3136 0000 08B5     		push	{r3, lr}
 3137 0002 0346     		mov	r3, r0
 3138 0004 406A     		ldr	r0, [r0, #36]
 3139 0006 1B68     		ldr	r3, [r3]
 3140 0008 1B68     		ldr	r3, [r3]
 3141 000a 13F0200F 		tst	r3, #32
 3142 000e 2BD1     		bne	.L365
 3143 0010 0023     		movs	r3, #0
 3144 0012 C385     		strh	r3, [r0, #46]	@ movhi
 3145              	.L366:
 3146 0014 0268     		ldr	r2, [r0]
 3147 0016 02F10C03 		add	r3, r2, #12
 3148              		.syntax unified
 3149              	@ 1072 "Drivers/CMSIS/Include/cmsis_gcc.h" 1
 3150 001a 53E8003F 		ldrex r3, [r3]
 3151              	@ 0 "" 2
 3152              		.thumb
 3153              		.syntax unified
 3154 001e 23F48073 		bic	r3, r3, #256
 3155 0022 0C32     		adds	r2, r2, #12
 3156              		.syntax unified
 3157              	@ 1123 "Drivers/CMSIS/Include/cmsis_gcc.h" 1
 3158 0024 42E80031 		strex r1, r3, [r2]
 3159              	@ 0 "" 2
 3160              		.thumb
 3161              		.syntax unified
 3162 0028 0029     		cmp	r1, #0
 3163 002a F3D1     		bne	.L366
 3164              	.L367:
 3165 002c 0268     		ldr	r2, [r0]
 3166 002e 02F11403 		add	r3, r2, #20
 3167              		.syntax unified
 3168              	@ 1072 "Drivers/CMSIS/Include/cmsis_gcc.h" 1
 3169 0032 53E8003F 		ldrex r3, [r3]
 3170              	@ 0 "" 2
 3171              		.thumb
 3172              		.syntax unified
 3173 0036 23F00103 		bic	r3, r3, #1
 3174 003a 1432     		adds	r2, r2, #20
 3175              		.syntax unified
ARM GAS  /tmp/cciK5C1q.s 			page 55


 3176              	@ 1123 "Drivers/CMSIS/Include/cmsis_gcc.h" 1
 3177 003c 42E80031 		strex r1, r3, [r2]
 3178              	@ 0 "" 2
 3179              		.thumb
 3180              		.syntax unified
 3181 0040 0029     		cmp	r1, #0
 3182 0042 F3D1     		bne	.L367
 3183              	.L368:
 3184 0044 0268     		ldr	r2, [r0]
 3185 0046 02F11403 		add	r3, r2, #20
 3186              		.syntax unified
 3187              	@ 1072 "Drivers/CMSIS/Include/cmsis_gcc.h" 1
 3188 004a 53E8003F 		ldrex r3, [r3]
 3189              	@ 0 "" 2
 3190              		.thumb
 3191              		.syntax unified
 3192 004e 23F04003 		bic	r3, r3, #64
 3193 0052 1432     		adds	r2, r2, #20
 3194              		.syntax unified
 3195              	@ 1123 "Drivers/CMSIS/Include/cmsis_gcc.h" 1
 3196 0054 42E80031 		strex r1, r3, [r2]
 3197              	@ 0 "" 2
 3198              		.thumb
 3199              		.syntax unified
 3200 0058 0029     		cmp	r1, #0
 3201 005a F3D1     		bne	.L368
 3202 005c 2023     		movs	r3, #32
 3203 005e 80F84230 		strb	r3, [r0, #66]
 3204 0062 036B     		ldr	r3, [r0, #48]
 3205 0064 012B     		cmp	r3, #1
 3206 0066 07D0     		beq	.L369
 3207              	.L365:
 3208 0068 0023     		movs	r3, #0
 3209 006a 4363     		str	r3, [r0, #52]
 3210 006c 036B     		ldr	r3, [r0, #48]
 3211 006e 012B     		cmp	r3, #1
 3212 0070 0FD0     		beq	.L373
 3213 0072 FFF7FEFF 		bl	HAL_UART_RxCpltCallback
 3214              	.L364:
 3215 0076 08BD     		pop	{r3, pc}
 3216              	.L369:
 3217 0078 0268     		ldr	r2, [r0]
 3218 007a 02F10C03 		add	r3, r2, #12
 3219              		.syntax unified
 3220              	@ 1072 "Drivers/CMSIS/Include/cmsis_gcc.h" 1
 3221 007e 53E8003F 		ldrex r3, [r3]
 3222              	@ 0 "" 2
 3223              		.thumb
 3224              		.syntax unified
 3225 0082 23F01003 		bic	r3, r3, #16
 3226 0086 0C32     		adds	r2, r2, #12
 3227              		.syntax unified
 3228              	@ 1123 "Drivers/CMSIS/Include/cmsis_gcc.h" 1
 3229 0088 42E80031 		strex r1, r3, [r2]
 3230              	@ 0 "" 2
 3231              		.thumb
 3232              		.syntax unified
ARM GAS  /tmp/cciK5C1q.s 			page 56


 3233 008c 0029     		cmp	r1, #0
 3234 008e F3D1     		bne	.L369
 3235 0090 EAE7     		b	.L365
 3236              	.L373:
 3237 0092 818D     		ldrh	r1, [r0, #44]
 3238 0094 FFF7FEFF 		bl	HAL_UARTEx_RxEventCallback
 3239 0098 EDE7     		b	.L364
 3241              		.section	.text.HAL_LIN_SendBreak,"ax",%progbits
 3242              		.align	1
 3243              		.global	HAL_LIN_SendBreak
 3244              		.syntax unified
 3245              		.thumb
 3246              		.thumb_func
 3248              	HAL_LIN_SendBreak:
 3249              		@ args = 0, pretend = 0, frame = 0
 3250              		@ frame_needed = 0, uses_anonymous_args = 0
 3251              		@ link register save eliminated.
 3252 0000 90F84030 		ldrb	r3, [r0, #64]	@ zero_extendqisi2
 3253 0004 012B     		cmp	r3, #1
 3254 0006 19D0     		beq	.L377
 3255 0008 0123     		movs	r3, #1
 3256 000a 80F84030 		strb	r3, [r0, #64]
 3257 000e 2423     		movs	r3, #36
 3258 0010 80F84130 		strb	r3, [r0, #65]
 3259              	.L376:
 3260 0014 0268     		ldr	r2, [r0]
 3261 0016 02F10C03 		add	r3, r2, #12
 3262              		.syntax unified
 3263              	@ 1072 "Drivers/CMSIS/Include/cmsis_gcc.h" 1
 3264 001a 53E8003F 		ldrex r3, [r3]
 3265              	@ 0 "" 2
 3266              		.thumb
 3267              		.syntax unified
 3268 001e 43F00103 		orr	r3, r3, #1
 3269 0022 0C32     		adds	r2, r2, #12
 3270              		.syntax unified
 3271              	@ 1123 "Drivers/CMSIS/Include/cmsis_gcc.h" 1
 3272 0024 42E80031 		strex r1, r3, [r2]
 3273              	@ 0 "" 2
 3274              		.thumb
 3275              		.syntax unified
 3276 0028 0029     		cmp	r1, #0
 3277 002a F3D1     		bne	.L376
 3278 002c 2023     		movs	r3, #32
 3279 002e 80F84130 		strb	r3, [r0, #65]
 3280 0032 0023     		movs	r3, #0
 3281 0034 80F84030 		strb	r3, [r0, #64]
 3282 0038 1846     		mov	r0, r3
 3283 003a 7047     		bx	lr
 3284              	.L377:
 3285 003c 0220     		movs	r0, #2
 3286 003e 7047     		bx	lr
 3288              		.section	.text.HAL_MultiProcessor_EnterMuteMode,"ax",%progbits
 3289              		.align	1
 3290              		.global	HAL_MultiProcessor_EnterMuteMode
 3291              		.syntax unified
 3292              		.thumb
ARM GAS  /tmp/cciK5C1q.s 			page 57


 3293              		.thumb_func
 3295              	HAL_MultiProcessor_EnterMuteMode:
 3296              		@ args = 0, pretend = 0, frame = 0
 3297              		@ frame_needed = 0, uses_anonymous_args = 0
 3298              		@ link register save eliminated.
 3299 0000 90F84030 		ldrb	r3, [r0, #64]	@ zero_extendqisi2
 3300 0004 012B     		cmp	r3, #1
 3301 0006 1AD0     		beq	.L381
 3302 0008 0123     		movs	r3, #1
 3303 000a 80F84030 		strb	r3, [r0, #64]
 3304 000e 2423     		movs	r3, #36
 3305 0010 80F84130 		strb	r3, [r0, #65]
 3306              	.L380:
 3307 0014 0268     		ldr	r2, [r0]
 3308 0016 02F10C03 		add	r3, r2, #12
 3309              		.syntax unified
 3310              	@ 1072 "Drivers/CMSIS/Include/cmsis_gcc.h" 1
 3311 001a 53E8003F 		ldrex r3, [r3]
 3312              	@ 0 "" 2
 3313              		.thumb
 3314              		.syntax unified
 3315 001e 43F00203 		orr	r3, r3, #2
 3316 0022 0C32     		adds	r2, r2, #12
 3317              		.syntax unified
 3318              	@ 1123 "Drivers/CMSIS/Include/cmsis_gcc.h" 1
 3319 0024 42E80031 		strex r1, r3, [r2]
 3320              	@ 0 "" 2
 3321              		.thumb
 3322              		.syntax unified
 3323 0028 0029     		cmp	r1, #0
 3324 002a F3D1     		bne	.L380
 3325 002c 2023     		movs	r3, #32
 3326 002e 80F84130 		strb	r3, [r0, #65]
 3327 0032 0023     		movs	r3, #0
 3328 0034 4363     		str	r3, [r0, #52]
 3329 0036 80F84030 		strb	r3, [r0, #64]
 3330 003a 1846     		mov	r0, r3
 3331 003c 7047     		bx	lr
 3332              	.L381:
 3333 003e 0220     		movs	r0, #2
 3334 0040 7047     		bx	lr
 3336              		.section	.text.HAL_MultiProcessor_ExitMuteMode,"ax",%progbits
 3337              		.align	1
 3338              		.global	HAL_MultiProcessor_ExitMuteMode
 3339              		.syntax unified
 3340              		.thumb
 3341              		.thumb_func
 3343              	HAL_MultiProcessor_ExitMuteMode:
 3344              		@ args = 0, pretend = 0, frame = 0
 3345              		@ frame_needed = 0, uses_anonymous_args = 0
 3346              		@ link register save eliminated.
 3347 0000 90F84030 		ldrb	r3, [r0, #64]	@ zero_extendqisi2
 3348 0004 012B     		cmp	r3, #1
 3349 0006 1AD0     		beq	.L385
 3350 0008 0123     		movs	r3, #1
 3351 000a 80F84030 		strb	r3, [r0, #64]
 3352 000e 2423     		movs	r3, #36
ARM GAS  /tmp/cciK5C1q.s 			page 58


 3353 0010 80F84130 		strb	r3, [r0, #65]
 3354              	.L384:
 3355 0014 0268     		ldr	r2, [r0]
 3356 0016 02F10C03 		add	r3, r2, #12
 3357              		.syntax unified
 3358              	@ 1072 "Drivers/CMSIS/Include/cmsis_gcc.h" 1
 3359 001a 53E8003F 		ldrex r3, [r3]
 3360              	@ 0 "" 2
 3361              		.thumb
 3362              		.syntax unified
 3363 001e 23F00203 		bic	r3, r3, #2
 3364 0022 0C32     		adds	r2, r2, #12
 3365              		.syntax unified
 3366              	@ 1123 "Drivers/CMSIS/Include/cmsis_gcc.h" 1
 3367 0024 42E80031 		strex r1, r3, [r2]
 3368              	@ 0 "" 2
 3369              		.thumb
 3370              		.syntax unified
 3371 0028 0029     		cmp	r1, #0
 3372 002a F3D1     		bne	.L384
 3373 002c 2023     		movs	r3, #32
 3374 002e 80F84130 		strb	r3, [r0, #65]
 3375 0032 0023     		movs	r3, #0
 3376 0034 4363     		str	r3, [r0, #52]
 3377 0036 80F84030 		strb	r3, [r0, #64]
 3378 003a 1846     		mov	r0, r3
 3379 003c 7047     		bx	lr
 3380              	.L385:
 3381 003e 0220     		movs	r0, #2
 3382 0040 7047     		bx	lr
 3384              		.section	.text.HAL_HalfDuplex_EnableTransmitter,"ax",%progbits
 3385              		.align	1
 3386              		.global	HAL_HalfDuplex_EnableTransmitter
 3387              		.syntax unified
 3388              		.thumb
 3389              		.thumb_func
 3391              	HAL_HalfDuplex_EnableTransmitter:
 3392              		@ args = 0, pretend = 0, frame = 0
 3393              		@ frame_needed = 0, uses_anonymous_args = 0
 3394              		@ link register save eliminated.
 3395 0000 90F84030 		ldrb	r3, [r0, #64]	@ zero_extendqisi2
 3396 0004 012B     		cmp	r3, #1
 3397 0006 14D0     		beq	.L388
 3398 0008 0123     		movs	r3, #1
 3399 000a 80F84030 		strb	r3, [r0, #64]
 3400 000e 2423     		movs	r3, #36
 3401 0010 80F84130 		strb	r3, [r0, #65]
 3402 0014 0268     		ldr	r2, [r0]
 3403 0016 D368     		ldr	r3, [r2, #12]
 3404 0018 23F00C03 		bic	r3, r3, #12
 3405 001c 43F00803 		orr	r3, r3, #8
 3406 0020 D360     		str	r3, [r2, #12]
 3407 0022 2023     		movs	r3, #32
 3408 0024 80F84130 		strb	r3, [r0, #65]
 3409 0028 0023     		movs	r3, #0
 3410 002a 80F84030 		strb	r3, [r0, #64]
 3411 002e 1846     		mov	r0, r3
ARM GAS  /tmp/cciK5C1q.s 			page 59


 3412 0030 7047     		bx	lr
 3413              	.L388:
 3414 0032 0220     		movs	r0, #2
 3415 0034 7047     		bx	lr
 3417              		.section	.text.HAL_HalfDuplex_EnableReceiver,"ax",%progbits
 3418              		.align	1
 3419              		.global	HAL_HalfDuplex_EnableReceiver
 3420              		.syntax unified
 3421              		.thumb
 3422              		.thumb_func
 3424              	HAL_HalfDuplex_EnableReceiver:
 3425              		@ args = 0, pretend = 0, frame = 0
 3426              		@ frame_needed = 0, uses_anonymous_args = 0
 3427              		@ link register save eliminated.
 3428 0000 90F84030 		ldrb	r3, [r0, #64]	@ zero_extendqisi2
 3429 0004 012B     		cmp	r3, #1
 3430 0006 14D0     		beq	.L391
 3431 0008 0123     		movs	r3, #1
 3432 000a 80F84030 		strb	r3, [r0, #64]
 3433 000e 2423     		movs	r3, #36
 3434 0010 80F84130 		strb	r3, [r0, #65]
 3435 0014 0268     		ldr	r2, [r0]
 3436 0016 D368     		ldr	r3, [r2, #12]
 3437 0018 23F00C03 		bic	r3, r3, #12
 3438 001c 43F00403 		orr	r3, r3, #4
 3439 0020 D360     		str	r3, [r2, #12]
 3440 0022 2023     		movs	r3, #32
 3441 0024 80F84130 		strb	r3, [r0, #65]
 3442 0028 0023     		movs	r3, #0
 3443 002a 80F84030 		strb	r3, [r0, #64]
 3444 002e 1846     		mov	r0, r3
 3445 0030 7047     		bx	lr
 3446              	.L391:
 3447 0032 0220     		movs	r0, #2
 3448 0034 7047     		bx	lr
 3450              		.section	.text.HAL_UART_GetState,"ax",%progbits
 3451              		.align	1
 3452              		.global	HAL_UART_GetState
 3453              		.syntax unified
 3454              		.thumb
 3455              		.thumb_func
 3457              	HAL_UART_GetState:
 3458              		@ args = 0, pretend = 0, frame = 0
 3459              		@ frame_needed = 0, uses_anonymous_args = 0
 3460              		@ link register save eliminated.
 3461 0000 90F84130 		ldrb	r3, [r0, #65]	@ zero_extendqisi2
 3462 0004 90F84200 		ldrb	r0, [r0, #66]	@ zero_extendqisi2
 3463 0008 1843     		orrs	r0, r0, r3
 3464 000a 7047     		bx	lr
 3466              		.section	.text.HAL_UART_GetError,"ax",%progbits
 3467              		.align	1
 3468              		.global	HAL_UART_GetError
 3469              		.syntax unified
 3470              		.thumb
 3471              		.thumb_func
 3473              	HAL_UART_GetError:
 3474              		@ args = 0, pretend = 0, frame = 0
ARM GAS  /tmp/cciK5C1q.s 			page 60


 3475              		@ frame_needed = 0, uses_anonymous_args = 0
 3476              		@ link register save eliminated.
 3477 0000 406C     		ldr	r0, [r0, #68]
 3478 0002 7047     		bx	lr
 3480              		.section	.text.UART_Start_Receive_IT,"ax",%progbits
 3481              		.align	1
 3482              		.global	UART_Start_Receive_IT
 3483              		.syntax unified
 3484              		.thumb
 3485              		.thumb_func
 3487              	UART_Start_Receive_IT:
 3488              		@ args = 0, pretend = 0, frame = 0
 3489              		@ frame_needed = 0, uses_anonymous_args = 0
 3490              		@ link register save eliminated.
 3491 0000 8162     		str	r1, [r0, #40]
 3492 0002 8285     		strh	r2, [r0, #44]	@ movhi
 3493 0004 C285     		strh	r2, [r0, #46]	@ movhi
 3494 0006 0023     		movs	r3, #0
 3495 0008 4364     		str	r3, [r0, #68]
 3496 000a 2223     		movs	r3, #34
 3497 000c 80F84230 		strb	r3, [r0, #66]
 3498 0010 0369     		ldr	r3, [r0, #16]
 3499 0012 23B1     		cbz	r3, .L395
 3500 0014 0268     		ldr	r2, [r0]
 3501 0016 D368     		ldr	r3, [r2, #12]
 3502 0018 43F48073 		orr	r3, r3, #256
 3503 001c D360     		str	r3, [r2, #12]
 3504              	.L395:
 3505 001e 0268     		ldr	r2, [r0]
 3506 0020 5369     		ldr	r3, [r2, #20]
 3507 0022 43F00103 		orr	r3, r3, #1
 3508 0026 5361     		str	r3, [r2, #20]
 3509 0028 0268     		ldr	r2, [r0]
 3510 002a D368     		ldr	r3, [r2, #12]
 3511 002c 43F02003 		orr	r3, r3, #32
 3512 0030 D360     		str	r3, [r2, #12]
 3513 0032 0020     		movs	r0, #0
 3514 0034 7047     		bx	lr
 3516              		.section	.text.HAL_UART_Receive_IT,"ax",%progbits
 3517              		.align	1
 3518              		.global	HAL_UART_Receive_IT
 3519              		.syntax unified
 3520              		.thumb
 3521              		.thumb_func
 3523              	HAL_UART_Receive_IT:
 3524              		@ args = 0, pretend = 0, frame = 0
 3525              		@ frame_needed = 0, uses_anonymous_args = 0
 3526 0000 08B5     		push	{r3, lr}
 3527 0002 90F84230 		ldrb	r3, [r0, #66]	@ zero_extendqisi2
 3528 0006 202B     		cmp	r3, #32
 3529 0008 08D1     		bne	.L398
 3530 000a 49B1     		cbz	r1, .L399
 3531 000c 0AB9     		cbnz	r2, .L402
 3532 000e 0120     		movs	r0, #1
 3533              	.L397:
 3534 0010 08BD     		pop	{r3, pc}
 3535              	.L402:
ARM GAS  /tmp/cciK5C1q.s 			page 61


 3536 0012 0023     		movs	r3, #0
 3537 0014 0363     		str	r3, [r0, #48]
 3538 0016 FFF7FEFF 		bl	UART_Start_Receive_IT
 3539 001a F9E7     		b	.L397
 3540              	.L398:
 3541 001c 0220     		movs	r0, #2
 3542 001e F7E7     		b	.L397
 3543              	.L399:
 3544 0020 0120     		movs	r0, #1
 3545 0022 F5E7     		b	.L397
 3547              		.section	.text.HAL_UARTEx_ReceiveToIdle_IT,"ax",%progbits
 3548              		.align	1
 3549              		.global	HAL_UARTEx_ReceiveToIdle_IT
 3550              		.syntax unified
 3551              		.thumb
 3552              		.thumb_func
 3554              	HAL_UARTEx_ReceiveToIdle_IT:
 3555              		@ args = 0, pretend = 0, frame = 8
 3556              		@ frame_needed = 0, uses_anonymous_args = 0
 3557 0000 90F84230 		ldrb	r3, [r0, #66]	@ zero_extendqisi2
 3558 0004 202B     		cmp	r3, #32
 3559 0006 29D1     		bne	.L407
 3560 0008 10B5     		push	{r4, lr}
 3561 000a 82B0     		sub	sp, sp, #8
 3562 000c 0446     		mov	r4, r0
 3563 000e 39B3     		cbz	r1, .L408
 3564 0010 12B9     		cbnz	r2, .L415
 3565 0012 0120     		movs	r0, #1
 3566              	.L404:
 3567 0014 02B0     		add	sp, sp, #8
 3568              		@ sp needed
 3569 0016 10BD     		pop	{r4, pc}
 3570              	.L415:
 3571 0018 0123     		movs	r3, #1
 3572 001a 0363     		str	r3, [r0, #48]
 3573 001c 0023     		movs	r3, #0
 3574 001e 4363     		str	r3, [r0, #52]
 3575 0020 FFF7FEFF 		bl	UART_Start_Receive_IT
 3576 0024 0028     		cmp	r0, #0
 3577 0026 F5D1     		bne	.L404
 3578 0028 236B     		ldr	r3, [r4, #48]
 3579 002a 012B     		cmp	r3, #1
 3580 002c 01D0     		beq	.L416
 3581 002e 0120     		movs	r0, #1
 3582 0030 F0E7     		b	.L404
 3583              	.L416:
 3584 0032 0023     		movs	r3, #0
 3585 0034 0193     		str	r3, [sp, #4]
 3586 0036 2368     		ldr	r3, [r4]
 3587 0038 1A68     		ldr	r2, [r3]
 3588 003a 0192     		str	r2, [sp, #4]
 3589 003c 5B68     		ldr	r3, [r3, #4]
 3590 003e 0193     		str	r3, [sp, #4]
 3591 0040 019B     		ldr	r3, [sp, #4]
 3592              	.L406:
 3593 0042 2268     		ldr	r2, [r4]
 3594 0044 02F10C03 		add	r3, r2, #12
ARM GAS  /tmp/cciK5C1q.s 			page 62


 3595              		.syntax unified
 3596              	@ 1072 "Drivers/CMSIS/Include/cmsis_gcc.h" 1
 3597 0048 53E8003F 		ldrex r3, [r3]
 3598              	@ 0 "" 2
 3599              		.thumb
 3600              		.syntax unified
 3601 004c 43F01003 		orr	r3, r3, #16
 3602 0050 0C32     		adds	r2, r2, #12
 3603              		.syntax unified
 3604              	@ 1123 "Drivers/CMSIS/Include/cmsis_gcc.h" 1
 3605 0052 42E80031 		strex r1, r3, [r2]
 3606              	@ 0 "" 2
 3607              		.thumb
 3608              		.syntax unified
 3609 0056 0029     		cmp	r1, #0
 3610 0058 F3D1     		bne	.L406
 3611 005a DBE7     		b	.L404
 3612              	.L407:
 3613 005c 0220     		movs	r0, #2
 3614 005e 7047     		bx	lr
 3615              	.L408:
 3616 0060 0120     		movs	r0, #1
 3617 0062 D7E7     		b	.L404
 3619              		.section	.text.UART_Start_Receive_DMA,"ax",%progbits
 3620              		.align	1
 3621              		.global	UART_Start_Receive_DMA
 3622              		.syntax unified
 3623              		.thumb
 3624              		.thumb_func
 3626              	UART_Start_Receive_DMA:
 3627              		@ args = 0, pretend = 0, frame = 8
 3628              		@ frame_needed = 0, uses_anonymous_args = 0
 3629 0000 30B5     		push	{r4, r5, lr}
 3630 0002 83B0     		sub	sp, sp, #12
 3631 0004 0446     		mov	r4, r0
 3632 0006 1346     		mov	r3, r2
 3633 0008 8162     		str	r1, [r0, #40]
 3634 000a 8285     		strh	r2, [r0, #44]	@ movhi
 3635 000c 0025     		movs	r5, #0
 3636 000e 4564     		str	r5, [r0, #68]
 3637 0010 2222     		movs	r2, #34
 3638 0012 80F84220 		strb	r2, [r0, #66]
 3639 0016 C26B     		ldr	r2, [r0, #60]
 3640 0018 1F48     		ldr	r0, .L423
 3641 001a 9062     		str	r0, [r2, #40]
 3642 001c E26B     		ldr	r2, [r4, #60]
 3643 001e 1F48     		ldr	r0, .L423+4
 3644 0020 D062     		str	r0, [r2, #44]
 3645 0022 E26B     		ldr	r2, [r4, #60]
 3646 0024 1E48     		ldr	r0, .L423+8
 3647 0026 1063     		str	r0, [r2, #48]
 3648 0028 E26B     		ldr	r2, [r4, #60]
 3649 002a 5563     		str	r5, [r2, #52]
 3650 002c 2068     		ldr	r0, [r4]
 3651 002e 0A46     		mov	r2, r1
 3652 0030 011D     		adds	r1, r0, #4
 3653 0032 E06B     		ldr	r0, [r4, #60]
ARM GAS  /tmp/cciK5C1q.s 			page 63


 3654 0034 FFF7FEFF 		bl	HAL_DMA_Start_IT
 3655 0038 0195     		str	r5, [sp, #4]
 3656 003a 2368     		ldr	r3, [r4]
 3657 003c 1A68     		ldr	r2, [r3]
 3658 003e 0192     		str	r2, [sp, #4]
 3659 0040 5B68     		ldr	r3, [r3, #4]
 3660 0042 0193     		str	r3, [sp, #4]
 3661 0044 019B     		ldr	r3, [sp, #4]
 3662 0046 2369     		ldr	r3, [r4, #16]
 3663 0048 5BB1     		cbz	r3, .L420
 3664              	.L419:
 3665 004a 2268     		ldr	r2, [r4]
 3666 004c 02F10C03 		add	r3, r2, #12
 3667              		.syntax unified
 3668              	@ 1072 "Drivers/CMSIS/Include/cmsis_gcc.h" 1
 3669 0050 53E8003F 		ldrex r3, [r3]
 3670              	@ 0 "" 2
 3671              		.thumb
 3672              		.syntax unified
 3673 0054 43F48073 		orr	r3, r3, #256
 3674 0058 0C32     		adds	r2, r2, #12
 3675              		.syntax unified
 3676              	@ 1123 "Drivers/CMSIS/Include/cmsis_gcc.h" 1
 3677 005a 42E80031 		strex r1, r3, [r2]
 3678              	@ 0 "" 2
 3679              		.thumb
 3680              		.syntax unified
 3681 005e 0029     		cmp	r1, #0
 3682 0060 F3D1     		bne	.L419
 3683              	.L420:
 3684 0062 2268     		ldr	r2, [r4]
 3685 0064 02F11403 		add	r3, r2, #20
 3686              		.syntax unified
 3687              	@ 1072 "Drivers/CMSIS/Include/cmsis_gcc.h" 1
 3688 0068 53E8003F 		ldrex r3, [r3]
 3689              	@ 0 "" 2
 3690              		.thumb
 3691              		.syntax unified
 3692 006c 43F00103 		orr	r3, r3, #1
 3693 0070 1432     		adds	r2, r2, #20
 3694              		.syntax unified
 3695              	@ 1123 "Drivers/CMSIS/Include/cmsis_gcc.h" 1
 3696 0072 42E80031 		strex r1, r3, [r2]
 3697              	@ 0 "" 2
 3698              		.thumb
 3699              		.syntax unified
 3700 0076 0029     		cmp	r1, #0
 3701 0078 F3D1     		bne	.L420
 3702              	.L421:
 3703 007a 2268     		ldr	r2, [r4]
 3704 007c 02F11403 		add	r3, r2, #20
 3705              		.syntax unified
 3706              	@ 1072 "Drivers/CMSIS/Include/cmsis_gcc.h" 1
 3707 0080 53E8003F 		ldrex r3, [r3]
 3708              	@ 0 "" 2
 3709              		.thumb
 3710              		.syntax unified
ARM GAS  /tmp/cciK5C1q.s 			page 64


 3711 0084 43F04003 		orr	r3, r3, #64
 3712 0088 1432     		adds	r2, r2, #20
 3713              		.syntax unified
 3714              	@ 1123 "Drivers/CMSIS/Include/cmsis_gcc.h" 1
 3715 008a 42E80031 		strex r1, r3, [r2]
 3716              	@ 0 "" 2
 3717              		.thumb
 3718              		.syntax unified
 3719 008e 0029     		cmp	r1, #0
 3720 0090 F3D1     		bne	.L421
 3721 0092 0020     		movs	r0, #0
 3722 0094 03B0     		add	sp, sp, #12
 3723              		@ sp needed
 3724 0096 30BD     		pop	{r4, r5, pc}
 3725              	.L424:
 3726              		.align	2
 3727              	.L423:
 3728 0098 00000000 		.word	UART_DMAReceiveCplt
 3729 009c 00000000 		.word	UART_DMARxHalfCplt
 3730 00a0 00000000 		.word	UART_DMAError
 3732              		.section	.text.HAL_UART_Receive_DMA,"ax",%progbits
 3733              		.align	1
 3734              		.global	HAL_UART_Receive_DMA
 3735              		.syntax unified
 3736              		.thumb
 3737              		.thumb_func
 3739              	HAL_UART_Receive_DMA:
 3740              		@ args = 0, pretend = 0, frame = 0
 3741              		@ frame_needed = 0, uses_anonymous_args = 0
 3742 0000 08B5     		push	{r3, lr}
 3743 0002 90F84230 		ldrb	r3, [r0, #66]	@ zero_extendqisi2
 3744 0006 202B     		cmp	r3, #32
 3745 0008 08D1     		bne	.L427
 3746 000a 49B1     		cbz	r1, .L428
 3747 000c 0AB9     		cbnz	r2, .L431
 3748 000e 0120     		movs	r0, #1
 3749              	.L426:
 3750 0010 08BD     		pop	{r3, pc}
 3751              	.L431:
 3752 0012 0023     		movs	r3, #0
 3753 0014 0363     		str	r3, [r0, #48]
 3754 0016 FFF7FEFF 		bl	UART_Start_Receive_DMA
 3755 001a F9E7     		b	.L426
 3756              	.L427:
 3757 001c 0220     		movs	r0, #2
 3758 001e F7E7     		b	.L426
 3759              	.L428:
 3760 0020 0120     		movs	r0, #1
 3761 0022 F5E7     		b	.L426
 3763              		.section	.text.HAL_UARTEx_ReceiveToIdle_DMA,"ax",%progbits
 3764              		.align	1
 3765              		.global	HAL_UARTEx_ReceiveToIdle_DMA
 3766              		.syntax unified
 3767              		.thumb
 3768              		.thumb_func
 3770              	HAL_UARTEx_ReceiveToIdle_DMA:
 3771              		@ args = 0, pretend = 0, frame = 8
ARM GAS  /tmp/cciK5C1q.s 			page 65


 3772              		@ frame_needed = 0, uses_anonymous_args = 0
 3773 0000 90F84230 		ldrb	r3, [r0, #66]	@ zero_extendqisi2
 3774 0004 202B     		cmp	r3, #32
 3775 0006 27D1     		bne	.L436
 3776 0008 10B5     		push	{r4, lr}
 3777 000a 82B0     		sub	sp, sp, #8
 3778 000c 0446     		mov	r4, r0
 3779 000e 29B3     		cbz	r1, .L437
 3780 0010 12B9     		cbnz	r2, .L444
 3781 0012 0120     		movs	r0, #1
 3782              	.L433:
 3783 0014 02B0     		add	sp, sp, #8
 3784              		@ sp needed
 3785 0016 10BD     		pop	{r4, pc}
 3786              	.L444:
 3787 0018 0123     		movs	r3, #1
 3788 001a 0363     		str	r3, [r0, #48]
 3789 001c 0023     		movs	r3, #0
 3790 001e 4363     		str	r3, [r0, #52]
 3791 0020 FFF7FEFF 		bl	UART_Start_Receive_DMA
 3792 0024 236B     		ldr	r3, [r4, #48]
 3793 0026 012B     		cmp	r3, #1
 3794 0028 01D0     		beq	.L445
 3795 002a 0120     		movs	r0, #1
 3796 002c F2E7     		b	.L433
 3797              	.L445:
 3798 002e 0023     		movs	r3, #0
 3799 0030 0193     		str	r3, [sp, #4]
 3800 0032 2368     		ldr	r3, [r4]
 3801 0034 1A68     		ldr	r2, [r3]
 3802 0036 0192     		str	r2, [sp, #4]
 3803 0038 5B68     		ldr	r3, [r3, #4]
 3804 003a 0193     		str	r3, [sp, #4]
 3805 003c 019B     		ldr	r3, [sp, #4]
 3806              	.L435:
 3807 003e 2268     		ldr	r2, [r4]
 3808 0040 02F10C03 		add	r3, r2, #12
 3809              		.syntax unified
 3810              	@ 1072 "Drivers/CMSIS/Include/cmsis_gcc.h" 1
 3811 0044 53E8003F 		ldrex r3, [r3]
 3812              	@ 0 "" 2
 3813              		.thumb
 3814              		.syntax unified
 3815 0048 43F01003 		orr	r3, r3, #16
 3816 004c 0C32     		adds	r2, r2, #12
 3817              		.syntax unified
 3818              	@ 1123 "Drivers/CMSIS/Include/cmsis_gcc.h" 1
 3819 004e 42E80031 		strex r1, r3, [r2]
 3820              	@ 0 "" 2
 3821              		.thumb
 3822              		.syntax unified
 3823 0052 0029     		cmp	r1, #0
 3824 0054 F3D1     		bne	.L435
 3825 0056 DDE7     		b	.L433
 3826              	.L436:
 3827 0058 0220     		movs	r0, #2
 3828 005a 7047     		bx	lr
ARM GAS  /tmp/cciK5C1q.s 			page 66


 3829              	.L437:
 3830 005c 0120     		movs	r0, #1
 3831 005e D9E7     		b	.L433
 3833              		.ident	"GCC: (Arch Repository) 14.2.0"
ARM GAS  /tmp/cciK5C1q.s 			page 67


DEFINED SYMBOLS
                            *ABS*:00000000 stm32f1xx_hal_uart.c
     /tmp/cciK5C1q.s:16     .text.UART_EndTxTransfer:00000000 $t
     /tmp/cciK5C1q.s:21     .text.UART_EndTxTransfer:00000000 UART_EndTxTransfer
     /tmp/cciK5C1q.s:49     .text.UART_EndRxTransfer:00000000 $t
     /tmp/cciK5C1q.s:54     .text.UART_EndRxTransfer:00000000 UART_EndRxTransfer
     /tmp/cciK5C1q.s:127    .text.UART_Transmit_IT:00000000 $t
     /tmp/cciK5C1q.s:132    .text.UART_Transmit_IT:00000000 UART_Transmit_IT
     /tmp/cciK5C1q.s:185    .text.UART_SetConfig:00000000 $t
     /tmp/cciK5C1q.s:190    .text.UART_SetConfig:00000000 UART_SetConfig
     /tmp/cciK5C1q.s:253    .text.UART_SetConfig:0000008c $d
     /tmp/cciK5C1q.s:257    .text.UART_WaitOnFlagUntilTimeout:00000000 $t
     /tmp/cciK5C1q.s:262    .text.UART_WaitOnFlagUntilTimeout:00000000 UART_WaitOnFlagUntilTimeout
     /tmp/cciK5C1q.s:328    .text.HAL_UART_MspInit:00000000 $t
     /tmp/cciK5C1q.s:334    .text.HAL_UART_MspInit:00000000 HAL_UART_MspInit
     /tmp/cciK5C1q.s:341    .text.HAL_UART_Init:00000000 $t
     /tmp/cciK5C1q.s:347    .text.HAL_UART_Init:00000000 HAL_UART_Init
     /tmp/cciK5C1q.s:392    .text.HAL_HalfDuplex_Init:00000000 $t
     /tmp/cciK5C1q.s:398    .text.HAL_HalfDuplex_Init:00000000 HAL_HalfDuplex_Init
     /tmp/cciK5C1q.s:448    .text.HAL_LIN_Init:00000000 $t
     /tmp/cciK5C1q.s:454    .text.HAL_LIN_Init:00000000 HAL_LIN_Init
     /tmp/cciK5C1q.s:514    .text.HAL_MultiProcessor_Init:00000000 $t
     /tmp/cciK5C1q.s:520    .text.HAL_MultiProcessor_Init:00000000 HAL_MultiProcessor_Init
     /tmp/cciK5C1q.s:585    .text.HAL_UART_MspDeInit:00000000 $t
     /tmp/cciK5C1q.s:591    .text.HAL_UART_MspDeInit:00000000 HAL_UART_MspDeInit
     /tmp/cciK5C1q.s:598    .text.HAL_UART_DeInit:00000000 $t
     /tmp/cciK5C1q.s:604    .text.HAL_UART_DeInit:00000000 HAL_UART_DeInit
     /tmp/cciK5C1q.s:630    .text.HAL_UART_Transmit:00000000 $t
     /tmp/cciK5C1q.s:636    .text.HAL_UART_Transmit:00000000 HAL_UART_Transmit
     /tmp/cciK5C1q.s:737    .text.HAL_UART_Receive:00000000 $t
     /tmp/cciK5C1q.s:743    .text.HAL_UART_Receive:00000000 HAL_UART_Receive
     /tmp/cciK5C1q.s:851    .text.HAL_UART_Transmit_IT:00000000 $t
     /tmp/cciK5C1q.s:857    .text.HAL_UART_Transmit_IT:00000000 HAL_UART_Transmit_IT
     /tmp/cciK5C1q.s:890    .text.HAL_UART_Transmit_DMA:00000000 $t
     /tmp/cciK5C1q.s:896    .text.HAL_UART_Transmit_DMA:00000000 HAL_UART_Transmit_DMA
     /tmp/cciK5C1q.s:967    .text.HAL_UART_Transmit_DMA:00000074 $d
     /tmp/cciK5C1q.s:1834   .text.UART_DMATransmitCplt:00000000 UART_DMATransmitCplt
     /tmp/cciK5C1q.s:1929   .text.UART_DMATxHalfCplt:00000000 UART_DMATxHalfCplt
     /tmp/cciK5C1q.s:1982   .text.UART_DMAError:00000000 UART_DMAError
     /tmp/cciK5C1q.s:972    .text.HAL_UART_DMAPause:00000000 $t
     /tmp/cciK5C1q.s:978    .text.HAL_UART_DMAPause:00000000 HAL_UART_DMAPause
     /tmp/cciK5C1q.s:1084   .text.HAL_UART_DMAResume:00000000 $t
     /tmp/cciK5C1q.s:1090   .text.HAL_UART_DMAResume:00000000 HAL_UART_DMAResume
     /tmp/cciK5C1q.s:1198   .text.HAL_UART_DMAStop:00000000 $t
     /tmp/cciK5C1q.s:1204   .text.HAL_UART_DMAStop:00000000 HAL_UART_DMAStop
     /tmp/cciK5C1q.s:1285   .text.HAL_UARTEx_ReceiveToIdle:00000000 $t
     /tmp/cciK5C1q.s:1291   .text.HAL_UARTEx_ReceiveToIdle:00000000 HAL_UARTEx_ReceiveToIdle
     /tmp/cciK5C1q.s:1437   .text.HAL_UARTEx_GetRxEventType:00000000 $t
     /tmp/cciK5C1q.s:1443   .text.HAL_UARTEx_GetRxEventType:00000000 HAL_UARTEx_GetRxEventType
     /tmp/cciK5C1q.s:1451   .text.HAL_UART_Abort:00000000 $t
     /tmp/cciK5C1q.s:1457   .text.HAL_UART_Abort:00000000 HAL_UART_Abort
     /tmp/cciK5C1q.s:1616   .text.HAL_UART_AbortTransmit:00000000 $t
     /tmp/cciK5C1q.s:1622   .text.HAL_UART_AbortTransmit:00000000 HAL_UART_AbortTransmit
     /tmp/cciK5C1q.s:1694   .text.HAL_UART_AbortReceive:00000000 $t
     /tmp/cciK5C1q.s:1700   .text.HAL_UART_AbortReceive:00000000 HAL_UART_AbortReceive
     /tmp/cciK5C1q.s:1816   .text.HAL_UART_TxCpltCallback:00000000 $t
     /tmp/cciK5C1q.s:1822   .text.HAL_UART_TxCpltCallback:00000000 HAL_UART_TxCpltCallback
ARM GAS  /tmp/cciK5C1q.s 			page 68


     /tmp/cciK5C1q.s:1829   .text.UART_DMATransmitCplt:00000000 $t
     /tmp/cciK5C1q.s:1891   .text.UART_EndTransmit_IT:00000000 $t
     /tmp/cciK5C1q.s:1896   .text.UART_EndTransmit_IT:00000000 UART_EndTransmit_IT
     /tmp/cciK5C1q.s:1911   .text.HAL_UART_TxHalfCpltCallback:00000000 $t
     /tmp/cciK5C1q.s:1917   .text.HAL_UART_TxHalfCpltCallback:00000000 HAL_UART_TxHalfCpltCallback
     /tmp/cciK5C1q.s:1924   .text.UART_DMATxHalfCplt:00000000 $t
     /tmp/cciK5C1q.s:1938   .text.HAL_UART_RxCpltCallback:00000000 $t
     /tmp/cciK5C1q.s:1944   .text.HAL_UART_RxCpltCallback:00000000 HAL_UART_RxCpltCallback
     /tmp/cciK5C1q.s:1951   .text.HAL_UART_RxHalfCpltCallback:00000000 $t
     /tmp/cciK5C1q.s:1957   .text.HAL_UART_RxHalfCpltCallback:00000000 HAL_UART_RxHalfCpltCallback
     /tmp/cciK5C1q.s:1964   .text.HAL_UART_ErrorCallback:00000000 $t
     /tmp/cciK5C1q.s:1970   .text.HAL_UART_ErrorCallback:00000000 HAL_UART_ErrorCallback
     /tmp/cciK5C1q.s:1977   .text.UART_DMAError:00000000 $t
     /tmp/cciK5C1q.s:2025   .text.UART_DMAAbortOnError:00000000 $t
     /tmp/cciK5C1q.s:2030   .text.UART_DMAAbortOnError:00000000 UART_DMAAbortOnError
     /tmp/cciK5C1q.s:2042   .text.HAL_UART_AbortCpltCallback:00000000 $t
     /tmp/cciK5C1q.s:2048   .text.HAL_UART_AbortCpltCallback:00000000 HAL_UART_AbortCpltCallback
     /tmp/cciK5C1q.s:2055   .text.HAL_UART_Abort_IT:00000000 $t
     /tmp/cciK5C1q.s:2061   .text.HAL_UART_Abort_IT:00000000 HAL_UART_Abort_IT
     /tmp/cciK5C1q.s:2245   .text.HAL_UART_Abort_IT:0000011c $d
     /tmp/cciK5C1q.s:2285   .text.UART_DMATxAbortCallback:00000000 UART_DMATxAbortCallback
     /tmp/cciK5C1q.s:2254   .text.UART_DMARxAbortCallback:00000000 UART_DMARxAbortCallback
     /tmp/cciK5C1q.s:2249   .text.UART_DMARxAbortCallback:00000000 $t
     /tmp/cciK5C1q.s:2280   .text.UART_DMATxAbortCallback:00000000 $t
     /tmp/cciK5C1q.s:2311   .text.HAL_UART_AbortTransmitCpltCallback:00000000 $t
     /tmp/cciK5C1q.s:2317   .text.HAL_UART_AbortTransmitCpltCallback:00000000 HAL_UART_AbortTransmitCpltCallback
     /tmp/cciK5C1q.s:2324   .text.HAL_UART_AbortTransmit_IT:00000000 $t
     /tmp/cciK5C1q.s:2330   .text.HAL_UART_AbortTransmit_IT:00000000 HAL_UART_AbortTransmit_IT
     /tmp/cciK5C1q.s:2409   .text.HAL_UART_AbortTransmit_IT:0000007c $d
     /tmp/cciK5C1q.s:2417   .text.UART_DMATxOnlyAbortCallback:00000000 UART_DMATxOnlyAbortCallback
     /tmp/cciK5C1q.s:2412   .text.UART_DMATxOnlyAbortCallback:00000000 $t
     /tmp/cciK5C1q.s:2430   .text.HAL_UART_AbortReceiveCpltCallback:00000000 $t
     /tmp/cciK5C1q.s:2436   .text.HAL_UART_AbortReceiveCpltCallback:00000000 HAL_UART_AbortReceiveCpltCallback
     /tmp/cciK5C1q.s:2443   .text.HAL_UART_AbortReceive_IT:00000000 $t
     /tmp/cciK5C1q.s:2449   .text.HAL_UART_AbortReceive_IT:00000000 HAL_UART_AbortReceive_IT
     /tmp/cciK5C1q.s:2573   .text.HAL_UART_AbortReceive_IT:000000b8 $d
     /tmp/cciK5C1q.s:2581   .text.UART_DMARxOnlyAbortCallback:00000000 UART_DMARxOnlyAbortCallback
     /tmp/cciK5C1q.s:2576   .text.UART_DMARxOnlyAbortCallback:00000000 $t
     /tmp/cciK5C1q.s:2595   .text.HAL_UARTEx_RxEventCallback:00000000 $t
     /tmp/cciK5C1q.s:2601   .text.HAL_UARTEx_RxEventCallback:00000000 HAL_UARTEx_RxEventCallback
     /tmp/cciK5C1q.s:2608   .text.UART_Receive_IT:00000000 $t
     /tmp/cciK5C1q.s:2613   .text.UART_Receive_IT:00000000 UART_Receive_IT
     /tmp/cciK5C1q.s:2738   .text.HAL_UART_IRQHandler:00000000 $t
     /tmp/cciK5C1q.s:2744   .text.HAL_UART_IRQHandler:00000000 HAL_UART_IRQHandler
     /tmp/cciK5C1q.s:3100   .text.HAL_UART_IRQHandler:00000280 $d
     /tmp/cciK5C1q.s:3103   .text.UART_DMARxHalfCplt:00000000 $t
     /tmp/cciK5C1q.s:3108   .text.UART_DMARxHalfCplt:00000000 UART_DMARxHalfCplt
     /tmp/cciK5C1q.s:3128   .text.UART_DMAReceiveCplt:00000000 $t
     /tmp/cciK5C1q.s:3133   .text.UART_DMAReceiveCplt:00000000 UART_DMAReceiveCplt
     /tmp/cciK5C1q.s:3242   .text.HAL_LIN_SendBreak:00000000 $t
     /tmp/cciK5C1q.s:3248   .text.HAL_LIN_SendBreak:00000000 HAL_LIN_SendBreak
     /tmp/cciK5C1q.s:3289   .text.HAL_MultiProcessor_EnterMuteMode:00000000 $t
     /tmp/cciK5C1q.s:3295   .text.HAL_MultiProcessor_EnterMuteMode:00000000 HAL_MultiProcessor_EnterMuteMode
     /tmp/cciK5C1q.s:3337   .text.HAL_MultiProcessor_ExitMuteMode:00000000 $t
     /tmp/cciK5C1q.s:3343   .text.HAL_MultiProcessor_ExitMuteMode:00000000 HAL_MultiProcessor_ExitMuteMode
     /tmp/cciK5C1q.s:3385   .text.HAL_HalfDuplex_EnableTransmitter:00000000 $t
     /tmp/cciK5C1q.s:3391   .text.HAL_HalfDuplex_EnableTransmitter:00000000 HAL_HalfDuplex_EnableTransmitter
ARM GAS  /tmp/cciK5C1q.s 			page 69


     /tmp/cciK5C1q.s:3418   .text.HAL_HalfDuplex_EnableReceiver:00000000 $t
     /tmp/cciK5C1q.s:3424   .text.HAL_HalfDuplex_EnableReceiver:00000000 HAL_HalfDuplex_EnableReceiver
     /tmp/cciK5C1q.s:3451   .text.HAL_UART_GetState:00000000 $t
     /tmp/cciK5C1q.s:3457   .text.HAL_UART_GetState:00000000 HAL_UART_GetState
     /tmp/cciK5C1q.s:3467   .text.HAL_UART_GetError:00000000 $t
     /tmp/cciK5C1q.s:3473   .text.HAL_UART_GetError:00000000 HAL_UART_GetError
     /tmp/cciK5C1q.s:3481   .text.UART_Start_Receive_IT:00000000 $t
     /tmp/cciK5C1q.s:3487   .text.UART_Start_Receive_IT:00000000 UART_Start_Receive_IT
     /tmp/cciK5C1q.s:3517   .text.HAL_UART_Receive_IT:00000000 $t
     /tmp/cciK5C1q.s:3523   .text.HAL_UART_Receive_IT:00000000 HAL_UART_Receive_IT
     /tmp/cciK5C1q.s:3548   .text.HAL_UARTEx_ReceiveToIdle_IT:00000000 $t
     /tmp/cciK5C1q.s:3554   .text.HAL_UARTEx_ReceiveToIdle_IT:00000000 HAL_UARTEx_ReceiveToIdle_IT
     /tmp/cciK5C1q.s:3620   .text.UART_Start_Receive_DMA:00000000 $t
     /tmp/cciK5C1q.s:3626   .text.UART_Start_Receive_DMA:00000000 UART_Start_Receive_DMA
     /tmp/cciK5C1q.s:3728   .text.UART_Start_Receive_DMA:00000098 $d
     /tmp/cciK5C1q.s:3733   .text.HAL_UART_Receive_DMA:00000000 $t
     /tmp/cciK5C1q.s:3739   .text.HAL_UART_Receive_DMA:00000000 HAL_UART_Receive_DMA
     /tmp/cciK5C1q.s:3764   .text.HAL_UARTEx_ReceiveToIdle_DMA:00000000 $t
     /tmp/cciK5C1q.s:3770   .text.HAL_UARTEx_ReceiveToIdle_DMA:00000000 HAL_UARTEx_ReceiveToIdle_DMA

UNDEFINED SYMBOLS
HAL_RCC_GetPCLK1Freq
HAL_RCC_GetPCLK2Freq
HAL_GetTick
HAL_DMA_Start_IT
HAL_DMA_Abort
HAL_DMA_GetError
HAL_DMA_Abort_IT
