
build/debug/uart-halsiz.elf:     file format elf32-littlearm

Sections:
Idx Name          Size      VMA       LMA       File off  Algn
  0 .isr_vector   0000010c  08000000  08000000  00001000  2**0
                  CONTENTS, ALLOC, LOAD, READONLY, DATA
  1 .text         00001f08  0800010c  0800010c  0000110c  2**2
                  CONTENTS, ALLOC, LOAD, READONLY, CODE
  2 .rodata       00000070  08002014  08002014  00003014  2**2
                  CONTENTS, ALLOC, LOAD, READONLY, DATA
  3 .init_array   00000004  08002084  08002084  00003084  2**2
                  CONTENTS, ALLOC, LOAD, DATA
  4 .fini_array   00000004  08002088  08002088  00003088  2**2
                  CONTENTS, ALLOC, LOAD, DATA
  5 .data         00000068  20000000  0800208c  00004000  2**2
                  CONTENTS, ALLOC, LOAD, DATA
  6 .bss          000001b8  20000068  080020f4  00004068  2**2
                  ALLOC
  7 ._user_heap_stack 00000600  20000220  080020f4  00004220  2**0
                  ALLOC
  8 .ARM.attributes 00000029  00000000  00000000  00004068  2**0
                  CONTENTS, READONLY
  9 .comment      0000001e  00000000  00000000  00004091  2**0
                  CONTENTS, READONLY
 10 .debug_info   00015ccc  00000000  00000000  000040af  2**0
                  CONTENTS, READONLY, DEBUGGING, OCTETS
 11 .debug_abbrev 0000494d  00000000  00000000  00019d7b  2**0
                  CONTENTS, READONLY, DEBUGGING, OCTETS
 12 .debug_aranges 00000af0  00000000  00000000  0001e6c8  2**3
                  CONTENTS, READONLY, DEBUGGING, OCTETS
 13 .debug_rnglists 00000895  00000000  00000000  0001f1b8  2**0
                  CONTENTS, READONLY, DEBUGGING, OCTETS
 14 .debug_line   0000a2cb  00000000  00000000  0001fa4d  2**0
                  CONTENTS, READONLY, DEBUGGING, OCTETS
 15 .debug_str    0000328e  00000000  00000000  00029d18  2**0
                  CONTENTS, READONLY, DEBUGGING, OCTETS
 16 .debug_frame  00001724  00000000  00000000  0002cfa8  2**2
                  CONTENTS, READONLY, DEBUGGING, OCTETS
 17 .debug_loclists 00005a7d  00000000  00000000  0002e6cc  2**0
                  CONTENTS, READONLY, DEBUGGING, OCTETS
 18 .debug_line_str 00000046  00000000  00000000  00034149  2**0
                  CONTENTS, READONLY, DEBUGGING, OCTETS

Disassembly of section .text:

0800010c <__do_global_dtors_aux>:
 800010c:	b510      	push	{r4, lr}
 800010e:	4c05      	ldr	r4, [pc, #20]	@ (8000124 <__do_global_dtors_aux+0x18>)
 8000110:	7823      	ldrb	r3, [r4, #0]
 8000112:	b933      	cbnz	r3, 8000122 <__do_global_dtors_aux+0x16>
 8000114:	4b04      	ldr	r3, [pc, #16]	@ (8000128 <__do_global_dtors_aux+0x1c>)
 8000116:	b113      	cbz	r3, 800011e <__do_global_dtors_aux+0x12>
 8000118:	4804      	ldr	r0, [pc, #16]	@ (800012c <__do_global_dtors_aux+0x20>)
 800011a:	f3af 8000 	nop.w
 800011e:	2301      	movs	r3, #1
 8000120:	7023      	strb	r3, [r4, #0]
 8000122:	bd10      	pop	{r4, pc}
 8000124:	20000068 	.word	0x20000068
 8000128:	00000000 	.word	0x00000000
 800012c:	08001ffc 	.word	0x08001ffc

08000130 <frame_dummy>:
 8000130:	b508      	push	{r3, lr}
 8000132:	4b03      	ldr	r3, [pc, #12]	@ (8000140 <frame_dummy+0x10>)
 8000134:	b11b      	cbz	r3, 800013e <frame_dummy+0xe>
 8000136:	4903      	ldr	r1, [pc, #12]	@ (8000144 <frame_dummy+0x14>)
 8000138:	4803      	ldr	r0, [pc, #12]	@ (8000148 <frame_dummy+0x18>)
 800013a:	f3af 8000 	nop.w
 800013e:	bd08      	pop	{r3, pc}
 8000140:	00000000 	.word	0x00000000
 8000144:	2000006c 	.word	0x2000006c
 8000148:	08001ffc 	.word	0x08001ffc

0800014c <MX_GPIO_Init>:
  * @brief GPIO Initialization Function
  * @param None
  * @retval None
  */
static void MX_GPIO_Init(void)
{
 800014c:	b082      	sub	sp, #8
/* USER CODE BEGIN MX_GPIO_Init_1 */
/* USER CODE END MX_GPIO_Init_1 */

  /* GPIO Ports Clock Enable */
  __HAL_RCC_GPIOD_CLK_ENABLE();
 800014e:	4b0a      	ldr	r3, [pc, #40]	@ (8000178 <MX_GPIO_Init+0x2c>)
 8000150:	699a      	ldr	r2, [r3, #24]
 8000152:	f042 0220 	orr.w	r2, r2, #32
 8000156:	619a      	str	r2, [r3, #24]
 8000158:	699a      	ldr	r2, [r3, #24]
 800015a:	f002 0220 	and.w	r2, r2, #32
 800015e:	9200      	str	r2, [sp, #0]
 8000160:	9a00      	ldr	r2, [sp, #0]
  __HAL_RCC_GPIOA_CLK_ENABLE();
 8000162:	699a      	ldr	r2, [r3, #24]
 8000164:	f042 0204 	orr.w	r2, r2, #4
 8000168:	619a      	str	r2, [r3, #24]
 800016a:	699b      	ldr	r3, [r3, #24]
 800016c:	f003 0304 	and.w	r3, r3, #4
 8000170:	9301      	str	r3, [sp, #4]
 8000172:	9b01      	ldr	r3, [sp, #4]

/* USER CODE BEGIN MX_GPIO_Init_2 */
/* USER CODE END MX_GPIO_Init_2 */
}
 8000174:	b002      	add	sp, #8
 8000176:	4770      	bx	lr
 8000178:	40021000 	.word	0x40021000

0800017c <Error_Handler>:
  \details Disables IRQ interrupts by setting the I-bit in the CPSR.
           Can only be executed in Privileged modes.
 */
__STATIC_FORCEINLINE void __disable_irq(void)
{
  __ASM volatile ("cpsid i" : : : "memory");
 800017c:	b672      	cpsid	i
void Error_Handler(void)
{
  /* USER CODE BEGIN Error_Handler_Debug */
  /* User can add his own implementation to report the HAL error return state */
  __disable_irq();
  while (1)
 800017e:	e7fe      	b.n	800017e <Error_Handler+0x2>

08000180 <MX_USART2_UART_Init>:
{
 8000180:	b508      	push	{r3, lr}
  huart2.Instance = USART2;
 8000182:	480a      	ldr	r0, [pc, #40]	@ (80001ac <MX_USART2_UART_Init+0x2c>)
 8000184:	4b0a      	ldr	r3, [pc, #40]	@ (80001b0 <MX_USART2_UART_Init+0x30>)
 8000186:	6003      	str	r3, [r0, #0]
  huart2.Init.BaudRate = 115200;
 8000188:	f44f 33e1 	mov.w	r3, #115200	@ 0x1c200
 800018c:	6043      	str	r3, [r0, #4]
  huart2.Init.WordLength = UART_WORDLENGTH_8B;
 800018e:	2300      	movs	r3, #0
 8000190:	6083      	str	r3, [r0, #8]
  huart2.Init.StopBits = UART_STOPBITS_1;
 8000192:	60c3      	str	r3, [r0, #12]
  huart2.Init.Parity = UART_PARITY_NONE;
 8000194:	6103      	str	r3, [r0, #16]
  huart2.Init.Mode = UART_MODE_TX_RX;
 8000196:	220c      	movs	r2, #12
 8000198:	6142      	str	r2, [r0, #20]
  huart2.Init.HwFlowCtl = UART_HWCONTROL_NONE;
 800019a:	6183      	str	r3, [r0, #24]
  huart2.Init.OverSampling = UART_OVERSAMPLING_16;
 800019c:	61c3      	str	r3, [r0, #28]
  if (HAL_UART_Init(&huart2) != HAL_OK)
 800019e:	f000 fe78 	bl	8000e92 <HAL_UART_Init>
 80001a2:	b900      	cbnz	r0, 80001a6 <MX_USART2_UART_Init+0x26>
}
 80001a4:	bd08      	pop	{r3, pc}
    Error_Handler();
 80001a6:	f7ff ffe9 	bl	800017c <Error_Handler>
 80001aa:	bf00      	nop
 80001ac:	20000084 	.word	0x20000084
 80001b0:	40004400 	.word	0x40004400

080001b4 <SystemClock_Config>:
{
 80001b4:	b510      	push	{r4, lr}
 80001b6:	b090      	sub	sp, #64	@ 0x40
  RCC_OscInitTypeDef RCC_OscInitStruct = {0};
 80001b8:	ac06      	add	r4, sp, #24
 80001ba:	2228      	movs	r2, #40	@ 0x28
 80001bc:	2100      	movs	r1, #0
 80001be:	4620      	mov	r0, r4
 80001c0:	f001 f902 	bl	80013c8 <memset>
  RCC_ClkInitTypeDef RCC_ClkInitStruct = {0};
 80001c4:	2300      	movs	r3, #0
 80001c6:	9301      	str	r3, [sp, #4]
 80001c8:	9302      	str	r3, [sp, #8]
 80001ca:	9303      	str	r3, [sp, #12]
 80001cc:	9304      	str	r3, [sp, #16]
 80001ce:	9305      	str	r3, [sp, #20]
  RCC_OscInitStruct.OscillatorType = RCC_OSCILLATORTYPE_HSI;
 80001d0:	2302      	movs	r3, #2
 80001d2:	9306      	str	r3, [sp, #24]
  RCC_OscInitStruct.HSIState = RCC_HSI_ON;
 80001d4:	2201      	movs	r2, #1
 80001d6:	920a      	str	r2, [sp, #40]	@ 0x28
  RCC_OscInitStruct.HSICalibrationValue = RCC_HSICALIBRATION_DEFAULT;
 80001d8:	2210      	movs	r2, #16
 80001da:	920b      	str	r2, [sp, #44]	@ 0x2c
  RCC_OscInitStruct.PLL.PLLState = RCC_PLL_ON;
 80001dc:	930d      	str	r3, [sp, #52]	@ 0x34
  if (HAL_RCC_OscConfig(&RCC_OscInitStruct) != HAL_OK)
 80001de:	4620      	mov	r0, r4
 80001e0:	f000 fa8e 	bl	8000700 <HAL_RCC_OscConfig>
 80001e4:	b978      	cbnz	r0, 8000206 <SystemClock_Config+0x52>
  RCC_ClkInitStruct.ClockType = RCC_CLOCKTYPE_HCLK|RCC_CLOCKTYPE_SYSCLK
 80001e6:	230f      	movs	r3, #15
 80001e8:	9301      	str	r3, [sp, #4]
  RCC_ClkInitStruct.SYSCLKSource = RCC_SYSCLKSOURCE_PLLCLK;
 80001ea:	2302      	movs	r3, #2
 80001ec:	9302      	str	r3, [sp, #8]
  RCC_ClkInitStruct.AHBCLKDivider = RCC_SYSCLK_DIV1;
 80001ee:	2100      	movs	r1, #0
 80001f0:	9103      	str	r1, [sp, #12]
  RCC_ClkInitStruct.APB1CLKDivider = RCC_HCLK_DIV2;
 80001f2:	f44f 6380 	mov.w	r3, #1024	@ 0x400
 80001f6:	9304      	str	r3, [sp, #16]
  RCC_ClkInitStruct.APB2CLKDivider = RCC_HCLK_DIV1;
 80001f8:	9105      	str	r1, [sp, #20]
  if (HAL_RCC_ClockConfig(&RCC_ClkInitStruct, FLASH_LATENCY_0) != HAL_OK)
 80001fa:	a801      	add	r0, sp, #4
 80001fc:	f000 fcb2 	bl	8000b64 <HAL_RCC_ClockConfig>
 8000200:	b918      	cbnz	r0, 800020a <SystemClock_Config+0x56>
}
 8000202:	b010      	add	sp, #64	@ 0x40
 8000204:	bd10      	pop	{r4, pc}
    Error_Handler();
 8000206:	f7ff ffb9 	bl	800017c <Error_Handler>
    Error_Handler();
 800020a:	f7ff ffb7 	bl	800017c <Error_Handler>
	...

08000210 <main>:
{
 8000210:	b500      	push	{lr}
 8000212:	b085      	sub	sp, #20
  char a[10]= "hello";
 8000214:	4b14      	ldr	r3, [pc, #80]	@ (8000268 <main+0x58>)
 8000216:	e893 0003 	ldmia.w	r3, {r0, r1}
 800021a:	9001      	str	r0, [sp, #4]
 800021c:	f8ad 1008 	strh.w	r1, [sp, #8]
 8000220:	2300      	movs	r3, #0
 8000222:	f8cd 300a 	str.w	r3, [sp, #10]
  HAL_Init();
 8000226:	f000 f84b 	bl	80002c0 <HAL_Init>
  SystemClock_Config();
 800022a:	f7ff ffc3 	bl	80001b4 <SystemClock_Config>
  MX_GPIO_Init();
 800022e:	f7ff ff8d 	bl	800014c <MX_GPIO_Init>
  MX_USART2_UART_Init();
 8000232:	f7ff ffa5 	bl	8000180 <MX_USART2_UART_Init>
    HAL_UART_Transmit(&huart2,a,sizeof(a),100);
 8000236:	4c0d      	ldr	r4, [pc, #52]	@ (800026c <main+0x5c>)
 8000238:	2364      	movs	r3, #100	@ 0x64
 800023a:	220a      	movs	r2, #10
 800023c:	a901      	add	r1, sp, #4
 800023e:	4620      	mov	r0, r4
 8000240:	f000 fe57 	bl	8000ef2 <HAL_UART_Transmit>
    HAL_Delay(1000);
 8000244:	f44f 707a 	mov.w	r0, #1000	@ 0x3e8
 8000248:	f000 f85e 	bl	8000308 <HAL_Delay>
    HAL_UART_Receive(&huart2,&buf,sizeof(buf),100);
 800024c:	2364      	movs	r3, #100	@ 0x64
 800024e:	2201      	movs	r2, #1
 8000250:	f10d 0103 	add.w	r1, sp, #3
 8000254:	4620      	mov	r0, r4
 8000256:	f000 feb1 	bl	8000fbc <HAL_UART_Receive>
    printf("%d",buf);
 800025a:	f89d 1003 	ldrb.w	r1, [sp, #3]
 800025e:	4804      	ldr	r0, [pc, #16]	@ (8000270 <main+0x60>)
 8000260:	f001 f85c 	bl	800131c <iprintf>
  while (1)
 8000264:	e7e7      	b.n	8000236 <main+0x26>
 8000266:	bf00      	nop
 8000268:	08002014 	.word	0x08002014
 800026c:	20000084 	.word	0x20000084
 8000270:	08002020 	.word	0x08002020

08000274 <HAL_InitTick>:
  *       implementation  in user file.
  * @param TickPriority Tick interrupt priority.
  * @retval HAL status
  */
__weak HAL_StatusTypeDef HAL_InitTick(uint32_t TickPriority)
{
 8000274:	b510      	push	{r4, lr}
 8000276:	4604      	mov	r4, r0
  /* Configure the SysTick to have interrupt in 1ms time basis*/
  if (HAL_SYSTICK_Config(SystemCoreClock / (1000U / uwTickFreq)) > 0U)
 8000278:	4b0e      	ldr	r3, [pc, #56]	@ (80002b4 <HAL_InitTick+0x40>)
 800027a:	781a      	ldrb	r2, [r3, #0]
 800027c:	f44f 737a 	mov.w	r3, #1000	@ 0x3e8
 8000280:	fbb3 f3f2 	udiv	r3, r3, r2
 8000284:	4a0c      	ldr	r2, [pc, #48]	@ (80002b8 <HAL_InitTick+0x44>)
 8000286:	6810      	ldr	r0, [r2, #0]
 8000288:	fbb0 f0f3 	udiv	r0, r0, r3
 800028c:	f000 f8a6 	bl	80003dc <HAL_SYSTICK_Config>
 8000290:	b968      	cbnz	r0, 80002ae <HAL_InitTick+0x3a>
  {
    return HAL_ERROR;
  }

  /* Configure the SysTick IRQ priority */
  if (TickPriority < (1UL << __NVIC_PRIO_BITS))
 8000292:	2c0f      	cmp	r4, #15
 8000294:	d901      	bls.n	800029a <HAL_InitTick+0x26>
    HAL_NVIC_SetPriority(SysTick_IRQn, TickPriority, 0U);
    uwTickPrio = TickPriority;
  }
  else
  {
    return HAL_ERROR;
 8000296:	2001      	movs	r0, #1
 8000298:	e00a      	b.n	80002b0 <HAL_InitTick+0x3c>
    HAL_NVIC_SetPriority(SysTick_IRQn, TickPriority, 0U);
 800029a:	2200      	movs	r2, #0
 800029c:	4621      	mov	r1, r4
 800029e:	f04f 30ff 	mov.w	r0, #4294967295	@ 0xffffffff
 80002a2:	f000 f88b 	bl	80003bc <HAL_NVIC_SetPriority>
    uwTickPrio = TickPriority;
 80002a6:	4b05      	ldr	r3, [pc, #20]	@ (80002bc <HAL_InitTick+0x48>)
 80002a8:	601c      	str	r4, [r3, #0]
  }

  /* Return function status */
  return HAL_OK;
 80002aa:	2000      	movs	r0, #0
 80002ac:	e000      	b.n	80002b0 <HAL_InitTick+0x3c>
    return HAL_ERROR;
 80002ae:	2001      	movs	r0, #1
}
 80002b0:	bd10      	pop	{r4, pc}
 80002b2:	bf00      	nop
 80002b4:	20000000 	.word	0x20000000
 80002b8:	20000008 	.word	0x20000008
 80002bc:	20000004 	.word	0x20000004

080002c0 <HAL_Init>:
{
 80002c0:	b508      	push	{r3, lr}
  __HAL_FLASH_PREFETCH_BUFFER_ENABLE();
 80002c2:	4a07      	ldr	r2, [pc, #28]	@ (80002e0 <HAL_Init+0x20>)
 80002c4:	6813      	ldr	r3, [r2, #0]
 80002c6:	f043 0310 	orr.w	r3, r3, #16
 80002ca:	6013      	str	r3, [r2, #0]
  HAL_NVIC_SetPriorityGrouping(NVIC_PRIORITYGROUP_4);
 80002cc:	2003      	movs	r0, #3
 80002ce:	f000 f863 	bl	8000398 <HAL_NVIC_SetPriorityGrouping>
  HAL_InitTick(TICK_INT_PRIORITY);
 80002d2:	200f      	movs	r0, #15
 80002d4:	f7ff ffce 	bl	8000274 <HAL_InitTick>
  HAL_MspInit();
 80002d8:	f000 f99e 	bl	8000618 <HAL_MspInit>
}
 80002dc:	2000      	movs	r0, #0
 80002de:	bd08      	pop	{r3, pc}
 80002e0:	40022000 	.word	0x40022000

080002e4 <HAL_IncTick>:
  *      implementations in user file.
  * @retval None
  */
__weak void HAL_IncTick(void)
{
  uwTick += uwTickFreq;
 80002e4:	4a03      	ldr	r2, [pc, #12]	@ (80002f4 <HAL_IncTick+0x10>)
 80002e6:	6811      	ldr	r1, [r2, #0]
 80002e8:	4b03      	ldr	r3, [pc, #12]	@ (80002f8 <HAL_IncTick+0x14>)
 80002ea:	781b      	ldrb	r3, [r3, #0]
 80002ec:	440b      	add	r3, r1
 80002ee:	6013      	str	r3, [r2, #0]
}
 80002f0:	4770      	bx	lr
 80002f2:	bf00      	nop
 80002f4:	200000cc 	.word	0x200000cc
 80002f8:	20000000 	.word	0x20000000

080002fc <HAL_GetTick>:
  *       implementations in user file.
  * @retval tick value
  */
__weak uint32_t HAL_GetTick(void)
{
  return uwTick;
 80002fc:	4b01      	ldr	r3, [pc, #4]	@ (8000304 <HAL_GetTick+0x8>)
 80002fe:	6818      	ldr	r0, [r3, #0]
}
 8000300:	4770      	bx	lr
 8000302:	bf00      	nop
 8000304:	200000cc 	.word	0x200000cc

08000308 <HAL_Delay>:
  *       implementations in user file.
  * @param Delay specifies the delay time length, in milliseconds.
  * @retval None
  */
__weak void HAL_Delay(uint32_t Delay)
{
 8000308:	b538      	push	{r3, r4, r5, lr}
 800030a:	4604      	mov	r4, r0
  uint32_t tickstart = HAL_GetTick();
 800030c:	f7ff fff6 	bl	80002fc <HAL_GetTick>
 8000310:	4605      	mov	r5, r0
  uint32_t wait = Delay;

  /* Add a freq to guarantee minimum wait */
  if (wait < HAL_MAX_DELAY)
 8000312:	f1b4 3fff 	cmp.w	r4, #4294967295	@ 0xffffffff
 8000316:	d002      	beq.n	800031e <HAL_Delay+0x16>
  {
    wait += (uint32_t)(uwTickFreq);
 8000318:	4b04      	ldr	r3, [pc, #16]	@ (800032c <HAL_Delay+0x24>)
 800031a:	781b      	ldrb	r3, [r3, #0]
 800031c:	441c      	add	r4, r3
  }

  while ((HAL_GetTick() - tickstart) < wait)
 800031e:	f7ff ffed 	bl	80002fc <HAL_GetTick>
 8000322:	1b40      	subs	r0, r0, r5
 8000324:	42a0      	cmp	r0, r4
 8000326:	d3fa      	bcc.n	800031e <HAL_Delay+0x16>
  {
  }
}
 8000328:	bd38      	pop	{r3, r4, r5, pc}
 800032a:	bf00      	nop
 800032c:	20000000 	.word	0x20000000

08000330 <__NVIC_SetPriority>:
  \param [in]  priority  Priority to set.
  \note    The priority cannot be set for every processor exception.
 */
__STATIC_INLINE void __NVIC_SetPriority(IRQn_Type IRQn, uint32_t priority)
{
  if ((int32_t)(IRQn) >= 0)
 8000330:	2800      	cmp	r0, #0
 8000332:	db08      	blt.n	8000346 <__NVIC_SetPriority+0x16>
  {
    NVIC->IP[((uint32_t)IRQn)]               = (uint8_t)((priority << (8U - __NVIC_PRIO_BITS)) & (uint32_t)0xFFUL);
 8000334:	0109      	lsls	r1, r1, #4
 8000336:	b2c9      	uxtb	r1, r1
 8000338:	f100 4060 	add.w	r0, r0, #3758096384	@ 0xe0000000
 800033c:	f500 4061 	add.w	r0, r0, #57600	@ 0xe100
 8000340:	f880 1300 	strb.w	r1, [r0, #768]	@ 0x300
 8000344:	4770      	bx	lr
  }
  else
  {
    SCB->SHP[(((uint32_t)IRQn) & 0xFUL)-4UL] = (uint8_t)((priority << (8U - __NVIC_PRIO_BITS)) & (uint32_t)0xFFUL);
 8000346:	f000 000f 	and.w	r0, r0, #15
 800034a:	0109      	lsls	r1, r1, #4
 800034c:	b2c9      	uxtb	r1, r1
 800034e:	4b01      	ldr	r3, [pc, #4]	@ (8000354 <__NVIC_SetPriority+0x24>)
 8000350:	5419      	strb	r1, [r3, r0]
  }
}
 8000352:	4770      	bx	lr
 8000354:	e000ed14 	.word	0xe000ed14

08000358 <NVIC_EncodePriority>:
  \param [in]   PreemptPriority  Preemptive priority value (starting from 0).
  \param [in]       SubPriority  Subpriority value (starting from 0).
  \return                        Encoded priority. Value can be used in the function \ref NVIC_SetPriority().
 */
__STATIC_INLINE uint32_t NVIC_EncodePriority (uint32_t PriorityGroup, uint32_t PreemptPriority, uint32_t SubPriority)
{
 8000358:	b500      	push	{lr}
  uint32_t PriorityGroupTmp = (PriorityGroup & (uint32_t)0x07UL);   /* only values 0..7 are used          */
 800035a:	f000 0007 	and.w	r0, r0, #7
  uint32_t PreemptPriorityBits;
  uint32_t SubPriorityBits;

  PreemptPriorityBits = ((7UL - PriorityGroupTmp) > (uint32_t)(__NVIC_PRIO_BITS)) ? (uint32_t)(__NVIC_PRIO_BITS) : (uint32_t)(7UL - PriorityGroupTmp);
 800035e:	f1c0 0c07 	rsb	ip, r0, #7
 8000362:	f1bc 0f04 	cmp.w	ip, #4
 8000366:	bf28      	it	cs
 8000368:	f04f 0c04 	movcs.w	ip, #4
  SubPriorityBits     = ((PriorityGroupTmp + (uint32_t)(__NVIC_PRIO_BITS)) < (uint32_t)7UL) ? (uint32_t)0UL : (uint32_t)((PriorityGroupTmp - 7UL) + (uint32_t)(__NVIC_PRIO_BITS));
 800036c:	1d03      	adds	r3, r0, #4
 800036e:	2b06      	cmp	r3, #6
 8000370:	d90f      	bls.n	8000392 <NVIC_EncodePriority+0x3a>
 8000372:	1ec3      	subs	r3, r0, #3

  return (
           ((PreemptPriority & (uint32_t)((1UL << (PreemptPriorityBits)) - 1UL)) << SubPriorityBits) |
 8000374:	f04f 3eff 	mov.w	lr, #4294967295	@ 0xffffffff
 8000378:	fa0e f00c 	lsl.w	r0, lr, ip
 800037c:	ea21 0100 	bic.w	r1, r1, r0
 8000380:	4099      	lsls	r1, r3
           ((SubPriority     & (uint32_t)((1UL << (SubPriorityBits    )) - 1UL)))
 8000382:	fa0e fe03 	lsl.w	lr, lr, r3
 8000386:	ea22 020e 	bic.w	r2, r2, lr
         );
}
 800038a:	ea41 0002 	orr.w	r0, r1, r2
 800038e:	f85d fb04 	ldr.w	pc, [sp], #4
  SubPriorityBits     = ((PriorityGroupTmp + (uint32_t)(__NVIC_PRIO_BITS)) < (uint32_t)7UL) ? (uint32_t)0UL : (uint32_t)((PriorityGroupTmp - 7UL) + (uint32_t)(__NVIC_PRIO_BITS));
 8000392:	2300      	movs	r3, #0
 8000394:	e7ee      	b.n	8000374 <NVIC_EncodePriority+0x1c>
	...

08000398 <HAL_NVIC_SetPriorityGrouping>:
  reg_value  =  SCB->AIRCR;                                                   /* read old register configuration    */
 8000398:	4a07      	ldr	r2, [pc, #28]	@ (80003b8 <HAL_NVIC_SetPriorityGrouping+0x20>)
 800039a:	68d3      	ldr	r3, [r2, #12]
  reg_value &= ~((uint32_t)(SCB_AIRCR_VECTKEY_Msk | SCB_AIRCR_PRIGROUP_Msk)); /* clear bits to change               */
 800039c:	f423 63e0 	bic.w	r3, r3, #1792	@ 0x700
 80003a0:	041b      	lsls	r3, r3, #16
 80003a2:	0c1b      	lsrs	r3, r3, #16
                (PriorityGroupTmp << SCB_AIRCR_PRIGROUP_Pos) );               /* Insert write key and priority group */
 80003a4:	0200      	lsls	r0, r0, #8
 80003a6:	f400 60e0 	and.w	r0, r0, #1792	@ 0x700
                ((uint32_t)0x5FAUL << SCB_AIRCR_VECTKEY_Pos) |
 80003aa:	4303      	orrs	r3, r0
  reg_value  =  (reg_value                                   |
 80003ac:	f043 63bf 	orr.w	r3, r3, #100139008	@ 0x5f80000
 80003b0:	f443 3300 	orr.w	r3, r3, #131072	@ 0x20000
  SCB->AIRCR =  reg_value;
 80003b4:	60d3      	str	r3, [r2, #12]
  /* Check the parameters */
  assert_param(IS_NVIC_PRIORITY_GROUP(PriorityGroup));
  
  /* Set the PRIGROUP[10:8] bits according to the PriorityGroup parameter value */
  NVIC_SetPriorityGrouping(PriorityGroup);
}
 80003b6:	4770      	bx	lr
 80003b8:	e000ed00 	.word	0xe000ed00

080003bc <HAL_NVIC_SetPriority>:
  *         This parameter can be a value between 0 and 15
  *         A lower priority value indicates a higher priority.          
  * @retval None
  */
void HAL_NVIC_SetPriority(IRQn_Type IRQn, uint32_t PreemptPriority, uint32_t SubPriority)
{ 
 80003bc:	b510      	push	{r4, lr}
 80003be:	4604      	mov	r4, r0
  return ((uint32_t)((SCB->AIRCR & SCB_AIRCR_PRIGROUP_Msk) >> SCB_AIRCR_PRIGROUP_Pos));
 80003c0:	4b05      	ldr	r3, [pc, #20]	@ (80003d8 <HAL_NVIC_SetPriority+0x1c>)
 80003c2:	68d8      	ldr	r0, [r3, #12]
  assert_param(IS_NVIC_SUB_PRIORITY(SubPriority));
  assert_param(IS_NVIC_PREEMPTION_PRIORITY(PreemptPriority));
  
  prioritygroup = NVIC_GetPriorityGrouping();
  
  NVIC_SetPriority(IRQn, NVIC_EncodePriority(prioritygroup, PreemptPriority, SubPriority));
 80003c4:	f3c0 2002 	ubfx	r0, r0, #8, #3
 80003c8:	f7ff ffc6 	bl	8000358 <NVIC_EncodePriority>
 80003cc:	4601      	mov	r1, r0
 80003ce:	4620      	mov	r0, r4
 80003d0:	f7ff ffae 	bl	8000330 <__NVIC_SetPriority>
}
 80003d4:	bd10      	pop	{r4, pc}
 80003d6:	bf00      	nop
 80003d8:	e000ed00 	.word	0xe000ed00

080003dc <HAL_SYSTICK_Config>:
           function <b>SysTick_Config</b> is not included. In this case, the file <b><i>device</i>.h</b>
           must contain a vendor-specific implementation of this function.
 */
__STATIC_INLINE uint32_t SysTick_Config(uint32_t ticks)
{
  if ((ticks - 1UL) > SysTick_LOAD_RELOAD_Msk)
 80003dc:	3801      	subs	r0, #1
 80003de:	f1b0 7f80 	cmp.w	r0, #16777216	@ 0x1000000
 80003e2:	d20b      	bcs.n	80003fc <HAL_SYSTICK_Config+0x20>
  {
    return (1UL);                                                   /* Reload value impossible */
  }

  SysTick->LOAD  = (uint32_t)(ticks - 1UL);                         /* set reload register */
 80003e4:	f04f 23e0 	mov.w	r3, #3758153728	@ 0xe000e000
 80003e8:	6158      	str	r0, [r3, #20]
    SCB->SHP[(((uint32_t)IRQn) & 0xFUL)-4UL] = (uint8_t)((priority << (8U - __NVIC_PRIO_BITS)) & (uint32_t)0xFFUL);
 80003ea:	4a05      	ldr	r2, [pc, #20]	@ (8000400 <HAL_SYSTICK_Config+0x24>)
 80003ec:	21f0      	movs	r1, #240	@ 0xf0
 80003ee:	f882 1023 	strb.w	r1, [r2, #35]	@ 0x23
  NVIC_SetPriority (SysTick_IRQn, (1UL << __NVIC_PRIO_BITS) - 1UL); /* set Priority for Systick Interrupt */
  SysTick->VAL   = 0UL;                                             /* Load the SysTick Counter Value */
 80003f2:	2000      	movs	r0, #0
 80003f4:	6198      	str	r0, [r3, #24]
  SysTick->CTRL  = SysTick_CTRL_CLKSOURCE_Msk |
 80003f6:	2207      	movs	r2, #7
 80003f8:	611a      	str	r2, [r3, #16]
                   SysTick_CTRL_TICKINT_Msk   |
                   SysTick_CTRL_ENABLE_Msk;                         /* Enable SysTick IRQ and SysTick Timer */
  return (0UL);                                                     /* Function successful */
 80003fa:	4770      	bx	lr
    return (1UL);                                                   /* Reload value impossible */
 80003fc:	2001      	movs	r0, #1
  *                  - 1  Function failed.
  */
uint32_t HAL_SYSTICK_Config(uint32_t TicksNumb)
{
   return SysTick_Config(TicksNumb);
}
 80003fe:	4770      	bx	lr
 8000400:	e000ed00 	.word	0xe000ed00

08000404 <HAL_GPIO_Init>:
  * @param  GPIO_Init: pointer to a GPIO_InitTypeDef structure that contains
  *         the configuration information for the specified GPIO peripheral.
  * @retval None
  */
void HAL_GPIO_Init(GPIO_TypeDef  *GPIOx, GPIO_InitTypeDef *GPIO_Init)
{
 8000404:	b570      	push	{r4, r5, r6, lr}
 8000406:	b082      	sub	sp, #8
  uint32_t position = 0x00u;
  uint32_t ioposition;
  uint32_t iocurrent;
  uint32_t temp;
  uint32_t config = 0x00u;
 8000408:	2400      	movs	r4, #0
  uint32_t position = 0x00u;
 800040a:	46a4      	mov	ip, r4
  assert_param(IS_GPIO_ALL_INSTANCE(GPIOx));
  assert_param(IS_GPIO_PIN(GPIO_Init->Pin));
  assert_param(IS_GPIO_MODE(GPIO_Init->Mode));

  /* Configure the port pins */
  while (((GPIO_Init->Pin) >> position) != 0x00u)
 800040c:	e09e      	b.n	800054c <HAL_GPIO_Init+0x148>
    {
      /* Check the Alternate function parameters */
      assert_param(IS_GPIO_AF_INSTANCE(GPIOx));

      /* Based on the required mode, filling config variable with MODEy[1:0] and CNFy[3:2] corresponding bits */
      switch (GPIO_Init->Mode)
 800040e:	4d7c      	ldr	r5, [pc, #496]	@ (8000600 <HAL_GPIO_Init+0x1fc>)
 8000410:	42ab      	cmp	r3, r5
 8000412:	d014      	beq.n	800043e <HAL_GPIO_Init+0x3a>
 8000414:	d80c      	bhi.n	8000430 <HAL_GPIO_Init+0x2c>
 8000416:	f5a5 1580 	sub.w	r5, r5, #1048576	@ 0x100000
 800041a:	42ab      	cmp	r3, r5
 800041c:	d00f      	beq.n	800043e <HAL_GPIO_Init+0x3a>
 800041e:	f505 2570 	add.w	r5, r5, #983040	@ 0xf0000
 8000422:	42ab      	cmp	r3, r5
 8000424:	d00b      	beq.n	800043e <HAL_GPIO_Init+0x3a>
 8000426:	f5a5 1580 	sub.w	r5, r5, #1048576	@ 0x100000
 800042a:	42ab      	cmp	r3, r5
 800042c:	d11f      	bne.n	800046e <HAL_GPIO_Init+0x6a>
 800042e:	e006      	b.n	800043e <HAL_GPIO_Init+0x3a>
 8000430:	4d74      	ldr	r5, [pc, #464]	@ (8000604 <HAL_GPIO_Init+0x200>)
 8000432:	42ab      	cmp	r3, r5
 8000434:	d003      	beq.n	800043e <HAL_GPIO_Init+0x3a>
 8000436:	f505 3580 	add.w	r5, r5, #65536	@ 0x10000
 800043a:	42ab      	cmp	r3, r5
 800043c:	d117      	bne.n	800046e <HAL_GPIO_Init+0x6a>
        case GPIO_MODE_EVT_RISING:
        case GPIO_MODE_EVT_FALLING:
        case GPIO_MODE_EVT_RISING_FALLING:
          /* Check the GPIO pull parameter */
          assert_param(IS_GPIO_PULL(GPIO_Init->Pull));
          if (GPIO_Init->Pull == GPIO_NOPULL)
 800043e:	688b      	ldr	r3, [r1, #8]
 8000440:	b1a3      	cbz	r3, 800046c <HAL_GPIO_Init+0x68>
          {
            config = GPIO_CR_MODE_INPUT + GPIO_CR_CNF_INPUT_FLOATING;
          }
          else if (GPIO_Init->Pull == GPIO_PULLUP)
 8000442:	2b01      	cmp	r3, #1
 8000444:	d00d      	beq.n	8000462 <HAL_GPIO_Init+0x5e>
          else /* GPIO_PULLDOWN */
          {
            config = GPIO_CR_MODE_INPUT + GPIO_CR_CNF_INPUT_PU_PD;

            /* Reset the corresponding ODR bit */
            GPIOx->BRR = ioposition;
 8000446:	6142      	str	r2, [r0, #20]
            config = GPIO_CR_MODE_INPUT + GPIO_CR_CNF_INPUT_PU_PD;
 8000448:	2408      	movs	r4, #8
 800044a:	e010      	b.n	800046e <HAL_GPIO_Init+0x6a>
          config = GPIO_Init->Speed + GPIO_CR_CNF_GP_OUTPUT_PP;
 800044c:	68cc      	ldr	r4, [r1, #12]
          break;
 800044e:	e00e      	b.n	800046e <HAL_GPIO_Init+0x6a>
          config = GPIO_Init->Speed + GPIO_CR_CNF_GP_OUTPUT_OD;
 8000450:	68cc      	ldr	r4, [r1, #12]
 8000452:	3404      	adds	r4, #4
          break;
 8000454:	e00b      	b.n	800046e <HAL_GPIO_Init+0x6a>
          config = GPIO_Init->Speed + GPIO_CR_CNF_AF_OUTPUT_PP;
 8000456:	68cc      	ldr	r4, [r1, #12]
 8000458:	3408      	adds	r4, #8
          break;
 800045a:	e008      	b.n	800046e <HAL_GPIO_Init+0x6a>
          config = GPIO_Init->Speed + GPIO_CR_CNF_AF_OUTPUT_OD;
 800045c:	68cc      	ldr	r4, [r1, #12]
 800045e:	340c      	adds	r4, #12
          break;
 8000460:	e005      	b.n	800046e <HAL_GPIO_Init+0x6a>
            GPIOx->BSRR = ioposition;
 8000462:	6102      	str	r2, [r0, #16]
            config = GPIO_CR_MODE_INPUT + GPIO_CR_CNF_INPUT_PU_PD;
 8000464:	2408      	movs	r4, #8
 8000466:	e002      	b.n	800046e <HAL_GPIO_Init+0x6a>
          }
          break;

        /* If we are configuring the pin in INPUT analog mode */
        case GPIO_MODE_ANALOG:
          config = GPIO_CR_MODE_INPUT + GPIO_CR_CNF_ANALOG;
 8000468:	2400      	movs	r4, #0
 800046a:	e000      	b.n	800046e <HAL_GPIO_Init+0x6a>
            config = GPIO_CR_MODE_INPUT + GPIO_CR_CNF_INPUT_FLOATING;
 800046c:	2404      	movs	r4, #4
          break;
      }

      /* Check if the current bit belongs to first half or last half of the pin count number
       in order to address CRH or CRL register*/
      configregister = (iocurrent < GPIO_PIN_8) ? &GPIOx->CRL     : &GPIOx->CRH;
 800046e:	f1be 0fff 	cmp.w	lr, #255	@ 0xff
 8000472:	d837      	bhi.n	80004e4 <HAL_GPIO_Init+0xe0>
 8000474:	4606      	mov	r6, r0
      registeroffset = (iocurrent < GPIO_PIN_8) ? (position << 2u) : ((position - 8u) << 2u);
 8000476:	ea4f 028c 	mov.w	r2, ip, lsl #2

      /* Apply the new configuration of the pin to the register */
      MODIFY_REG((*configregister), ((GPIO_CRL_MODE0 | GPIO_CRL_CNF0) << registeroffset), (config << registeroffset));
 800047a:	6833      	ldr	r3, [r6, #0]
 800047c:	250f      	movs	r5, #15
 800047e:	4095      	lsls	r5, r2
 8000480:	ea23 0305 	bic.w	r3, r3, r5
 8000484:	fa04 f202 	lsl.w	r2, r4, r2
 8000488:	4313      	orrs	r3, r2
 800048a:	6033      	str	r3, [r6, #0]

      /*--------------------- EXTI Mode Configuration ------------------------*/
      /* Configure the External Interrupt or event for the current IO */
      if ((GPIO_Init->Mode & EXTI_MODE) == EXTI_MODE)
 800048c:	684b      	ldr	r3, [r1, #4]
 800048e:	f013 5f80 	tst.w	r3, #268435456	@ 0x10000000
 8000492:	d059      	beq.n	8000548 <HAL_GPIO_Init+0x144>
      {
        /* Enable AFIO Clock */
        __HAL_RCC_AFIO_CLK_ENABLE();
 8000494:	4b5c      	ldr	r3, [pc, #368]	@ (8000608 <HAL_GPIO_Init+0x204>)
 8000496:	699a      	ldr	r2, [r3, #24]
 8000498:	f042 0201 	orr.w	r2, r2, #1
 800049c:	619a      	str	r2, [r3, #24]
 800049e:	699b      	ldr	r3, [r3, #24]
 80004a0:	f003 0301 	and.w	r3, r3, #1
 80004a4:	9301      	str	r3, [sp, #4]
 80004a6:	9b01      	ldr	r3, [sp, #4]
        temp = AFIO->EXTICR[position >> 2u];
 80004a8:	ea4f 029c 	mov.w	r2, ip, lsr #2
 80004ac:	1c95      	adds	r5, r2, #2
 80004ae:	4b57      	ldr	r3, [pc, #348]	@ (800060c <HAL_GPIO_Init+0x208>)
 80004b0:	f853 6025 	ldr.w	r6, [r3, r5, lsl #2]
        CLEAR_BIT(temp, (0x0Fu) << (4u * (position & 0x03u)));
 80004b4:	f00c 0503 	and.w	r5, ip, #3
 80004b8:	00ad      	lsls	r5, r5, #2
 80004ba:	230f      	movs	r3, #15
 80004bc:	40ab      	lsls	r3, r5
 80004be:	ea26 0603 	bic.w	r6, r6, r3
        SET_BIT(temp, (GPIO_GET_INDEX(GPIOx)) << (4u * (position & 0x03u)));
 80004c2:	4b53      	ldr	r3, [pc, #332]	@ (8000610 <HAL_GPIO_Init+0x20c>)
 80004c4:	4298      	cmp	r0, r3
 80004c6:	d014      	beq.n	80004f2 <HAL_GPIO_Init+0xee>
 80004c8:	f503 6380 	add.w	r3, r3, #1024	@ 0x400
 80004cc:	4298      	cmp	r0, r3
 80004ce:	d079      	beq.n	80005c4 <HAL_GPIO_Init+0x1c0>
 80004d0:	f503 6380 	add.w	r3, r3, #1024	@ 0x400
 80004d4:	4298      	cmp	r0, r3
 80004d6:	d077      	beq.n	80005c8 <HAL_GPIO_Init+0x1c4>
 80004d8:	f503 6380 	add.w	r3, r3, #1024	@ 0x400
 80004dc:	4298      	cmp	r0, r3
 80004de:	d006      	beq.n	80004ee <HAL_GPIO_Init+0xea>
 80004e0:	2304      	movs	r3, #4
 80004e2:	e007      	b.n	80004f4 <HAL_GPIO_Init+0xf0>
      configregister = (iocurrent < GPIO_PIN_8) ? &GPIOx->CRL     : &GPIOx->CRH;
 80004e4:	1d06      	adds	r6, r0, #4
      registeroffset = (iocurrent < GPIO_PIN_8) ? (position << 2u) : ((position - 8u) << 2u);
 80004e6:	f1ac 0208 	sub.w	r2, ip, #8
 80004ea:	0092      	lsls	r2, r2, #2
 80004ec:	e7c5      	b.n	800047a <HAL_GPIO_Init+0x76>
        SET_BIT(temp, (GPIO_GET_INDEX(GPIOx)) << (4u * (position & 0x03u)));
 80004ee:	2303      	movs	r3, #3
 80004f0:	e000      	b.n	80004f4 <HAL_GPIO_Init+0xf0>
 80004f2:	2300      	movs	r3, #0
 80004f4:	40ab      	lsls	r3, r5
 80004f6:	4333      	orrs	r3, r6
        AFIO->EXTICR[position >> 2u] = temp;
 80004f8:	3202      	adds	r2, #2
 80004fa:	4d44      	ldr	r5, [pc, #272]	@ (800060c <HAL_GPIO_Init+0x208>)
 80004fc:	f845 3022 	str.w	r3, [r5, r2, lsl #2]


        /* Enable or disable the rising trigger */
        if ((GPIO_Init->Mode & RISING_EDGE) == RISING_EDGE)
 8000500:	684b      	ldr	r3, [r1, #4]
 8000502:	f413 1f80 	tst.w	r3, #1048576	@ 0x100000
 8000506:	d061      	beq.n	80005cc <HAL_GPIO_Init+0x1c8>
        {
          SET_BIT(EXTI->RTSR, iocurrent);
 8000508:	4a42      	ldr	r2, [pc, #264]	@ (8000614 <HAL_GPIO_Init+0x210>)
 800050a:	6893      	ldr	r3, [r2, #8]
 800050c:	ea43 030e 	orr.w	r3, r3, lr
 8000510:	6093      	str	r3, [r2, #8]
        {
          CLEAR_BIT(EXTI->RTSR, iocurrent);
        }

        /* Enable or disable the falling trigger */
        if ((GPIO_Init->Mode & FALLING_EDGE) == FALLING_EDGE)
 8000512:	684b      	ldr	r3, [r1, #4]
 8000514:	f413 1f00 	tst.w	r3, #2097152	@ 0x200000
 8000518:	d05e      	beq.n	80005d8 <HAL_GPIO_Init+0x1d4>
        {
          SET_BIT(EXTI->FTSR, iocurrent);
 800051a:	4a3e      	ldr	r2, [pc, #248]	@ (8000614 <HAL_GPIO_Init+0x210>)
 800051c:	68d3      	ldr	r3, [r2, #12]
 800051e:	ea43 030e 	orr.w	r3, r3, lr
 8000522:	60d3      	str	r3, [r2, #12]
        {
          CLEAR_BIT(EXTI->FTSR, iocurrent);
        }

        /* Configure the event mask */
        if ((GPIO_Init->Mode & GPIO_MODE_EVT) == GPIO_MODE_EVT)
 8000524:	684b      	ldr	r3, [r1, #4]
 8000526:	f413 3f00 	tst.w	r3, #131072	@ 0x20000
 800052a:	d05b      	beq.n	80005e4 <HAL_GPIO_Init+0x1e0>
        {
          SET_BIT(EXTI->EMR, iocurrent);
 800052c:	4a39      	ldr	r2, [pc, #228]	@ (8000614 <HAL_GPIO_Init+0x210>)
 800052e:	6853      	ldr	r3, [r2, #4]
 8000530:	ea43 030e 	orr.w	r3, r3, lr
 8000534:	6053      	str	r3, [r2, #4]
        {
          CLEAR_BIT(EXTI->EMR, iocurrent);
        }

        /* Configure the interrupt mask */
        if ((GPIO_Init->Mode & GPIO_MODE_IT) == GPIO_MODE_IT)
 8000536:	684b      	ldr	r3, [r1, #4]
 8000538:	f413 3f80 	tst.w	r3, #65536	@ 0x10000
 800053c:	d058      	beq.n	80005f0 <HAL_GPIO_Init+0x1ec>
        {
          SET_BIT(EXTI->IMR, iocurrent);
 800053e:	4a35      	ldr	r2, [pc, #212]	@ (8000614 <HAL_GPIO_Init+0x210>)
 8000540:	6813      	ldr	r3, [r2, #0]
 8000542:	ea43 030e 	orr.w	r3, r3, lr
 8000546:	6013      	str	r3, [r2, #0]
          CLEAR_BIT(EXTI->IMR, iocurrent);
        }
      }
    }

	position++;
 8000548:	f10c 0c01 	add.w	ip, ip, #1
  while (((GPIO_Init->Pin) >> position) != 0x00u)
 800054c:	680b      	ldr	r3, [r1, #0]
 800054e:	fa33 f20c 	lsrs.w	r2, r3, ip
 8000552:	d053      	beq.n	80005fc <HAL_GPIO_Init+0x1f8>
    ioposition = (0x01uL << position);
 8000554:	2201      	movs	r2, #1
 8000556:	fa02 f20c 	lsl.w	r2, r2, ip
    iocurrent = (uint32_t)(GPIO_Init->Pin) & ioposition;
 800055a:	ea03 0e02 	and.w	lr, r3, r2
    if (iocurrent == ioposition)
 800055e:	ea32 0303 	bics.w	r3, r2, r3
 8000562:	d1f1      	bne.n	8000548 <HAL_GPIO_Init+0x144>
      switch (GPIO_Init->Mode)
 8000564:	684b      	ldr	r3, [r1, #4]
 8000566:	2b12      	cmp	r3, #18
 8000568:	f63f af51 	bhi.w	800040e <HAL_GPIO_Init+0xa>
 800056c:	2b12      	cmp	r3, #18
 800056e:	f63f af7e 	bhi.w	800046e <HAL_GPIO_Init+0x6a>
 8000572:	a501      	add	r5, pc, #4	@ (adr r5, 8000578 <HAL_GPIO_Init+0x174>)
 8000574:	f855 f023 	ldr.w	pc, [r5, r3, lsl #2]
 8000578:	0800043f 	.word	0x0800043f
 800057c:	0800044d 	.word	0x0800044d
 8000580:	08000457 	.word	0x08000457
 8000584:	08000469 	.word	0x08000469
 8000588:	0800046f 	.word	0x0800046f
 800058c:	0800046f 	.word	0x0800046f
 8000590:	0800046f 	.word	0x0800046f
 8000594:	0800046f 	.word	0x0800046f
 8000598:	0800046f 	.word	0x0800046f
 800059c:	0800046f 	.word	0x0800046f
 80005a0:	0800046f 	.word	0x0800046f
 80005a4:	0800046f 	.word	0x0800046f
 80005a8:	0800046f 	.word	0x0800046f
 80005ac:	0800046f 	.word	0x0800046f
 80005b0:	0800046f 	.word	0x0800046f
 80005b4:	0800046f 	.word	0x0800046f
 80005b8:	0800046f 	.word	0x0800046f
 80005bc:	08000451 	.word	0x08000451
 80005c0:	0800045d 	.word	0x0800045d
        SET_BIT(temp, (GPIO_GET_INDEX(GPIOx)) << (4u * (position & 0x03u)));
 80005c4:	2301      	movs	r3, #1
 80005c6:	e795      	b.n	80004f4 <HAL_GPIO_Init+0xf0>
 80005c8:	2302      	movs	r3, #2
 80005ca:	e793      	b.n	80004f4 <HAL_GPIO_Init+0xf0>
          CLEAR_BIT(EXTI->RTSR, iocurrent);
 80005cc:	4a11      	ldr	r2, [pc, #68]	@ (8000614 <HAL_GPIO_Init+0x210>)
 80005ce:	6893      	ldr	r3, [r2, #8]
 80005d0:	ea23 030e 	bic.w	r3, r3, lr
 80005d4:	6093      	str	r3, [r2, #8]
 80005d6:	e79c      	b.n	8000512 <HAL_GPIO_Init+0x10e>
          CLEAR_BIT(EXTI->FTSR, iocurrent);
 80005d8:	4a0e      	ldr	r2, [pc, #56]	@ (8000614 <HAL_GPIO_Init+0x210>)
 80005da:	68d3      	ldr	r3, [r2, #12]
 80005dc:	ea23 030e 	bic.w	r3, r3, lr
 80005e0:	60d3      	str	r3, [r2, #12]
 80005e2:	e79f      	b.n	8000524 <HAL_GPIO_Init+0x120>
          CLEAR_BIT(EXTI->EMR, iocurrent);
 80005e4:	4a0b      	ldr	r2, [pc, #44]	@ (8000614 <HAL_GPIO_Init+0x210>)
 80005e6:	6853      	ldr	r3, [r2, #4]
 80005e8:	ea23 030e 	bic.w	r3, r3, lr
 80005ec:	6053      	str	r3, [r2, #4]
 80005ee:	e7a2      	b.n	8000536 <HAL_GPIO_Init+0x132>
          CLEAR_BIT(EXTI->IMR, iocurrent);
 80005f0:	4a08      	ldr	r2, [pc, #32]	@ (8000614 <HAL_GPIO_Init+0x210>)
 80005f2:	6813      	ldr	r3, [r2, #0]
 80005f4:	ea23 030e 	bic.w	r3, r3, lr
 80005f8:	6013      	str	r3, [r2, #0]
 80005fa:	e7a5      	b.n	8000548 <HAL_GPIO_Init+0x144>
  }
}
 80005fc:	b002      	add	sp, #8
 80005fe:	bd70      	pop	{r4, r5, r6, pc}
 8000600:	10220000 	.word	0x10220000
 8000604:	10310000 	.word	0x10310000
 8000608:	40021000 	.word	0x40021000
 800060c:	40010000 	.word	0x40010000
 8000610:	40010800 	.word	0x40010800
 8000614:	40010400 	.word	0x40010400

08000618 <HAL_MspInit>:
/* USER CODE END 0 */
/**
  * Initializes the Global MSP.
  */
void HAL_MspInit(void)
{
 8000618:	b082      	sub	sp, #8

  /* USER CODE BEGIN MspInit 0 */

  /* USER CODE END MspInit 0 */

  __HAL_RCC_AFIO_CLK_ENABLE();
 800061a:	4b0e      	ldr	r3, [pc, #56]	@ (8000654 <HAL_MspInit+0x3c>)
 800061c:	699a      	ldr	r2, [r3, #24]
 800061e:	f042 0201 	orr.w	r2, r2, #1
 8000622:	619a      	str	r2, [r3, #24]
 8000624:	699a      	ldr	r2, [r3, #24]
 8000626:	f002 0201 	and.w	r2, r2, #1
 800062a:	9200      	str	r2, [sp, #0]
 800062c:	9a00      	ldr	r2, [sp, #0]
  __HAL_RCC_PWR_CLK_ENABLE();
 800062e:	69da      	ldr	r2, [r3, #28]
 8000630:	f042 5280 	orr.w	r2, r2, #268435456	@ 0x10000000
 8000634:	61da      	str	r2, [r3, #28]
 8000636:	69db      	ldr	r3, [r3, #28]
 8000638:	f003 5380 	and.w	r3, r3, #268435456	@ 0x10000000
 800063c:	9301      	str	r3, [sp, #4]
 800063e:	9b01      	ldr	r3, [sp, #4]

  /* System interrupt init*/

  /** NOJTAG: JTAG-DP Disabled and SW-DP Enabled
  */
  __HAL_AFIO_REMAP_SWJ_NOJTAG();
 8000640:	4a05      	ldr	r2, [pc, #20]	@ (8000658 <HAL_MspInit+0x40>)
 8000642:	6853      	ldr	r3, [r2, #4]
 8000644:	f023 63e0 	bic.w	r3, r3, #117440512	@ 0x7000000
 8000648:	f043 7300 	orr.w	r3, r3, #33554432	@ 0x2000000
 800064c:	6053      	str	r3, [r2, #4]

  /* USER CODE BEGIN MspInit 1 */

  /* USER CODE END MspInit 1 */
}
 800064e:	b002      	add	sp, #8
 8000650:	4770      	bx	lr
 8000652:	bf00      	nop
 8000654:	40021000 	.word	0x40021000
 8000658:	40010000 	.word	0x40010000

0800065c <HAL_UART_MspInit>:
* This function configures the hardware resources used in this example
* @param huart: UART handle pointer
* @retval None
*/
void HAL_UART_MspInit(UART_HandleTypeDef* huart)
{
 800065c:	b530      	push	{r4, r5, lr}
 800065e:	b087      	sub	sp, #28
  GPIO_InitTypeDef GPIO_InitStruct = {0};
 8000660:	2300      	movs	r3, #0
 8000662:	9302      	str	r3, [sp, #8]
 8000664:	9303      	str	r3, [sp, #12]
 8000666:	9304      	str	r3, [sp, #16]
 8000668:	9305      	str	r3, [sp, #20]
  if(huart->Instance==USART2)
 800066a:	6802      	ldr	r2, [r0, #0]
 800066c:	4b17      	ldr	r3, [pc, #92]	@ (80006cc <HAL_UART_MspInit+0x70>)
 800066e:	429a      	cmp	r2, r3
 8000670:	d001      	beq.n	8000676 <HAL_UART_MspInit+0x1a>

  /* USER CODE END USART2_MspInit 1 */

  }

}
 8000672:	b007      	add	sp, #28
 8000674:	bd30      	pop	{r4, r5, pc}
    __HAL_RCC_USART2_CLK_ENABLE();
 8000676:	f503 33e6 	add.w	r3, r3, #117760	@ 0x1cc00
 800067a:	69da      	ldr	r2, [r3, #28]
 800067c:	f442 3200 	orr.w	r2, r2, #131072	@ 0x20000
 8000680:	61da      	str	r2, [r3, #28]
 8000682:	69da      	ldr	r2, [r3, #28]
 8000684:	f402 3200 	and.w	r2, r2, #131072	@ 0x20000
 8000688:	9200      	str	r2, [sp, #0]
 800068a:	9a00      	ldr	r2, [sp, #0]
    __HAL_RCC_GPIOA_CLK_ENABLE();
 800068c:	699a      	ldr	r2, [r3, #24]
 800068e:	f042 0204 	orr.w	r2, r2, #4
 8000692:	619a      	str	r2, [r3, #24]
 8000694:	699b      	ldr	r3, [r3, #24]
 8000696:	f003 0304 	and.w	r3, r3, #4
 800069a:	9301      	str	r3, [sp, #4]
 800069c:	9b01      	ldr	r3, [sp, #4]
    GPIO_InitStruct.Pin = GPIO_PIN_2;
 800069e:	2304      	movs	r3, #4
 80006a0:	9302      	str	r3, [sp, #8]
    GPIO_InitStruct.Mode = GPIO_MODE_AF_PP;
 80006a2:	2302      	movs	r3, #2
 80006a4:	9303      	str	r3, [sp, #12]
    GPIO_InitStruct.Speed = GPIO_SPEED_FREQ_HIGH;
 80006a6:	2303      	movs	r3, #3
 80006a8:	9305      	str	r3, [sp, #20]
    HAL_GPIO_Init(GPIOA, &GPIO_InitStruct);
 80006aa:	ad02      	add	r5, sp, #8
 80006ac:	4c08      	ldr	r4, [pc, #32]	@ (80006d0 <HAL_UART_MspInit+0x74>)
 80006ae:	4629      	mov	r1, r5
 80006b0:	4620      	mov	r0, r4
 80006b2:	f7ff fea7 	bl	8000404 <HAL_GPIO_Init>
    GPIO_InitStruct.Pin = GPIO_PIN_3;
 80006b6:	2308      	movs	r3, #8
 80006b8:	9302      	str	r3, [sp, #8]
    GPIO_InitStruct.Mode = GPIO_MODE_INPUT;
 80006ba:	2300      	movs	r3, #0
 80006bc:	9303      	str	r3, [sp, #12]
    GPIO_InitStruct.Pull = GPIO_NOPULL;
 80006be:	9304      	str	r3, [sp, #16]
    HAL_GPIO_Init(GPIOA, &GPIO_InitStruct);
 80006c0:	4629      	mov	r1, r5
 80006c2:	4620      	mov	r0, r4
 80006c4:	f7ff fe9e 	bl	8000404 <HAL_GPIO_Init>
}
 80006c8:	e7d3      	b.n	8000672 <HAL_UART_MspInit+0x16>
 80006ca:	bf00      	nop
 80006cc:	40004400 	.word	0x40004400
 80006d0:	40010800 	.word	0x40010800

080006d4 <RCC_Delay>:
  * @brief  This function provides delay (in milliseconds) based on CPU cycles method.
  * @param  mdelay: specifies the delay time length, in milliseconds.
  * @retval None
  */
static void RCC_Delay(uint32_t mdelay)
{
 80006d4:	b082      	sub	sp, #8
  __IO uint32_t Delay = mdelay * (SystemCoreClock / 8U / 1000U);
 80006d6:	4b08      	ldr	r3, [pc, #32]	@ (80006f8 <RCC_Delay+0x24>)
 80006d8:	681b      	ldr	r3, [r3, #0]
 80006da:	4a08      	ldr	r2, [pc, #32]	@ (80006fc <RCC_Delay+0x28>)
 80006dc:	fba2 2303 	umull	r2, r3, r2, r3
 80006e0:	0a5b      	lsrs	r3, r3, #9
 80006e2:	fb00 f303 	mul.w	r3, r0, r3
 80006e6:	9301      	str	r3, [sp, #4]
  do
  {
    __NOP();
 80006e8:	bf00      	nop
  }
  while (Delay --);
 80006ea:	9b01      	ldr	r3, [sp, #4]
 80006ec:	1e5a      	subs	r2, r3, #1
 80006ee:	9201      	str	r2, [sp, #4]
 80006f0:	2b00      	cmp	r3, #0
 80006f2:	d1f9      	bne.n	80006e8 <RCC_Delay+0x14>
}
 80006f4:	b002      	add	sp, #8
 80006f6:	4770      	bx	lr
 80006f8:	20000008 	.word	0x20000008
 80006fc:	10624dd3 	.word	0x10624dd3

08000700 <HAL_RCC_OscConfig>:
  if (RCC_OscInitStruct == NULL)
 8000700:	2800      	cmp	r0, #0
 8000702:	f000 81f1 	beq.w	8000ae8 <HAL_RCC_OscConfig+0x3e8>
{
 8000706:	b570      	push	{r4, r5, r6, lr}
 8000708:	b082      	sub	sp, #8
 800070a:	4604      	mov	r4, r0
  if (((RCC_OscInitStruct->OscillatorType) & RCC_OSCILLATORTYPE_HSE) == RCC_OSCILLATORTYPE_HSE)
 800070c:	6803      	ldr	r3, [r0, #0]
 800070e:	f013 0f01 	tst.w	r3, #1
 8000712:	d02c      	beq.n	800076e <HAL_RCC_OscConfig+0x6e>
    if ((__HAL_RCC_GET_SYSCLK_SOURCE() == RCC_SYSCLKSOURCE_STATUS_HSE)
 8000714:	4b99      	ldr	r3, [pc, #612]	@ (800097c <HAL_RCC_OscConfig+0x27c>)
 8000716:	685b      	ldr	r3, [r3, #4]
 8000718:	f003 030c 	and.w	r3, r3, #12
 800071c:	2b04      	cmp	r3, #4
 800071e:	d01d      	beq.n	800075c <HAL_RCC_OscConfig+0x5c>
        || ((__HAL_RCC_GET_SYSCLK_SOURCE() == RCC_SYSCLKSOURCE_STATUS_PLLCLK) && (__HAL_RCC_GET_PLL_OSCSOURCE() == RCC_PLLSOURCE_HSE)))
 8000720:	4b96      	ldr	r3, [pc, #600]	@ (800097c <HAL_RCC_OscConfig+0x27c>)
 8000722:	685b      	ldr	r3, [r3, #4]
 8000724:	f003 030c 	and.w	r3, r3, #12
 8000728:	2b08      	cmp	r3, #8
 800072a:	d012      	beq.n	8000752 <HAL_RCC_OscConfig+0x52>
      __HAL_RCC_HSE_CONFIG(RCC_OscInitStruct->HSEState);
 800072c:	6863      	ldr	r3, [r4, #4]
 800072e:	f5b3 3f80 	cmp.w	r3, #65536	@ 0x10000
 8000732:	d041      	beq.n	80007b8 <HAL_RCC_OscConfig+0xb8>
 8000734:	2b00      	cmp	r3, #0
 8000736:	d155      	bne.n	80007e4 <HAL_RCC_OscConfig+0xe4>
 8000738:	f103 4380 	add.w	r3, r3, #1073741824	@ 0x40000000
 800073c:	f503 3304 	add.w	r3, r3, #135168	@ 0x21000
 8000740:	681a      	ldr	r2, [r3, #0]
 8000742:	f422 3280 	bic.w	r2, r2, #65536	@ 0x10000
 8000746:	601a      	str	r2, [r3, #0]
 8000748:	681a      	ldr	r2, [r3, #0]
 800074a:	f422 2280 	bic.w	r2, r2, #262144	@ 0x40000
 800074e:	601a      	str	r2, [r3, #0]
 8000750:	e037      	b.n	80007c2 <HAL_RCC_OscConfig+0xc2>
        || ((__HAL_RCC_GET_SYSCLK_SOURCE() == RCC_SYSCLKSOURCE_STATUS_PLLCLK) && (__HAL_RCC_GET_PLL_OSCSOURCE() == RCC_PLLSOURCE_HSE)))
 8000752:	4b8a      	ldr	r3, [pc, #552]	@ (800097c <HAL_RCC_OscConfig+0x27c>)
 8000754:	685b      	ldr	r3, [r3, #4]
 8000756:	f413 3f80 	tst.w	r3, #65536	@ 0x10000
 800075a:	d0e7      	beq.n	800072c <HAL_RCC_OscConfig+0x2c>
      if ((__HAL_RCC_GET_FLAG(RCC_FLAG_HSERDY) != RESET) && (RCC_OscInitStruct->HSEState == RCC_HSE_OFF))
 800075c:	4b87      	ldr	r3, [pc, #540]	@ (800097c <HAL_RCC_OscConfig+0x27c>)
 800075e:	681b      	ldr	r3, [r3, #0]
 8000760:	f413 3f00 	tst.w	r3, #131072	@ 0x20000
 8000764:	d003      	beq.n	800076e <HAL_RCC_OscConfig+0x6e>
 8000766:	6863      	ldr	r3, [r4, #4]
 8000768:	2b00      	cmp	r3, #0
 800076a:	f000 81bf 	beq.w	8000aec <HAL_RCC_OscConfig+0x3ec>
  if (((RCC_OscInitStruct->OscillatorType) & RCC_OSCILLATORTYPE_HSI) == RCC_OSCILLATORTYPE_HSI)
 800076e:	6823      	ldr	r3, [r4, #0]
 8000770:	f013 0f02 	tst.w	r3, #2
 8000774:	d075      	beq.n	8000862 <HAL_RCC_OscConfig+0x162>
    if ((__HAL_RCC_GET_SYSCLK_SOURCE() == RCC_SYSCLKSOURCE_STATUS_HSI)
 8000776:	4b81      	ldr	r3, [pc, #516]	@ (800097c <HAL_RCC_OscConfig+0x27c>)
 8000778:	685b      	ldr	r3, [r3, #4]
 800077a:	f013 0f0c 	tst.w	r3, #12
 800077e:	d05f      	beq.n	8000840 <HAL_RCC_OscConfig+0x140>
        || ((__HAL_RCC_GET_SYSCLK_SOURCE() == RCC_SYSCLKSOURCE_STATUS_PLLCLK) && (__HAL_RCC_GET_PLL_OSCSOURCE() == RCC_PLLSOURCE_HSI_DIV2)))
 8000780:	4b7e      	ldr	r3, [pc, #504]	@ (800097c <HAL_RCC_OscConfig+0x27c>)
 8000782:	685b      	ldr	r3, [r3, #4]
 8000784:	f003 030c 	and.w	r3, r3, #12
 8000788:	2b08      	cmp	r3, #8
 800078a:	d054      	beq.n	8000836 <HAL_RCC_OscConfig+0x136>
      if (RCC_OscInitStruct->HSIState != RCC_HSI_OFF)
 800078c:	6923      	ldr	r3, [r4, #16]
 800078e:	2b00      	cmp	r3, #0
 8000790:	f000 808a 	beq.w	80008a8 <HAL_RCC_OscConfig+0x1a8>
        __HAL_RCC_HSI_ENABLE();
 8000794:	4b7a      	ldr	r3, [pc, #488]	@ (8000980 <HAL_RCC_OscConfig+0x280>)
 8000796:	2201      	movs	r2, #1
 8000798:	601a      	str	r2, [r3, #0]
        tickstart = HAL_GetTick();
 800079a:	f7ff fdaf 	bl	80002fc <HAL_GetTick>
 800079e:	4605      	mov	r5, r0
        while (__HAL_RCC_GET_FLAG(RCC_FLAG_HSIRDY) == RESET)
 80007a0:	4b76      	ldr	r3, [pc, #472]	@ (800097c <HAL_RCC_OscConfig+0x27c>)
 80007a2:	681b      	ldr	r3, [r3, #0]
 80007a4:	f013 0f02 	tst.w	r3, #2
 80007a8:	d175      	bne.n	8000896 <HAL_RCC_OscConfig+0x196>
          if ((HAL_GetTick() - tickstart) > HSI_TIMEOUT_VALUE)
 80007aa:	f7ff fda7 	bl	80002fc <HAL_GetTick>
 80007ae:	1b40      	subs	r0, r0, r5
 80007b0:	2802      	cmp	r0, #2
 80007b2:	d9f5      	bls.n	80007a0 <HAL_RCC_OscConfig+0xa0>
            return HAL_TIMEOUT;
 80007b4:	2003      	movs	r0, #3
 80007b6:	e19e      	b.n	8000af6 <HAL_RCC_OscConfig+0x3f6>
      __HAL_RCC_HSE_CONFIG(RCC_OscInitStruct->HSEState);
 80007b8:	4a70      	ldr	r2, [pc, #448]	@ (800097c <HAL_RCC_OscConfig+0x27c>)
 80007ba:	6813      	ldr	r3, [r2, #0]
 80007bc:	f443 3380 	orr.w	r3, r3, #65536	@ 0x10000
 80007c0:	6013      	str	r3, [r2, #0]
      if (RCC_OscInitStruct->HSEState != RCC_HSE_OFF)
 80007c2:	6863      	ldr	r3, [r4, #4]
 80007c4:	b343      	cbz	r3, 8000818 <HAL_RCC_OscConfig+0x118>
        tickstart = HAL_GetTick();
 80007c6:	f7ff fd99 	bl	80002fc <HAL_GetTick>
 80007ca:	4605      	mov	r5, r0
        while (__HAL_RCC_GET_FLAG(RCC_FLAG_HSERDY) == RESET)
 80007cc:	4b6b      	ldr	r3, [pc, #428]	@ (800097c <HAL_RCC_OscConfig+0x27c>)
 80007ce:	681b      	ldr	r3, [r3, #0]
 80007d0:	f413 3f00 	tst.w	r3, #131072	@ 0x20000
 80007d4:	d1cb      	bne.n	800076e <HAL_RCC_OscConfig+0x6e>
          if ((HAL_GetTick() - tickstart) > HSE_TIMEOUT_VALUE)
 80007d6:	f7ff fd91 	bl	80002fc <HAL_GetTick>
 80007da:	1b40      	subs	r0, r0, r5
 80007dc:	2864      	cmp	r0, #100	@ 0x64
 80007de:	d9f5      	bls.n	80007cc <HAL_RCC_OscConfig+0xcc>
            return HAL_TIMEOUT;
 80007e0:	2003      	movs	r0, #3
 80007e2:	e188      	b.n	8000af6 <HAL_RCC_OscConfig+0x3f6>
      __HAL_RCC_HSE_CONFIG(RCC_OscInitStruct->HSEState);
 80007e4:	f5b3 2fa0 	cmp.w	r3, #327680	@ 0x50000
 80007e8:	d009      	beq.n	80007fe <HAL_RCC_OscConfig+0xfe>
 80007ea:	4b64      	ldr	r3, [pc, #400]	@ (800097c <HAL_RCC_OscConfig+0x27c>)
 80007ec:	681a      	ldr	r2, [r3, #0]
 80007ee:	f422 3280 	bic.w	r2, r2, #65536	@ 0x10000
 80007f2:	601a      	str	r2, [r3, #0]
 80007f4:	681a      	ldr	r2, [r3, #0]
 80007f6:	f422 2280 	bic.w	r2, r2, #262144	@ 0x40000
 80007fa:	601a      	str	r2, [r3, #0]
 80007fc:	e7e1      	b.n	80007c2 <HAL_RCC_OscConfig+0xc2>
 80007fe:	f103 4380 	add.w	r3, r3, #1073741824	@ 0x40000000
 8000802:	f5a3 333c 	sub.w	r3, r3, #192512	@ 0x2f000
 8000806:	681a      	ldr	r2, [r3, #0]
 8000808:	f442 2280 	orr.w	r2, r2, #262144	@ 0x40000
 800080c:	601a      	str	r2, [r3, #0]
 800080e:	681a      	ldr	r2, [r3, #0]
 8000810:	f442 3280 	orr.w	r2, r2, #65536	@ 0x10000
 8000814:	601a      	str	r2, [r3, #0]
 8000816:	e7d4      	b.n	80007c2 <HAL_RCC_OscConfig+0xc2>
        tickstart = HAL_GetTick();
 8000818:	f7ff fd70 	bl	80002fc <HAL_GetTick>
 800081c:	4605      	mov	r5, r0
        while (__HAL_RCC_GET_FLAG(RCC_FLAG_HSERDY) != RESET)
 800081e:	4b57      	ldr	r3, [pc, #348]	@ (800097c <HAL_RCC_OscConfig+0x27c>)
 8000820:	681b      	ldr	r3, [r3, #0]
 8000822:	f413 3f00 	tst.w	r3, #131072	@ 0x20000
 8000826:	d0a2      	beq.n	800076e <HAL_RCC_OscConfig+0x6e>
          if ((HAL_GetTick() - tickstart) > HSE_TIMEOUT_VALUE)
 8000828:	f7ff fd68 	bl	80002fc <HAL_GetTick>
 800082c:	1b40      	subs	r0, r0, r5
 800082e:	2864      	cmp	r0, #100	@ 0x64
 8000830:	d9f5      	bls.n	800081e <HAL_RCC_OscConfig+0x11e>
            return HAL_TIMEOUT;
 8000832:	2003      	movs	r0, #3
 8000834:	e15f      	b.n	8000af6 <HAL_RCC_OscConfig+0x3f6>
        || ((__HAL_RCC_GET_SYSCLK_SOURCE() == RCC_SYSCLKSOURCE_STATUS_PLLCLK) && (__HAL_RCC_GET_PLL_OSCSOURCE() == RCC_PLLSOURCE_HSI_DIV2)))
 8000836:	4b51      	ldr	r3, [pc, #324]	@ (800097c <HAL_RCC_OscConfig+0x27c>)
 8000838:	685b      	ldr	r3, [r3, #4]
 800083a:	f413 3f80 	tst.w	r3, #65536	@ 0x10000
 800083e:	d1a5      	bne.n	800078c <HAL_RCC_OscConfig+0x8c>
      if ((__HAL_RCC_GET_FLAG(RCC_FLAG_HSIRDY) != RESET) && (RCC_OscInitStruct->HSIState != RCC_HSI_ON))
 8000840:	4b4e      	ldr	r3, [pc, #312]	@ (800097c <HAL_RCC_OscConfig+0x27c>)
 8000842:	681b      	ldr	r3, [r3, #0]
 8000844:	f013 0f02 	tst.w	r3, #2
 8000848:	d003      	beq.n	8000852 <HAL_RCC_OscConfig+0x152>
 800084a:	6923      	ldr	r3, [r4, #16]
 800084c:	2b01      	cmp	r3, #1
 800084e:	f040 814f 	bne.w	8000af0 <HAL_RCC_OscConfig+0x3f0>
        __HAL_RCC_HSI_CALIBRATIONVALUE_ADJUST(RCC_OscInitStruct->HSICalibrationValue);
 8000852:	4a4a      	ldr	r2, [pc, #296]	@ (800097c <HAL_RCC_OscConfig+0x27c>)
 8000854:	6813      	ldr	r3, [r2, #0]
 8000856:	f023 03f8 	bic.w	r3, r3, #248	@ 0xf8
 800085a:	6961      	ldr	r1, [r4, #20]
 800085c:	ea43 03c1 	orr.w	r3, r3, r1, lsl #3
 8000860:	6013      	str	r3, [r2, #0]
  if (((RCC_OscInitStruct->OscillatorType) & RCC_OSCILLATORTYPE_LSI) == RCC_OSCILLATORTYPE_LSI)
 8000862:	6823      	ldr	r3, [r4, #0]
 8000864:	f013 0f08 	tst.w	r3, #8
 8000868:	d033      	beq.n	80008d2 <HAL_RCC_OscConfig+0x1d2>
    if (RCC_OscInitStruct->LSIState != RCC_LSI_OFF)
 800086a:	69a3      	ldr	r3, [r4, #24]
 800086c:	2b00      	cmp	r3, #0
 800086e:	d05c      	beq.n	800092a <HAL_RCC_OscConfig+0x22a>
      __HAL_RCC_LSI_ENABLE();
 8000870:	4b43      	ldr	r3, [pc, #268]	@ (8000980 <HAL_RCC_OscConfig+0x280>)
 8000872:	2201      	movs	r2, #1
 8000874:	f8c3 2480 	str.w	r2, [r3, #1152]	@ 0x480
      tickstart = HAL_GetTick();
 8000878:	f7ff fd40 	bl	80002fc <HAL_GetTick>
 800087c:	4605      	mov	r5, r0
      while (__HAL_RCC_GET_FLAG(RCC_FLAG_LSIRDY) == RESET)
 800087e:	4b3f      	ldr	r3, [pc, #252]	@ (800097c <HAL_RCC_OscConfig+0x27c>)
 8000880:	6a5b      	ldr	r3, [r3, #36]	@ 0x24
 8000882:	f013 0f02 	tst.w	r3, #2
 8000886:	d121      	bne.n	80008cc <HAL_RCC_OscConfig+0x1cc>
        if ((HAL_GetTick() - tickstart) > LSI_TIMEOUT_VALUE)
 8000888:	f7ff fd38 	bl	80002fc <HAL_GetTick>
 800088c:	1b40      	subs	r0, r0, r5
 800088e:	2802      	cmp	r0, #2
 8000890:	d9f5      	bls.n	800087e <HAL_RCC_OscConfig+0x17e>
          return HAL_TIMEOUT;
 8000892:	2003      	movs	r0, #3
 8000894:	e12f      	b.n	8000af6 <HAL_RCC_OscConfig+0x3f6>
        __HAL_RCC_HSI_CALIBRATIONVALUE_ADJUST(RCC_OscInitStruct->HSICalibrationValue);
 8000896:	4a39      	ldr	r2, [pc, #228]	@ (800097c <HAL_RCC_OscConfig+0x27c>)
 8000898:	6813      	ldr	r3, [r2, #0]
 800089a:	f023 03f8 	bic.w	r3, r3, #248	@ 0xf8
 800089e:	6961      	ldr	r1, [r4, #20]
 80008a0:	ea43 03c1 	orr.w	r3, r3, r1, lsl #3
 80008a4:	6013      	str	r3, [r2, #0]
 80008a6:	e7dc      	b.n	8000862 <HAL_RCC_OscConfig+0x162>
        __HAL_RCC_HSI_DISABLE();
 80008a8:	4b35      	ldr	r3, [pc, #212]	@ (8000980 <HAL_RCC_OscConfig+0x280>)
 80008aa:	2200      	movs	r2, #0
 80008ac:	601a      	str	r2, [r3, #0]
        tickstart = HAL_GetTick();
 80008ae:	f7ff fd25 	bl	80002fc <HAL_GetTick>
 80008b2:	4605      	mov	r5, r0
        while (__HAL_RCC_GET_FLAG(RCC_FLAG_HSIRDY) != RESET)
 80008b4:	4b31      	ldr	r3, [pc, #196]	@ (800097c <HAL_RCC_OscConfig+0x27c>)
 80008b6:	681b      	ldr	r3, [r3, #0]
 80008b8:	f013 0f02 	tst.w	r3, #2
 80008bc:	d0d1      	beq.n	8000862 <HAL_RCC_OscConfig+0x162>
          if ((HAL_GetTick() - tickstart) > HSI_TIMEOUT_VALUE)
 80008be:	f7ff fd1d 	bl	80002fc <HAL_GetTick>
 80008c2:	1b40      	subs	r0, r0, r5
 80008c4:	2802      	cmp	r0, #2
 80008c6:	d9f5      	bls.n	80008b4 <HAL_RCC_OscConfig+0x1b4>
            return HAL_TIMEOUT;
 80008c8:	2003      	movs	r0, #3
 80008ca:	e114      	b.n	8000af6 <HAL_RCC_OscConfig+0x3f6>
      RCC_Delay(1);
 80008cc:	2001      	movs	r0, #1
 80008ce:	f7ff ff01 	bl	80006d4 <RCC_Delay>
  if (((RCC_OscInitStruct->OscillatorType) & RCC_OSCILLATORTYPE_LSE) == RCC_OSCILLATORTYPE_LSE)
 80008d2:	6823      	ldr	r3, [r4, #0]
 80008d4:	f013 0f04 	tst.w	r3, #4
 80008d8:	f000 8096 	beq.w	8000a08 <HAL_RCC_OscConfig+0x308>
    if (__HAL_RCC_PWR_IS_CLK_DISABLED())
 80008dc:	4b27      	ldr	r3, [pc, #156]	@ (800097c <HAL_RCC_OscConfig+0x27c>)
 80008de:	69db      	ldr	r3, [r3, #28]
 80008e0:	f013 5f80 	tst.w	r3, #268435456	@ 0x10000000
 80008e4:	d134      	bne.n	8000950 <HAL_RCC_OscConfig+0x250>
      __HAL_RCC_PWR_CLK_ENABLE();
 80008e6:	4b25      	ldr	r3, [pc, #148]	@ (800097c <HAL_RCC_OscConfig+0x27c>)
 80008e8:	69da      	ldr	r2, [r3, #28]
 80008ea:	f042 5280 	orr.w	r2, r2, #268435456	@ 0x10000000
 80008ee:	61da      	str	r2, [r3, #28]
 80008f0:	69db      	ldr	r3, [r3, #28]
 80008f2:	f003 5380 	and.w	r3, r3, #268435456	@ 0x10000000
 80008f6:	9301      	str	r3, [sp, #4]
 80008f8:	9b01      	ldr	r3, [sp, #4]
      pwrclkchanged = SET;
 80008fa:	2501      	movs	r5, #1
    if (HAL_IS_BIT_CLR(PWR->CR, PWR_CR_DBP))
 80008fc:	4b21      	ldr	r3, [pc, #132]	@ (8000984 <HAL_RCC_OscConfig+0x284>)
 80008fe:	681b      	ldr	r3, [r3, #0]
 8000900:	f413 7f80 	tst.w	r3, #256	@ 0x100
 8000904:	d026      	beq.n	8000954 <HAL_RCC_OscConfig+0x254>
    __HAL_RCC_LSE_CONFIG(RCC_OscInitStruct->LSEState);
 8000906:	68e3      	ldr	r3, [r4, #12]
 8000908:	2b01      	cmp	r3, #1
 800090a:	d03d      	beq.n	8000988 <HAL_RCC_OscConfig+0x288>
 800090c:	2b00      	cmp	r3, #0
 800090e:	d153      	bne.n	80009b8 <HAL_RCC_OscConfig+0x2b8>
 8000910:	f103 4380 	add.w	r3, r3, #1073741824	@ 0x40000000
 8000914:	f503 3304 	add.w	r3, r3, #135168	@ 0x21000
 8000918:	6a1a      	ldr	r2, [r3, #32]
 800091a:	f022 0201 	bic.w	r2, r2, #1
 800091e:	621a      	str	r2, [r3, #32]
 8000920:	6a1a      	ldr	r2, [r3, #32]
 8000922:	f022 0204 	bic.w	r2, r2, #4
 8000926:	621a      	str	r2, [r3, #32]
 8000928:	e033      	b.n	8000992 <HAL_RCC_OscConfig+0x292>
      __HAL_RCC_LSI_DISABLE();
 800092a:	4b15      	ldr	r3, [pc, #84]	@ (8000980 <HAL_RCC_OscConfig+0x280>)
 800092c:	2200      	movs	r2, #0
 800092e:	f8c3 2480 	str.w	r2, [r3, #1152]	@ 0x480
      tickstart = HAL_GetTick();
 8000932:	f7ff fce3 	bl	80002fc <HAL_GetTick>
 8000936:	4605      	mov	r5, r0
      while (__HAL_RCC_GET_FLAG(RCC_FLAG_LSIRDY) != RESET)
 8000938:	4b10      	ldr	r3, [pc, #64]	@ (800097c <HAL_RCC_OscConfig+0x27c>)
 800093a:	6a5b      	ldr	r3, [r3, #36]	@ 0x24
 800093c:	f013 0f02 	tst.w	r3, #2
 8000940:	d0c7      	beq.n	80008d2 <HAL_RCC_OscConfig+0x1d2>
        if ((HAL_GetTick() - tickstart) > LSI_TIMEOUT_VALUE)
 8000942:	f7ff fcdb 	bl	80002fc <HAL_GetTick>
 8000946:	1b40      	subs	r0, r0, r5
 8000948:	2802      	cmp	r0, #2
 800094a:	d9f5      	bls.n	8000938 <HAL_RCC_OscConfig+0x238>
          return HAL_TIMEOUT;
 800094c:	2003      	movs	r0, #3
 800094e:	e0d2      	b.n	8000af6 <HAL_RCC_OscConfig+0x3f6>
    FlagStatus       pwrclkchanged = RESET;
 8000950:	2500      	movs	r5, #0
 8000952:	e7d3      	b.n	80008fc <HAL_RCC_OscConfig+0x1fc>
      SET_BIT(PWR->CR, PWR_CR_DBP);
 8000954:	4a0b      	ldr	r2, [pc, #44]	@ (8000984 <HAL_RCC_OscConfig+0x284>)
 8000956:	6813      	ldr	r3, [r2, #0]
 8000958:	f443 7380 	orr.w	r3, r3, #256	@ 0x100
 800095c:	6013      	str	r3, [r2, #0]
      tickstart = HAL_GetTick();
 800095e:	f7ff fccd 	bl	80002fc <HAL_GetTick>
 8000962:	4606      	mov	r6, r0
      while (HAL_IS_BIT_CLR(PWR->CR, PWR_CR_DBP))
 8000964:	4b07      	ldr	r3, [pc, #28]	@ (8000984 <HAL_RCC_OscConfig+0x284>)
 8000966:	681b      	ldr	r3, [r3, #0]
 8000968:	f413 7f80 	tst.w	r3, #256	@ 0x100
 800096c:	d1cb      	bne.n	8000906 <HAL_RCC_OscConfig+0x206>
        if ((HAL_GetTick() - tickstart) > RCC_DBP_TIMEOUT_VALUE)
 800096e:	f7ff fcc5 	bl	80002fc <HAL_GetTick>
 8000972:	1b80      	subs	r0, r0, r6
 8000974:	2864      	cmp	r0, #100	@ 0x64
 8000976:	d9f5      	bls.n	8000964 <HAL_RCC_OscConfig+0x264>
          return HAL_TIMEOUT;
 8000978:	2003      	movs	r0, #3
 800097a:	e0bc      	b.n	8000af6 <HAL_RCC_OscConfig+0x3f6>
 800097c:	40021000 	.word	0x40021000
 8000980:	42420000 	.word	0x42420000
 8000984:	40007000 	.word	0x40007000
    __HAL_RCC_LSE_CONFIG(RCC_OscInitStruct->LSEState);
 8000988:	4a5f      	ldr	r2, [pc, #380]	@ (8000b08 <HAL_RCC_OscConfig+0x408>)
 800098a:	6a13      	ldr	r3, [r2, #32]
 800098c:	f043 0301 	orr.w	r3, r3, #1
 8000990:	6213      	str	r3, [r2, #32]
    if (RCC_OscInitStruct->LSEState != RCC_LSE_OFF)
 8000992:	68e3      	ldr	r3, [r4, #12]
 8000994:	b333      	cbz	r3, 80009e4 <HAL_RCC_OscConfig+0x2e4>
      tickstart = HAL_GetTick();
 8000996:	f7ff fcb1 	bl	80002fc <HAL_GetTick>
 800099a:	4606      	mov	r6, r0
      while (__HAL_RCC_GET_FLAG(RCC_FLAG_LSERDY) == RESET)
 800099c:	4b5a      	ldr	r3, [pc, #360]	@ (8000b08 <HAL_RCC_OscConfig+0x408>)
 800099e:	6a1b      	ldr	r3, [r3, #32]
 80009a0:	f013 0f02 	tst.w	r3, #2
 80009a4:	d12f      	bne.n	8000a06 <HAL_RCC_OscConfig+0x306>
        if ((HAL_GetTick() - tickstart) > RCC_LSE_TIMEOUT_VALUE)
 80009a6:	f7ff fca9 	bl	80002fc <HAL_GetTick>
 80009aa:	1b80      	subs	r0, r0, r6
 80009ac:	f241 3388 	movw	r3, #5000	@ 0x1388
 80009b0:	4298      	cmp	r0, r3
 80009b2:	d9f3      	bls.n	800099c <HAL_RCC_OscConfig+0x29c>
          return HAL_TIMEOUT;
 80009b4:	2003      	movs	r0, #3
 80009b6:	e09e      	b.n	8000af6 <HAL_RCC_OscConfig+0x3f6>
    __HAL_RCC_LSE_CONFIG(RCC_OscInitStruct->LSEState);
 80009b8:	2b05      	cmp	r3, #5
 80009ba:	d009      	beq.n	80009d0 <HAL_RCC_OscConfig+0x2d0>
 80009bc:	4b52      	ldr	r3, [pc, #328]	@ (8000b08 <HAL_RCC_OscConfig+0x408>)
 80009be:	6a1a      	ldr	r2, [r3, #32]
 80009c0:	f022 0201 	bic.w	r2, r2, #1
 80009c4:	621a      	str	r2, [r3, #32]
 80009c6:	6a1a      	ldr	r2, [r3, #32]
 80009c8:	f022 0204 	bic.w	r2, r2, #4
 80009cc:	621a      	str	r2, [r3, #32]
 80009ce:	e7e0      	b.n	8000992 <HAL_RCC_OscConfig+0x292>
 80009d0:	4b4d      	ldr	r3, [pc, #308]	@ (8000b08 <HAL_RCC_OscConfig+0x408>)
 80009d2:	6a1a      	ldr	r2, [r3, #32]
 80009d4:	f042 0204 	orr.w	r2, r2, #4
 80009d8:	621a      	str	r2, [r3, #32]
 80009da:	6a1a      	ldr	r2, [r3, #32]
 80009dc:	f042 0201 	orr.w	r2, r2, #1
 80009e0:	621a      	str	r2, [r3, #32]
 80009e2:	e7d6      	b.n	8000992 <HAL_RCC_OscConfig+0x292>
      tickstart = HAL_GetTick();
 80009e4:	f7ff fc8a 	bl	80002fc <HAL_GetTick>
 80009e8:	4606      	mov	r6, r0
      while (__HAL_RCC_GET_FLAG(RCC_FLAG_LSERDY) != RESET)
 80009ea:	4b47      	ldr	r3, [pc, #284]	@ (8000b08 <HAL_RCC_OscConfig+0x408>)
 80009ec:	6a1b      	ldr	r3, [r3, #32]
 80009ee:	f013 0f02 	tst.w	r3, #2
 80009f2:	d008      	beq.n	8000a06 <HAL_RCC_OscConfig+0x306>
        if ((HAL_GetTick() - tickstart) > RCC_LSE_TIMEOUT_VALUE)
 80009f4:	f7ff fc82 	bl	80002fc <HAL_GetTick>
 80009f8:	1b80      	subs	r0, r0, r6
 80009fa:	f241 3388 	movw	r3, #5000	@ 0x1388
 80009fe:	4298      	cmp	r0, r3
 8000a00:	d9f3      	bls.n	80009ea <HAL_RCC_OscConfig+0x2ea>
          return HAL_TIMEOUT;
 8000a02:	2003      	movs	r0, #3
 8000a04:	e077      	b.n	8000af6 <HAL_RCC_OscConfig+0x3f6>
    if (pwrclkchanged == SET)
 8000a06:	b9e5      	cbnz	r5, 8000a42 <HAL_RCC_OscConfig+0x342>
  if ((RCC_OscInitStruct->PLL.PLLState) != RCC_PLL_NONE)
 8000a08:	69e3      	ldr	r3, [r4, #28]
 8000a0a:	2b00      	cmp	r3, #0
 8000a0c:	d072      	beq.n	8000af4 <HAL_RCC_OscConfig+0x3f4>
    if (__HAL_RCC_GET_SYSCLK_SOURCE() != RCC_SYSCLKSOURCE_STATUS_PLLCLK)
 8000a0e:	4a3e      	ldr	r2, [pc, #248]	@ (8000b08 <HAL_RCC_OscConfig+0x408>)
 8000a10:	6852      	ldr	r2, [r2, #4]
 8000a12:	f002 020c 	and.w	r2, r2, #12
 8000a16:	2a08      	cmp	r2, #8
 8000a18:	d056      	beq.n	8000ac8 <HAL_RCC_OscConfig+0x3c8>
      if ((RCC_OscInitStruct->PLL.PLLState) == RCC_PLL_ON)
 8000a1a:	2b02      	cmp	r3, #2
 8000a1c:	d017      	beq.n	8000a4e <HAL_RCC_OscConfig+0x34e>
        __HAL_RCC_PLL_DISABLE();
 8000a1e:	4b3b      	ldr	r3, [pc, #236]	@ (8000b0c <HAL_RCC_OscConfig+0x40c>)
 8000a20:	2200      	movs	r2, #0
 8000a22:	661a      	str	r2, [r3, #96]	@ 0x60
        tickstart = HAL_GetTick();
 8000a24:	f7ff fc6a 	bl	80002fc <HAL_GetTick>
 8000a28:	4604      	mov	r4, r0
        while (__HAL_RCC_GET_FLAG(RCC_FLAG_PLLRDY)  != RESET)
 8000a2a:	4b37      	ldr	r3, [pc, #220]	@ (8000b08 <HAL_RCC_OscConfig+0x408>)
 8000a2c:	681b      	ldr	r3, [r3, #0]
 8000a2e:	f013 7f00 	tst.w	r3, #33554432	@ 0x2000000
 8000a32:	d047      	beq.n	8000ac4 <HAL_RCC_OscConfig+0x3c4>
          if ((HAL_GetTick() - tickstart) > PLL_TIMEOUT_VALUE)
 8000a34:	f7ff fc62 	bl	80002fc <HAL_GetTick>
 8000a38:	1b00      	subs	r0, r0, r4
 8000a3a:	2802      	cmp	r0, #2
 8000a3c:	d9f5      	bls.n	8000a2a <HAL_RCC_OscConfig+0x32a>
            return HAL_TIMEOUT;
 8000a3e:	2003      	movs	r0, #3
 8000a40:	e059      	b.n	8000af6 <HAL_RCC_OscConfig+0x3f6>
      __HAL_RCC_PWR_CLK_DISABLE();
 8000a42:	4a31      	ldr	r2, [pc, #196]	@ (8000b08 <HAL_RCC_OscConfig+0x408>)
 8000a44:	69d3      	ldr	r3, [r2, #28]
 8000a46:	f023 5380 	bic.w	r3, r3, #268435456	@ 0x10000000
 8000a4a:	61d3      	str	r3, [r2, #28]
 8000a4c:	e7dc      	b.n	8000a08 <HAL_RCC_OscConfig+0x308>
        __HAL_RCC_PLL_DISABLE();
 8000a4e:	4b2f      	ldr	r3, [pc, #188]	@ (8000b0c <HAL_RCC_OscConfig+0x40c>)
 8000a50:	2200      	movs	r2, #0
 8000a52:	661a      	str	r2, [r3, #96]	@ 0x60
        tickstart = HAL_GetTick();
 8000a54:	f7ff fc52 	bl	80002fc <HAL_GetTick>
 8000a58:	4605      	mov	r5, r0
        while (__HAL_RCC_GET_FLAG(RCC_FLAG_PLLRDY)  != RESET)
 8000a5a:	4b2b      	ldr	r3, [pc, #172]	@ (8000b08 <HAL_RCC_OscConfig+0x408>)
 8000a5c:	681b      	ldr	r3, [r3, #0]
 8000a5e:	f013 7f00 	tst.w	r3, #33554432	@ 0x2000000
 8000a62:	d006      	beq.n	8000a72 <HAL_RCC_OscConfig+0x372>
          if ((HAL_GetTick() - tickstart) > PLL_TIMEOUT_VALUE)
 8000a64:	f7ff fc4a 	bl	80002fc <HAL_GetTick>
 8000a68:	1b40      	subs	r0, r0, r5
 8000a6a:	2802      	cmp	r0, #2
 8000a6c:	d9f5      	bls.n	8000a5a <HAL_RCC_OscConfig+0x35a>
            return HAL_TIMEOUT;
 8000a6e:	2003      	movs	r0, #3
 8000a70:	e041      	b.n	8000af6 <HAL_RCC_OscConfig+0x3f6>
        if (RCC_OscInitStruct->PLL.PLLSource == RCC_PLLSOURCE_HSE)
 8000a72:	6a23      	ldr	r3, [r4, #32]
 8000a74:	f5b3 3f80 	cmp.w	r3, #65536	@ 0x10000
 8000a78:	d01a      	beq.n	8000ab0 <HAL_RCC_OscConfig+0x3b0>
        __HAL_RCC_PLL_CONFIG(RCC_OscInitStruct->PLL.PLLSource,
 8000a7a:	4923      	ldr	r1, [pc, #140]	@ (8000b08 <HAL_RCC_OscConfig+0x408>)
 8000a7c:	684b      	ldr	r3, [r1, #4]
 8000a7e:	f423 1374 	bic.w	r3, r3, #3997696	@ 0x3d0000
 8000a82:	6a22      	ldr	r2, [r4, #32]
 8000a84:	6a60      	ldr	r0, [r4, #36]	@ 0x24
 8000a86:	4302      	orrs	r2, r0
 8000a88:	4313      	orrs	r3, r2
 8000a8a:	604b      	str	r3, [r1, #4]
        __HAL_RCC_PLL_ENABLE();
 8000a8c:	4b1f      	ldr	r3, [pc, #124]	@ (8000b0c <HAL_RCC_OscConfig+0x40c>)
 8000a8e:	2201      	movs	r2, #1
 8000a90:	661a      	str	r2, [r3, #96]	@ 0x60
        tickstart = HAL_GetTick();
 8000a92:	f7ff fc33 	bl	80002fc <HAL_GetTick>
 8000a96:	4604      	mov	r4, r0
        while (__HAL_RCC_GET_FLAG(RCC_FLAG_PLLRDY)  == RESET)
 8000a98:	4b1b      	ldr	r3, [pc, #108]	@ (8000b08 <HAL_RCC_OscConfig+0x408>)
 8000a9a:	681b      	ldr	r3, [r3, #0]
 8000a9c:	f013 7f00 	tst.w	r3, #33554432	@ 0x2000000
 8000aa0:	d10e      	bne.n	8000ac0 <HAL_RCC_OscConfig+0x3c0>
          if ((HAL_GetTick() - tickstart) > PLL_TIMEOUT_VALUE)
 8000aa2:	f7ff fc2b 	bl	80002fc <HAL_GetTick>
 8000aa6:	1b00      	subs	r0, r0, r4
 8000aa8:	2802      	cmp	r0, #2
 8000aaa:	d9f5      	bls.n	8000a98 <HAL_RCC_OscConfig+0x398>
            return HAL_TIMEOUT;
 8000aac:	2003      	movs	r0, #3
 8000aae:	e022      	b.n	8000af6 <HAL_RCC_OscConfig+0x3f6>
          __HAL_RCC_HSE_PREDIV_CONFIG(RCC_OscInitStruct->HSEPredivValue);
 8000ab0:	4a15      	ldr	r2, [pc, #84]	@ (8000b08 <HAL_RCC_OscConfig+0x408>)
 8000ab2:	6853      	ldr	r3, [r2, #4]
 8000ab4:	f423 3300 	bic.w	r3, r3, #131072	@ 0x20000
 8000ab8:	68a1      	ldr	r1, [r4, #8]
 8000aba:	430b      	orrs	r3, r1
 8000abc:	6053      	str	r3, [r2, #4]
 8000abe:	e7dc      	b.n	8000a7a <HAL_RCC_OscConfig+0x37a>
  return HAL_OK;
 8000ac0:	2000      	movs	r0, #0
 8000ac2:	e018      	b.n	8000af6 <HAL_RCC_OscConfig+0x3f6>
 8000ac4:	2000      	movs	r0, #0
 8000ac6:	e016      	b.n	8000af6 <HAL_RCC_OscConfig+0x3f6>
      if ((RCC_OscInitStruct->PLL.PLLState) == RCC_PLL_OFF)
 8000ac8:	2b01      	cmp	r3, #1
 8000aca:	d016      	beq.n	8000afa <HAL_RCC_OscConfig+0x3fa>
        pll_config = RCC->CFGR;
 8000acc:	4b0e      	ldr	r3, [pc, #56]	@ (8000b08 <HAL_RCC_OscConfig+0x408>)
 8000ace:	685b      	ldr	r3, [r3, #4]
        if ((READ_BIT(pll_config, RCC_CFGR_PLLSRC) != RCC_OscInitStruct->PLL.PLLSource) ||
 8000ad0:	f403 3180 	and.w	r1, r3, #65536	@ 0x10000
 8000ad4:	6a22      	ldr	r2, [r4, #32]
 8000ad6:	4291      	cmp	r1, r2
 8000ad8:	d111      	bne.n	8000afe <HAL_RCC_OscConfig+0x3fe>
            (READ_BIT(pll_config, RCC_CFGR_PLLMULL) != RCC_OscInitStruct->PLL.PLLMUL))
 8000ada:	f403 1370 	and.w	r3, r3, #3932160	@ 0x3c0000
 8000ade:	6a62      	ldr	r2, [r4, #36]	@ 0x24
        if ((READ_BIT(pll_config, RCC_CFGR_PLLSRC) != RCC_OscInitStruct->PLL.PLLSource) ||
 8000ae0:	4293      	cmp	r3, r2
 8000ae2:	d10e      	bne.n	8000b02 <HAL_RCC_OscConfig+0x402>
  return HAL_OK;
 8000ae4:	2000      	movs	r0, #0
 8000ae6:	e006      	b.n	8000af6 <HAL_RCC_OscConfig+0x3f6>
    return HAL_ERROR;
 8000ae8:	2001      	movs	r0, #1
}
 8000aea:	4770      	bx	lr
        return HAL_ERROR;
 8000aec:	2001      	movs	r0, #1
 8000aee:	e002      	b.n	8000af6 <HAL_RCC_OscConfig+0x3f6>
        return HAL_ERROR;
 8000af0:	2001      	movs	r0, #1
 8000af2:	e000      	b.n	8000af6 <HAL_RCC_OscConfig+0x3f6>
  return HAL_OK;
 8000af4:	2000      	movs	r0, #0
}
 8000af6:	b002      	add	sp, #8
 8000af8:	bd70      	pop	{r4, r5, r6, pc}
        return HAL_ERROR;
 8000afa:	2001      	movs	r0, #1
 8000afc:	e7fb      	b.n	8000af6 <HAL_RCC_OscConfig+0x3f6>
          return HAL_ERROR;
 8000afe:	2001      	movs	r0, #1
 8000b00:	e7f9      	b.n	8000af6 <HAL_RCC_OscConfig+0x3f6>
 8000b02:	2001      	movs	r0, #1
 8000b04:	e7f7      	b.n	8000af6 <HAL_RCC_OscConfig+0x3f6>
 8000b06:	bf00      	nop
 8000b08:	40021000 	.word	0x40021000
 8000b0c:	42420000 	.word	0x42420000

08000b10 <HAL_RCC_GetSysClockFreq>:
  tmpreg = RCC->CFGR;
 8000b10:	4b0f      	ldr	r3, [pc, #60]	@ (8000b50 <HAL_RCC_GetSysClockFreq+0x40>)
 8000b12:	685b      	ldr	r3, [r3, #4]
  switch (tmpreg & RCC_CFGR_SWS)
 8000b14:	f003 020c 	and.w	r2, r3, #12
 8000b18:	2a08      	cmp	r2, #8
 8000b1a:	d001      	beq.n	8000b20 <HAL_RCC_GetSysClockFreq+0x10>
      sysclockfreq = HSE_VALUE;
 8000b1c:	480d      	ldr	r0, [pc, #52]	@ (8000b54 <HAL_RCC_GetSysClockFreq+0x44>)
}
 8000b1e:	4770      	bx	lr
      pllmul = aPLLMULFactorTable[(uint32_t)(tmpreg & RCC_CFGR_PLLMULL) >> RCC_CFGR_PLLMULL_Pos];
 8000b20:	f3c3 4283 	ubfx	r2, r3, #18, #4
 8000b24:	490c      	ldr	r1, [pc, #48]	@ (8000b58 <HAL_RCC_GetSysClockFreq+0x48>)
 8000b26:	5c88      	ldrb	r0, [r1, r2]
      if ((tmpreg & RCC_CFGR_PLLSRC) != RCC_PLLSOURCE_HSI_DIV2)
 8000b28:	f413 3f80 	tst.w	r3, #65536	@ 0x10000
 8000b2c:	d00b      	beq.n	8000b46 <HAL_RCC_GetSysClockFreq+0x36>
        prediv = aPredivFactorTable[(uint32_t)(RCC->CFGR & RCC_CFGR_PLLXTPRE) >> RCC_CFGR_PLLXTPRE_Pos];
 8000b2e:	4b08      	ldr	r3, [pc, #32]	@ (8000b50 <HAL_RCC_GetSysClockFreq+0x40>)
 8000b30:	685b      	ldr	r3, [r3, #4]
 8000b32:	f3c3 4340 	ubfx	r3, r3, #17, #1
 8000b36:	4a09      	ldr	r2, [pc, #36]	@ (8000b5c <HAL_RCC_GetSysClockFreq+0x4c>)
 8000b38:	5cd3      	ldrb	r3, [r2, r3]
        pllclk = (uint32_t)((HSE_VALUE  * pllmul) / prediv);
 8000b3a:	4a06      	ldr	r2, [pc, #24]	@ (8000b54 <HAL_RCC_GetSysClockFreq+0x44>)
 8000b3c:	fb02 f000 	mul.w	r0, r2, r0
 8000b40:	fbb0 f0f3 	udiv	r0, r0, r3
 8000b44:	4770      	bx	lr
        pllclk = (uint32_t)((HSI_VALUE >> 1) * pllmul);
 8000b46:	4b06      	ldr	r3, [pc, #24]	@ (8000b60 <HAL_RCC_GetSysClockFreq+0x50>)
 8000b48:	fb03 f000 	mul.w	r0, r3, r0
 8000b4c:	4770      	bx	lr
 8000b4e:	bf00      	nop
 8000b50:	40021000 	.word	0x40021000
 8000b54:	007a1200 	.word	0x007a1200
 8000b58:	08002028 	.word	0x08002028
 8000b5c:	08002024 	.word	0x08002024
 8000b60:	003d0900 	.word	0x003d0900

08000b64 <HAL_RCC_ClockConfig>:
  if (RCC_ClkInitStruct == NULL)
 8000b64:	2800      	cmp	r0, #0
 8000b66:	f000 80a0 	beq.w	8000caa <HAL_RCC_ClockConfig+0x146>
{
 8000b6a:	b570      	push	{r4, r5, r6, lr}
 8000b6c:	460d      	mov	r5, r1
 8000b6e:	4604      	mov	r4, r0
  if (FLatency > __HAL_FLASH_GET_LATENCY())
 8000b70:	4b52      	ldr	r3, [pc, #328]	@ (8000cbc <HAL_RCC_ClockConfig+0x158>)
 8000b72:	681b      	ldr	r3, [r3, #0]
 8000b74:	f003 0307 	and.w	r3, r3, #7
 8000b78:	428b      	cmp	r3, r1
 8000b7a:	d20b      	bcs.n	8000b94 <HAL_RCC_ClockConfig+0x30>
    __HAL_FLASH_SET_LATENCY(FLatency);
 8000b7c:	4a4f      	ldr	r2, [pc, #316]	@ (8000cbc <HAL_RCC_ClockConfig+0x158>)
 8000b7e:	6813      	ldr	r3, [r2, #0]
 8000b80:	f023 0307 	bic.w	r3, r3, #7
 8000b84:	430b      	orrs	r3, r1
 8000b86:	6013      	str	r3, [r2, #0]
    if (__HAL_FLASH_GET_LATENCY() != FLatency)
 8000b88:	6813      	ldr	r3, [r2, #0]
 8000b8a:	f003 0307 	and.w	r3, r3, #7
 8000b8e:	428b      	cmp	r3, r1
 8000b90:	f040 808d 	bne.w	8000cae <HAL_RCC_ClockConfig+0x14a>
if (((RCC_ClkInitStruct->ClockType) & RCC_CLOCKTYPE_HCLK) == RCC_CLOCKTYPE_HCLK)
 8000b94:	6823      	ldr	r3, [r4, #0]
 8000b96:	f013 0f02 	tst.w	r3, #2
 8000b9a:	d017      	beq.n	8000bcc <HAL_RCC_ClockConfig+0x68>
    if (((RCC_ClkInitStruct->ClockType) & RCC_CLOCKTYPE_PCLK1) == RCC_CLOCKTYPE_PCLK1)
 8000b9c:	f013 0f04 	tst.w	r3, #4
 8000ba0:	d004      	beq.n	8000bac <HAL_RCC_ClockConfig+0x48>
      MODIFY_REG(RCC->CFGR, RCC_CFGR_PPRE1, RCC_HCLK_DIV16);
 8000ba2:	4a47      	ldr	r2, [pc, #284]	@ (8000cc0 <HAL_RCC_ClockConfig+0x15c>)
 8000ba4:	6853      	ldr	r3, [r2, #4]
 8000ba6:	f443 63e0 	orr.w	r3, r3, #1792	@ 0x700
 8000baa:	6053      	str	r3, [r2, #4]
    if (((RCC_ClkInitStruct->ClockType) & RCC_CLOCKTYPE_PCLK2) == RCC_CLOCKTYPE_PCLK2)
 8000bac:	6823      	ldr	r3, [r4, #0]
 8000bae:	f013 0f08 	tst.w	r3, #8
 8000bb2:	d004      	beq.n	8000bbe <HAL_RCC_ClockConfig+0x5a>
      MODIFY_REG(RCC->CFGR, RCC_CFGR_PPRE2, (RCC_HCLK_DIV16 << 3));
 8000bb4:	4a42      	ldr	r2, [pc, #264]	@ (8000cc0 <HAL_RCC_ClockConfig+0x15c>)
 8000bb6:	6853      	ldr	r3, [r2, #4]
 8000bb8:	f443 5360 	orr.w	r3, r3, #14336	@ 0x3800
 8000bbc:	6053      	str	r3, [r2, #4]
    MODIFY_REG(RCC->CFGR, RCC_CFGR_HPRE, RCC_ClkInitStruct->AHBCLKDivider);
 8000bbe:	4a40      	ldr	r2, [pc, #256]	@ (8000cc0 <HAL_RCC_ClockConfig+0x15c>)
 8000bc0:	6853      	ldr	r3, [r2, #4]
 8000bc2:	f023 03f0 	bic.w	r3, r3, #240	@ 0xf0
 8000bc6:	68a1      	ldr	r1, [r4, #8]
 8000bc8:	430b      	orrs	r3, r1
 8000bca:	6053      	str	r3, [r2, #4]
  if (((RCC_ClkInitStruct->ClockType) & RCC_CLOCKTYPE_SYSCLK) == RCC_CLOCKTYPE_SYSCLK)
 8000bcc:	6823      	ldr	r3, [r4, #0]
 8000bce:	f013 0f01 	tst.w	r3, #1
 8000bd2:	d031      	beq.n	8000c38 <HAL_RCC_ClockConfig+0xd4>
    if (RCC_ClkInitStruct->SYSCLKSource == RCC_SYSCLKSOURCE_HSE)
 8000bd4:	6863      	ldr	r3, [r4, #4]
 8000bd6:	2b01      	cmp	r3, #1
 8000bd8:	d020      	beq.n	8000c1c <HAL_RCC_ClockConfig+0xb8>
    else if (RCC_ClkInitStruct->SYSCLKSource == RCC_SYSCLKSOURCE_PLLCLK)
 8000bda:	2b02      	cmp	r3, #2
 8000bdc:	d025      	beq.n	8000c2a <HAL_RCC_ClockConfig+0xc6>
      if (__HAL_RCC_GET_FLAG(RCC_FLAG_HSIRDY) == RESET)
 8000bde:	4a38      	ldr	r2, [pc, #224]	@ (8000cc0 <HAL_RCC_ClockConfig+0x15c>)
 8000be0:	6812      	ldr	r2, [r2, #0]
 8000be2:	f012 0f02 	tst.w	r2, #2
 8000be6:	d064      	beq.n	8000cb2 <HAL_RCC_ClockConfig+0x14e>
    __HAL_RCC_SYSCLK_CONFIG(RCC_ClkInitStruct->SYSCLKSource);
 8000be8:	4935      	ldr	r1, [pc, #212]	@ (8000cc0 <HAL_RCC_ClockConfig+0x15c>)
 8000bea:	684a      	ldr	r2, [r1, #4]
 8000bec:	f022 0203 	bic.w	r2, r2, #3
 8000bf0:	4313      	orrs	r3, r2
 8000bf2:	604b      	str	r3, [r1, #4]
    tickstart = HAL_GetTick();
 8000bf4:	f7ff fb82 	bl	80002fc <HAL_GetTick>
 8000bf8:	4606      	mov	r6, r0
    while (__HAL_RCC_GET_SYSCLK_SOURCE() != (RCC_ClkInitStruct->SYSCLKSource << RCC_CFGR_SWS_Pos))
 8000bfa:	4b31      	ldr	r3, [pc, #196]	@ (8000cc0 <HAL_RCC_ClockConfig+0x15c>)
 8000bfc:	685b      	ldr	r3, [r3, #4]
 8000bfe:	f003 030c 	and.w	r3, r3, #12
 8000c02:	6862      	ldr	r2, [r4, #4]
 8000c04:	ebb3 0f82 	cmp.w	r3, r2, lsl #2
 8000c08:	d016      	beq.n	8000c38 <HAL_RCC_ClockConfig+0xd4>
      if ((HAL_GetTick() - tickstart) > CLOCKSWITCH_TIMEOUT_VALUE)
 8000c0a:	f7ff fb77 	bl	80002fc <HAL_GetTick>
 8000c0e:	1b80      	subs	r0, r0, r6
 8000c10:	f241 3388 	movw	r3, #5000	@ 0x1388
 8000c14:	4298      	cmp	r0, r3
 8000c16:	d9f0      	bls.n	8000bfa <HAL_RCC_ClockConfig+0x96>
        return HAL_TIMEOUT;
 8000c18:	2003      	movs	r0, #3
 8000c1a:	e045      	b.n	8000ca8 <HAL_RCC_ClockConfig+0x144>
      if (__HAL_RCC_GET_FLAG(RCC_FLAG_HSERDY) == RESET)
 8000c1c:	4a28      	ldr	r2, [pc, #160]	@ (8000cc0 <HAL_RCC_ClockConfig+0x15c>)
 8000c1e:	6812      	ldr	r2, [r2, #0]
 8000c20:	f412 3f00 	tst.w	r2, #131072	@ 0x20000
 8000c24:	d1e0      	bne.n	8000be8 <HAL_RCC_ClockConfig+0x84>
        return HAL_ERROR;
 8000c26:	2001      	movs	r0, #1
 8000c28:	e03e      	b.n	8000ca8 <HAL_RCC_ClockConfig+0x144>
      if (__HAL_RCC_GET_FLAG(RCC_FLAG_PLLRDY) == RESET)
 8000c2a:	4a25      	ldr	r2, [pc, #148]	@ (8000cc0 <HAL_RCC_ClockConfig+0x15c>)
 8000c2c:	6812      	ldr	r2, [r2, #0]
 8000c2e:	f012 7f00 	tst.w	r2, #33554432	@ 0x2000000
 8000c32:	d1d9      	bne.n	8000be8 <HAL_RCC_ClockConfig+0x84>
        return HAL_ERROR;
 8000c34:	2001      	movs	r0, #1
 8000c36:	e037      	b.n	8000ca8 <HAL_RCC_ClockConfig+0x144>
  if (FLatency < __HAL_FLASH_GET_LATENCY())
 8000c38:	4b20      	ldr	r3, [pc, #128]	@ (8000cbc <HAL_RCC_ClockConfig+0x158>)
 8000c3a:	681b      	ldr	r3, [r3, #0]
 8000c3c:	f003 0307 	and.w	r3, r3, #7
 8000c40:	42ab      	cmp	r3, r5
 8000c42:	d90a      	bls.n	8000c5a <HAL_RCC_ClockConfig+0xf6>
    __HAL_FLASH_SET_LATENCY(FLatency);
 8000c44:	4a1d      	ldr	r2, [pc, #116]	@ (8000cbc <HAL_RCC_ClockConfig+0x158>)
 8000c46:	6813      	ldr	r3, [r2, #0]
 8000c48:	f023 0307 	bic.w	r3, r3, #7
 8000c4c:	432b      	orrs	r3, r5
 8000c4e:	6013      	str	r3, [r2, #0]
    if (__HAL_FLASH_GET_LATENCY() != FLatency)
 8000c50:	6813      	ldr	r3, [r2, #0]
 8000c52:	f003 0307 	and.w	r3, r3, #7
 8000c56:	42ab      	cmp	r3, r5
 8000c58:	d12d      	bne.n	8000cb6 <HAL_RCC_ClockConfig+0x152>
if (((RCC_ClkInitStruct->ClockType) & RCC_CLOCKTYPE_PCLK1) == RCC_CLOCKTYPE_PCLK1)
 8000c5a:	6823      	ldr	r3, [r4, #0]
 8000c5c:	f013 0f04 	tst.w	r3, #4
 8000c60:	d006      	beq.n	8000c70 <HAL_RCC_ClockConfig+0x10c>
    MODIFY_REG(RCC->CFGR, RCC_CFGR_PPRE1, RCC_ClkInitStruct->APB1CLKDivider);
 8000c62:	4a17      	ldr	r2, [pc, #92]	@ (8000cc0 <HAL_RCC_ClockConfig+0x15c>)
 8000c64:	6853      	ldr	r3, [r2, #4]
 8000c66:	f423 63e0 	bic.w	r3, r3, #1792	@ 0x700
 8000c6a:	68e1      	ldr	r1, [r4, #12]
 8000c6c:	430b      	orrs	r3, r1
 8000c6e:	6053      	str	r3, [r2, #4]
  if (((RCC_ClkInitStruct->ClockType) & RCC_CLOCKTYPE_PCLK2) == RCC_CLOCKTYPE_PCLK2)
 8000c70:	6823      	ldr	r3, [r4, #0]
 8000c72:	f013 0f08 	tst.w	r3, #8
 8000c76:	d007      	beq.n	8000c88 <HAL_RCC_ClockConfig+0x124>
    MODIFY_REG(RCC->CFGR, RCC_CFGR_PPRE2, ((RCC_ClkInitStruct->APB2CLKDivider) << 3));
 8000c78:	4a11      	ldr	r2, [pc, #68]	@ (8000cc0 <HAL_RCC_ClockConfig+0x15c>)
 8000c7a:	6853      	ldr	r3, [r2, #4]
 8000c7c:	f423 5360 	bic.w	r3, r3, #14336	@ 0x3800
 8000c80:	6921      	ldr	r1, [r4, #16]
 8000c82:	ea43 03c1 	orr.w	r3, r3, r1, lsl #3
 8000c86:	6053      	str	r3, [r2, #4]
  SystemCoreClock = HAL_RCC_GetSysClockFreq() >> AHBPrescTable[(RCC->CFGR & RCC_CFGR_HPRE) >> RCC_CFGR_HPRE_Pos];
 8000c88:	f7ff ff42 	bl	8000b10 <HAL_RCC_GetSysClockFreq>
 8000c8c:	4b0c      	ldr	r3, [pc, #48]	@ (8000cc0 <HAL_RCC_ClockConfig+0x15c>)
 8000c8e:	685b      	ldr	r3, [r3, #4]
 8000c90:	f3c3 1303 	ubfx	r3, r3, #4, #4
 8000c94:	4a0b      	ldr	r2, [pc, #44]	@ (8000cc4 <HAL_RCC_ClockConfig+0x160>)
 8000c96:	5cd3      	ldrb	r3, [r2, r3]
 8000c98:	40d8      	lsrs	r0, r3
 8000c9a:	4b0b      	ldr	r3, [pc, #44]	@ (8000cc8 <HAL_RCC_ClockConfig+0x164>)
 8000c9c:	6018      	str	r0, [r3, #0]
  HAL_InitTick(uwTickPrio);
 8000c9e:	4b0b      	ldr	r3, [pc, #44]	@ (8000ccc <HAL_RCC_ClockConfig+0x168>)
 8000ca0:	6818      	ldr	r0, [r3, #0]
 8000ca2:	f7ff fae7 	bl	8000274 <HAL_InitTick>
  return HAL_OK;
 8000ca6:	2000      	movs	r0, #0
}
 8000ca8:	bd70      	pop	{r4, r5, r6, pc}
    return HAL_ERROR;
 8000caa:	2001      	movs	r0, #1
}
 8000cac:	4770      	bx	lr
    return HAL_ERROR;
 8000cae:	2001      	movs	r0, #1
 8000cb0:	e7fa      	b.n	8000ca8 <HAL_RCC_ClockConfig+0x144>
        return HAL_ERROR;
 8000cb2:	2001      	movs	r0, #1
 8000cb4:	e7f8      	b.n	8000ca8 <HAL_RCC_ClockConfig+0x144>
    return HAL_ERROR;
 8000cb6:	2001      	movs	r0, #1
 8000cb8:	e7f6      	b.n	8000ca8 <HAL_RCC_ClockConfig+0x144>
 8000cba:	bf00      	nop
 8000cbc:	40022000 	.word	0x40022000
 8000cc0:	40021000 	.word	0x40021000
 8000cc4:	08002040 	.word	0x08002040
 8000cc8:	20000008 	.word	0x20000008
 8000ccc:	20000004 	.word	0x20000004

08000cd0 <HAL_RCC_GetHCLKFreq>:
}
 8000cd0:	4b01      	ldr	r3, [pc, #4]	@ (8000cd8 <HAL_RCC_GetHCLKFreq+0x8>)
 8000cd2:	6818      	ldr	r0, [r3, #0]
 8000cd4:	4770      	bx	lr
 8000cd6:	bf00      	nop
 8000cd8:	20000008 	.word	0x20000008

08000cdc <HAL_RCC_GetPCLK1Freq>:
{
 8000cdc:	b508      	push	{r3, lr}
  return (HAL_RCC_GetHCLKFreq() >> APBPrescTable[(RCC->CFGR & RCC_CFGR_PPRE1) >> RCC_CFGR_PPRE1_Pos]);
 8000cde:	f7ff fff7 	bl	8000cd0 <HAL_RCC_GetHCLKFreq>
 8000ce2:	4b04      	ldr	r3, [pc, #16]	@ (8000cf4 <HAL_RCC_GetPCLK1Freq+0x18>)
 8000ce4:	685b      	ldr	r3, [r3, #4]
 8000ce6:	f3c3 2302 	ubfx	r3, r3, #8, #3
 8000cea:	4a03      	ldr	r2, [pc, #12]	@ (8000cf8 <HAL_RCC_GetPCLK1Freq+0x1c>)
 8000cec:	5cd3      	ldrb	r3, [r2, r3]
}
 8000cee:	40d8      	lsrs	r0, r3
 8000cf0:	bd08      	pop	{r3, pc}
 8000cf2:	bf00      	nop
 8000cf4:	40021000 	.word	0x40021000
 8000cf8:	08002038 	.word	0x08002038

08000cfc <HAL_RCC_GetPCLK2Freq>:
{
 8000cfc:	b508      	push	{r3, lr}
  return (HAL_RCC_GetHCLKFreq() >> APBPrescTable[(RCC->CFGR & RCC_CFGR_PPRE2) >> RCC_CFGR_PPRE2_Pos]);
 8000cfe:	f7ff ffe7 	bl	8000cd0 <HAL_RCC_GetHCLKFreq>
 8000d02:	4b04      	ldr	r3, [pc, #16]	@ (8000d14 <HAL_RCC_GetPCLK2Freq+0x18>)
 8000d04:	685b      	ldr	r3, [r3, #4]
 8000d06:	f3c3 23c2 	ubfx	r3, r3, #11, #3
 8000d0a:	4a03      	ldr	r2, [pc, #12]	@ (8000d18 <HAL_RCC_GetPCLK2Freq+0x1c>)
 8000d0c:	5cd3      	ldrb	r3, [r2, r3]
}
 8000d0e:	40d8      	lsrs	r0, r3
 8000d10:	bd08      	pop	{r3, pc}
 8000d12:	bf00      	nop
 8000d14:	40021000 	.word	0x40021000
 8000d18:	08002038 	.word	0x08002038

08000d1c <UART_EndRxTransfer>:
  * @retval None
  */
static void UART_EndRxTransfer(UART_HandleTypeDef *huart)
{
  /* Disable RXNE, PE and ERR (Frame error, noise error, overrun error) interrupts */
  ATOMIC_CLEAR_BIT(huart->Instance->CR1, (USART_CR1_RXNEIE | USART_CR1_PEIE));
 8000d1c:	6802      	ldr	r2, [r0, #0]
 */
__STATIC_FORCEINLINE uint32_t __LDREXW(volatile uint32_t *addr)
{
    uint32_t result;

   __ASM volatile ("ldrex %0, %1" : "=r" (result) : "Q" (*addr) );
 8000d1e:	f102 030c 	add.w	r3, r2, #12
 8000d22:	e853 3f00 	ldrex	r3, [r3]
 8000d26:	f423 7390 	bic.w	r3, r3, #288	@ 0x120
 */
__STATIC_FORCEINLINE uint32_t __STREXW(uint32_t value, volatile uint32_t *addr)
{
   uint32_t result;

   __ASM volatile ("strex %0, %2, %1" : "=&r" (result), "=Q" (*addr) : "r" (value) );
 8000d2a:	320c      	adds	r2, #12
 8000d2c:	e842 3100 	strex	r1, r3, [r2]
 8000d30:	2900      	cmp	r1, #0
 8000d32:	d1f3      	bne.n	8000d1c <UART_EndRxTransfer>
  ATOMIC_CLEAR_BIT(huart->Instance->CR3, USART_CR3_EIE);
 8000d34:	6802      	ldr	r2, [r0, #0]
   __ASM volatile ("ldrex %0, %1" : "=r" (result) : "Q" (*addr) );
 8000d36:	f102 0314 	add.w	r3, r2, #20
 8000d3a:	e853 3f00 	ldrex	r3, [r3]
 8000d3e:	f023 0301 	bic.w	r3, r3, #1
   __ASM volatile ("strex %0, %2, %1" : "=&r" (result), "=Q" (*addr) : "r" (value) );
 8000d42:	3214      	adds	r2, #20
 8000d44:	e842 3100 	strex	r1, r3, [r2]
 8000d48:	2900      	cmp	r1, #0
 8000d4a:	d1f3      	bne.n	8000d34 <UART_EndRxTransfer+0x18>

  /* In case of reception waiting for IDLE event, disable also the IDLE IE interrupt source */
  if (huart->ReceptionType == HAL_UART_RECEPTION_TOIDLE)
 8000d4c:	6b03      	ldr	r3, [r0, #48]	@ 0x30
 8000d4e:	2b01      	cmp	r3, #1
 8000d50:	d005      	beq.n	8000d5e <UART_EndRxTransfer+0x42>
  {
    ATOMIC_CLEAR_BIT(huart->Instance->CR1, USART_CR1_IDLEIE);
  }

  /* At end of Rx process, restore huart->RxState to Ready */
  huart->RxState = HAL_UART_STATE_READY;
 8000d52:	2320      	movs	r3, #32
 8000d54:	f880 3042 	strb.w	r3, [r0, #66]	@ 0x42
  huart->ReceptionType = HAL_UART_RECEPTION_STANDARD;
 8000d58:	2300      	movs	r3, #0
 8000d5a:	6303      	str	r3, [r0, #48]	@ 0x30
}
 8000d5c:	4770      	bx	lr
    ATOMIC_CLEAR_BIT(huart->Instance->CR1, USART_CR1_IDLEIE);
 8000d5e:	6802      	ldr	r2, [r0, #0]
   __ASM volatile ("ldrex %0, %1" : "=r" (result) : "Q" (*addr) );
 8000d60:	f102 030c 	add.w	r3, r2, #12
 8000d64:	e853 3f00 	ldrex	r3, [r3]
 8000d68:	f023 0310 	bic.w	r3, r3, #16
   __ASM volatile ("strex %0, %2, %1" : "=&r" (result), "=Q" (*addr) : "r" (value) );
 8000d6c:	320c      	adds	r2, #12
 8000d6e:	e842 3100 	strex	r1, r3, [r2]
 8000d72:	2900      	cmp	r1, #0
 8000d74:	d1f3      	bne.n	8000d5e <UART_EndRxTransfer+0x42>
 8000d76:	e7ec      	b.n	8000d52 <UART_EndRxTransfer+0x36>

08000d78 <UART_SetConfig>:
  * @param  huart  Pointer to a UART_HandleTypeDef structure that contains
  *                the configuration information for the specified UART module.
  * @retval None
  */
static void UART_SetConfig(UART_HandleTypeDef *huart)
{
 8000d78:	b510      	push	{r4, lr}
 8000d7a:	4604      	mov	r4, r0
  assert_param(IS_UART_MODE(huart->Init.Mode));

  /*-------------------------- USART CR2 Configuration -----------------------*/
  /* Configure the UART Stop Bits: Set STOP[13:12] bits
     according to huart->Init.StopBits value */
  MODIFY_REG(huart->Instance->CR2, USART_CR2_STOP, huart->Init.StopBits);
 8000d7c:	6802      	ldr	r2, [r0, #0]
 8000d7e:	6913      	ldr	r3, [r2, #16]
 8000d80:	f423 5340 	bic.w	r3, r3, #12288	@ 0x3000
 8000d84:	68c1      	ldr	r1, [r0, #12]
 8000d86:	430b      	orrs	r3, r1
 8000d88:	6113      	str	r3, [r2, #16]
  tmpreg = (uint32_t)huart->Init.WordLength | huart->Init.Parity | huart->Init.Mode | huart->Init.OverSampling;
  MODIFY_REG(huart->Instance->CR1,
             (uint32_t)(USART_CR1_M | USART_CR1_PCE | USART_CR1_PS | USART_CR1_TE | USART_CR1_RE | USART_CR1_OVER8),
             tmpreg);
#else
  tmpreg = (uint32_t)huart->Init.WordLength | huart->Init.Parity | huart->Init.Mode;
 8000d8a:	6883      	ldr	r3, [r0, #8]
 8000d8c:	6902      	ldr	r2, [r0, #16]
 8000d8e:	4313      	orrs	r3, r2
 8000d90:	6942      	ldr	r2, [r0, #20]
 8000d92:	431a      	orrs	r2, r3
  MODIFY_REG(huart->Instance->CR1,
 8000d94:	6801      	ldr	r1, [r0, #0]
 8000d96:	68cb      	ldr	r3, [r1, #12]
 8000d98:	f423 53b0 	bic.w	r3, r3, #5632	@ 0x1600
 8000d9c:	f023 030c 	bic.w	r3, r3, #12
 8000da0:	4313      	orrs	r3, r2
 8000da2:	60cb      	str	r3, [r1, #12]
             tmpreg);
#endif /* USART_CR1_OVER8 */

  /*-------------------------- USART CR3 Configuration -----------------------*/
  /* Configure the UART HFC: Set CTSE and RTSE bits according to huart->Init.HwFlowCtl value */
  MODIFY_REG(huart->Instance->CR3, (USART_CR3_RTSE | USART_CR3_CTSE), huart->Init.HwFlowCtl);
 8000da4:	6802      	ldr	r2, [r0, #0]
 8000da6:	6953      	ldr	r3, [r2, #20]
 8000da8:	f423 7340 	bic.w	r3, r3, #768	@ 0x300
 8000dac:	6981      	ldr	r1, [r0, #24]
 8000dae:	430b      	orrs	r3, r1
 8000db0:	6153      	str	r3, [r2, #20]


  if(huart->Instance == USART1)
 8000db2:	6802      	ldr	r2, [r0, #0]
 8000db4:	4b13      	ldr	r3, [pc, #76]	@ (8000e04 <UART_SetConfig+0x8c>)
 8000db6:	429a      	cmp	r2, r3
 8000db8:	d020      	beq.n	8000dfc <UART_SetConfig+0x84>
  {
    pclk = HAL_RCC_GetPCLK2Freq();
  }
  else
  {
    pclk = HAL_RCC_GetPCLK1Freq();
 8000dba:	f7ff ff8f 	bl	8000cdc <HAL_RCC_GetPCLK1Freq>
 8000dbe:	4602      	mov	r2, r0
  else
  {
    huart->Instance->BRR = UART_BRR_SAMPLING16(pclk, huart->Init.BaudRate);
  }
#else
  huart->Instance->BRR = UART_BRR_SAMPLING16(pclk, huart->Init.BaudRate);
 8000dc0:	eb02 0282 	add.w	r2, r2, r2, lsl #2
 8000dc4:	eb02 0282 	add.w	r2, r2, r2, lsl #2
 8000dc8:	6863      	ldr	r3, [r4, #4]
 8000dca:	009b      	lsls	r3, r3, #2
 8000dcc:	fbb2 f2f3 	udiv	r2, r2, r3
 8000dd0:	480d      	ldr	r0, [pc, #52]	@ (8000e08 <UART_SetConfig+0x90>)
 8000dd2:	fba0 3102 	umull	r3, r1, r0, r2
 8000dd6:	0949      	lsrs	r1, r1, #5
 8000dd8:	2364      	movs	r3, #100	@ 0x64
 8000dda:	fb03 2311 	mls	r3, r3, r1, r2
 8000dde:	011b      	lsls	r3, r3, #4
 8000de0:	3332      	adds	r3, #50	@ 0x32
 8000de2:	fba0 0303 	umull	r0, r3, r0, r3
 8000de6:	095b      	lsrs	r3, r3, #5
 8000de8:	f003 02f0 	and.w	r2, r3, #240	@ 0xf0
 8000dec:	eb02 1201 	add.w	r2, r2, r1, lsl #4
 8000df0:	f003 030f 	and.w	r3, r3, #15
 8000df4:	6821      	ldr	r1, [r4, #0]
 8000df6:	4413      	add	r3, r2
 8000df8:	608b      	str	r3, [r1, #8]
#endif /* USART_CR1_OVER8 */
}
 8000dfa:	bd10      	pop	{r4, pc}
    pclk = HAL_RCC_GetPCLK2Freq();
 8000dfc:	f7ff ff7e 	bl	8000cfc <HAL_RCC_GetPCLK2Freq>
 8000e00:	4602      	mov	r2, r0
 8000e02:	e7dd      	b.n	8000dc0 <UART_SetConfig+0x48>
 8000e04:	40013800 	.word	0x40013800
 8000e08:	51eb851f 	.word	0x51eb851f

08000e0c <UART_WaitOnFlagUntilTimeout>:
{
 8000e0c:	e92d 43f0 	stmdb	sp!, {r4, r5, r6, r7, r8, r9, lr}
 8000e10:	b083      	sub	sp, #12
 8000e12:	4605      	mov	r5, r0
 8000e14:	460e      	mov	r6, r1
 8000e16:	4617      	mov	r7, r2
 8000e18:	4699      	mov	r9, r3
 8000e1a:	f8dd 8028 	ldr.w	r8, [sp, #40]	@ 0x28
  while ((__HAL_UART_GET_FLAG(huart, Flag) ? SET : RESET) == Status)
 8000e1e:	682b      	ldr	r3, [r5, #0]
 8000e20:	681c      	ldr	r4, [r3, #0]
 8000e22:	ea36 0404 	bics.w	r4, r6, r4
 8000e26:	bf0c      	ite	eq
 8000e28:	2401      	moveq	r4, #1
 8000e2a:	2400      	movne	r4, #0
 8000e2c:	42bc      	cmp	r4, r7
 8000e2e:	d128      	bne.n	8000e82 <UART_WaitOnFlagUntilTimeout+0x76>
    if (Timeout != HAL_MAX_DELAY)
 8000e30:	f1b8 3fff 	cmp.w	r8, #4294967295	@ 0xffffffff
 8000e34:	d0f3      	beq.n	8000e1e <UART_WaitOnFlagUntilTimeout+0x12>
      if (((HAL_GetTick() - Tickstart) > Timeout) || (Timeout == 0U))
 8000e36:	f7ff fa61 	bl	80002fc <HAL_GetTick>
 8000e3a:	eba0 0009 	sub.w	r0, r0, r9
 8000e3e:	4540      	cmp	r0, r8
 8000e40:	d823      	bhi.n	8000e8a <UART_WaitOnFlagUntilTimeout+0x7e>
 8000e42:	f1b8 0f00 	cmp.w	r8, #0
 8000e46:	d022      	beq.n	8000e8e <UART_WaitOnFlagUntilTimeout+0x82>
      if ((READ_BIT(huart->Instance->CR1, USART_CR1_RE) != 0U) && (Flag != UART_FLAG_TXE) && (Flag != UART_FLAG_TC))
 8000e48:	682b      	ldr	r3, [r5, #0]
 8000e4a:	68da      	ldr	r2, [r3, #12]
 8000e4c:	f012 0f04 	tst.w	r2, #4
 8000e50:	d0e5      	beq.n	8000e1e <UART_WaitOnFlagUntilTimeout+0x12>
 8000e52:	2e80      	cmp	r6, #128	@ 0x80
 8000e54:	d0e3      	beq.n	8000e1e <UART_WaitOnFlagUntilTimeout+0x12>
 8000e56:	2e40      	cmp	r6, #64	@ 0x40
 8000e58:	d0e1      	beq.n	8000e1e <UART_WaitOnFlagUntilTimeout+0x12>
        if (__HAL_UART_GET_FLAG(huart, UART_FLAG_ORE) == SET)
 8000e5a:	681a      	ldr	r2, [r3, #0]
 8000e5c:	f012 0f08 	tst.w	r2, #8
 8000e60:	d0dd      	beq.n	8000e1e <UART_WaitOnFlagUntilTimeout+0x12>
          __HAL_UART_CLEAR_OREFLAG(huart);
 8000e62:	2400      	movs	r4, #0
 8000e64:	9401      	str	r4, [sp, #4]
 8000e66:	681a      	ldr	r2, [r3, #0]
 8000e68:	9201      	str	r2, [sp, #4]
 8000e6a:	685b      	ldr	r3, [r3, #4]
 8000e6c:	9301      	str	r3, [sp, #4]
 8000e6e:	9b01      	ldr	r3, [sp, #4]
          UART_EndRxTransfer(huart);
 8000e70:	4628      	mov	r0, r5
 8000e72:	f7ff ff53 	bl	8000d1c <UART_EndRxTransfer>
          huart->ErrorCode = HAL_UART_ERROR_ORE;
 8000e76:	2308      	movs	r3, #8
 8000e78:	646b      	str	r3, [r5, #68]	@ 0x44
          __HAL_UNLOCK(huart);
 8000e7a:	f885 4040 	strb.w	r4, [r5, #64]	@ 0x40
          return HAL_ERROR;
 8000e7e:	2001      	movs	r0, #1
 8000e80:	e000      	b.n	8000e84 <UART_WaitOnFlagUntilTimeout+0x78>
  return HAL_OK;
 8000e82:	2000      	movs	r0, #0
}
 8000e84:	b003      	add	sp, #12
 8000e86:	e8bd 83f0 	ldmia.w	sp!, {r4, r5, r6, r7, r8, r9, pc}
        return HAL_TIMEOUT;
 8000e8a:	2003      	movs	r0, #3
 8000e8c:	e7fa      	b.n	8000e84 <UART_WaitOnFlagUntilTimeout+0x78>
 8000e8e:	2003      	movs	r0, #3
 8000e90:	e7f8      	b.n	8000e84 <UART_WaitOnFlagUntilTimeout+0x78>

08000e92 <HAL_UART_Init>:
  if (huart == NULL)
 8000e92:	b360      	cbz	r0, 8000eee <HAL_UART_Init+0x5c>
{
 8000e94:	b510      	push	{r4, lr}
 8000e96:	4604      	mov	r4, r0
  if (huart->gState == HAL_UART_STATE_RESET)
 8000e98:	f890 3041 	ldrb.w	r3, [r0, #65]	@ 0x41
 8000e9c:	b313      	cbz	r3, 8000ee4 <HAL_UART_Init+0x52>
  huart->gState = HAL_UART_STATE_BUSY;
 8000e9e:	2324      	movs	r3, #36	@ 0x24
 8000ea0:	f884 3041 	strb.w	r3, [r4, #65]	@ 0x41
  __HAL_UART_DISABLE(huart);
 8000ea4:	6822      	ldr	r2, [r4, #0]
 8000ea6:	68d3      	ldr	r3, [r2, #12]
 8000ea8:	f423 5300 	bic.w	r3, r3, #8192	@ 0x2000
 8000eac:	60d3      	str	r3, [r2, #12]
  UART_SetConfig(huart);
 8000eae:	4620      	mov	r0, r4
 8000eb0:	f7ff ff62 	bl	8000d78 <UART_SetConfig>
  CLEAR_BIT(huart->Instance->CR2, (USART_CR2_LINEN | USART_CR2_CLKEN));
 8000eb4:	6822      	ldr	r2, [r4, #0]
 8000eb6:	6913      	ldr	r3, [r2, #16]
 8000eb8:	f423 4390 	bic.w	r3, r3, #18432	@ 0x4800
 8000ebc:	6113      	str	r3, [r2, #16]
  CLEAR_BIT(huart->Instance->CR3, (USART_CR3_SCEN | USART_CR3_HDSEL | USART_CR3_IREN));
 8000ebe:	6822      	ldr	r2, [r4, #0]
 8000ec0:	6953      	ldr	r3, [r2, #20]
 8000ec2:	f023 032a 	bic.w	r3, r3, #42	@ 0x2a
 8000ec6:	6153      	str	r3, [r2, #20]
  __HAL_UART_ENABLE(huart);
 8000ec8:	6822      	ldr	r2, [r4, #0]
 8000eca:	68d3      	ldr	r3, [r2, #12]
 8000ecc:	f443 5300 	orr.w	r3, r3, #8192	@ 0x2000
 8000ed0:	60d3      	str	r3, [r2, #12]
  huart->ErrorCode = HAL_UART_ERROR_NONE;
 8000ed2:	2000      	movs	r0, #0
 8000ed4:	6460      	str	r0, [r4, #68]	@ 0x44
  huart->gState = HAL_UART_STATE_READY;
 8000ed6:	2320      	movs	r3, #32
 8000ed8:	f884 3041 	strb.w	r3, [r4, #65]	@ 0x41
  huart->RxState = HAL_UART_STATE_READY;
 8000edc:	f884 3042 	strb.w	r3, [r4, #66]	@ 0x42
  huart->RxEventType = HAL_UART_RXEVENT_TC;
 8000ee0:	6360      	str	r0, [r4, #52]	@ 0x34
}
 8000ee2:	bd10      	pop	{r4, pc}
    huart->Lock = HAL_UNLOCKED;
 8000ee4:	f880 3040 	strb.w	r3, [r0, #64]	@ 0x40
    HAL_UART_MspInit(huart);
 8000ee8:	f7ff fbb8 	bl	800065c <HAL_UART_MspInit>
 8000eec:	e7d7      	b.n	8000e9e <HAL_UART_Init+0xc>
    return HAL_ERROR;
 8000eee:	2001      	movs	r0, #1
}
 8000ef0:	4770      	bx	lr

08000ef2 <HAL_UART_Transmit>:
{
 8000ef2:	e92d 41f0 	stmdb	sp!, {r4, r5, r6, r7, r8, lr}
 8000ef6:	b082      	sub	sp, #8
 8000ef8:	461e      	mov	r6, r3
  if (huart->gState == HAL_UART_STATE_READY)
 8000efa:	f890 3041 	ldrb.w	r3, [r0, #65]	@ 0x41
 8000efe:	2b20      	cmp	r3, #32
 8000f00:	d156      	bne.n	8000fb0 <HAL_UART_Transmit+0xbe>
 8000f02:	4604      	mov	r4, r0
 8000f04:	460d      	mov	r5, r1
 8000f06:	4690      	mov	r8, r2
    if ((pData == NULL) || (Size == 0U))
 8000f08:	2900      	cmp	r1, #0
 8000f0a:	d055      	beq.n	8000fb8 <HAL_UART_Transmit+0xc6>
 8000f0c:	b90a      	cbnz	r2, 8000f12 <HAL_UART_Transmit+0x20>
      return  HAL_ERROR;
 8000f0e:	2001      	movs	r0, #1
 8000f10:	e04f      	b.n	8000fb2 <HAL_UART_Transmit+0xc0>
    huart->ErrorCode = HAL_UART_ERROR_NONE;
 8000f12:	2300      	movs	r3, #0
 8000f14:	6443      	str	r3, [r0, #68]	@ 0x44
    huart->gState = HAL_UART_STATE_BUSY_TX;
 8000f16:	2321      	movs	r3, #33	@ 0x21
 8000f18:	f880 3041 	strb.w	r3, [r0, #65]	@ 0x41
    tickstart = HAL_GetTick();
 8000f1c:	f7ff f9ee 	bl	80002fc <HAL_GetTick>
 8000f20:	4607      	mov	r7, r0
    huart->TxXferSize = Size;
 8000f22:	f8a4 8024 	strh.w	r8, [r4, #36]	@ 0x24
    huart->TxXferCount = Size;
 8000f26:	f8a4 8026 	strh.w	r8, [r4, #38]	@ 0x26
    if ((huart->Init.WordLength == UART_WORDLENGTH_9B) && (huart->Init.Parity == UART_PARITY_NONE))
 8000f2a:	68a3      	ldr	r3, [r4, #8]
 8000f2c:	f5b3 5f80 	cmp.w	r3, #4096	@ 0x1000
 8000f30:	d002      	beq.n	8000f38 <HAL_UART_Transmit+0x46>
      pdata16bits = NULL;
 8000f32:	f04f 0800 	mov.w	r8, #0
 8000f36:	e014      	b.n	8000f62 <HAL_UART_Transmit+0x70>
    if ((huart->Init.WordLength == UART_WORDLENGTH_9B) && (huart->Init.Parity == UART_PARITY_NONE))
 8000f38:	6923      	ldr	r3, [r4, #16]
 8000f3a:	b32b      	cbz	r3, 8000f88 <HAL_UART_Transmit+0x96>
      pdata16bits = NULL;
 8000f3c:	f04f 0800 	mov.w	r8, #0
 8000f40:	e00f      	b.n	8000f62 <HAL_UART_Transmit+0x70>
        huart->gState = HAL_UART_STATE_READY;
 8000f42:	2320      	movs	r3, #32
 8000f44:	f884 3041 	strb.w	r3, [r4, #65]	@ 0x41
        return HAL_TIMEOUT;
 8000f48:	2003      	movs	r0, #3
 8000f4a:	e032      	b.n	8000fb2 <HAL_UART_Transmit+0xc0>
        huart->Instance->DR = (uint16_t)(*pdata16bits & 0x01FFU);
 8000f4c:	f838 3b02 	ldrh.w	r3, [r8], #2
 8000f50:	6822      	ldr	r2, [r4, #0]
 8000f52:	f3c3 0308 	ubfx	r3, r3, #0, #9
 8000f56:	6053      	str	r3, [r2, #4]
      huart->TxXferCount--;
 8000f58:	8ce2      	ldrh	r2, [r4, #38]	@ 0x26
 8000f5a:	b292      	uxth	r2, r2
 8000f5c:	3a01      	subs	r2, #1
 8000f5e:	b292      	uxth	r2, r2
 8000f60:	84e2      	strh	r2, [r4, #38]	@ 0x26
    while (huart->TxXferCount > 0U)
 8000f62:	8ce3      	ldrh	r3, [r4, #38]	@ 0x26
 8000f64:	b29b      	uxth	r3, r3
 8000f66:	b193      	cbz	r3, 8000f8e <HAL_UART_Transmit+0x9c>
      if (UART_WaitOnFlagUntilTimeout(huart, UART_FLAG_TXE, RESET, tickstart, Timeout) != HAL_OK)
 8000f68:	9600      	str	r6, [sp, #0]
 8000f6a:	463b      	mov	r3, r7
 8000f6c:	2200      	movs	r2, #0
 8000f6e:	2180      	movs	r1, #128	@ 0x80
 8000f70:	4620      	mov	r0, r4
 8000f72:	f7ff ff4b 	bl	8000e0c <UART_WaitOnFlagUntilTimeout>
 8000f76:	2800      	cmp	r0, #0
 8000f78:	d1e3      	bne.n	8000f42 <HAL_UART_Transmit+0x50>
      if (pdata8bits == NULL)
 8000f7a:	2d00      	cmp	r5, #0
 8000f7c:	d0e6      	beq.n	8000f4c <HAL_UART_Transmit+0x5a>
        huart->Instance->DR = (uint8_t)(*pdata8bits & 0xFFU);
 8000f7e:	f815 2b01 	ldrb.w	r2, [r5], #1
 8000f82:	6823      	ldr	r3, [r4, #0]
 8000f84:	605a      	str	r2, [r3, #4]
        pdata8bits++;
 8000f86:	e7e7      	b.n	8000f58 <HAL_UART_Transmit+0x66>
      pdata16bits = (const uint16_t *) pData;
 8000f88:	46a8      	mov	r8, r5
      pdata8bits  = NULL;
 8000f8a:	2500      	movs	r5, #0
 8000f8c:	e7e9      	b.n	8000f62 <HAL_UART_Transmit+0x70>
    if (UART_WaitOnFlagUntilTimeout(huart, UART_FLAG_TC, RESET, tickstart, Timeout) != HAL_OK)
 8000f8e:	9600      	str	r6, [sp, #0]
 8000f90:	463b      	mov	r3, r7
 8000f92:	2200      	movs	r2, #0
 8000f94:	2140      	movs	r1, #64	@ 0x40
 8000f96:	4620      	mov	r0, r4
 8000f98:	f7ff ff38 	bl	8000e0c <UART_WaitOnFlagUntilTimeout>
 8000f9c:	b918      	cbnz	r0, 8000fa6 <HAL_UART_Transmit+0xb4>
    huart->gState = HAL_UART_STATE_READY;
 8000f9e:	2320      	movs	r3, #32
 8000fa0:	f884 3041 	strb.w	r3, [r4, #65]	@ 0x41
    return HAL_OK;
 8000fa4:	e005      	b.n	8000fb2 <HAL_UART_Transmit+0xc0>
      huart->gState = HAL_UART_STATE_READY;
 8000fa6:	2320      	movs	r3, #32
 8000fa8:	f884 3041 	strb.w	r3, [r4, #65]	@ 0x41
      return HAL_TIMEOUT;
 8000fac:	2003      	movs	r0, #3
 8000fae:	e000      	b.n	8000fb2 <HAL_UART_Transmit+0xc0>
    return HAL_BUSY;
 8000fb0:	2002      	movs	r0, #2
}
 8000fb2:	b002      	add	sp, #8
 8000fb4:	e8bd 81f0 	ldmia.w	sp!, {r4, r5, r6, r7, r8, pc}
      return  HAL_ERROR;
 8000fb8:	2001      	movs	r0, #1
 8000fba:	e7fa      	b.n	8000fb2 <HAL_UART_Transmit+0xc0>

08000fbc <HAL_UART_Receive>:
{
 8000fbc:	e92d 41f0 	stmdb	sp!, {r4, r5, r6, r7, r8, lr}
 8000fc0:	b082      	sub	sp, #8
 8000fc2:	461e      	mov	r6, r3
  if (huart->RxState == HAL_UART_STATE_READY)
 8000fc4:	f890 3042 	ldrb.w	r3, [r0, #66]	@ 0x42
 8000fc8:	2b20      	cmp	r3, #32
 8000fca:	d15a      	bne.n	8001082 <HAL_UART_Receive+0xc6>
 8000fcc:	4604      	mov	r4, r0
 8000fce:	460d      	mov	r5, r1
 8000fd0:	4690      	mov	r8, r2
    if ((pData == NULL) || (Size == 0U))
 8000fd2:	2900      	cmp	r1, #0
 8000fd4:	d059      	beq.n	800108a <HAL_UART_Receive+0xce>
 8000fd6:	b90a      	cbnz	r2, 8000fdc <HAL_UART_Receive+0x20>
      return  HAL_ERROR;
 8000fd8:	2001      	movs	r0, #1
 8000fda:	e053      	b.n	8001084 <HAL_UART_Receive+0xc8>
    huart->ErrorCode = HAL_UART_ERROR_NONE;
 8000fdc:	2300      	movs	r3, #0
 8000fde:	6443      	str	r3, [r0, #68]	@ 0x44
    huart->RxState = HAL_UART_STATE_BUSY_RX;
 8000fe0:	2222      	movs	r2, #34	@ 0x22
 8000fe2:	f880 2042 	strb.w	r2, [r0, #66]	@ 0x42
    huart->ReceptionType = HAL_UART_RECEPTION_STANDARD;
 8000fe6:	6303      	str	r3, [r0, #48]	@ 0x30
    tickstart = HAL_GetTick();
 8000fe8:	f7ff f988 	bl	80002fc <HAL_GetTick>
 8000fec:	4607      	mov	r7, r0
    huart->RxXferSize = Size;
 8000fee:	f8a4 802c 	strh.w	r8, [r4, #44]	@ 0x2c
    huart->RxXferCount = Size;
 8000ff2:	f8a4 802e 	strh.w	r8, [r4, #46]	@ 0x2e
    if ((huart->Init.WordLength == UART_WORDLENGTH_9B) && (huart->Init.Parity == UART_PARITY_NONE))
 8000ff6:	68a3      	ldr	r3, [r4, #8]
 8000ff8:	f5b3 5f80 	cmp.w	r3, #4096	@ 0x1000
 8000ffc:	d002      	beq.n	8001004 <HAL_UART_Receive+0x48>
      pdata16bits = NULL;
 8000ffe:	f04f 0800 	mov.w	r8, #0
 8001002:	e01a      	b.n	800103a <HAL_UART_Receive+0x7e>
    if ((huart->Init.WordLength == UART_WORDLENGTH_9B) && (huart->Init.Parity == UART_PARITY_NONE))
 8001004:	6923      	ldr	r3, [r4, #16]
 8001006:	2b00      	cmp	r3, #0
 8001008:	d033      	beq.n	8001072 <HAL_UART_Receive+0xb6>
      pdata16bits = NULL;
 800100a:	f04f 0800 	mov.w	r8, #0
 800100e:	e014      	b.n	800103a <HAL_UART_Receive+0x7e>
        huart->RxState = HAL_UART_STATE_READY;
 8001010:	2320      	movs	r3, #32
 8001012:	f884 3042 	strb.w	r3, [r4, #66]	@ 0x42
        return HAL_TIMEOUT;
 8001016:	2003      	movs	r0, #3
 8001018:	e034      	b.n	8001084 <HAL_UART_Receive+0xc8>
        *pdata16bits = (uint16_t)(huart->Instance->DR & 0x01FF);
 800101a:	6823      	ldr	r3, [r4, #0]
 800101c:	685b      	ldr	r3, [r3, #4]
 800101e:	f3c3 0308 	ubfx	r3, r3, #0, #9
 8001022:	f828 3b02 	strh.w	r3, [r8], #2
        pdata16bits++;
 8001026:	e003      	b.n	8001030 <HAL_UART_Receive+0x74>
          *pdata8bits = (uint8_t)(huart->Instance->DR & (uint8_t)0x00FF);
 8001028:	6823      	ldr	r3, [r4, #0]
 800102a:	685b      	ldr	r3, [r3, #4]
 800102c:	702b      	strb	r3, [r5, #0]
        pdata8bits++;
 800102e:	3501      	adds	r5, #1
      huart->RxXferCount--;
 8001030:	8de2      	ldrh	r2, [r4, #46]	@ 0x2e
 8001032:	b292      	uxth	r2, r2
 8001034:	3a01      	subs	r2, #1
 8001036:	b292      	uxth	r2, r2
 8001038:	85e2      	strh	r2, [r4, #46]	@ 0x2e
    while (huart->RxXferCount > 0U)
 800103a:	8de3      	ldrh	r3, [r4, #46]	@ 0x2e
 800103c:	b29b      	uxth	r3, r3
 800103e:	b1db      	cbz	r3, 8001078 <HAL_UART_Receive+0xbc>
      if (UART_WaitOnFlagUntilTimeout(huart, UART_FLAG_RXNE, RESET, tickstart, Timeout) != HAL_OK)
 8001040:	9600      	str	r6, [sp, #0]
 8001042:	463b      	mov	r3, r7
 8001044:	2200      	movs	r2, #0
 8001046:	2120      	movs	r1, #32
 8001048:	4620      	mov	r0, r4
 800104a:	f7ff fedf 	bl	8000e0c <UART_WaitOnFlagUntilTimeout>
 800104e:	2800      	cmp	r0, #0
 8001050:	d1de      	bne.n	8001010 <HAL_UART_Receive+0x54>
      if (pdata8bits == NULL)
 8001052:	2d00      	cmp	r5, #0
 8001054:	d0e1      	beq.n	800101a <HAL_UART_Receive+0x5e>
        if ((huart->Init.WordLength == UART_WORDLENGTH_9B) || ((huart->Init.WordLength == UART_WORDLENGTH_8B) && (huart->Init.Parity == UART_PARITY_NONE)))
 8001056:	68a3      	ldr	r3, [r4, #8]
 8001058:	f5b3 5f80 	cmp.w	r3, #4096	@ 0x1000
 800105c:	d0e4      	beq.n	8001028 <HAL_UART_Receive+0x6c>
 800105e:	b913      	cbnz	r3, 8001066 <HAL_UART_Receive+0xaa>
 8001060:	6923      	ldr	r3, [r4, #16]
 8001062:	2b00      	cmp	r3, #0
 8001064:	d0e0      	beq.n	8001028 <HAL_UART_Receive+0x6c>
          *pdata8bits = (uint8_t)(huart->Instance->DR & (uint8_t)0x007F);
 8001066:	6823      	ldr	r3, [r4, #0]
 8001068:	685b      	ldr	r3, [r3, #4]
 800106a:	f003 037f 	and.w	r3, r3, #127	@ 0x7f
 800106e:	702b      	strb	r3, [r5, #0]
 8001070:	e7dd      	b.n	800102e <HAL_UART_Receive+0x72>
      pdata16bits = (uint16_t *) pData;
 8001072:	46a8      	mov	r8, r5
      pdata8bits  = NULL;
 8001074:	2500      	movs	r5, #0
 8001076:	e7e0      	b.n	800103a <HAL_UART_Receive+0x7e>
    huart->RxState = HAL_UART_STATE_READY;
 8001078:	2320      	movs	r3, #32
 800107a:	f884 3042 	strb.w	r3, [r4, #66]	@ 0x42
    return HAL_OK;
 800107e:	2000      	movs	r0, #0
 8001080:	e000      	b.n	8001084 <HAL_UART_Receive+0xc8>
    return HAL_BUSY;
 8001082:	2002      	movs	r0, #2
}
 8001084:	b002      	add	sp, #8
 8001086:	e8bd 81f0 	ldmia.w	sp!, {r4, r5, r6, r7, r8, pc}
      return  HAL_ERROR;
 800108a:	2001      	movs	r0, #1
 800108c:	e7fa      	b.n	8001084 <HAL_UART_Receive+0xc8>

0800108e <NMI_Handler>:
{
  /* USER CODE BEGIN NonMaskableInt_IRQn 0 */

  /* USER CODE END NonMaskableInt_IRQn 0 */
  /* USER CODE BEGIN NonMaskableInt_IRQn 1 */
   while (1)
 800108e:	e7fe      	b.n	800108e <NMI_Handler>

08001090 <HardFault_Handler>:
void HardFault_Handler(void)
{
  /* USER CODE BEGIN HardFault_IRQn 0 */

  /* USER CODE END HardFault_IRQn 0 */
  while (1)
 8001090:	e7fe      	b.n	8001090 <HardFault_Handler>

08001092 <MemManage_Handler>:
void MemManage_Handler(void)
{
  /* USER CODE BEGIN MemoryManagement_IRQn 0 */

  /* USER CODE END MemoryManagement_IRQn 0 */
  while (1)
 8001092:	e7fe      	b.n	8001092 <MemManage_Handler>

08001094 <BusFault_Handler>:
void BusFault_Handler(void)
{
  /* USER CODE BEGIN BusFault_IRQn 0 */

  /* USER CODE END BusFault_IRQn 0 */
  while (1)
 8001094:	e7fe      	b.n	8001094 <BusFault_Handler>

08001096 <UsageFault_Handler>:
void UsageFault_Handler(void)
{
  /* USER CODE BEGIN UsageFault_IRQn 0 */

  /* USER CODE END UsageFault_IRQn 0 */
  while (1)
 8001096:	e7fe      	b.n	8001096 <UsageFault_Handler>

08001098 <SVC_Handler>:

  /* USER CODE END SVCall_IRQn 0 */
  /* USER CODE BEGIN SVCall_IRQn 1 */

  /* USER CODE END SVCall_IRQn 1 */
}
 8001098:	4770      	bx	lr

0800109a <DebugMon_Handler>:

  /* USER CODE END DebugMonitor_IRQn 0 */
  /* USER CODE BEGIN DebugMonitor_IRQn 1 */

  /* USER CODE END DebugMonitor_IRQn 1 */
}
 800109a:	4770      	bx	lr

0800109c <PendSV_Handler>:

  /* USER CODE END PendSV_IRQn 0 */
  /* USER CODE BEGIN PendSV_IRQn 1 */

  /* USER CODE END PendSV_IRQn 1 */
}
 800109c:	4770      	bx	lr

0800109e <SysTick_Handler>:

/**
  * @brief This function handles System tick timer.
  */
void SysTick_Handler(void)
{
 800109e:	b508      	push	{r3, lr}
  /* USER CODE BEGIN SysTick_IRQn 0 */

  /* USER CODE END SysTick_IRQn 0 */
  HAL_IncTick();
 80010a0:	f7ff f920 	bl	80002e4 <HAL_IncTick>
  /* USER CODE BEGIN SysTick_IRQn 1 */

  /* USER CODE END SysTick_IRQn 1 */
}
 80010a4:	bd08      	pop	{r3, pc}

080010a6 <_read>:
  _kill(status, -1);
  while (1) {}    /* Make sure we hang here */
}

__attribute__((weak)) int _read(int file, char *ptr, int len)
{
 80010a6:	b570      	push	{r4, r5, r6, lr}
 80010a8:	460c      	mov	r4, r1
 80010aa:	4616      	mov	r6, r2
  (void)file;
  int DataIdx;

  for (DataIdx = 0; DataIdx < len; DataIdx++)
 80010ac:	2500      	movs	r5, #0
 80010ae:	e006      	b.n	80010be <_read+0x18>
  {
    *ptr++ = __io_getchar();
 80010b0:	f3af 8000 	nop.w
 80010b4:	4621      	mov	r1, r4
 80010b6:	f801 0b01 	strb.w	r0, [r1], #1
  for (DataIdx = 0; DataIdx < len; DataIdx++)
 80010ba:	3501      	adds	r5, #1
    *ptr++ = __io_getchar();
 80010bc:	460c      	mov	r4, r1
  for (DataIdx = 0; DataIdx < len; DataIdx++)
 80010be:	42b5      	cmp	r5, r6
 80010c0:	dbf6      	blt.n	80010b0 <_read+0xa>
  }

  return len;
}
 80010c2:	4630      	mov	r0, r6
 80010c4:	bd70      	pop	{r4, r5, r6, pc}

080010c6 <_write>:

__attribute__((weak)) int _write(int file, char *ptr, int len)
{
 80010c6:	b570      	push	{r4, r5, r6, lr}
 80010c8:	460c      	mov	r4, r1
 80010ca:	4616      	mov	r6, r2
  (void)file;
  int DataIdx;

  for (DataIdx = 0; DataIdx < len; DataIdx++)
 80010cc:	2500      	movs	r5, #0
 80010ce:	e004      	b.n	80010da <_write+0x14>
  {
    __io_putchar(*ptr++);
 80010d0:	f814 0b01 	ldrb.w	r0, [r4], #1
 80010d4:	f3af 8000 	nop.w
  for (DataIdx = 0; DataIdx < len; DataIdx++)
 80010d8:	3501      	adds	r5, #1
 80010da:	42b5      	cmp	r5, r6
 80010dc:	dbf8      	blt.n	80010d0 <_write+0xa>
  }
  return len;
}
 80010de:	4630      	mov	r0, r6
 80010e0:	bd70      	pop	{r4, r5, r6, pc}

080010e2 <_close>:

int _close(int file)
{
  (void)file;
  return -1;
}
 80010e2:	f04f 30ff 	mov.w	r0, #4294967295	@ 0xffffffff
 80010e6:	4770      	bx	lr

080010e8 <_fstat>:


int _fstat(int file, struct stat *st)
{
  (void)file;
  st->st_mode = S_IFCHR;
 80010e8:	f44f 5300 	mov.w	r3, #8192	@ 0x2000
 80010ec:	604b      	str	r3, [r1, #4]
  return 0;
}
 80010ee:	2000      	movs	r0, #0
 80010f0:	4770      	bx	lr

080010f2 <_isatty>:

int _isatty(int file)
{
  (void)file;
  return 1;
}
 80010f2:	2001      	movs	r0, #1
 80010f4:	4770      	bx	lr

080010f6 <_lseek>:
{
  (void)file;
  (void)ptr;
  (void)dir;
  return 0;
}
 80010f6:	2000      	movs	r0, #0
 80010f8:	4770      	bx	lr
	...

080010fc <_sbrk>:
 *
 * @param incr Memory size
 * @return Pointer to allocated memory
 */
void *_sbrk(ptrdiff_t incr)
{
 80010fc:	b510      	push	{r4, lr}
 80010fe:	4603      	mov	r3, r0
  extern uint8_t _end; /* Symbol defined in the linker script */
  extern uint8_t _estack; /* Symbol defined in the linker script */
  extern uint32_t _Min_Stack_Size; /* Symbol defined in the linker script */
  const uint32_t stack_limit = (uint32_t)&_estack - (uint32_t)&_Min_Stack_Size;
 8001100:	4a0c      	ldr	r2, [pc, #48]	@ (8001134 <_sbrk+0x38>)
 8001102:	490d      	ldr	r1, [pc, #52]	@ (8001138 <_sbrk+0x3c>)
  const uint8_t *max_heap = (uint8_t *)stack_limit;
  uint8_t *prev_heap_end;

  /* Initialize heap end at first call */
  if (NULL == __sbrk_heap_end)
 8001104:	480d      	ldr	r0, [pc, #52]	@ (800113c <_sbrk+0x40>)
 8001106:	6800      	ldr	r0, [r0, #0]
 8001108:	b140      	cbz	r0, 800111c <_sbrk+0x20>
  {
    __sbrk_heap_end = &_end;
  }

  /* Protect heap from growing into the reserved MSP stack */
  if (__sbrk_heap_end + incr > max_heap)
 800110a:	480c      	ldr	r0, [pc, #48]	@ (800113c <_sbrk+0x40>)
 800110c:	6800      	ldr	r0, [r0, #0]
 800110e:	4403      	add	r3, r0
 8001110:	1a52      	subs	r2, r2, r1
 8001112:	4293      	cmp	r3, r2
 8001114:	d806      	bhi.n	8001124 <_sbrk+0x28>
    errno = ENOMEM;
    return (void *)-1;
  }

  prev_heap_end = __sbrk_heap_end;
  __sbrk_heap_end += incr;
 8001116:	4a09      	ldr	r2, [pc, #36]	@ (800113c <_sbrk+0x40>)
 8001118:	6013      	str	r3, [r2, #0]

  return (void *)prev_heap_end;
}
 800111a:	bd10      	pop	{r4, pc}
    __sbrk_heap_end = &_end;
 800111c:	4807      	ldr	r0, [pc, #28]	@ (800113c <_sbrk+0x40>)
 800111e:	4c08      	ldr	r4, [pc, #32]	@ (8001140 <_sbrk+0x44>)
 8001120:	6004      	str	r4, [r0, #0]
 8001122:	e7f2      	b.n	800110a <_sbrk+0xe>
    errno = ENOMEM;
 8001124:	f000 f99e 	bl	8001464 <__errno>
 8001128:	230c      	movs	r3, #12
 800112a:	6003      	str	r3, [r0, #0]
    return (void *)-1;
 800112c:	f04f 30ff 	mov.w	r0, #4294967295	@ 0xffffffff
 8001130:	e7f3      	b.n	800111a <_sbrk+0x1e>
 8001132:	bf00      	nop
 8001134:	20005000 	.word	0x20005000
 8001138:	00000400 	.word	0x00000400
 800113c:	200000d0 	.word	0x200000d0
 8001140:	20000220 	.word	0x20000220

08001144 <SystemInit>:

  /* Configure the Vector Table location -------------------------------------*/
#if defined(USER_VECT_TAB_ADDRESS)
  SCB->VTOR = VECT_TAB_BASE_ADDRESS | VECT_TAB_OFFSET; /* Vector Table Relocation in Internal SRAM. */
#endif /* USER_VECT_TAB_ADDRESS */
}
 8001144:	4770      	bx	lr
	...

08001148 <Reset_Handler>:
  .weak Reset_Handler
  .type Reset_Handler, %function
Reset_Handler:

/* Call the clock system initialization function.*/
    bl  SystemInit
 8001148:	f7ff fffc 	bl	8001144 <SystemInit>

/* Copy the data segment initializers from flash to SRAM */
  ldr r0, =_sdata
 800114c:	480b      	ldr	r0, [pc, #44]	@ (800117c <LoopFillZerobss+0xe>)
  ldr r1, =_edata
 800114e:	490c      	ldr	r1, [pc, #48]	@ (8001180 <LoopFillZerobss+0x12>)
  ldr r2, =_sidata
 8001150:	4a0c      	ldr	r2, [pc, #48]	@ (8001184 <LoopFillZerobss+0x16>)
  movs r3, #0
 8001152:	2300      	movs	r3, #0
  b LoopCopyDataInit
 8001154:	e002      	b.n	800115c <LoopCopyDataInit>

08001156 <CopyDataInit>:

CopyDataInit:
  ldr r4, [r2, r3]
 8001156:	58d4      	ldr	r4, [r2, r3]
  str r4, [r0, r3]
 8001158:	50c4      	str	r4, [r0, r3]
  adds r3, r3, #4
 800115a:	3304      	adds	r3, #4

0800115c <LoopCopyDataInit>:

LoopCopyDataInit:
  adds r4, r0, r3
 800115c:	18c4      	adds	r4, r0, r3
  cmp r4, r1
 800115e:	428c      	cmp	r4, r1
  bcc CopyDataInit
 8001160:	d3f9      	bcc.n	8001156 <CopyDataInit>
  
/* Zero fill the bss segment. */
  ldr r2, =_sbss
 8001162:	4a09      	ldr	r2, [pc, #36]	@ (8001188 <LoopFillZerobss+0x1a>)
  ldr r4, =_ebss
 8001164:	4c09      	ldr	r4, [pc, #36]	@ (800118c <LoopFillZerobss+0x1e>)
  movs r3, #0
 8001166:	2300      	movs	r3, #0
  b LoopFillZerobss
 8001168:	e001      	b.n	800116e <LoopFillZerobss>

0800116a <FillZerobss>:

FillZerobss:
  str  r3, [r2]
 800116a:	6013      	str	r3, [r2, #0]
  adds r2, r2, #4
 800116c:	3204      	adds	r2, #4

0800116e <LoopFillZerobss>:

LoopFillZerobss:
  cmp r2, r4
 800116e:	42a2      	cmp	r2, r4
  bcc FillZerobss
 8001170:	d3fb      	bcc.n	800116a <FillZerobss>

/* Call static constructors */
    bl __libc_init_array
 8001172:	f000 f97d 	bl	8001470 <__libc_init_array>
/* Call the application's entry point.*/
  bl main
 8001176:	f7ff f84b 	bl	8000210 <main>
  bx lr
 800117a:	4770      	bx	lr
  ldr r0, =_sdata
 800117c:	20000000 	.word	0x20000000
  ldr r1, =_edata
 8001180:	20000068 	.word	0x20000068
  ldr r2, =_sidata
 8001184:	0800208c 	.word	0x0800208c
  ldr r2, =_sbss
 8001188:	20000068 	.word	0x20000068
  ldr r4, =_ebss
 800118c:	20000220 	.word	0x20000220

08001190 <ADC1_2_IRQHandler>:
 * @retval : None
*/
    .section .text.Default_Handler,"ax",%progbits
Default_Handler:
Infinite_Loop:
  b Infinite_Loop
 8001190:	e7fe      	b.n	8001190 <ADC1_2_IRQHandler>
	...

08001194 <std>:
 8001194:	2300      	movs	r3, #0
 8001196:	b510      	push	{r4, lr}
 8001198:	4604      	mov	r4, r0
 800119a:	e9c0 3300 	strd	r3, r3, [r0]
 800119e:	e9c0 3304 	strd	r3, r3, [r0, #16]
 80011a2:	6083      	str	r3, [r0, #8]
 80011a4:	8181      	strh	r1, [r0, #12]
 80011a6:	6643      	str	r3, [r0, #100]	@ 0x64
 80011a8:	81c2      	strh	r2, [r0, #14]
 80011aa:	6183      	str	r3, [r0, #24]
 80011ac:	4619      	mov	r1, r3
 80011ae:	2208      	movs	r2, #8
 80011b0:	305c      	adds	r0, #92	@ 0x5c
 80011b2:	f000 f909 	bl	80013c8 <memset>
 80011b6:	4b0d      	ldr	r3, [pc, #52]	@ (80011ec <std+0x58>)
 80011b8:	6224      	str	r4, [r4, #32]
 80011ba:	6263      	str	r3, [r4, #36]	@ 0x24
 80011bc:	4b0c      	ldr	r3, [pc, #48]	@ (80011f0 <std+0x5c>)
 80011be:	62a3      	str	r3, [r4, #40]	@ 0x28
 80011c0:	4b0c      	ldr	r3, [pc, #48]	@ (80011f4 <std+0x60>)
 80011c2:	62e3      	str	r3, [r4, #44]	@ 0x2c
 80011c4:	4b0c      	ldr	r3, [pc, #48]	@ (80011f8 <std+0x64>)
 80011c6:	6323      	str	r3, [r4, #48]	@ 0x30
 80011c8:	4b0c      	ldr	r3, [pc, #48]	@ (80011fc <std+0x68>)
 80011ca:	429c      	cmp	r4, r3
 80011cc:	d006      	beq.n	80011dc <std+0x48>
 80011ce:	f103 0268 	add.w	r2, r3, #104	@ 0x68
 80011d2:	4294      	cmp	r4, r2
 80011d4:	d002      	beq.n	80011dc <std+0x48>
 80011d6:	33d0      	adds	r3, #208	@ 0xd0
 80011d8:	429c      	cmp	r4, r3
 80011da:	d105      	bne.n	80011e8 <std+0x54>
 80011dc:	f104 0058 	add.w	r0, r4, #88	@ 0x58
 80011e0:	e8bd 4010 	ldmia.w	sp!, {r4, lr}
 80011e4:	f000 b968 	b.w	80014b8 <__retarget_lock_init_recursive>
 80011e8:	bd10      	pop	{r4, pc}
 80011ea:	bf00      	nop
 80011ec:	08001341 	.word	0x08001341
 80011f0:	08001363 	.word	0x08001363
 80011f4:	0800139b 	.word	0x0800139b
 80011f8:	080013c1 	.word	0x080013c1
 80011fc:	200000d4 	.word	0x200000d4

08001200 <stdio_exit_handler>:
 8001200:	4a02      	ldr	r2, [pc, #8]	@ (800120c <stdio_exit_handler+0xc>)
 8001202:	4903      	ldr	r1, [pc, #12]	@ (8001210 <stdio_exit_handler+0x10>)
 8001204:	4803      	ldr	r0, [pc, #12]	@ (8001214 <stdio_exit_handler+0x14>)
 8001206:	f000 b86b 	b.w	80012e0 <_fwalk_sglue>
 800120a:	bf00      	nop
 800120c:	2000000c 	.word	0x2000000c
 8001210:	08001d4d 	.word	0x08001d4d
 8001214:	2000001c 	.word	0x2000001c

08001218 <cleanup_stdio>:
 8001218:	6841      	ldr	r1, [r0, #4]
 800121a:	4b0c      	ldr	r3, [pc, #48]	@ (800124c <cleanup_stdio+0x34>)
 800121c:	b510      	push	{r4, lr}
 800121e:	4299      	cmp	r1, r3
 8001220:	4604      	mov	r4, r0
 8001222:	d001      	beq.n	8001228 <cleanup_stdio+0x10>
 8001224:	f000 fd92 	bl	8001d4c <_fflush_r>
 8001228:	68a1      	ldr	r1, [r4, #8]
 800122a:	4b09      	ldr	r3, [pc, #36]	@ (8001250 <cleanup_stdio+0x38>)
 800122c:	4299      	cmp	r1, r3
 800122e:	d002      	beq.n	8001236 <cleanup_stdio+0x1e>
 8001230:	4620      	mov	r0, r4
 8001232:	f000 fd8b 	bl	8001d4c <_fflush_r>
 8001236:	68e1      	ldr	r1, [r4, #12]
 8001238:	4b06      	ldr	r3, [pc, #24]	@ (8001254 <cleanup_stdio+0x3c>)
 800123a:	4299      	cmp	r1, r3
 800123c:	d004      	beq.n	8001248 <cleanup_stdio+0x30>
 800123e:	4620      	mov	r0, r4
 8001240:	e8bd 4010 	ldmia.w	sp!, {r4, lr}
 8001244:	f000 bd82 	b.w	8001d4c <_fflush_r>
 8001248:	bd10      	pop	{r4, pc}
 800124a:	bf00      	nop
 800124c:	200000d4 	.word	0x200000d4
 8001250:	2000013c 	.word	0x2000013c
 8001254:	200001a4 	.word	0x200001a4

08001258 <global_stdio_init.part.0>:
 8001258:	4b0c      	ldr	r3, [pc, #48]	@ (800128c <global_stdio_init.part.0+0x34>)
 800125a:	4a0d      	ldr	r2, [pc, #52]	@ (8001290 <global_stdio_init.part.0+0x38>)
 800125c:	b510      	push	{r4, lr}
 800125e:	2104      	movs	r1, #4
 8001260:	601a      	str	r2, [r3, #0]
 8001262:	480c      	ldr	r0, [pc, #48]	@ (8001294 <global_stdio_init.part.0+0x3c>)
 8001264:	2200      	movs	r2, #0
 8001266:	f7ff ff95 	bl	8001194 <std>
 800126a:	4b0a      	ldr	r3, [pc, #40]	@ (8001294 <global_stdio_init.part.0+0x3c>)
 800126c:	2201      	movs	r2, #1
 800126e:	461c      	mov	r4, r3
 8001270:	2109      	movs	r1, #9
 8001272:	f103 0068 	add.w	r0, r3, #104	@ 0x68
 8001276:	f7ff ff8d 	bl	8001194 <std>
 800127a:	f104 00d0 	add.w	r0, r4, #208	@ 0xd0
 800127e:	2202      	movs	r2, #2
 8001280:	e8bd 4010 	ldmia.w	sp!, {r4, lr}
 8001284:	2112      	movs	r1, #18
 8001286:	f7ff bf85 	b.w	8001194 <std>
 800128a:	bf00      	nop
 800128c:	2000020c 	.word	0x2000020c
 8001290:	08001201 	.word	0x08001201
 8001294:	200000d4 	.word	0x200000d4

08001298 <__sfp_lock_acquire>:
 8001298:	4801      	ldr	r0, [pc, #4]	@ (80012a0 <__sfp_lock_acquire+0x8>)
 800129a:	f000 b90e 	b.w	80014ba <__retarget_lock_acquire_recursive>
 800129e:	bf00      	nop
 80012a0:	20000215 	.word	0x20000215

080012a4 <__sfp_lock_release>:
 80012a4:	4801      	ldr	r0, [pc, #4]	@ (80012ac <__sfp_lock_release+0x8>)
 80012a6:	f000 b909 	b.w	80014bc <__retarget_lock_release_recursive>
 80012aa:	bf00      	nop
 80012ac:	20000215 	.word	0x20000215

080012b0 <__sinit>:
 80012b0:	b510      	push	{r4, lr}
 80012b2:	4604      	mov	r4, r0
 80012b4:	f7ff fff0 	bl	8001298 <__sfp_lock_acquire>
 80012b8:	6a23      	ldr	r3, [r4, #32]
 80012ba:	b11b      	cbz	r3, 80012c4 <__sinit+0x14>
 80012bc:	e8bd 4010 	ldmia.w	sp!, {r4, lr}
 80012c0:	f7ff bff0 	b.w	80012a4 <__sfp_lock_release>
 80012c4:	4b04      	ldr	r3, [pc, #16]	@ (80012d8 <__sinit+0x28>)
 80012c6:	6223      	str	r3, [r4, #32]
 80012c8:	4b04      	ldr	r3, [pc, #16]	@ (80012dc <__sinit+0x2c>)
 80012ca:	681b      	ldr	r3, [r3, #0]
 80012cc:	2b00      	cmp	r3, #0
 80012ce:	d1f5      	bne.n	80012bc <__sinit+0xc>
 80012d0:	f7ff ffc2 	bl	8001258 <global_stdio_init.part.0>
 80012d4:	e7f2      	b.n	80012bc <__sinit+0xc>
 80012d6:	bf00      	nop
 80012d8:	08001219 	.word	0x08001219
 80012dc:	2000020c 	.word	0x2000020c

080012e0 <_fwalk_sglue>:
 80012e0:	e92d 43f8 	stmdb	sp!, {r3, r4, r5, r6, r7, r8, r9, lr}
 80012e4:	4607      	mov	r7, r0
 80012e6:	4688      	mov	r8, r1
 80012e8:	4614      	mov	r4, r2
 80012ea:	2600      	movs	r6, #0
 80012ec:	e9d4 9501 	ldrd	r9, r5, [r4, #4]
 80012f0:	f1b9 0901 	subs.w	r9, r9, #1
 80012f4:	d505      	bpl.n	8001302 <_fwalk_sglue+0x22>
 80012f6:	6824      	ldr	r4, [r4, #0]
 80012f8:	2c00      	cmp	r4, #0
 80012fa:	d1f7      	bne.n	80012ec <_fwalk_sglue+0xc>
 80012fc:	4630      	mov	r0, r6
 80012fe:	e8bd 83f8 	ldmia.w	sp!, {r3, r4, r5, r6, r7, r8, r9, pc}
 8001302:	89ab      	ldrh	r3, [r5, #12]
 8001304:	2b01      	cmp	r3, #1
 8001306:	d907      	bls.n	8001318 <_fwalk_sglue+0x38>
 8001308:	f9b5 300e 	ldrsh.w	r3, [r5, #14]
 800130c:	3301      	adds	r3, #1
 800130e:	d003      	beq.n	8001318 <_fwalk_sglue+0x38>
 8001310:	4629      	mov	r1, r5
 8001312:	4638      	mov	r0, r7
 8001314:	47c0      	blx	r8
 8001316:	4306      	orrs	r6, r0
 8001318:	3568      	adds	r5, #104	@ 0x68
 800131a:	e7e9      	b.n	80012f0 <_fwalk_sglue+0x10>

0800131c <iprintf>:
 800131c:	b40f      	push	{r0, r1, r2, r3}
 800131e:	b507      	push	{r0, r1, r2, lr}
 8001320:	4906      	ldr	r1, [pc, #24]	@ (800133c <iprintf+0x20>)
 8001322:	ab04      	add	r3, sp, #16
 8001324:	6808      	ldr	r0, [r1, #0]
 8001326:	f853 2b04 	ldr.w	r2, [r3], #4
 800132a:	6881      	ldr	r1, [r0, #8]
 800132c:	9301      	str	r3, [sp, #4]
 800132e:	f000 f9e5 	bl	80016fc <_vfiprintf_r>
 8001332:	b003      	add	sp, #12
 8001334:	f85d eb04 	ldr.w	lr, [sp], #4
 8001338:	b004      	add	sp, #16
 800133a:	4770      	bx	lr
 800133c:	20000018 	.word	0x20000018

08001340 <__sread>:
 8001340:	b510      	push	{r4, lr}
 8001342:	460c      	mov	r4, r1
 8001344:	f9b1 100e 	ldrsh.w	r1, [r1, #14]
 8001348:	f000 f868 	bl	800141c <_read_r>
 800134c:	2800      	cmp	r0, #0
 800134e:	bfab      	itete	ge
 8001350:	6d63      	ldrge	r3, [r4, #84]	@ 0x54
 8001352:	89a3      	ldrhlt	r3, [r4, #12]
 8001354:	181b      	addge	r3, r3, r0
 8001356:	f423 5380 	biclt.w	r3, r3, #4096	@ 0x1000
 800135a:	bfac      	ite	ge
 800135c:	6563      	strge	r3, [r4, #84]	@ 0x54
 800135e:	81a3      	strhlt	r3, [r4, #12]
 8001360:	bd10      	pop	{r4, pc}

08001362 <__swrite>:
 8001362:	e92d 41f0 	stmdb	sp!, {r4, r5, r6, r7, r8, lr}
 8001366:	461f      	mov	r7, r3
 8001368:	898b      	ldrh	r3, [r1, #12]
 800136a:	4605      	mov	r5, r0
 800136c:	05db      	lsls	r3, r3, #23
 800136e:	460c      	mov	r4, r1
 8001370:	4616      	mov	r6, r2
 8001372:	d505      	bpl.n	8001380 <__swrite+0x1e>
 8001374:	2302      	movs	r3, #2
 8001376:	2200      	movs	r2, #0
 8001378:	f9b1 100e 	ldrsh.w	r1, [r1, #14]
 800137c:	f000 f83c 	bl	80013f8 <_lseek_r>
 8001380:	89a3      	ldrh	r3, [r4, #12]
 8001382:	4632      	mov	r2, r6
 8001384:	f423 5380 	bic.w	r3, r3, #4096	@ 0x1000
 8001388:	81a3      	strh	r3, [r4, #12]
 800138a:	4628      	mov	r0, r5
 800138c:	463b      	mov	r3, r7
 800138e:	f9b4 100e 	ldrsh.w	r1, [r4, #14]
 8001392:	e8bd 41f0 	ldmia.w	sp!, {r4, r5, r6, r7, r8, lr}
 8001396:	f000 b853 	b.w	8001440 <_write_r>

0800139a <__sseek>:
 800139a:	b510      	push	{r4, lr}
 800139c:	460c      	mov	r4, r1
 800139e:	f9b1 100e 	ldrsh.w	r1, [r1, #14]
 80013a2:	f000 f829 	bl	80013f8 <_lseek_r>
 80013a6:	f9b4 300c 	ldrsh.w	r3, [r4, #12]
 80013aa:	1c42      	adds	r2, r0, #1
 80013ac:	bf0b      	itete	eq
 80013ae:	f423 5380 	biceq.w	r3, r3, #4096	@ 0x1000
 80013b2:	f443 5380 	orrne.w	r3, r3, #4096	@ 0x1000
 80013b6:	81a3      	strheq	r3, [r4, #12]
 80013b8:	81a3      	strhne	r3, [r4, #12]
 80013ba:	bf18      	it	ne
 80013bc:	6560      	strne	r0, [r4, #84]	@ 0x54
 80013be:	bd10      	pop	{r4, pc}

080013c0 <__sclose>:
 80013c0:	f9b1 100e 	ldrsh.w	r1, [r1, #14]
 80013c4:	f000 b808 	b.w	80013d8 <_close_r>

080013c8 <memset>:
 80013c8:	4603      	mov	r3, r0
 80013ca:	4402      	add	r2, r0
 80013cc:	4293      	cmp	r3, r2
 80013ce:	d100      	bne.n	80013d2 <memset+0xa>
 80013d0:	4770      	bx	lr
 80013d2:	f803 1b01 	strb.w	r1, [r3], #1
 80013d6:	e7f9      	b.n	80013cc <memset+0x4>

080013d8 <_close_r>:
 80013d8:	b538      	push	{r3, r4, r5, lr}
 80013da:	2300      	movs	r3, #0
 80013dc:	4d05      	ldr	r5, [pc, #20]	@ (80013f4 <_close_r+0x1c>)
 80013de:	4604      	mov	r4, r0
 80013e0:	4608      	mov	r0, r1
 80013e2:	602b      	str	r3, [r5, #0]
 80013e4:	f7ff fe7d 	bl	80010e2 <_close>
 80013e8:	1c43      	adds	r3, r0, #1
 80013ea:	d102      	bne.n	80013f2 <_close_r+0x1a>
 80013ec:	682b      	ldr	r3, [r5, #0]
 80013ee:	b103      	cbz	r3, 80013f2 <_close_r+0x1a>
 80013f0:	6023      	str	r3, [r4, #0]
 80013f2:	bd38      	pop	{r3, r4, r5, pc}
 80013f4:	20000210 	.word	0x20000210

080013f8 <_lseek_r>:
 80013f8:	b538      	push	{r3, r4, r5, lr}
 80013fa:	4604      	mov	r4, r0
 80013fc:	4608      	mov	r0, r1
 80013fe:	4611      	mov	r1, r2
 8001400:	2200      	movs	r2, #0
 8001402:	4d05      	ldr	r5, [pc, #20]	@ (8001418 <_lseek_r+0x20>)
 8001404:	602a      	str	r2, [r5, #0]
 8001406:	461a      	mov	r2, r3
 8001408:	f7ff fe75 	bl	80010f6 <_lseek>
 800140c:	1c43      	adds	r3, r0, #1
 800140e:	d102      	bne.n	8001416 <_lseek_r+0x1e>
 8001410:	682b      	ldr	r3, [r5, #0]
 8001412:	b103      	cbz	r3, 8001416 <_lseek_r+0x1e>
 8001414:	6023      	str	r3, [r4, #0]
 8001416:	bd38      	pop	{r3, r4, r5, pc}
 8001418:	20000210 	.word	0x20000210

0800141c <_read_r>:
 800141c:	b538      	push	{r3, r4, r5, lr}
 800141e:	4604      	mov	r4, r0
 8001420:	4608      	mov	r0, r1
 8001422:	4611      	mov	r1, r2
 8001424:	2200      	movs	r2, #0
 8001426:	4d05      	ldr	r5, [pc, #20]	@ (800143c <_read_r+0x20>)
 8001428:	602a      	str	r2, [r5, #0]
 800142a:	461a      	mov	r2, r3
 800142c:	f7ff fe3b 	bl	80010a6 <_read>
 8001430:	1c43      	adds	r3, r0, #1
 8001432:	d102      	bne.n	800143a <_read_r+0x1e>
 8001434:	682b      	ldr	r3, [r5, #0]
 8001436:	b103      	cbz	r3, 800143a <_read_r+0x1e>
 8001438:	6023      	str	r3, [r4, #0]
 800143a:	bd38      	pop	{r3, r4, r5, pc}
 800143c:	20000210 	.word	0x20000210

08001440 <_write_r>:
 8001440:	b538      	push	{r3, r4, r5, lr}
 8001442:	4604      	mov	r4, r0
 8001444:	4608      	mov	r0, r1
 8001446:	4611      	mov	r1, r2
 8001448:	2200      	movs	r2, #0
 800144a:	4d05      	ldr	r5, [pc, #20]	@ (8001460 <_write_r+0x20>)
 800144c:	602a      	str	r2, [r5, #0]
 800144e:	461a      	mov	r2, r3
 8001450:	f7ff fe39 	bl	80010c6 <_write>
 8001454:	1c43      	adds	r3, r0, #1
 8001456:	d102      	bne.n	800145e <_write_r+0x1e>
 8001458:	682b      	ldr	r3, [r5, #0]
 800145a:	b103      	cbz	r3, 800145e <_write_r+0x1e>
 800145c:	6023      	str	r3, [r4, #0]
 800145e:	bd38      	pop	{r3, r4, r5, pc}
 8001460:	20000210 	.word	0x20000210

08001464 <__errno>:
 8001464:	4b01      	ldr	r3, [pc, #4]	@ (800146c <__errno+0x8>)
 8001466:	6818      	ldr	r0, [r3, #0]
 8001468:	4770      	bx	lr
 800146a:	bf00      	nop
 800146c:	20000018 	.word	0x20000018

08001470 <__libc_init_array>:
 8001470:	b570      	push	{r4, r5, r6, lr}
 8001472:	2600      	movs	r6, #0
 8001474:	4d0c      	ldr	r5, [pc, #48]	@ (80014a8 <__libc_init_array+0x38>)
 8001476:	4b0d      	ldr	r3, [pc, #52]	@ (80014ac <__libc_init_array+0x3c>)
 8001478:	1b5b      	subs	r3, r3, r5
 800147a:	109c      	asrs	r4, r3, #2
 800147c:	42a6      	cmp	r6, r4
 800147e:	d109      	bne.n	8001494 <__libc_init_array+0x24>
 8001480:	2600      	movs	r6, #0
 8001482:	f000 fdbb 	bl	8001ffc <_init>
 8001486:	4d0a      	ldr	r5, [pc, #40]	@ (80014b0 <__libc_init_array+0x40>)
 8001488:	4b0a      	ldr	r3, [pc, #40]	@ (80014b4 <__libc_init_array+0x44>)
 800148a:	1b5b      	subs	r3, r3, r5
 800148c:	109c      	asrs	r4, r3, #2
 800148e:	42a6      	cmp	r6, r4
 8001490:	d105      	bne.n	800149e <__libc_init_array+0x2e>
 8001492:	bd70      	pop	{r4, r5, r6, pc}
 8001494:	f855 3b04 	ldr.w	r3, [r5], #4
 8001498:	4798      	blx	r3
 800149a:	3601      	adds	r6, #1
 800149c:	e7ee      	b.n	800147c <__libc_init_array+0xc>
 800149e:	f855 3b04 	ldr.w	r3, [r5], #4
 80014a2:	4798      	blx	r3
 80014a4:	3601      	adds	r6, #1
 80014a6:	e7f2      	b.n	800148e <__libc_init_array+0x1e>
 80014a8:	08002084 	.word	0x08002084
 80014ac:	08002084 	.word	0x08002084
 80014b0:	08002084 	.word	0x08002084
 80014b4:	08002088 	.word	0x08002088

080014b8 <__retarget_lock_init_recursive>:
 80014b8:	4770      	bx	lr

080014ba <__retarget_lock_acquire_recursive>:
 80014ba:	4770      	bx	lr

080014bc <__retarget_lock_release_recursive>:
 80014bc:	4770      	bx	lr
	...

080014c0 <_free_r>:
 80014c0:	b538      	push	{r3, r4, r5, lr}
 80014c2:	4605      	mov	r5, r0
 80014c4:	2900      	cmp	r1, #0
 80014c6:	d040      	beq.n	800154a <_free_r+0x8a>
 80014c8:	f851 3c04 	ldr.w	r3, [r1, #-4]
 80014cc:	1f0c      	subs	r4, r1, #4
 80014ce:	2b00      	cmp	r3, #0
 80014d0:	bfb8      	it	lt
 80014d2:	18e4      	addlt	r4, r4, r3
 80014d4:	f000 f8de 	bl	8001694 <__malloc_lock>
 80014d8:	4a1c      	ldr	r2, [pc, #112]	@ (800154c <_free_r+0x8c>)
 80014da:	6813      	ldr	r3, [r2, #0]
 80014dc:	b933      	cbnz	r3, 80014ec <_free_r+0x2c>
 80014de:	6063      	str	r3, [r4, #4]
 80014e0:	6014      	str	r4, [r2, #0]
 80014e2:	4628      	mov	r0, r5
 80014e4:	e8bd 4038 	ldmia.w	sp!, {r3, r4, r5, lr}
 80014e8:	f000 b8da 	b.w	80016a0 <__malloc_unlock>
 80014ec:	42a3      	cmp	r3, r4
 80014ee:	d908      	bls.n	8001502 <_free_r+0x42>
 80014f0:	6820      	ldr	r0, [r4, #0]
 80014f2:	1821      	adds	r1, r4, r0
 80014f4:	428b      	cmp	r3, r1
 80014f6:	bf01      	itttt	eq
 80014f8:	6819      	ldreq	r1, [r3, #0]
 80014fa:	685b      	ldreq	r3, [r3, #4]
 80014fc:	1809      	addeq	r1, r1, r0
 80014fe:	6021      	streq	r1, [r4, #0]
 8001500:	e7ed      	b.n	80014de <_free_r+0x1e>
 8001502:	461a      	mov	r2, r3
 8001504:	685b      	ldr	r3, [r3, #4]
 8001506:	b10b      	cbz	r3, 800150c <_free_r+0x4c>
 8001508:	42a3      	cmp	r3, r4
 800150a:	d9fa      	bls.n	8001502 <_free_r+0x42>
 800150c:	6811      	ldr	r1, [r2, #0]
 800150e:	1850      	adds	r0, r2, r1
 8001510:	42a0      	cmp	r0, r4
 8001512:	d10b      	bne.n	800152c <_free_r+0x6c>
 8001514:	6820      	ldr	r0, [r4, #0]
 8001516:	4401      	add	r1, r0
 8001518:	1850      	adds	r0, r2, r1
 800151a:	4283      	cmp	r3, r0
 800151c:	6011      	str	r1, [r2, #0]
 800151e:	d1e0      	bne.n	80014e2 <_free_r+0x22>
 8001520:	6818      	ldr	r0, [r3, #0]
 8001522:	685b      	ldr	r3, [r3, #4]
 8001524:	4408      	add	r0, r1
 8001526:	6010      	str	r0, [r2, #0]
 8001528:	6053      	str	r3, [r2, #4]
 800152a:	e7da      	b.n	80014e2 <_free_r+0x22>
 800152c:	d902      	bls.n	8001534 <_free_r+0x74>
 800152e:	230c      	movs	r3, #12
 8001530:	602b      	str	r3, [r5, #0]
 8001532:	e7d6      	b.n	80014e2 <_free_r+0x22>
 8001534:	6820      	ldr	r0, [r4, #0]
 8001536:	1821      	adds	r1, r4, r0
 8001538:	428b      	cmp	r3, r1
 800153a:	bf01      	itttt	eq
 800153c:	6819      	ldreq	r1, [r3, #0]
 800153e:	685b      	ldreq	r3, [r3, #4]
 8001540:	1809      	addeq	r1, r1, r0
 8001542:	6021      	streq	r1, [r4, #0]
 8001544:	6063      	str	r3, [r4, #4]
 8001546:	6054      	str	r4, [r2, #4]
 8001548:	e7cb      	b.n	80014e2 <_free_r+0x22>
 800154a:	bd38      	pop	{r3, r4, r5, pc}
 800154c:	2000021c 	.word	0x2000021c

08001550 <sbrk_aligned>:
 8001550:	b570      	push	{r4, r5, r6, lr}
 8001552:	4e0f      	ldr	r6, [pc, #60]	@ (8001590 <sbrk_aligned+0x40>)
 8001554:	460c      	mov	r4, r1
 8001556:	6831      	ldr	r1, [r6, #0]
 8001558:	4605      	mov	r5, r0
 800155a:	b911      	cbnz	r1, 8001562 <sbrk_aligned+0x12>
 800155c:	f000 fcb0 	bl	8001ec0 <_sbrk_r>
 8001560:	6030      	str	r0, [r6, #0]
 8001562:	4621      	mov	r1, r4
 8001564:	4628      	mov	r0, r5
 8001566:	f000 fcab 	bl	8001ec0 <_sbrk_r>
 800156a:	1c43      	adds	r3, r0, #1
 800156c:	d103      	bne.n	8001576 <sbrk_aligned+0x26>
 800156e:	f04f 34ff 	mov.w	r4, #4294967295	@ 0xffffffff
 8001572:	4620      	mov	r0, r4
 8001574:	bd70      	pop	{r4, r5, r6, pc}
 8001576:	1cc4      	adds	r4, r0, #3
 8001578:	f024 0403 	bic.w	r4, r4, #3
 800157c:	42a0      	cmp	r0, r4
 800157e:	d0f8      	beq.n	8001572 <sbrk_aligned+0x22>
 8001580:	1a21      	subs	r1, r4, r0
 8001582:	4628      	mov	r0, r5
 8001584:	f000 fc9c 	bl	8001ec0 <_sbrk_r>
 8001588:	3001      	adds	r0, #1
 800158a:	d1f2      	bne.n	8001572 <sbrk_aligned+0x22>
 800158c:	e7ef      	b.n	800156e <sbrk_aligned+0x1e>
 800158e:	bf00      	nop
 8001590:	20000218 	.word	0x20000218

08001594 <_malloc_r>:
 8001594:	e92d 43f8 	stmdb	sp!, {r3, r4, r5, r6, r7, r8, r9, lr}
 8001598:	1ccd      	adds	r5, r1, #3
 800159a:	f025 0503 	bic.w	r5, r5, #3
 800159e:	3508      	adds	r5, #8
 80015a0:	2d0c      	cmp	r5, #12
 80015a2:	bf38      	it	cc
 80015a4:	250c      	movcc	r5, #12
 80015a6:	2d00      	cmp	r5, #0
 80015a8:	4606      	mov	r6, r0
 80015aa:	db01      	blt.n	80015b0 <_malloc_r+0x1c>
 80015ac:	42a9      	cmp	r1, r5
 80015ae:	d904      	bls.n	80015ba <_malloc_r+0x26>
 80015b0:	230c      	movs	r3, #12
 80015b2:	6033      	str	r3, [r6, #0]
 80015b4:	2000      	movs	r0, #0
 80015b6:	e8bd 83f8 	ldmia.w	sp!, {r3, r4, r5, r6, r7, r8, r9, pc}
 80015ba:	f8df 80d4 	ldr.w	r8, [pc, #212]	@ 8001690 <_malloc_r+0xfc>
 80015be:	f000 f869 	bl	8001694 <__malloc_lock>
 80015c2:	f8d8 3000 	ldr.w	r3, [r8]
 80015c6:	461c      	mov	r4, r3
 80015c8:	bb44      	cbnz	r4, 800161c <_malloc_r+0x88>
 80015ca:	4629      	mov	r1, r5
 80015cc:	4630      	mov	r0, r6
 80015ce:	f7ff ffbf 	bl	8001550 <sbrk_aligned>
 80015d2:	1c43      	adds	r3, r0, #1
 80015d4:	4604      	mov	r4, r0
 80015d6:	d158      	bne.n	800168a <_malloc_r+0xf6>
 80015d8:	f8d8 4000 	ldr.w	r4, [r8]
 80015dc:	4627      	mov	r7, r4
 80015de:	2f00      	cmp	r7, #0
 80015e0:	d143      	bne.n	800166a <_malloc_r+0xd6>
 80015e2:	2c00      	cmp	r4, #0
 80015e4:	d04b      	beq.n	800167e <_malloc_r+0xea>
 80015e6:	6823      	ldr	r3, [r4, #0]
 80015e8:	4639      	mov	r1, r7
 80015ea:	4630      	mov	r0, r6
 80015ec:	eb04 0903 	add.w	r9, r4, r3
 80015f0:	f000 fc66 	bl	8001ec0 <_sbrk_r>
 80015f4:	4581      	cmp	r9, r0
 80015f6:	d142      	bne.n	800167e <_malloc_r+0xea>
 80015f8:	6821      	ldr	r1, [r4, #0]
 80015fa:	4630      	mov	r0, r6
 80015fc:	1a6d      	subs	r5, r5, r1
 80015fe:	4629      	mov	r1, r5
 8001600:	f7ff ffa6 	bl	8001550 <sbrk_aligned>
 8001604:	3001      	adds	r0, #1
 8001606:	d03a      	beq.n	800167e <_malloc_r+0xea>
 8001608:	6823      	ldr	r3, [r4, #0]
 800160a:	442b      	add	r3, r5
 800160c:	6023      	str	r3, [r4, #0]
 800160e:	f8d8 3000 	ldr.w	r3, [r8]
 8001612:	685a      	ldr	r2, [r3, #4]
 8001614:	bb62      	cbnz	r2, 8001670 <_malloc_r+0xdc>
 8001616:	f8c8 7000 	str.w	r7, [r8]
 800161a:	e00f      	b.n	800163c <_malloc_r+0xa8>
 800161c:	6822      	ldr	r2, [r4, #0]
 800161e:	1b52      	subs	r2, r2, r5
 8001620:	d420      	bmi.n	8001664 <_malloc_r+0xd0>
 8001622:	2a0b      	cmp	r2, #11
 8001624:	d917      	bls.n	8001656 <_malloc_r+0xc2>
 8001626:	1961      	adds	r1, r4, r5
 8001628:	42a3      	cmp	r3, r4
 800162a:	6025      	str	r5, [r4, #0]
 800162c:	bf18      	it	ne
 800162e:	6059      	strne	r1, [r3, #4]
 8001630:	6863      	ldr	r3, [r4, #4]
 8001632:	bf08      	it	eq
 8001634:	f8c8 1000 	streq.w	r1, [r8]
 8001638:	5162      	str	r2, [r4, r5]
 800163a:	604b      	str	r3, [r1, #4]
 800163c:	4630      	mov	r0, r6
 800163e:	f000 f82f 	bl	80016a0 <__malloc_unlock>
 8001642:	f104 000b 	add.w	r0, r4, #11
 8001646:	1d23      	adds	r3, r4, #4
 8001648:	f020 0007 	bic.w	r0, r0, #7
 800164c:	1ac2      	subs	r2, r0, r3
 800164e:	bf1c      	itt	ne
 8001650:	1a1b      	subne	r3, r3, r0
 8001652:	50a3      	strne	r3, [r4, r2]
 8001654:	e7af      	b.n	80015b6 <_malloc_r+0x22>
 8001656:	6862      	ldr	r2, [r4, #4]
 8001658:	42a3      	cmp	r3, r4
 800165a:	bf0c      	ite	eq
 800165c:	f8c8 2000 	streq.w	r2, [r8]
 8001660:	605a      	strne	r2, [r3, #4]
 8001662:	e7eb      	b.n	800163c <_malloc_r+0xa8>
 8001664:	4623      	mov	r3, r4
 8001666:	6864      	ldr	r4, [r4, #4]
 8001668:	e7ae      	b.n	80015c8 <_malloc_r+0x34>
 800166a:	463c      	mov	r4, r7
 800166c:	687f      	ldr	r7, [r7, #4]
 800166e:	e7b6      	b.n	80015de <_malloc_r+0x4a>
 8001670:	461a      	mov	r2, r3
 8001672:	685b      	ldr	r3, [r3, #4]
 8001674:	42a3      	cmp	r3, r4
 8001676:	d1fb      	bne.n	8001670 <_malloc_r+0xdc>
 8001678:	2300      	movs	r3, #0
 800167a:	6053      	str	r3, [r2, #4]
 800167c:	e7de      	b.n	800163c <_malloc_r+0xa8>
 800167e:	230c      	movs	r3, #12
 8001680:	4630      	mov	r0, r6
 8001682:	6033      	str	r3, [r6, #0]
 8001684:	f000 f80c 	bl	80016a0 <__malloc_unlock>
 8001688:	e794      	b.n	80015b4 <_malloc_r+0x20>
 800168a:	6005      	str	r5, [r0, #0]
 800168c:	e7d6      	b.n	800163c <_malloc_r+0xa8>
 800168e:	bf00      	nop
 8001690:	2000021c 	.word	0x2000021c

08001694 <__malloc_lock>:
 8001694:	4801      	ldr	r0, [pc, #4]	@ (800169c <__malloc_lock+0x8>)
 8001696:	f7ff bf10 	b.w	80014ba <__retarget_lock_acquire_recursive>
 800169a:	bf00      	nop
 800169c:	20000214 	.word	0x20000214

080016a0 <__malloc_unlock>:
 80016a0:	4801      	ldr	r0, [pc, #4]	@ (80016a8 <__malloc_unlock+0x8>)
 80016a2:	f7ff bf0b 	b.w	80014bc <__retarget_lock_release_recursive>
 80016a6:	bf00      	nop
 80016a8:	20000214 	.word	0x20000214

080016ac <__sfputc_r>:
 80016ac:	6893      	ldr	r3, [r2, #8]
 80016ae:	b410      	push	{r4}
 80016b0:	3b01      	subs	r3, #1
 80016b2:	2b00      	cmp	r3, #0
 80016b4:	6093      	str	r3, [r2, #8]
 80016b6:	da07      	bge.n	80016c8 <__sfputc_r+0x1c>
 80016b8:	6994      	ldr	r4, [r2, #24]
 80016ba:	42a3      	cmp	r3, r4
 80016bc:	db01      	blt.n	80016c2 <__sfputc_r+0x16>
 80016be:	290a      	cmp	r1, #10
 80016c0:	d102      	bne.n	80016c8 <__sfputc_r+0x1c>
 80016c2:	bc10      	pop	{r4}
 80016c4:	f000 bb6a 	b.w	8001d9c <__swbuf_r>
 80016c8:	6813      	ldr	r3, [r2, #0]
 80016ca:	1c58      	adds	r0, r3, #1
 80016cc:	6010      	str	r0, [r2, #0]
 80016ce:	7019      	strb	r1, [r3, #0]
 80016d0:	4608      	mov	r0, r1
 80016d2:	bc10      	pop	{r4}
 80016d4:	4770      	bx	lr

080016d6 <__sfputs_r>:
 80016d6:	b5f8      	push	{r3, r4, r5, r6, r7, lr}
 80016d8:	4606      	mov	r6, r0
 80016da:	460f      	mov	r7, r1
 80016dc:	4614      	mov	r4, r2
 80016de:	18d5      	adds	r5, r2, r3
 80016e0:	42ac      	cmp	r4, r5
 80016e2:	d101      	bne.n	80016e8 <__sfputs_r+0x12>
 80016e4:	2000      	movs	r0, #0
 80016e6:	e007      	b.n	80016f8 <__sfputs_r+0x22>
 80016e8:	463a      	mov	r2, r7
 80016ea:	4630      	mov	r0, r6
 80016ec:	f814 1b01 	ldrb.w	r1, [r4], #1
 80016f0:	f7ff ffdc 	bl	80016ac <__sfputc_r>
 80016f4:	1c43      	adds	r3, r0, #1
 80016f6:	d1f3      	bne.n	80016e0 <__sfputs_r+0xa>
 80016f8:	bdf8      	pop	{r3, r4, r5, r6, r7, pc}
	...

080016fc <_vfiprintf_r>:
 80016fc:	e92d 4ff0 	stmdb	sp!, {r4, r5, r6, r7, r8, r9, sl, fp, lr}
 8001700:	460d      	mov	r5, r1
 8001702:	4614      	mov	r4, r2
 8001704:	4698      	mov	r8, r3
 8001706:	4606      	mov	r6, r0
 8001708:	b09d      	sub	sp, #116	@ 0x74
 800170a:	b118      	cbz	r0, 8001714 <_vfiprintf_r+0x18>
 800170c:	6a03      	ldr	r3, [r0, #32]
 800170e:	b90b      	cbnz	r3, 8001714 <_vfiprintf_r+0x18>
 8001710:	f7ff fdce 	bl	80012b0 <__sinit>
 8001714:	6e6b      	ldr	r3, [r5, #100]	@ 0x64
 8001716:	07d9      	lsls	r1, r3, #31
 8001718:	d405      	bmi.n	8001726 <_vfiprintf_r+0x2a>
 800171a:	89ab      	ldrh	r3, [r5, #12]
 800171c:	059a      	lsls	r2, r3, #22
 800171e:	d402      	bmi.n	8001726 <_vfiprintf_r+0x2a>
 8001720:	6da8      	ldr	r0, [r5, #88]	@ 0x58
 8001722:	f7ff feca 	bl	80014ba <__retarget_lock_acquire_recursive>
 8001726:	89ab      	ldrh	r3, [r5, #12]
 8001728:	071b      	lsls	r3, r3, #28
 800172a:	d501      	bpl.n	8001730 <_vfiprintf_r+0x34>
 800172c:	692b      	ldr	r3, [r5, #16]
 800172e:	b99b      	cbnz	r3, 8001758 <_vfiprintf_r+0x5c>
 8001730:	4629      	mov	r1, r5
 8001732:	4630      	mov	r0, r6
 8001734:	f000 fb70 	bl	8001e18 <__swsetup_r>
 8001738:	b170      	cbz	r0, 8001758 <_vfiprintf_r+0x5c>
 800173a:	6e6b      	ldr	r3, [r5, #100]	@ 0x64
 800173c:	07dc      	lsls	r4, r3, #31
 800173e:	d504      	bpl.n	800174a <_vfiprintf_r+0x4e>
 8001740:	f04f 30ff 	mov.w	r0, #4294967295	@ 0xffffffff
 8001744:	b01d      	add	sp, #116	@ 0x74
 8001746:	e8bd 8ff0 	ldmia.w	sp!, {r4, r5, r6, r7, r8, r9, sl, fp, pc}
 800174a:	89ab      	ldrh	r3, [r5, #12]
 800174c:	0598      	lsls	r0, r3, #22
 800174e:	d4f7      	bmi.n	8001740 <_vfiprintf_r+0x44>
 8001750:	6da8      	ldr	r0, [r5, #88]	@ 0x58
 8001752:	f7ff feb3 	bl	80014bc <__retarget_lock_release_recursive>
 8001756:	e7f3      	b.n	8001740 <_vfiprintf_r+0x44>
 8001758:	2300      	movs	r3, #0
 800175a:	9309      	str	r3, [sp, #36]	@ 0x24
 800175c:	2320      	movs	r3, #32
 800175e:	f88d 3029 	strb.w	r3, [sp, #41]	@ 0x29
 8001762:	2330      	movs	r3, #48	@ 0x30
 8001764:	f04f 0901 	mov.w	r9, #1
 8001768:	f8cd 800c 	str.w	r8, [sp, #12]
 800176c:	f8df 81a8 	ldr.w	r8, [pc, #424]	@ 8001918 <_vfiprintf_r+0x21c>
 8001770:	f88d 302a 	strb.w	r3, [sp, #42]	@ 0x2a
 8001774:	4623      	mov	r3, r4
 8001776:	469a      	mov	sl, r3
 8001778:	f813 2b01 	ldrb.w	r2, [r3], #1
 800177c:	b10a      	cbz	r2, 8001782 <_vfiprintf_r+0x86>
 800177e:	2a25      	cmp	r2, #37	@ 0x25
 8001780:	d1f9      	bne.n	8001776 <_vfiprintf_r+0x7a>
 8001782:	ebba 0b04 	subs.w	fp, sl, r4
 8001786:	d00b      	beq.n	80017a0 <_vfiprintf_r+0xa4>
 8001788:	465b      	mov	r3, fp
 800178a:	4622      	mov	r2, r4
 800178c:	4629      	mov	r1, r5
 800178e:	4630      	mov	r0, r6
 8001790:	f7ff ffa1 	bl	80016d6 <__sfputs_r>
 8001794:	3001      	adds	r0, #1
 8001796:	f000 80a7 	beq.w	80018e8 <_vfiprintf_r+0x1ec>
 800179a:	9a09      	ldr	r2, [sp, #36]	@ 0x24
 800179c:	445a      	add	r2, fp
 800179e:	9209      	str	r2, [sp, #36]	@ 0x24
 80017a0:	f89a 3000 	ldrb.w	r3, [sl]
 80017a4:	2b00      	cmp	r3, #0
 80017a6:	f000 809f 	beq.w	80018e8 <_vfiprintf_r+0x1ec>
 80017aa:	2300      	movs	r3, #0
 80017ac:	f04f 32ff 	mov.w	r2, #4294967295	@ 0xffffffff
 80017b0:	e9cd 2305 	strd	r2, r3, [sp, #20]
 80017b4:	f10a 0a01 	add.w	sl, sl, #1
 80017b8:	9304      	str	r3, [sp, #16]
 80017ba:	9307      	str	r3, [sp, #28]
 80017bc:	f88d 3053 	strb.w	r3, [sp, #83]	@ 0x53
 80017c0:	931a      	str	r3, [sp, #104]	@ 0x68
 80017c2:	4654      	mov	r4, sl
 80017c4:	2205      	movs	r2, #5
 80017c6:	f814 1b01 	ldrb.w	r1, [r4], #1
 80017ca:	4853      	ldr	r0, [pc, #332]	@ (8001918 <_vfiprintf_r+0x21c>)
 80017cc:	f000 fb88 	bl	8001ee0 <memchr>
 80017d0:	9a04      	ldr	r2, [sp, #16]
 80017d2:	b9d8      	cbnz	r0, 800180c <_vfiprintf_r+0x110>
 80017d4:	06d1      	lsls	r1, r2, #27
 80017d6:	bf44      	itt	mi
 80017d8:	2320      	movmi	r3, #32
 80017da:	f88d 3053 	strbmi.w	r3, [sp, #83]	@ 0x53
 80017de:	0713      	lsls	r3, r2, #28
 80017e0:	bf44      	itt	mi
 80017e2:	232b      	movmi	r3, #43	@ 0x2b
 80017e4:	f88d 3053 	strbmi.w	r3, [sp, #83]	@ 0x53
 80017e8:	f89a 3000 	ldrb.w	r3, [sl]
 80017ec:	2b2a      	cmp	r3, #42	@ 0x2a
 80017ee:	d015      	beq.n	800181c <_vfiprintf_r+0x120>
 80017f0:	4654      	mov	r4, sl
 80017f2:	2000      	movs	r0, #0
 80017f4:	f04f 0c0a 	mov.w	ip, #10
 80017f8:	9a07      	ldr	r2, [sp, #28]
 80017fa:	4621      	mov	r1, r4
 80017fc:	f811 3b01 	ldrb.w	r3, [r1], #1
 8001800:	3b30      	subs	r3, #48	@ 0x30
 8001802:	2b09      	cmp	r3, #9
 8001804:	d94b      	bls.n	800189e <_vfiprintf_r+0x1a2>
 8001806:	b1b0      	cbz	r0, 8001836 <_vfiprintf_r+0x13a>
 8001808:	9207      	str	r2, [sp, #28]
 800180a:	e014      	b.n	8001836 <_vfiprintf_r+0x13a>
 800180c:	eba0 0308 	sub.w	r3, r0, r8
 8001810:	fa09 f303 	lsl.w	r3, r9, r3
 8001814:	4313      	orrs	r3, r2
 8001816:	46a2      	mov	sl, r4
 8001818:	9304      	str	r3, [sp, #16]
 800181a:	e7d2      	b.n	80017c2 <_vfiprintf_r+0xc6>
 800181c:	9b03      	ldr	r3, [sp, #12]
 800181e:	1d19      	adds	r1, r3, #4
 8001820:	681b      	ldr	r3, [r3, #0]
 8001822:	9103      	str	r1, [sp, #12]
 8001824:	2b00      	cmp	r3, #0
 8001826:	bfbb      	ittet	lt
 8001828:	425b      	neglt	r3, r3
 800182a:	f042 0202 	orrlt.w	r2, r2, #2
 800182e:	9307      	strge	r3, [sp, #28]
 8001830:	9307      	strlt	r3, [sp, #28]
 8001832:	bfb8      	it	lt
 8001834:	9204      	strlt	r2, [sp, #16]
 8001836:	7823      	ldrb	r3, [r4, #0]
 8001838:	2b2e      	cmp	r3, #46	@ 0x2e
 800183a:	d10a      	bne.n	8001852 <_vfiprintf_r+0x156>
 800183c:	7863      	ldrb	r3, [r4, #1]
 800183e:	2b2a      	cmp	r3, #42	@ 0x2a
 8001840:	d132      	bne.n	80018a8 <_vfiprintf_r+0x1ac>
 8001842:	9b03      	ldr	r3, [sp, #12]
 8001844:	3402      	adds	r4, #2
 8001846:	1d1a      	adds	r2, r3, #4
 8001848:	681b      	ldr	r3, [r3, #0]
 800184a:	9203      	str	r2, [sp, #12]
 800184c:	ea43 73e3 	orr.w	r3, r3, r3, asr #31
 8001850:	9305      	str	r3, [sp, #20]
 8001852:	f8df a0c8 	ldr.w	sl, [pc, #200]	@ 800191c <_vfiprintf_r+0x220>
 8001856:	2203      	movs	r2, #3
 8001858:	4650      	mov	r0, sl
 800185a:	7821      	ldrb	r1, [r4, #0]
 800185c:	f000 fb40 	bl	8001ee0 <memchr>
 8001860:	b138      	cbz	r0, 8001872 <_vfiprintf_r+0x176>
 8001862:	2240      	movs	r2, #64	@ 0x40
 8001864:	9b04      	ldr	r3, [sp, #16]
 8001866:	eba0 000a 	sub.w	r0, r0, sl
 800186a:	4082      	lsls	r2, r0
 800186c:	4313      	orrs	r3, r2
 800186e:	3401      	adds	r4, #1
 8001870:	9304      	str	r3, [sp, #16]
 8001872:	f814 1b01 	ldrb.w	r1, [r4], #1
 8001876:	2206      	movs	r2, #6
 8001878:	4829      	ldr	r0, [pc, #164]	@ (8001920 <_vfiprintf_r+0x224>)
 800187a:	f88d 1028 	strb.w	r1, [sp, #40]	@ 0x28
 800187e:	f000 fb2f 	bl	8001ee0 <memchr>
 8001882:	2800      	cmp	r0, #0
 8001884:	d03f      	beq.n	8001906 <_vfiprintf_r+0x20a>
 8001886:	4b27      	ldr	r3, [pc, #156]	@ (8001924 <_vfiprintf_r+0x228>)
 8001888:	bb1b      	cbnz	r3, 80018d2 <_vfiprintf_r+0x1d6>
 800188a:	9b03      	ldr	r3, [sp, #12]
 800188c:	3307      	adds	r3, #7
 800188e:	f023 0307 	bic.w	r3, r3, #7
 8001892:	3308      	adds	r3, #8
 8001894:	9303      	str	r3, [sp, #12]
 8001896:	9b09      	ldr	r3, [sp, #36]	@ 0x24
 8001898:	443b      	add	r3, r7
 800189a:	9309      	str	r3, [sp, #36]	@ 0x24
 800189c:	e76a      	b.n	8001774 <_vfiprintf_r+0x78>
 800189e:	460c      	mov	r4, r1
 80018a0:	2001      	movs	r0, #1
 80018a2:	fb0c 3202 	mla	r2, ip, r2, r3
 80018a6:	e7a8      	b.n	80017fa <_vfiprintf_r+0xfe>
 80018a8:	2300      	movs	r3, #0
 80018aa:	f04f 0c0a 	mov.w	ip, #10
 80018ae:	4619      	mov	r1, r3
 80018b0:	3401      	adds	r4, #1
 80018b2:	9305      	str	r3, [sp, #20]
 80018b4:	4620      	mov	r0, r4
 80018b6:	f810 2b01 	ldrb.w	r2, [r0], #1
 80018ba:	3a30      	subs	r2, #48	@ 0x30
 80018bc:	2a09      	cmp	r2, #9
 80018be:	d903      	bls.n	80018c8 <_vfiprintf_r+0x1cc>
 80018c0:	2b00      	cmp	r3, #0
 80018c2:	d0c6      	beq.n	8001852 <_vfiprintf_r+0x156>
 80018c4:	9105      	str	r1, [sp, #20]
 80018c6:	e7c4      	b.n	8001852 <_vfiprintf_r+0x156>
 80018c8:	4604      	mov	r4, r0
 80018ca:	2301      	movs	r3, #1
 80018cc:	fb0c 2101 	mla	r1, ip, r1, r2
 80018d0:	e7f0      	b.n	80018b4 <_vfiprintf_r+0x1b8>
 80018d2:	ab03      	add	r3, sp, #12
 80018d4:	9300      	str	r3, [sp, #0]
 80018d6:	462a      	mov	r2, r5
 80018d8:	4630      	mov	r0, r6
 80018da:	4b13      	ldr	r3, [pc, #76]	@ (8001928 <_vfiprintf_r+0x22c>)
 80018dc:	a904      	add	r1, sp, #16
 80018de:	f3af 8000 	nop.w
 80018e2:	4607      	mov	r7, r0
 80018e4:	1c78      	adds	r0, r7, #1
 80018e6:	d1d6      	bne.n	8001896 <_vfiprintf_r+0x19a>
 80018e8:	6e6b      	ldr	r3, [r5, #100]	@ 0x64
 80018ea:	07d9      	lsls	r1, r3, #31
 80018ec:	d405      	bmi.n	80018fa <_vfiprintf_r+0x1fe>
 80018ee:	89ab      	ldrh	r3, [r5, #12]
 80018f0:	059a      	lsls	r2, r3, #22
 80018f2:	d402      	bmi.n	80018fa <_vfiprintf_r+0x1fe>
 80018f4:	6da8      	ldr	r0, [r5, #88]	@ 0x58
 80018f6:	f7ff fde1 	bl	80014bc <__retarget_lock_release_recursive>
 80018fa:	89ab      	ldrh	r3, [r5, #12]
 80018fc:	065b      	lsls	r3, r3, #25
 80018fe:	f53f af1f 	bmi.w	8001740 <_vfiprintf_r+0x44>
 8001902:	9809      	ldr	r0, [sp, #36]	@ 0x24
 8001904:	e71e      	b.n	8001744 <_vfiprintf_r+0x48>
 8001906:	ab03      	add	r3, sp, #12
 8001908:	9300      	str	r3, [sp, #0]
 800190a:	462a      	mov	r2, r5
 800190c:	4630      	mov	r0, r6
 800190e:	4b06      	ldr	r3, [pc, #24]	@ (8001928 <_vfiprintf_r+0x22c>)
 8001910:	a904      	add	r1, sp, #16
 8001912:	f000 f87d 	bl	8001a10 <_printf_i>
 8001916:	e7e4      	b.n	80018e2 <_vfiprintf_r+0x1e6>
 8001918:	08002050 	.word	0x08002050
 800191c:	08002056 	.word	0x08002056
 8001920:	0800205a 	.word	0x0800205a
 8001924:	00000000 	.word	0x00000000
 8001928:	080016d7 	.word	0x080016d7

0800192c <_printf_common>:
 800192c:	e92d 47f0 	stmdb	sp!, {r4, r5, r6, r7, r8, r9, sl, lr}
 8001930:	4616      	mov	r6, r2
 8001932:	4698      	mov	r8, r3
 8001934:	688a      	ldr	r2, [r1, #8]
 8001936:	690b      	ldr	r3, [r1, #16]
 8001938:	4607      	mov	r7, r0
 800193a:	4293      	cmp	r3, r2
 800193c:	bfb8      	it	lt
 800193e:	4613      	movlt	r3, r2
 8001940:	6033      	str	r3, [r6, #0]
 8001942:	f891 2043 	ldrb.w	r2, [r1, #67]	@ 0x43
 8001946:	460c      	mov	r4, r1
 8001948:	f8dd 9020 	ldr.w	r9, [sp, #32]
 800194c:	b10a      	cbz	r2, 8001952 <_printf_common+0x26>
 800194e:	3301      	adds	r3, #1
 8001950:	6033      	str	r3, [r6, #0]
 8001952:	6823      	ldr	r3, [r4, #0]
 8001954:	0699      	lsls	r1, r3, #26
 8001956:	bf42      	ittt	mi
 8001958:	6833      	ldrmi	r3, [r6, #0]
 800195a:	3302      	addmi	r3, #2
 800195c:	6033      	strmi	r3, [r6, #0]
 800195e:	6825      	ldr	r5, [r4, #0]
 8001960:	f015 0506 	ands.w	r5, r5, #6
 8001964:	d106      	bne.n	8001974 <_printf_common+0x48>
 8001966:	f104 0a19 	add.w	sl, r4, #25
 800196a:	68e3      	ldr	r3, [r4, #12]
 800196c:	6832      	ldr	r2, [r6, #0]
 800196e:	1a9b      	subs	r3, r3, r2
 8001970:	42ab      	cmp	r3, r5
 8001972:	dc2b      	bgt.n	80019cc <_printf_common+0xa0>
 8001974:	f894 3043 	ldrb.w	r3, [r4, #67]	@ 0x43
 8001978:	6822      	ldr	r2, [r4, #0]
 800197a:	3b00      	subs	r3, #0
 800197c:	bf18      	it	ne
 800197e:	2301      	movne	r3, #1
 8001980:	0692      	lsls	r2, r2, #26
 8001982:	d430      	bmi.n	80019e6 <_printf_common+0xba>
 8001984:	4641      	mov	r1, r8
 8001986:	4638      	mov	r0, r7
 8001988:	f104 0243 	add.w	r2, r4, #67	@ 0x43
 800198c:	47c8      	blx	r9
 800198e:	3001      	adds	r0, #1
 8001990:	d023      	beq.n	80019da <_printf_common+0xae>
 8001992:	6823      	ldr	r3, [r4, #0]
 8001994:	6922      	ldr	r2, [r4, #16]
 8001996:	f003 0306 	and.w	r3, r3, #6
 800199a:	2b04      	cmp	r3, #4
 800199c:	bf14      	ite	ne
 800199e:	2500      	movne	r5, #0
 80019a0:	6833      	ldreq	r3, [r6, #0]
 80019a2:	f04f 0600 	mov.w	r6, #0
 80019a6:	bf08      	it	eq
 80019a8:	68e5      	ldreq	r5, [r4, #12]
 80019aa:	f104 041a 	add.w	r4, r4, #26
 80019ae:	bf08      	it	eq
 80019b0:	1aed      	subeq	r5, r5, r3
 80019b2:	f854 3c12 	ldr.w	r3, [r4, #-18]
 80019b6:	bf08      	it	eq
 80019b8:	ea25 75e5 	biceq.w	r5, r5, r5, asr #31
 80019bc:	4293      	cmp	r3, r2
 80019be:	bfc4      	itt	gt
 80019c0:	1a9b      	subgt	r3, r3, r2
 80019c2:	18ed      	addgt	r5, r5, r3
 80019c4:	42b5      	cmp	r5, r6
 80019c6:	d11a      	bne.n	80019fe <_printf_common+0xd2>
 80019c8:	2000      	movs	r0, #0
 80019ca:	e008      	b.n	80019de <_printf_common+0xb2>
 80019cc:	2301      	movs	r3, #1
 80019ce:	4652      	mov	r2, sl
 80019d0:	4641      	mov	r1, r8
 80019d2:	4638      	mov	r0, r7
 80019d4:	47c8      	blx	r9
 80019d6:	3001      	adds	r0, #1
 80019d8:	d103      	bne.n	80019e2 <_printf_common+0xb6>
 80019da:	f04f 30ff 	mov.w	r0, #4294967295	@ 0xffffffff
 80019de:	e8bd 87f0 	ldmia.w	sp!, {r4, r5, r6, r7, r8, r9, sl, pc}
 80019e2:	3501      	adds	r5, #1
 80019e4:	e7c1      	b.n	800196a <_printf_common+0x3e>
 80019e6:	2030      	movs	r0, #48	@ 0x30
 80019e8:	18e1      	adds	r1, r4, r3
 80019ea:	f881 0043 	strb.w	r0, [r1, #67]	@ 0x43
 80019ee:	1c5a      	adds	r2, r3, #1
 80019f0:	f894 1045 	ldrb.w	r1, [r4, #69]	@ 0x45
 80019f4:	4422      	add	r2, r4
 80019f6:	3302      	adds	r3, #2
 80019f8:	f882 1043 	strb.w	r1, [r2, #67]	@ 0x43
 80019fc:	e7c2      	b.n	8001984 <_printf_common+0x58>
 80019fe:	2301      	movs	r3, #1
 8001a00:	4622      	mov	r2, r4
 8001a02:	4641      	mov	r1, r8
 8001a04:	4638      	mov	r0, r7
 8001a06:	47c8      	blx	r9
 8001a08:	3001      	adds	r0, #1
 8001a0a:	d0e6      	beq.n	80019da <_printf_common+0xae>
 8001a0c:	3601      	adds	r6, #1
 8001a0e:	e7d9      	b.n	80019c4 <_printf_common+0x98>

08001a10 <_printf_i>:
 8001a10:	e92d 47ff 	stmdb	sp!, {r0, r1, r2, r3, r4, r5, r6, r7, r8, r9, sl, lr}
 8001a14:	7e0f      	ldrb	r7, [r1, #24]
 8001a16:	4691      	mov	r9, r2
 8001a18:	2f78      	cmp	r7, #120	@ 0x78
 8001a1a:	4680      	mov	r8, r0
 8001a1c:	460c      	mov	r4, r1
 8001a1e:	469a      	mov	sl, r3
 8001a20:	9e0c      	ldr	r6, [sp, #48]	@ 0x30
 8001a22:	f101 0243 	add.w	r2, r1, #67	@ 0x43
 8001a26:	d807      	bhi.n	8001a38 <_printf_i+0x28>
 8001a28:	2f62      	cmp	r7, #98	@ 0x62
 8001a2a:	d80a      	bhi.n	8001a42 <_printf_i+0x32>
 8001a2c:	2f00      	cmp	r7, #0
 8001a2e:	f000 80d2 	beq.w	8001bd6 <_printf_i+0x1c6>
 8001a32:	2f58      	cmp	r7, #88	@ 0x58
 8001a34:	f000 80b7 	beq.w	8001ba6 <_printf_i+0x196>
 8001a38:	f104 0642 	add.w	r6, r4, #66	@ 0x42
 8001a3c:	f884 7042 	strb.w	r7, [r4, #66]	@ 0x42
 8001a40:	e03a      	b.n	8001ab8 <_printf_i+0xa8>
 8001a42:	f1a7 0363 	sub.w	r3, r7, #99	@ 0x63
 8001a46:	2b15      	cmp	r3, #21
 8001a48:	d8f6      	bhi.n	8001a38 <_printf_i+0x28>
 8001a4a:	a101      	add	r1, pc, #4	@ (adr r1, 8001a50 <_printf_i+0x40>)
 8001a4c:	f851 f023 	ldr.w	pc, [r1, r3, lsl #2]
 8001a50:	08001aa9 	.word	0x08001aa9
 8001a54:	08001abd 	.word	0x08001abd
 8001a58:	08001a39 	.word	0x08001a39
 8001a5c:	08001a39 	.word	0x08001a39
 8001a60:	08001a39 	.word	0x08001a39
 8001a64:	08001a39 	.word	0x08001a39
 8001a68:	08001abd 	.word	0x08001abd
 8001a6c:	08001a39 	.word	0x08001a39
 8001a70:	08001a39 	.word	0x08001a39
 8001a74:	08001a39 	.word	0x08001a39
 8001a78:	08001a39 	.word	0x08001a39
 8001a7c:	08001bbd 	.word	0x08001bbd
 8001a80:	08001ae7 	.word	0x08001ae7
 8001a84:	08001b73 	.word	0x08001b73
 8001a88:	08001a39 	.word	0x08001a39
 8001a8c:	08001a39 	.word	0x08001a39
 8001a90:	08001bdf 	.word	0x08001bdf
 8001a94:	08001a39 	.word	0x08001a39
 8001a98:	08001ae7 	.word	0x08001ae7
 8001a9c:	08001a39 	.word	0x08001a39
 8001aa0:	08001a39 	.word	0x08001a39
 8001aa4:	08001b7b 	.word	0x08001b7b
 8001aa8:	6833      	ldr	r3, [r6, #0]
 8001aaa:	1d1a      	adds	r2, r3, #4
 8001aac:	681b      	ldr	r3, [r3, #0]
 8001aae:	6032      	str	r2, [r6, #0]
 8001ab0:	f104 0642 	add.w	r6, r4, #66	@ 0x42
 8001ab4:	f884 3042 	strb.w	r3, [r4, #66]	@ 0x42
 8001ab8:	2301      	movs	r3, #1
 8001aba:	e09d      	b.n	8001bf8 <_printf_i+0x1e8>
 8001abc:	6833      	ldr	r3, [r6, #0]
 8001abe:	6820      	ldr	r0, [r4, #0]
 8001ac0:	1d19      	adds	r1, r3, #4
 8001ac2:	6031      	str	r1, [r6, #0]
 8001ac4:	0606      	lsls	r6, r0, #24
 8001ac6:	d501      	bpl.n	8001acc <_printf_i+0xbc>
 8001ac8:	681d      	ldr	r5, [r3, #0]
 8001aca:	e003      	b.n	8001ad4 <_printf_i+0xc4>
 8001acc:	0645      	lsls	r5, r0, #25
 8001ace:	d5fb      	bpl.n	8001ac8 <_printf_i+0xb8>
 8001ad0:	f9b3 5000 	ldrsh.w	r5, [r3]
 8001ad4:	2d00      	cmp	r5, #0
 8001ad6:	da03      	bge.n	8001ae0 <_printf_i+0xd0>
 8001ad8:	232d      	movs	r3, #45	@ 0x2d
 8001ada:	426d      	negs	r5, r5
 8001adc:	f884 3043 	strb.w	r3, [r4, #67]	@ 0x43
 8001ae0:	230a      	movs	r3, #10
 8001ae2:	4859      	ldr	r0, [pc, #356]	@ (8001c48 <_printf_i+0x238>)
 8001ae4:	e010      	b.n	8001b08 <_printf_i+0xf8>
 8001ae6:	6821      	ldr	r1, [r4, #0]
 8001ae8:	6833      	ldr	r3, [r6, #0]
 8001aea:	0608      	lsls	r0, r1, #24
 8001aec:	f853 5b04 	ldr.w	r5, [r3], #4
 8001af0:	d402      	bmi.n	8001af8 <_printf_i+0xe8>
 8001af2:	0649      	lsls	r1, r1, #25
 8001af4:	bf48      	it	mi
 8001af6:	b2ad      	uxthmi	r5, r5
 8001af8:	2f6f      	cmp	r7, #111	@ 0x6f
 8001afa:	4853      	ldr	r0, [pc, #332]	@ (8001c48 <_printf_i+0x238>)
 8001afc:	6033      	str	r3, [r6, #0]
 8001afe:	d159      	bne.n	8001bb4 <_printf_i+0x1a4>
 8001b00:	2308      	movs	r3, #8
 8001b02:	2100      	movs	r1, #0
 8001b04:	f884 1043 	strb.w	r1, [r4, #67]	@ 0x43
 8001b08:	6866      	ldr	r6, [r4, #4]
 8001b0a:	2e00      	cmp	r6, #0
 8001b0c:	60a6      	str	r6, [r4, #8]
 8001b0e:	db05      	blt.n	8001b1c <_printf_i+0x10c>
 8001b10:	6821      	ldr	r1, [r4, #0]
 8001b12:	432e      	orrs	r6, r5
 8001b14:	f021 0104 	bic.w	r1, r1, #4
 8001b18:	6021      	str	r1, [r4, #0]
 8001b1a:	d04d      	beq.n	8001bb8 <_printf_i+0x1a8>
 8001b1c:	4616      	mov	r6, r2
 8001b1e:	fbb5 f1f3 	udiv	r1, r5, r3
 8001b22:	fb03 5711 	mls	r7, r3, r1, r5
 8001b26:	5dc7      	ldrb	r7, [r0, r7]
 8001b28:	f806 7d01 	strb.w	r7, [r6, #-1]!
 8001b2c:	462f      	mov	r7, r5
 8001b2e:	42bb      	cmp	r3, r7
 8001b30:	460d      	mov	r5, r1
 8001b32:	d9f4      	bls.n	8001b1e <_printf_i+0x10e>
 8001b34:	2b08      	cmp	r3, #8
 8001b36:	d10b      	bne.n	8001b50 <_printf_i+0x140>
 8001b38:	6823      	ldr	r3, [r4, #0]
 8001b3a:	07df      	lsls	r7, r3, #31
 8001b3c:	d508      	bpl.n	8001b50 <_printf_i+0x140>
 8001b3e:	6923      	ldr	r3, [r4, #16]
 8001b40:	6861      	ldr	r1, [r4, #4]
 8001b42:	4299      	cmp	r1, r3
 8001b44:	bfde      	ittt	le
 8001b46:	2330      	movle	r3, #48	@ 0x30
 8001b48:	f806 3c01 	strble.w	r3, [r6, #-1]
 8001b4c:	f106 36ff 	addle.w	r6, r6, #4294967295	@ 0xffffffff
 8001b50:	1b92      	subs	r2, r2, r6
 8001b52:	6122      	str	r2, [r4, #16]
 8001b54:	464b      	mov	r3, r9
 8001b56:	4621      	mov	r1, r4
 8001b58:	4640      	mov	r0, r8
 8001b5a:	f8cd a000 	str.w	sl, [sp]
 8001b5e:	aa03      	add	r2, sp, #12
 8001b60:	f7ff fee4 	bl	800192c <_printf_common>
 8001b64:	3001      	adds	r0, #1
 8001b66:	d14c      	bne.n	8001c02 <_printf_i+0x1f2>
 8001b68:	f04f 30ff 	mov.w	r0, #4294967295	@ 0xffffffff
 8001b6c:	b004      	add	sp, #16
 8001b6e:	e8bd 87f0 	ldmia.w	sp!, {r4, r5, r6, r7, r8, r9, sl, pc}
 8001b72:	6823      	ldr	r3, [r4, #0]
 8001b74:	f043 0320 	orr.w	r3, r3, #32
 8001b78:	6023      	str	r3, [r4, #0]
 8001b7a:	2778      	movs	r7, #120	@ 0x78
 8001b7c:	4833      	ldr	r0, [pc, #204]	@ (8001c4c <_printf_i+0x23c>)
 8001b7e:	f884 7045 	strb.w	r7, [r4, #69]	@ 0x45
 8001b82:	6823      	ldr	r3, [r4, #0]
 8001b84:	6831      	ldr	r1, [r6, #0]
 8001b86:	061f      	lsls	r7, r3, #24
 8001b88:	f851 5b04 	ldr.w	r5, [r1], #4
 8001b8c:	d402      	bmi.n	8001b94 <_printf_i+0x184>
 8001b8e:	065f      	lsls	r7, r3, #25
 8001b90:	bf48      	it	mi
 8001b92:	b2ad      	uxthmi	r5, r5
 8001b94:	6031      	str	r1, [r6, #0]
 8001b96:	07d9      	lsls	r1, r3, #31
 8001b98:	bf44      	itt	mi
 8001b9a:	f043 0320 	orrmi.w	r3, r3, #32
 8001b9e:	6023      	strmi	r3, [r4, #0]
 8001ba0:	b11d      	cbz	r5, 8001baa <_printf_i+0x19a>
 8001ba2:	2310      	movs	r3, #16
 8001ba4:	e7ad      	b.n	8001b02 <_printf_i+0xf2>
 8001ba6:	4828      	ldr	r0, [pc, #160]	@ (8001c48 <_printf_i+0x238>)
 8001ba8:	e7e9      	b.n	8001b7e <_printf_i+0x16e>
 8001baa:	6823      	ldr	r3, [r4, #0]
 8001bac:	f023 0320 	bic.w	r3, r3, #32
 8001bb0:	6023      	str	r3, [r4, #0]
 8001bb2:	e7f6      	b.n	8001ba2 <_printf_i+0x192>
 8001bb4:	230a      	movs	r3, #10
 8001bb6:	e7a4      	b.n	8001b02 <_printf_i+0xf2>
 8001bb8:	4616      	mov	r6, r2
 8001bba:	e7bb      	b.n	8001b34 <_printf_i+0x124>
 8001bbc:	6833      	ldr	r3, [r6, #0]
 8001bbe:	6825      	ldr	r5, [r4, #0]
 8001bc0:	1d18      	adds	r0, r3, #4
 8001bc2:	6961      	ldr	r1, [r4, #20]
 8001bc4:	6030      	str	r0, [r6, #0]
 8001bc6:	062e      	lsls	r6, r5, #24
 8001bc8:	681b      	ldr	r3, [r3, #0]
 8001bca:	d501      	bpl.n	8001bd0 <_printf_i+0x1c0>
 8001bcc:	6019      	str	r1, [r3, #0]
 8001bce:	e002      	b.n	8001bd6 <_printf_i+0x1c6>
 8001bd0:	0668      	lsls	r0, r5, #25
 8001bd2:	d5fb      	bpl.n	8001bcc <_printf_i+0x1bc>
 8001bd4:	8019      	strh	r1, [r3, #0]
 8001bd6:	2300      	movs	r3, #0
 8001bd8:	4616      	mov	r6, r2
 8001bda:	6123      	str	r3, [r4, #16]
 8001bdc:	e7ba      	b.n	8001b54 <_printf_i+0x144>
 8001bde:	6833      	ldr	r3, [r6, #0]
 8001be0:	2100      	movs	r1, #0
 8001be2:	1d1a      	adds	r2, r3, #4
 8001be4:	6032      	str	r2, [r6, #0]
 8001be6:	681e      	ldr	r6, [r3, #0]
 8001be8:	6862      	ldr	r2, [r4, #4]
 8001bea:	4630      	mov	r0, r6
 8001bec:	f000 f978 	bl	8001ee0 <memchr>
 8001bf0:	b108      	cbz	r0, 8001bf6 <_printf_i+0x1e6>
 8001bf2:	1b80      	subs	r0, r0, r6
 8001bf4:	6060      	str	r0, [r4, #4]
 8001bf6:	6863      	ldr	r3, [r4, #4]
 8001bf8:	6123      	str	r3, [r4, #16]
 8001bfa:	2300      	movs	r3, #0
 8001bfc:	f884 3043 	strb.w	r3, [r4, #67]	@ 0x43
 8001c00:	e7a8      	b.n	8001b54 <_printf_i+0x144>
 8001c02:	4632      	mov	r2, r6
 8001c04:	4649      	mov	r1, r9
 8001c06:	4640      	mov	r0, r8
 8001c08:	6923      	ldr	r3, [r4, #16]
 8001c0a:	47d0      	blx	sl
 8001c0c:	3001      	adds	r0, #1
 8001c0e:	d0ab      	beq.n	8001b68 <_printf_i+0x158>
 8001c10:	6823      	ldr	r3, [r4, #0]
 8001c12:	079b      	lsls	r3, r3, #30
 8001c14:	d413      	bmi.n	8001c3e <_printf_i+0x22e>
 8001c16:	68e0      	ldr	r0, [r4, #12]
 8001c18:	9b03      	ldr	r3, [sp, #12]
 8001c1a:	4298      	cmp	r0, r3
 8001c1c:	bfb8      	it	lt
 8001c1e:	4618      	movlt	r0, r3
 8001c20:	e7a4      	b.n	8001b6c <_printf_i+0x15c>
 8001c22:	2301      	movs	r3, #1
 8001c24:	4632      	mov	r2, r6
 8001c26:	4649      	mov	r1, r9
 8001c28:	4640      	mov	r0, r8
 8001c2a:	47d0      	blx	sl
 8001c2c:	3001      	adds	r0, #1
 8001c2e:	d09b      	beq.n	8001b68 <_printf_i+0x158>
 8001c30:	3501      	adds	r5, #1
 8001c32:	68e3      	ldr	r3, [r4, #12]
 8001c34:	9903      	ldr	r1, [sp, #12]
 8001c36:	1a5b      	subs	r3, r3, r1
 8001c38:	42ab      	cmp	r3, r5
 8001c3a:	dcf2      	bgt.n	8001c22 <_printf_i+0x212>
 8001c3c:	e7eb      	b.n	8001c16 <_printf_i+0x206>
 8001c3e:	2500      	movs	r5, #0
 8001c40:	f104 0619 	add.w	r6, r4, #25
 8001c44:	e7f5      	b.n	8001c32 <_printf_i+0x222>
 8001c46:	bf00      	nop
 8001c48:	08002061 	.word	0x08002061
 8001c4c:	08002072 	.word	0x08002072

08001c50 <__sflush_r>:
 8001c50:	f9b1 200c 	ldrsh.w	r2, [r1, #12]
 8001c54:	b5f8      	push	{r3, r4, r5, r6, r7, lr}
 8001c56:	0716      	lsls	r6, r2, #28
 8001c58:	4605      	mov	r5, r0
 8001c5a:	460c      	mov	r4, r1
 8001c5c:	d451      	bmi.n	8001d02 <__sflush_r+0xb2>
 8001c5e:	684b      	ldr	r3, [r1, #4]
 8001c60:	2b00      	cmp	r3, #0
 8001c62:	dc02      	bgt.n	8001c6a <__sflush_r+0x1a>
 8001c64:	6c0b      	ldr	r3, [r1, #64]	@ 0x40
 8001c66:	2b00      	cmp	r3, #0
 8001c68:	dd49      	ble.n	8001cfe <__sflush_r+0xae>
 8001c6a:	6ae6      	ldr	r6, [r4, #44]	@ 0x2c
 8001c6c:	2e00      	cmp	r6, #0
 8001c6e:	d046      	beq.n	8001cfe <__sflush_r+0xae>
 8001c70:	2300      	movs	r3, #0
 8001c72:	f412 5280 	ands.w	r2, r2, #4096	@ 0x1000
 8001c76:	682f      	ldr	r7, [r5, #0]
 8001c78:	602b      	str	r3, [r5, #0]
 8001c7a:	d031      	beq.n	8001ce0 <__sflush_r+0x90>
 8001c7c:	6d62      	ldr	r2, [r4, #84]	@ 0x54
 8001c7e:	89a3      	ldrh	r3, [r4, #12]
 8001c80:	0759      	lsls	r1, r3, #29
 8001c82:	d505      	bpl.n	8001c90 <__sflush_r+0x40>
 8001c84:	6863      	ldr	r3, [r4, #4]
 8001c86:	1ad2      	subs	r2, r2, r3
 8001c88:	6b63      	ldr	r3, [r4, #52]	@ 0x34
 8001c8a:	b10b      	cbz	r3, 8001c90 <__sflush_r+0x40>
 8001c8c:	6c23      	ldr	r3, [r4, #64]	@ 0x40
 8001c8e:	1ad2      	subs	r2, r2, r3
 8001c90:	2300      	movs	r3, #0
 8001c92:	4628      	mov	r0, r5
 8001c94:	6ae6      	ldr	r6, [r4, #44]	@ 0x2c
 8001c96:	6a21      	ldr	r1, [r4, #32]
 8001c98:	47b0      	blx	r6
 8001c9a:	1c42      	adds	r2, r0, #1
 8001c9c:	f9b4 300c 	ldrsh.w	r3, [r4, #12]
 8001ca0:	d106      	bne.n	8001cb0 <__sflush_r+0x60>
 8001ca2:	6829      	ldr	r1, [r5, #0]
 8001ca4:	291d      	cmp	r1, #29
 8001ca6:	d845      	bhi.n	8001d34 <__sflush_r+0xe4>
 8001ca8:	4a27      	ldr	r2, [pc, #156]	@ (8001d48 <__sflush_r+0xf8>)
 8001caa:	40ca      	lsrs	r2, r1
 8001cac:	07d6      	lsls	r6, r2, #31
 8001cae:	d541      	bpl.n	8001d34 <__sflush_r+0xe4>
 8001cb0:	2200      	movs	r2, #0
 8001cb2:	6062      	str	r2, [r4, #4]
 8001cb4:	6922      	ldr	r2, [r4, #16]
 8001cb6:	04d9      	lsls	r1, r3, #19
 8001cb8:	6022      	str	r2, [r4, #0]
 8001cba:	d504      	bpl.n	8001cc6 <__sflush_r+0x76>
 8001cbc:	1c42      	adds	r2, r0, #1
 8001cbe:	d101      	bne.n	8001cc4 <__sflush_r+0x74>
 8001cc0:	682b      	ldr	r3, [r5, #0]
 8001cc2:	b903      	cbnz	r3, 8001cc6 <__sflush_r+0x76>
 8001cc4:	6560      	str	r0, [r4, #84]	@ 0x54
 8001cc6:	6b61      	ldr	r1, [r4, #52]	@ 0x34
 8001cc8:	602f      	str	r7, [r5, #0]
 8001cca:	b1c1      	cbz	r1, 8001cfe <__sflush_r+0xae>
 8001ccc:	f104 0344 	add.w	r3, r4, #68	@ 0x44
 8001cd0:	4299      	cmp	r1, r3
 8001cd2:	d002      	beq.n	8001cda <__sflush_r+0x8a>
 8001cd4:	4628      	mov	r0, r5
 8001cd6:	f7ff fbf3 	bl	80014c0 <_free_r>
 8001cda:	2300      	movs	r3, #0
 8001cdc:	6363      	str	r3, [r4, #52]	@ 0x34
 8001cde:	e00e      	b.n	8001cfe <__sflush_r+0xae>
 8001ce0:	2301      	movs	r3, #1
 8001ce2:	4628      	mov	r0, r5
 8001ce4:	6a21      	ldr	r1, [r4, #32]
 8001ce6:	47b0      	blx	r6
 8001ce8:	4602      	mov	r2, r0
 8001cea:	1c50      	adds	r0, r2, #1
 8001cec:	d1c7      	bne.n	8001c7e <__sflush_r+0x2e>
 8001cee:	682b      	ldr	r3, [r5, #0]
 8001cf0:	2b00      	cmp	r3, #0
 8001cf2:	d0c4      	beq.n	8001c7e <__sflush_r+0x2e>
 8001cf4:	2b1d      	cmp	r3, #29
 8001cf6:	d001      	beq.n	8001cfc <__sflush_r+0xac>
 8001cf8:	2b16      	cmp	r3, #22
 8001cfa:	d119      	bne.n	8001d30 <__sflush_r+0xe0>
 8001cfc:	602f      	str	r7, [r5, #0]
 8001cfe:	2000      	movs	r0, #0
 8001d00:	e01d      	b.n	8001d3e <__sflush_r+0xee>
 8001d02:	690f      	ldr	r7, [r1, #16]
 8001d04:	2f00      	cmp	r7, #0
 8001d06:	d0fa      	beq.n	8001cfe <__sflush_r+0xae>
 8001d08:	0793      	lsls	r3, r2, #30
 8001d0a:	bf18      	it	ne
 8001d0c:	2300      	movne	r3, #0
 8001d0e:	680e      	ldr	r6, [r1, #0]
 8001d10:	bf08      	it	eq
 8001d12:	694b      	ldreq	r3, [r1, #20]
 8001d14:	1bf6      	subs	r6, r6, r7
 8001d16:	600f      	str	r7, [r1, #0]
 8001d18:	608b      	str	r3, [r1, #8]
 8001d1a:	2e00      	cmp	r6, #0
 8001d1c:	ddef      	ble.n	8001cfe <__sflush_r+0xae>
 8001d1e:	4633      	mov	r3, r6
 8001d20:	463a      	mov	r2, r7
 8001d22:	4628      	mov	r0, r5
 8001d24:	6a21      	ldr	r1, [r4, #32]
 8001d26:	f8d4 c028 	ldr.w	ip, [r4, #40]	@ 0x28
 8001d2a:	47e0      	blx	ip
 8001d2c:	2800      	cmp	r0, #0
 8001d2e:	dc07      	bgt.n	8001d40 <__sflush_r+0xf0>
 8001d30:	f9b4 300c 	ldrsh.w	r3, [r4, #12]
 8001d34:	f04f 30ff 	mov.w	r0, #4294967295	@ 0xffffffff
 8001d38:	f043 0340 	orr.w	r3, r3, #64	@ 0x40
 8001d3c:	81a3      	strh	r3, [r4, #12]
 8001d3e:	bdf8      	pop	{r3, r4, r5, r6, r7, pc}
 8001d40:	4407      	add	r7, r0
 8001d42:	1a36      	subs	r6, r6, r0
 8001d44:	e7e9      	b.n	8001d1a <__sflush_r+0xca>
 8001d46:	bf00      	nop
 8001d48:	20400001 	.word	0x20400001

08001d4c <_fflush_r>:
 8001d4c:	b538      	push	{r3, r4, r5, lr}
 8001d4e:	690b      	ldr	r3, [r1, #16]
 8001d50:	4605      	mov	r5, r0
 8001d52:	460c      	mov	r4, r1
 8001d54:	b913      	cbnz	r3, 8001d5c <_fflush_r+0x10>
 8001d56:	2500      	movs	r5, #0
 8001d58:	4628      	mov	r0, r5
 8001d5a:	bd38      	pop	{r3, r4, r5, pc}
 8001d5c:	b118      	cbz	r0, 8001d66 <_fflush_r+0x1a>
 8001d5e:	6a03      	ldr	r3, [r0, #32]
 8001d60:	b90b      	cbnz	r3, 8001d66 <_fflush_r+0x1a>
 8001d62:	f7ff faa5 	bl	80012b0 <__sinit>
 8001d66:	f9b4 300c 	ldrsh.w	r3, [r4, #12]
 8001d6a:	2b00      	cmp	r3, #0
 8001d6c:	d0f3      	beq.n	8001d56 <_fflush_r+0xa>
 8001d6e:	6e62      	ldr	r2, [r4, #100]	@ 0x64
 8001d70:	07d0      	lsls	r0, r2, #31
 8001d72:	d404      	bmi.n	8001d7e <_fflush_r+0x32>
 8001d74:	0599      	lsls	r1, r3, #22
 8001d76:	d402      	bmi.n	8001d7e <_fflush_r+0x32>
 8001d78:	6da0      	ldr	r0, [r4, #88]	@ 0x58
 8001d7a:	f7ff fb9e 	bl	80014ba <__retarget_lock_acquire_recursive>
 8001d7e:	4628      	mov	r0, r5
 8001d80:	4621      	mov	r1, r4
 8001d82:	f7ff ff65 	bl	8001c50 <__sflush_r>
 8001d86:	6e63      	ldr	r3, [r4, #100]	@ 0x64
 8001d88:	4605      	mov	r5, r0
 8001d8a:	07da      	lsls	r2, r3, #31
 8001d8c:	d4e4      	bmi.n	8001d58 <_fflush_r+0xc>
 8001d8e:	89a3      	ldrh	r3, [r4, #12]
 8001d90:	059b      	lsls	r3, r3, #22
 8001d92:	d4e1      	bmi.n	8001d58 <_fflush_r+0xc>
 8001d94:	6da0      	ldr	r0, [r4, #88]	@ 0x58
 8001d96:	f7ff fb91 	bl	80014bc <__retarget_lock_release_recursive>
 8001d9a:	e7dd      	b.n	8001d58 <_fflush_r+0xc>

08001d9c <__swbuf_r>:
 8001d9c:	b5f8      	push	{r3, r4, r5, r6, r7, lr}
 8001d9e:	460e      	mov	r6, r1
 8001da0:	4614      	mov	r4, r2
 8001da2:	4605      	mov	r5, r0
 8001da4:	b118      	cbz	r0, 8001dae <__swbuf_r+0x12>
 8001da6:	6a03      	ldr	r3, [r0, #32]
 8001da8:	b90b      	cbnz	r3, 8001dae <__swbuf_r+0x12>
 8001daa:	f7ff fa81 	bl	80012b0 <__sinit>
 8001dae:	69a3      	ldr	r3, [r4, #24]
 8001db0:	60a3      	str	r3, [r4, #8]
 8001db2:	89a3      	ldrh	r3, [r4, #12]
 8001db4:	071a      	lsls	r2, r3, #28
 8001db6:	d501      	bpl.n	8001dbc <__swbuf_r+0x20>
 8001db8:	6923      	ldr	r3, [r4, #16]
 8001dba:	b943      	cbnz	r3, 8001dce <__swbuf_r+0x32>
 8001dbc:	4621      	mov	r1, r4
 8001dbe:	4628      	mov	r0, r5
 8001dc0:	f000 f82a 	bl	8001e18 <__swsetup_r>
 8001dc4:	b118      	cbz	r0, 8001dce <__swbuf_r+0x32>
 8001dc6:	f04f 37ff 	mov.w	r7, #4294967295	@ 0xffffffff
 8001dca:	4638      	mov	r0, r7
 8001dcc:	bdf8      	pop	{r3, r4, r5, r6, r7, pc}
 8001dce:	6823      	ldr	r3, [r4, #0]
 8001dd0:	6922      	ldr	r2, [r4, #16]
 8001dd2:	b2f6      	uxtb	r6, r6
 8001dd4:	1a98      	subs	r0, r3, r2
 8001dd6:	6963      	ldr	r3, [r4, #20]
 8001dd8:	4637      	mov	r7, r6
 8001dda:	4283      	cmp	r3, r0
 8001ddc:	dc05      	bgt.n	8001dea <__swbuf_r+0x4e>
 8001dde:	4621      	mov	r1, r4
 8001de0:	4628      	mov	r0, r5
 8001de2:	f7ff ffb3 	bl	8001d4c <_fflush_r>
 8001de6:	2800      	cmp	r0, #0
 8001de8:	d1ed      	bne.n	8001dc6 <__swbuf_r+0x2a>
 8001dea:	68a3      	ldr	r3, [r4, #8]
 8001dec:	3b01      	subs	r3, #1
 8001dee:	60a3      	str	r3, [r4, #8]
 8001df0:	6823      	ldr	r3, [r4, #0]
 8001df2:	1c5a      	adds	r2, r3, #1
 8001df4:	6022      	str	r2, [r4, #0]
 8001df6:	701e      	strb	r6, [r3, #0]
 8001df8:	6962      	ldr	r2, [r4, #20]
 8001dfa:	1c43      	adds	r3, r0, #1
 8001dfc:	429a      	cmp	r2, r3
 8001dfe:	d004      	beq.n	8001e0a <__swbuf_r+0x6e>
 8001e00:	89a3      	ldrh	r3, [r4, #12]
 8001e02:	07db      	lsls	r3, r3, #31
 8001e04:	d5e1      	bpl.n	8001dca <__swbuf_r+0x2e>
 8001e06:	2e0a      	cmp	r6, #10
 8001e08:	d1df      	bne.n	8001dca <__swbuf_r+0x2e>
 8001e0a:	4621      	mov	r1, r4
 8001e0c:	4628      	mov	r0, r5
 8001e0e:	f7ff ff9d 	bl	8001d4c <_fflush_r>
 8001e12:	2800      	cmp	r0, #0
 8001e14:	d0d9      	beq.n	8001dca <__swbuf_r+0x2e>
 8001e16:	e7d6      	b.n	8001dc6 <__swbuf_r+0x2a>

08001e18 <__swsetup_r>:
 8001e18:	b538      	push	{r3, r4, r5, lr}
 8001e1a:	4b28      	ldr	r3, [pc, #160]	@ (8001ebc <__swsetup_r+0xa4>)
 8001e1c:	4605      	mov	r5, r0
 8001e1e:	6818      	ldr	r0, [r3, #0]
 8001e20:	460c      	mov	r4, r1
 8001e22:	b118      	cbz	r0, 8001e2c <__swsetup_r+0x14>
 8001e24:	6a03      	ldr	r3, [r0, #32]
 8001e26:	b90b      	cbnz	r3, 8001e2c <__swsetup_r+0x14>
 8001e28:	f7ff fa42 	bl	80012b0 <__sinit>
 8001e2c:	f9b4 300c 	ldrsh.w	r3, [r4, #12]
 8001e30:	0719      	lsls	r1, r3, #28
 8001e32:	d421      	bmi.n	8001e78 <__swsetup_r+0x60>
 8001e34:	06da      	lsls	r2, r3, #27
 8001e36:	d407      	bmi.n	8001e48 <__swsetup_r+0x30>
 8001e38:	2209      	movs	r2, #9
 8001e3a:	602a      	str	r2, [r5, #0]
 8001e3c:	f043 0340 	orr.w	r3, r3, #64	@ 0x40
 8001e40:	f04f 30ff 	mov.w	r0, #4294967295	@ 0xffffffff
 8001e44:	81a3      	strh	r3, [r4, #12]
 8001e46:	e031      	b.n	8001eac <__swsetup_r+0x94>
 8001e48:	0758      	lsls	r0, r3, #29
 8001e4a:	d512      	bpl.n	8001e72 <__swsetup_r+0x5a>
 8001e4c:	6b61      	ldr	r1, [r4, #52]	@ 0x34
 8001e4e:	b141      	cbz	r1, 8001e62 <__swsetup_r+0x4a>
 8001e50:	f104 0344 	add.w	r3, r4, #68	@ 0x44
 8001e54:	4299      	cmp	r1, r3
 8001e56:	d002      	beq.n	8001e5e <__swsetup_r+0x46>
 8001e58:	4628      	mov	r0, r5
 8001e5a:	f7ff fb31 	bl	80014c0 <_free_r>
 8001e5e:	2300      	movs	r3, #0
 8001e60:	6363      	str	r3, [r4, #52]	@ 0x34
 8001e62:	2200      	movs	r2, #0
 8001e64:	f9b4 300c 	ldrsh.w	r3, [r4, #12]
 8001e68:	6062      	str	r2, [r4, #4]
 8001e6a:	6922      	ldr	r2, [r4, #16]
 8001e6c:	f023 0324 	bic.w	r3, r3, #36	@ 0x24
 8001e70:	6022      	str	r2, [r4, #0]
 8001e72:	f043 0308 	orr.w	r3, r3, #8
 8001e76:	81a3      	strh	r3, [r4, #12]
 8001e78:	6922      	ldr	r2, [r4, #16]
 8001e7a:	b942      	cbnz	r2, 8001e8e <__swsetup_r+0x76>
 8001e7c:	f403 7320 	and.w	r3, r3, #640	@ 0x280
 8001e80:	f5b3 7f00 	cmp.w	r3, #512	@ 0x200
 8001e84:	d003      	beq.n	8001e8e <__swsetup_r+0x76>
 8001e86:	4621      	mov	r1, r4
 8001e88:	4628      	mov	r0, r5
 8001e8a:	f000 f85b 	bl	8001f44 <__smakebuf_r>
 8001e8e:	f9b4 300c 	ldrsh.w	r3, [r4, #12]
 8001e92:	f013 0201 	ands.w	r2, r3, #1
 8001e96:	d00a      	beq.n	8001eae <__swsetup_r+0x96>
 8001e98:	2200      	movs	r2, #0
 8001e9a:	60a2      	str	r2, [r4, #8]
 8001e9c:	6962      	ldr	r2, [r4, #20]
 8001e9e:	4252      	negs	r2, r2
 8001ea0:	61a2      	str	r2, [r4, #24]
 8001ea2:	6922      	ldr	r2, [r4, #16]
 8001ea4:	b942      	cbnz	r2, 8001eb8 <__swsetup_r+0xa0>
 8001ea6:	f013 0080 	ands.w	r0, r3, #128	@ 0x80
 8001eaa:	d1c7      	bne.n	8001e3c <__swsetup_r+0x24>
 8001eac:	bd38      	pop	{r3, r4, r5, pc}
 8001eae:	0799      	lsls	r1, r3, #30
 8001eb0:	bf58      	it	pl
 8001eb2:	6962      	ldrpl	r2, [r4, #20]
 8001eb4:	60a2      	str	r2, [r4, #8]
 8001eb6:	e7f4      	b.n	8001ea2 <__swsetup_r+0x8a>
 8001eb8:	2000      	movs	r0, #0
 8001eba:	e7f7      	b.n	8001eac <__swsetup_r+0x94>
 8001ebc:	20000018 	.word	0x20000018

08001ec0 <_sbrk_r>:
 8001ec0:	b538      	push	{r3, r4, r5, lr}
 8001ec2:	2300      	movs	r3, #0
 8001ec4:	4d05      	ldr	r5, [pc, #20]	@ (8001edc <_sbrk_r+0x1c>)
 8001ec6:	4604      	mov	r4, r0
 8001ec8:	4608      	mov	r0, r1
 8001eca:	602b      	str	r3, [r5, #0]
 8001ecc:	f7ff f916 	bl	80010fc <_sbrk>
 8001ed0:	1c43      	adds	r3, r0, #1
 8001ed2:	d102      	bne.n	8001eda <_sbrk_r+0x1a>
 8001ed4:	682b      	ldr	r3, [r5, #0]
 8001ed6:	b103      	cbz	r3, 8001eda <_sbrk_r+0x1a>
 8001ed8:	6023      	str	r3, [r4, #0]
 8001eda:	bd38      	pop	{r3, r4, r5, pc}
 8001edc:	20000210 	.word	0x20000210

08001ee0 <memchr>:
 8001ee0:	4603      	mov	r3, r0
 8001ee2:	b510      	push	{r4, lr}
 8001ee4:	b2c9      	uxtb	r1, r1
 8001ee6:	4402      	add	r2, r0
 8001ee8:	4293      	cmp	r3, r2
 8001eea:	4618      	mov	r0, r3
 8001eec:	d101      	bne.n	8001ef2 <memchr+0x12>
 8001eee:	2000      	movs	r0, #0
 8001ef0:	e003      	b.n	8001efa <memchr+0x1a>
 8001ef2:	7804      	ldrb	r4, [r0, #0]
 8001ef4:	3301      	adds	r3, #1
 8001ef6:	428c      	cmp	r4, r1
 8001ef8:	d1f6      	bne.n	8001ee8 <memchr+0x8>
 8001efa:	bd10      	pop	{r4, pc}

08001efc <__swhatbuf_r>:
 8001efc:	b570      	push	{r4, r5, r6, lr}
 8001efe:	460c      	mov	r4, r1
 8001f00:	f9b1 100e 	ldrsh.w	r1, [r1, #14]
 8001f04:	4615      	mov	r5, r2
 8001f06:	2900      	cmp	r1, #0
 8001f08:	461e      	mov	r6, r3
 8001f0a:	b096      	sub	sp, #88	@ 0x58
 8001f0c:	da0a      	bge.n	8001f24 <__swhatbuf_r+0x28>
 8001f0e:	89a1      	ldrh	r1, [r4, #12]
 8001f10:	f011 0180 	ands.w	r1, r1, #128	@ 0x80
 8001f14:	d113      	bne.n	8001f3e <__swhatbuf_r+0x42>
 8001f16:	f44f 6280 	mov.w	r2, #1024	@ 0x400
 8001f1a:	2000      	movs	r0, #0
 8001f1c:	6031      	str	r1, [r6, #0]
 8001f1e:	602a      	str	r2, [r5, #0]
 8001f20:	b016      	add	sp, #88	@ 0x58
 8001f22:	bd70      	pop	{r4, r5, r6, pc}
 8001f24:	466a      	mov	r2, sp
 8001f26:	f000 f847 	bl	8001fb8 <_fstat_r>
 8001f2a:	2800      	cmp	r0, #0
 8001f2c:	dbef      	blt.n	8001f0e <__swhatbuf_r+0x12>
 8001f2e:	9901      	ldr	r1, [sp, #4]
 8001f30:	f401 4170 	and.w	r1, r1, #61440	@ 0xf000
 8001f34:	f5a1 5300 	sub.w	r3, r1, #8192	@ 0x2000
 8001f38:	4259      	negs	r1, r3
 8001f3a:	4159      	adcs	r1, r3
 8001f3c:	e7eb      	b.n	8001f16 <__swhatbuf_r+0x1a>
 8001f3e:	2100      	movs	r1, #0
 8001f40:	2240      	movs	r2, #64	@ 0x40
 8001f42:	e7ea      	b.n	8001f1a <__swhatbuf_r+0x1e>

08001f44 <__smakebuf_r>:
 8001f44:	898b      	ldrh	r3, [r1, #12]
 8001f46:	b573      	push	{r0, r1, r4, r5, r6, lr}
 8001f48:	079e      	lsls	r6, r3, #30
 8001f4a:	4605      	mov	r5, r0
 8001f4c:	460c      	mov	r4, r1
 8001f4e:	d507      	bpl.n	8001f60 <__smakebuf_r+0x1c>
 8001f50:	f104 0347 	add.w	r3, r4, #71	@ 0x47
 8001f54:	6023      	str	r3, [r4, #0]
 8001f56:	6123      	str	r3, [r4, #16]
 8001f58:	2301      	movs	r3, #1
 8001f5a:	6163      	str	r3, [r4, #20]
 8001f5c:	b002      	add	sp, #8
 8001f5e:	bd70      	pop	{r4, r5, r6, pc}
 8001f60:	ab01      	add	r3, sp, #4
 8001f62:	466a      	mov	r2, sp
 8001f64:	f7ff ffca 	bl	8001efc <__swhatbuf_r>
 8001f68:	9e00      	ldr	r6, [sp, #0]
 8001f6a:	4628      	mov	r0, r5
 8001f6c:	4631      	mov	r1, r6
 8001f6e:	f7ff fb11 	bl	8001594 <_malloc_r>
 8001f72:	f9b4 300c 	ldrsh.w	r3, [r4, #12]
 8001f76:	b938      	cbnz	r0, 8001f88 <__smakebuf_r+0x44>
 8001f78:	059a      	lsls	r2, r3, #22
 8001f7a:	d4ef      	bmi.n	8001f5c <__smakebuf_r+0x18>
 8001f7c:	f023 0303 	bic.w	r3, r3, #3
 8001f80:	f043 0302 	orr.w	r3, r3, #2
 8001f84:	81a3      	strh	r3, [r4, #12]
 8001f86:	e7e3      	b.n	8001f50 <__smakebuf_r+0xc>
 8001f88:	f043 0380 	orr.w	r3, r3, #128	@ 0x80
 8001f8c:	81a3      	strh	r3, [r4, #12]
 8001f8e:	9b01      	ldr	r3, [sp, #4]
 8001f90:	e9c4 0604 	strd	r0, r6, [r4, #16]
 8001f94:	6020      	str	r0, [r4, #0]
 8001f96:	2b00      	cmp	r3, #0
 8001f98:	d0e0      	beq.n	8001f5c <__smakebuf_r+0x18>
 8001f9a:	4628      	mov	r0, r5
 8001f9c:	f9b4 100e 	ldrsh.w	r1, [r4, #14]
 8001fa0:	f000 f81c 	bl	8001fdc <_isatty_r>
 8001fa4:	2800      	cmp	r0, #0
 8001fa6:	d0d9      	beq.n	8001f5c <__smakebuf_r+0x18>
 8001fa8:	89a3      	ldrh	r3, [r4, #12]
 8001faa:	f023 0303 	bic.w	r3, r3, #3
 8001fae:	f043 0301 	orr.w	r3, r3, #1
 8001fb2:	81a3      	strh	r3, [r4, #12]
 8001fb4:	e7d2      	b.n	8001f5c <__smakebuf_r+0x18>
	...

08001fb8 <_fstat_r>:
 8001fb8:	b538      	push	{r3, r4, r5, lr}
 8001fba:	2300      	movs	r3, #0
 8001fbc:	4d06      	ldr	r5, [pc, #24]	@ (8001fd8 <_fstat_r+0x20>)
 8001fbe:	4604      	mov	r4, r0
 8001fc0:	4608      	mov	r0, r1
 8001fc2:	4611      	mov	r1, r2
 8001fc4:	602b      	str	r3, [r5, #0]
 8001fc6:	f7ff f88f 	bl	80010e8 <_fstat>
 8001fca:	1c43      	adds	r3, r0, #1
 8001fcc:	d102      	bne.n	8001fd4 <_fstat_r+0x1c>
 8001fce:	682b      	ldr	r3, [r5, #0]
 8001fd0:	b103      	cbz	r3, 8001fd4 <_fstat_r+0x1c>
 8001fd2:	6023      	str	r3, [r4, #0]
 8001fd4:	bd38      	pop	{r3, r4, r5, pc}
 8001fd6:	bf00      	nop
 8001fd8:	20000210 	.word	0x20000210

08001fdc <_isatty_r>:
 8001fdc:	b538      	push	{r3, r4, r5, lr}
 8001fde:	2300      	movs	r3, #0
 8001fe0:	4d05      	ldr	r5, [pc, #20]	@ (8001ff8 <_isatty_r+0x1c>)
 8001fe2:	4604      	mov	r4, r0
 8001fe4:	4608      	mov	r0, r1
 8001fe6:	602b      	str	r3, [r5, #0]
 8001fe8:	f7ff f883 	bl	80010f2 <_isatty>
 8001fec:	1c43      	adds	r3, r0, #1
 8001fee:	d102      	bne.n	8001ff6 <_isatty_r+0x1a>
 8001ff0:	682b      	ldr	r3, [r5, #0]
 8001ff2:	b103      	cbz	r3, 8001ff6 <_isatty_r+0x1a>
 8001ff4:	6023      	str	r3, [r4, #0]
 8001ff6:	bd38      	pop	{r3, r4, r5, pc}
 8001ff8:	20000210 	.word	0x20000210

08001ffc <_init>:
 8001ffc:	b5f8      	push	{r3, r4, r5, r6, r7, lr}
 8001ffe:	bf00      	nop
 8002000:	bcf8      	pop	{r3, r4, r5, r6, r7}
 8002002:	bc08      	pop	{r3}
 8002004:	469e      	mov	lr, r3
 8002006:	4770      	bx	lr

08002008 <_fini>:
 8002008:	b5f8      	push	{r3, r4, r5, r6, r7, lr}
 800200a:	bf00      	nop
 800200c:	bcf8      	pop	{r3, r4, r5, r6, r7}
 800200e:	bc08      	pop	{r3}
 8002010:	469e      	mov	lr, r3
 8002012:	4770      	bx	lr
