
build/debug/pwm-timer.elf:     file format elf32-littlearm

Sections:
Idx Name          Size      VMA       LMA       File off  Algn
  0 .isr_vector   0000010c  08000000  08000000  00001000  2**0
                  CONTENTS, ALLOC, LOAD, READONLY, DATA
  1 .text         00001aac  0800010c  0800010c  0000110c  2**2
                  CONTENTS, ALLOC, LOAD, READONLY, CODE
  2 .rodata       00000040  08001bb8  08001bb8  00002bb8  2**2
                  CONTENTS, ALLOC, LOAD, READONLY, DATA
  3 .init_array   00000004  08001bf8  08001bf8  00002bf8  2**2
                  CONTENTS, ALLOC, LOAD, DATA
  4 .fini_array   00000004  08001bfc  08001bfc  00002bfc  2**2
                  CONTENTS, ALLOC, LOAD, DATA
  5 .data         0000000c  20000000  08001c00  00003000  2**2
                  CONTENTS, ALLOC, LOAD, DATA
  6 .bss          00000098  2000000c  08001c0c  0000300c  2**2
                  ALLOC
  7 ._user_heap_stack 00000604  200000a4  08001c0c  000030a4  2**0
                  ALLOC
  8 .ARM.attributes 00000029  00000000  00000000  0000300c  2**0
                  CONTENTS, READONLY
  9 .comment      0000001e  00000000  00000000  00003035  2**0
                  CONTENTS, READONLY
 10 .debug_info   0000b1cd  00000000  00000000  00003053  2**0
                  CONTENTS, READONLY, DEBUGGING, OCTETS
 11 .debug_abbrev 00001b57  00000000  00000000  0000e220  2**0
                  CONTENTS, READONLY, DEBUGGING, OCTETS
 12 .debug_loclists 00006592  00000000  00000000  0000fd77  2**0
                  CONTENTS, READONLY, DEBUGGING, OCTETS
 13 .debug_aranges 00000a60  00000000  00000000  00016310  2**3
                  CONTENTS, READONLY, DEBUGGING, OCTETS
 14 .debug_rnglists 000007ea  00000000  00000000  00016d70  2**0
                  CONTENTS, READONLY, DEBUGGING, OCTETS
 15 .debug_line   00009abf  00000000  00000000  0001755a  2**0
                  CONTENTS, READONLY, DEBUGGING, OCTETS
 16 .debug_str    00003337  00000000  00000000  00021019  2**0
                  CONTENTS, READONLY, DEBUGGING, OCTETS
 17 .debug_frame  00001ab4  00000000  00000000  00024350  2**2
                  CONTENTS, READONLY, DEBUGGING, OCTETS
 18 .debug_line_str 00000044  00000000  00000000  00025e04  2**0
                  CONTENTS, READONLY, DEBUGGING, OCTETS

Disassembly of section .text:

0800010c <__do_global_dtors_aux>:
 800010c:	b510      	push	{r4, lr}
 800010e:	4c05      	ldr	r4, [pc, #20]	@ (8000124 <__do_global_dtors_aux+0x18>)
 8000110:	7823      	ldrb	r3, [r4, #0]
 8000112:	b933      	cbnz	r3, 8000122 <__do_global_dtors_aux+0x16>
 8000114:	4b04      	ldr	r3, [pc, #16]	@ (8000128 <__do_global_dtors_aux+0x1c>)
 8000116:	b113      	cbz	r3, 800011e <__do_global_dtors_aux+0x12>
 8000118:	4804      	ldr	r0, [pc, #16]	@ (800012c <__do_global_dtors_aux+0x20>)
 800011a:	f3af 8000 	nop.w
 800011e:	2301      	movs	r3, #1
 8000120:	7023      	strb	r3, [r4, #0]
 8000122:	bd10      	pop	{r4, pc}
 8000124:	2000000c 	.word	0x2000000c
 8000128:	00000000 	.word	0x00000000
 800012c:	08001ba0 	.word	0x08001ba0

08000130 <frame_dummy>:
 8000130:	b508      	push	{r3, lr}
 8000132:	4b03      	ldr	r3, [pc, #12]	@ (8000140 <frame_dummy+0x10>)
 8000134:	b11b      	cbz	r3, 800013e <frame_dummy+0xe>
 8000136:	4903      	ldr	r1, [pc, #12]	@ (8000144 <frame_dummy+0x14>)
 8000138:	4803      	ldr	r0, [pc, #12]	@ (8000148 <frame_dummy+0x18>)
 800013a:	f3af 8000 	nop.w
 800013e:	bd08      	pop	{r3, pc}
 8000140:	00000000 	.word	0x00000000
 8000144:	20000010 	.word	0x20000010
 8000148:	08001ba0 	.word	0x08001ba0

0800014c <MX_GPIO_Init>:
  * @brief GPIO Initialization Function
  * @param None
  * @retval None
  */
static void MX_GPIO_Init(void)
{
 800014c:	b570      	push	{r4, r5, r6, lr}
 800014e:	b086      	sub	sp, #24
  GPIO_InitTypeDef GPIO_InitStruct = {0};
 8000150:	ad02      	add	r5, sp, #8
 8000152:	2400      	movs	r4, #0
 8000154:	9402      	str	r4, [sp, #8]
 8000156:	9403      	str	r4, [sp, #12]
 8000158:	9404      	str	r4, [sp, #16]
 800015a:	9405      	str	r4, [sp, #20]
/* USER CODE BEGIN MX_GPIO_Init_1 */
/* USER CODE END MX_GPIO_Init_1 */

  /* GPIO Ports Clock Enable */
  __HAL_RCC_GPIOD_CLK_ENABLE();
 800015c:	4b13      	ldr	r3, [pc, #76]	@ (80001ac <MX_GPIO_Init+0x60>)
 800015e:	699a      	ldr	r2, [r3, #24]
 8000160:	f042 0220 	orr.w	r2, r2, #32
 8000164:	619a      	str	r2, [r3, #24]
 8000166:	699a      	ldr	r2, [r3, #24]
 8000168:	f002 0220 	and.w	r2, r2, #32
 800016c:	9200      	str	r2, [sp, #0]
 800016e:	9a00      	ldr	r2, [sp, #0]
  __HAL_RCC_GPIOA_CLK_ENABLE();
 8000170:	699a      	ldr	r2, [r3, #24]
 8000172:	f042 0204 	orr.w	r2, r2, #4
 8000176:	619a      	str	r2, [r3, #24]
 8000178:	699b      	ldr	r3, [r3, #24]
 800017a:	f003 0304 	and.w	r3, r3, #4
 800017e:	9301      	str	r3, [sp, #4]
 8000180:	9b01      	ldr	r3, [sp, #4]

  /*Configure GPIO pin Output Level */
  HAL_GPIO_WritePin(led_GPIO_Port, led_Pin, GPIO_PIN_RESET);
 8000182:	4e0b      	ldr	r6, [pc, #44]	@ (80001b0 <MX_GPIO_Init+0x64>)
 8000184:	4622      	mov	r2, r4
 8000186:	f44f 5180 	mov.w	r1, #4096	@ 0x1000
 800018a:	4630      	mov	r0, r6
 800018c:	f000 fda8 	bl	8000ce0 <HAL_GPIO_WritePin>

  /*Configure GPIO pin : led_Pin */
  GPIO_InitStruct.Pin = led_Pin;
 8000190:	f44f 5380 	mov.w	r3, #4096	@ 0x1000
 8000194:	9302      	str	r3, [sp, #8]
  GPIO_InitStruct.Mode = GPIO_MODE_OUTPUT_PP;
 8000196:	2301      	movs	r3, #1
 8000198:	9303      	str	r3, [sp, #12]
  GPIO_InitStruct.Pull = GPIO_NOPULL;
 800019a:	9404      	str	r4, [sp, #16]
  GPIO_InitStruct.Speed = GPIO_SPEED_FREQ_LOW;
 800019c:	2302      	movs	r3, #2
 800019e:	9305      	str	r3, [sp, #20]
  HAL_GPIO_Init(led_GPIO_Port, &GPIO_InitStruct);
 80001a0:	4629      	mov	r1, r5
 80001a2:	4630      	mov	r0, r6
 80001a4:	f000 fc92 	bl	8000acc <HAL_GPIO_Init>

/* USER CODE BEGIN MX_GPIO_Init_2 */
/* USER CODE END MX_GPIO_Init_2 */
}
 80001a8:	b006      	add	sp, #24
 80001aa:	bd70      	pop	{r4, r5, r6, pc}
 80001ac:	40021000 	.word	0x40021000
 80001b0:	40010800 	.word	0x40010800

080001b4 <Error_Handler>:
  \details Disables IRQ interrupts by setting the I-bit in the CPSR.
           Can only be executed in Privileged modes.
 */
__STATIC_FORCEINLINE void __disable_irq(void)
{
  __ASM volatile ("cpsid i" : : : "memory");
 80001b4:	b672      	cpsid	i
void Error_Handler(void)
{
  /* USER CODE BEGIN Error_Handler_Debug */
  /* User can add his own implementation to report the HAL error return state */
  __disable_irq();
  while (1)
 80001b6:	e7fe      	b.n	80001b6 <Error_Handler+0x2>

080001b8 <MX_ADC1_Init>:
{
 80001b8:	b500      	push	{lr}
 80001ba:	b085      	sub	sp, #20
  ADC_ChannelConfTypeDef sConfig = {0};
 80001bc:	2300      	movs	r3, #0
 80001be:	9301      	str	r3, [sp, #4]
 80001c0:	9302      	str	r3, [sp, #8]
 80001c2:	9303      	str	r3, [sp, #12]
  hadc1.Instance = ADC1;
 80001c4:	480f      	ldr	r0, [pc, #60]	@ (8000204 <MX_ADC1_Init+0x4c>)
 80001c6:	4a10      	ldr	r2, [pc, #64]	@ (8000208 <MX_ADC1_Init+0x50>)
 80001c8:	6002      	str	r2, [r0, #0]
  hadc1.Init.ScanConvMode = ADC_SCAN_DISABLE;
 80001ca:	6083      	str	r3, [r0, #8]
  hadc1.Init.ContinuousConvMode = ENABLE;
 80001cc:	2201      	movs	r2, #1
 80001ce:	7302      	strb	r2, [r0, #12]
  hadc1.Init.DiscontinuousConvMode = DISABLE;
 80001d0:	7503      	strb	r3, [r0, #20]
  hadc1.Init.ExternalTrigConv = ADC_SOFTWARE_START;
 80001d2:	f44f 2160 	mov.w	r1, #917504	@ 0xe0000
 80001d6:	61c1      	str	r1, [r0, #28]
  hadc1.Init.DataAlign = ADC_DATAALIGN_RIGHT;
 80001d8:	6043      	str	r3, [r0, #4]
  hadc1.Init.NbrOfConversion = 1;
 80001da:	6102      	str	r2, [r0, #16]
  if (HAL_ADC_Init(&hadc1) != HAL_OK)
 80001dc:	f000 fb88 	bl	80008f0 <HAL_ADC_Init>
 80001e0:	b960      	cbnz	r0, 80001fc <MX_ADC1_Init+0x44>
  sConfig.Channel = ADC_CHANNEL_0;
 80001e2:	2300      	movs	r3, #0
 80001e4:	9301      	str	r3, [sp, #4]
  sConfig.Rank = ADC_REGULAR_RANK_1;
 80001e6:	2201      	movs	r2, #1
 80001e8:	9202      	str	r2, [sp, #8]
  sConfig.SamplingTime = ADC_SAMPLETIME_1CYCLE_5;
 80001ea:	9303      	str	r3, [sp, #12]
  if (HAL_ADC_ConfigChannel(&hadc1, &sConfig) != HAL_OK)
 80001ec:	a901      	add	r1, sp, #4
 80001ee:	4805      	ldr	r0, [pc, #20]	@ (8000204 <MX_ADC1_Init+0x4c>)
 80001f0:	f000 f9fa 	bl	80005e8 <HAL_ADC_ConfigChannel>
 80001f4:	b920      	cbnz	r0, 8000200 <MX_ADC1_Init+0x48>
}
 80001f6:	b005      	add	sp, #20
 80001f8:	f85d fb04 	ldr.w	pc, [sp], #4
    Error_Handler();
 80001fc:	f7ff ffda 	bl	80001b4 <Error_Handler>
    Error_Handler();
 8000200:	f7ff ffd8 	bl	80001b4 <Error_Handler>
 8000204:	20000070 	.word	0x20000070
 8000208:	40012400 	.word	0x40012400

0800020c <MX_TIM1_Init>:
{
 800020c:	b510      	push	{r4, lr}
 800020e:	b092      	sub	sp, #72	@ 0x48
  TIM_MasterConfigTypeDef sMasterConfig = {0};
 8000210:	2400      	movs	r4, #0
 8000212:	9410      	str	r4, [sp, #64]	@ 0x40
 8000214:	9411      	str	r4, [sp, #68]	@ 0x44
  TIM_OC_InitTypeDef sConfigOC = {0};
 8000216:	9409      	str	r4, [sp, #36]	@ 0x24
 8000218:	940a      	str	r4, [sp, #40]	@ 0x28
 800021a:	940b      	str	r4, [sp, #44]	@ 0x2c
 800021c:	940c      	str	r4, [sp, #48]	@ 0x30
 800021e:	940d      	str	r4, [sp, #52]	@ 0x34
 8000220:	940e      	str	r4, [sp, #56]	@ 0x38
 8000222:	940f      	str	r4, [sp, #60]	@ 0x3c
  TIM_BreakDeadTimeConfigTypeDef sBreakDeadTimeConfig = {0};
 8000224:	2220      	movs	r2, #32
 8000226:	4621      	mov	r1, r4
 8000228:	a801      	add	r0, sp, #4
 800022a:	f001 fc8c 	bl	8001b46 <memset>
  htim1.Instance = TIM1;
 800022e:	4820      	ldr	r0, [pc, #128]	@ (80002b0 <MX_TIM1_Init+0xa4>)
 8000230:	4b20      	ldr	r3, [pc, #128]	@ (80002b4 <MX_TIM1_Init+0xa8>)
 8000232:	6003      	str	r3, [r0, #0]
  htim1.Init.Prescaler = 72-1;
 8000234:	2347      	movs	r3, #71	@ 0x47
 8000236:	6043      	str	r3, [r0, #4]
  htim1.Init.CounterMode = TIM_COUNTERMODE_UP;
 8000238:	6084      	str	r4, [r0, #8]
  htim1.Init.Period = 100;
 800023a:	2364      	movs	r3, #100	@ 0x64
 800023c:	60c3      	str	r3, [r0, #12]
  htim1.Init.ClockDivision = TIM_CLOCKDIVISION_DIV1;
 800023e:	6104      	str	r4, [r0, #16]
  htim1.Init.RepetitionCounter = 0;
 8000240:	6144      	str	r4, [r0, #20]
  htim1.Init.AutoReloadPreload = TIM_AUTORELOAD_PRELOAD_DISABLE;
 8000242:	6184      	str	r4, [r0, #24]
  if (HAL_TIM_PWM_Init(&htim1) != HAL_OK)
 8000244:	f001 faac 	bl	80017a0 <HAL_TIM_PWM_Init>
 8000248:	2800      	cmp	r0, #0
 800024a:	d129      	bne.n	80002a0 <MX_TIM1_Init+0x94>
  sMasterConfig.MasterOutputTrigger = TIM_TRGO_RESET;
 800024c:	2300      	movs	r3, #0
 800024e:	9310      	str	r3, [sp, #64]	@ 0x40
  sMasterConfig.MasterSlaveMode = TIM_MASTERSLAVEMODE_DISABLE;
 8000250:	9311      	str	r3, [sp, #68]	@ 0x44
  if (HAL_TIMEx_MasterConfigSynchronization(&htim1, &sMasterConfig) != HAL_OK)
 8000252:	a910      	add	r1, sp, #64	@ 0x40
 8000254:	4816      	ldr	r0, [pc, #88]	@ (80002b0 <MX_TIM1_Init+0xa4>)
 8000256:	f001 fbe5 	bl	8001a24 <HAL_TIMEx_MasterConfigSynchronization>
 800025a:	bb18      	cbnz	r0, 80002a4 <MX_TIM1_Init+0x98>
  sConfigOC.OCMode = TIM_OCMODE_PWM1;
 800025c:	2360      	movs	r3, #96	@ 0x60
 800025e:	9309      	str	r3, [sp, #36]	@ 0x24
  sConfigOC.Pulse = 0;
 8000260:	2200      	movs	r2, #0
 8000262:	920a      	str	r2, [sp, #40]	@ 0x28
  sConfigOC.OCPolarity = TIM_OCPOLARITY_HIGH;
 8000264:	920b      	str	r2, [sp, #44]	@ 0x2c
  sConfigOC.OCNPolarity = TIM_OCNPOLARITY_HIGH;
 8000266:	920c      	str	r2, [sp, #48]	@ 0x30
  sConfigOC.OCFastMode = TIM_OCFAST_DISABLE;
 8000268:	920d      	str	r2, [sp, #52]	@ 0x34
  sConfigOC.OCIdleState = TIM_OCIDLESTATE_RESET;
 800026a:	920e      	str	r2, [sp, #56]	@ 0x38
  sConfigOC.OCNIdleState = TIM_OCNIDLESTATE_RESET;
 800026c:	920f      	str	r2, [sp, #60]	@ 0x3c
  if (HAL_TIM_PWM_ConfigChannel(&htim1, &sConfigOC, TIM_CHANNEL_1) != HAL_OK)
 800026e:	a909      	add	r1, sp, #36	@ 0x24
 8000270:	480f      	ldr	r0, [pc, #60]	@ (80002b0 <MX_TIM1_Init+0xa4>)
 8000272:	f001 faef 	bl	8001854 <HAL_TIM_PWM_ConfigChannel>
 8000276:	b9b8      	cbnz	r0, 80002a8 <MX_TIM1_Init+0x9c>
  sBreakDeadTimeConfig.OffStateRunMode = TIM_OSSR_DISABLE;
 8000278:	2300      	movs	r3, #0
 800027a:	9301      	str	r3, [sp, #4]
  sBreakDeadTimeConfig.OffStateIDLEMode = TIM_OSSI_DISABLE;
 800027c:	9302      	str	r3, [sp, #8]
  sBreakDeadTimeConfig.LockLevel = TIM_LOCKLEVEL_OFF;
 800027e:	9303      	str	r3, [sp, #12]
  sBreakDeadTimeConfig.DeadTime = 0;
 8000280:	9304      	str	r3, [sp, #16]
  sBreakDeadTimeConfig.BreakState = TIM_BREAK_DISABLE;
 8000282:	9305      	str	r3, [sp, #20]
  sBreakDeadTimeConfig.BreakPolarity = TIM_BREAKPOLARITY_HIGH;
 8000284:	f44f 5200 	mov.w	r2, #8192	@ 0x2000
 8000288:	9206      	str	r2, [sp, #24]
  sBreakDeadTimeConfig.AutomaticOutput = TIM_AUTOMATICOUTPUT_DISABLE;
 800028a:	9308      	str	r3, [sp, #32]
  if (HAL_TIMEx_ConfigBreakDeadTime(&htim1, &sBreakDeadTimeConfig) != HAL_OK)
 800028c:	a901      	add	r1, sp, #4
 800028e:	4808      	ldr	r0, [pc, #32]	@ (80002b0 <MX_TIM1_Init+0xa4>)
 8000290:	f001 fbfe 	bl	8001a90 <HAL_TIMEx_ConfigBreakDeadTime>
 8000294:	b950      	cbnz	r0, 80002ac <MX_TIM1_Init+0xa0>
  HAL_TIM_MspPostInit(&htim1);
 8000296:	4806      	ldr	r0, [pc, #24]	@ (80002b0 <MX_TIM1_Init+0xa4>)
 8000298:	f000 fd90 	bl	8000dbc <HAL_TIM_MspPostInit>
}
 800029c:	b012      	add	sp, #72	@ 0x48
 800029e:	bd10      	pop	{r4, pc}
    Error_Handler();
 80002a0:	f7ff ff88 	bl	80001b4 <Error_Handler>
    Error_Handler();
 80002a4:	f7ff ff86 	bl	80001b4 <Error_Handler>
    Error_Handler();
 80002a8:	f7ff ff84 	bl	80001b4 <Error_Handler>
    Error_Handler();
 80002ac:	f7ff ff82 	bl	80001b4 <Error_Handler>
 80002b0:	20000028 	.word	0x20000028
 80002b4:	40012c00 	.word	0x40012c00

080002b8 <SystemClock_Config>:
{
 80002b8:	b510      	push	{r4, lr}
 80002ba:	b094      	sub	sp, #80	@ 0x50
  RCC_OscInitTypeDef RCC_OscInitStruct = {0};
 80002bc:	ac0a      	add	r4, sp, #40	@ 0x28
 80002be:	2228      	movs	r2, #40	@ 0x28
 80002c0:	2100      	movs	r1, #0
 80002c2:	4620      	mov	r0, r4
 80002c4:	f001 fc3f 	bl	8001b46 <memset>
  RCC_ClkInitTypeDef RCC_ClkInitStruct = {0};
 80002c8:	2300      	movs	r3, #0
 80002ca:	9305      	str	r3, [sp, #20]
 80002cc:	9306      	str	r3, [sp, #24]
 80002ce:	9307      	str	r3, [sp, #28]
 80002d0:	9308      	str	r3, [sp, #32]
 80002d2:	9309      	str	r3, [sp, #36]	@ 0x24
  RCC_PeriphCLKInitTypeDef PeriphClkInit = {0};
 80002d4:	9301      	str	r3, [sp, #4]
 80002d6:	9302      	str	r3, [sp, #8]
 80002d8:	9303      	str	r3, [sp, #12]
 80002da:	9304      	str	r3, [sp, #16]
  RCC_OscInitStruct.OscillatorType = RCC_OSCILLATORTYPE_HSE;
 80002dc:	2201      	movs	r2, #1
 80002de:	920a      	str	r2, [sp, #40]	@ 0x28
  RCC_OscInitStruct.HSEState = RCC_HSE_ON;
 80002e0:	f44f 3380 	mov.w	r3, #65536	@ 0x10000
 80002e4:	930b      	str	r3, [sp, #44]	@ 0x2c
  RCC_OscInitStruct.HSIState = RCC_HSI_ON;
 80002e6:	920e      	str	r2, [sp, #56]	@ 0x38
  RCC_OscInitStruct.PLL.PLLState = RCC_PLL_ON;
 80002e8:	2202      	movs	r2, #2
 80002ea:	9211      	str	r2, [sp, #68]	@ 0x44
  RCC_OscInitStruct.PLL.PLLSource = RCC_PLLSOURCE_HSE;
 80002ec:	9312      	str	r3, [sp, #72]	@ 0x48
  RCC_OscInitStruct.PLL.PLLMUL = RCC_PLL_MUL9;
 80002ee:	f44f 13e0 	mov.w	r3, #1835008	@ 0x1c0000
 80002f2:	9313      	str	r3, [sp, #76]	@ 0x4c
  if (HAL_RCC_OscConfig(&RCC_OscInitStruct) != HAL_OK)
 80002f4:	4620      	mov	r0, r4
 80002f6:	f000 fd9f 	bl	8000e38 <HAL_RCC_OscConfig>
 80002fa:	b9c0      	cbnz	r0, 800032e <SystemClock_Config+0x76>
  RCC_ClkInitStruct.ClockType = RCC_CLOCKTYPE_HCLK|RCC_CLOCKTYPE_SYSCLK
 80002fc:	230f      	movs	r3, #15
 80002fe:	9305      	str	r3, [sp, #20]
  RCC_ClkInitStruct.SYSCLKSource = RCC_SYSCLKSOURCE_PLLCLK;
 8000300:	2102      	movs	r1, #2
 8000302:	9106      	str	r1, [sp, #24]
  RCC_ClkInitStruct.AHBCLKDivider = RCC_SYSCLK_DIV1;
 8000304:	2300      	movs	r3, #0
 8000306:	9307      	str	r3, [sp, #28]
  RCC_ClkInitStruct.APB1CLKDivider = RCC_HCLK_DIV2;
 8000308:	f44f 6280 	mov.w	r2, #1024	@ 0x400
 800030c:	9208      	str	r2, [sp, #32]
  RCC_ClkInitStruct.APB2CLKDivider = RCC_HCLK_DIV1;
 800030e:	9309      	str	r3, [sp, #36]	@ 0x24
  if (HAL_RCC_ClockConfig(&RCC_ClkInitStruct, FLASH_LATENCY_2) != HAL_OK)
 8000310:	a805      	add	r0, sp, #20
 8000312:	f000 ffc3 	bl	800129c <HAL_RCC_ClockConfig>
 8000316:	b960      	cbnz	r0, 8000332 <SystemClock_Config+0x7a>
  PeriphClkInit.PeriphClockSelection = RCC_PERIPHCLK_ADC;
 8000318:	2302      	movs	r3, #2
 800031a:	9301      	str	r3, [sp, #4]
  PeriphClkInit.AdcClockSelection = RCC_ADCPCLK2_DIV6;
 800031c:	f44f 4300 	mov.w	r3, #32768	@ 0x8000
 8000320:	9303      	str	r3, [sp, #12]
  if (HAL_RCCEx_PeriphCLKConfig(&PeriphClkInit) != HAL_OK)
 8000322:	a801      	add	r0, sp, #4
 8000324:	f001 f886 	bl	8001434 <HAL_RCCEx_PeriphCLKConfig>
 8000328:	b928      	cbnz	r0, 8000336 <SystemClock_Config+0x7e>
}
 800032a:	b014      	add	sp, #80	@ 0x50
 800032c:	bd10      	pop	{r4, pc}
    Error_Handler();
 800032e:	f7ff ff41 	bl	80001b4 <Error_Handler>
    Error_Handler();
 8000332:	f7ff ff3f 	bl	80001b4 <Error_Handler>
    Error_Handler();
 8000336:	f7ff ff3d 	bl	80001b4 <Error_Handler>
	...

0800033c <main>:
{
 800033c:	b510      	push	{r4, lr}
  HAL_Init();
 800033e:	f000 f855 	bl	80003ec <HAL_Init>
  SystemClock_Config();
 8000342:	f7ff ffb9 	bl	80002b8 <SystemClock_Config>
  MX_GPIO_Init();
 8000346:	f7ff ff01 	bl	800014c <MX_GPIO_Init>
  MX_ADC1_Init();
 800034a:	f7ff ff35 	bl	80001b8 <MX_ADC1_Init>
  MX_TIM1_Init();
 800034e:	f7ff ff5d 	bl	800020c <MX_TIM1_Init>
  HAL_ADC_Start(&hadc1);
 8000352:	4810      	ldr	r0, [pc, #64]	@ (8000394 <main+0x58>)
 8000354:	f000 fa2c 	bl	80007b0 <HAL_ADC_Start>
  HAL_TIM_PWM_Start(&htim1, TIM_CHANNEL_1);
 8000358:	2100      	movs	r1, #0
 800035a:	480f      	ldr	r0, [pc, #60]	@ (8000398 <main+0x5c>)
 800035c:	f001 faf8 	bl	8001950 <HAL_TIM_PWM_Start>
    HAL_ADC_PollForConversion(&hadc1, 100);
 8000360:	4c0c      	ldr	r4, [pc, #48]	@ (8000394 <main+0x58>)
 8000362:	2164      	movs	r1, #100	@ 0x64
 8000364:	4620      	mov	r0, r4
 8000366:	f000 f879 	bl	800045c <HAL_ADC_PollForConversion>
    uint32_t adc_degeri=HAL_ADC_GetValue(&hadc1);
 800036a:	4620      	mov	r0, r4
 800036c:	f000 f938 	bl	80005e0 <HAL_ADC_GetValue>
 8000370:	4602      	mov	r2, r0
    pwm_degeri=adc_degeri*100/4095; // ADC değeri 0-4095 arası, PWM değeri 0-100 arası
 8000372:	2064      	movs	r0, #100	@ 0x64
 8000374:	fb00 f202 	mul.w	r2, r0, r2
 8000378:	4b08      	ldr	r3, [pc, #32]	@ (800039c <main+0x60>)
 800037a:	fba3 1302 	umull	r1, r3, r3, r2
 800037e:	1ad2      	subs	r2, r2, r3
 8000380:	eb03 0352 	add.w	r3, r3, r2, lsr #1
 8000384:	0adb      	lsrs	r3, r3, #11
    __HAL_TIM_SET_COMPARE(&htim1, TIM_CHANNEL_1, pwm_degeri);
 8000386:	4a04      	ldr	r2, [pc, #16]	@ (8000398 <main+0x5c>)
 8000388:	6812      	ldr	r2, [r2, #0]
 800038a:	6353      	str	r3, [r2, #52]	@ 0x34
    HAL_Delay(100);
 800038c:	f000 f852 	bl	8000434 <HAL_Delay>
  while (1)
 8000390:	e7e6      	b.n	8000360 <main+0x24>
 8000392:	bf00      	nop
 8000394:	20000070 	.word	0x20000070
 8000398:	20000028 	.word	0x20000028
 800039c:	00100101 	.word	0x00100101

080003a0 <HAL_InitTick>:
  *       implementation  in user file.
  * @param TickPriority Tick interrupt priority.
  * @retval HAL status
  */
__weak HAL_StatusTypeDef HAL_InitTick(uint32_t TickPriority)
{
 80003a0:	b510      	push	{r4, lr}
 80003a2:	4604      	mov	r4, r0
  /* Configure the SysTick to have interrupt in 1ms time basis*/
  if (HAL_SYSTICK_Config(SystemCoreClock / (1000U / uwTickFreq)) > 0U)
 80003a4:	4b0e      	ldr	r3, [pc, #56]	@ (80003e0 <HAL_InitTick+0x40>)
 80003a6:	781a      	ldrb	r2, [r3, #0]
 80003a8:	f44f 737a 	mov.w	r3, #1000	@ 0x3e8
 80003ac:	fbb3 f3f2 	udiv	r3, r3, r2
 80003b0:	4a0c      	ldr	r2, [pc, #48]	@ (80003e4 <HAL_InitTick+0x44>)
 80003b2:	6810      	ldr	r0, [r2, #0]
 80003b4:	fbb0 f0f3 	udiv	r0, r0, r3
 80003b8:	f000 fb74 	bl	8000aa4 <HAL_SYSTICK_Config>
 80003bc:	b968      	cbnz	r0, 80003da <HAL_InitTick+0x3a>
  {
    return HAL_ERROR;
  }

  /* Configure the SysTick IRQ priority */
  if (TickPriority < (1UL << __NVIC_PRIO_BITS))
 80003be:	2c0f      	cmp	r4, #15
 80003c0:	d901      	bls.n	80003c6 <HAL_InitTick+0x26>
    HAL_NVIC_SetPriority(SysTick_IRQn, TickPriority, 0U);
    uwTickPrio = TickPriority;
  }
  else
  {
    return HAL_ERROR;
 80003c2:	2001      	movs	r0, #1
 80003c4:	e00a      	b.n	80003dc <HAL_InitTick+0x3c>
    HAL_NVIC_SetPriority(SysTick_IRQn, TickPriority, 0U);
 80003c6:	2200      	movs	r2, #0
 80003c8:	4621      	mov	r1, r4
 80003ca:	f04f 30ff 	mov.w	r0, #4294967295	@ 0xffffffff
 80003ce:	f000 fb59 	bl	8000a84 <HAL_NVIC_SetPriority>
    uwTickPrio = TickPriority;
 80003d2:	4b05      	ldr	r3, [pc, #20]	@ (80003e8 <HAL_InitTick+0x48>)
 80003d4:	601c      	str	r4, [r3, #0]
  }

  /* Return function status */
  return HAL_OK;
 80003d6:	2000      	movs	r0, #0
 80003d8:	e000      	b.n	80003dc <HAL_InitTick+0x3c>
    return HAL_ERROR;
 80003da:	2001      	movs	r0, #1
}
 80003dc:	bd10      	pop	{r4, pc}
 80003de:	bf00      	nop
 80003e0:	20000000 	.word	0x20000000
 80003e4:	20000008 	.word	0x20000008
 80003e8:	20000004 	.word	0x20000004

080003ec <HAL_Init>:
{
 80003ec:	b508      	push	{r3, lr}
  __HAL_FLASH_PREFETCH_BUFFER_ENABLE();
 80003ee:	4a07      	ldr	r2, [pc, #28]	@ (800040c <HAL_Init+0x20>)
 80003f0:	6813      	ldr	r3, [r2, #0]
 80003f2:	f043 0310 	orr.w	r3, r3, #16
 80003f6:	6013      	str	r3, [r2, #0]
  HAL_NVIC_SetPriorityGrouping(NVIC_PRIORITYGROUP_4);
 80003f8:	2003      	movs	r0, #3
 80003fa:	f000 fb31 	bl	8000a60 <HAL_NVIC_SetPriorityGrouping>
  HAL_InitTick(TICK_INT_PRIORITY);
 80003fe:	200f      	movs	r0, #15
 8000400:	f7ff ffce 	bl	80003a0 <HAL_InitTick>
  HAL_MspInit();
 8000404:	f000 fc72 	bl	8000cec <HAL_MspInit>
}
 8000408:	2000      	movs	r0, #0
 800040a:	bd08      	pop	{r3, pc}
 800040c:	40022000 	.word	0x40022000

08000410 <HAL_IncTick>:
  *      implementations in user file.
  * @retval None
  */
__weak void HAL_IncTick(void)
{
  uwTick += uwTickFreq;
 8000410:	4a03      	ldr	r2, [pc, #12]	@ (8000420 <HAL_IncTick+0x10>)
 8000412:	6811      	ldr	r1, [r2, #0]
 8000414:	4b03      	ldr	r3, [pc, #12]	@ (8000424 <HAL_IncTick+0x14>)
 8000416:	781b      	ldrb	r3, [r3, #0]
 8000418:	440b      	add	r3, r1
 800041a:	6013      	str	r3, [r2, #0]
}
 800041c:	4770      	bx	lr
 800041e:	bf00      	nop
 8000420:	200000a0 	.word	0x200000a0
 8000424:	20000000 	.word	0x20000000

08000428 <HAL_GetTick>:
  *       implementations in user file.
  * @retval tick value
  */
__weak uint32_t HAL_GetTick(void)
{
  return uwTick;
 8000428:	4b01      	ldr	r3, [pc, #4]	@ (8000430 <HAL_GetTick+0x8>)
 800042a:	6818      	ldr	r0, [r3, #0]
}
 800042c:	4770      	bx	lr
 800042e:	bf00      	nop
 8000430:	200000a0 	.word	0x200000a0

08000434 <HAL_Delay>:
  *       implementations in user file.
  * @param Delay specifies the delay time length, in milliseconds.
  * @retval None
  */
__weak void HAL_Delay(uint32_t Delay)
{
 8000434:	b538      	push	{r3, r4, r5, lr}
 8000436:	4604      	mov	r4, r0
  uint32_t tickstart = HAL_GetTick();
 8000438:	f7ff fff6 	bl	8000428 <HAL_GetTick>
 800043c:	4605      	mov	r5, r0
  uint32_t wait = Delay;

  /* Add a freq to guarantee minimum wait */
  if (wait < HAL_MAX_DELAY)
 800043e:	f1b4 3fff 	cmp.w	r4, #4294967295	@ 0xffffffff
 8000442:	d002      	beq.n	800044a <HAL_Delay+0x16>
  {
    wait += (uint32_t)(uwTickFreq);
 8000444:	4b04      	ldr	r3, [pc, #16]	@ (8000458 <HAL_Delay+0x24>)
 8000446:	781b      	ldrb	r3, [r3, #0]
 8000448:	441c      	add	r4, r3
  }

  while ((HAL_GetTick() - tickstart) < wait)
 800044a:	f7ff ffed 	bl	8000428 <HAL_GetTick>
 800044e:	1b40      	subs	r0, r0, r5
 8000450:	42a0      	cmp	r0, r4
 8000452:	d3fa      	bcc.n	800044a <HAL_Delay+0x16>
  {
  }
}
 8000454:	bd38      	pop	{r3, r4, r5, pc}
 8000456:	bf00      	nop
 8000458:	20000000 	.word	0x20000000

0800045c <HAL_ADC_PollForConversion>:
  * @param  hadc: ADC handle
  * @param  Timeout: Timeout value in millisecond.
  * @retval HAL status
  */
HAL_StatusTypeDef HAL_ADC_PollForConversion(ADC_HandleTypeDef* hadc, uint32_t Timeout)
{
 800045c:	b5f0      	push	{r4, r5, r6, r7, lr}
 800045e:	b083      	sub	sp, #12
 8000460:	4605      	mov	r5, r0
 8000462:	460c      	mov	r4, r1
  uint32_t tickstart = 0U;
  
  /* Variables for polling in case of scan mode enabled and polling for each  */
  /* conversion.                                                              */
  __IO uint32_t Conversion_Timeout_CPU_cycles = 0U;
 8000464:	2300      	movs	r3, #0
 8000466:	9301      	str	r3, [sp, #4]
 
  /* Check the parameters */
  assert_param(IS_ADC_ALL_INSTANCE(hadc->Instance));
  
  /* Get tick count */
  tickstart = HAL_GetTick();
 8000468:	f7ff ffde 	bl	8000428 <HAL_GetTick>
  
  /* Verification that ADC configuration is compliant with polling for        */
  /* each conversion:                                                         */
  /* Particular case is ADC configured in DMA mode                            */
  if (HAL_IS_BIT_SET(hadc->Instance->CR2, ADC_CR2_DMA))
 800046c:	682b      	ldr	r3, [r5, #0]
 800046e:	689a      	ldr	r2, [r3, #8]
 8000470:	f412 7f80 	tst.w	r2, #256	@ 0x100
 8000474:	d123      	bne.n	80004be <HAL_ADC_PollForConversion+0x62>
 8000476:	4607      	mov	r7, r0
  /*    from ADC conversion time (selected sampling time + conversion time of */
  /*    12.5 ADC clock cycles) and APB2/ADC clock prescalers (depending on    */
  /*    settings, conversion time range can be from 28 to 32256 CPU cycles).  */
  /*    As flag EOC is not set after each conversion, no timeout status can   */
  /*    be set.                                                               */
  if (HAL_IS_BIT_CLR(hadc->Instance->CR1, ADC_CR1_SCAN) &&
 8000478:	685a      	ldr	r2, [r3, #4]
 800047a:	f412 7f80 	tst.w	r2, #256	@ 0x100
 800047e:	d103      	bne.n	8000488 <HAL_ADC_PollForConversion+0x2c>
      HAL_IS_BIT_CLR(hadc->Instance->SQR1, ADC_SQR1_L)    )
 8000480:	6adb      	ldr	r3, [r3, #44]	@ 0x2c
  if (HAL_IS_BIT_CLR(hadc->Instance->CR1, ADC_CR1_SCAN) &&
 8000482:	f413 0f70 	tst.w	r3, #15728640	@ 0xf00000
 8000486:	d029      	beq.n	80004dc <HAL_ADC_PollForConversion+0x80>
    /* Replace polling by wait for maximum conversion time */
    /*  - Computation of CPU clock cycles corresponding to ADC clock cycles   */
    /*    and ADC maximum conversion cycles on all channels.                  */
    /*  - Wait for the expected ADC clock cycles delay                        */
    Conversion_Timeout_CPU_cycles_max = ((SystemCoreClock
                                          / HAL_RCCEx_GetPeriphCLKFreq(RCC_PERIPHCLK_ADC))
 8000488:	4b50      	ldr	r3, [pc, #320]	@ (80005cc <HAL_ADC_PollForConversion+0x170>)
 800048a:	681e      	ldr	r6, [r3, #0]
 800048c:	2002      	movs	r0, #2
 800048e:	f001 f85d 	bl	800154c <HAL_RCCEx_GetPeriphCLKFreq>
 8000492:	fbb6 f6f0 	udiv	r6, r6, r0
                                         * ADC_CONVCYCLES_MAX_RANGE(hadc)                 );
 8000496:	682b      	ldr	r3, [r5, #0]
 8000498:	6919      	ldr	r1, [r3, #16]
 800049a:	4a4d      	ldr	r2, [pc, #308]	@ (80005d0 <HAL_ADC_PollForConversion+0x174>)
 800049c:	4211      	tst	r1, r2
 800049e:	d136      	bne.n	800050e <HAL_ADC_PollForConversion+0xb2>
 80004a0:	68d9      	ldr	r1, [r3, #12]
 80004a2:	f102 425c 	add.w	r2, r2, #3690987520	@ 0xdc000000
 80004a6:	4211      	tst	r1, r2
 80004a8:	d131      	bne.n	800050e <HAL_ADC_PollForConversion+0xb2>
 80004aa:	6919      	ldr	r1, [r3, #16]
 80004ac:	4a49      	ldr	r2, [pc, #292]	@ (80005d4 <HAL_ADC_PollForConversion+0x178>)
 80004ae:	4211      	tst	r1, r2
 80004b0:	d140      	bne.n	8000534 <HAL_ADC_PollForConversion+0xd8>
 80004b2:	68da      	ldr	r2, [r3, #12]
 80004b4:	4b48      	ldr	r3, [pc, #288]	@ (80005d8 <HAL_ADC_PollForConversion+0x17c>)
 80004b6:	421a      	tst	r2, r3
 80004b8:	d03e      	beq.n	8000538 <HAL_ADC_PollForConversion+0xdc>
 80004ba:	2329      	movs	r3, #41	@ 0x29
 80004bc:	e041      	b.n	8000542 <HAL_ADC_PollForConversion+0xe6>
    SET_BIT(hadc->State, HAL_ADC_STATE_ERROR_CONFIG);
 80004be:	6aab      	ldr	r3, [r5, #40]	@ 0x28
 80004c0:	f043 0320 	orr.w	r3, r3, #32
 80004c4:	62ab      	str	r3, [r5, #40]	@ 0x28
    __HAL_UNLOCK(hadc);
 80004c6:	2300      	movs	r3, #0
 80004c8:	f885 3024 	strb.w	r3, [r5, #36]	@ 0x24
    return HAL_ERROR;
 80004cc:	2001      	movs	r0, #1
    }
  }
  
  /* Return ADC state */
  return HAL_OK;
}
 80004ce:	b003      	add	sp, #12
 80004d0:	bdf0      	pop	{r4, r5, r6, r7, pc}
          if(HAL_IS_BIT_CLR(hadc->Instance->SR, ADC_FLAG_EOC))
 80004d2:	682b      	ldr	r3, [r5, #0]
 80004d4:	681b      	ldr	r3, [r3, #0]
 80004d6:	f013 0f02 	tst.w	r3, #2
 80004da:	d00f      	beq.n	80004fc <HAL_ADC_PollForConversion+0xa0>
    while(HAL_IS_BIT_CLR(hadc->Instance->SR, ADC_FLAG_EOC))
 80004dc:	682b      	ldr	r3, [r5, #0]
 80004de:	681b      	ldr	r3, [r3, #0]
 80004e0:	f013 0f02 	tst.w	r3, #2
 80004e4:	d14f      	bne.n	8000586 <HAL_ADC_PollForConversion+0x12a>
      if(Timeout != HAL_MAX_DELAY)
 80004e6:	f1b4 3fff 	cmp.w	r4, #4294967295	@ 0xffffffff
 80004ea:	d0f7      	beq.n	80004dc <HAL_ADC_PollForConversion+0x80>
        if((Timeout == 0U) || ((HAL_GetTick() - tickstart ) > Timeout))
 80004ec:	2c00      	cmp	r4, #0
 80004ee:	d0f0      	beq.n	80004d2 <HAL_ADC_PollForConversion+0x76>
 80004f0:	f7ff ff9a 	bl	8000428 <HAL_GetTick>
 80004f4:	1bc3      	subs	r3, r0, r7
 80004f6:	42a3      	cmp	r3, r4
 80004f8:	d9f0      	bls.n	80004dc <HAL_ADC_PollForConversion+0x80>
 80004fa:	e7ea      	b.n	80004d2 <HAL_ADC_PollForConversion+0x76>
            SET_BIT(hadc->State, HAL_ADC_STATE_TIMEOUT);
 80004fc:	6aab      	ldr	r3, [r5, #40]	@ 0x28
 80004fe:	f043 0304 	orr.w	r3, r3, #4
 8000502:	62ab      	str	r3, [r5, #40]	@ 0x28
            __HAL_UNLOCK(hadc);
 8000504:	2300      	movs	r3, #0
 8000506:	f885 3024 	strb.w	r3, [r5, #36]	@ 0x24
            return HAL_TIMEOUT;
 800050a:	2003      	movs	r0, #3
 800050c:	e7df      	b.n	80004ce <HAL_ADC_PollForConversion+0x72>
                                         * ADC_CONVCYCLES_MAX_RANGE(hadc)                 );
 800050e:	6919      	ldr	r1, [r3, #16]
 8000510:	4a30      	ldr	r2, [pc, #192]	@ (80005d4 <HAL_ADC_PollForConversion+0x178>)
 8000512:	4211      	tst	r1, r2
 8000514:	d104      	bne.n	8000520 <HAL_ADC_PollForConversion+0xc4>
 8000516:	68d9      	ldr	r1, [r3, #12]
 8000518:	f102 426e 	add.w	r2, r2, #3992977408	@ 0xee000000
 800051c:	4211      	tst	r1, r2
 800051e:	d00d      	beq.n	800053c <HAL_ADC_PollForConversion+0xe0>
 8000520:	6919      	ldr	r1, [r3, #16]
 8000522:	4a2e      	ldr	r2, [pc, #184]	@ (80005dc <HAL_ADC_PollForConversion+0x180>)
 8000524:	400a      	ands	r2, r1
 8000526:	b95a      	cbnz	r2, 8000540 <HAL_ADC_PollForConversion+0xe4>
 8000528:	68da      	ldr	r2, [r3, #12]
 800052a:	4b2c      	ldr	r3, [pc, #176]	@ (80005dc <HAL_ADC_PollForConversion+0x180>)
 800052c:	4013      	ands	r3, r2
 800052e:	b15b      	cbz	r3, 8000548 <HAL_ADC_PollForConversion+0xec>
 8000530:	23fc      	movs	r3, #252	@ 0xfc
 8000532:	e006      	b.n	8000542 <HAL_ADC_PollForConversion+0xe6>
 8000534:	2329      	movs	r3, #41	@ 0x29
 8000536:	e004      	b.n	8000542 <HAL_ADC_PollForConversion+0xe6>
 8000538:	2314      	movs	r3, #20
 800053a:	e002      	b.n	8000542 <HAL_ADC_PollForConversion+0xe6>
 800053c:	2354      	movs	r3, #84	@ 0x54
 800053e:	e000      	b.n	8000542 <HAL_ADC_PollForConversion+0xe6>
 8000540:	23fc      	movs	r3, #252	@ 0xfc
    Conversion_Timeout_CPU_cycles_max = ((SystemCoreClock
 8000542:	fb03 f606 	mul.w	r6, r3, r6
    while(Conversion_Timeout_CPU_cycles < Conversion_Timeout_CPU_cycles_max)
 8000546:	e007      	b.n	8000558 <HAL_ADC_PollForConversion+0xfc>
                                         * ADC_CONVCYCLES_MAX_RANGE(hadc)                 );
 8000548:	2354      	movs	r3, #84	@ 0x54
 800054a:	e7fa      	b.n	8000542 <HAL_ADC_PollForConversion+0xe6>
          if(Conversion_Timeout_CPU_cycles < Conversion_Timeout_CPU_cycles_max)
 800054c:	9b01      	ldr	r3, [sp, #4]
 800054e:	42b3      	cmp	r3, r6
 8000550:	d310      	bcc.n	8000574 <HAL_ADC_PollForConversion+0x118>
      Conversion_Timeout_CPU_cycles ++;
 8000552:	9b01      	ldr	r3, [sp, #4]
 8000554:	3301      	adds	r3, #1
 8000556:	9301      	str	r3, [sp, #4]
    while(Conversion_Timeout_CPU_cycles < Conversion_Timeout_CPU_cycles_max)
 8000558:	9b01      	ldr	r3, [sp, #4]
 800055a:	42b3      	cmp	r3, r6
 800055c:	d213      	bcs.n	8000586 <HAL_ADC_PollForConversion+0x12a>
      if(Timeout != HAL_MAX_DELAY)
 800055e:	f1b4 3fff 	cmp.w	r4, #4294967295	@ 0xffffffff
 8000562:	d0f6      	beq.n	8000552 <HAL_ADC_PollForConversion+0xf6>
        if((Timeout == 0U) || ((HAL_GetTick() - tickstart) > Timeout))
 8000564:	2c00      	cmp	r4, #0
 8000566:	d0f1      	beq.n	800054c <HAL_ADC_PollForConversion+0xf0>
 8000568:	f7ff ff5e 	bl	8000428 <HAL_GetTick>
 800056c:	1bc0      	subs	r0, r0, r7
 800056e:	42a0      	cmp	r0, r4
 8000570:	d9ef      	bls.n	8000552 <HAL_ADC_PollForConversion+0xf6>
 8000572:	e7eb      	b.n	800054c <HAL_ADC_PollForConversion+0xf0>
            SET_BIT(hadc->State, HAL_ADC_STATE_TIMEOUT);
 8000574:	6aab      	ldr	r3, [r5, #40]	@ 0x28
 8000576:	f043 0304 	orr.w	r3, r3, #4
 800057a:	62ab      	str	r3, [r5, #40]	@ 0x28
            __HAL_UNLOCK(hadc);
 800057c:	2300      	movs	r3, #0
 800057e:	f885 3024 	strb.w	r3, [r5, #36]	@ 0x24
            return HAL_TIMEOUT;
 8000582:	2003      	movs	r0, #3
 8000584:	e7a3      	b.n	80004ce <HAL_ADC_PollForConversion+0x72>
  __HAL_ADC_CLEAR_FLAG(hadc, ADC_FLAG_STRT | ADC_FLAG_EOC);
 8000586:	682b      	ldr	r3, [r5, #0]
 8000588:	f06f 0212 	mvn.w	r2, #18
 800058c:	601a      	str	r2, [r3, #0]
  SET_BIT(hadc->State, HAL_ADC_STATE_REG_EOC);
 800058e:	6aab      	ldr	r3, [r5, #40]	@ 0x28
 8000590:	f443 7300 	orr.w	r3, r3, #512	@ 0x200
 8000594:	62ab      	str	r3, [r5, #40]	@ 0x28
  if(ADC_IS_SOFTWARE_START_REGULAR(hadc)        && 
 8000596:	682b      	ldr	r3, [r5, #0]
 8000598:	689b      	ldr	r3, [r3, #8]
 800059a:	f403 2360 	and.w	r3, r3, #917504	@ 0xe0000
 800059e:	f5b3 2f60 	cmp.w	r3, #917504	@ 0xe0000
 80005a2:	d001      	beq.n	80005a8 <HAL_ADC_PollForConversion+0x14c>
  return HAL_OK;
 80005a4:	2000      	movs	r0, #0
 80005a6:	e792      	b.n	80004ce <HAL_ADC_PollForConversion+0x72>
     (hadc->Init.ContinuousConvMode == DISABLE)   )
 80005a8:	7b28      	ldrb	r0, [r5, #12]
  if(ADC_IS_SOFTWARE_START_REGULAR(hadc)        && 
 80005aa:	b960      	cbnz	r0, 80005c6 <HAL_ADC_PollForConversion+0x16a>
    CLEAR_BIT(hadc->State, HAL_ADC_STATE_REG_BUSY);   
 80005ac:	6aab      	ldr	r3, [r5, #40]	@ 0x28
 80005ae:	f423 7380 	bic.w	r3, r3, #256	@ 0x100
 80005b2:	62ab      	str	r3, [r5, #40]	@ 0x28
    if (HAL_IS_BIT_CLR(hadc->State, HAL_ADC_STATE_INJ_BUSY))
 80005b4:	6aab      	ldr	r3, [r5, #40]	@ 0x28
 80005b6:	f413 5f80 	tst.w	r3, #4096	@ 0x1000
 80005ba:	d188      	bne.n	80004ce <HAL_ADC_PollForConversion+0x72>
      SET_BIT(hadc->State, HAL_ADC_STATE_READY);
 80005bc:	6aab      	ldr	r3, [r5, #40]	@ 0x28
 80005be:	f043 0301 	orr.w	r3, r3, #1
 80005c2:	62ab      	str	r3, [r5, #40]	@ 0x28
 80005c4:	e783      	b.n	80004ce <HAL_ADC_PollForConversion+0x72>
  return HAL_OK;
 80005c6:	2000      	movs	r0, #0
 80005c8:	e781      	b.n	80004ce <HAL_ADC_PollForConversion+0x72>
 80005ca:	bf00      	nop
 80005cc:	20000008 	.word	0x20000008
 80005d0:	24924924 	.word	0x24924924
 80005d4:	12492492 	.word	0x12492492
 80005d8:	00492492 	.word	0x00492492
 80005dc:	00249249 	.word	0x00249249

080005e0 <HAL_ADC_GetValue>:

  /* Note: EOC flag is not cleared here by software because automatically     */
  /*       cleared by hardware when reading register DR.                      */
  
  /* Return ADC converted value */ 
  return hadc->Instance->DR;
 80005e0:	6803      	ldr	r3, [r0, #0]
 80005e2:	6cd8      	ldr	r0, [r3, #76]	@ 0x4c
}
 80005e4:	4770      	bx	lr
	...

080005e8 <HAL_ADC_ConfigChannel>:
  * @param  hadc: ADC handle
  * @param  sConfig: Structure of ADC channel for regular group.
  * @retval HAL status
  */
HAL_StatusTypeDef HAL_ADC_ConfigChannel(ADC_HandleTypeDef* hadc, ADC_ChannelConfTypeDef* sConfig)
{ 
 80005e8:	b430      	push	{r4, r5}
 80005ea:	b082      	sub	sp, #8
  HAL_StatusTypeDef tmp_hal_status = HAL_OK;
  __IO uint32_t wait_loop_index = 0U;
 80005ec:	2200      	movs	r2, #0
 80005ee:	9201      	str	r2, [sp, #4]
  assert_param(IS_ADC_CHANNEL(sConfig->Channel));
  assert_param(IS_ADC_REGULAR_RANK(sConfig->Rank));
  assert_param(IS_ADC_SAMPLE_TIME(sConfig->SamplingTime));
  
  /* Process locked */
  __HAL_LOCK(hadc);
 80005f0:	f890 2024 	ldrb.w	r2, [r0, #36]	@ 0x24
 80005f4:	2a01      	cmp	r2, #1
 80005f6:	f000 808f 	beq.w	8000718 <HAL_ADC_ConfigChannel+0x130>
 80005fa:	4603      	mov	r3, r0
 80005fc:	2201      	movs	r2, #1
 80005fe:	f880 2024 	strb.w	r2, [r0, #36]	@ 0x24
  
  
  /* Regular sequence configuration */
  /* For Rank 1 to 6 */
  if (sConfig->Rank < 7U)
 8000602:	684a      	ldr	r2, [r1, #4]
 8000604:	2a06      	cmp	r2, #6
 8000606:	d82d      	bhi.n	8000664 <HAL_ADC_ConfigChannel+0x7c>
  {
    MODIFY_REG(hadc->Instance->SQR3                        ,
 8000608:	6804      	ldr	r4, [r0, #0]
 800060a:	6b60      	ldr	r0, [r4, #52]	@ 0x34
 800060c:	eb02 0282 	add.w	r2, r2, r2, lsl #2
 8000610:	3a05      	subs	r2, #5
 8000612:	f04f 0c1f 	mov.w	ip, #31
 8000616:	fa0c fc02 	lsl.w	ip, ip, r2
 800061a:	ea20 000c 	bic.w	r0, r0, ip
 800061e:	680d      	ldr	r5, [r1, #0]
 8000620:	fa05 f202 	lsl.w	r2, r5, r2
 8000624:	4302      	orrs	r2, r0
 8000626:	6362      	str	r2, [r4, #52]	@ 0x34
  }
  
  
  /* Channel sampling time configuration */
  /* For channels 10 to 17 */
  if (sConfig->Channel >= ADC_CHANNEL_10)
 8000628:	680a      	ldr	r2, [r1, #0]
 800062a:	2a09      	cmp	r2, #9
 800062c:	d938      	bls.n	80006a0 <HAL_ADC_ConfigChannel+0xb8>
  {
    MODIFY_REG(hadc->Instance->SMPR1                             ,
 800062e:	681c      	ldr	r4, [r3, #0]
 8000630:	68e0      	ldr	r0, [r4, #12]
 8000632:	eb02 0242 	add.w	r2, r2, r2, lsl #1
 8000636:	3a1e      	subs	r2, #30
 8000638:	f04f 0c07 	mov.w	ip, #7
 800063c:	fa0c fc02 	lsl.w	ip, ip, r2
 8000640:	ea20 000c 	bic.w	r0, r0, ip
 8000644:	688d      	ldr	r5, [r1, #8]
 8000646:	fa05 f202 	lsl.w	r2, r5, r2
 800064a:	4302      	orrs	r2, r0
 800064c:	60e2      	str	r2, [r4, #12]
               ADC_SMPR2(sConfig->SamplingTime, sConfig->Channel) );
  }
  
  /* If ADC1 Channel_16 or Channel_17 is selected, enable Temperature sensor  */
  /* and VREFINT measurement path.                                            */
  if ((sConfig->Channel == ADC_CHANNEL_TEMPSENSOR) ||
 800064e:	680a      	ldr	r2, [r1, #0]
 8000650:	3a10      	subs	r2, #16
 8000652:	2a01      	cmp	r2, #1
 8000654:	d934      	bls.n	80006c0 <HAL_ADC_ConfigChannel+0xd8>
  HAL_StatusTypeDef tmp_hal_status = HAL_OK;
 8000656:	2000      	movs	r0, #0
      tmp_hal_status = HAL_ERROR;
    }
  }
  
  /* Process unlocked */
  __HAL_UNLOCK(hadc);
 8000658:	2200      	movs	r2, #0
 800065a:	f883 2024 	strb.w	r2, [r3, #36]	@ 0x24
  
  /* Return function status */
  return tmp_hal_status;
}
 800065e:	b002      	add	sp, #8
 8000660:	bc30      	pop	{r4, r5}
 8000662:	4770      	bx	lr
  else if (sConfig->Rank < 13U)
 8000664:	2a0c      	cmp	r2, #12
 8000666:	d80d      	bhi.n	8000684 <HAL_ADC_ConfigChannel+0x9c>
    MODIFY_REG(hadc->Instance->SQR2                        ,
 8000668:	6805      	ldr	r5, [r0, #0]
 800066a:	6b28      	ldr	r0, [r5, #48]	@ 0x30
 800066c:	eb02 0282 	add.w	r2, r2, r2, lsl #2
 8000670:	3a23      	subs	r2, #35	@ 0x23
 8000672:	241f      	movs	r4, #31
 8000674:	4094      	lsls	r4, r2
 8000676:	ea20 0004 	bic.w	r0, r0, r4
 800067a:	680c      	ldr	r4, [r1, #0]
 800067c:	4094      	lsls	r4, r2
 800067e:	4320      	orrs	r0, r4
 8000680:	6328      	str	r0, [r5, #48]	@ 0x30
 8000682:	e7d1      	b.n	8000628 <HAL_ADC_ConfigChannel+0x40>
    MODIFY_REG(hadc->Instance->SQR1                        ,
 8000684:	6805      	ldr	r5, [r0, #0]
 8000686:	6ae8      	ldr	r0, [r5, #44]	@ 0x2c
 8000688:	eb02 0282 	add.w	r2, r2, r2, lsl #2
 800068c:	3a41      	subs	r2, #65	@ 0x41
 800068e:	241f      	movs	r4, #31
 8000690:	4094      	lsls	r4, r2
 8000692:	ea20 0004 	bic.w	r0, r0, r4
 8000696:	680c      	ldr	r4, [r1, #0]
 8000698:	4094      	lsls	r4, r2
 800069a:	4320      	orrs	r0, r4
 800069c:	62e8      	str	r0, [r5, #44]	@ 0x2c
 800069e:	e7c3      	b.n	8000628 <HAL_ADC_ConfigChannel+0x40>
    MODIFY_REG(hadc->Instance->SMPR2                             ,
 80006a0:	681c      	ldr	r4, [r3, #0]
 80006a2:	6920      	ldr	r0, [r4, #16]
 80006a4:	eb02 0242 	add.w	r2, r2, r2, lsl #1
 80006a8:	f04f 0c07 	mov.w	ip, #7
 80006ac:	fa0c fc02 	lsl.w	ip, ip, r2
 80006b0:	ea20 000c 	bic.w	r0, r0, ip
 80006b4:	688d      	ldr	r5, [r1, #8]
 80006b6:	fa05 f202 	lsl.w	r2, r5, r2
 80006ba:	4302      	orrs	r2, r0
 80006bc:	6122      	str	r2, [r4, #16]
 80006be:	e7c6      	b.n	800064e <HAL_ADC_ConfigChannel+0x66>
    if (hadc->Instance == ADC1)
 80006c0:	681a      	ldr	r2, [r3, #0]
 80006c2:	4816      	ldr	r0, [pc, #88]	@ (800071c <HAL_ADC_ConfigChannel+0x134>)
 80006c4:	4282      	cmp	r2, r0
 80006c6:	d005      	beq.n	80006d4 <HAL_ADC_ConfigChannel+0xec>
      SET_BIT(hadc->State, HAL_ADC_STATE_ERROR_CONFIG);
 80006c8:	6a9a      	ldr	r2, [r3, #40]	@ 0x28
 80006ca:	f042 0220 	orr.w	r2, r2, #32
 80006ce:	629a      	str	r2, [r3, #40]	@ 0x28
      tmp_hal_status = HAL_ERROR;
 80006d0:	2001      	movs	r0, #1
 80006d2:	e7c1      	b.n	8000658 <HAL_ADC_ConfigChannel+0x70>
      if (READ_BIT(hadc->Instance->CR2, ADC_CR2_TSVREFE) == RESET)
 80006d4:	6890      	ldr	r0, [r2, #8]
 80006d6:	f410 0f00 	tst.w	r0, #8388608	@ 0x800000
 80006da:	d11b      	bne.n	8000714 <HAL_ADC_ConfigChannel+0x12c>
        SET_BIT(hadc->Instance->CR2, ADC_CR2_TSVREFE);
 80006dc:	6890      	ldr	r0, [r2, #8]
 80006de:	f440 0000 	orr.w	r0, r0, #8388608	@ 0x800000
 80006e2:	6090      	str	r0, [r2, #8]
        if (sConfig->Channel == ADC_CHANNEL_TEMPSENSOR)
 80006e4:	680a      	ldr	r2, [r1, #0]
 80006e6:	2a10      	cmp	r2, #16
 80006e8:	d001      	beq.n	80006ee <HAL_ADC_ConfigChannel+0x106>
  HAL_StatusTypeDef tmp_hal_status = HAL_OK;
 80006ea:	2000      	movs	r0, #0
 80006ec:	e7b4      	b.n	8000658 <HAL_ADC_ConfigChannel+0x70>
          wait_loop_index = (ADC_TEMPSENSOR_DELAY_US * (SystemCoreClock / 1000000U));
 80006ee:	4a0c      	ldr	r2, [pc, #48]	@ (8000720 <HAL_ADC_ConfigChannel+0x138>)
 80006f0:	6812      	ldr	r2, [r2, #0]
 80006f2:	490c      	ldr	r1, [pc, #48]	@ (8000724 <HAL_ADC_ConfigChannel+0x13c>)
 80006f4:	fba1 1202 	umull	r1, r2, r1, r2
 80006f8:	0c92      	lsrs	r2, r2, #18
 80006fa:	eb02 0282 	add.w	r2, r2, r2, lsl #2
 80006fe:	0052      	lsls	r2, r2, #1
 8000700:	9201      	str	r2, [sp, #4]
          while(wait_loop_index != 0U)
 8000702:	e002      	b.n	800070a <HAL_ADC_ConfigChannel+0x122>
            wait_loop_index--;
 8000704:	9a01      	ldr	r2, [sp, #4]
 8000706:	3a01      	subs	r2, #1
 8000708:	9201      	str	r2, [sp, #4]
          while(wait_loop_index != 0U)
 800070a:	9a01      	ldr	r2, [sp, #4]
 800070c:	2a00      	cmp	r2, #0
 800070e:	d1f9      	bne.n	8000704 <HAL_ADC_ConfigChannel+0x11c>
  HAL_StatusTypeDef tmp_hal_status = HAL_OK;
 8000710:	2000      	movs	r0, #0
 8000712:	e7a1      	b.n	8000658 <HAL_ADC_ConfigChannel+0x70>
 8000714:	2000      	movs	r0, #0
 8000716:	e79f      	b.n	8000658 <HAL_ADC_ConfigChannel+0x70>
  __HAL_LOCK(hadc);
 8000718:	2002      	movs	r0, #2
 800071a:	e7a0      	b.n	800065e <HAL_ADC_ConfigChannel+0x76>
 800071c:	40012400 	.word	0x40012400
 8000720:	20000008 	.word	0x20000008
 8000724:	431bde83 	.word	0x431bde83

08000728 <ADC_Enable>:
  *         and voltage regulator must be enabled (done into HAL_ADC_Init()).
  * @param  hadc: ADC handle
  * @retval HAL status.
  */
HAL_StatusTypeDef ADC_Enable(ADC_HandleTypeDef* hadc)
{
 8000728:	b530      	push	{r4, r5, lr}
 800072a:	b083      	sub	sp, #12
  uint32_t tickstart = 0U;
  __IO uint32_t wait_loop_index = 0U;
 800072c:	2300      	movs	r3, #0
 800072e:	9301      	str	r3, [sp, #4]
  
  /* ADC enable and wait for ADC ready (in case of ADC is disabled or         */
  /* enabling phase not yet completed: flag ADC ready not yet set).           */
  /* Timeout implemented to not be stuck if ADC cannot be enabled (possible   */
  /* causes: ADC clock not running, ...).                                     */
  if (ADC_IS_ENABLE(hadc) == RESET)
 8000730:	6803      	ldr	r3, [r0, #0]
 8000732:	689a      	ldr	r2, [r3, #8]
 8000734:	f012 0f01 	tst.w	r2, #1
 8000738:	d133      	bne.n	80007a2 <ADC_Enable+0x7a>
 800073a:	4604      	mov	r4, r0
  {
    /* Enable the Peripheral */
    __HAL_ADC_ENABLE(hadc);
 800073c:	689a      	ldr	r2, [r3, #8]
 800073e:	f042 0201 	orr.w	r2, r2, #1
 8000742:	609a      	str	r2, [r3, #8]
    
    /* Delay for ADC stabilization time */
    /* Compute number of CPU cycles to wait for */
    wait_loop_index = (ADC_STAB_DELAY_US * (SystemCoreClock / 1000000U));
 8000744:	4b18      	ldr	r3, [pc, #96]	@ (80007a8 <ADC_Enable+0x80>)
 8000746:	681b      	ldr	r3, [r3, #0]
 8000748:	4a18      	ldr	r2, [pc, #96]	@ (80007ac <ADC_Enable+0x84>)
 800074a:	fba2 2303 	umull	r2, r3, r2, r3
 800074e:	0c9b      	lsrs	r3, r3, #18
 8000750:	9301      	str	r3, [sp, #4]
    while(wait_loop_index != 0U)
 8000752:	e002      	b.n	800075a <ADC_Enable+0x32>
    {
      wait_loop_index--;
 8000754:	9b01      	ldr	r3, [sp, #4]
 8000756:	3b01      	subs	r3, #1
 8000758:	9301      	str	r3, [sp, #4]
    while(wait_loop_index != 0U)
 800075a:	9b01      	ldr	r3, [sp, #4]
 800075c:	2b00      	cmp	r3, #0
 800075e:	d1f9      	bne.n	8000754 <ADC_Enable+0x2c>
    }
    
    /* Get tick count */
    tickstart = HAL_GetTick();
 8000760:	f7ff fe62 	bl	8000428 <HAL_GetTick>
 8000764:	4605      	mov	r5, r0

    /* Wait for ADC effectively enabled */
    while(ADC_IS_ENABLE(hadc) == RESET)
 8000766:	6823      	ldr	r3, [r4, #0]
 8000768:	689b      	ldr	r3, [r3, #8]
 800076a:	f013 0f01 	tst.w	r3, #1
 800076e:	d116      	bne.n	800079e <ADC_Enable+0x76>
    {
      if((HAL_GetTick() - tickstart) > ADC_ENABLE_TIMEOUT)
 8000770:	f7ff fe5a 	bl	8000428 <HAL_GetTick>
 8000774:	1b43      	subs	r3, r0, r5
 8000776:	2b02      	cmp	r3, #2
 8000778:	d9f5      	bls.n	8000766 <ADC_Enable+0x3e>
      {
        /* New check to avoid false timeout detection in case of preemption */
        if(ADC_IS_ENABLE(hadc) == RESET)
 800077a:	6823      	ldr	r3, [r4, #0]
 800077c:	689b      	ldr	r3, [r3, #8]
 800077e:	f013 0f01 	tst.w	r3, #1
 8000782:	d1f0      	bne.n	8000766 <ADC_Enable+0x3e>
        {
          /* Update ADC state machine to error */
          SET_BIT(hadc->State, HAL_ADC_STATE_ERROR_INTERNAL);
 8000784:	6aa3      	ldr	r3, [r4, #40]	@ 0x28
 8000786:	f043 0310 	orr.w	r3, r3, #16
 800078a:	62a3      	str	r3, [r4, #40]	@ 0x28

          /* Set ADC error code to ADC IP internal error */
          SET_BIT(hadc->ErrorCode, HAL_ADC_ERROR_INTERNAL);
 800078c:	6ae3      	ldr	r3, [r4, #44]	@ 0x2c
 800078e:	f043 0301 	orr.w	r3, r3, #1
 8000792:	62e3      	str	r3, [r4, #44]	@ 0x2c

          /* Process unlocked */
          __HAL_UNLOCK(hadc);
 8000794:	2300      	movs	r3, #0
 8000796:	f884 3024 	strb.w	r3, [r4, #36]	@ 0x24

          return HAL_ERROR;
 800079a:	2001      	movs	r0, #1
 800079c:	e002      	b.n	80007a4 <ADC_Enable+0x7c>
      }
    }
  }
   
  /* Return HAL status */
  return HAL_OK;
 800079e:	2000      	movs	r0, #0
 80007a0:	e000      	b.n	80007a4 <ADC_Enable+0x7c>
 80007a2:	2000      	movs	r0, #0
}
 80007a4:	b003      	add	sp, #12
 80007a6:	bd30      	pop	{r4, r5, pc}
 80007a8:	20000008 	.word	0x20000008
 80007ac:	431bde83 	.word	0x431bde83

080007b0 <HAL_ADC_Start>:
  __HAL_LOCK(hadc);
 80007b0:	f890 3024 	ldrb.w	r3, [r0, #36]	@ 0x24
 80007b4:	2b01      	cmp	r3, #1
 80007b6:	d068      	beq.n	800088a <HAL_ADC_Start+0xda>
{
 80007b8:	b510      	push	{r4, lr}
 80007ba:	4604      	mov	r4, r0
  __HAL_LOCK(hadc);
 80007bc:	2301      	movs	r3, #1
 80007be:	f880 3024 	strb.w	r3, [r0, #36]	@ 0x24
  tmp_hal_status = ADC_Enable(hadc);
 80007c2:	f7ff ffb1 	bl	8000728 <ADC_Enable>
  if (tmp_hal_status == HAL_OK)
 80007c6:	2800      	cmp	r0, #0
 80007c8:	d15b      	bne.n	8000882 <HAL_ADC_Start+0xd2>
    ADC_STATE_CLR_SET(hadc->State,
 80007ca:	6aa3      	ldr	r3, [r4, #40]	@ 0x28
 80007cc:	f423 7340 	bic.w	r3, r3, #768	@ 0x300
 80007d0:	f023 0301 	bic.w	r3, r3, #1
 80007d4:	f443 7380 	orr.w	r3, r3, #256	@ 0x100
 80007d8:	62a3      	str	r3, [r4, #40]	@ 0x28
    if (ADC_NONMULTIMODE_OR_MULTIMODEMASTER(hadc))
 80007da:	6823      	ldr	r3, [r4, #0]
 80007dc:	4a2c      	ldr	r2, [pc, #176]	@ (8000890 <HAL_ADC_Start+0xe0>)
 80007de:	4293      	cmp	r3, r2
 80007e0:	d027      	beq.n	8000832 <HAL_ADC_Start+0x82>
      CLEAR_BIT(hadc->State, HAL_ADC_STATE_MULTIMODE_SLAVE);
 80007e2:	6aa2      	ldr	r2, [r4, #40]	@ 0x28
 80007e4:	f422 1280 	bic.w	r2, r2, #1048576	@ 0x100000
 80007e8:	62a2      	str	r2, [r4, #40]	@ 0x28
      if (READ_BIT(hadc->Instance->CR1, ADC_CR1_JAUTO) != RESET)
 80007ea:	685a      	ldr	r2, [r3, #4]
 80007ec:	f412 6f80 	tst.w	r2, #1024	@ 0x400
 80007f0:	d005      	beq.n	80007fe <HAL_ADC_Start+0x4e>
        ADC_STATE_CLR_SET(hadc->State, HAL_ADC_STATE_INJ_EOC, HAL_ADC_STATE_INJ_BUSY);  
 80007f2:	6aa2      	ldr	r2, [r4, #40]	@ 0x28
 80007f4:	f422 5240 	bic.w	r2, r2, #12288	@ 0x3000
 80007f8:	f442 5280 	orr.w	r2, r2, #4096	@ 0x1000
 80007fc:	62a2      	str	r2, [r4, #40]	@ 0x28
    if (HAL_IS_BIT_SET(hadc->State, HAL_ADC_STATE_INJ_BUSY))
 80007fe:	6aa2      	ldr	r2, [r4, #40]	@ 0x28
 8000800:	f412 5f80 	tst.w	r2, #4096	@ 0x1000
 8000804:	d02b      	beq.n	800085e <HAL_ADC_Start+0xae>
      CLEAR_BIT(hadc->ErrorCode, (HAL_ADC_ERROR_OVR | HAL_ADC_ERROR_DMA));         
 8000806:	6ae2      	ldr	r2, [r4, #44]	@ 0x2c
 8000808:	f022 0206 	bic.w	r2, r2, #6
 800080c:	62e2      	str	r2, [r4, #44]	@ 0x2c
    __HAL_UNLOCK(hadc);
 800080e:	2200      	movs	r2, #0
 8000810:	f884 2024 	strb.w	r2, [r4, #36]	@ 0x24
    __HAL_ADC_CLEAR_FLAG(hadc, ADC_FLAG_EOC);
 8000814:	f06f 0202 	mvn.w	r2, #2
 8000818:	601a      	str	r2, [r3, #0]
    if (ADC_IS_SOFTWARE_START_REGULAR(hadc)      &&
 800081a:	6823      	ldr	r3, [r4, #0]
 800081c:	689a      	ldr	r2, [r3, #8]
 800081e:	f402 2260 	and.w	r2, r2, #917504	@ 0xe0000
 8000822:	f5b2 2f60 	cmp.w	r2, #917504	@ 0xe0000
 8000826:	d01d      	beq.n	8000864 <HAL_ADC_Start+0xb4>
      SET_BIT(hadc->Instance->CR2, ADC_CR2_EXTTRIG);
 8000828:	689a      	ldr	r2, [r3, #8]
 800082a:	f442 1280 	orr.w	r2, r2, #1048576	@ 0x100000
 800082e:	609a      	str	r2, [r3, #8]
 8000830:	e02a      	b.n	8000888 <HAL_ADC_Start+0xd8>
    if (ADC_NONMULTIMODE_OR_MULTIMODEMASTER(hadc))
 8000832:	f5a2 6280 	sub.w	r2, r2, #1024	@ 0x400
 8000836:	6852      	ldr	r2, [r2, #4]
 8000838:	f412 2f70 	tst.w	r2, #983040	@ 0xf0000
 800083c:	d0d1      	beq.n	80007e2 <HAL_ADC_Start+0x32>
      SET_BIT(hadc->State, HAL_ADC_STATE_MULTIMODE_SLAVE);
 800083e:	6aa2      	ldr	r2, [r4, #40]	@ 0x28
 8000840:	f442 1280 	orr.w	r2, r2, #1048576	@ 0x100000
 8000844:	62a2      	str	r2, [r4, #40]	@ 0x28
      if (ADC_MULTIMODE_AUTO_INJECTED(hadc))
 8000846:	4a13      	ldr	r2, [pc, #76]	@ (8000894 <HAL_ADC_Start+0xe4>)
 8000848:	6852      	ldr	r2, [r2, #4]
 800084a:	f412 6f80 	tst.w	r2, #1024	@ 0x400
 800084e:	d0d6      	beq.n	80007fe <HAL_ADC_Start+0x4e>
        ADC_STATE_CLR_SET(hadc->State, HAL_ADC_STATE_INJ_EOC, HAL_ADC_STATE_INJ_BUSY);
 8000850:	6aa2      	ldr	r2, [r4, #40]	@ 0x28
 8000852:	f422 5240 	bic.w	r2, r2, #12288	@ 0x3000
 8000856:	f442 5280 	orr.w	r2, r2, #4096	@ 0x1000
 800085a:	62a2      	str	r2, [r4, #40]	@ 0x28
 800085c:	e7cf      	b.n	80007fe <HAL_ADC_Start+0x4e>
      ADC_CLEAR_ERRORCODE(hadc);
 800085e:	2200      	movs	r2, #0
 8000860:	62e2      	str	r2, [r4, #44]	@ 0x2c
 8000862:	e7d4      	b.n	800080e <HAL_ADC_Start+0x5e>
    if (ADC_IS_SOFTWARE_START_REGULAR(hadc)      &&
 8000864:	4a0a      	ldr	r2, [pc, #40]	@ (8000890 <HAL_ADC_Start+0xe0>)
 8000866:	4293      	cmp	r3, r2
 8000868:	d004      	beq.n	8000874 <HAL_ADC_Start+0xc4>
      SET_BIT(hadc->Instance->CR2, (ADC_CR2_SWSTART | ADC_CR2_EXTTRIG));
 800086a:	689a      	ldr	r2, [r3, #8]
 800086c:	f442 02a0 	orr.w	r2, r2, #5242880	@ 0x500000
 8000870:	609a      	str	r2, [r3, #8]
 8000872:	e009      	b.n	8000888 <HAL_ADC_Start+0xd8>
        ADC_NONMULTIMODE_OR_MULTIMODEMASTER(hadc)  )
 8000874:	f5a2 6280 	sub.w	r2, r2, #1024	@ 0x400
 8000878:	6852      	ldr	r2, [r2, #4]
    if (ADC_IS_SOFTWARE_START_REGULAR(hadc)      &&
 800087a:	f412 2f70 	tst.w	r2, #983040	@ 0xf0000
 800087e:	d1d3      	bne.n	8000828 <HAL_ADC_Start+0x78>
 8000880:	e7f3      	b.n	800086a <HAL_ADC_Start+0xba>
    __HAL_UNLOCK(hadc);
 8000882:	2300      	movs	r3, #0
 8000884:	f884 3024 	strb.w	r3, [r4, #36]	@ 0x24
}
 8000888:	bd10      	pop	{r4, pc}
  __HAL_LOCK(hadc);
 800088a:	2002      	movs	r0, #2
}
 800088c:	4770      	bx	lr
 800088e:	bf00      	nop
 8000890:	40012800 	.word	0x40012800
 8000894:	40012400 	.word	0x40012400

08000898 <ADC_ConversionStop_Disable>:
  *         stopped to disable the ADC.
  * @param  hadc: ADC handle
  * @retval HAL status.
  */
HAL_StatusTypeDef ADC_ConversionStop_Disable(ADC_HandleTypeDef* hadc)
{
 8000898:	b538      	push	{r3, r4, r5, lr}
  uint32_t tickstart = 0U;
  
  /* Verification if ADC is not already disabled */
  if (ADC_IS_ENABLE(hadc) != RESET)
 800089a:	6803      	ldr	r3, [r0, #0]
 800089c:	689a      	ldr	r2, [r3, #8]
 800089e:	f012 0f01 	tst.w	r2, #1
 80008a2:	d101      	bne.n	80008a8 <ADC_ConversionStop_Disable+0x10>
      }
    }
  }
  
  /* Return HAL status */
  return HAL_OK;
 80008a4:	2000      	movs	r0, #0
}
 80008a6:	bd38      	pop	{r3, r4, r5, pc}
 80008a8:	4604      	mov	r4, r0
    __HAL_ADC_DISABLE(hadc);
 80008aa:	689a      	ldr	r2, [r3, #8]
 80008ac:	f022 0201 	bic.w	r2, r2, #1
 80008b0:	609a      	str	r2, [r3, #8]
    tickstart = HAL_GetTick();
 80008b2:	f7ff fdb9 	bl	8000428 <HAL_GetTick>
 80008b6:	4605      	mov	r5, r0
    while(ADC_IS_ENABLE(hadc) != RESET)
 80008b8:	6823      	ldr	r3, [r4, #0]
 80008ba:	689b      	ldr	r3, [r3, #8]
 80008bc:	f013 0f01 	tst.w	r3, #1
 80008c0:	d013      	beq.n	80008ea <ADC_ConversionStop_Disable+0x52>
      if((HAL_GetTick() - tickstart) > ADC_DISABLE_TIMEOUT)
 80008c2:	f7ff fdb1 	bl	8000428 <HAL_GetTick>
 80008c6:	1b43      	subs	r3, r0, r5
 80008c8:	2b02      	cmp	r3, #2
 80008ca:	d9f5      	bls.n	80008b8 <ADC_ConversionStop_Disable+0x20>
        if(ADC_IS_ENABLE(hadc) != RESET)
 80008cc:	6823      	ldr	r3, [r4, #0]
 80008ce:	689b      	ldr	r3, [r3, #8]
 80008d0:	f013 0f01 	tst.w	r3, #1
 80008d4:	d0f0      	beq.n	80008b8 <ADC_ConversionStop_Disable+0x20>
          SET_BIT(hadc->State, HAL_ADC_STATE_ERROR_INTERNAL);
 80008d6:	6aa3      	ldr	r3, [r4, #40]	@ 0x28
 80008d8:	f043 0310 	orr.w	r3, r3, #16
 80008dc:	62a3      	str	r3, [r4, #40]	@ 0x28
          SET_BIT(hadc->ErrorCode, HAL_ADC_ERROR_INTERNAL);
 80008de:	6ae3      	ldr	r3, [r4, #44]	@ 0x2c
 80008e0:	f043 0301 	orr.w	r3, r3, #1
 80008e4:	62e3      	str	r3, [r4, #44]	@ 0x2c
          return HAL_ERROR;
 80008e6:	2001      	movs	r0, #1
 80008e8:	e7dd      	b.n	80008a6 <ADC_ConversionStop_Disable+0xe>
  return HAL_OK;
 80008ea:	2000      	movs	r0, #0
 80008ec:	e7db      	b.n	80008a6 <ADC_ConversionStop_Disable+0xe>
	...

080008f0 <HAL_ADC_Init>:
  if(hadc == NULL)
 80008f0:	2800      	cmp	r0, #0
 80008f2:	d07b      	beq.n	80009ec <HAL_ADC_Init+0xfc>
{
 80008f4:	b570      	push	{r4, r5, r6, lr}
 80008f6:	4604      	mov	r4, r0
  if (hadc->State == HAL_ADC_STATE_RESET)
 80008f8:	6a83      	ldr	r3, [r0, #40]	@ 0x28
 80008fa:	2b00      	cmp	r3, #0
 80008fc:	d04d      	beq.n	800099a <HAL_ADC_Init+0xaa>
  tmp_hal_status = ADC_ConversionStop_Disable(hadc);
 80008fe:	4620      	mov	r0, r4
 8000900:	f7ff ffca 	bl	8000898 <ADC_ConversionStop_Disable>
  if (HAL_IS_BIT_CLR(hadc->State, HAL_ADC_STATE_ERROR_INTERNAL) &&
 8000904:	6aa3      	ldr	r3, [r4, #40]	@ 0x28
 8000906:	f013 0310 	ands.w	r3, r3, #16
 800090a:	d169      	bne.n	80009e0 <HAL_ADC_Init+0xf0>
 800090c:	2800      	cmp	r0, #0
 800090e:	d167      	bne.n	80009e0 <HAL_ADC_Init+0xf0>
    ADC_STATE_CLR_SET(hadc->State,
 8000910:	6aa2      	ldr	r2, [r4, #40]	@ 0x28
 8000912:	f422 5288 	bic.w	r2, r2, #4352	@ 0x1100
 8000916:	f022 0202 	bic.w	r2, r2, #2
 800091a:	f042 0202 	orr.w	r2, r2, #2
 800091e:	62a2      	str	r2, [r4, #40]	@ 0x28
    tmp_cr2 |= (hadc->Init.DataAlign                                          |
 8000920:	6862      	ldr	r2, [r4, #4]
                ADC_CFGR_EXTSEL(hadc, hadc->Init.ExternalTrigConv)            |
 8000922:	69e1      	ldr	r1, [r4, #28]
    tmp_cr2 |= (hadc->Init.DataAlign                                          |
 8000924:	430a      	orrs	r2, r1
                ADC_CR2_CONTINUOUS((uint32_t)hadc->Init.ContinuousConvMode)   );
 8000926:	7b21      	ldrb	r1, [r4, #12]
                ADC_CFGR_EXTSEL(hadc, hadc->Init.ExternalTrigConv)            |
 8000928:	ea42 0241 	orr.w	r2, r2, r1, lsl #1
    tmp_cr1 |= (ADC_CR1_SCAN_SET(hadc->Init.ScanConvMode));
 800092c:	68a5      	ldr	r5, [r4, #8]
 800092e:	f5b5 7f80 	cmp.w	r5, #256	@ 0x100
 8000932:	d002      	beq.n	800093a <HAL_ADC_Init+0x4a>
 8000934:	2d01      	cmp	r5, #1
 8000936:	d036      	beq.n	80009a6 <HAL_ADC_Init+0xb6>
 8000938:	461d      	mov	r5, r3
    if (hadc->Init.DiscontinuousConvMode == ENABLE)
 800093a:	7d26      	ldrb	r6, [r4, #20]
 800093c:	2e01      	cmp	r6, #1
 800093e:	d035      	beq.n	80009ac <HAL_ADC_Init+0xbc>
      MODIFY_REG(hadc->Instance->CR1,
 8000940:	6826      	ldr	r6, [r4, #0]
 8000942:	6871      	ldr	r1, [r6, #4]
 8000944:	f421 4169 	bic.w	r1, r1, #59648	@ 0xe900
 8000948:	4329      	orrs	r1, r5
 800094a:	6071      	str	r1, [r6, #4]
      MODIFY_REG(hadc->Instance->CR2,
 800094c:	6825      	ldr	r5, [r4, #0]
 800094e:	68ae      	ldr	r6, [r5, #8]
 8000950:	4927      	ldr	r1, [pc, #156]	@ (80009f0 <HAL_ADC_Init+0x100>)
 8000952:	4031      	ands	r1, r6
 8000954:	4311      	orrs	r1, r2
 8000956:	60a9      	str	r1, [r5, #8]
    if (ADC_CR1_SCAN_SET(hadc->Init.ScanConvMode) == ADC_SCAN_ENABLE)
 8000958:	68a1      	ldr	r1, [r4, #8]
 800095a:	f5b1 7f80 	cmp.w	r1, #256	@ 0x100
 800095e:	d001      	beq.n	8000964 <HAL_ADC_Init+0x74>
 8000960:	2901      	cmp	r1, #1
 8000962:	d102      	bne.n	800096a <HAL_ADC_Init+0x7a>
      tmp_sqr1 = ADC_SQR1_L_SHIFT(hadc->Init.NbrOfConversion);
 8000964:	6923      	ldr	r3, [r4, #16]
 8000966:	3b01      	subs	r3, #1
 8000968:	051b      	lsls	r3, r3, #20
    MODIFY_REG(hadc->Instance->SQR1,
 800096a:	6825      	ldr	r5, [r4, #0]
 800096c:	6ae9      	ldr	r1, [r5, #44]	@ 0x2c
 800096e:	f421 0170 	bic.w	r1, r1, #15728640	@ 0xf00000
 8000972:	430b      	orrs	r3, r1
 8000974:	62eb      	str	r3, [r5, #44]	@ 0x2c
    if (READ_BIT(hadc->Instance->CR2, ~(ADC_CR2_ADON | ADC_CR2_DMA |
 8000976:	6823      	ldr	r3, [r4, #0]
 8000978:	6899      	ldr	r1, [r3, #8]
 800097a:	4b1e      	ldr	r3, [pc, #120]	@ (80009f4 <HAL_ADC_Init+0x104>)
 800097c:	400b      	ands	r3, r1
 800097e:	429a      	cmp	r2, r3
 8000980:	d025      	beq.n	80009ce <HAL_ADC_Init+0xde>
      ADC_STATE_CLR_SET(hadc->State,
 8000982:	6aa3      	ldr	r3, [r4, #40]	@ 0x28
 8000984:	f023 0312 	bic.w	r3, r3, #18
 8000988:	f043 0310 	orr.w	r3, r3, #16
 800098c:	62a3      	str	r3, [r4, #40]	@ 0x28
      SET_BIT(hadc->ErrorCode, HAL_ADC_ERROR_INTERNAL);
 800098e:	6ae3      	ldr	r3, [r4, #44]	@ 0x2c
 8000990:	f043 0301 	orr.w	r3, r3, #1
 8000994:	62e3      	str	r3, [r4, #44]	@ 0x2c
      tmp_hal_status = HAL_ERROR;
 8000996:	2001      	movs	r0, #1
 8000998:	e027      	b.n	80009ea <HAL_ADC_Init+0xfa>
    ADC_CLEAR_ERRORCODE(hadc);
 800099a:	62c3      	str	r3, [r0, #44]	@ 0x2c
    hadc->Lock = HAL_UNLOCKED;
 800099c:	f880 3024 	strb.w	r3, [r0, #36]	@ 0x24
    HAL_ADC_MspInit(hadc);
 80009a0:	f000 f9c6 	bl	8000d30 <HAL_ADC_MspInit>
 80009a4:	e7ab      	b.n	80008fe <HAL_ADC_Init+0xe>
    tmp_cr1 |= (ADC_CR1_SCAN_SET(hadc->Init.ScanConvMode));
 80009a6:	f44f 7580 	mov.w	r5, #256	@ 0x100
 80009aa:	e7c6      	b.n	800093a <HAL_ADC_Init+0x4a>
      if (hadc->Init.ContinuousConvMode == DISABLE)
 80009ac:	b931      	cbnz	r1, 80009bc <HAL_ADC_Init+0xcc>
        SET_BIT(tmp_cr1, ADC_CR1_DISCEN                                            |
 80009ae:	69a1      	ldr	r1, [r4, #24]
 80009b0:	3901      	subs	r1, #1
 80009b2:	ea45 3141 	orr.w	r1, r5, r1, lsl #13
 80009b6:	f441 6500 	orr.w	r5, r1, #2048	@ 0x800
 80009ba:	e7c1      	b.n	8000940 <HAL_ADC_Init+0x50>
        SET_BIT(hadc->State, HAL_ADC_STATE_ERROR_CONFIG);
 80009bc:	6aa1      	ldr	r1, [r4, #40]	@ 0x28
 80009be:	f041 0120 	orr.w	r1, r1, #32
 80009c2:	62a1      	str	r1, [r4, #40]	@ 0x28
        SET_BIT(hadc->ErrorCode, HAL_ADC_ERROR_INTERNAL);
 80009c4:	6ae1      	ldr	r1, [r4, #44]	@ 0x2c
 80009c6:	f041 0101 	orr.w	r1, r1, #1
 80009ca:	62e1      	str	r1, [r4, #44]	@ 0x2c
 80009cc:	e7b8      	b.n	8000940 <HAL_ADC_Init+0x50>
      ADC_CLEAR_ERRORCODE(hadc);
 80009ce:	2300      	movs	r3, #0
 80009d0:	62e3      	str	r3, [r4, #44]	@ 0x2c
      ADC_STATE_CLR_SET(hadc->State,
 80009d2:	6aa3      	ldr	r3, [r4, #40]	@ 0x28
 80009d4:	f023 0303 	bic.w	r3, r3, #3
 80009d8:	f043 0301 	orr.w	r3, r3, #1
 80009dc:	62a3      	str	r3, [r4, #40]	@ 0x28
 80009de:	e004      	b.n	80009ea <HAL_ADC_Init+0xfa>
    SET_BIT(hadc->State, HAL_ADC_STATE_ERROR_INTERNAL);
 80009e0:	6aa3      	ldr	r3, [r4, #40]	@ 0x28
 80009e2:	f043 0310 	orr.w	r3, r3, #16
 80009e6:	62a3      	str	r3, [r4, #40]	@ 0x28
    tmp_hal_status = HAL_ERROR;
 80009e8:	2001      	movs	r0, #1
}
 80009ea:	bd70      	pop	{r4, r5, r6, pc}
    return HAL_ERROR;
 80009ec:	2001      	movs	r0, #1
}
 80009ee:	4770      	bx	lr
 80009f0:	ffe1f7fd 	.word	0xffe1f7fd
 80009f4:	ff1f0efe 	.word	0xff1f0efe

080009f8 <__NVIC_SetPriority>:
  \param [in]  priority  Priority to set.
  \note    The priority cannot be set for every processor exception.
 */
__STATIC_INLINE void __NVIC_SetPriority(IRQn_Type IRQn, uint32_t priority)
{
  if ((int32_t)(IRQn) >= 0)
 80009f8:	2800      	cmp	r0, #0
 80009fa:	db08      	blt.n	8000a0e <__NVIC_SetPriority+0x16>
  {
    NVIC->IP[((uint32_t)IRQn)]               = (uint8_t)((priority << (8U - __NVIC_PRIO_BITS)) & (uint32_t)0xFFUL);
 80009fc:	0109      	lsls	r1, r1, #4
 80009fe:	b2c9      	uxtb	r1, r1
 8000a00:	f100 4060 	add.w	r0, r0, #3758096384	@ 0xe0000000
 8000a04:	f500 4061 	add.w	r0, r0, #57600	@ 0xe100
 8000a08:	f880 1300 	strb.w	r1, [r0, #768]	@ 0x300
 8000a0c:	4770      	bx	lr
  }
  else
  {
    SCB->SHP[(((uint32_t)IRQn) & 0xFUL)-4UL] = (uint8_t)((priority << (8U - __NVIC_PRIO_BITS)) & (uint32_t)0xFFUL);
 8000a0e:	f000 000f 	and.w	r0, r0, #15
 8000a12:	0109      	lsls	r1, r1, #4
 8000a14:	b2c9      	uxtb	r1, r1
 8000a16:	4b01      	ldr	r3, [pc, #4]	@ (8000a1c <__NVIC_SetPriority+0x24>)
 8000a18:	5419      	strb	r1, [r3, r0]
  }
}
 8000a1a:	4770      	bx	lr
 8000a1c:	e000ed14 	.word	0xe000ed14

08000a20 <NVIC_EncodePriority>:
  \param [in]   PreemptPriority  Preemptive priority value (starting from 0).
  \param [in]       SubPriority  Subpriority value (starting from 0).
  \return                        Encoded priority. Value can be used in the function \ref NVIC_SetPriority().
 */
__STATIC_INLINE uint32_t NVIC_EncodePriority (uint32_t PriorityGroup, uint32_t PreemptPriority, uint32_t SubPriority)
{
 8000a20:	b500      	push	{lr}
  uint32_t PriorityGroupTmp = (PriorityGroup & (uint32_t)0x07UL);   /* only values 0..7 are used          */
 8000a22:	f000 0007 	and.w	r0, r0, #7
  uint32_t PreemptPriorityBits;
  uint32_t SubPriorityBits;

  PreemptPriorityBits = ((7UL - PriorityGroupTmp) > (uint32_t)(__NVIC_PRIO_BITS)) ? (uint32_t)(__NVIC_PRIO_BITS) : (uint32_t)(7UL - PriorityGroupTmp);
 8000a26:	f1c0 0c07 	rsb	ip, r0, #7
 8000a2a:	f1bc 0f04 	cmp.w	ip, #4
 8000a2e:	bf28      	it	cs
 8000a30:	f04f 0c04 	movcs.w	ip, #4
  SubPriorityBits     = ((PriorityGroupTmp + (uint32_t)(__NVIC_PRIO_BITS)) < (uint32_t)7UL) ? (uint32_t)0UL : (uint32_t)((PriorityGroupTmp - 7UL) + (uint32_t)(__NVIC_PRIO_BITS));
 8000a34:	1d03      	adds	r3, r0, #4
 8000a36:	2b06      	cmp	r3, #6
 8000a38:	d90f      	bls.n	8000a5a <NVIC_EncodePriority+0x3a>
 8000a3a:	1ec3      	subs	r3, r0, #3

  return (
           ((PreemptPriority & (uint32_t)((1UL << (PreemptPriorityBits)) - 1UL)) << SubPriorityBits) |
 8000a3c:	f04f 3eff 	mov.w	lr, #4294967295	@ 0xffffffff
 8000a40:	fa0e f00c 	lsl.w	r0, lr, ip
 8000a44:	ea21 0100 	bic.w	r1, r1, r0
 8000a48:	4099      	lsls	r1, r3
           ((SubPriority     & (uint32_t)((1UL << (SubPriorityBits    )) - 1UL)))
 8000a4a:	fa0e fe03 	lsl.w	lr, lr, r3
 8000a4e:	ea22 020e 	bic.w	r2, r2, lr
         );
}
 8000a52:	ea41 0002 	orr.w	r0, r1, r2
 8000a56:	f85d fb04 	ldr.w	pc, [sp], #4
  SubPriorityBits     = ((PriorityGroupTmp + (uint32_t)(__NVIC_PRIO_BITS)) < (uint32_t)7UL) ? (uint32_t)0UL : (uint32_t)((PriorityGroupTmp - 7UL) + (uint32_t)(__NVIC_PRIO_BITS));
 8000a5a:	2300      	movs	r3, #0
 8000a5c:	e7ee      	b.n	8000a3c <NVIC_EncodePriority+0x1c>
	...

08000a60 <HAL_NVIC_SetPriorityGrouping>:
  reg_value  =  SCB->AIRCR;                                                   /* read old register configuration    */
 8000a60:	4a07      	ldr	r2, [pc, #28]	@ (8000a80 <HAL_NVIC_SetPriorityGrouping+0x20>)
 8000a62:	68d3      	ldr	r3, [r2, #12]
  reg_value &= ~((uint32_t)(SCB_AIRCR_VECTKEY_Msk | SCB_AIRCR_PRIGROUP_Msk)); /* clear bits to change               */
 8000a64:	f423 63e0 	bic.w	r3, r3, #1792	@ 0x700
 8000a68:	041b      	lsls	r3, r3, #16
 8000a6a:	0c1b      	lsrs	r3, r3, #16
                (PriorityGroupTmp << SCB_AIRCR_PRIGROUP_Pos) );               /* Insert write key and priority group */
 8000a6c:	0200      	lsls	r0, r0, #8
 8000a6e:	f400 60e0 	and.w	r0, r0, #1792	@ 0x700
                ((uint32_t)0x5FAUL << SCB_AIRCR_VECTKEY_Pos) |
 8000a72:	4303      	orrs	r3, r0
  reg_value  =  (reg_value                                   |
 8000a74:	f043 63bf 	orr.w	r3, r3, #100139008	@ 0x5f80000
 8000a78:	f443 3300 	orr.w	r3, r3, #131072	@ 0x20000
  SCB->AIRCR =  reg_value;
 8000a7c:	60d3      	str	r3, [r2, #12]
  /* Check the parameters */
  assert_param(IS_NVIC_PRIORITY_GROUP(PriorityGroup));
  
  /* Set the PRIGROUP[10:8] bits according to the PriorityGroup parameter value */
  NVIC_SetPriorityGrouping(PriorityGroup);
}
 8000a7e:	4770      	bx	lr
 8000a80:	e000ed00 	.word	0xe000ed00

08000a84 <HAL_NVIC_SetPriority>:
  *         This parameter can be a value between 0 and 15
  *         A lower priority value indicates a higher priority.          
  * @retval None
  */
void HAL_NVIC_SetPriority(IRQn_Type IRQn, uint32_t PreemptPriority, uint32_t SubPriority)
{ 
 8000a84:	b510      	push	{r4, lr}
 8000a86:	4604      	mov	r4, r0
  return ((uint32_t)((SCB->AIRCR & SCB_AIRCR_PRIGROUP_Msk) >> SCB_AIRCR_PRIGROUP_Pos));
 8000a88:	4b05      	ldr	r3, [pc, #20]	@ (8000aa0 <HAL_NVIC_SetPriority+0x1c>)
 8000a8a:	68d8      	ldr	r0, [r3, #12]
  assert_param(IS_NVIC_SUB_PRIORITY(SubPriority));
  assert_param(IS_NVIC_PREEMPTION_PRIORITY(PreemptPriority));
  
  prioritygroup = NVIC_GetPriorityGrouping();
  
  NVIC_SetPriority(IRQn, NVIC_EncodePriority(prioritygroup, PreemptPriority, SubPriority));
 8000a8c:	f3c0 2002 	ubfx	r0, r0, #8, #3
 8000a90:	f7ff ffc6 	bl	8000a20 <NVIC_EncodePriority>
 8000a94:	4601      	mov	r1, r0
 8000a96:	4620      	mov	r0, r4
 8000a98:	f7ff ffae 	bl	80009f8 <__NVIC_SetPriority>
}
 8000a9c:	bd10      	pop	{r4, pc}
 8000a9e:	bf00      	nop
 8000aa0:	e000ed00 	.word	0xe000ed00

08000aa4 <HAL_SYSTICK_Config>:
           function <b>SysTick_Config</b> is not included. In this case, the file <b><i>device</i>.h</b>
           must contain a vendor-specific implementation of this function.
 */
__STATIC_INLINE uint32_t SysTick_Config(uint32_t ticks)
{
  if ((ticks - 1UL) > SysTick_LOAD_RELOAD_Msk)
 8000aa4:	3801      	subs	r0, #1
 8000aa6:	f1b0 7f80 	cmp.w	r0, #16777216	@ 0x1000000
 8000aaa:	d20b      	bcs.n	8000ac4 <HAL_SYSTICK_Config+0x20>
  {
    return (1UL);                                                   /* Reload value impossible */
  }

  SysTick->LOAD  = (uint32_t)(ticks - 1UL);                         /* set reload register */
 8000aac:	f04f 23e0 	mov.w	r3, #3758153728	@ 0xe000e000
 8000ab0:	6158      	str	r0, [r3, #20]
    SCB->SHP[(((uint32_t)IRQn) & 0xFUL)-4UL] = (uint8_t)((priority << (8U - __NVIC_PRIO_BITS)) & (uint32_t)0xFFUL);
 8000ab2:	4a05      	ldr	r2, [pc, #20]	@ (8000ac8 <HAL_SYSTICK_Config+0x24>)
 8000ab4:	21f0      	movs	r1, #240	@ 0xf0
 8000ab6:	f882 1023 	strb.w	r1, [r2, #35]	@ 0x23
  NVIC_SetPriority (SysTick_IRQn, (1UL << __NVIC_PRIO_BITS) - 1UL); /* set Priority for Systick Interrupt */
  SysTick->VAL   = 0UL;                                             /* Load the SysTick Counter Value */
 8000aba:	2000      	movs	r0, #0
 8000abc:	6198      	str	r0, [r3, #24]
  SysTick->CTRL  = SysTick_CTRL_CLKSOURCE_Msk |
 8000abe:	2207      	movs	r2, #7
 8000ac0:	611a      	str	r2, [r3, #16]
                   SysTick_CTRL_TICKINT_Msk   |
                   SysTick_CTRL_ENABLE_Msk;                         /* Enable SysTick IRQ and SysTick Timer */
  return (0UL);                                                     /* Function successful */
 8000ac2:	4770      	bx	lr
    return (1UL);                                                   /* Reload value impossible */
 8000ac4:	2001      	movs	r0, #1
  *                  - 1  Function failed.
  */
uint32_t HAL_SYSTICK_Config(uint32_t TicksNumb)
{
   return SysTick_Config(TicksNumb);
}
 8000ac6:	4770      	bx	lr
 8000ac8:	e000ed00 	.word	0xe000ed00

08000acc <HAL_GPIO_Init>:
  * @param  GPIO_Init: pointer to a GPIO_InitTypeDef structure that contains
  *         the configuration information for the specified GPIO peripheral.
  * @retval None
  */
void HAL_GPIO_Init(GPIO_TypeDef  *GPIOx, GPIO_InitTypeDef *GPIO_Init)
{
 8000acc:	b570      	push	{r4, r5, r6, lr}
 8000ace:	b082      	sub	sp, #8
  uint32_t position = 0x00u;
  uint32_t ioposition;
  uint32_t iocurrent;
  uint32_t temp;
  uint32_t config = 0x00u;
 8000ad0:	2400      	movs	r4, #0
  uint32_t position = 0x00u;
 8000ad2:	46a4      	mov	ip, r4
  assert_param(IS_GPIO_ALL_INSTANCE(GPIOx));
  assert_param(IS_GPIO_PIN(GPIO_Init->Pin));
  assert_param(IS_GPIO_MODE(GPIO_Init->Mode));

  /* Configure the port pins */
  while (((GPIO_Init->Pin) >> position) != 0x00u)
 8000ad4:	e09e      	b.n	8000c14 <HAL_GPIO_Init+0x148>
    {
      /* Check the Alternate function parameters */
      assert_param(IS_GPIO_AF_INSTANCE(GPIOx));

      /* Based on the required mode, filling config variable with MODEy[1:0] and CNFy[3:2] corresponding bits */
      switch (GPIO_Init->Mode)
 8000ad6:	4d7c      	ldr	r5, [pc, #496]	@ (8000cc8 <HAL_GPIO_Init+0x1fc>)
 8000ad8:	42ab      	cmp	r3, r5
 8000ada:	d014      	beq.n	8000b06 <HAL_GPIO_Init+0x3a>
 8000adc:	d80c      	bhi.n	8000af8 <HAL_GPIO_Init+0x2c>
 8000ade:	f5a5 1580 	sub.w	r5, r5, #1048576	@ 0x100000
 8000ae2:	42ab      	cmp	r3, r5
 8000ae4:	d00f      	beq.n	8000b06 <HAL_GPIO_Init+0x3a>
 8000ae6:	f505 2570 	add.w	r5, r5, #983040	@ 0xf0000
 8000aea:	42ab      	cmp	r3, r5
 8000aec:	d00b      	beq.n	8000b06 <HAL_GPIO_Init+0x3a>
 8000aee:	f5a5 1580 	sub.w	r5, r5, #1048576	@ 0x100000
 8000af2:	42ab      	cmp	r3, r5
 8000af4:	d11f      	bne.n	8000b36 <HAL_GPIO_Init+0x6a>
 8000af6:	e006      	b.n	8000b06 <HAL_GPIO_Init+0x3a>
 8000af8:	4d74      	ldr	r5, [pc, #464]	@ (8000ccc <HAL_GPIO_Init+0x200>)
 8000afa:	42ab      	cmp	r3, r5
 8000afc:	d003      	beq.n	8000b06 <HAL_GPIO_Init+0x3a>
 8000afe:	f505 3580 	add.w	r5, r5, #65536	@ 0x10000
 8000b02:	42ab      	cmp	r3, r5
 8000b04:	d117      	bne.n	8000b36 <HAL_GPIO_Init+0x6a>
        case GPIO_MODE_EVT_RISING:
        case GPIO_MODE_EVT_FALLING:
        case GPIO_MODE_EVT_RISING_FALLING:
          /* Check the GPIO pull parameter */
          assert_param(IS_GPIO_PULL(GPIO_Init->Pull));
          if (GPIO_Init->Pull == GPIO_NOPULL)
 8000b06:	688b      	ldr	r3, [r1, #8]
 8000b08:	b1a3      	cbz	r3, 8000b34 <HAL_GPIO_Init+0x68>
          {
            config = GPIO_CR_MODE_INPUT + GPIO_CR_CNF_INPUT_FLOATING;
          }
          else if (GPIO_Init->Pull == GPIO_PULLUP)
 8000b0a:	2b01      	cmp	r3, #1
 8000b0c:	d00d      	beq.n	8000b2a <HAL_GPIO_Init+0x5e>
          else /* GPIO_PULLDOWN */
          {
            config = GPIO_CR_MODE_INPUT + GPIO_CR_CNF_INPUT_PU_PD;

            /* Reset the corresponding ODR bit */
            GPIOx->BRR = ioposition;
 8000b0e:	6142      	str	r2, [r0, #20]
            config = GPIO_CR_MODE_INPUT + GPIO_CR_CNF_INPUT_PU_PD;
 8000b10:	2408      	movs	r4, #8
 8000b12:	e010      	b.n	8000b36 <HAL_GPIO_Init+0x6a>
          config = GPIO_Init->Speed + GPIO_CR_CNF_GP_OUTPUT_PP;
 8000b14:	68cc      	ldr	r4, [r1, #12]
          break;
 8000b16:	e00e      	b.n	8000b36 <HAL_GPIO_Init+0x6a>
          config = GPIO_Init->Speed + GPIO_CR_CNF_GP_OUTPUT_OD;
 8000b18:	68cc      	ldr	r4, [r1, #12]
 8000b1a:	3404      	adds	r4, #4
          break;
 8000b1c:	e00b      	b.n	8000b36 <HAL_GPIO_Init+0x6a>
          config = GPIO_Init->Speed + GPIO_CR_CNF_AF_OUTPUT_PP;
 8000b1e:	68cc      	ldr	r4, [r1, #12]
 8000b20:	3408      	adds	r4, #8
          break;
 8000b22:	e008      	b.n	8000b36 <HAL_GPIO_Init+0x6a>
          config = GPIO_Init->Speed + GPIO_CR_CNF_AF_OUTPUT_OD;
 8000b24:	68cc      	ldr	r4, [r1, #12]
 8000b26:	340c      	adds	r4, #12
          break;
 8000b28:	e005      	b.n	8000b36 <HAL_GPIO_Init+0x6a>
            GPIOx->BSRR = ioposition;
 8000b2a:	6102      	str	r2, [r0, #16]
            config = GPIO_CR_MODE_INPUT + GPIO_CR_CNF_INPUT_PU_PD;
 8000b2c:	2408      	movs	r4, #8
 8000b2e:	e002      	b.n	8000b36 <HAL_GPIO_Init+0x6a>
          }
          break;

        /* If we are configuring the pin in INPUT analog mode */
        case GPIO_MODE_ANALOG:
          config = GPIO_CR_MODE_INPUT + GPIO_CR_CNF_ANALOG;
 8000b30:	2400      	movs	r4, #0
 8000b32:	e000      	b.n	8000b36 <HAL_GPIO_Init+0x6a>
            config = GPIO_CR_MODE_INPUT + GPIO_CR_CNF_INPUT_FLOATING;
 8000b34:	2404      	movs	r4, #4
          break;
      }

      /* Check if the current bit belongs to first half or last half of the pin count number
       in order to address CRH or CRL register*/
      configregister = (iocurrent < GPIO_PIN_8) ? &GPIOx->CRL     : &GPIOx->CRH;
 8000b36:	f1be 0fff 	cmp.w	lr, #255	@ 0xff
 8000b3a:	d837      	bhi.n	8000bac <HAL_GPIO_Init+0xe0>
 8000b3c:	4606      	mov	r6, r0
      registeroffset = (iocurrent < GPIO_PIN_8) ? (position << 2u) : ((position - 8u) << 2u);
 8000b3e:	ea4f 028c 	mov.w	r2, ip, lsl #2

      /* Apply the new configuration of the pin to the register */
      MODIFY_REG((*configregister), ((GPIO_CRL_MODE0 | GPIO_CRL_CNF0) << registeroffset), (config << registeroffset));
 8000b42:	6833      	ldr	r3, [r6, #0]
 8000b44:	250f      	movs	r5, #15
 8000b46:	4095      	lsls	r5, r2
 8000b48:	ea23 0305 	bic.w	r3, r3, r5
 8000b4c:	fa04 f202 	lsl.w	r2, r4, r2
 8000b50:	4313      	orrs	r3, r2
 8000b52:	6033      	str	r3, [r6, #0]

      /*--------------------- EXTI Mode Configuration ------------------------*/
      /* Configure the External Interrupt or event for the current IO */
      if ((GPIO_Init->Mode & EXTI_MODE) == EXTI_MODE)
 8000b54:	684b      	ldr	r3, [r1, #4]
 8000b56:	f013 5f80 	tst.w	r3, #268435456	@ 0x10000000
 8000b5a:	d059      	beq.n	8000c10 <HAL_GPIO_Init+0x144>
      {
        /* Enable AFIO Clock */
        __HAL_RCC_AFIO_CLK_ENABLE();
 8000b5c:	4b5c      	ldr	r3, [pc, #368]	@ (8000cd0 <HAL_GPIO_Init+0x204>)
 8000b5e:	699a      	ldr	r2, [r3, #24]
 8000b60:	f042 0201 	orr.w	r2, r2, #1
 8000b64:	619a      	str	r2, [r3, #24]
 8000b66:	699b      	ldr	r3, [r3, #24]
 8000b68:	f003 0301 	and.w	r3, r3, #1
 8000b6c:	9301      	str	r3, [sp, #4]
 8000b6e:	9b01      	ldr	r3, [sp, #4]
        temp = AFIO->EXTICR[position >> 2u];
 8000b70:	ea4f 029c 	mov.w	r2, ip, lsr #2
 8000b74:	1c95      	adds	r5, r2, #2
 8000b76:	4b57      	ldr	r3, [pc, #348]	@ (8000cd4 <HAL_GPIO_Init+0x208>)
 8000b78:	f853 6025 	ldr.w	r6, [r3, r5, lsl #2]
        CLEAR_BIT(temp, (0x0Fu) << (4u * (position & 0x03u)));
 8000b7c:	f00c 0503 	and.w	r5, ip, #3
 8000b80:	00ad      	lsls	r5, r5, #2
 8000b82:	230f      	movs	r3, #15
 8000b84:	40ab      	lsls	r3, r5
 8000b86:	ea26 0603 	bic.w	r6, r6, r3
        SET_BIT(temp, (GPIO_GET_INDEX(GPIOx)) << (4u * (position & 0x03u)));
 8000b8a:	4b53      	ldr	r3, [pc, #332]	@ (8000cd8 <HAL_GPIO_Init+0x20c>)
 8000b8c:	4298      	cmp	r0, r3
 8000b8e:	d014      	beq.n	8000bba <HAL_GPIO_Init+0xee>
 8000b90:	f503 6380 	add.w	r3, r3, #1024	@ 0x400
 8000b94:	4298      	cmp	r0, r3
 8000b96:	d079      	beq.n	8000c8c <HAL_GPIO_Init+0x1c0>
 8000b98:	f503 6380 	add.w	r3, r3, #1024	@ 0x400
 8000b9c:	4298      	cmp	r0, r3
 8000b9e:	d077      	beq.n	8000c90 <HAL_GPIO_Init+0x1c4>
 8000ba0:	f503 6380 	add.w	r3, r3, #1024	@ 0x400
 8000ba4:	4298      	cmp	r0, r3
 8000ba6:	d006      	beq.n	8000bb6 <HAL_GPIO_Init+0xea>
 8000ba8:	2304      	movs	r3, #4
 8000baa:	e007      	b.n	8000bbc <HAL_GPIO_Init+0xf0>
      configregister = (iocurrent < GPIO_PIN_8) ? &GPIOx->CRL     : &GPIOx->CRH;
 8000bac:	1d06      	adds	r6, r0, #4
      registeroffset = (iocurrent < GPIO_PIN_8) ? (position << 2u) : ((position - 8u) << 2u);
 8000bae:	f1ac 0208 	sub.w	r2, ip, #8
 8000bb2:	0092      	lsls	r2, r2, #2
 8000bb4:	e7c5      	b.n	8000b42 <HAL_GPIO_Init+0x76>
        SET_BIT(temp, (GPIO_GET_INDEX(GPIOx)) << (4u * (position & 0x03u)));
 8000bb6:	2303      	movs	r3, #3
 8000bb8:	e000      	b.n	8000bbc <HAL_GPIO_Init+0xf0>
 8000bba:	2300      	movs	r3, #0
 8000bbc:	40ab      	lsls	r3, r5
 8000bbe:	4333      	orrs	r3, r6
        AFIO->EXTICR[position >> 2u] = temp;
 8000bc0:	3202      	adds	r2, #2
 8000bc2:	4d44      	ldr	r5, [pc, #272]	@ (8000cd4 <HAL_GPIO_Init+0x208>)
 8000bc4:	f845 3022 	str.w	r3, [r5, r2, lsl #2]


        /* Enable or disable the rising trigger */
        if ((GPIO_Init->Mode & RISING_EDGE) == RISING_EDGE)
 8000bc8:	684b      	ldr	r3, [r1, #4]
 8000bca:	f413 1f80 	tst.w	r3, #1048576	@ 0x100000
 8000bce:	d061      	beq.n	8000c94 <HAL_GPIO_Init+0x1c8>
        {
          SET_BIT(EXTI->RTSR, iocurrent);
 8000bd0:	4a42      	ldr	r2, [pc, #264]	@ (8000cdc <HAL_GPIO_Init+0x210>)
 8000bd2:	6893      	ldr	r3, [r2, #8]
 8000bd4:	ea43 030e 	orr.w	r3, r3, lr
 8000bd8:	6093      	str	r3, [r2, #8]
        {
          CLEAR_BIT(EXTI->RTSR, iocurrent);
        }

        /* Enable or disable the falling trigger */
        if ((GPIO_Init->Mode & FALLING_EDGE) == FALLING_EDGE)
 8000bda:	684b      	ldr	r3, [r1, #4]
 8000bdc:	f413 1f00 	tst.w	r3, #2097152	@ 0x200000
 8000be0:	d05e      	beq.n	8000ca0 <HAL_GPIO_Init+0x1d4>
        {
          SET_BIT(EXTI->FTSR, iocurrent);
 8000be2:	4a3e      	ldr	r2, [pc, #248]	@ (8000cdc <HAL_GPIO_Init+0x210>)
 8000be4:	68d3      	ldr	r3, [r2, #12]
 8000be6:	ea43 030e 	orr.w	r3, r3, lr
 8000bea:	60d3      	str	r3, [r2, #12]
        {
          CLEAR_BIT(EXTI->FTSR, iocurrent);
        }

        /* Configure the event mask */
        if ((GPIO_Init->Mode & GPIO_MODE_EVT) == GPIO_MODE_EVT)
 8000bec:	684b      	ldr	r3, [r1, #4]
 8000bee:	f413 3f00 	tst.w	r3, #131072	@ 0x20000
 8000bf2:	d05b      	beq.n	8000cac <HAL_GPIO_Init+0x1e0>
        {
          SET_BIT(EXTI->EMR, iocurrent);
 8000bf4:	4a39      	ldr	r2, [pc, #228]	@ (8000cdc <HAL_GPIO_Init+0x210>)
 8000bf6:	6853      	ldr	r3, [r2, #4]
 8000bf8:	ea43 030e 	orr.w	r3, r3, lr
 8000bfc:	6053      	str	r3, [r2, #4]
        {
          CLEAR_BIT(EXTI->EMR, iocurrent);
        }

        /* Configure the interrupt mask */
        if ((GPIO_Init->Mode & GPIO_MODE_IT) == GPIO_MODE_IT)
 8000bfe:	684b      	ldr	r3, [r1, #4]
 8000c00:	f413 3f80 	tst.w	r3, #65536	@ 0x10000
 8000c04:	d058      	beq.n	8000cb8 <HAL_GPIO_Init+0x1ec>
        {
          SET_BIT(EXTI->IMR, iocurrent);
 8000c06:	4a35      	ldr	r2, [pc, #212]	@ (8000cdc <HAL_GPIO_Init+0x210>)
 8000c08:	6813      	ldr	r3, [r2, #0]
 8000c0a:	ea43 030e 	orr.w	r3, r3, lr
 8000c0e:	6013      	str	r3, [r2, #0]
          CLEAR_BIT(EXTI->IMR, iocurrent);
        }
      }
    }

	position++;
 8000c10:	f10c 0c01 	add.w	ip, ip, #1
  while (((GPIO_Init->Pin) >> position) != 0x00u)
 8000c14:	680b      	ldr	r3, [r1, #0]
 8000c16:	fa33 f20c 	lsrs.w	r2, r3, ip
 8000c1a:	d053      	beq.n	8000cc4 <HAL_GPIO_Init+0x1f8>
    ioposition = (0x01uL << position);
 8000c1c:	2201      	movs	r2, #1
 8000c1e:	fa02 f20c 	lsl.w	r2, r2, ip
    iocurrent = (uint32_t)(GPIO_Init->Pin) & ioposition;
 8000c22:	ea03 0e02 	and.w	lr, r3, r2
    if (iocurrent == ioposition)
 8000c26:	ea32 0303 	bics.w	r3, r2, r3
 8000c2a:	d1f1      	bne.n	8000c10 <HAL_GPIO_Init+0x144>
      switch (GPIO_Init->Mode)
 8000c2c:	684b      	ldr	r3, [r1, #4]
 8000c2e:	2b12      	cmp	r3, #18
 8000c30:	f63f af51 	bhi.w	8000ad6 <HAL_GPIO_Init+0xa>
 8000c34:	2b12      	cmp	r3, #18
 8000c36:	f63f af7e 	bhi.w	8000b36 <HAL_GPIO_Init+0x6a>
 8000c3a:	a501      	add	r5, pc, #4	@ (adr r5, 8000c40 <HAL_GPIO_Init+0x174>)
 8000c3c:	f855 f023 	ldr.w	pc, [r5, r3, lsl #2]
 8000c40:	08000b07 	.word	0x08000b07
 8000c44:	08000b15 	.word	0x08000b15
 8000c48:	08000b1f 	.word	0x08000b1f
 8000c4c:	08000b31 	.word	0x08000b31
 8000c50:	08000b37 	.word	0x08000b37
 8000c54:	08000b37 	.word	0x08000b37
 8000c58:	08000b37 	.word	0x08000b37
 8000c5c:	08000b37 	.word	0x08000b37
 8000c60:	08000b37 	.word	0x08000b37
 8000c64:	08000b37 	.word	0x08000b37
 8000c68:	08000b37 	.word	0x08000b37
 8000c6c:	08000b37 	.word	0x08000b37
 8000c70:	08000b37 	.word	0x08000b37
 8000c74:	08000b37 	.word	0x08000b37
 8000c78:	08000b37 	.word	0x08000b37
 8000c7c:	08000b37 	.word	0x08000b37
 8000c80:	08000b37 	.word	0x08000b37
 8000c84:	08000b19 	.word	0x08000b19
 8000c88:	08000b25 	.word	0x08000b25
        SET_BIT(temp, (GPIO_GET_INDEX(GPIOx)) << (4u * (position & 0x03u)));
 8000c8c:	2301      	movs	r3, #1
 8000c8e:	e795      	b.n	8000bbc <HAL_GPIO_Init+0xf0>
 8000c90:	2302      	movs	r3, #2
 8000c92:	e793      	b.n	8000bbc <HAL_GPIO_Init+0xf0>
          CLEAR_BIT(EXTI->RTSR, iocurrent);
 8000c94:	4a11      	ldr	r2, [pc, #68]	@ (8000cdc <HAL_GPIO_Init+0x210>)
 8000c96:	6893      	ldr	r3, [r2, #8]
 8000c98:	ea23 030e 	bic.w	r3, r3, lr
 8000c9c:	6093      	str	r3, [r2, #8]
 8000c9e:	e79c      	b.n	8000bda <HAL_GPIO_Init+0x10e>
          CLEAR_BIT(EXTI->FTSR, iocurrent);
 8000ca0:	4a0e      	ldr	r2, [pc, #56]	@ (8000cdc <HAL_GPIO_Init+0x210>)
 8000ca2:	68d3      	ldr	r3, [r2, #12]
 8000ca4:	ea23 030e 	bic.w	r3, r3, lr
 8000ca8:	60d3      	str	r3, [r2, #12]
 8000caa:	e79f      	b.n	8000bec <HAL_GPIO_Init+0x120>
          CLEAR_BIT(EXTI->EMR, iocurrent);
 8000cac:	4a0b      	ldr	r2, [pc, #44]	@ (8000cdc <HAL_GPIO_Init+0x210>)
 8000cae:	6853      	ldr	r3, [r2, #4]
 8000cb0:	ea23 030e 	bic.w	r3, r3, lr
 8000cb4:	6053      	str	r3, [r2, #4]
 8000cb6:	e7a2      	b.n	8000bfe <HAL_GPIO_Init+0x132>
          CLEAR_BIT(EXTI->IMR, iocurrent);
 8000cb8:	4a08      	ldr	r2, [pc, #32]	@ (8000cdc <HAL_GPIO_Init+0x210>)
 8000cba:	6813      	ldr	r3, [r2, #0]
 8000cbc:	ea23 030e 	bic.w	r3, r3, lr
 8000cc0:	6013      	str	r3, [r2, #0]
 8000cc2:	e7a5      	b.n	8000c10 <HAL_GPIO_Init+0x144>
  }
}
 8000cc4:	b002      	add	sp, #8
 8000cc6:	bd70      	pop	{r4, r5, r6, pc}
 8000cc8:	10220000 	.word	0x10220000
 8000ccc:	10310000 	.word	0x10310000
 8000cd0:	40021000 	.word	0x40021000
 8000cd4:	40010000 	.word	0x40010000
 8000cd8:	40010800 	.word	0x40010800
 8000cdc:	40010400 	.word	0x40010400

08000ce0 <HAL_GPIO_WritePin>:
{
  /* Check the parameters */
  assert_param(IS_GPIO_PIN(GPIO_Pin));
  assert_param(IS_GPIO_PIN_ACTION(PinState));

  if (PinState != GPIO_PIN_RESET)
 8000ce0:	b10a      	cbz	r2, 8000ce6 <HAL_GPIO_WritePin+0x6>
  {
    GPIOx->BSRR = GPIO_Pin;
 8000ce2:	6101      	str	r1, [r0, #16]
 8000ce4:	4770      	bx	lr
  }
  else
  {
    GPIOx->BSRR = (uint32_t)GPIO_Pin << 16u;
 8000ce6:	0409      	lsls	r1, r1, #16
 8000ce8:	6101      	str	r1, [r0, #16]
  }
}
 8000cea:	4770      	bx	lr

08000cec <HAL_MspInit>:
void HAL_TIM_MspPostInit(TIM_HandleTypeDef *htim);
                    /**
  * Initializes the Global MSP.
  */
void HAL_MspInit(void)
{
 8000cec:	b082      	sub	sp, #8

  /* USER CODE BEGIN MspInit 0 */

  /* USER CODE END MspInit 0 */

  __HAL_RCC_AFIO_CLK_ENABLE();
 8000cee:	4b0e      	ldr	r3, [pc, #56]	@ (8000d28 <HAL_MspInit+0x3c>)
 8000cf0:	699a      	ldr	r2, [r3, #24]
 8000cf2:	f042 0201 	orr.w	r2, r2, #1
 8000cf6:	619a      	str	r2, [r3, #24]
 8000cf8:	699a      	ldr	r2, [r3, #24]
 8000cfa:	f002 0201 	and.w	r2, r2, #1
 8000cfe:	9200      	str	r2, [sp, #0]
 8000d00:	9a00      	ldr	r2, [sp, #0]
  __HAL_RCC_PWR_CLK_ENABLE();
 8000d02:	69da      	ldr	r2, [r3, #28]
 8000d04:	f042 5280 	orr.w	r2, r2, #268435456	@ 0x10000000
 8000d08:	61da      	str	r2, [r3, #28]
 8000d0a:	69db      	ldr	r3, [r3, #28]
 8000d0c:	f003 5380 	and.w	r3, r3, #268435456	@ 0x10000000
 8000d10:	9301      	str	r3, [sp, #4]
 8000d12:	9b01      	ldr	r3, [sp, #4]

  /* System interrupt init*/

  /** NOJTAG: JTAG-DP Disabled and SW-DP Enabled
  */
  __HAL_AFIO_REMAP_SWJ_NOJTAG();
 8000d14:	4a05      	ldr	r2, [pc, #20]	@ (8000d2c <HAL_MspInit+0x40>)
 8000d16:	6853      	ldr	r3, [r2, #4]
 8000d18:	f023 63e0 	bic.w	r3, r3, #117440512	@ 0x7000000
 8000d1c:	f043 7300 	orr.w	r3, r3, #33554432	@ 0x2000000
 8000d20:	6053      	str	r3, [r2, #4]

  /* USER CODE BEGIN MspInit 1 */

  /* USER CODE END MspInit 1 */
}
 8000d22:	b002      	add	sp, #8
 8000d24:	4770      	bx	lr
 8000d26:	bf00      	nop
 8000d28:	40021000 	.word	0x40021000
 8000d2c:	40010000 	.word	0x40010000

08000d30 <HAL_ADC_MspInit>:
* This function configures the hardware resources used in this example
* @param hadc: ADC handle pointer
* @retval None
*/
void HAL_ADC_MspInit(ADC_HandleTypeDef* hadc)
{
 8000d30:	b500      	push	{lr}
 8000d32:	b087      	sub	sp, #28
  GPIO_InitTypeDef GPIO_InitStruct = {0};
 8000d34:	2300      	movs	r3, #0
 8000d36:	9302      	str	r3, [sp, #8]
 8000d38:	9303      	str	r3, [sp, #12]
 8000d3a:	9304      	str	r3, [sp, #16]
 8000d3c:	9305      	str	r3, [sp, #20]
  if(hadc->Instance==ADC1)
 8000d3e:	6802      	ldr	r2, [r0, #0]
 8000d40:	4b11      	ldr	r3, [pc, #68]	@ (8000d88 <HAL_ADC_MspInit+0x58>)
 8000d42:	429a      	cmp	r2, r3
 8000d44:	d002      	beq.n	8000d4c <HAL_ADC_MspInit+0x1c>

  /* USER CODE END ADC1_MspInit 1 */

  }

}
 8000d46:	b007      	add	sp, #28
 8000d48:	f85d fb04 	ldr.w	pc, [sp], #4
    __HAL_RCC_ADC1_CLK_ENABLE();
 8000d4c:	f503 436c 	add.w	r3, r3, #60416	@ 0xec00
 8000d50:	699a      	ldr	r2, [r3, #24]
 8000d52:	f442 7200 	orr.w	r2, r2, #512	@ 0x200
 8000d56:	619a      	str	r2, [r3, #24]
 8000d58:	699a      	ldr	r2, [r3, #24]
 8000d5a:	f402 7200 	and.w	r2, r2, #512	@ 0x200
 8000d5e:	9200      	str	r2, [sp, #0]
 8000d60:	9a00      	ldr	r2, [sp, #0]
    __HAL_RCC_GPIOA_CLK_ENABLE();
 8000d62:	699a      	ldr	r2, [r3, #24]
 8000d64:	f042 0204 	orr.w	r2, r2, #4
 8000d68:	619a      	str	r2, [r3, #24]
 8000d6a:	699b      	ldr	r3, [r3, #24]
 8000d6c:	f003 0304 	and.w	r3, r3, #4
 8000d70:	9301      	str	r3, [sp, #4]
 8000d72:	9b01      	ldr	r3, [sp, #4]
    GPIO_InitStruct.Pin = GPIO_PIN_0;
 8000d74:	2301      	movs	r3, #1
 8000d76:	9302      	str	r3, [sp, #8]
    GPIO_InitStruct.Mode = GPIO_MODE_ANALOG;
 8000d78:	2303      	movs	r3, #3
 8000d7a:	9303      	str	r3, [sp, #12]
    HAL_GPIO_Init(GPIOA, &GPIO_InitStruct);
 8000d7c:	a902      	add	r1, sp, #8
 8000d7e:	4803      	ldr	r0, [pc, #12]	@ (8000d8c <HAL_ADC_MspInit+0x5c>)
 8000d80:	f7ff fea4 	bl	8000acc <HAL_GPIO_Init>
}
 8000d84:	e7df      	b.n	8000d46 <HAL_ADC_MspInit+0x16>
 8000d86:	bf00      	nop
 8000d88:	40012400 	.word	0x40012400
 8000d8c:	40010800 	.word	0x40010800

08000d90 <HAL_TIM_PWM_MspInit>:
* @param htim_pwm: TIM_PWM handle pointer
* @retval None
*/
void HAL_TIM_PWM_MspInit(TIM_HandleTypeDef* htim_pwm)
{
  if(htim_pwm->Instance==TIM1)
 8000d90:	6802      	ldr	r2, [r0, #0]
 8000d92:	4b09      	ldr	r3, [pc, #36]	@ (8000db8 <HAL_TIM_PWM_MspInit+0x28>)
 8000d94:	429a      	cmp	r2, r3
 8000d96:	d000      	beq.n	8000d9a <HAL_TIM_PWM_MspInit+0xa>
 8000d98:	4770      	bx	lr
{
 8000d9a:	b082      	sub	sp, #8
  {
  /* USER CODE BEGIN TIM1_MspInit 0 */

  /* USER CODE END TIM1_MspInit 0 */
    /* Peripheral clock enable */
    __HAL_RCC_TIM1_CLK_ENABLE();
 8000d9c:	f503 4364 	add.w	r3, r3, #58368	@ 0xe400
 8000da0:	699a      	ldr	r2, [r3, #24]
 8000da2:	f442 6200 	orr.w	r2, r2, #2048	@ 0x800
 8000da6:	619a      	str	r2, [r3, #24]
 8000da8:	699b      	ldr	r3, [r3, #24]
 8000daa:	f403 6300 	and.w	r3, r3, #2048	@ 0x800
 8000dae:	9301      	str	r3, [sp, #4]
 8000db0:	9b01      	ldr	r3, [sp, #4]

  /* USER CODE END TIM1_MspInit 1 */

  }

}
 8000db2:	b002      	add	sp, #8
 8000db4:	4770      	bx	lr
 8000db6:	bf00      	nop
 8000db8:	40012c00 	.word	0x40012c00

08000dbc <HAL_TIM_MspPostInit>:

void HAL_TIM_MspPostInit(TIM_HandleTypeDef* htim)
{
 8000dbc:	b500      	push	{lr}
 8000dbe:	b087      	sub	sp, #28
  GPIO_InitTypeDef GPIO_InitStruct = {0};
 8000dc0:	2300      	movs	r3, #0
 8000dc2:	9302      	str	r3, [sp, #8]
 8000dc4:	9303      	str	r3, [sp, #12]
 8000dc6:	9304      	str	r3, [sp, #16]
 8000dc8:	9305      	str	r3, [sp, #20]
  if(htim->Instance==TIM1)
 8000dca:	6802      	ldr	r2, [r0, #0]
 8000dcc:	4b0d      	ldr	r3, [pc, #52]	@ (8000e04 <HAL_TIM_MspPostInit+0x48>)
 8000dce:	429a      	cmp	r2, r3
 8000dd0:	d002      	beq.n	8000dd8 <HAL_TIM_MspPostInit+0x1c>
  /* USER CODE BEGIN TIM1_MspPostInit 1 */

  /* USER CODE END TIM1_MspPostInit 1 */
  }

}
 8000dd2:	b007      	add	sp, #28
 8000dd4:	f85d fb04 	ldr.w	pc, [sp], #4
    __HAL_RCC_GPIOA_CLK_ENABLE();
 8000dd8:	f503 4364 	add.w	r3, r3, #58368	@ 0xe400
 8000ddc:	699a      	ldr	r2, [r3, #24]
 8000dde:	f042 0204 	orr.w	r2, r2, #4
 8000de2:	619a      	str	r2, [r3, #24]
 8000de4:	699b      	ldr	r3, [r3, #24]
 8000de6:	f003 0304 	and.w	r3, r3, #4
 8000dea:	9301      	str	r3, [sp, #4]
 8000dec:	9b01      	ldr	r3, [sp, #4]
    GPIO_InitStruct.Pin = GPIO_PIN_8;
 8000dee:	f44f 7380 	mov.w	r3, #256	@ 0x100
 8000df2:	9302      	str	r3, [sp, #8]
    GPIO_InitStruct.Mode = GPIO_MODE_AF_PP;
 8000df4:	2302      	movs	r3, #2
 8000df6:	9303      	str	r3, [sp, #12]
    GPIO_InitStruct.Speed = GPIO_SPEED_FREQ_LOW;
 8000df8:	9305      	str	r3, [sp, #20]
    HAL_GPIO_Init(GPIOA, &GPIO_InitStruct);
 8000dfa:	a902      	add	r1, sp, #8
 8000dfc:	4802      	ldr	r0, [pc, #8]	@ (8000e08 <HAL_TIM_MspPostInit+0x4c>)
 8000dfe:	f7ff fe65 	bl	8000acc <HAL_GPIO_Init>
}
 8000e02:	e7e6      	b.n	8000dd2 <HAL_TIM_MspPostInit+0x16>
 8000e04:	40012c00 	.word	0x40012c00
 8000e08:	40010800 	.word	0x40010800

08000e0c <RCC_Delay>:
  * @brief  This function provides delay (in milliseconds) based on CPU cycles method.
  * @param  mdelay: specifies the delay time length, in milliseconds.
  * @retval None
  */
static void RCC_Delay(uint32_t mdelay)
{
 8000e0c:	b082      	sub	sp, #8
  __IO uint32_t Delay = mdelay * (SystemCoreClock / 8U / 1000U);
 8000e0e:	4b08      	ldr	r3, [pc, #32]	@ (8000e30 <RCC_Delay+0x24>)
 8000e10:	681b      	ldr	r3, [r3, #0]
 8000e12:	4a08      	ldr	r2, [pc, #32]	@ (8000e34 <RCC_Delay+0x28>)
 8000e14:	fba2 2303 	umull	r2, r3, r2, r3
 8000e18:	0a5b      	lsrs	r3, r3, #9
 8000e1a:	fb00 f303 	mul.w	r3, r0, r3
 8000e1e:	9301      	str	r3, [sp, #4]
  do
  {
    __NOP();
 8000e20:	bf00      	nop
  }
  while (Delay --);
 8000e22:	9b01      	ldr	r3, [sp, #4]
 8000e24:	1e5a      	subs	r2, r3, #1
 8000e26:	9201      	str	r2, [sp, #4]
 8000e28:	2b00      	cmp	r3, #0
 8000e2a:	d1f9      	bne.n	8000e20 <RCC_Delay+0x14>
}
 8000e2c:	b002      	add	sp, #8
 8000e2e:	4770      	bx	lr
 8000e30:	20000008 	.word	0x20000008
 8000e34:	10624dd3 	.word	0x10624dd3

08000e38 <HAL_RCC_OscConfig>:
  if (RCC_OscInitStruct == NULL)
 8000e38:	2800      	cmp	r0, #0
 8000e3a:	f000 81f1 	beq.w	8001220 <HAL_RCC_OscConfig+0x3e8>
{
 8000e3e:	b570      	push	{r4, r5, r6, lr}
 8000e40:	b082      	sub	sp, #8
 8000e42:	4604      	mov	r4, r0
  if (((RCC_OscInitStruct->OscillatorType) & RCC_OSCILLATORTYPE_HSE) == RCC_OSCILLATORTYPE_HSE)
 8000e44:	6803      	ldr	r3, [r0, #0]
 8000e46:	f013 0f01 	tst.w	r3, #1
 8000e4a:	d02c      	beq.n	8000ea6 <HAL_RCC_OscConfig+0x6e>
    if ((__HAL_RCC_GET_SYSCLK_SOURCE() == RCC_SYSCLKSOURCE_STATUS_HSE)
 8000e4c:	4b99      	ldr	r3, [pc, #612]	@ (80010b4 <HAL_RCC_OscConfig+0x27c>)
 8000e4e:	685b      	ldr	r3, [r3, #4]
 8000e50:	f003 030c 	and.w	r3, r3, #12
 8000e54:	2b04      	cmp	r3, #4
 8000e56:	d01d      	beq.n	8000e94 <HAL_RCC_OscConfig+0x5c>
        || ((__HAL_RCC_GET_SYSCLK_SOURCE() == RCC_SYSCLKSOURCE_STATUS_PLLCLK) && (__HAL_RCC_GET_PLL_OSCSOURCE() == RCC_PLLSOURCE_HSE)))
 8000e58:	4b96      	ldr	r3, [pc, #600]	@ (80010b4 <HAL_RCC_OscConfig+0x27c>)
 8000e5a:	685b      	ldr	r3, [r3, #4]
 8000e5c:	f003 030c 	and.w	r3, r3, #12
 8000e60:	2b08      	cmp	r3, #8
 8000e62:	d012      	beq.n	8000e8a <HAL_RCC_OscConfig+0x52>
      __HAL_RCC_HSE_CONFIG(RCC_OscInitStruct->HSEState);
 8000e64:	6863      	ldr	r3, [r4, #4]
 8000e66:	f5b3 3f80 	cmp.w	r3, #65536	@ 0x10000
 8000e6a:	d041      	beq.n	8000ef0 <HAL_RCC_OscConfig+0xb8>
 8000e6c:	2b00      	cmp	r3, #0
 8000e6e:	d155      	bne.n	8000f1c <HAL_RCC_OscConfig+0xe4>
 8000e70:	f103 4380 	add.w	r3, r3, #1073741824	@ 0x40000000
 8000e74:	f503 3304 	add.w	r3, r3, #135168	@ 0x21000
 8000e78:	681a      	ldr	r2, [r3, #0]
 8000e7a:	f422 3280 	bic.w	r2, r2, #65536	@ 0x10000
 8000e7e:	601a      	str	r2, [r3, #0]
 8000e80:	681a      	ldr	r2, [r3, #0]
 8000e82:	f422 2280 	bic.w	r2, r2, #262144	@ 0x40000
 8000e86:	601a      	str	r2, [r3, #0]
 8000e88:	e037      	b.n	8000efa <HAL_RCC_OscConfig+0xc2>
        || ((__HAL_RCC_GET_SYSCLK_SOURCE() == RCC_SYSCLKSOURCE_STATUS_PLLCLK) && (__HAL_RCC_GET_PLL_OSCSOURCE() == RCC_PLLSOURCE_HSE)))
 8000e8a:	4b8a      	ldr	r3, [pc, #552]	@ (80010b4 <HAL_RCC_OscConfig+0x27c>)
 8000e8c:	685b      	ldr	r3, [r3, #4]
 8000e8e:	f413 3f80 	tst.w	r3, #65536	@ 0x10000
 8000e92:	d0e7      	beq.n	8000e64 <HAL_RCC_OscConfig+0x2c>
      if ((__HAL_RCC_GET_FLAG(RCC_FLAG_HSERDY) != RESET) && (RCC_OscInitStruct->HSEState == RCC_HSE_OFF))
 8000e94:	4b87      	ldr	r3, [pc, #540]	@ (80010b4 <HAL_RCC_OscConfig+0x27c>)
 8000e96:	681b      	ldr	r3, [r3, #0]
 8000e98:	f413 3f00 	tst.w	r3, #131072	@ 0x20000
 8000e9c:	d003      	beq.n	8000ea6 <HAL_RCC_OscConfig+0x6e>
 8000e9e:	6863      	ldr	r3, [r4, #4]
 8000ea0:	2b00      	cmp	r3, #0
 8000ea2:	f000 81bf 	beq.w	8001224 <HAL_RCC_OscConfig+0x3ec>
  if (((RCC_OscInitStruct->OscillatorType) & RCC_OSCILLATORTYPE_HSI) == RCC_OSCILLATORTYPE_HSI)
 8000ea6:	6823      	ldr	r3, [r4, #0]
 8000ea8:	f013 0f02 	tst.w	r3, #2
 8000eac:	d075      	beq.n	8000f9a <HAL_RCC_OscConfig+0x162>
    if ((__HAL_RCC_GET_SYSCLK_SOURCE() == RCC_SYSCLKSOURCE_STATUS_HSI)
 8000eae:	4b81      	ldr	r3, [pc, #516]	@ (80010b4 <HAL_RCC_OscConfig+0x27c>)
 8000eb0:	685b      	ldr	r3, [r3, #4]
 8000eb2:	f013 0f0c 	tst.w	r3, #12
 8000eb6:	d05f      	beq.n	8000f78 <HAL_RCC_OscConfig+0x140>
        || ((__HAL_RCC_GET_SYSCLK_SOURCE() == RCC_SYSCLKSOURCE_STATUS_PLLCLK) && (__HAL_RCC_GET_PLL_OSCSOURCE() == RCC_PLLSOURCE_HSI_DIV2)))
 8000eb8:	4b7e      	ldr	r3, [pc, #504]	@ (80010b4 <HAL_RCC_OscConfig+0x27c>)
 8000eba:	685b      	ldr	r3, [r3, #4]
 8000ebc:	f003 030c 	and.w	r3, r3, #12
 8000ec0:	2b08      	cmp	r3, #8
 8000ec2:	d054      	beq.n	8000f6e <HAL_RCC_OscConfig+0x136>
      if (RCC_OscInitStruct->HSIState != RCC_HSI_OFF)
 8000ec4:	6923      	ldr	r3, [r4, #16]
 8000ec6:	2b00      	cmp	r3, #0
 8000ec8:	f000 808a 	beq.w	8000fe0 <HAL_RCC_OscConfig+0x1a8>
        __HAL_RCC_HSI_ENABLE();
 8000ecc:	4b7a      	ldr	r3, [pc, #488]	@ (80010b8 <HAL_RCC_OscConfig+0x280>)
 8000ece:	2201      	movs	r2, #1
 8000ed0:	601a      	str	r2, [r3, #0]
        tickstart = HAL_GetTick();
 8000ed2:	f7ff faa9 	bl	8000428 <HAL_GetTick>
 8000ed6:	4605      	mov	r5, r0
        while (__HAL_RCC_GET_FLAG(RCC_FLAG_HSIRDY) == RESET)
 8000ed8:	4b76      	ldr	r3, [pc, #472]	@ (80010b4 <HAL_RCC_OscConfig+0x27c>)
 8000eda:	681b      	ldr	r3, [r3, #0]
 8000edc:	f013 0f02 	tst.w	r3, #2
 8000ee0:	d175      	bne.n	8000fce <HAL_RCC_OscConfig+0x196>
          if ((HAL_GetTick() - tickstart) > HSI_TIMEOUT_VALUE)
 8000ee2:	f7ff faa1 	bl	8000428 <HAL_GetTick>
 8000ee6:	1b40      	subs	r0, r0, r5
 8000ee8:	2802      	cmp	r0, #2
 8000eea:	d9f5      	bls.n	8000ed8 <HAL_RCC_OscConfig+0xa0>
            return HAL_TIMEOUT;
 8000eec:	2003      	movs	r0, #3
 8000eee:	e19e      	b.n	800122e <HAL_RCC_OscConfig+0x3f6>
      __HAL_RCC_HSE_CONFIG(RCC_OscInitStruct->HSEState);
 8000ef0:	4a70      	ldr	r2, [pc, #448]	@ (80010b4 <HAL_RCC_OscConfig+0x27c>)
 8000ef2:	6813      	ldr	r3, [r2, #0]
 8000ef4:	f443 3380 	orr.w	r3, r3, #65536	@ 0x10000
 8000ef8:	6013      	str	r3, [r2, #0]
      if (RCC_OscInitStruct->HSEState != RCC_HSE_OFF)
 8000efa:	6863      	ldr	r3, [r4, #4]
 8000efc:	b343      	cbz	r3, 8000f50 <HAL_RCC_OscConfig+0x118>
        tickstart = HAL_GetTick();
 8000efe:	f7ff fa93 	bl	8000428 <HAL_GetTick>
 8000f02:	4605      	mov	r5, r0
        while (__HAL_RCC_GET_FLAG(RCC_FLAG_HSERDY) == RESET)
 8000f04:	4b6b      	ldr	r3, [pc, #428]	@ (80010b4 <HAL_RCC_OscConfig+0x27c>)
 8000f06:	681b      	ldr	r3, [r3, #0]
 8000f08:	f413 3f00 	tst.w	r3, #131072	@ 0x20000
 8000f0c:	d1cb      	bne.n	8000ea6 <HAL_RCC_OscConfig+0x6e>
          if ((HAL_GetTick() - tickstart) > HSE_TIMEOUT_VALUE)
 8000f0e:	f7ff fa8b 	bl	8000428 <HAL_GetTick>
 8000f12:	1b40      	subs	r0, r0, r5
 8000f14:	2864      	cmp	r0, #100	@ 0x64
 8000f16:	d9f5      	bls.n	8000f04 <HAL_RCC_OscConfig+0xcc>
            return HAL_TIMEOUT;
 8000f18:	2003      	movs	r0, #3
 8000f1a:	e188      	b.n	800122e <HAL_RCC_OscConfig+0x3f6>
      __HAL_RCC_HSE_CONFIG(RCC_OscInitStruct->HSEState);
 8000f1c:	f5b3 2fa0 	cmp.w	r3, #327680	@ 0x50000
 8000f20:	d009      	beq.n	8000f36 <HAL_RCC_OscConfig+0xfe>
 8000f22:	4b64      	ldr	r3, [pc, #400]	@ (80010b4 <HAL_RCC_OscConfig+0x27c>)
 8000f24:	681a      	ldr	r2, [r3, #0]
 8000f26:	f422 3280 	bic.w	r2, r2, #65536	@ 0x10000
 8000f2a:	601a      	str	r2, [r3, #0]
 8000f2c:	681a      	ldr	r2, [r3, #0]
 8000f2e:	f422 2280 	bic.w	r2, r2, #262144	@ 0x40000
 8000f32:	601a      	str	r2, [r3, #0]
 8000f34:	e7e1      	b.n	8000efa <HAL_RCC_OscConfig+0xc2>
 8000f36:	f103 4380 	add.w	r3, r3, #1073741824	@ 0x40000000
 8000f3a:	f5a3 333c 	sub.w	r3, r3, #192512	@ 0x2f000
 8000f3e:	681a      	ldr	r2, [r3, #0]
 8000f40:	f442 2280 	orr.w	r2, r2, #262144	@ 0x40000
 8000f44:	601a      	str	r2, [r3, #0]
 8000f46:	681a      	ldr	r2, [r3, #0]
 8000f48:	f442 3280 	orr.w	r2, r2, #65536	@ 0x10000
 8000f4c:	601a      	str	r2, [r3, #0]
 8000f4e:	e7d4      	b.n	8000efa <HAL_RCC_OscConfig+0xc2>
        tickstart = HAL_GetTick();
 8000f50:	f7ff fa6a 	bl	8000428 <HAL_GetTick>
 8000f54:	4605      	mov	r5, r0
        while (__HAL_RCC_GET_FLAG(RCC_FLAG_HSERDY) != RESET)
 8000f56:	4b57      	ldr	r3, [pc, #348]	@ (80010b4 <HAL_RCC_OscConfig+0x27c>)
 8000f58:	681b      	ldr	r3, [r3, #0]
 8000f5a:	f413 3f00 	tst.w	r3, #131072	@ 0x20000
 8000f5e:	d0a2      	beq.n	8000ea6 <HAL_RCC_OscConfig+0x6e>
          if ((HAL_GetTick() - tickstart) > HSE_TIMEOUT_VALUE)
 8000f60:	f7ff fa62 	bl	8000428 <HAL_GetTick>
 8000f64:	1b40      	subs	r0, r0, r5
 8000f66:	2864      	cmp	r0, #100	@ 0x64
 8000f68:	d9f5      	bls.n	8000f56 <HAL_RCC_OscConfig+0x11e>
            return HAL_TIMEOUT;
 8000f6a:	2003      	movs	r0, #3
 8000f6c:	e15f      	b.n	800122e <HAL_RCC_OscConfig+0x3f6>
        || ((__HAL_RCC_GET_SYSCLK_SOURCE() == RCC_SYSCLKSOURCE_STATUS_PLLCLK) && (__HAL_RCC_GET_PLL_OSCSOURCE() == RCC_PLLSOURCE_HSI_DIV2)))
 8000f6e:	4b51      	ldr	r3, [pc, #324]	@ (80010b4 <HAL_RCC_OscConfig+0x27c>)
 8000f70:	685b      	ldr	r3, [r3, #4]
 8000f72:	f413 3f80 	tst.w	r3, #65536	@ 0x10000
 8000f76:	d1a5      	bne.n	8000ec4 <HAL_RCC_OscConfig+0x8c>
      if ((__HAL_RCC_GET_FLAG(RCC_FLAG_HSIRDY) != RESET) && (RCC_OscInitStruct->HSIState != RCC_HSI_ON))
 8000f78:	4b4e      	ldr	r3, [pc, #312]	@ (80010b4 <HAL_RCC_OscConfig+0x27c>)
 8000f7a:	681b      	ldr	r3, [r3, #0]
 8000f7c:	f013 0f02 	tst.w	r3, #2
 8000f80:	d003      	beq.n	8000f8a <HAL_RCC_OscConfig+0x152>
 8000f82:	6923      	ldr	r3, [r4, #16]
 8000f84:	2b01      	cmp	r3, #1
 8000f86:	f040 814f 	bne.w	8001228 <HAL_RCC_OscConfig+0x3f0>
        __HAL_RCC_HSI_CALIBRATIONVALUE_ADJUST(RCC_OscInitStruct->HSICalibrationValue);
 8000f8a:	4a4a      	ldr	r2, [pc, #296]	@ (80010b4 <HAL_RCC_OscConfig+0x27c>)
 8000f8c:	6813      	ldr	r3, [r2, #0]
 8000f8e:	f023 03f8 	bic.w	r3, r3, #248	@ 0xf8
 8000f92:	6961      	ldr	r1, [r4, #20]
 8000f94:	ea43 03c1 	orr.w	r3, r3, r1, lsl #3
 8000f98:	6013      	str	r3, [r2, #0]
  if (((RCC_OscInitStruct->OscillatorType) & RCC_OSCILLATORTYPE_LSI) == RCC_OSCILLATORTYPE_LSI)
 8000f9a:	6823      	ldr	r3, [r4, #0]
 8000f9c:	f013 0f08 	tst.w	r3, #8
 8000fa0:	d033      	beq.n	800100a <HAL_RCC_OscConfig+0x1d2>
    if (RCC_OscInitStruct->LSIState != RCC_LSI_OFF)
 8000fa2:	69a3      	ldr	r3, [r4, #24]
 8000fa4:	2b00      	cmp	r3, #0
 8000fa6:	d05c      	beq.n	8001062 <HAL_RCC_OscConfig+0x22a>
      __HAL_RCC_LSI_ENABLE();
 8000fa8:	4b43      	ldr	r3, [pc, #268]	@ (80010b8 <HAL_RCC_OscConfig+0x280>)
 8000faa:	2201      	movs	r2, #1
 8000fac:	f8c3 2480 	str.w	r2, [r3, #1152]	@ 0x480
      tickstart = HAL_GetTick();
 8000fb0:	f7ff fa3a 	bl	8000428 <HAL_GetTick>
 8000fb4:	4605      	mov	r5, r0
      while (__HAL_RCC_GET_FLAG(RCC_FLAG_LSIRDY) == RESET)
 8000fb6:	4b3f      	ldr	r3, [pc, #252]	@ (80010b4 <HAL_RCC_OscConfig+0x27c>)
 8000fb8:	6a5b      	ldr	r3, [r3, #36]	@ 0x24
 8000fba:	f013 0f02 	tst.w	r3, #2
 8000fbe:	d121      	bne.n	8001004 <HAL_RCC_OscConfig+0x1cc>
        if ((HAL_GetTick() - tickstart) > LSI_TIMEOUT_VALUE)
 8000fc0:	f7ff fa32 	bl	8000428 <HAL_GetTick>
 8000fc4:	1b40      	subs	r0, r0, r5
 8000fc6:	2802      	cmp	r0, #2
 8000fc8:	d9f5      	bls.n	8000fb6 <HAL_RCC_OscConfig+0x17e>
          return HAL_TIMEOUT;
 8000fca:	2003      	movs	r0, #3
 8000fcc:	e12f      	b.n	800122e <HAL_RCC_OscConfig+0x3f6>
        __HAL_RCC_HSI_CALIBRATIONVALUE_ADJUST(RCC_OscInitStruct->HSICalibrationValue);
 8000fce:	4a39      	ldr	r2, [pc, #228]	@ (80010b4 <HAL_RCC_OscConfig+0x27c>)
 8000fd0:	6813      	ldr	r3, [r2, #0]
 8000fd2:	f023 03f8 	bic.w	r3, r3, #248	@ 0xf8
 8000fd6:	6961      	ldr	r1, [r4, #20]
 8000fd8:	ea43 03c1 	orr.w	r3, r3, r1, lsl #3
 8000fdc:	6013      	str	r3, [r2, #0]
 8000fde:	e7dc      	b.n	8000f9a <HAL_RCC_OscConfig+0x162>
        __HAL_RCC_HSI_DISABLE();
 8000fe0:	4b35      	ldr	r3, [pc, #212]	@ (80010b8 <HAL_RCC_OscConfig+0x280>)
 8000fe2:	2200      	movs	r2, #0
 8000fe4:	601a      	str	r2, [r3, #0]
        tickstart = HAL_GetTick();
 8000fe6:	f7ff fa1f 	bl	8000428 <HAL_GetTick>
 8000fea:	4605      	mov	r5, r0
        while (__HAL_RCC_GET_FLAG(RCC_FLAG_HSIRDY) != RESET)
 8000fec:	4b31      	ldr	r3, [pc, #196]	@ (80010b4 <HAL_RCC_OscConfig+0x27c>)
 8000fee:	681b      	ldr	r3, [r3, #0]
 8000ff0:	f013 0f02 	tst.w	r3, #2
 8000ff4:	d0d1      	beq.n	8000f9a <HAL_RCC_OscConfig+0x162>
          if ((HAL_GetTick() - tickstart) > HSI_TIMEOUT_VALUE)
 8000ff6:	f7ff fa17 	bl	8000428 <HAL_GetTick>
 8000ffa:	1b40      	subs	r0, r0, r5
 8000ffc:	2802      	cmp	r0, #2
 8000ffe:	d9f5      	bls.n	8000fec <HAL_RCC_OscConfig+0x1b4>
            return HAL_TIMEOUT;
 8001000:	2003      	movs	r0, #3
 8001002:	e114      	b.n	800122e <HAL_RCC_OscConfig+0x3f6>
      RCC_Delay(1);
 8001004:	2001      	movs	r0, #1
 8001006:	f7ff ff01 	bl	8000e0c <RCC_Delay>
  if (((RCC_OscInitStruct->OscillatorType) & RCC_OSCILLATORTYPE_LSE) == RCC_OSCILLATORTYPE_LSE)
 800100a:	6823      	ldr	r3, [r4, #0]
 800100c:	f013 0f04 	tst.w	r3, #4
 8001010:	f000 8096 	beq.w	8001140 <HAL_RCC_OscConfig+0x308>
    if (__HAL_RCC_PWR_IS_CLK_DISABLED())
 8001014:	4b27      	ldr	r3, [pc, #156]	@ (80010b4 <HAL_RCC_OscConfig+0x27c>)
 8001016:	69db      	ldr	r3, [r3, #28]
 8001018:	f013 5f80 	tst.w	r3, #268435456	@ 0x10000000
 800101c:	d134      	bne.n	8001088 <HAL_RCC_OscConfig+0x250>
      __HAL_RCC_PWR_CLK_ENABLE();
 800101e:	4b25      	ldr	r3, [pc, #148]	@ (80010b4 <HAL_RCC_OscConfig+0x27c>)
 8001020:	69da      	ldr	r2, [r3, #28]
 8001022:	f042 5280 	orr.w	r2, r2, #268435456	@ 0x10000000
 8001026:	61da      	str	r2, [r3, #28]
 8001028:	69db      	ldr	r3, [r3, #28]
 800102a:	f003 5380 	and.w	r3, r3, #268435456	@ 0x10000000
 800102e:	9301      	str	r3, [sp, #4]
 8001030:	9b01      	ldr	r3, [sp, #4]
      pwrclkchanged = SET;
 8001032:	2501      	movs	r5, #1
    if (HAL_IS_BIT_CLR(PWR->CR, PWR_CR_DBP))
 8001034:	4b21      	ldr	r3, [pc, #132]	@ (80010bc <HAL_RCC_OscConfig+0x284>)
 8001036:	681b      	ldr	r3, [r3, #0]
 8001038:	f413 7f80 	tst.w	r3, #256	@ 0x100
 800103c:	d026      	beq.n	800108c <HAL_RCC_OscConfig+0x254>
    __HAL_RCC_LSE_CONFIG(RCC_OscInitStruct->LSEState);
 800103e:	68e3      	ldr	r3, [r4, #12]
 8001040:	2b01      	cmp	r3, #1
 8001042:	d03d      	beq.n	80010c0 <HAL_RCC_OscConfig+0x288>
 8001044:	2b00      	cmp	r3, #0
 8001046:	d153      	bne.n	80010f0 <HAL_RCC_OscConfig+0x2b8>
 8001048:	f103 4380 	add.w	r3, r3, #1073741824	@ 0x40000000
 800104c:	f503 3304 	add.w	r3, r3, #135168	@ 0x21000
 8001050:	6a1a      	ldr	r2, [r3, #32]
 8001052:	f022 0201 	bic.w	r2, r2, #1
 8001056:	621a      	str	r2, [r3, #32]
 8001058:	6a1a      	ldr	r2, [r3, #32]
 800105a:	f022 0204 	bic.w	r2, r2, #4
 800105e:	621a      	str	r2, [r3, #32]
 8001060:	e033      	b.n	80010ca <HAL_RCC_OscConfig+0x292>
      __HAL_RCC_LSI_DISABLE();
 8001062:	4b15      	ldr	r3, [pc, #84]	@ (80010b8 <HAL_RCC_OscConfig+0x280>)
 8001064:	2200      	movs	r2, #0
 8001066:	f8c3 2480 	str.w	r2, [r3, #1152]	@ 0x480
      tickstart = HAL_GetTick();
 800106a:	f7ff f9dd 	bl	8000428 <HAL_GetTick>
 800106e:	4605      	mov	r5, r0
      while (__HAL_RCC_GET_FLAG(RCC_FLAG_LSIRDY) != RESET)
 8001070:	4b10      	ldr	r3, [pc, #64]	@ (80010b4 <HAL_RCC_OscConfig+0x27c>)
 8001072:	6a5b      	ldr	r3, [r3, #36]	@ 0x24
 8001074:	f013 0f02 	tst.w	r3, #2
 8001078:	d0c7      	beq.n	800100a <HAL_RCC_OscConfig+0x1d2>
        if ((HAL_GetTick() - tickstart) > LSI_TIMEOUT_VALUE)
 800107a:	f7ff f9d5 	bl	8000428 <HAL_GetTick>
 800107e:	1b40      	subs	r0, r0, r5
 8001080:	2802      	cmp	r0, #2
 8001082:	d9f5      	bls.n	8001070 <HAL_RCC_OscConfig+0x238>
          return HAL_TIMEOUT;
 8001084:	2003      	movs	r0, #3
 8001086:	e0d2      	b.n	800122e <HAL_RCC_OscConfig+0x3f6>
    FlagStatus       pwrclkchanged = RESET;
 8001088:	2500      	movs	r5, #0
 800108a:	e7d3      	b.n	8001034 <HAL_RCC_OscConfig+0x1fc>
      SET_BIT(PWR->CR, PWR_CR_DBP);
 800108c:	4a0b      	ldr	r2, [pc, #44]	@ (80010bc <HAL_RCC_OscConfig+0x284>)
 800108e:	6813      	ldr	r3, [r2, #0]
 8001090:	f443 7380 	orr.w	r3, r3, #256	@ 0x100
 8001094:	6013      	str	r3, [r2, #0]
      tickstart = HAL_GetTick();
 8001096:	f7ff f9c7 	bl	8000428 <HAL_GetTick>
 800109a:	4606      	mov	r6, r0
      while (HAL_IS_BIT_CLR(PWR->CR, PWR_CR_DBP))
 800109c:	4b07      	ldr	r3, [pc, #28]	@ (80010bc <HAL_RCC_OscConfig+0x284>)
 800109e:	681b      	ldr	r3, [r3, #0]
 80010a0:	f413 7f80 	tst.w	r3, #256	@ 0x100
 80010a4:	d1cb      	bne.n	800103e <HAL_RCC_OscConfig+0x206>
        if ((HAL_GetTick() - tickstart) > RCC_DBP_TIMEOUT_VALUE)
 80010a6:	f7ff f9bf 	bl	8000428 <HAL_GetTick>
 80010aa:	1b80      	subs	r0, r0, r6
 80010ac:	2864      	cmp	r0, #100	@ 0x64
 80010ae:	d9f5      	bls.n	800109c <HAL_RCC_OscConfig+0x264>
          return HAL_TIMEOUT;
 80010b0:	2003      	movs	r0, #3
 80010b2:	e0bc      	b.n	800122e <HAL_RCC_OscConfig+0x3f6>
 80010b4:	40021000 	.word	0x40021000
 80010b8:	42420000 	.word	0x42420000
 80010bc:	40007000 	.word	0x40007000
    __HAL_RCC_LSE_CONFIG(RCC_OscInitStruct->LSEState);
 80010c0:	4a5f      	ldr	r2, [pc, #380]	@ (8001240 <HAL_RCC_OscConfig+0x408>)
 80010c2:	6a13      	ldr	r3, [r2, #32]
 80010c4:	f043 0301 	orr.w	r3, r3, #1
 80010c8:	6213      	str	r3, [r2, #32]
    if (RCC_OscInitStruct->LSEState != RCC_LSE_OFF)
 80010ca:	68e3      	ldr	r3, [r4, #12]
 80010cc:	b333      	cbz	r3, 800111c <HAL_RCC_OscConfig+0x2e4>
      tickstart = HAL_GetTick();
 80010ce:	f7ff f9ab 	bl	8000428 <HAL_GetTick>
 80010d2:	4606      	mov	r6, r0
      while (__HAL_RCC_GET_FLAG(RCC_FLAG_LSERDY) == RESET)
 80010d4:	4b5a      	ldr	r3, [pc, #360]	@ (8001240 <HAL_RCC_OscConfig+0x408>)
 80010d6:	6a1b      	ldr	r3, [r3, #32]
 80010d8:	f013 0f02 	tst.w	r3, #2
 80010dc:	d12f      	bne.n	800113e <HAL_RCC_OscConfig+0x306>
        if ((HAL_GetTick() - tickstart) > RCC_LSE_TIMEOUT_VALUE)
 80010de:	f7ff f9a3 	bl	8000428 <HAL_GetTick>
 80010e2:	1b80      	subs	r0, r0, r6
 80010e4:	f241 3388 	movw	r3, #5000	@ 0x1388
 80010e8:	4298      	cmp	r0, r3
 80010ea:	d9f3      	bls.n	80010d4 <HAL_RCC_OscConfig+0x29c>
          return HAL_TIMEOUT;
 80010ec:	2003      	movs	r0, #3
 80010ee:	e09e      	b.n	800122e <HAL_RCC_OscConfig+0x3f6>
    __HAL_RCC_LSE_CONFIG(RCC_OscInitStruct->LSEState);
 80010f0:	2b05      	cmp	r3, #5
 80010f2:	d009      	beq.n	8001108 <HAL_RCC_OscConfig+0x2d0>
 80010f4:	4b52      	ldr	r3, [pc, #328]	@ (8001240 <HAL_RCC_OscConfig+0x408>)
 80010f6:	6a1a      	ldr	r2, [r3, #32]
 80010f8:	f022 0201 	bic.w	r2, r2, #1
 80010fc:	621a      	str	r2, [r3, #32]
 80010fe:	6a1a      	ldr	r2, [r3, #32]
 8001100:	f022 0204 	bic.w	r2, r2, #4
 8001104:	621a      	str	r2, [r3, #32]
 8001106:	e7e0      	b.n	80010ca <HAL_RCC_OscConfig+0x292>
 8001108:	4b4d      	ldr	r3, [pc, #308]	@ (8001240 <HAL_RCC_OscConfig+0x408>)
 800110a:	6a1a      	ldr	r2, [r3, #32]
 800110c:	f042 0204 	orr.w	r2, r2, #4
 8001110:	621a      	str	r2, [r3, #32]
 8001112:	6a1a      	ldr	r2, [r3, #32]
 8001114:	f042 0201 	orr.w	r2, r2, #1
 8001118:	621a      	str	r2, [r3, #32]
 800111a:	e7d6      	b.n	80010ca <HAL_RCC_OscConfig+0x292>
      tickstart = HAL_GetTick();
 800111c:	f7ff f984 	bl	8000428 <HAL_GetTick>
 8001120:	4606      	mov	r6, r0
      while (__HAL_RCC_GET_FLAG(RCC_FLAG_LSERDY) != RESET)
 8001122:	4b47      	ldr	r3, [pc, #284]	@ (8001240 <HAL_RCC_OscConfig+0x408>)
 8001124:	6a1b      	ldr	r3, [r3, #32]
 8001126:	f013 0f02 	tst.w	r3, #2
 800112a:	d008      	beq.n	800113e <HAL_RCC_OscConfig+0x306>
        if ((HAL_GetTick() - tickstart) > RCC_LSE_TIMEOUT_VALUE)
 800112c:	f7ff f97c 	bl	8000428 <HAL_GetTick>
 8001130:	1b80      	subs	r0, r0, r6
 8001132:	f241 3388 	movw	r3, #5000	@ 0x1388
 8001136:	4298      	cmp	r0, r3
 8001138:	d9f3      	bls.n	8001122 <HAL_RCC_OscConfig+0x2ea>
          return HAL_TIMEOUT;
 800113a:	2003      	movs	r0, #3
 800113c:	e077      	b.n	800122e <HAL_RCC_OscConfig+0x3f6>
    if (pwrclkchanged == SET)
 800113e:	b9e5      	cbnz	r5, 800117a <HAL_RCC_OscConfig+0x342>
  if ((RCC_OscInitStruct->PLL.PLLState) != RCC_PLL_NONE)
 8001140:	69e3      	ldr	r3, [r4, #28]
 8001142:	2b00      	cmp	r3, #0
 8001144:	d072      	beq.n	800122c <HAL_RCC_OscConfig+0x3f4>
    if (__HAL_RCC_GET_SYSCLK_SOURCE() != RCC_SYSCLKSOURCE_STATUS_PLLCLK)
 8001146:	4a3e      	ldr	r2, [pc, #248]	@ (8001240 <HAL_RCC_OscConfig+0x408>)
 8001148:	6852      	ldr	r2, [r2, #4]
 800114a:	f002 020c 	and.w	r2, r2, #12
 800114e:	2a08      	cmp	r2, #8
 8001150:	d056      	beq.n	8001200 <HAL_RCC_OscConfig+0x3c8>
      if ((RCC_OscInitStruct->PLL.PLLState) == RCC_PLL_ON)
 8001152:	2b02      	cmp	r3, #2
 8001154:	d017      	beq.n	8001186 <HAL_RCC_OscConfig+0x34e>
        __HAL_RCC_PLL_DISABLE();
 8001156:	4b3b      	ldr	r3, [pc, #236]	@ (8001244 <HAL_RCC_OscConfig+0x40c>)
 8001158:	2200      	movs	r2, #0
 800115a:	661a      	str	r2, [r3, #96]	@ 0x60
        tickstart = HAL_GetTick();
 800115c:	f7ff f964 	bl	8000428 <HAL_GetTick>
 8001160:	4604      	mov	r4, r0
        while (__HAL_RCC_GET_FLAG(RCC_FLAG_PLLRDY)  != RESET)
 8001162:	4b37      	ldr	r3, [pc, #220]	@ (8001240 <HAL_RCC_OscConfig+0x408>)
 8001164:	681b      	ldr	r3, [r3, #0]
 8001166:	f013 7f00 	tst.w	r3, #33554432	@ 0x2000000
 800116a:	d047      	beq.n	80011fc <HAL_RCC_OscConfig+0x3c4>
          if ((HAL_GetTick() - tickstart) > PLL_TIMEOUT_VALUE)
 800116c:	f7ff f95c 	bl	8000428 <HAL_GetTick>
 8001170:	1b00      	subs	r0, r0, r4
 8001172:	2802      	cmp	r0, #2
 8001174:	d9f5      	bls.n	8001162 <HAL_RCC_OscConfig+0x32a>
            return HAL_TIMEOUT;
 8001176:	2003      	movs	r0, #3
 8001178:	e059      	b.n	800122e <HAL_RCC_OscConfig+0x3f6>
      __HAL_RCC_PWR_CLK_DISABLE();
 800117a:	4a31      	ldr	r2, [pc, #196]	@ (8001240 <HAL_RCC_OscConfig+0x408>)
 800117c:	69d3      	ldr	r3, [r2, #28]
 800117e:	f023 5380 	bic.w	r3, r3, #268435456	@ 0x10000000
 8001182:	61d3      	str	r3, [r2, #28]
 8001184:	e7dc      	b.n	8001140 <HAL_RCC_OscConfig+0x308>
        __HAL_RCC_PLL_DISABLE();
 8001186:	4b2f      	ldr	r3, [pc, #188]	@ (8001244 <HAL_RCC_OscConfig+0x40c>)
 8001188:	2200      	movs	r2, #0
 800118a:	661a      	str	r2, [r3, #96]	@ 0x60
        tickstart = HAL_GetTick();
 800118c:	f7ff f94c 	bl	8000428 <HAL_GetTick>
 8001190:	4605      	mov	r5, r0
        while (__HAL_RCC_GET_FLAG(RCC_FLAG_PLLRDY)  != RESET)
 8001192:	4b2b      	ldr	r3, [pc, #172]	@ (8001240 <HAL_RCC_OscConfig+0x408>)
 8001194:	681b      	ldr	r3, [r3, #0]
 8001196:	f013 7f00 	tst.w	r3, #33554432	@ 0x2000000
 800119a:	d006      	beq.n	80011aa <HAL_RCC_OscConfig+0x372>
          if ((HAL_GetTick() - tickstart) > PLL_TIMEOUT_VALUE)
 800119c:	f7ff f944 	bl	8000428 <HAL_GetTick>
 80011a0:	1b40      	subs	r0, r0, r5
 80011a2:	2802      	cmp	r0, #2
 80011a4:	d9f5      	bls.n	8001192 <HAL_RCC_OscConfig+0x35a>
            return HAL_TIMEOUT;
 80011a6:	2003      	movs	r0, #3
 80011a8:	e041      	b.n	800122e <HAL_RCC_OscConfig+0x3f6>
        if (RCC_OscInitStruct->PLL.PLLSource == RCC_PLLSOURCE_HSE)
 80011aa:	6a23      	ldr	r3, [r4, #32]
 80011ac:	f5b3 3f80 	cmp.w	r3, #65536	@ 0x10000
 80011b0:	d01a      	beq.n	80011e8 <HAL_RCC_OscConfig+0x3b0>
        __HAL_RCC_PLL_CONFIG(RCC_OscInitStruct->PLL.PLLSource,
 80011b2:	4923      	ldr	r1, [pc, #140]	@ (8001240 <HAL_RCC_OscConfig+0x408>)
 80011b4:	684b      	ldr	r3, [r1, #4]
 80011b6:	f423 1374 	bic.w	r3, r3, #3997696	@ 0x3d0000
 80011ba:	6a22      	ldr	r2, [r4, #32]
 80011bc:	6a60      	ldr	r0, [r4, #36]	@ 0x24
 80011be:	4302      	orrs	r2, r0
 80011c0:	4313      	orrs	r3, r2
 80011c2:	604b      	str	r3, [r1, #4]
        __HAL_RCC_PLL_ENABLE();
 80011c4:	4b1f      	ldr	r3, [pc, #124]	@ (8001244 <HAL_RCC_OscConfig+0x40c>)
 80011c6:	2201      	movs	r2, #1
 80011c8:	661a      	str	r2, [r3, #96]	@ 0x60
        tickstart = HAL_GetTick();
 80011ca:	f7ff f92d 	bl	8000428 <HAL_GetTick>
 80011ce:	4604      	mov	r4, r0
        while (__HAL_RCC_GET_FLAG(RCC_FLAG_PLLRDY)  == RESET)
 80011d0:	4b1b      	ldr	r3, [pc, #108]	@ (8001240 <HAL_RCC_OscConfig+0x408>)
 80011d2:	681b      	ldr	r3, [r3, #0]
 80011d4:	f013 7f00 	tst.w	r3, #33554432	@ 0x2000000
 80011d8:	d10e      	bne.n	80011f8 <HAL_RCC_OscConfig+0x3c0>
          if ((HAL_GetTick() - tickstart) > PLL_TIMEOUT_VALUE)
 80011da:	f7ff f925 	bl	8000428 <HAL_GetTick>
 80011de:	1b00      	subs	r0, r0, r4
 80011e0:	2802      	cmp	r0, #2
 80011e2:	d9f5      	bls.n	80011d0 <HAL_RCC_OscConfig+0x398>
            return HAL_TIMEOUT;
 80011e4:	2003      	movs	r0, #3
 80011e6:	e022      	b.n	800122e <HAL_RCC_OscConfig+0x3f6>
          __HAL_RCC_HSE_PREDIV_CONFIG(RCC_OscInitStruct->HSEPredivValue);
 80011e8:	4a15      	ldr	r2, [pc, #84]	@ (8001240 <HAL_RCC_OscConfig+0x408>)
 80011ea:	6853      	ldr	r3, [r2, #4]
 80011ec:	f423 3300 	bic.w	r3, r3, #131072	@ 0x20000
 80011f0:	68a1      	ldr	r1, [r4, #8]
 80011f2:	430b      	orrs	r3, r1
 80011f4:	6053      	str	r3, [r2, #4]
 80011f6:	e7dc      	b.n	80011b2 <HAL_RCC_OscConfig+0x37a>
  return HAL_OK;
 80011f8:	2000      	movs	r0, #0
 80011fa:	e018      	b.n	800122e <HAL_RCC_OscConfig+0x3f6>
 80011fc:	2000      	movs	r0, #0
 80011fe:	e016      	b.n	800122e <HAL_RCC_OscConfig+0x3f6>
      if ((RCC_OscInitStruct->PLL.PLLState) == RCC_PLL_OFF)
 8001200:	2b01      	cmp	r3, #1
 8001202:	d016      	beq.n	8001232 <HAL_RCC_OscConfig+0x3fa>
        pll_config = RCC->CFGR;
 8001204:	4b0e      	ldr	r3, [pc, #56]	@ (8001240 <HAL_RCC_OscConfig+0x408>)
 8001206:	685b      	ldr	r3, [r3, #4]
        if ((READ_BIT(pll_config, RCC_CFGR_PLLSRC) != RCC_OscInitStruct->PLL.PLLSource) ||
 8001208:	f403 3180 	and.w	r1, r3, #65536	@ 0x10000
 800120c:	6a22      	ldr	r2, [r4, #32]
 800120e:	4291      	cmp	r1, r2
 8001210:	d111      	bne.n	8001236 <HAL_RCC_OscConfig+0x3fe>
            (READ_BIT(pll_config, RCC_CFGR_PLLMULL) != RCC_OscInitStruct->PLL.PLLMUL))
 8001212:	f403 1370 	and.w	r3, r3, #3932160	@ 0x3c0000
 8001216:	6a62      	ldr	r2, [r4, #36]	@ 0x24
        if ((READ_BIT(pll_config, RCC_CFGR_PLLSRC) != RCC_OscInitStruct->PLL.PLLSource) ||
 8001218:	4293      	cmp	r3, r2
 800121a:	d10e      	bne.n	800123a <HAL_RCC_OscConfig+0x402>
  return HAL_OK;
 800121c:	2000      	movs	r0, #0
 800121e:	e006      	b.n	800122e <HAL_RCC_OscConfig+0x3f6>
    return HAL_ERROR;
 8001220:	2001      	movs	r0, #1
}
 8001222:	4770      	bx	lr
        return HAL_ERROR;
 8001224:	2001      	movs	r0, #1
 8001226:	e002      	b.n	800122e <HAL_RCC_OscConfig+0x3f6>
        return HAL_ERROR;
 8001228:	2001      	movs	r0, #1
 800122a:	e000      	b.n	800122e <HAL_RCC_OscConfig+0x3f6>
  return HAL_OK;
 800122c:	2000      	movs	r0, #0
}
 800122e:	b002      	add	sp, #8
 8001230:	bd70      	pop	{r4, r5, r6, pc}
        return HAL_ERROR;
 8001232:	2001      	movs	r0, #1
 8001234:	e7fb      	b.n	800122e <HAL_RCC_OscConfig+0x3f6>
          return HAL_ERROR;
 8001236:	2001      	movs	r0, #1
 8001238:	e7f9      	b.n	800122e <HAL_RCC_OscConfig+0x3f6>
 800123a:	2001      	movs	r0, #1
 800123c:	e7f7      	b.n	800122e <HAL_RCC_OscConfig+0x3f6>
 800123e:	bf00      	nop
 8001240:	40021000 	.word	0x40021000
 8001244:	42420000 	.word	0x42420000

08001248 <HAL_RCC_GetSysClockFreq>:
  tmpreg = RCC->CFGR;
 8001248:	4b0f      	ldr	r3, [pc, #60]	@ (8001288 <HAL_RCC_GetSysClockFreq+0x40>)
 800124a:	685b      	ldr	r3, [r3, #4]
  switch (tmpreg & RCC_CFGR_SWS)
 800124c:	f003 020c 	and.w	r2, r3, #12
 8001250:	2a08      	cmp	r2, #8
 8001252:	d001      	beq.n	8001258 <HAL_RCC_GetSysClockFreq+0x10>
      sysclockfreq = HSE_VALUE;
 8001254:	480d      	ldr	r0, [pc, #52]	@ (800128c <HAL_RCC_GetSysClockFreq+0x44>)
}
 8001256:	4770      	bx	lr
      pllmul = aPLLMULFactorTable[(uint32_t)(tmpreg & RCC_CFGR_PLLMULL) >> RCC_CFGR_PLLMULL_Pos];
 8001258:	f3c3 4283 	ubfx	r2, r3, #18, #4
 800125c:	490c      	ldr	r1, [pc, #48]	@ (8001290 <HAL_RCC_GetSysClockFreq+0x48>)
 800125e:	5c88      	ldrb	r0, [r1, r2]
      if ((tmpreg & RCC_CFGR_PLLSRC) != RCC_PLLSOURCE_HSI_DIV2)
 8001260:	f413 3f80 	tst.w	r3, #65536	@ 0x10000
 8001264:	d00b      	beq.n	800127e <HAL_RCC_GetSysClockFreq+0x36>
        prediv = aPredivFactorTable[(uint32_t)(RCC->CFGR & RCC_CFGR_PLLXTPRE) >> RCC_CFGR_PLLXTPRE_Pos];
 8001266:	4b08      	ldr	r3, [pc, #32]	@ (8001288 <HAL_RCC_GetSysClockFreq+0x40>)
 8001268:	685b      	ldr	r3, [r3, #4]
 800126a:	f3c3 4340 	ubfx	r3, r3, #17, #1
 800126e:	4a09      	ldr	r2, [pc, #36]	@ (8001294 <HAL_RCC_GetSysClockFreq+0x4c>)
 8001270:	5cd3      	ldrb	r3, [r2, r3]
        pllclk = (uint32_t)((HSE_VALUE  * pllmul) / prediv);
 8001272:	4a06      	ldr	r2, [pc, #24]	@ (800128c <HAL_RCC_GetSysClockFreq+0x44>)
 8001274:	fb02 f000 	mul.w	r0, r2, r0
 8001278:	fbb0 f0f3 	udiv	r0, r0, r3
 800127c:	4770      	bx	lr
        pllclk = (uint32_t)((HSI_VALUE >> 1) * pllmul);
 800127e:	4b06      	ldr	r3, [pc, #24]	@ (8001298 <HAL_RCC_GetSysClockFreq+0x50>)
 8001280:	fb03 f000 	mul.w	r0, r3, r0
 8001284:	4770      	bx	lr
 8001286:	bf00      	nop
 8001288:	40021000 	.word	0x40021000
 800128c:	007a1200 	.word	0x007a1200
 8001290:	08001bbc 	.word	0x08001bbc
 8001294:	08001bb8 	.word	0x08001bb8
 8001298:	003d0900 	.word	0x003d0900

0800129c <HAL_RCC_ClockConfig>:
  if (RCC_ClkInitStruct == NULL)
 800129c:	2800      	cmp	r0, #0
 800129e:	f000 80a0 	beq.w	80013e2 <HAL_RCC_ClockConfig+0x146>
{
 80012a2:	b570      	push	{r4, r5, r6, lr}
 80012a4:	460d      	mov	r5, r1
 80012a6:	4604      	mov	r4, r0
  if (FLatency > __HAL_FLASH_GET_LATENCY())
 80012a8:	4b52      	ldr	r3, [pc, #328]	@ (80013f4 <HAL_RCC_ClockConfig+0x158>)
 80012aa:	681b      	ldr	r3, [r3, #0]
 80012ac:	f003 0307 	and.w	r3, r3, #7
 80012b0:	428b      	cmp	r3, r1
 80012b2:	d20b      	bcs.n	80012cc <HAL_RCC_ClockConfig+0x30>
    __HAL_FLASH_SET_LATENCY(FLatency);
 80012b4:	4a4f      	ldr	r2, [pc, #316]	@ (80013f4 <HAL_RCC_ClockConfig+0x158>)
 80012b6:	6813      	ldr	r3, [r2, #0]
 80012b8:	f023 0307 	bic.w	r3, r3, #7
 80012bc:	430b      	orrs	r3, r1
 80012be:	6013      	str	r3, [r2, #0]
    if (__HAL_FLASH_GET_LATENCY() != FLatency)
 80012c0:	6813      	ldr	r3, [r2, #0]
 80012c2:	f003 0307 	and.w	r3, r3, #7
 80012c6:	428b      	cmp	r3, r1
 80012c8:	f040 808d 	bne.w	80013e6 <HAL_RCC_ClockConfig+0x14a>
if (((RCC_ClkInitStruct->ClockType) & RCC_CLOCKTYPE_HCLK) == RCC_CLOCKTYPE_HCLK)
 80012cc:	6823      	ldr	r3, [r4, #0]
 80012ce:	f013 0f02 	tst.w	r3, #2
 80012d2:	d017      	beq.n	8001304 <HAL_RCC_ClockConfig+0x68>
    if (((RCC_ClkInitStruct->ClockType) & RCC_CLOCKTYPE_PCLK1) == RCC_CLOCKTYPE_PCLK1)
 80012d4:	f013 0f04 	tst.w	r3, #4
 80012d8:	d004      	beq.n	80012e4 <HAL_RCC_ClockConfig+0x48>
      MODIFY_REG(RCC->CFGR, RCC_CFGR_PPRE1, RCC_HCLK_DIV16);
 80012da:	4a47      	ldr	r2, [pc, #284]	@ (80013f8 <HAL_RCC_ClockConfig+0x15c>)
 80012dc:	6853      	ldr	r3, [r2, #4]
 80012de:	f443 63e0 	orr.w	r3, r3, #1792	@ 0x700
 80012e2:	6053      	str	r3, [r2, #4]
    if (((RCC_ClkInitStruct->ClockType) & RCC_CLOCKTYPE_PCLK2) == RCC_CLOCKTYPE_PCLK2)
 80012e4:	6823      	ldr	r3, [r4, #0]
 80012e6:	f013 0f08 	tst.w	r3, #8
 80012ea:	d004      	beq.n	80012f6 <HAL_RCC_ClockConfig+0x5a>
      MODIFY_REG(RCC->CFGR, RCC_CFGR_PPRE2, (RCC_HCLK_DIV16 << 3));
 80012ec:	4a42      	ldr	r2, [pc, #264]	@ (80013f8 <HAL_RCC_ClockConfig+0x15c>)
 80012ee:	6853      	ldr	r3, [r2, #4]
 80012f0:	f443 5360 	orr.w	r3, r3, #14336	@ 0x3800
 80012f4:	6053      	str	r3, [r2, #4]
    MODIFY_REG(RCC->CFGR, RCC_CFGR_HPRE, RCC_ClkInitStruct->AHBCLKDivider);
 80012f6:	4a40      	ldr	r2, [pc, #256]	@ (80013f8 <HAL_RCC_ClockConfig+0x15c>)
 80012f8:	6853      	ldr	r3, [r2, #4]
 80012fa:	f023 03f0 	bic.w	r3, r3, #240	@ 0xf0
 80012fe:	68a1      	ldr	r1, [r4, #8]
 8001300:	430b      	orrs	r3, r1
 8001302:	6053      	str	r3, [r2, #4]
  if (((RCC_ClkInitStruct->ClockType) & RCC_CLOCKTYPE_SYSCLK) == RCC_CLOCKTYPE_SYSCLK)
 8001304:	6823      	ldr	r3, [r4, #0]
 8001306:	f013 0f01 	tst.w	r3, #1
 800130a:	d031      	beq.n	8001370 <HAL_RCC_ClockConfig+0xd4>
    if (RCC_ClkInitStruct->SYSCLKSource == RCC_SYSCLKSOURCE_HSE)
 800130c:	6863      	ldr	r3, [r4, #4]
 800130e:	2b01      	cmp	r3, #1
 8001310:	d020      	beq.n	8001354 <HAL_RCC_ClockConfig+0xb8>
    else if (RCC_ClkInitStruct->SYSCLKSource == RCC_SYSCLKSOURCE_PLLCLK)
 8001312:	2b02      	cmp	r3, #2
 8001314:	d025      	beq.n	8001362 <HAL_RCC_ClockConfig+0xc6>
      if (__HAL_RCC_GET_FLAG(RCC_FLAG_HSIRDY) == RESET)
 8001316:	4a38      	ldr	r2, [pc, #224]	@ (80013f8 <HAL_RCC_ClockConfig+0x15c>)
 8001318:	6812      	ldr	r2, [r2, #0]
 800131a:	f012 0f02 	tst.w	r2, #2
 800131e:	d064      	beq.n	80013ea <HAL_RCC_ClockConfig+0x14e>
    __HAL_RCC_SYSCLK_CONFIG(RCC_ClkInitStruct->SYSCLKSource);
 8001320:	4935      	ldr	r1, [pc, #212]	@ (80013f8 <HAL_RCC_ClockConfig+0x15c>)
 8001322:	684a      	ldr	r2, [r1, #4]
 8001324:	f022 0203 	bic.w	r2, r2, #3
 8001328:	4313      	orrs	r3, r2
 800132a:	604b      	str	r3, [r1, #4]
    tickstart = HAL_GetTick();
 800132c:	f7ff f87c 	bl	8000428 <HAL_GetTick>
 8001330:	4606      	mov	r6, r0
    while (__HAL_RCC_GET_SYSCLK_SOURCE() != (RCC_ClkInitStruct->SYSCLKSource << RCC_CFGR_SWS_Pos))
 8001332:	4b31      	ldr	r3, [pc, #196]	@ (80013f8 <HAL_RCC_ClockConfig+0x15c>)
 8001334:	685b      	ldr	r3, [r3, #4]
 8001336:	f003 030c 	and.w	r3, r3, #12
 800133a:	6862      	ldr	r2, [r4, #4]
 800133c:	ebb3 0f82 	cmp.w	r3, r2, lsl #2
 8001340:	d016      	beq.n	8001370 <HAL_RCC_ClockConfig+0xd4>
      if ((HAL_GetTick() - tickstart) > CLOCKSWITCH_TIMEOUT_VALUE)
 8001342:	f7ff f871 	bl	8000428 <HAL_GetTick>
 8001346:	1b80      	subs	r0, r0, r6
 8001348:	f241 3388 	movw	r3, #5000	@ 0x1388
 800134c:	4298      	cmp	r0, r3
 800134e:	d9f0      	bls.n	8001332 <HAL_RCC_ClockConfig+0x96>
        return HAL_TIMEOUT;
 8001350:	2003      	movs	r0, #3
 8001352:	e045      	b.n	80013e0 <HAL_RCC_ClockConfig+0x144>
      if (__HAL_RCC_GET_FLAG(RCC_FLAG_HSERDY) == RESET)
 8001354:	4a28      	ldr	r2, [pc, #160]	@ (80013f8 <HAL_RCC_ClockConfig+0x15c>)
 8001356:	6812      	ldr	r2, [r2, #0]
 8001358:	f412 3f00 	tst.w	r2, #131072	@ 0x20000
 800135c:	d1e0      	bne.n	8001320 <HAL_RCC_ClockConfig+0x84>
        return HAL_ERROR;
 800135e:	2001      	movs	r0, #1
 8001360:	e03e      	b.n	80013e0 <HAL_RCC_ClockConfig+0x144>
      if (__HAL_RCC_GET_FLAG(RCC_FLAG_PLLRDY) == RESET)
 8001362:	4a25      	ldr	r2, [pc, #148]	@ (80013f8 <HAL_RCC_ClockConfig+0x15c>)
 8001364:	6812      	ldr	r2, [r2, #0]
 8001366:	f012 7f00 	tst.w	r2, #33554432	@ 0x2000000
 800136a:	d1d9      	bne.n	8001320 <HAL_RCC_ClockConfig+0x84>
        return HAL_ERROR;
 800136c:	2001      	movs	r0, #1
 800136e:	e037      	b.n	80013e0 <HAL_RCC_ClockConfig+0x144>
  if (FLatency < __HAL_FLASH_GET_LATENCY())
 8001370:	4b20      	ldr	r3, [pc, #128]	@ (80013f4 <HAL_RCC_ClockConfig+0x158>)
 8001372:	681b      	ldr	r3, [r3, #0]
 8001374:	f003 0307 	and.w	r3, r3, #7
 8001378:	42ab      	cmp	r3, r5
 800137a:	d90a      	bls.n	8001392 <HAL_RCC_ClockConfig+0xf6>
    __HAL_FLASH_SET_LATENCY(FLatency);
 800137c:	4a1d      	ldr	r2, [pc, #116]	@ (80013f4 <HAL_RCC_ClockConfig+0x158>)
 800137e:	6813      	ldr	r3, [r2, #0]
 8001380:	f023 0307 	bic.w	r3, r3, #7
 8001384:	432b      	orrs	r3, r5
 8001386:	6013      	str	r3, [r2, #0]
    if (__HAL_FLASH_GET_LATENCY() != FLatency)
 8001388:	6813      	ldr	r3, [r2, #0]
 800138a:	f003 0307 	and.w	r3, r3, #7
 800138e:	42ab      	cmp	r3, r5
 8001390:	d12d      	bne.n	80013ee <HAL_RCC_ClockConfig+0x152>
if (((RCC_ClkInitStruct->ClockType) & RCC_CLOCKTYPE_PCLK1) == RCC_CLOCKTYPE_PCLK1)
 8001392:	6823      	ldr	r3, [r4, #0]
 8001394:	f013 0f04 	tst.w	r3, #4
 8001398:	d006      	beq.n	80013a8 <HAL_RCC_ClockConfig+0x10c>
    MODIFY_REG(RCC->CFGR, RCC_CFGR_PPRE1, RCC_ClkInitStruct->APB1CLKDivider);
 800139a:	4a17      	ldr	r2, [pc, #92]	@ (80013f8 <HAL_RCC_ClockConfig+0x15c>)
 800139c:	6853      	ldr	r3, [r2, #4]
 800139e:	f423 63e0 	bic.w	r3, r3, #1792	@ 0x700
 80013a2:	68e1      	ldr	r1, [r4, #12]
 80013a4:	430b      	orrs	r3, r1
 80013a6:	6053      	str	r3, [r2, #4]
  if (((RCC_ClkInitStruct->ClockType) & RCC_CLOCKTYPE_PCLK2) == RCC_CLOCKTYPE_PCLK2)
 80013a8:	6823      	ldr	r3, [r4, #0]
 80013aa:	f013 0f08 	tst.w	r3, #8
 80013ae:	d007      	beq.n	80013c0 <HAL_RCC_ClockConfig+0x124>
    MODIFY_REG(RCC->CFGR, RCC_CFGR_PPRE2, ((RCC_ClkInitStruct->APB2CLKDivider) << 3));
 80013b0:	4a11      	ldr	r2, [pc, #68]	@ (80013f8 <HAL_RCC_ClockConfig+0x15c>)
 80013b2:	6853      	ldr	r3, [r2, #4]
 80013b4:	f423 5360 	bic.w	r3, r3, #14336	@ 0x3800
 80013b8:	6921      	ldr	r1, [r4, #16]
 80013ba:	ea43 03c1 	orr.w	r3, r3, r1, lsl #3
 80013be:	6053      	str	r3, [r2, #4]
  SystemCoreClock = HAL_RCC_GetSysClockFreq() >> AHBPrescTable[(RCC->CFGR & RCC_CFGR_HPRE) >> RCC_CFGR_HPRE_Pos];
 80013c0:	f7ff ff42 	bl	8001248 <HAL_RCC_GetSysClockFreq>
 80013c4:	4b0c      	ldr	r3, [pc, #48]	@ (80013f8 <HAL_RCC_ClockConfig+0x15c>)
 80013c6:	685b      	ldr	r3, [r3, #4]
 80013c8:	f3c3 1303 	ubfx	r3, r3, #4, #4
 80013cc:	4a0b      	ldr	r2, [pc, #44]	@ (80013fc <HAL_RCC_ClockConfig+0x160>)
 80013ce:	5cd3      	ldrb	r3, [r2, r3]
 80013d0:	40d8      	lsrs	r0, r3
 80013d2:	4b0b      	ldr	r3, [pc, #44]	@ (8001400 <HAL_RCC_ClockConfig+0x164>)
 80013d4:	6018      	str	r0, [r3, #0]
  HAL_InitTick(uwTickPrio);
 80013d6:	4b0b      	ldr	r3, [pc, #44]	@ (8001404 <HAL_RCC_ClockConfig+0x168>)
 80013d8:	6818      	ldr	r0, [r3, #0]
 80013da:	f7fe ffe1 	bl	80003a0 <HAL_InitTick>
  return HAL_OK;
 80013de:	2000      	movs	r0, #0
}
 80013e0:	bd70      	pop	{r4, r5, r6, pc}
    return HAL_ERROR;
 80013e2:	2001      	movs	r0, #1
}
 80013e4:	4770      	bx	lr
    return HAL_ERROR;
 80013e6:	2001      	movs	r0, #1
 80013e8:	e7fa      	b.n	80013e0 <HAL_RCC_ClockConfig+0x144>
        return HAL_ERROR;
 80013ea:	2001      	movs	r0, #1
 80013ec:	e7f8      	b.n	80013e0 <HAL_RCC_ClockConfig+0x144>
    return HAL_ERROR;
 80013ee:	2001      	movs	r0, #1
 80013f0:	e7f6      	b.n	80013e0 <HAL_RCC_ClockConfig+0x144>
 80013f2:	bf00      	nop
 80013f4:	40022000 	.word	0x40022000
 80013f8:	40021000 	.word	0x40021000
 80013fc:	08001be8 	.word	0x08001be8
 8001400:	20000008 	.word	0x20000008
 8001404:	20000004 	.word	0x20000004

08001408 <HAL_RCC_GetHCLKFreq>:
}
 8001408:	4b01      	ldr	r3, [pc, #4]	@ (8001410 <HAL_RCC_GetHCLKFreq+0x8>)
 800140a:	6818      	ldr	r0, [r3, #0]
 800140c:	4770      	bx	lr
 800140e:	bf00      	nop
 8001410:	20000008 	.word	0x20000008

08001414 <HAL_RCC_GetPCLK2Freq>:
{
 8001414:	b508      	push	{r3, lr}
  return (HAL_RCC_GetHCLKFreq() >> APBPrescTable[(RCC->CFGR & RCC_CFGR_PPRE2) >> RCC_CFGR_PPRE2_Pos]);
 8001416:	f7ff fff7 	bl	8001408 <HAL_RCC_GetHCLKFreq>
 800141a:	4b04      	ldr	r3, [pc, #16]	@ (800142c <HAL_RCC_GetPCLK2Freq+0x18>)
 800141c:	685b      	ldr	r3, [r3, #4]
 800141e:	f3c3 23c2 	ubfx	r3, r3, #11, #3
 8001422:	4a03      	ldr	r2, [pc, #12]	@ (8001430 <HAL_RCC_GetPCLK2Freq+0x1c>)
 8001424:	5cd3      	ldrb	r3, [r2, r3]
}
 8001426:	40d8      	lsrs	r0, r3
 8001428:	bd08      	pop	{r3, pc}
 800142a:	bf00      	nop
 800142c:	40021000 	.word	0x40021000
 8001430:	08001be0 	.word	0x08001be0

08001434 <HAL_RCCEx_PeriphCLKConfig>:
  *         manually disable it.
  *
  * @retval HAL status
  */
HAL_StatusTypeDef HAL_RCCEx_PeriphCLKConfig(RCC_PeriphCLKInitTypeDef  *PeriphClkInit)
{
 8001434:	b570      	push	{r4, r5, r6, lr}
 8001436:	b082      	sub	sp, #8
 8001438:	4604      	mov	r4, r0

  /* Check the parameters */
  assert_param(IS_RCC_PERIPHCLOCK(PeriphClkInit->PeriphClockSelection));

  /*------------------------------- RTC/LCD Configuration ------------------------*/
  if ((((PeriphClkInit->PeriphClockSelection) & RCC_PERIPHCLK_RTC) == RCC_PERIPHCLK_RTC))
 800143a:	6803      	ldr	r3, [r0, #0]
 800143c:	f013 0f01 	tst.w	r3, #1
 8001440:	d036      	beq.n	80014b0 <HAL_RCCEx_PeriphCLKConfig+0x7c>
    assert_param(IS_RCC_RTCCLKSOURCE(PeriphClkInit->RTCClockSelection));

    /* As soon as function is called to change RTC clock source, activation of the
       power domain is done. */
    /* Requires to enable write access to Backup Domain of necessary */
    if (__HAL_RCC_PWR_IS_CLK_DISABLED())
 8001442:	4b3f      	ldr	r3, [pc, #252]	@ (8001540 <HAL_RCCEx_PeriphCLKConfig+0x10c>)
 8001444:	69db      	ldr	r3, [r3, #28]
 8001446:	f013 5f80 	tst.w	r3, #268435456	@ 0x10000000
 800144a:	d14a      	bne.n	80014e2 <HAL_RCCEx_PeriphCLKConfig+0xae>
    {
      __HAL_RCC_PWR_CLK_ENABLE();
 800144c:	4b3c      	ldr	r3, [pc, #240]	@ (8001540 <HAL_RCCEx_PeriphCLKConfig+0x10c>)
 800144e:	69da      	ldr	r2, [r3, #28]
 8001450:	f042 5280 	orr.w	r2, r2, #268435456	@ 0x10000000
 8001454:	61da      	str	r2, [r3, #28]
 8001456:	69db      	ldr	r3, [r3, #28]
 8001458:	f003 5380 	and.w	r3, r3, #268435456	@ 0x10000000
 800145c:	9301      	str	r3, [sp, #4]
 800145e:	9b01      	ldr	r3, [sp, #4]
      pwrclkchanged = SET;
 8001460:	2501      	movs	r5, #1
    }

    if (HAL_IS_BIT_CLR(PWR->CR, PWR_CR_DBP))
 8001462:	4b38      	ldr	r3, [pc, #224]	@ (8001544 <HAL_RCCEx_PeriphCLKConfig+0x110>)
 8001464:	681b      	ldr	r3, [r3, #0]
 8001466:	f413 7f80 	tst.w	r3, #256	@ 0x100
 800146a:	d03c      	beq.n	80014e6 <HAL_RCCEx_PeriphCLKConfig+0xb2>
        }
      }
    }

    /* Reset the Backup domain only if the RTC Clock source selection is modified from reset value */
    temp_reg = (RCC->BDCR & RCC_BDCR_RTCSEL);
 800146c:	4b34      	ldr	r3, [pc, #208]	@ (8001540 <HAL_RCCEx_PeriphCLKConfig+0x10c>)
 800146e:	6a1b      	ldr	r3, [r3, #32]
    if ((temp_reg != 0x00000000U) && (temp_reg != (PeriphClkInit->RTCClockSelection & RCC_BDCR_RTCSEL)))
 8001470:	f413 7340 	ands.w	r3, r3, #768	@ 0x300
 8001474:	d013      	beq.n	800149e <HAL_RCCEx_PeriphCLKConfig+0x6a>
 8001476:	6862      	ldr	r2, [r4, #4]
 8001478:	f402 7240 	and.w	r2, r2, #768	@ 0x300
 800147c:	429a      	cmp	r2, r3
 800147e:	d00e      	beq.n	800149e <HAL_RCCEx_PeriphCLKConfig+0x6a>
    {
      /* Store the content of BDCR register before the reset of Backup Domain */
      temp_reg = (RCC->BDCR & ~(RCC_BDCR_RTCSEL));
 8001480:	4a2f      	ldr	r2, [pc, #188]	@ (8001540 <HAL_RCCEx_PeriphCLKConfig+0x10c>)
 8001482:	6a13      	ldr	r3, [r2, #32]
 8001484:	f423 7040 	bic.w	r0, r3, #768	@ 0x300
      /* RTC Clock selection can be changed only if the Backup Domain is reset */
      __HAL_RCC_BACKUPRESET_FORCE();
 8001488:	492f      	ldr	r1, [pc, #188]	@ (8001548 <HAL_RCCEx_PeriphCLKConfig+0x114>)
 800148a:	2601      	movs	r6, #1
 800148c:	f8c1 6440 	str.w	r6, [r1, #1088]	@ 0x440
      __HAL_RCC_BACKUPRESET_RELEASE();
 8001490:	2600      	movs	r6, #0
 8001492:	f8c1 6440 	str.w	r6, [r1, #1088]	@ 0x440
      /* Restore the Content of BDCR register */
      RCC->BDCR = temp_reg;
 8001496:	6210      	str	r0, [r2, #32]

      /* Wait for LSERDY if LSE was enabled */
      if (HAL_IS_BIT_SET(temp_reg, RCC_BDCR_LSEON))
 8001498:	f013 0f01 	tst.w	r3, #1
 800149c:	d137      	bne.n	800150e <HAL_RCCEx_PeriphCLKConfig+0xda>
            return HAL_TIMEOUT;
          }
        }
      }
    }
    __HAL_RCC_RTC_CONFIG(PeriphClkInit->RTCClockSelection);
 800149e:	4a28      	ldr	r2, [pc, #160]	@ (8001540 <HAL_RCCEx_PeriphCLKConfig+0x10c>)
 80014a0:	6a13      	ldr	r3, [r2, #32]
 80014a2:	f423 7340 	bic.w	r3, r3, #768	@ 0x300
 80014a6:	6861      	ldr	r1, [r4, #4]
 80014a8:	430b      	orrs	r3, r1
 80014aa:	6213      	str	r3, [r2, #32]

    /* Require to disable power clock if necessary */
    if (pwrclkchanged == SET)
 80014ac:	2d00      	cmp	r5, #0
 80014ae:	d13f      	bne.n	8001530 <HAL_RCCEx_PeriphCLKConfig+0xfc>
      __HAL_RCC_PWR_CLK_DISABLE();
    }
  }

  /*------------------------------ ADC clock Configuration ------------------*/
  if (((PeriphClkInit->PeriphClockSelection) & RCC_PERIPHCLK_ADC) == RCC_PERIPHCLK_ADC)
 80014b0:	6823      	ldr	r3, [r4, #0]
 80014b2:	f013 0f02 	tst.w	r3, #2
 80014b6:	d006      	beq.n	80014c6 <HAL_RCCEx_PeriphCLKConfig+0x92>
  {
    /* Check the parameters */
    assert_param(IS_RCC_ADCPLLCLK_DIV(PeriphClkInit->AdcClockSelection));

    /* Configure the ADC clock source */
    __HAL_RCC_ADC_CONFIG(PeriphClkInit->AdcClockSelection);
 80014b8:	4a21      	ldr	r2, [pc, #132]	@ (8001540 <HAL_RCCEx_PeriphCLKConfig+0x10c>)
 80014ba:	6853      	ldr	r3, [r2, #4]
 80014bc:	f423 4340 	bic.w	r3, r3, #49152	@ 0xc000
 80014c0:	68a1      	ldr	r1, [r4, #8]
 80014c2:	430b      	orrs	r3, r1
 80014c4:	6053      	str	r3, [r2, #4]

#if defined(STM32F102x6) || defined(STM32F102xB) || defined(STM32F103x6)\
 || defined(STM32F103xB) || defined(STM32F103xE) || defined(STM32F103xG)\
 || defined(STM32F105xC) || defined(STM32F107xC)
  /*------------------------------ USB clock Configuration ------------------*/
  if (((PeriphClkInit->PeriphClockSelection) & RCC_PERIPHCLK_USB) == RCC_PERIPHCLK_USB)
 80014c6:	6823      	ldr	r3, [r4, #0]
 80014c8:	f013 0f10 	tst.w	r3, #16
 80014cc:	d035      	beq.n	800153a <HAL_RCCEx_PeriphCLKConfig+0x106>
  {
    /* Check the parameters */
    assert_param(IS_RCC_USBPLLCLK_DIV(PeriphClkInit->UsbClockSelection));

    /* Configure the USB clock source */
    __HAL_RCC_USB_CONFIG(PeriphClkInit->UsbClockSelection);
 80014ce:	4a1c      	ldr	r2, [pc, #112]	@ (8001540 <HAL_RCCEx_PeriphCLKConfig+0x10c>)
 80014d0:	6853      	ldr	r3, [r2, #4]
 80014d2:	f423 0380 	bic.w	r3, r3, #4194304	@ 0x400000
 80014d6:	68e1      	ldr	r1, [r4, #12]
 80014d8:	430b      	orrs	r3, r1
 80014da:	6053      	str	r3, [r2, #4]
  }
#endif /* STM32F102x6 || STM32F102xB || STM32F103x6 || STM32F103xB || STM32F103xE || STM32F103xG || STM32F105xC || STM32F107xC */

  return HAL_OK;
 80014dc:	2000      	movs	r0, #0
}
 80014de:	b002      	add	sp, #8
 80014e0:	bd70      	pop	{r4, r5, r6, pc}
    FlagStatus pwrclkchanged = RESET;
 80014e2:	2500      	movs	r5, #0
 80014e4:	e7bd      	b.n	8001462 <HAL_RCCEx_PeriphCLKConfig+0x2e>
      SET_BIT(PWR->CR, PWR_CR_DBP);
 80014e6:	4a17      	ldr	r2, [pc, #92]	@ (8001544 <HAL_RCCEx_PeriphCLKConfig+0x110>)
 80014e8:	6813      	ldr	r3, [r2, #0]
 80014ea:	f443 7380 	orr.w	r3, r3, #256	@ 0x100
 80014ee:	6013      	str	r3, [r2, #0]
      tickstart = HAL_GetTick();
 80014f0:	f7fe ff9a 	bl	8000428 <HAL_GetTick>
 80014f4:	4606      	mov	r6, r0
      while (HAL_IS_BIT_CLR(PWR->CR, PWR_CR_DBP))
 80014f6:	4b13      	ldr	r3, [pc, #76]	@ (8001544 <HAL_RCCEx_PeriphCLKConfig+0x110>)
 80014f8:	681b      	ldr	r3, [r3, #0]
 80014fa:	f413 7f80 	tst.w	r3, #256	@ 0x100
 80014fe:	d1b5      	bne.n	800146c <HAL_RCCEx_PeriphCLKConfig+0x38>
        if ((HAL_GetTick() - tickstart) > RCC_DBP_TIMEOUT_VALUE)
 8001500:	f7fe ff92 	bl	8000428 <HAL_GetTick>
 8001504:	1b80      	subs	r0, r0, r6
 8001506:	2864      	cmp	r0, #100	@ 0x64
 8001508:	d9f5      	bls.n	80014f6 <HAL_RCCEx_PeriphCLKConfig+0xc2>
          return HAL_TIMEOUT;
 800150a:	2003      	movs	r0, #3
 800150c:	e7e7      	b.n	80014de <HAL_RCCEx_PeriphCLKConfig+0xaa>
        tickstart = HAL_GetTick();
 800150e:	f7fe ff8b 	bl	8000428 <HAL_GetTick>
 8001512:	4606      	mov	r6, r0
        while (__HAL_RCC_GET_FLAG(RCC_FLAG_LSERDY) == RESET)
 8001514:	4b0a      	ldr	r3, [pc, #40]	@ (8001540 <HAL_RCCEx_PeriphCLKConfig+0x10c>)
 8001516:	6a1b      	ldr	r3, [r3, #32]
 8001518:	f013 0f02 	tst.w	r3, #2
 800151c:	d1bf      	bne.n	800149e <HAL_RCCEx_PeriphCLKConfig+0x6a>
          if ((HAL_GetTick() - tickstart) > RCC_LSE_TIMEOUT_VALUE)
 800151e:	f7fe ff83 	bl	8000428 <HAL_GetTick>
 8001522:	1b80      	subs	r0, r0, r6
 8001524:	f241 3388 	movw	r3, #5000	@ 0x1388
 8001528:	4298      	cmp	r0, r3
 800152a:	d9f3      	bls.n	8001514 <HAL_RCCEx_PeriphCLKConfig+0xe0>
            return HAL_TIMEOUT;
 800152c:	2003      	movs	r0, #3
 800152e:	e7d6      	b.n	80014de <HAL_RCCEx_PeriphCLKConfig+0xaa>
      __HAL_RCC_PWR_CLK_DISABLE();
 8001530:	69d3      	ldr	r3, [r2, #28]
 8001532:	f023 5380 	bic.w	r3, r3, #268435456	@ 0x10000000
 8001536:	61d3      	str	r3, [r2, #28]
 8001538:	e7ba      	b.n	80014b0 <HAL_RCCEx_PeriphCLKConfig+0x7c>
  return HAL_OK;
 800153a:	2000      	movs	r0, #0
 800153c:	e7cf      	b.n	80014de <HAL_RCCEx_PeriphCLKConfig+0xaa>
 800153e:	bf00      	nop
 8001540:	40021000 	.word	0x40021000
 8001544:	40007000 	.word	0x40007000
 8001548:	42420000 	.word	0x42420000

0800154c <HAL_RCCEx_GetPeriphCLKFreq>:
  *            @arg @ref RCC_PERIPHCLK_USB  USB peripheral clock
  @endif
  * @retval Frequency in Hz (0: means that no available frequency for the peripheral)
  */
uint32_t HAL_RCCEx_GetPeriphCLKFreq(uint32_t PeriphClk)
{
 800154c:	b508      	push	{r3, lr}
  uint32_t temp_reg = 0U, frequency = 0U;

  /* Check the parameters */
  assert_param(IS_RCC_PERIPHCLOCK(PeriphClk));

  switch (PeriphClk)
 800154e:	2802      	cmp	r0, #2
 8001550:	d04e      	beq.n	80015f0 <HAL_RCCEx_GetPeriphCLKFreq+0xa4>
 8001552:	2810      	cmp	r0, #16
 8001554:	d003      	beq.n	800155e <HAL_RCCEx_GetPeriphCLKFreq+0x12>
 8001556:	2801      	cmp	r0, #1
 8001558:	d028      	beq.n	80015ac <HAL_RCCEx_GetPeriphCLKFreq+0x60>
 800155a:	2000      	movs	r0, #0
 800155c:	e052      	b.n	8001604 <HAL_RCCEx_GetPeriphCLKFreq+0xb8>
 || defined(STM32F103xB) || defined(STM32F103xE) || defined(STM32F103xG)\
 || defined(STM32F105xC) || defined(STM32F107xC)
    case RCC_PERIPHCLK_USB:
    {
      /* Get RCC configuration ------------------------------------------------------*/
      temp_reg = RCC->CFGR;
 800155e:	4b2b      	ldr	r3, [pc, #172]	@ (800160c <HAL_RCCEx_GetPeriphCLKFreq+0xc0>)
 8001560:	685a      	ldr	r2, [r3, #4]

      /* Check if PLL is enabled */
      if (HAL_IS_BIT_SET(RCC->CR, RCC_CR_PLLON))
 8001562:	6818      	ldr	r0, [r3, #0]
 8001564:	f010 7080 	ands.w	r0, r0, #16777216	@ 0x1000000
 8001568:	d04c      	beq.n	8001604 <HAL_RCCEx_GetPeriphCLKFreq+0xb8>
      {
        pllmul = aPLLMULFactorTable[(uint32_t)(temp_reg & RCC_CFGR_PLLMULL) >> RCC_CFGR_PLLMULL_Pos];
 800156a:	f3c2 4383 	ubfx	r3, r2, #18, #4
 800156e:	4928      	ldr	r1, [pc, #160]	@ (8001610 <HAL_RCCEx_GetPeriphCLKFreq+0xc4>)
 8001570:	5cc8      	ldrb	r0, [r1, r3]
        if ((temp_reg & RCC_CFGR_PLLSRC) != RCC_PLLSOURCE_HSI_DIV2)
 8001572:	f412 3f80 	tst.w	r2, #65536	@ 0x10000
 8001576:	d015      	beq.n	80015a4 <HAL_RCCEx_GetPeriphCLKFreq+0x58>
        {
#if defined(STM32F105xC) || defined(STM32F107xC) || defined(STM32F100xB)\
 || defined(STM32F100xE)
          prediv1 = aPredivFactorTable[(uint32_t)(RCC->CFGR2 & RCC_CFGR2_PREDIV1) >> RCC_CFGR2_PREDIV1_Pos];
#else
          prediv1 = aPredivFactorTable[(uint32_t)(RCC->CFGR & RCC_CFGR_PLLXTPRE) >> RCC_CFGR_PLLXTPRE_Pos];
 8001578:	4b24      	ldr	r3, [pc, #144]	@ (800160c <HAL_RCCEx_GetPeriphCLKFreq+0xc0>)
 800157a:	685b      	ldr	r3, [r3, #4]
 800157c:	f3c3 4340 	ubfx	r3, r3, #17, #1
 8001580:	4a24      	ldr	r2, [pc, #144]	@ (8001614 <HAL_RCCEx_GetPeriphCLKFreq+0xc8>)
 8001582:	5cd2      	ldrb	r2, [r2, r3]
          }
#else
          if ((temp_reg & RCC_CFGR_PLLSRC) != RCC_PLLSOURCE_HSI_DIV2)
          {
            /* HSE used as PLL clock source : PLLCLK = HSE/PREDIV1 * PLLMUL */
            pllclk = (uint32_t)((HSE_VALUE / prediv1) * pllmul);
 8001584:	4b24      	ldr	r3, [pc, #144]	@ (8001618 <HAL_RCCEx_GetPeriphCLKFreq+0xcc>)
 8001586:	fbb3 f3f2 	udiv	r3, r3, r2
 800158a:	fb03 f000 	mul.w	r0, r3, r0
          /* Prescaler of 3 selected for USB */
          frequency = (2 * pllclk) / 3;
        }
#else
        /* USBCLK = PLLCLK / USB prescaler */
        if (__HAL_RCC_GET_USB_SOURCE() == RCC_USBCLKSOURCE_PLL)
 800158e:	4b1f      	ldr	r3, [pc, #124]	@ (800160c <HAL_RCCEx_GetPeriphCLKFreq+0xc0>)
 8001590:	685b      	ldr	r3, [r3, #4]
 8001592:	f413 0f80 	tst.w	r3, #4194304	@ 0x400000
 8001596:	d135      	bne.n	8001604 <HAL_RCCEx_GetPeriphCLKFreq+0xb8>
          frequency = pllclk;
        }
        else
        {
          /* Prescaler of 1.5 selected for USB */
          frequency = (pllclk * 2) / 3;
 8001598:	0040      	lsls	r0, r0, #1
 800159a:	4b20      	ldr	r3, [pc, #128]	@ (800161c <HAL_RCCEx_GetPeriphCLKFreq+0xd0>)
 800159c:	fba3 3000 	umull	r3, r0, r3, r0
 80015a0:	0840      	lsrs	r0, r0, #1
 80015a2:	e02f      	b.n	8001604 <HAL_RCCEx_GetPeriphCLKFreq+0xb8>
          pllclk = (uint32_t)((HSI_VALUE >> 1) * pllmul);
 80015a4:	4b1e      	ldr	r3, [pc, #120]	@ (8001620 <HAL_RCCEx_GetPeriphCLKFreq+0xd4>)
 80015a6:	fb03 f000 	mul.w	r0, r3, r0
 80015aa:	e7f0      	b.n	800158e <HAL_RCCEx_GetPeriphCLKFreq+0x42>
    }
#endif /* STM32F103xE || STM32F103xG || STM32F105xC || STM32F107xC */
    case RCC_PERIPHCLK_RTC:
    {
      /* Get RCC BDCR configuration ------------------------------------------------------*/
      temp_reg = RCC->BDCR;
 80015ac:	4b17      	ldr	r3, [pc, #92]	@ (800160c <HAL_RCCEx_GetPeriphCLKFreq+0xc0>)
 80015ae:	6a1b      	ldr	r3, [r3, #32]

      /* Check if LSE is ready if RTC clock selection is LSE */
      if (((temp_reg & RCC_BDCR_RTCSEL) == RCC_RTCCLKSOURCE_LSE) && (HAL_IS_BIT_SET(temp_reg, RCC_BDCR_LSERDY)))
 80015b0:	f240 3202 	movw	r2, #770	@ 0x302
 80015b4:	401a      	ands	r2, r3
 80015b6:	f5b2 7f81 	cmp.w	r2, #258	@ 0x102
 80015ba:	d024      	beq.n	8001606 <HAL_RCCEx_GetPeriphCLKFreq+0xba>
      {
        frequency = LSE_VALUE;
      }
      /* Check if LSI is ready if RTC clock selection is LSI */
      else if (((temp_reg & RCC_BDCR_RTCSEL) == RCC_RTCCLKSOURCE_LSI) && (HAL_IS_BIT_SET(RCC->CSR, RCC_CSR_LSIRDY)))
 80015bc:	f403 7340 	and.w	r3, r3, #768	@ 0x300
 80015c0:	f5b3 7f00 	cmp.w	r3, #512	@ 0x200
 80015c4:	d004      	beq.n	80015d0 <HAL_RCCEx_GetPeriphCLKFreq+0x84>
      {
        frequency = LSI_VALUE;
      }
      else if (((temp_reg & RCC_BDCR_RTCSEL) == RCC_RTCCLKSOURCE_HSE_DIV128) && (HAL_IS_BIT_SET(RCC->CR, RCC_CR_HSERDY)))
 80015c6:	f5b3 7f40 	cmp.w	r3, #768	@ 0x300
 80015ca:	d009      	beq.n	80015e0 <HAL_RCCEx_GetPeriphCLKFreq+0x94>
  uint32_t temp_reg = 0U, frequency = 0U;
 80015cc:	2000      	movs	r0, #0
 80015ce:	e019      	b.n	8001604 <HAL_RCCEx_GetPeriphCLKFreq+0xb8>
      else if (((temp_reg & RCC_BDCR_RTCSEL) == RCC_RTCCLKSOURCE_LSI) && (HAL_IS_BIT_SET(RCC->CSR, RCC_CSR_LSIRDY)))
 80015d0:	4a0e      	ldr	r2, [pc, #56]	@ (800160c <HAL_RCCEx_GetPeriphCLKFreq+0xc0>)
 80015d2:	6a52      	ldr	r2, [r2, #36]	@ 0x24
 80015d4:	f012 0f02 	tst.w	r2, #2
 80015d8:	d0f5      	beq.n	80015c6 <HAL_RCCEx_GetPeriphCLKFreq+0x7a>
        frequency = LSI_VALUE;
 80015da:	f649 4040 	movw	r0, #40000	@ 0x9c40
 80015de:	e011      	b.n	8001604 <HAL_RCCEx_GetPeriphCLKFreq+0xb8>
      else if (((temp_reg & RCC_BDCR_RTCSEL) == RCC_RTCCLKSOURCE_HSE_DIV128) && (HAL_IS_BIT_SET(RCC->CR, RCC_CR_HSERDY)))
 80015e0:	4b0a      	ldr	r3, [pc, #40]	@ (800160c <HAL_RCCEx_GetPeriphCLKFreq+0xc0>)
 80015e2:	6818      	ldr	r0, [r3, #0]
 80015e4:	f410 3000 	ands.w	r0, r0, #131072	@ 0x20000
 80015e8:	d00c      	beq.n	8001604 <HAL_RCCEx_GetPeriphCLKFreq+0xb8>
      {
        frequency = HSE_VALUE / 128U;
 80015ea:	f24f 4024 	movw	r0, #62500	@ 0xf424
    default:
    {
      break;
    }
  }
  return (frequency);
 80015ee:	e009      	b.n	8001604 <HAL_RCCEx_GetPeriphCLKFreq+0xb8>
      frequency = HAL_RCC_GetPCLK2Freq() / (((__HAL_RCC_GET_ADC_SOURCE() >> RCC_CFGR_ADCPRE_Pos) + 1) * 2);
 80015f0:	f7ff ff10 	bl	8001414 <HAL_RCC_GetPCLK2Freq>
 80015f4:	4b05      	ldr	r3, [pc, #20]	@ (800160c <HAL_RCCEx_GetPeriphCLKFreq+0xc0>)
 80015f6:	685b      	ldr	r3, [r3, #4]
 80015f8:	f3c3 3381 	ubfx	r3, r3, #14, #2
 80015fc:	3301      	adds	r3, #1
 80015fe:	005b      	lsls	r3, r3, #1
 8001600:	fbb0 f0f3 	udiv	r0, r0, r3
}
 8001604:	bd08      	pop	{r3, pc}
        frequency = LSE_VALUE;
 8001606:	f44f 4000 	mov.w	r0, #32768	@ 0x8000
 800160a:	e7fb      	b.n	8001604 <HAL_RCCEx_GetPeriphCLKFreq+0xb8>
 800160c:	40021000 	.word	0x40021000
 8001610:	08001bd0 	.word	0x08001bd0
 8001614:	08001bcc 	.word	0x08001bcc
 8001618:	007a1200 	.word	0x007a1200
 800161c:	aaaaaaab 	.word	0xaaaaaaab
 8001620:	003d0900 	.word	0x003d0900

08001624 <TIM_OC1_SetConfig>:
  * @param  TIMx to select the TIM peripheral
  * @param  OC_Config The output configuration structure
  * @retval None
  */
static void TIM_OC1_SetConfig(TIM_TypeDef *TIMx, const TIM_OC_InitTypeDef *OC_Config)
{
 8001624:	b430      	push	{r4, r5}
  uint32_t tmpccmrx;
  uint32_t tmpccer;
  uint32_t tmpcr2;

  /* Get the TIMx CCER register value */
  tmpccer = TIMx->CCER;
 8001626:	6a02      	ldr	r2, [r0, #32]

  /* Disable the Channel 1: Reset the CC1E Bit */
  TIMx->CCER &= ~TIM_CCER_CC1E;
 8001628:	6a03      	ldr	r3, [r0, #32]
 800162a:	f023 0301 	bic.w	r3, r3, #1
 800162e:	6203      	str	r3, [r0, #32]

  /* Get the TIMx CR2 register value */
  tmpcr2 =  TIMx->CR2;
 8001630:	6845      	ldr	r5, [r0, #4]

  /* Get the TIMx CCMR1 register value */
  tmpccmrx = TIMx->CCMR1;
 8001632:	6983      	ldr	r3, [r0, #24]

  /* Reset the Output Compare Mode Bits */
  tmpccmrx &= ~TIM_CCMR1_OC1M;
  tmpccmrx &= ~TIM_CCMR1_CC1S;
 8001634:	f023 0373 	bic.w	r3, r3, #115	@ 0x73
  /* Select the Output Compare Mode */
  tmpccmrx |= OC_Config->OCMode;
 8001638:	680c      	ldr	r4, [r1, #0]
 800163a:	431c      	orrs	r4, r3

  /* Reset the Output Polarity level */
  tmpccer &= ~TIM_CCER_CC1P;
 800163c:	f022 0202 	bic.w	r2, r2, #2
  /* Set the Output Compare Polarity */
  tmpccer |= OC_Config->OCPolarity;
 8001640:	688b      	ldr	r3, [r1, #8]
 8001642:	4313      	orrs	r3, r2

  if (IS_TIM_CCXN_INSTANCE(TIMx, TIM_CHANNEL_1))
 8001644:	4a0b      	ldr	r2, [pc, #44]	@ (8001674 <TIM_OC1_SetConfig+0x50>)
 8001646:	4290      	cmp	r0, r2
 8001648:	d006      	beq.n	8001658 <TIM_OC1_SetConfig+0x34>
    /* Set the Output N Idle state */
    tmpcr2 |= OC_Config->OCNIdleState;
  }

  /* Write to TIMx CR2 */
  TIMx->CR2 = tmpcr2;
 800164a:	6045      	str	r5, [r0, #4]

  /* Write to TIMx CCMR1 */
  TIMx->CCMR1 = tmpccmrx;
 800164c:	6184      	str	r4, [r0, #24]

  /* Set the Capture Compare Register value */
  TIMx->CCR1 = OC_Config->Pulse;
 800164e:	684a      	ldr	r2, [r1, #4]
 8001650:	6342      	str	r2, [r0, #52]	@ 0x34

  /* Write to TIMx CCER */
  TIMx->CCER = tmpccer;
 8001652:	6203      	str	r3, [r0, #32]
}
 8001654:	bc30      	pop	{r4, r5}
 8001656:	4770      	bx	lr
    tmpccer &= ~TIM_CCER_CC1NP;
 8001658:	f023 0308 	bic.w	r3, r3, #8
    tmpccer |= OC_Config->OCNPolarity;
 800165c:	68ca      	ldr	r2, [r1, #12]
 800165e:	431a      	orrs	r2, r3
    tmpccer &= ~TIM_CCER_CC1NE;
 8001660:	f022 0304 	bic.w	r3, r2, #4
    tmpcr2 &= ~TIM_CR2_OIS1N;
 8001664:	f425 7540 	bic.w	r5, r5, #768	@ 0x300
    tmpcr2 |= OC_Config->OCIdleState;
 8001668:	694a      	ldr	r2, [r1, #20]
 800166a:	432a      	orrs	r2, r5
    tmpcr2 |= OC_Config->OCNIdleState;
 800166c:	698d      	ldr	r5, [r1, #24]
 800166e:	4315      	orrs	r5, r2
 8001670:	e7eb      	b.n	800164a <TIM_OC1_SetConfig+0x26>
 8001672:	bf00      	nop
 8001674:	40012c00 	.word	0x40012c00

08001678 <TIM_OC3_SetConfig>:
  * @param  TIMx to select the TIM peripheral
  * @param  OC_Config The output configuration structure
  * @retval None
  */
static void TIM_OC3_SetConfig(TIM_TypeDef *TIMx, const TIM_OC_InitTypeDef *OC_Config)
{
 8001678:	b430      	push	{r4, r5}
  uint32_t tmpccmrx;
  uint32_t tmpccer;
  uint32_t tmpcr2;

  /* Get the TIMx CCER register value */
  tmpccer = TIMx->CCER;
 800167a:	6a03      	ldr	r3, [r0, #32]

  /* Disable the Channel 3: Reset the CC2E Bit */
  TIMx->CCER &= ~TIM_CCER_CC3E;
 800167c:	6a02      	ldr	r2, [r0, #32]
 800167e:	f422 7280 	bic.w	r2, r2, #256	@ 0x100
 8001682:	6202      	str	r2, [r0, #32]

  /* Get the TIMx CR2 register value */
  tmpcr2 =  TIMx->CR2;
 8001684:	6844      	ldr	r4, [r0, #4]

  /* Get the TIMx CCMR2 register value */
  tmpccmrx = TIMx->CCMR2;
 8001686:	69c2      	ldr	r2, [r0, #28]

  /* Reset the Output Compare mode and Capture/Compare selection Bits */
  tmpccmrx &= ~TIM_CCMR2_OC3M;
  tmpccmrx &= ~TIM_CCMR2_CC3S;
 8001688:	f022 0273 	bic.w	r2, r2, #115	@ 0x73
  /* Select the Output Compare Mode */
  tmpccmrx |= OC_Config->OCMode;
 800168c:	680d      	ldr	r5, [r1, #0]
 800168e:	4315      	orrs	r5, r2

  /* Reset the Output Polarity level */
  tmpccer &= ~TIM_CCER_CC3P;
 8001690:	f423 7300 	bic.w	r3, r3, #512	@ 0x200
  /* Set the Output Compare Polarity */
  tmpccer |= (OC_Config->OCPolarity << 8U);
 8001694:	688a      	ldr	r2, [r1, #8]
 8001696:	ea43 2302 	orr.w	r3, r3, r2, lsl #8

  if (IS_TIM_CCXN_INSTANCE(TIMx, TIM_CHANNEL_3))
 800169a:	4a0d      	ldr	r2, [pc, #52]	@ (80016d0 <TIM_OC3_SetConfig+0x58>)
 800169c:	4290      	cmp	r0, r2
 800169e:	d006      	beq.n	80016ae <TIM_OC3_SetConfig+0x36>
    /* Set the Output N Idle state */
    tmpcr2 |= (OC_Config->OCNIdleState << 4U);
  }

  /* Write to TIMx CR2 */
  TIMx->CR2 = tmpcr2;
 80016a0:	6044      	str	r4, [r0, #4]

  /* Write to TIMx CCMR2 */
  TIMx->CCMR2 = tmpccmrx;
 80016a2:	61c5      	str	r5, [r0, #28]

  /* Set the Capture Compare Register value */
  TIMx->CCR3 = OC_Config->Pulse;
 80016a4:	684a      	ldr	r2, [r1, #4]
 80016a6:	63c2      	str	r2, [r0, #60]	@ 0x3c

  /* Write to TIMx CCER */
  TIMx->CCER = tmpccer;
 80016a8:	6203      	str	r3, [r0, #32]
}
 80016aa:	bc30      	pop	{r4, r5}
 80016ac:	4770      	bx	lr
    tmpccer &= ~TIM_CCER_CC3NP;
 80016ae:	f423 6300 	bic.w	r3, r3, #2048	@ 0x800
    tmpccer |= (OC_Config->OCNPolarity << 8U);
 80016b2:	68ca      	ldr	r2, [r1, #12]
 80016b4:	ea43 2302 	orr.w	r3, r3, r2, lsl #8
    tmpccer &= ~TIM_CCER_CC3NE;
 80016b8:	f423 6380 	bic.w	r3, r3, #1024	@ 0x400
    tmpcr2 &= ~TIM_CR2_OIS3N;
 80016bc:	f424 5440 	bic.w	r4, r4, #12288	@ 0x3000
    tmpcr2 |= (OC_Config->OCIdleState << 4U);
 80016c0:	694a      	ldr	r2, [r1, #20]
 80016c2:	ea44 1402 	orr.w	r4, r4, r2, lsl #4
    tmpcr2 |= (OC_Config->OCNIdleState << 4U);
 80016c6:	698a      	ldr	r2, [r1, #24]
 80016c8:	ea44 1402 	orr.w	r4, r4, r2, lsl #4
 80016cc:	e7e8      	b.n	80016a0 <TIM_OC3_SetConfig+0x28>
 80016ce:	bf00      	nop
 80016d0:	40012c00 	.word	0x40012c00

080016d4 <TIM_OC4_SetConfig>:
  * @param  TIMx to select the TIM peripheral
  * @param  OC_Config The output configuration structure
  * @retval None
  */
static void TIM_OC4_SetConfig(TIM_TypeDef *TIMx, const TIM_OC_InitTypeDef *OC_Config)
{
 80016d4:	b430      	push	{r4, r5}
  uint32_t tmpccmrx;
  uint32_t tmpccer;
  uint32_t tmpcr2;

  /* Get the TIMx CCER register value */
  tmpccer = TIMx->CCER;
 80016d6:	6a03      	ldr	r3, [r0, #32]

  /* Disable the Channel 4: Reset the CC4E Bit */
  TIMx->CCER &= ~TIM_CCER_CC4E;
 80016d8:	6a02      	ldr	r2, [r0, #32]
 80016da:	f422 5280 	bic.w	r2, r2, #4096	@ 0x1000
 80016de:	6202      	str	r2, [r0, #32]

  /* Get the TIMx CR2 register value */
  tmpcr2 =  TIMx->CR2;
 80016e0:	6844      	ldr	r4, [r0, #4]

  /* Get the TIMx CCMR2 register value */
  tmpccmrx = TIMx->CCMR2;
 80016e2:	69c2      	ldr	r2, [r0, #28]

  /* Reset the Output Compare mode and Capture/Compare selection Bits */
  tmpccmrx &= ~TIM_CCMR2_OC4M;
  tmpccmrx &= ~TIM_CCMR2_CC4S;
 80016e4:	f422 42e6 	bic.w	r2, r2, #29440	@ 0x7300

  /* Select the Output Compare Mode */
  tmpccmrx |= (OC_Config->OCMode << 8U);
 80016e8:	680d      	ldr	r5, [r1, #0]
 80016ea:	ea42 2205 	orr.w	r2, r2, r5, lsl #8

  /* Reset the Output Polarity level */
  tmpccer &= ~TIM_CCER_CC4P;
 80016ee:	f423 5300 	bic.w	r3, r3, #8192	@ 0x2000
  /* Set the Output Compare Polarity */
  tmpccer |= (OC_Config->OCPolarity << 12U);
 80016f2:	688d      	ldr	r5, [r1, #8]
 80016f4:	ea43 3305 	orr.w	r3, r3, r5, lsl #12

  if (IS_TIM_BREAK_INSTANCE(TIMx))
 80016f8:	4d07      	ldr	r5, [pc, #28]	@ (8001718 <TIM_OC4_SetConfig+0x44>)
 80016fa:	42a8      	cmp	r0, r5
 80016fc:	d006      	beq.n	800170c <TIM_OC4_SetConfig+0x38>
    /* Set the Output Idle state */
    tmpcr2 |= (OC_Config->OCIdleState << 6U);
  }

  /* Write to TIMx CR2 */
  TIMx->CR2 = tmpcr2;
 80016fe:	6044      	str	r4, [r0, #4]

  /* Write to TIMx CCMR2 */
  TIMx->CCMR2 = tmpccmrx;
 8001700:	61c2      	str	r2, [r0, #28]

  /* Set the Capture Compare Register value */
  TIMx->CCR4 = OC_Config->Pulse;
 8001702:	684a      	ldr	r2, [r1, #4]
 8001704:	6402      	str	r2, [r0, #64]	@ 0x40

  /* Write to TIMx CCER */
  TIMx->CCER = tmpccer;
 8001706:	6203      	str	r3, [r0, #32]
}
 8001708:	bc30      	pop	{r4, r5}
 800170a:	4770      	bx	lr
    tmpcr2 &= ~TIM_CR2_OIS4;
 800170c:	f424 4480 	bic.w	r4, r4, #16384	@ 0x4000
    tmpcr2 |= (OC_Config->OCIdleState << 6U);
 8001710:	694d      	ldr	r5, [r1, #20]
 8001712:	ea44 1485 	orr.w	r4, r4, r5, lsl #6
 8001716:	e7f2      	b.n	80016fe <TIM_OC4_SetConfig+0x2a>
 8001718:	40012c00 	.word	0x40012c00

0800171c <TIM_Base_SetConfig>:
  tmpcr1 = TIMx->CR1;
 800171c:	6803      	ldr	r3, [r0, #0]
  if (IS_TIM_COUNTER_MODE_SELECT_INSTANCE(TIMx))
 800171e:	4a1f      	ldr	r2, [pc, #124]	@ (800179c <TIM_Base_SetConfig+0x80>)
 8001720:	4290      	cmp	r0, r2
 8001722:	d00a      	beq.n	800173a <TIM_Base_SetConfig+0x1e>
 8001724:	f1b0 4f80 	cmp.w	r0, #1073741824	@ 0x40000000
 8001728:	d007      	beq.n	800173a <TIM_Base_SetConfig+0x1e>
 800172a:	f5a2 3294 	sub.w	r2, r2, #75776	@ 0x12800
 800172e:	4290      	cmp	r0, r2
 8001730:	d003      	beq.n	800173a <TIM_Base_SetConfig+0x1e>
 8001732:	f502 6280 	add.w	r2, r2, #1024	@ 0x400
 8001736:	4290      	cmp	r0, r2
 8001738:	d103      	bne.n	8001742 <TIM_Base_SetConfig+0x26>
    tmpcr1 &= ~(TIM_CR1_DIR | TIM_CR1_CMS);
 800173a:	f023 0370 	bic.w	r3, r3, #112	@ 0x70
    tmpcr1 |= Structure->CounterMode;
 800173e:	684a      	ldr	r2, [r1, #4]
 8001740:	4313      	orrs	r3, r2
  if (IS_TIM_CLOCK_DIVISION_INSTANCE(TIMx))
 8001742:	4a16      	ldr	r2, [pc, #88]	@ (800179c <TIM_Base_SetConfig+0x80>)
 8001744:	4290      	cmp	r0, r2
 8001746:	d00a      	beq.n	800175e <TIM_Base_SetConfig+0x42>
 8001748:	f1b0 4f80 	cmp.w	r0, #1073741824	@ 0x40000000
 800174c:	d007      	beq.n	800175e <TIM_Base_SetConfig+0x42>
 800174e:	f5a2 3294 	sub.w	r2, r2, #75776	@ 0x12800
 8001752:	4290      	cmp	r0, r2
 8001754:	d003      	beq.n	800175e <TIM_Base_SetConfig+0x42>
 8001756:	f502 6280 	add.w	r2, r2, #1024	@ 0x400
 800175a:	4290      	cmp	r0, r2
 800175c:	d103      	bne.n	8001766 <TIM_Base_SetConfig+0x4a>
    tmpcr1 &= ~TIM_CR1_CKD;
 800175e:	f423 7340 	bic.w	r3, r3, #768	@ 0x300
    tmpcr1 |= (uint32_t)Structure->ClockDivision;
 8001762:	68ca      	ldr	r2, [r1, #12]
 8001764:	4313      	orrs	r3, r2
  MODIFY_REG(tmpcr1, TIM_CR1_ARPE, Structure->AutoReloadPreload);
 8001766:	f023 0380 	bic.w	r3, r3, #128	@ 0x80
 800176a:	694a      	ldr	r2, [r1, #20]
 800176c:	4313      	orrs	r3, r2
  TIMx->CR1 = tmpcr1;
 800176e:	6003      	str	r3, [r0, #0]
  TIMx->ARR = (uint32_t)Structure->Period ;
 8001770:	688b      	ldr	r3, [r1, #8]
 8001772:	62c3      	str	r3, [r0, #44]	@ 0x2c
  TIMx->PSC = Structure->Prescaler;
 8001774:	680b      	ldr	r3, [r1, #0]
 8001776:	6283      	str	r3, [r0, #40]	@ 0x28
  if (IS_TIM_REPETITION_COUNTER_INSTANCE(TIMx))
 8001778:	4b08      	ldr	r3, [pc, #32]	@ (800179c <TIM_Base_SetConfig+0x80>)
 800177a:	4298      	cmp	r0, r3
 800177c:	d00a      	beq.n	8001794 <TIM_Base_SetConfig+0x78>
  TIMx->EGR = TIM_EGR_UG;
 800177e:	2301      	movs	r3, #1
 8001780:	6143      	str	r3, [r0, #20]
  if (HAL_IS_BIT_SET(TIMx->SR, TIM_FLAG_UPDATE))
 8001782:	6903      	ldr	r3, [r0, #16]
 8001784:	f013 0f01 	tst.w	r3, #1
 8001788:	d003      	beq.n	8001792 <TIM_Base_SetConfig+0x76>
    CLEAR_BIT(TIMx->SR, TIM_FLAG_UPDATE);
 800178a:	6903      	ldr	r3, [r0, #16]
 800178c:	f023 0301 	bic.w	r3, r3, #1
 8001790:	6103      	str	r3, [r0, #16]
}
 8001792:	4770      	bx	lr
    TIMx->RCR = Structure->RepetitionCounter;
 8001794:	690b      	ldr	r3, [r1, #16]
 8001796:	6303      	str	r3, [r0, #48]	@ 0x30
 8001798:	e7f1      	b.n	800177e <TIM_Base_SetConfig+0x62>
 800179a:	bf00      	nop
 800179c:	40012c00 	.word	0x40012c00

080017a0 <HAL_TIM_PWM_Init>:
  if (htim == NULL)
 80017a0:	b340      	cbz	r0, 80017f4 <HAL_TIM_PWM_Init+0x54>
{
 80017a2:	b510      	push	{r4, lr}
 80017a4:	4604      	mov	r4, r0
  if (htim->State == HAL_TIM_STATE_RESET)
 80017a6:	f890 303d 	ldrb.w	r3, [r0, #61]	@ 0x3d
 80017aa:	b1f3      	cbz	r3, 80017ea <HAL_TIM_PWM_Init+0x4a>
  htim->State = HAL_TIM_STATE_BUSY;
 80017ac:	2302      	movs	r3, #2
 80017ae:	f884 303d 	strb.w	r3, [r4, #61]	@ 0x3d
  TIM_Base_SetConfig(htim->Instance, &htim->Init);
 80017b2:	4621      	mov	r1, r4
 80017b4:	f851 0b04 	ldr.w	r0, [r1], #4
 80017b8:	f7ff ffb0 	bl	800171c <TIM_Base_SetConfig>
  htim->DMABurstState = HAL_DMA_BURST_STATE_READY;
 80017bc:	2301      	movs	r3, #1
 80017be:	f884 3046 	strb.w	r3, [r4, #70]	@ 0x46
  TIM_CHANNEL_STATE_SET_ALL(htim, HAL_TIM_CHANNEL_STATE_READY);
 80017c2:	f884 303e 	strb.w	r3, [r4, #62]	@ 0x3e
 80017c6:	f884 303f 	strb.w	r3, [r4, #63]	@ 0x3f
 80017ca:	f884 3040 	strb.w	r3, [r4, #64]	@ 0x40
 80017ce:	f884 3041 	strb.w	r3, [r4, #65]	@ 0x41
  TIM_CHANNEL_N_STATE_SET_ALL(htim, HAL_TIM_CHANNEL_STATE_READY);
 80017d2:	f884 3042 	strb.w	r3, [r4, #66]	@ 0x42
 80017d6:	f884 3043 	strb.w	r3, [r4, #67]	@ 0x43
 80017da:	f884 3044 	strb.w	r3, [r4, #68]	@ 0x44
 80017de:	f884 3045 	strb.w	r3, [r4, #69]	@ 0x45
  htim->State = HAL_TIM_STATE_READY;
 80017e2:	f884 303d 	strb.w	r3, [r4, #61]	@ 0x3d
  return HAL_OK;
 80017e6:	2000      	movs	r0, #0
}
 80017e8:	bd10      	pop	{r4, pc}
    htim->Lock = HAL_UNLOCKED;
 80017ea:	f880 303c 	strb.w	r3, [r0, #60]	@ 0x3c
    HAL_TIM_PWM_MspInit(htim);
 80017ee:	f7ff facf 	bl	8000d90 <HAL_TIM_PWM_MspInit>
 80017f2:	e7db      	b.n	80017ac <HAL_TIM_PWM_Init+0xc>
    return HAL_ERROR;
 80017f4:	2001      	movs	r0, #1
}
 80017f6:	4770      	bx	lr

080017f8 <TIM_OC2_SetConfig>:
{
 80017f8:	b430      	push	{r4, r5}
  tmpccer = TIMx->CCER;
 80017fa:	6a03      	ldr	r3, [r0, #32]
  TIMx->CCER &= ~TIM_CCER_CC2E;
 80017fc:	6a02      	ldr	r2, [r0, #32]
 80017fe:	f022 0210 	bic.w	r2, r2, #16
 8001802:	6202      	str	r2, [r0, #32]
  tmpcr2 =  TIMx->CR2;
 8001804:	6844      	ldr	r4, [r0, #4]
  tmpccmrx = TIMx->CCMR1;
 8001806:	6982      	ldr	r2, [r0, #24]
  tmpccmrx &= ~TIM_CCMR1_CC2S;
 8001808:	f422 42e6 	bic.w	r2, r2, #29440	@ 0x7300
  tmpccmrx |= (OC_Config->OCMode << 8U);
 800180c:	680d      	ldr	r5, [r1, #0]
 800180e:	ea42 2205 	orr.w	r2, r2, r5, lsl #8
  tmpccer &= ~TIM_CCER_CC2P;
 8001812:	f023 0320 	bic.w	r3, r3, #32
  tmpccer |= (OC_Config->OCPolarity << 4U);
 8001816:	688d      	ldr	r5, [r1, #8]
 8001818:	ea43 1305 	orr.w	r3, r3, r5, lsl #4
  if (IS_TIM_CCXN_INSTANCE(TIMx, TIM_CHANNEL_2))
 800181c:	4d0c      	ldr	r5, [pc, #48]	@ (8001850 <TIM_OC2_SetConfig+0x58>)
 800181e:	42a8      	cmp	r0, r5
 8001820:	d006      	beq.n	8001830 <TIM_OC2_SetConfig+0x38>
  TIMx->CR2 = tmpcr2;
 8001822:	6044      	str	r4, [r0, #4]
  TIMx->CCMR1 = tmpccmrx;
 8001824:	6182      	str	r2, [r0, #24]
  TIMx->CCR2 = OC_Config->Pulse;
 8001826:	684a      	ldr	r2, [r1, #4]
 8001828:	6382      	str	r2, [r0, #56]	@ 0x38
  TIMx->CCER = tmpccer;
 800182a:	6203      	str	r3, [r0, #32]
}
 800182c:	bc30      	pop	{r4, r5}
 800182e:	4770      	bx	lr
    tmpccer &= ~TIM_CCER_CC2NP;
 8001830:	f023 0380 	bic.w	r3, r3, #128	@ 0x80
    tmpccer |= (OC_Config->OCNPolarity << 4U);
 8001834:	68cd      	ldr	r5, [r1, #12]
 8001836:	ea43 1305 	orr.w	r3, r3, r5, lsl #4
    tmpccer &= ~TIM_CCER_CC2NE;
 800183a:	f023 0340 	bic.w	r3, r3, #64	@ 0x40
    tmpcr2 &= ~TIM_CR2_OIS2N;
 800183e:	f424 6440 	bic.w	r4, r4, #3072	@ 0xc00
    tmpcr2 |= (OC_Config->OCIdleState << 2U);
 8001842:	694d      	ldr	r5, [r1, #20]
 8001844:	ea44 0485 	orr.w	r4, r4, r5, lsl #2
    tmpcr2 |= (OC_Config->OCNIdleState << 2U);
 8001848:	698d      	ldr	r5, [r1, #24]
 800184a:	ea44 0485 	orr.w	r4, r4, r5, lsl #2
 800184e:	e7e8      	b.n	8001822 <TIM_OC2_SetConfig+0x2a>
 8001850:	40012c00 	.word	0x40012c00

08001854 <HAL_TIM_PWM_ConfigChannel>:
{
 8001854:	b538      	push	{r3, r4, r5, lr}
  __HAL_LOCK(htim);
 8001856:	f890 303c 	ldrb.w	r3, [r0, #60]	@ 0x3c
 800185a:	2b01      	cmp	r3, #1
 800185c:	d066      	beq.n	800192c <HAL_TIM_PWM_ConfigChannel+0xd8>
 800185e:	4604      	mov	r4, r0
 8001860:	460d      	mov	r5, r1
 8001862:	2301      	movs	r3, #1
 8001864:	f880 303c 	strb.w	r3, [r0, #60]	@ 0x3c
  switch (Channel)
 8001868:	2a0c      	cmp	r2, #12
 800186a:	d85a      	bhi.n	8001922 <HAL_TIM_PWM_ConfigChannel+0xce>
 800186c:	e8df f002 	tbb	[pc, r2]
 8001870:	59595907 	.word	0x59595907
 8001874:	5959591b 	.word	0x5959591b
 8001878:	59595930 	.word	0x59595930
 800187c:	44          	.byte	0x44
 800187d:	00          	.byte	0x00
      TIM_OC1_SetConfig(htim->Instance, sConfig);
 800187e:	6800      	ldr	r0, [r0, #0]
 8001880:	f7ff fed0 	bl	8001624 <TIM_OC1_SetConfig>
      htim->Instance->CCMR1 |= TIM_CCMR1_OC1PE;
 8001884:	6822      	ldr	r2, [r4, #0]
 8001886:	6993      	ldr	r3, [r2, #24]
 8001888:	f043 0308 	orr.w	r3, r3, #8
 800188c:	6193      	str	r3, [r2, #24]
      htim->Instance->CCMR1 &= ~TIM_CCMR1_OC1FE;
 800188e:	6822      	ldr	r2, [r4, #0]
 8001890:	6993      	ldr	r3, [r2, #24]
 8001892:	f023 0304 	bic.w	r3, r3, #4
 8001896:	6193      	str	r3, [r2, #24]
      htim->Instance->CCMR1 |= sConfig->OCFastMode;
 8001898:	6822      	ldr	r2, [r4, #0]
 800189a:	6993      	ldr	r3, [r2, #24]
 800189c:	6929      	ldr	r1, [r5, #16]
 800189e:	430b      	orrs	r3, r1
 80018a0:	6193      	str	r3, [r2, #24]
  HAL_StatusTypeDef status = HAL_OK;
 80018a2:	2000      	movs	r0, #0
      break;
 80018a4:	e03e      	b.n	8001924 <HAL_TIM_PWM_ConfigChannel+0xd0>
      TIM_OC2_SetConfig(htim->Instance, sConfig);
 80018a6:	6800      	ldr	r0, [r0, #0]
 80018a8:	f7ff ffa6 	bl	80017f8 <TIM_OC2_SetConfig>
      htim->Instance->CCMR1 |= TIM_CCMR1_OC2PE;
 80018ac:	6822      	ldr	r2, [r4, #0]
 80018ae:	6993      	ldr	r3, [r2, #24]
 80018b0:	f443 6300 	orr.w	r3, r3, #2048	@ 0x800
 80018b4:	6193      	str	r3, [r2, #24]
      htim->Instance->CCMR1 &= ~TIM_CCMR1_OC2FE;
 80018b6:	6822      	ldr	r2, [r4, #0]
 80018b8:	6993      	ldr	r3, [r2, #24]
 80018ba:	f423 6380 	bic.w	r3, r3, #1024	@ 0x400
 80018be:	6193      	str	r3, [r2, #24]
      htim->Instance->CCMR1 |= sConfig->OCFastMode << 8U;
 80018c0:	6822      	ldr	r2, [r4, #0]
 80018c2:	6993      	ldr	r3, [r2, #24]
 80018c4:	6929      	ldr	r1, [r5, #16]
 80018c6:	ea43 2301 	orr.w	r3, r3, r1, lsl #8
 80018ca:	6193      	str	r3, [r2, #24]
  HAL_StatusTypeDef status = HAL_OK;
 80018cc:	2000      	movs	r0, #0
      break;
 80018ce:	e029      	b.n	8001924 <HAL_TIM_PWM_ConfigChannel+0xd0>
      TIM_OC3_SetConfig(htim->Instance, sConfig);
 80018d0:	6800      	ldr	r0, [r0, #0]
 80018d2:	f7ff fed1 	bl	8001678 <TIM_OC3_SetConfig>
      htim->Instance->CCMR2 |= TIM_CCMR2_OC3PE;
 80018d6:	6822      	ldr	r2, [r4, #0]
 80018d8:	69d3      	ldr	r3, [r2, #28]
 80018da:	f043 0308 	orr.w	r3, r3, #8
 80018de:	61d3      	str	r3, [r2, #28]
      htim->Instance->CCMR2 &= ~TIM_CCMR2_OC3FE;
 80018e0:	6822      	ldr	r2, [r4, #0]
 80018e2:	69d3      	ldr	r3, [r2, #28]
 80018e4:	f023 0304 	bic.w	r3, r3, #4
 80018e8:	61d3      	str	r3, [r2, #28]
      htim->Instance->CCMR2 |= sConfig->OCFastMode;
 80018ea:	6822      	ldr	r2, [r4, #0]
 80018ec:	69d3      	ldr	r3, [r2, #28]
 80018ee:	6929      	ldr	r1, [r5, #16]
 80018f0:	430b      	orrs	r3, r1
 80018f2:	61d3      	str	r3, [r2, #28]
  HAL_StatusTypeDef status = HAL_OK;
 80018f4:	2000      	movs	r0, #0
      break;
 80018f6:	e015      	b.n	8001924 <HAL_TIM_PWM_ConfigChannel+0xd0>
      TIM_OC4_SetConfig(htim->Instance, sConfig);
 80018f8:	6800      	ldr	r0, [r0, #0]
 80018fa:	f7ff feeb 	bl	80016d4 <TIM_OC4_SetConfig>
      htim->Instance->CCMR2 |= TIM_CCMR2_OC4PE;
 80018fe:	6822      	ldr	r2, [r4, #0]
 8001900:	69d3      	ldr	r3, [r2, #28]
 8001902:	f443 6300 	orr.w	r3, r3, #2048	@ 0x800
 8001906:	61d3      	str	r3, [r2, #28]
      htim->Instance->CCMR2 &= ~TIM_CCMR2_OC4FE;
 8001908:	6822      	ldr	r2, [r4, #0]
 800190a:	69d3      	ldr	r3, [r2, #28]
 800190c:	f423 6380 	bic.w	r3, r3, #1024	@ 0x400
 8001910:	61d3      	str	r3, [r2, #28]
      htim->Instance->CCMR2 |= sConfig->OCFastMode << 8U;
 8001912:	6822      	ldr	r2, [r4, #0]
 8001914:	69d3      	ldr	r3, [r2, #28]
 8001916:	6929      	ldr	r1, [r5, #16]
 8001918:	ea43 2301 	orr.w	r3, r3, r1, lsl #8
 800191c:	61d3      	str	r3, [r2, #28]
  HAL_StatusTypeDef status = HAL_OK;
 800191e:	2000      	movs	r0, #0
      break;
 8001920:	e000      	b.n	8001924 <HAL_TIM_PWM_ConfigChannel+0xd0>
  switch (Channel)
 8001922:	2001      	movs	r0, #1
  __HAL_UNLOCK(htim);
 8001924:	2300      	movs	r3, #0
 8001926:	f884 303c 	strb.w	r3, [r4, #60]	@ 0x3c
}
 800192a:	bd38      	pop	{r3, r4, r5, pc}
  __HAL_LOCK(htim);
 800192c:	2002      	movs	r0, #2
 800192e:	e7fc      	b.n	800192a <HAL_TIM_PWM_ConfigChannel+0xd6>

08001930 <TIM_CCxChannelCmd>:

  /* Check the parameters */
  assert_param(IS_TIM_CC1_INSTANCE(TIMx));
  assert_param(IS_TIM_CHANNELS(Channel));

  tmp = TIM_CCER_CC1E << (Channel & 0x1FU); /* 0x1FU = 31 bits max shift */
 8001930:	f001 011f 	and.w	r1, r1, #31
 8001934:	f04f 0c01 	mov.w	ip, #1
 8001938:	fa0c fc01 	lsl.w	ip, ip, r1

  /* Reset the CCxE Bit */
  TIMx->CCER &= ~tmp;
 800193c:	6a03      	ldr	r3, [r0, #32]
 800193e:	ea23 030c 	bic.w	r3, r3, ip
 8001942:	6203      	str	r3, [r0, #32]

  /* Set or reset the CCxE Bit */
  TIMx->CCER |= (uint32_t)(ChannelState << (Channel & 0x1FU)); /* 0x1FU = 31 bits max shift */
 8001944:	6a03      	ldr	r3, [r0, #32]
 8001946:	408a      	lsls	r2, r1
 8001948:	4313      	orrs	r3, r2
 800194a:	6203      	str	r3, [r0, #32]
}
 800194c:	4770      	bx	lr
	...

08001950 <HAL_TIM_PWM_Start>:
{
 8001950:	b510      	push	{r4, lr}
 8001952:	4604      	mov	r4, r0
  if (TIM_CHANNEL_STATE_GET(htim, Channel) != HAL_TIM_CHANNEL_STATE_READY)
 8001954:	4608      	mov	r0, r1
 8001956:	bb49      	cbnz	r1, 80019ac <HAL_TIM_PWM_Start+0x5c>
 8001958:	f894 303e 	ldrb.w	r3, [r4, #62]	@ 0x3e
 800195c:	3b01      	subs	r3, #1
 800195e:	bf18      	it	ne
 8001960:	2301      	movne	r3, #1
 8001962:	2b00      	cmp	r3, #0
 8001964:	d158      	bne.n	8001a18 <HAL_TIM_PWM_Start+0xc8>
  TIM_CHANNEL_STATE_SET(htim, Channel, HAL_TIM_CHANNEL_STATE_BUSY);
 8001966:	2800      	cmp	r0, #0
 8001968:	d136      	bne.n	80019d8 <HAL_TIM_PWM_Start+0x88>
 800196a:	2302      	movs	r3, #2
 800196c:	f884 303e 	strb.w	r3, [r4, #62]	@ 0x3e
  TIM_CCxChannelCmd(htim->Instance, Channel, TIM_CCx_ENABLE);
 8001970:	2201      	movs	r2, #1
 8001972:	4601      	mov	r1, r0
 8001974:	6820      	ldr	r0, [r4, #0]
 8001976:	f7ff ffdb 	bl	8001930 <TIM_CCxChannelCmd>
  if (IS_TIM_BREAK_INSTANCE(htim->Instance) != RESET)
 800197a:	6823      	ldr	r3, [r4, #0]
 800197c:	4a28      	ldr	r2, [pc, #160]	@ (8001a20 <HAL_TIM_PWM_Start+0xd0>)
 800197e:	4293      	cmp	r3, r2
 8001980:	d03a      	beq.n	80019f8 <HAL_TIM_PWM_Start+0xa8>
  if (IS_TIM_SLAVE_INSTANCE(htim->Instance))
 8001982:	6823      	ldr	r3, [r4, #0]
 8001984:	4a26      	ldr	r2, [pc, #152]	@ (8001a20 <HAL_TIM_PWM_Start+0xd0>)
 8001986:	4293      	cmp	r3, r2
 8001988:	d03b      	beq.n	8001a02 <HAL_TIM_PWM_Start+0xb2>
 800198a:	f1b3 4f80 	cmp.w	r3, #1073741824	@ 0x40000000
 800198e:	d038      	beq.n	8001a02 <HAL_TIM_PWM_Start+0xb2>
 8001990:	f5a2 3294 	sub.w	r2, r2, #75776	@ 0x12800
 8001994:	4293      	cmp	r3, r2
 8001996:	d034      	beq.n	8001a02 <HAL_TIM_PWM_Start+0xb2>
 8001998:	f502 6280 	add.w	r2, r2, #1024	@ 0x400
 800199c:	4293      	cmp	r3, r2
 800199e:	d030      	beq.n	8001a02 <HAL_TIM_PWM_Start+0xb2>
    __HAL_TIM_ENABLE(htim);
 80019a0:	681a      	ldr	r2, [r3, #0]
 80019a2:	f042 0201 	orr.w	r2, r2, #1
 80019a6:	601a      	str	r2, [r3, #0]
  return HAL_OK;
 80019a8:	2000      	movs	r0, #0
 80019aa:	e036      	b.n	8001a1a <HAL_TIM_PWM_Start+0xca>
  if (TIM_CHANNEL_STATE_GET(htim, Channel) != HAL_TIM_CHANNEL_STATE_READY)
 80019ac:	2904      	cmp	r1, #4
 80019ae:	d007      	beq.n	80019c0 <HAL_TIM_PWM_Start+0x70>
 80019b0:	2908      	cmp	r1, #8
 80019b2:	d00b      	beq.n	80019cc <HAL_TIM_PWM_Start+0x7c>
 80019b4:	f894 3041 	ldrb.w	r3, [r4, #65]	@ 0x41
 80019b8:	3b01      	subs	r3, #1
 80019ba:	bf18      	it	ne
 80019bc:	2301      	movne	r3, #1
 80019be:	e7d0      	b.n	8001962 <HAL_TIM_PWM_Start+0x12>
 80019c0:	f894 303f 	ldrb.w	r3, [r4, #63]	@ 0x3f
 80019c4:	3b01      	subs	r3, #1
 80019c6:	bf18      	it	ne
 80019c8:	2301      	movne	r3, #1
 80019ca:	e7ca      	b.n	8001962 <HAL_TIM_PWM_Start+0x12>
 80019cc:	f894 3040 	ldrb.w	r3, [r4, #64]	@ 0x40
 80019d0:	3b01      	subs	r3, #1
 80019d2:	bf18      	it	ne
 80019d4:	2301      	movne	r3, #1
 80019d6:	e7c4      	b.n	8001962 <HAL_TIM_PWM_Start+0x12>
  TIM_CHANNEL_STATE_SET(htim, Channel, HAL_TIM_CHANNEL_STATE_BUSY);
 80019d8:	2804      	cmp	r0, #4
 80019da:	d005      	beq.n	80019e8 <HAL_TIM_PWM_Start+0x98>
 80019dc:	2808      	cmp	r0, #8
 80019de:	d007      	beq.n	80019f0 <HAL_TIM_PWM_Start+0xa0>
 80019e0:	2302      	movs	r3, #2
 80019e2:	f884 3041 	strb.w	r3, [r4, #65]	@ 0x41
 80019e6:	e7c3      	b.n	8001970 <HAL_TIM_PWM_Start+0x20>
 80019e8:	2302      	movs	r3, #2
 80019ea:	f884 303f 	strb.w	r3, [r4, #63]	@ 0x3f
 80019ee:	e7bf      	b.n	8001970 <HAL_TIM_PWM_Start+0x20>
 80019f0:	2302      	movs	r3, #2
 80019f2:	f884 3040 	strb.w	r3, [r4, #64]	@ 0x40
 80019f6:	e7bb      	b.n	8001970 <HAL_TIM_PWM_Start+0x20>
    __HAL_TIM_MOE_ENABLE(htim);
 80019f8:	6c5a      	ldr	r2, [r3, #68]	@ 0x44
 80019fa:	f442 4200 	orr.w	r2, r2, #32768	@ 0x8000
 80019fe:	645a      	str	r2, [r3, #68]	@ 0x44
 8001a00:	e7bf      	b.n	8001982 <HAL_TIM_PWM_Start+0x32>
    tmpsmcr = htim->Instance->SMCR & TIM_SMCR_SMS;
 8001a02:	689a      	ldr	r2, [r3, #8]
 8001a04:	f002 0207 	and.w	r2, r2, #7
    if (!IS_TIM_SLAVEMODE_TRIGGER_ENABLED(tmpsmcr))
 8001a08:	2a06      	cmp	r2, #6
 8001a0a:	d007      	beq.n	8001a1c <HAL_TIM_PWM_Start+0xcc>
      __HAL_TIM_ENABLE(htim);
 8001a0c:	681a      	ldr	r2, [r3, #0]
 8001a0e:	f042 0201 	orr.w	r2, r2, #1
 8001a12:	601a      	str	r2, [r3, #0]
  return HAL_OK;
 8001a14:	2000      	movs	r0, #0
 8001a16:	e000      	b.n	8001a1a <HAL_TIM_PWM_Start+0xca>
    return HAL_ERROR;
 8001a18:	2001      	movs	r0, #1
}
 8001a1a:	bd10      	pop	{r4, pc}
  return HAL_OK;
 8001a1c:	2000      	movs	r0, #0
 8001a1e:	e7fc      	b.n	8001a1a <HAL_TIM_PWM_Start+0xca>
 8001a20:	40012c00 	.word	0x40012c00

08001a24 <HAL_TIMEx_MasterConfigSynchronization>:
  assert_param(IS_TIM_MASTER_INSTANCE(htim->Instance));
  assert_param(IS_TIM_TRGO_SOURCE(sMasterConfig->MasterOutputTrigger));
  assert_param(IS_TIM_MSM_STATE(sMasterConfig->MasterSlaveMode));

  /* Check input state */
  __HAL_LOCK(htim);
 8001a24:	f890 203c 	ldrb.w	r2, [r0, #60]	@ 0x3c
 8001a28:	2a01      	cmp	r2, #1
 8001a2a:	d02c      	beq.n	8001a86 <HAL_TIMEx_MasterConfigSynchronization+0x62>
{
 8001a2c:	b410      	push	{r4}
 8001a2e:	4603      	mov	r3, r0
  __HAL_LOCK(htim);
 8001a30:	2201      	movs	r2, #1
 8001a32:	f880 203c 	strb.w	r2, [r0, #60]	@ 0x3c

  /* Change the handler state */
  htim->State = HAL_TIM_STATE_BUSY;
 8001a36:	2202      	movs	r2, #2
 8001a38:	f880 203d 	strb.w	r2, [r0, #61]	@ 0x3d

  /* Get the TIMx CR2 register value */
  tmpcr2 = htim->Instance->CR2;
 8001a3c:	6802      	ldr	r2, [r0, #0]
 8001a3e:	6850      	ldr	r0, [r2, #4]

  /* Get the TIMx SMCR register value */
  tmpsmcr = htim->Instance->SMCR;
 8001a40:	6894      	ldr	r4, [r2, #8]

  /* Reset the MMS Bits */
  tmpcr2 &= ~TIM_CR2_MMS;
 8001a42:	f020 0c70 	bic.w	ip, r0, #112	@ 0x70
  /* Select the TRGO source */
  tmpcr2 |=  sMasterConfig->MasterOutputTrigger;
 8001a46:	6808      	ldr	r0, [r1, #0]
 8001a48:	ea40 000c 	orr.w	r0, r0, ip

  /* Update TIMx CR2 */
  htim->Instance->CR2 = tmpcr2;
 8001a4c:	6050      	str	r0, [r2, #4]

  if (IS_TIM_SLAVE_INSTANCE(htim->Instance))
 8001a4e:	681a      	ldr	r2, [r3, #0]
 8001a50:	480e      	ldr	r0, [pc, #56]	@ (8001a8c <HAL_TIMEx_MasterConfigSynchronization+0x68>)
 8001a52:	4282      	cmp	r2, r0
 8001a54:	d00a      	beq.n	8001a6c <HAL_TIMEx_MasterConfigSynchronization+0x48>
 8001a56:	f1b2 4f80 	cmp.w	r2, #1073741824	@ 0x40000000
 8001a5a:	d007      	beq.n	8001a6c <HAL_TIMEx_MasterConfigSynchronization+0x48>
 8001a5c:	f5a0 3094 	sub.w	r0, r0, #75776	@ 0x12800
 8001a60:	4282      	cmp	r2, r0
 8001a62:	d003      	beq.n	8001a6c <HAL_TIMEx_MasterConfigSynchronization+0x48>
 8001a64:	f500 6080 	add.w	r0, r0, #1024	@ 0x400
 8001a68:	4282      	cmp	r2, r0
 8001a6a:	d104      	bne.n	8001a76 <HAL_TIMEx_MasterConfigSynchronization+0x52>
  {
    /* Reset the MSM Bit */
    tmpsmcr &= ~TIM_SMCR_MSM;
 8001a6c:	f024 0480 	bic.w	r4, r4, #128	@ 0x80
    /* Set master mode */
    tmpsmcr |= sMasterConfig->MasterSlaveMode;
 8001a70:	6849      	ldr	r1, [r1, #4]
 8001a72:	4321      	orrs	r1, r4

    /* Update TIMx SMCR */
    htim->Instance->SMCR = tmpsmcr;
 8001a74:	6091      	str	r1, [r2, #8]
  }

  /* Change the htim state */
  htim->State = HAL_TIM_STATE_READY;
 8001a76:	2201      	movs	r2, #1
 8001a78:	f883 203d 	strb.w	r2, [r3, #61]	@ 0x3d

  __HAL_UNLOCK(htim);
 8001a7c:	2000      	movs	r0, #0
 8001a7e:	f883 003c 	strb.w	r0, [r3, #60]	@ 0x3c

  return HAL_OK;
}
 8001a82:	bc10      	pop	{r4}
 8001a84:	4770      	bx	lr
  __HAL_LOCK(htim);
 8001a86:	2002      	movs	r0, #2
}
 8001a88:	4770      	bx	lr
 8001a8a:	bf00      	nop
 8001a8c:	40012c00 	.word	0x40012c00

08001a90 <HAL_TIMEx_ConfigBreakDeadTime>:
  *         interrupt can be enabled by calling the @ref __HAL_TIM_ENABLE_IT macro.
  * @retval HAL status
  */
HAL_StatusTypeDef HAL_TIMEx_ConfigBreakDeadTime(TIM_HandleTypeDef *htim,
                                                const TIM_BreakDeadTimeConfigTypeDef *sBreakDeadTimeConfig)
{
 8001a90:	4602      	mov	r2, r0
  assert_param(IS_TIM_BREAK_STATE(sBreakDeadTimeConfig->BreakState));
  assert_param(IS_TIM_BREAK_POLARITY(sBreakDeadTimeConfig->BreakPolarity));
  assert_param(IS_TIM_AUTOMATIC_OUTPUT_STATE(sBreakDeadTimeConfig->AutomaticOutput));

  /* Check input state */
  __HAL_LOCK(htim);
 8001a92:	f890 303c 	ldrb.w	r3, [r0, #60]	@ 0x3c
 8001a96:	2b01      	cmp	r3, #1
 8001a98:	d021      	beq.n	8001ade <HAL_TIMEx_ConfigBreakDeadTime+0x4e>
 8001a9a:	2301      	movs	r3, #1
 8001a9c:	f880 303c 	strb.w	r3, [r0, #60]	@ 0x3c

  /* Set the Lock level, the Break enable Bit and the Polarity, the OSSR State,
     the OSSI State, the dead time value and the Automatic Output Enable Bit */

  /* Set the BDTR bits */
  MODIFY_REG(tmpbdtr, TIM_BDTR_DTG, sBreakDeadTimeConfig->DeadTime);
 8001aa0:	68cb      	ldr	r3, [r1, #12]
  MODIFY_REG(tmpbdtr, TIM_BDTR_LOCK, sBreakDeadTimeConfig->LockLevel);
 8001aa2:	f423 7340 	bic.w	r3, r3, #768	@ 0x300
 8001aa6:	6888      	ldr	r0, [r1, #8]
 8001aa8:	4303      	orrs	r3, r0
  MODIFY_REG(tmpbdtr, TIM_BDTR_OSSI, sBreakDeadTimeConfig->OffStateIDLEMode);
 8001aaa:	f423 6380 	bic.w	r3, r3, #1024	@ 0x400
 8001aae:	6848      	ldr	r0, [r1, #4]
 8001ab0:	4303      	orrs	r3, r0
  MODIFY_REG(tmpbdtr, TIM_BDTR_OSSR, sBreakDeadTimeConfig->OffStateRunMode);
 8001ab2:	f423 6300 	bic.w	r3, r3, #2048	@ 0x800
 8001ab6:	6808      	ldr	r0, [r1, #0]
 8001ab8:	4303      	orrs	r3, r0
  MODIFY_REG(tmpbdtr, TIM_BDTR_BKE, sBreakDeadTimeConfig->BreakState);
 8001aba:	f423 5380 	bic.w	r3, r3, #4096	@ 0x1000
 8001abe:	6908      	ldr	r0, [r1, #16]
 8001ac0:	4303      	orrs	r3, r0
  MODIFY_REG(tmpbdtr, TIM_BDTR_BKP, sBreakDeadTimeConfig->BreakPolarity);
 8001ac2:	f423 5300 	bic.w	r3, r3, #8192	@ 0x2000
 8001ac6:	6948      	ldr	r0, [r1, #20]
 8001ac8:	4303      	orrs	r3, r0
  MODIFY_REG(tmpbdtr, TIM_BDTR_AOE, sBreakDeadTimeConfig->AutomaticOutput);
 8001aca:	f423 4380 	bic.w	r3, r3, #16384	@ 0x4000
 8001ace:	69c9      	ldr	r1, [r1, #28]
 8001ad0:	430b      	orrs	r3, r1


  /* Set TIMx_BDTR */
  htim->Instance->BDTR = tmpbdtr;
 8001ad2:	6811      	ldr	r1, [r2, #0]
 8001ad4:	644b      	str	r3, [r1, #68]	@ 0x44

  __HAL_UNLOCK(htim);
 8001ad6:	2000      	movs	r0, #0
 8001ad8:	f882 003c 	strb.w	r0, [r2, #60]	@ 0x3c

  return HAL_OK;
 8001adc:	4770      	bx	lr
  __HAL_LOCK(htim);
 8001ade:	2002      	movs	r0, #2
}
 8001ae0:	4770      	bx	lr

08001ae2 <NMI_Handler>:
{
  /* USER CODE BEGIN NonMaskableInt_IRQn 0 */

  /* USER CODE END NonMaskableInt_IRQn 0 */
  /* USER CODE BEGIN NonMaskableInt_IRQn 1 */
   while (1)
 8001ae2:	e7fe      	b.n	8001ae2 <NMI_Handler>

08001ae4 <HardFault_Handler>:
void HardFault_Handler(void)
{
  /* USER CODE BEGIN HardFault_IRQn 0 */

  /* USER CODE END HardFault_IRQn 0 */
  while (1)
 8001ae4:	e7fe      	b.n	8001ae4 <HardFault_Handler>

08001ae6 <MemManage_Handler>:
void MemManage_Handler(void)
{
  /* USER CODE BEGIN MemoryManagement_IRQn 0 */

  /* USER CODE END MemoryManagement_IRQn 0 */
  while (1)
 8001ae6:	e7fe      	b.n	8001ae6 <MemManage_Handler>

08001ae8 <BusFault_Handler>:
void BusFault_Handler(void)
{
  /* USER CODE BEGIN BusFault_IRQn 0 */

  /* USER CODE END BusFault_IRQn 0 */
  while (1)
 8001ae8:	e7fe      	b.n	8001ae8 <BusFault_Handler>

08001aea <UsageFault_Handler>:
void UsageFault_Handler(void)
{
  /* USER CODE BEGIN UsageFault_IRQn 0 */

  /* USER CODE END UsageFault_IRQn 0 */
  while (1)
 8001aea:	e7fe      	b.n	8001aea <UsageFault_Handler>

08001aec <SVC_Handler>:

  /* USER CODE END SVCall_IRQn 0 */
  /* USER CODE BEGIN SVCall_IRQn 1 */

  /* USER CODE END SVCall_IRQn 1 */
}
 8001aec:	4770      	bx	lr

08001aee <DebugMon_Handler>:

  /* USER CODE END DebugMonitor_IRQn 0 */
  /* USER CODE BEGIN DebugMonitor_IRQn 1 */

  /* USER CODE END DebugMonitor_IRQn 1 */
}
 8001aee:	4770      	bx	lr

08001af0 <PendSV_Handler>:

  /* USER CODE END PendSV_IRQn 0 */
  /* USER CODE BEGIN PendSV_IRQn 1 */

  /* USER CODE END PendSV_IRQn 1 */
}
 8001af0:	4770      	bx	lr

08001af2 <SysTick_Handler>:

/**
  * @brief This function handles System tick timer.
  */
void SysTick_Handler(void)
{
 8001af2:	b508      	push	{r3, lr}
  /* USER CODE BEGIN SysTick_IRQn 0 */

  /* USER CODE END SysTick_IRQn 0 */
  HAL_IncTick();
 8001af4:	f7fe fc8c 	bl	8000410 <HAL_IncTick>
  /* USER CODE BEGIN SysTick_IRQn 1 */

  /* USER CODE END SysTick_IRQn 1 */
}
 8001af8:	bd08      	pop	{r3, pc}

08001afa <SystemInit>:

  /* Configure the Vector Table location -------------------------------------*/
#if defined(USER_VECT_TAB_ADDRESS)
  SCB->VTOR = VECT_TAB_BASE_ADDRESS | VECT_TAB_OFFSET; /* Vector Table Relocation in Internal SRAM. */
#endif /* USER_VECT_TAB_ADDRESS */
}
 8001afa:	4770      	bx	lr

08001afc <Reset_Handler>:
  .weak Reset_Handler
  .type Reset_Handler, %function
Reset_Handler:

/* Call the clock system initialization function.*/
    bl  SystemInit
 8001afc:	f7ff fffd 	bl	8001afa <SystemInit>

/* Copy the data segment initializers from flash to SRAM */
  ldr r0, =_sdata
 8001b00:	480b      	ldr	r0, [pc, #44]	@ (8001b30 <LoopFillZerobss+0xe>)
  ldr r1, =_edata
 8001b02:	490c      	ldr	r1, [pc, #48]	@ (8001b34 <LoopFillZerobss+0x12>)
  ldr r2, =_sidata
 8001b04:	4a0c      	ldr	r2, [pc, #48]	@ (8001b38 <LoopFillZerobss+0x16>)
  movs r3, #0
 8001b06:	2300      	movs	r3, #0
  b LoopCopyDataInit
 8001b08:	e002      	b.n	8001b10 <LoopCopyDataInit>

08001b0a <CopyDataInit>:

CopyDataInit:
  ldr r4, [r2, r3]
 8001b0a:	58d4      	ldr	r4, [r2, r3]
  str r4, [r0, r3]
 8001b0c:	50c4      	str	r4, [r0, r3]
  adds r3, r3, #4
 8001b0e:	3304      	adds	r3, #4

08001b10 <LoopCopyDataInit>:

LoopCopyDataInit:
  adds r4, r0, r3
 8001b10:	18c4      	adds	r4, r0, r3
  cmp r4, r1
 8001b12:	428c      	cmp	r4, r1
  bcc CopyDataInit
 8001b14:	d3f9      	bcc.n	8001b0a <CopyDataInit>
  
/* Zero fill the bss segment. */
  ldr r2, =_sbss
 8001b16:	4a09      	ldr	r2, [pc, #36]	@ (8001b3c <LoopFillZerobss+0x1a>)
  ldr r4, =_ebss
 8001b18:	4c09      	ldr	r4, [pc, #36]	@ (8001b40 <LoopFillZerobss+0x1e>)
  movs r3, #0
 8001b1a:	2300      	movs	r3, #0
  b LoopFillZerobss
 8001b1c:	e001      	b.n	8001b22 <LoopFillZerobss>

08001b1e <FillZerobss>:

FillZerobss:
  str  r3, [r2]
 8001b1e:	6013      	str	r3, [r2, #0]
  adds r2, r2, #4
 8001b20:	3204      	adds	r2, #4

08001b22 <LoopFillZerobss>:

LoopFillZerobss:
  cmp r2, r4
 8001b22:	42a2      	cmp	r2, r4
  bcc FillZerobss
 8001b24:	d3fb      	bcc.n	8001b1e <FillZerobss>

/* Call static constructors */
    bl __libc_init_array
 8001b26:	f000 f817 	bl	8001b58 <__libc_init_array>
/* Call the application's entry point.*/
  bl main
 8001b2a:	f7fe fc07 	bl	800033c <main>
  bx lr
 8001b2e:	4770      	bx	lr
  ldr r0, =_sdata
 8001b30:	20000000 	.word	0x20000000
  ldr r1, =_edata
 8001b34:	2000000c 	.word	0x2000000c
  ldr r2, =_sidata
 8001b38:	08001c00 	.word	0x08001c00
  ldr r2, =_sbss
 8001b3c:	2000000c 	.word	0x2000000c
  ldr r4, =_ebss
 8001b40:	200000a4 	.word	0x200000a4

08001b44 <ADC1_2_IRQHandler>:
 * @retval : None
*/
    .section .text.Default_Handler,"ax",%progbits
Default_Handler:
Infinite_Loop:
  b Infinite_Loop
 8001b44:	e7fe      	b.n	8001b44 <ADC1_2_IRQHandler>

08001b46 <memset>:
 8001b46:	4603      	mov	r3, r0
 8001b48:	4402      	add	r2, r0
 8001b4a:	4293      	cmp	r3, r2
 8001b4c:	d100      	bne.n	8001b50 <memset+0xa>
 8001b4e:	4770      	bx	lr
 8001b50:	f803 1b01 	strb.w	r1, [r3], #1
 8001b54:	e7f9      	b.n	8001b4a <memset+0x4>
	...

08001b58 <__libc_init_array>:
 8001b58:	b570      	push	{r4, r5, r6, lr}
 8001b5a:	2600      	movs	r6, #0
 8001b5c:	4d0c      	ldr	r5, [pc, #48]	@ (8001b90 <__libc_init_array+0x38>)
 8001b5e:	4b0d      	ldr	r3, [pc, #52]	@ (8001b94 <__libc_init_array+0x3c>)
 8001b60:	1b5b      	subs	r3, r3, r5
 8001b62:	109c      	asrs	r4, r3, #2
 8001b64:	42a6      	cmp	r6, r4
 8001b66:	d109      	bne.n	8001b7c <__libc_init_array+0x24>
 8001b68:	2600      	movs	r6, #0
 8001b6a:	f000 f819 	bl	8001ba0 <_init>
 8001b6e:	4d0a      	ldr	r5, [pc, #40]	@ (8001b98 <__libc_init_array+0x40>)
 8001b70:	4b0a      	ldr	r3, [pc, #40]	@ (8001b9c <__libc_init_array+0x44>)
 8001b72:	1b5b      	subs	r3, r3, r5
 8001b74:	109c      	asrs	r4, r3, #2
 8001b76:	42a6      	cmp	r6, r4
 8001b78:	d105      	bne.n	8001b86 <__libc_init_array+0x2e>
 8001b7a:	bd70      	pop	{r4, r5, r6, pc}
 8001b7c:	f855 3b04 	ldr.w	r3, [r5], #4
 8001b80:	4798      	blx	r3
 8001b82:	3601      	adds	r6, #1
 8001b84:	e7ee      	b.n	8001b64 <__libc_init_array+0xc>
 8001b86:	f855 3b04 	ldr.w	r3, [r5], #4
 8001b8a:	4798      	blx	r3
 8001b8c:	3601      	adds	r6, #1
 8001b8e:	e7f2      	b.n	8001b76 <__libc_init_array+0x1e>
 8001b90:	08001bf8 	.word	0x08001bf8
 8001b94:	08001bf8 	.word	0x08001bf8
 8001b98:	08001bf8 	.word	0x08001bf8
 8001b9c:	08001bfc 	.word	0x08001bfc

08001ba0 <_init>:
 8001ba0:	b5f8      	push	{r3, r4, r5, r6, r7, lr}
 8001ba2:	bf00      	nop
 8001ba4:	bcf8      	pop	{r3, r4, r5, r6, r7}
 8001ba6:	bc08      	pop	{r3}
 8001ba8:	469e      	mov	lr, r3
 8001baa:	4770      	bx	lr

08001bac <_fini>:
 8001bac:	b5f8      	push	{r3, r4, r5, r6, r7, lr}
 8001bae:	bf00      	nop
 8001bb0:	bcf8      	pop	{r3, r4, r5, r6, r7}
 8001bb2:	bc08      	pop	{r3}
 8001bb4:	469e      	mov	lr, r3
 8001bb6:	4770      	bx	lr
